Sample_ID,PC1,PC2,PC3,PC4,PC5,PC6,PC7,PC8,PC9,PC10,UMAP1,UMAP2,BioProject,Stage,Sex,Breed,Platform,Model,tissue
SAMEA104365477,19.67778147775099,4.404219442507153,67.63678081280563,32.57920240814311,-32.201612368200365,-0.05583514659823684,12.965668376150875,7.249774496774061,36.09304808326274,31.73087303290522,-15.6866,23.701082,PRJEB23289,Pre-pubertal,Female,Maxgro (Hermitage Genetics) x (German Landrace x Large White),ILLUMINA,Illumina HiSeq 2500,Muscle
SAMEA104365478,29.043220593179353,16.221238409311784,64.61012808908981,33.81836805824657,-28.947594160373228,-0.40918197280453955,16.04462276857068,16.96679756267034,40.94311859556733,34.98502682798596,-15.671052,23.673754,PRJEB23289,Pre-pubertal,Male,Maxgro (Hermitage Genetics) x (German Landrace x Large White),ILLUMINA,Illumina HiSeq 2500,Muscle
SAMEA104365479,26.63986557793484,17.073772336897203,75.2133237733581,30.89517136002861,-30.305611145743075,-5.795627581862111,10.30474699572736,17.657300159871788,41.13958785878042,39.12773021081291,-15.66028,23.708963,PRJEB23289,Pre-pubertal,Male,Maxgro (Hermitage Genetics) x (German Landrace x Large White),ILLUMINA,Illumina HiSeq 2500,Muscle
SAMEA104365480,35.357855560044094,23.272274707238196,67.41260036741811,32.56599519240646,-26.130162225251905,-5.115809773873991,14.701360128789034,15.236210233768443,45.31114198486347,42.33504224237847,-15.7358,23.747793,PRJEB23289,Pre-pubertal,Female,Maxgro (Hermitage Genetics) x (German Landrace x Large White),ILLUMINA,Illumina HiSeq 2500,Muscle
SAMEA104365482,28.165150574589024,17.568116657813988,66.95835370000907,28.922467617644873,-27.514291512963545,-6.737451994179846,15.040731277957754,11.075637087322761,47.017467776107075,33.71522655725542,-15.711232,23.701305,PRJEB23289,Pre-pubertal,Female,Maxgro (Hermitage Genetics) x (German Landrace x Large White),ILLUMINA,Illumina HiSeq 2500,Muscle
SAMEA104365483,18.303685457067953,17.91355160391978,59.97351316307085,28.88573247548812,-26.605619021064484,-0.8030292131206554,18.45414154526403,17.17901323641748,36.44272625773596,30.145952387369633,-15.5913515,23.685738,PRJEB23289,Pre-pubertal,Male,Maxgro (Hermitage Genetics) x (German Landrace x Large White),ILLUMINA,Illumina HiSeq 2500,Muscle
SAMEA104365484,8.34938248032153,8.905982855126272,64.66258391644492,35.137272423212565,-32.579372748941246,4.696604474307619,17.952720889391937,14.215277680319723,29.857214384347564,31.872033597305286,-15.662631,23.745743,PRJEB23289,Pre-pubertal,Male,Maxgro (Hermitage Genetics) x (German Landrace x Large White),ILLUMINA,Illumina HiSeq 2500,Muscle
SAMEA104365488,11.331369939435913,6.036710542646087,60.021875726671645,49.996199210414694,-38.47422307327811,-2.619347322996943,22.808094365036172,10.724883874213601,36.774282744788955,36.071086088211636,-15.623071,23.656977,PRJEB23289,Pre-pubertal,Female,Maxgro (Hermitage Genetics) x (German Landrace x Large White),ILLUMINA,Illumina HiSeq 2500,Muscle
SAMEA104365490,-4.132158429568695,-5.736883135565985,53.106153499299175,49.41459601223915,-44.8504243942808,-8.277828981599702,25.329732894711736,14.952732515200296,36.38753463221216,36.879624585554815,-15.607274,23.74357,PRJEB23289,Pre-pubertal,Female,Maxgro (Hermitage Genetics) x (German Landrace x Large White),ILLUMINA,Illumina HiSeq 2500,Muscle
SAMEA104365491,16.135821991328715,9.657862168384236,62.51343535889223,39.547900390807875,-34.39038221793667,-9.91829625403099,21.54130341796583,22.388332892825904,44.92172284055457,37.78623636595141,-15.580982,23.644295,PRJEB23289,Pre-pubertal,Male,Maxgro (Hermitage Genetics) x (German Landrace x Large White),ILLUMINA,Illumina HiSeq 2500,Muscle
SAMEA3293596,152.50524317019278,22.82591709991863,-41.61521657140032,-12.111648743661915,37.731663564117575,-12.45621889453247,-15.09868371884951,-44.18057263271668,56.953733529868124,-25.579119988641207,10.538287,8.937826,PRJEB8735,Early childhood,Unknown,Unknown,ILLUMINA,Illumina HiSeq 2000,Muscle
SAMEA3293598,154.0756781470093,1.5128278551258751,-40.2721597918937,-18.158504024883587,37.546950327761124,-19.4214523227616,-13.895965984287853,-41.926053658495995,95.32486069965712,-43.98756868949651,10.616541,4.083863,PRJEB8735,Early childhood,Unknown,Unknown,ILLUMINA,Illumina HiSeq 2000,Muscle
SAMEA4881075,-89.57544183838237,-23.741839723197625,-0.7884602471764951,6.446465344385098,-26.086558200396485,-8.842183753466374,-5.691871666962667,-1.2649957087105426,-1.9385252056521873,-8.267506059871847,18.775452,11.876512,PRJEB28465,Post-pubertal,Male,Large white,ILLUMINA,Illumina HiSeq 2500,Muscle
SAMEA4881076,-108.56898929265151,-36.730540585489116,-4.349240322203737,5.111645473190484,-35.205246353992266,-0.5140188245509343,10.930848021741815,0.572419651849415,-7.307339853100627,-13.175361204607144,18.556944,11.652213,PRJEB28465,Post-pubertal,Male,Large white,ILLUMINA,Illumina HiSeq 2500,Muscle
SAMEA4881077,-70.3179597309079,-4.543209975250886,-3.92266087311111,3.0422244475492524,-19.52390049553003,-2.0988544459647245,-0.18381865176437973,-5.440395530460403,-2.453952882116414,-4.06980648196139,19.335491,12.06428,PRJEB28465,Post-pubertal,Male,Large white,ILLUMINA,Illumina HiSeq 2500,Muscle
SAMEA4881078,-60.646522185560265,0.8503556413613819,-3.4357509176304135,3.2840494817445642,-16.533995908433017,-2.543700166254964,-5.619062677688159,-11.44094995190158,-2.579116626937258,-1.615852999745743,19.330065,12.079716,PRJEB28465,Post-pubertal,Female,Large white,ILLUMINA,Illumina HiSeq 2500,Muscle
SAMEA4881079,-89.84045246486214,-23.278572262792544,2.7731946104789773,-6.986351115156953,-28.61015481116787,1.330518281859781,6.8986886105293275,-5.448943873213039,-3.6041159155817533,-10.73311565485966,18.660738,11.901674,PRJEB28465,Post-pubertal,Female,Large white,ILLUMINA,Illumina HiSeq 2500,Muscle
SAMEA4881080,-88.05100094418917,-21.354249514828922,1.7884951410843923,-4.987823131762119,-27.984225579694773,0.9505952196580201,8.394094639781615,-2.5273365131646615,-4.36277852752731,-10.342812436701326,18.699303,11.967036,PRJEB28465,Post-pubertal,Male,Large white,ILLUMINA,Illumina HiSeq 2500,Muscle
SAMEA4881081,-86.73823295262152,-15.798724996629605,6.917672873991831,-10.892271837485135,-27.649042911285893,-1.343443597589321,6.700479222787437,-1.8978717040263284,-5.0709561034481885,-8.51573649779848,18.847805,12.109843,PRJEB28465,Post-pubertal,Male,Large white,ILLUMINA,Illumina HiSeq 2500,Muscle
SAMEA4881082,-81.53541752123287,-25.422597942196504,1.137003183670083,2.331462014181949,-24.74163111096509,-3.967503459970003,-5.2638173619875435,-2.4962446187583236,-3.1582291577690933,-6.286847474170525,18.962107,12.296421,PRJEB28465,Post-pubertal,Female,Large white,ILLUMINA,Illumina HiSeq 2500,Muscle
SAMEA4881083,-75.17347144270015,-17.39550747601326,-2.8755948031244545,3.1334009501026396,-19.561553304356213,-1.7894529746102412,-6.692040064301288,-2.824295343816165,-0.05191140917546357,-5.983750288443485,19.189457,12.13398,PRJEB28465,Post-pubertal,Male,Large white,ILLUMINA,Illumina HiSeq 2500,Muscle
SAMEA4881084,-85.706674296057,-23.956652662904784,0.4617511369016996,-4.418828591822872,-28.511458220779623,4.339033449002372,6.939567054855803,-6.734985220443149,-7.335067604460826,-12.706634685995645,18.744324,11.81373,PRJEB28465,Post-pubertal,Male,Large white,ILLUMINA,Illumina HiSeq 2500,Muscle
SAMEA4881085,-74.45741311794521,-12.296212910057116,0.27034402820963244,2.5866857698789936,-20.6862217839181,-2.6098548918496562,-5.281040604903536,-6.150224274105405,-1.6134562838052362,-0.34758491598635866,19.247965,12.24004,PRJEB28465,Post-pubertal,Female,Large white,ILLUMINA,Illumina HiSeq 2500,Muscle
SAMEA4881086,-65.46752697112358,-6.592031712055751,3.503886323863826,-6.485763487073944,-21.1016752500749,-0.9391633001497218,-2.8684930695713424,-5.7961218248665665,-6.054412323279888,-3.944380506250872,19.391272,12.180592,PRJEB28465,Post-pubertal,Male,Large white,ILLUMINA,Illumina HiSeq 2500,Muscle
SAMEA4881087,-56.50719957615792,0.3613429730135645,-2.2623605016452157,-2.8358161571457474,-16.06611157748266,3.370847860274432,4.692686030805058,-8.845055257379117,4.659871062369958,-5.752957825361117,19.424156,12.112546,PRJEB28465,Post-pubertal,Male,Large white,ILLUMINA,Illumina HiSeq 2500,Muscle
SAMEA4881088,-53.064797888147375,-2.065310810154044,0.39648744265128455,-8.060727220368888,-17.69709632999195,1.3078131935008503,0.6472456034875217,-16.07034420899543,3.065895840764837,-0.4059484953363825,19.428637,12.089025,PRJEB28465,Post-pubertal,Female,Large white,ILLUMINA,Illumina HiSeq 2500,Muscle
SAMEA4881089,-99.5291116096307,-27.420595554176057,-5.692101775594728,5.53941151408771,-32.0125775814715,-2.2984390402407877,8.038132081458745,-5.331408709965919,-4.503426348648793,-10.88321654479591,18.5913,11.637599,PRJEB28465,Post-pubertal,Female,Large white,ILLUMINA,Illumina HiSeq 2500,Muscle
SAMEA4881090,-105.22914669788368,-34.959446469917296,-8.010975423264416,5.014464440974062,-36.76748712457703,-1.7436855015051966,12.743715319607986,-2.8818129500709913,-6.165871904371268,-14.461888280592213,18.501186,11.573661,PRJEB28465,Post-pubertal,Male,Large white,ILLUMINA,Illumina HiSeq 2500,Muscle
SAMEA4881091,-93.00581045428324,-19.473544495115163,10.725034186096636,-2.3083749013170176,-27.35176186057122,-5.607783103511137,-5.75973147676088,-4.367059317553252,-0.5799707653819117,-7.183106569045536,18.9441,12.124204,PRJEB28465,Post-pubertal,Male,Large white,ILLUMINA,Illumina HiSeq 2500,Muscle
SAMEA4881092,-90.7312639507868,-16.11559102492028,-2.613267777070547,4.58328279720999,-28.335968012916787,-4.111202442341659,4.3989121004872835,-3.394299118352085,-3.886713396917152,-9.87697640091453,18.815851,11.787068,PRJEB28465,Post-pubertal,Male,Large white,ILLUMINA,Illumina HiSeq 2500,Muscle
SAMEA4881093,-86.6739039331809,-9.512547618444172,5.143677153973414,-10.293823080331961,-27.540596737206148,-4.136217370675562,10.082603341787609,-1.838100319921109,0.6399788695569898,-5.110045767722633,19.108034,12.075915,PRJEB28465,Post-pubertal,Female,Large white,ILLUMINA,Illumina HiSeq 2500,Muscle
SAMEA4881094,-81.61380361178384,-15.124668219840016,3.70707645790312,-0.9064374486294337,-23.25618455555164,0.30818827135807664,-0.462630986198373,-6.809643801903284,-4.790331711052422,-7.6820468337132,19.07788,12.090983,PRJEB28465,Post-pubertal,Female,Large white,ILLUMINA,Illumina HiSeq 2500,Muscle
SAMEA4881095,-83.5382182195062,-10.076079056149155,8.090738285834563,-10.397204698685737,-27.584340333166526,-6.608647499730524,5.550546306543411,-4.734573714708149,3.426837625563098,-1.6711209052660339,19.199844,12.044892,PRJEB28465,Post-pubertal,Female,Large white,ILLUMINA,Illumina HiSeq 2500,Muscle
SAMEA4881096,-74.97463343073488,-7.828033108530294,-4.579619738552009,-0.5638637734195598,-25.919559825057952,-2.0109661176937674,7.855542033686273,-12.495542967845,0.7726332092410054,-10.122336240101875,19.1405,11.988605,PRJEB28465,Post-pubertal,Female,Large white,ILLUMINA,Illumina HiSeq 2500,Muscle
SAMEA4881097,-106.2476980487981,-34.77739132009069,-6.96050858688549,4.146842484995029,-37.534796267787236,-5.429721078553471,12.422046607511867,-0.04562936542294565,-4.0902617534865735,-13.616856270387014,18.556555,11.611278,PRJEB28465,Post-pubertal,Male,Large white,ILLUMINA,Illumina HiSeq 2500,Muscle
SAMEA4881098,-93.0516598800153,-18.319146745479088,-0.19614415065248034,0.8531859261237926,-28.583292572872033,-4.016856329003783,4.001120614733504,-6.098752919618518,-6.069028392596594,-8.664021623984773,18.694843,11.869124,PRJEB28465,Post-pubertal,Female,Large white,ILLUMINA,Illumina HiSeq 2500,Muscle
SAMEA4881099,-83.18452986423692,-30.543293395678727,-18.14265803370035,8.5579711458086,-31.958467663549534,-8.334816953178352,12.949548104841947,-7.513079767877216,4.280238058884757,-14.172752728165706,18.883821,11.582709,PRJEB28465,Post-pubertal,Male,Large white,ILLUMINA,Illumina HiSeq 2500,Muscle
SAMEA4881100,-82.73116836051179,-12.010090086506422,3.126783737684986,-6.37868392696678,-25.130166842151926,-1.124593503652863,8.237617593409798,-8.14781192443751,-1.4355101084703692,-7.438955206415189,18.95864,12.009459,PRJEB28465,Post-pubertal,Female,Large white,ILLUMINA,Illumina HiSeq 2500,Muscle
SAMEA4881101,-70.89314842812458,-4.045046547667291,4.914627329617261,-6.861753436003314,-21.594340270279208,-2.1206539610186543,0.02559413109436011,-5.836198359753607,2.318264831224271,-5.005101538536102,19.335022,12.013434,PRJEB28465,Post-pubertal,Male,Large white,ILLUMINA,Illumina HiSeq 2500,Muscle
SAMEA4881102,-70.08866063499107,-23.98637642812186,-11.269627745506755,4.346948831695443,-21.735008957514882,-11.376144608025472,4.24212562356764,-8.66150511658096,15.88850850036001,-13.387390334334587,19.181702,11.856624,PRJEB28465,Post-pubertal,Female,Large white,ILLUMINA,Illumina HiSeq 2500,Muscle
SAMEA4881103,-111.59126591734875,-37.38201609818168,3.2118802354136413,1.4829589423668839,-36.61442737539934,-4.1583894114416005,4.7413011852011255,-1.6726755993414866,-7.173698633240885,-9.437123895749272,18.504068,11.760762,PRJEB28465,Post-pubertal,Female,Large white,ILLUMINA,Illumina HiSeq 2500,Muscle
SAMEA4881104,-99.15959676814893,-27.129413810535205,-17.9608608009839,13.943291431873433,-35.61762942695914,-11.70407408504253,12.898531065827154,-0.797674708500539,1.1196582113752536,-11.606511141021892,18.497688,11.369411,PRJEB28465,Post-pubertal,Male,Large white,ILLUMINA,Illumina HiSeq 2500,Muscle
SAMEA4881105,-94.11891761508161,-19.229292875062683,12.010799691540146,-13.206106132097357,-29.706292718333895,1.3080106581192883,5.2809686717186946,-7.430533799889989,-5.923815193428451,-7.579567191586321,18.64041,12.1947,PRJEB28465,Post-pubertal,Female,Large white,ILLUMINA,Illumina HiSeq 2500,Muscle
SAMEA4881106,-105.69775393931864,-21.81468575050267,4.3085125273879195,-3.347028902781329,-35.21446851071101,-4.545371541618912,10.150798845332506,-2.8323724494247235,-7.011838545358429,-10.57702072250273,18.516096,11.669332,PRJEB28465,Post-pubertal,Female,Large white,ILLUMINA,Illumina HiSeq 2500,Muscle
SAMEA4881107,-66.7825576592899,-17.849374325287435,-14.722624734540693,1.6762736530487212,-24.629803617767628,-6.468190267126152,12.588287493805742,-5.837821105093682,13.456778199743392,-16.754424807900342,19.08401,11.781532,PRJEB28465,Post-pubertal,Male,Large white,ILLUMINA,Illumina HiSeq 2500,Muscle
SAMEA4881108,-108.9762400013646,-42.07147816277659,-13.90503616816168,17.8597319282685,-39.085334495372436,-7.310099315666627,8.191510488653957,0.07191720504915154,-1.3871863092743921,-9.727330255285768,18.583479,11.512038,PRJEB28465,Post-pubertal,Male,Large white,ILLUMINA,Illumina HiSeq 2500,Muscle
SAMEA4881109,-74.4598412503384,-10.409836048626824,3.2547458034547283,1.6527503271710107,-21.45975488473927,-4.073403764957813,-4.420764949847429,-6.847127906197672,-0.19537892683426358,-0.7412087547252525,19.273914,12.1854105,PRJEB28465,Post-pubertal,Female,Large white,ILLUMINA,Illumina HiSeq 2500,Muscle
SAMEA4881110,-56.58122032889424,-8.864805024141843,-2.726881238552191,2.267284610857755,-15.683947114624202,-3.518629808697463,-9.044994115422012,-9.12003372942336,5.059721695543131,-6.241384451856083,19.32167,12.088704,PRJEB28465,Post-pubertal,Male,Large white,ILLUMINA,Illumina HiSeq 2500,Muscle
SAMEA4881111,-73.91710984629519,-11.194275787261045,2.893957552635681,-3.0782559815411643,-23.928487174615174,-3.2902661378690015,0.237695853354414,-13.355890503483478,0.009111046379992209,-5.326710612383998,19.31491,12.089421,PRJEB28465,Post-pubertal,Female,Large white,ILLUMINA,Illumina HiSeq 2500,Muscle
SAMEA4881112,-111.65954498802695,-41.394718400329026,-9.39505404570448,8.602237422256609,-40.923834385534775,-2.5210451105234624,16.397421665469555,-1.6589253061249027,-6.09100792709679,-14.191722709981843,18.52999,11.601215,PRJEB28465,Post-pubertal,Male,Large white,ILLUMINA,Illumina HiSeq 2500,Muscle
SAMEA4881113,-66.74046472783684,-10.581142656096937,-2.478179611388102,1.5583488099025709,-19.910156197015105,-5.316145476230957,-4.708341634464698,-6.902809373407465,2.8617242509565015,-4.12233697421324,19.306555,12.055495,PRJEB28465,Post-pubertal,Female,Large white,ILLUMINA,Illumina HiSeq 2500,Muscle
SAMEA4881114,-65.17661544270834,-1.9178549037073838,4.556602213967744,-2.022084011560619,-18.69799985143143,-6.3365859148342105,-8.284418036577707,-7.6267651058446395,-2.0179142853927137,0.32183938962952363,19.428295,12.237006,PRJEB28465,Post-pubertal,Female,Large white,ILLUMINA,Illumina HiSeq 2500,Muscle
SAMEA4881115,-76.38854527688642,-12.119653880238264,7.439950972191455,-5.482478452480969,-23.493437653760147,-1.7771737545483017,-2.8869775800926845,-5.156263785199105,-0.4080440803403455,-6.43436770925418,19.128208,12.309058,PRJEB28465,Post-pubertal,Male,Large white,ILLUMINA,Illumina HiSeq 2500,Muscle
SAMEA4881116,-72.75783117767442,-14.70859696113085,-1.406446871434258,-1.9458177712530007,-21.89644889049335,-1.7576623950689718,-2.921123483361002,-9.33978522301241,0.5502931486403156,-3.068907715436261,19.259975,12.056588,PRJEB28465,Post-pubertal,Female,Large white,ILLUMINA,Illumina HiSeq 2500,Muscle
SAMEA4881117,-108.60837674248188,-42.34820036947059,-12.08663990786567,8.823668553379653,-39.41645217214558,-6.3518760926564415,16.84368662978257,-0.43592794543418406,4.334063424062034,-16.37263546104132,18.628162,11.629255,PRJEB28465,Post-pubertal,Female,Large white,ILLUMINA,Illumina HiSeq 2500,Muscle
SAMEA4881118,-90.30105704857782,-29.579967231443135,-16.353903084260185,12.471877582201717,-32.79847705821356,-4.219985997501623,11.632405555040204,-6.855359231991029,1.982918163508334,-12.883372382558852,18.75076,11.425577,PRJEB28465,Post-pubertal,Male,Large white,ILLUMINA,Illumina HiSeq 2500,Muscle
SAMEA4881119,-100.32880485452242,-29.209662537052036,-1.6241043847073615,-0.6223559051291501,-35.347777503657845,-1.26130425285404,12.284482283936567,-7.56880823320464,-0.11751409670700029,-13.423933213149288,18.628157,11.690257,PRJEB28465,Post-pubertal,Female,Large white,ILLUMINA,Illumina HiSeq 2500,Muscle
SAMEA4881120,-77.29528535946562,-10.490438043779486,-3.7324132213337067,1.6628455376360949,-24.342021970315734,-2.583607793469028,3.424656414500791,-10.199776500748367,-1.4156582319338697,-9.918906719997844,19.180899,11.961987,PRJEB28465,Post-pubertal,Male,Large white,ILLUMINA,Illumina HiSeq 2500,Muscle
SAMEA4881121,-84.15839861898341,-17.267346608998057,-0.015349714357334282,-0.7289800472332204,-28.90739813546066,0.05506460628620062,9.629883894252616,-10.732003667479999,1.6350006842743148,-15.653404034480152,18.998539,11.911993,PRJEB28465,Post-pubertal,Male,Large white,ILLUMINA,Illumina HiSeq 2500,Muscle
SAMEA4881122,-101.0618608763818,-28.138996971923955,-9.776448179380369,4.855066383516537,-27.855114458029654,-12.784018095594869,13.31565702917788,12.467639167984032,17.14920956048804,-11.96857663311525,18.600739,11.566747,PRJEB28465,Infant,Male,Large white,ILLUMINA,Illumina HiSeq 2500,Muscle
SAMEA5131485,-87.67612354528423,-27.987056951077115,-27.152521650505246,23.024811599488725,-32.097102236307286,-9.72977739362272,13.197095740235813,5.43596168508234,-8.938746730139766,-16.880445038825414,18.57386,10.954637,PRJEB29969,Pre-pubertal,Male,(Large White x Landrace) x Meatline,ILLUMINA,Illumina HiSeq 3000,Muscle
SAMEA5131486,-34.65577674938644,0.22444435592908882,-7.811610123810956,-2.951543972084663,-13.945826976599012,2.416227661582236,-2.8737261839291817,-5.788194405630678,-11.976553742831381,-12.76844298385171,17.891958,10.430273,PRJEB29969,Pre-pubertal,Male,(Large White x Landrace) x Meatline,ILLUMINA,Illumina HiSeq 3000,Muscle
SAMEA5131487,-46.56781875563359,-0.9124051183436945,-0.9578210382200696,-2.6852470959496957,-12.815093524211338,6.920605380685759,-4.923833440203905,-5.897505610466505,-14.556559166918378,-14.038036096354832,17.82944,10.493128,PRJEB29969,Pre-pubertal,Male,(Large White x Landrace) x Meatline,ILLUMINA,Illumina HiSeq 3000,Muscle
SAMEA5131488,-22.655286339355026,10.58502320914126,-8.884226529881962,-5.171529117171317,-7.039888960709293,0.7328240584744444,-6.423365584823066,-8.532885722468603,-8.068483044529355,-11.332764429879871,17.685303,10.185916,PRJEB29969,Pre-pubertal,Male,(Large White x Landrace) x Meatline,ILLUMINA,Illumina HiSeq 3000,Muscle
SAMEA5131489,-36.17888956349411,-11.868815844848221,-13.265219910207467,3.1201630550665027,-14.201378327693053,9.642299032429689,0.739459891386002,-4.553155626794446,-11.710462303830255,-14.864076735185458,17.899351,10.469068,PRJEB29969,Pre-pubertal,Male,(Large White x Landrace) x Meatline,ILLUMINA,Illumina HiSeq 3000,Muscle
SAMEA5131490,-32.158438378455024,7.8870155831330795,-11.356935061937728,-2.885053187158544,-12.548565776122334,-1.019574242956538,4.914131514021832,1.8467795878519073,-3.954208768248836,-10.909165125516724,17.803715,10.425126,PRJEB29969,Pre-pubertal,Male,(Large White x Landrace) x Meatline,ILLUMINA,Illumina HiSeq 3000,Muscle
SAMEA5131491,-72.61629039320702,-23.191591742290843,-35.73493190768844,29.20922107572896,-27.27723242617335,-6.729019579067838,4.5639907252624505,7.2007139579538615,-8.925279390519512,-16.68290336020201,18.60605,10.693492,PRJEB29969,Pre-pubertal,Male,(Large White x Landrace) x Meatline,ILLUMINA,Illumina HiSeq 3000,Muscle
SAMEA5131492,-61.6936812255936,-17.086997917431937,-38.051996589036975,28.553998196698654,-24.09513211102899,-7.537310755775698,8.877510395665013,5.020363190344836,-10.808826964346824,-12.021953704978644,18.536024,10.462081,PRJEB29969,Pre-pubertal,Male,(Large White x Landrace) x Meatline,ILLUMINA,Illumina HiSeq 3000,Muscle
SAMEA5131493,-66.8098572882231,-13.29937461001818,-31.3357050997993,26.394662441740326,-23.52260899596714,-9.631528558965208,7.029521977889015,-0.9394192571818275,-13.092031541642305,-15.772155779847974,18.518621,10.391326,PRJEB29969,Pre-pubertal,Male,(Large White x Landrace) x Meatline,ILLUMINA,Illumina HiSeq 3000,Muscle
SAMEA5131494,-29.191609187061307,15.158140812542007,-1.0954112383355263,-8.40185775085183,-5.96471866304113,4.968681736931815,5.167668564356735,-1.0134207240129893,-3.0714332867784813,-15.910723623033924,17.668512,10.556975,PRJEB29969,Pre-pubertal,Male,(Large White x Landrace) x Meatline,ILLUMINA,Illumina HiSeq 3000,Muscle
SAMEA5131495,-70.98488968394449,-21.20332684464975,-36.74592188597873,28.329799044345776,-28.605874174834362,-11.343419009130775,17.770607901462032,7.674164264596816,-5.981067645426075,-14.235544349453297,18.568928,10.838419,PRJEB29969,Pre-pubertal,Male,(Large White x Landrace) x Meatline,ILLUMINA,Illumina HiSeq 3000,Muscle
SAMEA5131496,-44.27767695533658,-1.8156894784066546,-4.566692337721616,-1.337529491413168,-14.495942132812361,4.532929639271924,-4.522092298336415,-8.193648505101269,-10.441887298156164,-15.453607076027692,17.9067,10.542481,PRJEB29969,Pre-pubertal,Male,(Large White x Landrace) x Meatline,ILLUMINA,Illumina HiSeq 3000,Muscle
SAMEA5131509,-59.18329940345359,-11.926698853175271,-8.076424808564992,6.118068924696708,-13.54947679312362,3.8048753614453648,-13.954027418512457,-2.3559139979492825,-4.9988078093192945,-13.459667076028087,18.11393,10.858008,PRJEB29969,Pre-pubertal,Male,(Large White x Landrace) x Meatline,ILLUMINA,Illumina HiSeq 3000,Muscle
SAMEA5131510,-21.34304775922941,5.350809755882805,-10.621027362521481,-0.5214721530295829,-9.082084776572636,6.429885328267861,-0.7414431165017008,-10.293377964057475,-3.879974231877566,-15.005085589735458,17.76331,10.414653,PRJEB29969,Pre-pubertal,Male,(Large White x Landrace) x Meatline,ILLUMINA,Illumina HiSeq 3000,Muscle
SAMEA5131511,-30.638476136140167,10.076419984971638,-7.030405974188869,-0.6186221093139971,-9.16457675051202,8.002269021924482,-6.985967500849232,-8.757840374613833,-10.499958630697396,-12.658524385311788,17.720615,10.191102,PRJEB29969,Pre-pubertal,Male,(Large White x Landrace) x Meatline,ILLUMINA,Illumina HiSeq 3000,Muscle
SAMEA5131512,-60.59286178840535,-11.833623180840606,-20.915940808898604,14.033413824654856,-21.93463440594895,-3.593107262482825,7.319137153894651,2.2999491834354973,-11.438195769011829,-10.318281352030992,18.3168,10.517983,PRJEB29969,Pre-pubertal,Male,(Large White x Landrace) x Meatline,ILLUMINA,Illumina HiSeq 3000,Muscle
SAMEA5131514,-38.32080069026701,-2.3065002829730483,-9.959909067288526,4.159628238570796,-13.963560729354406,8.85276587727393,-0.7503934551778473,-10.168961590440086,-8.887310620176649,-16.637872606069003,17.863697,10.487775,PRJEB29969,Pre-pubertal,Male,(Large White x Landrace) x Meatline,ILLUMINA,Illumina HiSeq 3000,Muscle
SAMEA5131515,-86.34898996370181,-31.512509358874564,-38.49809786022196,32.52317498594985,-32.239349450453204,-10.123716899274326,10.435543690325913,11.749314658630682,-12.606193101107184,-14.33978414945471,18.613098,10.944701,PRJEB29969,Pre-pubertal,Male,(Large White x Landrace) x Meatline,ILLUMINA,Illumina HiSeq 3000,Muscle
SAMEA5131516,-65.8734025957502,-18.012229689546263,-39.35049372957515,29.8265319525338,-25.497030479217837,-10.6482149732633,8.018862735082957,4.32495162313427,-11.889292494615123,-12.827321214667114,18.555206,10.458118,PRJEB29969,Pre-pubertal,Male,(Large White x Landrace) x Meatline,ILLUMINA,Illumina HiSeq 3000,Muscle
SAMEA5131517,-87.04353480952028,-31.332631924479678,-33.51812535235733,30.2705143451609,-31.271692961377177,-11.847707365891402,11.213167191454287,11.086069830202796,-7.99611031189157,-13.690895601192603,18.546562,10.848097,PRJEB29969,Pre-pubertal,Male,(Large White x Landrace) x Meatline,ILLUMINA,Illumina HiSeq 3000,Muscle
SAMEA5131518,-50.742526656767595,7.711988643891197,0.7422672170321133,-3.924570448083634,-13.39458614168054,2.003642516097906,1.0221812188614832,1.2717632038315108,-7.804585815575432,-12.599636005213968,17.795263,10.63621,PRJEB29969,Pre-pubertal,Male,(Large White x Landrace) x Meatline,ILLUMINA,Illumina HiSeq 3000,Muscle
SAMEA5131519,-39.56423522077059,7.9285063969026055,-4.871257096635695,-0.2435086268978702,-12.282269248665562,3.615013908012855,-2.406454464880988,-5.367268126006155,-12.17749388550722,-14.122725157062622,17.800333,10.534869,PRJEB29969,Pre-pubertal,Male,(Large White x Landrace) x Meatline,ILLUMINA,Illumina HiSeq 3000,Muscle
SAMEA5131520,-44.7758170150892,-5.417509746079607,-32.60675135746296,14.591722023862,-17.991609332865895,-13.763729520755906,16.94388141815109,4.0885615471578935,7.171036766190652,-16.41004942859969,18.309258,10.284848,PRJEB29969,Pre-pubertal,Male,(Large White x Landrace) x Meatline,ILLUMINA,Illumina HiSeq 3000,Muscle
SAMEA5756312,-74.66907596713258,-34.69466391150805,64.95374599923588,15.785027811544365,0.42210670961038055,17.983184238286267,21.472397079030607,-0.7334790187746882,6.09627730218068,1.669708198965783,-14.61757,16.712912,PRJEB33353,Adult,Male,Unknown,ILLUMINA,Illumina NovaSeq 6000,Muscle
SAMEA5760419,-59.464525376411416,-24.214580817796392,89.02646461477,0.14874603824069388,9.951977880666641,18.878874843646418,8.480238899011875,-5.444178903278663,4.911640215219214,3.6399032269292695,-14.64743,16.699764,PRJEB33381,Adult,Male,Unknown,ILLUMINA,Illumina NovaSeq 6000,Muscle
SAMEA5760449,-49.63803920340837,-17.605767757557103,63.93614872440503,20.846127168114798,11.456372910453723,15.011728922534806,15.690312807015562,-1.8719415756629394,-1.0734756882814378,0.04949017237979174,-14.568191,16.87136,PRJEB33381,Adult,Male,Unknown,ILLUMINA,Illumina NovaSeq 6000,Muscle
SAMEA5760477,-54.43824253204382,-21.64789373835396,55.44850316476392,22.4054585427289,7.31468952431119,16.6119014707537,20.170003789754208,1.5359648034896733,-6.7923914728326515,0.20070874304857286,-14.537506,16.75163,PRJEB33381,Adult,Male,Unknown,ILLUMINA,Illumina NovaSeq 6000,Muscle
SAMN02225713,55.891908672950315,-61.158449931782286,7.856489590790113,-53.005262153254016,42.26917824753594,-16.02576627143445,26.843216168324822,-30.358741820656995,94.08821023695923,-50.1061555517403,10.678643,3.8021088,PRJNA210515,Infant,Unknown,Large white,ILLUMINA,Illumina HiSeq 2000,Muscle
SAMN02225714,57.99257844340514,-52.22923494756951,8.017451380958347,-53.03561257370359,48.869278973193545,-12.928918523429925,30.678643496926778,-25.637636509831406,89.39673012524341,-54.16457085694636,10.72133,3.623259,PRJNA210515,Infant,Unknown,Large white,ILLUMINA,Illumina HiSeq 2000,Muscle
SAMN02225715,65.24858947864006,-54.86126585718449,7.86537524103013,-53.954962117261054,50.3963228319034,-15.779264448713384,30.57652282463307,-28.618209066115725,90.22584707264276,-57.620006372155274,10.656799,3.7716627,PRJNA210515,Infant,Unknown,Large white,ILLUMINA,Illumina HiSeq 2000,Muscle
SAMN02369917,-29.164247359384007,-36.215478283702375,-8.307089529571304,-7.308360758928797,35.89596907362951,9.658012731664044,5.112291520415838,19.71341933309878,8.151819677866763,15.812221742777085,4.8289723,4.9943733,PRJNA222300,Infant,Unknown,Unknown,ILLUMINA,Illumina HiSeq 2000,Muscle
SAMN02369925,-44.21350036203817,-67.19390701375742,-9.364511349691897,-0.9416021383608775,25.606736484148904,14.759895234104613,-4.807154892791467,20.8411282063819,5.697113200509291,16.670519436313448,4.7401314,4.6504297,PRJNA222300,Infant,Unknown,Unknown,ILLUMINA,Illumina HiSeq 2000,Muscle
SAMN02672955,-65.31976381968725,-21.639402381059558,32.71681003850232,-34.205476963146445,34.20351567522194,9.122717094091552,50.89200156118891,-39.00046715792681,-25.818152937463523,44.57941256608904,4.6556587,6.9220724,PRJNA240057,Post-pubertal,Female,Iberian x Landrace,ILLUMINA,Illumina HiSeq 2000,Muscle
SAMN02673051,-70.02772808665304,-27.642319007739307,42.485830326828015,-40.37988395398329,35.00801131114738,10.228163776015812,44.74600922013706,-35.905714419996286,-28.61275312998202,41.27561025607304,4.6323705,6.882771,PRJNA240057,Post-pubertal,Female,Iberian x Landrace,ILLUMINA,Illumina HiSeq 2000,Muscle
SAMN02673054,-69.52655011421,-20.238563363410815,31.596539467756084,-31.823966797312025,34.18693893215773,7.291240516974667,50.28205339600332,-40.330480281263355,-27.580604664449318,45.950205946064045,4.6576815,6.954454,PRJNA240057,Post-pubertal,Female,Iberian x Landrace,ILLUMINA,Illumina HiSeq 2000,Muscle
SAMN02673055,-82.46202263596128,-21.075212601500382,32.2006053682425,-30.720783061608927,25.972721811415873,2.9521112037193524,57.7770042262968,-38.113638559407285,-23.27653294044356,42.162021957693106,4.600792,6.8777175,PRJNA240057,Post-pubertal,Female,Iberian x Landrace,ILLUMINA,Illumina HiSeq 2000,Muscle
SAMN02673057,-93.42217240255903,-38.85428247775614,27.266276088722968,-22.963801080300083,19.402685904625564,7.041052847417928,52.535848586810125,-38.473117828566714,-30.053352548563854,33.668757483654844,4.668673,7.0181265,PRJNA240057,Post-pubertal,Female,Iberian x Landrace,ILLUMINA,Illumina HiSeq 2000,Muscle
SAMN02673058,-65.89258232976786,-16.079573180177885,39.7465250663026,-37.61238841788513,34.5204326572531,7.8309214744871705,50.07762587039746,-45.70223636790887,-27.7981560195775,44.23661638433867,4.5438886,6.940307,PRJNA240057,Post-pubertal,Female,Iberian x Landrace,ILLUMINA,Illumina HiSeq 2000,Muscle
SAMN02673059,-65.8432387958227,-18.86455893909136,35.09863793275072,-34.00135389010432,37.40811618778757,10.812886570779371,46.935579790708196,-45.18490040560435,-29.672875932464308,46.62495866721281,4.6029797,6.919747,PRJNA240057,Post-pubertal,Female,Iberian x Landrace,ILLUMINA,Illumina HiSeq 2000,Muscle
SAMN02673062,-60.68858775468449,-19.291289254514094,34.2997780423157,-35.928247929208645,38.74386591283404,8.717102624051815,46.104501617879706,-42.15086493786566,-30.91752245792319,48.145201606910035,4.6528864,7.0120573,PRJNA240057,Post-pubertal,Female,Iberian x Landrace,ILLUMINA,Illumina HiSeq 2000,Muscle
SAMN02673063,-68.31422580876799,-20.451122089551266,31.588326602403768,-32.86594872565317,34.68000184408704,5.983099254767667,48.076735225492975,-38.534026169330694,-29.968863871160774,45.010390080938066,4.5947366,6.971537,PRJNA240057,Post-pubertal,Female,Iberian x Landrace,ILLUMINA,Illumina HiSeq 2000,Muscle
SAMN02768559,-60.439575564536966,-13.550974381296285,2.9059912301270145,10.56056558098985,26.66550067289136,-14.529685176081669,4.82359660217147,-6.643476986248567,-2.3774954661994654,4.247860085518839,4.5117617,6.434007,PRJNA246567,Post-pubertal,Female,Unknown,ILLUMINA,Illumina Genome Analyzer IIx,Muscle
SAMN02768560,-61.31071271096592,-13.660372681465615,1.550078876005115,6.768000401888419,26.88578131214404,-17.2972394995915,6.159812553963406,-12.89623750433396,-1.9653738960569078,4.868103470262104,4.441944,6.4878798,PRJNA246567,Post-pubertal,Female,Unknown,ILLUMINA,Illumina Genome Analyzer IIx,Muscle
SAMN02768561,-66.52003109657704,-12.295365124549296,1.0920616627460955,11.734234425396467,25.1261104098497,-12.495353609894739,10.281849189288156,-10.801319210485216,-5.57932056867217,5.483918636005305,4.484389,6.5125155,PRJNA246567,Post-pubertal,Female,Unknown,ILLUMINA,Illumina Genome Analyzer IIx,Muscle
SAMN02768562,-62.411207386174375,-10.384752807029457,13.503251674129576,-1.4759448629328302,28.078317954199004,-11.528518561438192,7.920433946520045,-9.301493376524709,-0.9984818818014418,1.7006366340141525,4.5549707,6.725772,PRJNA246567,Post-pubertal,Male,Unknown,ILLUMINA,Illumina Genome Analyzer IIx,Muscle
SAMN02768563,-53.96257247255945,-9.435244997706382,5.898464957975513,3.8440791539818875,28.9385404794667,-16.729887075971746,8.224748152755437,-6.517153908458742,0.8564671470512452,6.380048880860703,4.5048275,6.540803,PRJNA246567,Post-pubertal,Female,Unknown,ILLUMINA,Illumina Genome Analyzer IIx,Muscle
SAMN02768564,-71.48166673495359,-13.719032899525763,11.55210496953972,0.24361532667815727,25.304299931972494,-13.31139443111528,4.832429081891104,-11.118367110991695,-7.459353409251918,5.363990867936432,4.58622,6.7745676,PRJNA246567,Post-pubertal,Female,Unknown,ILLUMINA,Illumina Genome Analyzer IIx,Muscle
SAMN02768565,-55.29679343126528,-8.133629092301893,6.63970311158599,0.3710204782005375,29.820193288449865,-15.590753728332126,6.502382415770356,-9.963692892405055,-0.3129124103126116,9.271680488277015,4.535082,6.7108045,PRJNA246567,Post-pubertal,Female,Unknown,ILLUMINA,Illumina Genome Analyzer IIx,Muscle
SAMN02768566,-58.441881067320075,-10.075879217796073,4.557488181402444,4.587385217501822,29.513533121127953,-11.69101354196245,2.462313975675865,-8.392384980164763,-7.536941806203431,0.2566349689206639,4.606174,6.4663534,PRJNA246567,Post-pubertal,Male,Unknown,ILLUMINA,Illumina Genome Analyzer IIx,Muscle
SAMN02768567,-63.283203967207456,-16.168282122357564,1.8598302046707562,6.623010532487453,26.575705282663282,-13.622767124474104,6.804704811210917,-7.9633096110626465,0.2957009222510302,-0.19680740424314036,4.448065,6.564206,PRJNA246567,Post-pubertal,Male,Unknown,ILLUMINA,Illumina Genome Analyzer IIx,Muscle
SAMN02768568,-61.186640476337026,-15.188249471667591,8.891542952336936,1.206509250928957,28.21056227917659,-11.953046621906745,0.09443845203804183,-11.319367709086446,-6.422642966148555,1.1964901451720027,4.526274,6.750016,PRJNA246567,Post-pubertal,Male,Unknown,ILLUMINA,Illumina Genome Analyzer IIx,Muscle
SAMN02768569,-63.104975833883444,-10.415389149750006,12.450730676856445,-0.6016032701365567,27.402696290530564,-11.977587285066313,6.972408481784482,-7.869652050359568,-2.2992685337184993,2.228015992678576,4.606168,6.6987653,PRJNA246567,Post-pubertal,Male,Unknown,ILLUMINA,Illumina Genome Analyzer IIx,Muscle
SAMN02768570,-59.02450983819307,-8.640006496363602,3.9092240161000906,4.213360023186599,29.51740475469164,-12.297150028214801,3.4457215443779345,-10.740892859285763,-7.440632446759685,2.513141521804569,4.529624,6.5644174,PRJNA246567,Post-pubertal,Male,Unknown,ILLUMINA,Illumina Genome Analyzer IIx,Muscle
SAMN03351774,-41.43915350460679,-26.192230361357012,-5.443489456933244,7.468373214528864,34.91542883371412,7.7692397693315725,12.400713992209392,7.661807921851471,-15.136934023982725,-12.983704209078395,4.424787,4.9793243,PRJNA275632,Infant,Unknown,Danbred x Newsham,ILLUMINA,Illumina HiSeq 2000,Muscle
SAMN03351775,-42.88841222940897,-19.033727398481556,-1.679796930878903,9.609540132579507,34.8336337765462,9.354241986256149,8.337365641336026,-2.7723690712238382,-14.111657151122703,-14.404580684997349,4.2949843,5.221067,PRJNA275632,Infant,Unknown,Danbred x Newsham,ILLUMINA,Illumina HiSeq 2000,Muscle
SAMN03351777,-33.95623027300388,-14.020487274771153,-2.5874555523623983,7.854544819547332,43.73107614440045,12.841732684284569,9.960624881179863,-2.3223157936543926,-10.697008995870055,-18.26330713630851,4.307089,5.124288,PRJNA275632,Infant,Unknown,Danbred x Newsham,ILLUMINA,Illumina HiSeq 2000,Muscle
SAMN03351780,-11.436637724751954,-18.88480966566504,-13.41904223497481,13.714181622233793,47.42418370297715,4.198885276195336,5.95101315772997,-1.3326728180546774,-6.073466294911108,-15.985737608855318,4.5057335,5.065414,PRJNA275632,Infant,Unknown,Danbred x Newsham,ILLUMINA,Illumina HiSeq 2000,Muscle
SAMN03351783,-36.39111190295827,-22.67738280883751,-3.3735558639189445,12.832244930425446,37.97016861747927,11.68411250829675,7.461497529210181,-3.3624530092570133,-9.173192732105337,-17.13266435720046,4.1921353,5.051606,PRJNA275632,Infant,Unknown,Danbred x Newsham,ILLUMINA,Illumina HiSeq 2000,Muscle
SAMN03351785,-23.03636106437204,-10.361409207592098,-1.1864234483502096,12.333159229573235,46.18284035104445,11.309015457611785,14.004564725910617,7.323582497120997,2.0089969860981247,-10.533314983451316,4.337105,5.1473675,PRJNA275632,Infant,Unknown,Danbred x Newsham,ILLUMINA,Illumina HiSeq 2000,Muscle
SAMN03351788,-29.56158893759916,-15.37634009885721,-3.42742913869462,11.115323689533897,46.5289149294461,9.892366970297543,4.189814916865796,4.8677665715130916,-9.721345803196034,-14.011392222556944,4.2289734,5.061461,PRJNA275632,Infant,Unknown,Danbred x Newsham,ILLUMINA,Illumina HiSeq 2000,Muscle
SAMN03351791,-40.788886157982326,-20.141075530529733,-1.7327999851185738,8.008084086930285,33.60802782350993,6.809706262338918,9.045584745050725,-1.897831412318953,-20.003700331686755,-13.490345097875032,4.2080274,5.070318,PRJNA275632,Infant,Unknown,Danbred x Newsham,ILLUMINA,Illumina HiSeq 2000,Muscle
SAMN03351792,-14.267270696204092,-17.43139892259381,-10.226965139834686,9.440224803069436,45.55288454006817,4.567810713144483,8.77762022625154,-10.325959592405143,-8.334434365975618,-23.617488444504122,4.1987786,5.012673,PRJNA275632,Infant,Unknown,Danbred x Newsham,ILLUMINA,Illumina HiSeq 2000,Muscle
SAMN03351794,-30.17082266980797,-19.642541353048266,-3.9012230419436813,8.080174426218496,41.90467311885719,13.501994385292805,10.659340212099183,-0.29132611715548706,-10.985911471003984,-19.071336661022542,4.2777777,5.07544,PRJNA275632,Infant,Unknown,Danbred x Newsham,ILLUMINA,Illumina HiSeq 2000,Muscle
SAMN03351795,-29.903777900893143,-26.49673962701699,-7.195484785784811,8.6599378339743,36.58276485360788,9.9900838341248,10.424103116629842,-4.506896457893375,-13.498878096246676,-19.11550244579032,4.239984,5.069878,PRJNA275632,Infant,Unknown,Danbred x Newsham,ILLUMINA,Illumina HiSeq 2000,Muscle
SAMN03351801,-33.46679001276836,-16.69870419655248,-2.489751647229699,8.099925116755209,42.98867873473585,5.808034837974523,3.3345247203189015,-4.43198491868652,-8.845559315857509,-18.65676527864703,4.1823993,5.0341883,PRJNA275632,Infant,Unknown,Danbred x Newsham,ILLUMINA,Illumina HiSeq 2000,Muscle
SAMN03351802,-23.80374470856378,-15.041832728546492,-7.500067516753185,9.000320568380062,45.30328539889583,8.616871424167114,8.052588333941019,-0.2310711508850318,-8.77979744470487,-14.978070733906229,4.426085,5.124913,PRJNA275632,Infant,Unknown,Danbred x Newsham,ILLUMINA,Illumina HiSeq 2000,Muscle
SAMN03351807,-16.057593224284588,0.7812277120550397,-7.782365014376469,9.625672097722786,49.454904084489115,9.689536125345963,8.625483077364118,-6.321559595623826,-8.415944369610518,-14.913577073030474,4.256886,5.078129,PRJNA275632,Infant,Unknown,Danbred x Newsham,ILLUMINA,Illumina HiSeq 2000,Muscle
SAMN03351808,-37.362104684826924,-19.01902012227776,-3.7438883355080583,9.950425874566513,38.661025474812796,3.4139665126549694,5.638549934009291,-3.531338324910355,-9.932866538843793,-19.109023849914262,4.0766206,5.036382,PRJNA275632,Infant,Unknown,Danbred x Newsham,ILLUMINA,Illumina HiSeq 2000,Muscle
SAMN03351810,-38.024030598459376,-18.496880598202186,-7.254755823210447,13.131547693019334,37.10392755953725,4.096119438354925,8.911760924394708,-7.1592386809828,-14.381454573213965,-19.115000916861945,4.289916,5.263094,PRJNA275632,Infant,Unknown,Danbred x Newsham,ILLUMINA,Illumina HiSeq 2000,Muscle
SAMN03351812,-54.37949426028646,-32.023448473083185,2.93218586207047,9.718612019079677,38.42949447269296,0.9533723094773195,-4.073796279023401,13.863197809095958,-5.113419923809679,-16.440621673338303,4.062134,4.8492947,PRJNA275632,Infant,Unknown,Danbred x Newsham,ILLUMINA,Illumina HiSeq 2000,Muscle
SAMN03351815,-46.9252727757896,-21.812016631322923,-4.9677774828947605,13.451520748053724,36.60754694773414,9.278783666240594,9.289240634183699,0.3223126925974594,-10.119489195706551,-17.300397473915563,4.1739707,5.189402,PRJNA275632,Infant,Unknown,Danbred x Newsham,ILLUMINA,Illumina HiSeq 2000,Muscle
SAMN03658146,-83.92600466801785,-24.96385400726168,30.12675053285251,-16.49734334309465,16.36053704154039,13.23232179094119,-3.690098094352674,-20.36801763538203,-7.307657330399132,7.45250596075459,4.6483536,6.8428283,PRJNA283924,Post-pubertal,Unknown,Landrace,ILLUMINA,Illumina HiSeq 2000,Muscle
SAMN03658147,-69.50089798675738,-19.018785068364746,21.622044859314038,-12.173601715886646,25.559579871221313,17.093663940804653,-5.297769511819601,-19.232836993847823,-3.452520252987243,8.93650192351408,4.5665545,6.6654286,PRJNA283924,Post-pubertal,Unknown,Tongcheng,ILLUMINA,Illumina HiSeq 2000,Muscle
SAMN03658148,-85.80016466048235,-22.29027037173155,28.707015831620396,-17.38790959207444,23.74706566820173,15.61945215084996,-3.4471814633768276,-11.571730087257867,-2.771384749286388,10.359799742803022,4.680568,6.693219,PRJNA283924,Post-pubertal,Unknown,Chinese Wuzhishan,ILLUMINA,Illumina HiSeq 2000,Muscle
SAMN03782154,-46.94423195219801,-60.54632785901589,-10.950332560980495,2.6945650944538038,28.083127873967143,11.58610104895846,-6.682312842063564,14.157718613658128,3.85727827569637,10.124296391041671,4.690258,4.6825128,PRJNA291508,Infant,Unknown,Unknown,ILLUMINA,Illumina HiSeq 2000,Muscle
SAMN03853115,-78.69755494817164,-47.788355774107984,38.08340955466353,-47.644655763221486,20.56127611010137,24.157360161897852,7.522446041048871,-2.117714364077212,-14.066039167317923,-14.104367835901844,4.8129573,6.8680773,PRJNA289358,Early childhood,Unknown,Unknown,ILLUMINA,Illumina HiSeq 2500,Muscle
SAMN03853116,-30.1603757642849,-14.060088117707819,8.916520704250372,-14.638193204486065,39.370701651617885,13.672928818425214,9.84663891481431,-0.17871170987136606,-15.604401536599488,-11.037890180771198,4.684869,5.3101873,PRJNA289358,Early childhood,Unknown,Unknown,ILLUMINA,Illumina HiSeq 2500,Muscle
SAMN04041114,-35.79377702903161,-9.848070467614003,-13.340963561516762,23.29036687952994,31.251351851726415,-7.117082944966135,12.902355990576721,-4.675983811353996,12.556077498497142,6.308722595105375,4.34975,6.236132,PRJNA295107,Post-pubertal,Pooled,(Pietrain x Duroc) x (Landrace x Yorkshire),ILLUMINA,Illumina HiSeq 2000,Muscle
SAMN04041115,-40.01549479596643,-7.654362058192494,-9.085475870587764,18.0673506805632,31.2623740638676,-4.55428674175807,9.481625880105211,-6.146960378609194,7.468564969952267,9.826199072381794,4.3114886,6.3641453,PRJNA295107,Post-pubertal,Pooled,(Pietrain x Duroc) x (Landrace x Yorkshire),ILLUMINA,Illumina HiSeq 2000,Muscle
SAMN04122445,-20.30779474181858,-26.390447348414977,-17.668954505663525,1.9332841444001685,41.96629259226641,-6.799416698443658,14.283585808527043,42.40603347269257,3.192474444616499,6.732033790088685,5.1106787,5.0002165,PRJNA297337,Infant,Male,Iberian,ILLUMINA,Illumina HiSeq 2000,Muscle
SAMN04122448,-6.76681611594313,-30.930240408984563,-21.499024476887264,9.34118415944423,39.43018645929612,1.7382199365506137,12.651530332936506,16.017919548691523,-6.1433652854468495,-1.8792684879665293,5.0073442,4.951285,PRJNA297337,Infant,Male,Iberian,ILLUMINA,Illumina HiSeq 2000,Muscle
SAMN04122450,0.48567481700826226,-23.61089663408816,-13.146194569347808,0.9307225716871105,44.33046949315852,4.90051292732729,12.994550097022424,22.30332981452154,-8.891804896228596,0.3770800198570207,4.9510927,5.0090284,PRJNA297337,Infant,Male,Iberian x Duroc,ILLUMINA,Illumina HiSeq 2000,Muscle
SAMN04122452,-22.14485774427462,-26.832315284919723,-17.383472376158462,4.139846394943948,38.56261476477011,-8.050133231826695,12.72464396166404,37.87147750901498,-2.906389413397038,1.2437509663087596,5.0032754,4.879596,PRJNA297337,Infant,Male,Iberian x Duroc,ILLUMINA,Illumina HiSeq 2000,Muscle
SAMN04147104,-64.1855496194882,-66.62394605166207,78.3149852837587,-32.5988565677203,-1.3654219604108309,18.804807233335882,26.71471739147984,28.59038323779241,8.796324570084135,-0.6303535762358592,-14.62377,16.709057,PRJNA297855,Infant,Unknown,Guizhou mini-pig,ILLUMINA,Illumina HiSeq 2000,Muscle
SAMN04147106,-107.75859194880088,-61.852349144097445,76.99636793402175,-22.53593493184912,-11.670572933896256,21.813724519740653,22.252530731098673,1.159998148468595,-3.398117541941432,-5.875556014998083,-14.641926,16.682074,PRJNA297855,Post-pubertal,Unknown,Guizhou mini-pig,ILLUMINA,Illumina HiSeq 2000,Muscle
SAMN04271247,-57.794008991102466,-10.567661973491898,16.864911998848715,-11.98293811631958,38.29298132192802,5.106023710446239,6.1582737687715685,3.919068030010085,-15.705613655740578,-6.9132448914486835,4.702466,6.5982027,PRJNA302287,Post-pubertal,Unknown,Wannanhua,ILLUMINA,Illumina HiSeq 2500,Muscle
SAMN04271248,-42.3192870096222,-1.035174998830416,13.94369074437558,-10.225925904598663,43.246211997729496,4.97055180818341,8.494636410677026,-0.8678341299361719,-11.055660677489335,-2.041413572710425,4.721738,6.115798,PRJNA302287,Post-pubertal,Unknown,Wannanhua,ILLUMINA,Illumina HiSeq 2500,Muscle
SAMN04271249,-48.8555315061724,7.815776635015314,15.120664154817336,-9.538713747921836,41.182714080474696,2.165806696894691,6.544661175118073,-8.47750843533715,-8.8876270285463,-4.290296134787638,4.707477,6.3615847,PRJNA302287,Post-pubertal,Unknown,Wannanhua,ILLUMINA,Illumina HiSeq 2500,Muscle
SAMN04271250,-69.35049475549792,-13.72863821429524,9.73228176669895,3.7880977317159856,31.969863751877494,-2.699925396254495,-10.12205291833181,-6.879266585227038,-13.181891258741336,-5.412178602691385,4.641753,6.517341,PRJNA302287,Post-pubertal,Unknown,Yorkshire,ILLUMINA,Illumina HiSeq 2500,Muscle
SAMN04271251,-44.68809068092507,0.4632966016404462,11.567895129219863,-2.669792824274756,34.26057957114303,0.28738556717787417,3.4618845270168737,-20.82935971492357,-12.263927210580354,-6.2816508393142865,4.7477684,6.379137,PRJNA302287,Post-pubertal,Unknown,Yorkshire,ILLUMINA,Illumina HiSeq 2500,Muscle
SAMN04271252,-52.577722597629204,-0.39572067126225935,14.542236262671922,-1.648359022106927,31.895682988692798,-1.3559150498203663,3.2544159824426915,-15.260495417736603,-12.011893905090641,-3.5229979306815795,4.678431,6.4166408,PRJNA302287,Post-pubertal,Unknown,Yorkshire,ILLUMINA,Illumina HiSeq 2500,Muscle
SAMN04301623,-90.3139841928611,-53.06994096145954,0.4059594232890932,24.703243265398072,23.012477338857526,-13.617847214640134,-26.221985149523345,0.8670085660560978,-4.076522899884751,13.420874846079435,4.346396,3.5430112,PRJNA304420,Post-pubertal,Female,Unknown,ILLUMINA,Illumina HiScanSQ,Muscle
SAMN04301624,-86.11311602749721,-57.00073674736781,17.077266495758426,22.244279209778227,21.534065025854222,-11.686309751524602,-33.40360045985074,2.6947716762423735,9.854852305899112,20.479178970648636,4.3742394,3.4886637,PRJNA304420,Post-pubertal,Female,Unknown,ILLUMINA,Illumina HiScanSQ,Muscle
SAMN04301625,-76.88410985105713,-49.95844819612493,5.0114644559691515,27.14505988929744,27.20274206012336,-15.224682308970205,-32.982664355918835,-2.8520183403346664,12.606541681292883,16.225659750466555,4.3648887,3.4733708,PRJNA304420,Post-pubertal,Female,Unknown,ILLUMINA,Illumina HiScanSQ,Muscle
SAMN04301626,-82.19878398749881,-54.417621152487406,1.0189843438246122,23.386094929116013,22.94244719046165,-18.57816389925443,-27.78370867411803,-0.25070472030423474,7.825621397309109,13.919158667718637,4.412606,3.5411901,PRJNA304420,Post-pubertal,Female,Unknown,ILLUMINA,Illumina HiScanSQ,Muscle
SAMN04301627,-76.47765426594522,-51.77645052785097,12.269521278223339,22.31481060960094,27.146494898823917,-17.619339467199566,-37.82146482630863,-1.8964815928459213,19.67855624994159,16.04394521945115,4.357047,3.4581194,PRJNA304420,Post-pubertal,Female,Unknown,ILLUMINA,Illumina HiScanSQ,Muscle
SAMN04301628,-83.18339034153307,-54.264237686961046,13.062842946665201,23.93614634293319,21.834045710662046,-13.574137680198895,-33.9264007740429,-0.39524465582074647,9.56118549093723,18.835827424428107,4.388498,3.5346766,PRJNA304420,Post-pubertal,Female,Unknown,ILLUMINA,Illumina HiScanSQ,Muscle
SAMN04301629,-91.4000029391859,-54.3292315670663,7.0709515528732965,27.49882736534334,20.23077473305656,-15.51042824303209,-31.047310111829134,0.0016203946088842465,7.436810061302994,17.679998711572168,4.425383,3.5058594,PRJNA304420,Post-pubertal,Female,Unknown,ILLUMINA,Illumina HiScanSQ,Muscle
SAMN04301630,-90.04223084834676,-53.22007383492376,-3.2542329108020036,27.469520424971982,19.414872541581552,-21.193118166562936,-28.41954545022213,2.1490314906204344,7.581878126435829,14.559371113967055,4.3421,3.49857,PRJNA304420,Post-pubertal,Female,Unknown,ILLUMINA,Illumina HiScanSQ,Muscle
SAMN04301631,-105.85129271415416,-62.0891510617334,2.5529133038044285,28.40480233311216,10.256207476707038,-17.931981798043783,-25.471674638390745,3.695151111880748,4.790958123922298,14.572910628054448,4.3593717,3.5029411,PRJNA304420,Post-pubertal,Female,Unknown,ILLUMINA,Illumina HiScanSQ,Muscle
SAMN04301632,-102.43580408340979,-57.923410328129144,-1.5054732141954987,29.289947902088304,10.86721335740434,-17.405447844483557,-24.08394911541814,0.8110739115636828,1.8937684661589038,14.200719186487317,4.3291817,3.4777894,PRJNA304420,Post-pubertal,Female,Unknown,ILLUMINA,Illumina HiScanSQ,Muscle
SAMN04301633,-75.74074403920326,-49.10869908223744,-2.1036369924984513,28.364551153837134,25.476609750856237,-16.363124799485902,-30.685984423451583,-2.3522383734744934,5.288280083999322,17.135993294060114,4.440602,3.5547779,PRJNA304420,Post-pubertal,Female,Unknown,ILLUMINA,Illumina HiScanSQ,Muscle
SAMN04317047,-73.82333807516297,-54.32510049049098,11.416264614810283,26.4202903392351,28.677102487305064,-27.20362304933595,-42.14057503160564,-6.10467908128352,13.989693334965985,12.564344199941376,4.2668567,3.1346226,PRJNA305124,Post-pubertal,Female,Pulawska,ILLUMINA,Illumina HiScanSQ,Muscle
SAMN04317049,-97.11542622705937,-44.492174897678815,10.91735810376901,24.97788826394814,22.40925326383574,-28.720361877508275,-31.099228319626892,1.8791178907443669,-4.608113022793546,10.224992719360683,4.1934247,3.214208,PRJNA305124,Post-pubertal,Female,Pulawska,ILLUMINA,Illumina HiScanSQ,Muscle
SAMN04317051,-69.91551293243894,-40.800286443234704,16.156077885916346,19.669029931529018,39.68762233324001,-17.8702117516839,-39.98736195549746,-1.1717889492262061,2.9112719547588775,9.735549173335952,4.2117887,3.1183987,PRJNA305124,Post-pubertal,Female,Pulawska,ILLUMINA,Illumina HiScanSQ,Muscle
SAMN04317052,-82.65769002287847,-55.866545011180584,2.059772657373687,27.441224294522325,24.452266708162206,-27.03123382643558,-35.839736323788664,-1.0909842340258011,6.187406550311394,10.364229559969312,4.267324,3.2287128,PRJNA305124,Post-pubertal,Female,Pulawska,ILLUMINA,Illumina HiScanSQ,Muscle
SAMN04317053,-89.95236905811791,-53.04582751499595,8.275331203455494,23.183599205558206,21.499602069061133,-25.508076977188292,-33.76953769675427,-3.5061909851867403,0.4072273551953865,7.693155418991468,4.235826,3.2416759,PRJNA305124,Post-pubertal,Female,Pulawska,ILLUMINA,Illumina HiScanSQ,Muscle
SAMN04317054,-90.18346059997782,-61.461583681197894,7.0668931765926555,29.481919991484776,18.85492915096445,-31.340211888503,-34.338560225849655,-0.6092998166096119,2.7120159153039016,6.17803383851953,4.237953,3.2363744,PRJNA305124,Post-pubertal,Female,Pulawska,ILLUMINA,Illumina HiScanSQ,Muscle
SAMN04317055,-67.12756638177912,-44.10339695104046,7.974194954231556,19.636621328704283,34.327303264484094,-20.331703923013855,-33.83708124022409,-1.152393996660207,1.053830988034655,9.984287617076646,4.2726517,3.092303,PRJNA305124,Post-pubertal,Female,Landrace,ILLUMINA,Illumina HiScanSQ,Muscle
SAMN04317056,-87.74926990470999,-52.61280164540628,13.393089414804423,21.16347832001051,22.610465982613704,-22.53425555456101,-32.877749546542894,-0.2172725827201348,-1.267899270943539,9.548116661550658,4.258677,3.3054216,PRJNA305124,Post-pubertal,Female,Landrace,ILLUMINA,Illumina HiScanSQ,Muscle
SAMN04317057,-72.1151891842574,-52.542323260482526,15.117400762814933,15.42752361422964,30.942669196629637,-23.89946466359362,-40.436275400524096,-6.5680542519123755,6.0276993455341765,12.368669755130272,4.220608,3.2063758,PRJNA305124,Post-pubertal,Female,Landrace,ILLUMINA,Illumina HiScanSQ,Muscle
SAMN04317058,-76.23648615452854,-52.06162369409418,11.164954148750368,19.480215486391376,27.446723032307208,-24.01400435039429,-37.82094192123606,-8.05168053968675,-0.5474007726469649,7.440090704923329,4.281,3.129234,PRJNA305124,Post-pubertal,Female,Landrace,ILLUMINA,Illumina HiScanSQ,Muscle
SAMN04317059,-69.42616526759666,-56.288191691983116,16.730861703616142,20.553055040170264,30.629238768098595,-25.885193078703427,-43.95512285144039,-8.571882829445205,7.752946778027812,7.052940848475023,4.3447375,3.1118731,PRJNA305124,Post-pubertal,Female,Landrace,ILLUMINA,Illumina HiScanSQ,Muscle
SAMN04317060,-88.51923046576485,-50.47564596511305,11.041978750254648,26.46382507990555,20.195396042421688,-28.955645801422172,-24.760940401923847,-1.4681994398030347,-11.969761956701719,6.166804712290792,4.057118,3.2941217,PRJNA305124,Post-pubertal,Female,Landrace,ILLUMINA,Illumina HiScanSQ,Muscle
SAMN04317089,-82.37276722640232,-57.63993409298654,12.27971749917464,22.16890929021717,24.0845185836994,-25.1221710227757,-41.870792600209604,-4.933696104334457,5.330647282929569,9.208803203286795,4.3466387,3.1239562,PRJNA305124,Post-pubertal,Female,Landrace,ILLUMINA,Illumina HiScanSQ,Muscle
SAMN04317090,-66.631766627756,-39.69869338758306,7.420402416942714,18.78071077053349,37.72850358395607,-24.648325016818493,-35.40320541292087,4.147457332941342,0.004148986558232112,14.26747458748154,4.0587993,3.0128133,PRJNA305124,Post-pubertal,Female,Pulawska,ILLUMINA,Illumina HiScanSQ,Muscle
SAMN04317091,-56.18281088907156,-35.0640771109132,14.930440353084032,14.861561078067318,42.344713266156226,-23.911320400797262,-42.674413681511695,-1.7901790024659294,11.09328489791685,13.493737258335093,4.2704096,3.1030984,PRJNA305124,Post-pubertal,Female,Pulawska,ILLUMINA,Illumina HiScanSQ,Muscle
SAMN04317092,-99.44354432634402,-47.337048131968956,11.066958889777354,25.77290977589444,20.763287206677262,-27.802649862222214,-32.19623550370995,0.7001034455083412,-8.167814694978206,8.678806531153977,4.103749,3.2526069,PRJNA305124,Post-pubertal,Female,Pulawska,ILLUMINA,Illumina HiScanSQ,Muscle
SAMN04317093,-65.06716846738775,-43.83778714554845,12.950529012400786,21.550201883925862,33.129354011112234,-24.131277974733937,-41.00894098892309,-10.035110097336986,1.2252400671536998,10.183989834583095,4.218811,3.044471,PRJNA305124,Post-pubertal,Female,Pulawska,ILLUMINA,Illumina HiScanSQ,Muscle
SAMN04317094,-94.87181032663719,-43.1431387882217,13.646913589292136,21.199386434060102,24.11692624650973,-23.161125018650047,-30.38061971430445,-6.629115358198952,-10.355785456175084,5.46704152481864,4.0832148,3.0555713,PRJNA305124,Post-pubertal,Female,Pulawska,ILLUMINA,Illumina HiScanSQ,Muscle
SAMN04317095,-91.01492994496188,-57.70116242098354,12.485963648089768,20.828861982734832,24.268174954591974,-26.553377841733,-43.813706477786766,1.1856603619686101,0.6461732867472283,10.194223647849737,4.1440153,3.233832,PRJNA305124,Post-pubertal,Female,Pulawska,ILLUMINA,Illumina HiScanSQ,Muscle
SAMN04317099,-88.83672622064842,-46.08166180952233,7.582803211010572,23.71082380400108,22.29892831379036,-23.4237721346057,-31.51817916004677,-5.974512072800896,-5.836480037677252,5.728538145158937,4.1526885,3.133934,PRJNA305124,Post-pubertal,Female,Landrace,ILLUMINA,Illumina HiScanSQ,Muscle
SAMN04317102,-89.33872015745372,-47.92210106337304,23.723417282727986,15.533721531546652,23.432718350086628,-23.963200957516538,-31.222002529099935,-7.7970806457266715,-11.995085503222537,4.196509437516844,4.1970634,3.1482987,PRJNA305124,Post-pubertal,Female,Landrace,ILLUMINA,Illumina HiScanSQ,Muscle
SAMN04317103,-67.37910976133247,-61.72089774487145,5.899820371052674,23.096647790149365,30.53036675913821,-26.012583955561187,-41.259144461186,-9.026139999897053,13.744874755400174,4.298785437824627,4.304916,3.1653593,PRJNA305124,Post-pubertal,Female,Landrace,ILLUMINA,Illumina HiScanSQ,Muscle
SAMN04317104,-66.30544548657437,-44.99994288438487,13.247390992459554,20.37965747574248,31.615844916517617,-23.312528863292787,-37.426104512578696,-6.389837450030307,-0.6016004523724517,8.958186362038518,4.1813087,3.143055,PRJNA305124,Post-pubertal,Female,Landrace,ILLUMINA,Illumina HiScanSQ,Muscle
SAMN04317105,-76.5747492195417,-54.28325215743341,9.249686886392936,25.341536511255306,28.468078634254265,-24.836219589514382,-45.21462510989251,-1.8578310955994628,3.4120722838705877,12.686728432923939,4.293399,3.1666915,PRJNA305124,Post-pubertal,Female,Landrace,ILLUMINA,Illumina HiScanSQ,Muscle
SAMN04420594,30.762749529624582,-26.144379072138086,72.35582819570612,-4.086369390901816,30.017882136548938,11.964375470808427,20.28177618541107,31.490681679518527,10.232509672359651,5.072527755385226,-14.499547,17.440489,PRJNA309102,Infant,Neuter,France,ILLUMINA,Illumina HiSeq 2500,Muscle
SAMN04420596,-4.39471408314363,-9.064717805815073,63.7274529633178,9.724808128163229,24.444867659913776,20.150427500506645,15.281502714236089,-13.498183538910986,1.1910299848593326,3.426691287868289,-14.5281725,17.392363,PRJNA309102,Pre-pubertal,Neuter,France,ILLUMINA,Illumina HiSeq 2500,Muscle
SAMN04420598,-5.04288899436767,-6.273598370170277,65.78714906202289,5.1105290018074285,19.97897167536542,16.030759995347676,20.713390091318487,-7.2964191528906595,6.298137906715204,2.004091989887986,-14.464533,17.470608,PRJNA309102,Post-pubertal,Neuter,France,ILLUMINA,Illumina HiSeq 2500,Muscle
SAMN04420600,-25.703860820869316,-14.684869353840044,72.53459075442171,9.238682561334103,16.40235598101409,19.07963405622888,11.541636565341973,-7.513666246129652,2.356523862965948,1.327824156661623,-14.563229,17.07762,PRJNA309102,Post-pubertal,Neuter,France,ILLUMINA,Illumina HiSeq 2500,Muscle
SAMN04420603,11.500897099700543,-25.450766532659973,74.34863573900817,-5.4905462391378475,24.895412296813852,18.840713985831723,27.238563681914805,35.06095088459251,9.874572435834152,13.871824406332133,-14.507654,17.38866,PRJNA309102,Infant,Neuter,Mashen,ILLUMINA,Illumina HiSeq 2500,Muscle
SAMN04420605,16.22921801822875,-18.481932790584487,60.12254859308086,12.471062308513304,26.52379319702634,19.88399412458539,14.043642288554418,-11.552161326695893,1.8575252287116393,-6.369897768331857,-14.500433,17.435858,PRJNA309102,Pre-pubertal,Neuter,Mashen,ILLUMINA,Illumina HiSeq 2500,Muscle
SAMN04420609,-29.108110392813423,-15.941757607641888,70.0079400788871,4.277295898287609,21.416824588956338,22.862644029343553,12.960036036126613,-1.0211166119382642,-3.1782264083052474,3.4790398544896144,-14.55761,17.249743,PRJNA309102,Post-pubertal,Neuter,Mashen,ILLUMINA,Illumina HiSeq 2500,Muscle
SAMN04484923,-23.839841254440035,-1.2156816085014863,-3.4852169600981906,3.7701244920017816,43.74177831088277,6.173618994979087,7.211639347920847,1.4851078696521294,-5.761312182509526,0.16478023636044642,4.7721357,5.379922,PRJNA311523,Pre-pubertal,Unknown,Unknown,ILLUMINA,Illumina HiSeq 2500,Muscle
SAMN04484930,-16.634543432169636,-19.64460948386489,2.1032000673092903,-0.6509784371587255,44.4472580469128,11.655805595666132,-0.3814629235302522,3.0729479179547363,-12.25020703505442,-5.728494761164736,4.712403,5.0203986,PRJNA311523,Pre-pubertal,Unknown,Unknown,ILLUMINA,Illumina HiSeq 2500,Muscle
SAMN04484940,-30.06820811017924,-7.253578448191353,3.1182705727290405,-3.592914139436029,44.78446643207489,9.86982111481773,9.282937060153914,14.600500559873867,-4.995423760382524,-1.3629226102904843,4.8142166,5.2179146,PRJNA311523,Pre-pubertal,Unknown,Unknown,ILLUMINA,Illumina HiSeq 2500,Muscle
SAMN04484960,-8.198313549930695,-9.163822915134483,-1.9379125883097563,-1.1176907367603763,44.35471147848529,7.735087455900736,10.750747823985275,8.590463250630764,-4.697709218172226,-0.9279964100765268,4.939516,5.100977,PRJNA311523,Pre-pubertal,Unknown,Unknown,ILLUMINA,Illumina HiSeq 2500,Muscle
SAMN04484970,-27.8528599591427,-7.30312960047265,0.9058067828557158,2.7492886344582455,44.14802137975871,12.038926795630003,5.2070916058895556,0.7557253850418728,-6.073172238206563,-3.878847147422094,4.619513,5.256242,PRJNA311523,Pre-pubertal,Unknown,Unknown,ILLUMINA,Illumina HiSeq 2500,Muscle
SAMN04484982,-35.28266093565365,-16.460712546240522,5.2759005693056515,-6.658939987838558,38.00079609816956,2.6782045643219323,7.490083658612074,19.50989000291248,-4.429798564139331,-2.3514709827314273,4.7981563,5.0708766,PRJNA311523,Pre-pubertal,Unknown,Unknown,ILLUMINA,Illumina HiSeq 2500,Muscle
SAMN04484985,0.8185585897717911,-2.765504096895798,-5.634567763753132,0.4307010319006116,51.97748613063155,7.852553125847874,7.817365304534413,7.205089959884258,1.250789941945053,-0.852456716044669,4.97139,5.1078324,PRJNA311523,Pre-pubertal,Unknown,Unknown,ILLUMINA,Illumina HiSeq 2500,Muscle
SAMN04484991,-17.64439246622765,-11.502807954333893,-7.366030884404006,10.52601357340335,46.30043791434573,12.762712480586462,5.918825990662681,2.5562751904902203,-4.339988714209385,-2.4467108372791335,4.655647,5.2431016,PRJNA311523,Pre-pubertal,Unknown,Unknown,ILLUMINA,Illumina HiSeq 2500,Muscle
SAMN04485000,-23.084195871692806,-15.175096746356703,2.9703482367527654,-2.069027551169674,48.53236240699432,14.475551715615918,1.5540852165263646,6.376576795352663,-3.4759310211976753,-5.626712961775148,4.733205,5.173912,PRJNA311523,Pre-pubertal,Unknown,Unknown,ILLUMINA,Illumina HiSeq 2500,Muscle
SAMN04485009,-12.905686623309125,-20.655187858936415,-3.2972995151579334,1.8840458773620914,41.26826496120046,12.644911335006844,8.167949419450268,-2.0292734645978836,0.10025825729795623,-6.283049540367391,4.746493,5.165277,PRJNA311523,Pre-pubertal,Unknown,Unknown,ILLUMINA,Illumina HiSeq 2500,Muscle
SAMN05163537,60.724669039174174,-88.7339016054645,-42.51642024660572,-39.3340381018759,31.859066565039537,-26.977899561526343,12.596608001608201,-14.07025427974289,21.888931673782523,-6.710803984691853,10.566666,3.8695645,PRJNA322495,Infant,Unknown,Unknown,ILLUMINA,NextSeq 500,Muscle
SAMN05163538,64.32375224512684,-89.66768215401775,-37.78886215386637,-49.647199632425696,28.67195785351847,-26.200373960823537,14.207571531502555,-11.748214360971568,13.648721276879968,-6.207745839451145,10.626953,3.8291502,PRJNA322495,Infant,Unknown,Unknown,ILLUMINA,NextSeq 500,Muscle
SAMN05163539,45.084755027761254,-74.98817986324524,-16.317631067314245,-51.56346289055439,37.50811250528802,-5.364285554578041,5.458397079643562,-6.889407174607892,-1.6903350508239359,-4.645722540998465,11.067972,3.6890466,PRJNA322495,Infant,Unknown,Unknown,ILLUMINA,NextSeq 500,Muscle
SAMN05163540,47.207109794907645,-83.79630273589316,-35.555205390267325,-32.78927993906433,29.202977924999963,-23.16930263788293,13.982845957417682,-0.5709014321416632,0.829636833247396,2.1039580490712213,10.841616,3.7105968,PRJNA322495,Infant,Unknown,Unknown,ILLUMINA,NextSeq 500,Muscle
SAMN05163541,9.600532889849719,-80.67215080465492,-18.018816273041676,-26.46255122698606,32.18242268812623,-14.015385321693621,0.6880481166062521,8.081238675542034,-2.8885514885639445,-1.4446219318334697,4.8499656,4.767924,PRJNA322495,Infant,Unknown,Unknown,ILLUMINA,NextSeq 500,Muscle
SAMN05163542,34.23427163686146,-68.44385801838793,-27.26031143180909,-32.97856853558433,37.09112195976582,0.6951275971753973,12.83689135091611,1.8258900154493973,-5.989985250250637,-1.8804711962668104,11.317072,3.651493,PRJNA322495,Infant,Unknown,Unknown,ILLUMINA,NextSeq 500,Muscle
SAMN05730653,78.45045067436851,27.461000065221178,-45.34805463203926,-1.0667836469364607,22.514483152297647,-6.13369161570812,6.470337467367839,35.917547994666094,9.29117293552909,7.761747246650203,16.536137,7.3304563,PRJNA341938,Infant,Male,Unknown,ILLUMINA,Illumina HiSeq 2000,Muscle
SAMN05730654,57.965232444799284,16.151725877158025,-41.12921079209584,4.4798386895085205,14.386645393381638,1.5282796982033493,1.3516124577370747,22.17002237017125,-4.982165008621345,3.3675372738712603,16.753222,7.2661405,PRJNA341938,Infant,Male,Unknown,ILLUMINA,Illumina HiSeq 2000,Muscle
SAMN05730658,-12.991154463537212,26.058454215093395,-30.22268237800644,25.945851670614964,-2.137584868907082,-1.3541126237067558,-3.5969645665099295,-7.6839904654640865,-4.913885849933906,-3.1586689241438486,18.351364,9.369384,PRJNA341938,Pre-pubertal,Male,Unknown,ILLUMINA,Illumina HiSeq 2000,Muscle
SAMN05730659,6.481664890116695,39.27733527323407,-30.22060781168808,20.852473905664635,3.1252164059678327,-1.6385220785901358,-3.0733589404245807,-7.8303122623292385,-7.373997328247652,1.4914390995165876,18.219772,9.164812,PRJNA341938,Pre-pubertal,Male,Unknown,ILLUMINA,Illumina HiSeq 2000,Muscle
SAMN05730660,-35.877394458923355,15.30128776126048,-21.760930022849152,23.71624913733858,-9.840202417620826,-3.742587897444818,-4.294880853176833,-1.948257206698486,-5.078593851062577,-0.7754976367293787,18.405857,9.647593,PRJNA341938,Pre-pubertal,Male,Unknown,ILLUMINA,Illumina HiSeq 2000,Muscle
SAMN05730661,-48.59184512682535,-1.4406577675913594,-33.495538491503275,31.46501911339181,-15.770882930126149,-2.6175424756766965,2.5328051430746554,1.595388930960742,-5.298194292059009,-5.431118871186909,18.501768,9.919486,PRJNA341938,Pre-pubertal,Male,Unknown,ILLUMINA,Illumina HiSeq 2000,Muscle
SAMN05730662,-19.904059038935554,23.746970501228613,-26.1088424399997,19.17205081695975,-3.60460781242247,-1.0172154288812079,-4.292453517385301,-8.37445848351285,-9.157002114064337,-5.229315849921651,18.210682,9.397802,PRJNA341938,Pre-pubertal,Male,Unknown,ILLUMINA,Illumina HiSeq 2000,Muscle
SAMN05730663,-44.516518454321044,6.194522844286978,-27.95798845968422,22.850577481492316,-14.224166382851688,-2.2736835430465985,0.8636546855629985,-4.627495872563114,-8.015439044103342,-8.215857941606362,18.3985,9.79771,PRJNA341938,Pre-pubertal,Male,Unknown,ILLUMINA,Illumina HiSeq 2000,Muscle
SAMN05730664,0.9931439764703539,28.47575038807443,-27.548296217638782,18.403048700149103,-0.033439451350073264,0.1901783820589615,-6.173201299596661,-10.172907067183631,-4.181837407672442,-0.8244673410978565,18.185457,9.135851,PRJNA341938,Pre-pubertal,Male,Unknown,ILLUMINA,Illumina HiSeq 2000,Muscle
SAMN05730665,-15.112984117874579,21.56553746831911,-29.34689701988327,21.932973248376136,-4.145191134566851,-2.7172611455441578,-5.505873833830954,-11.046733930082878,0.3734561164030074,-3.129638940897053,18.339893,9.291503,PRJNA341938,Pre-pubertal,Male,Unknown,ILLUMINA,Illumina HiSeq 2000,Muscle
SAMN05730666,-25.009364791416424,12.856706974737497,-24.56508244883284,15.514329304722123,-6.277272293797082,2.24259368385079,1.5049430776961963,0.12437909647084165,-4.433249767904335,-5.650079421478061,18.184612,9.534078,PRJNA341938,Pre-pubertal,Male,Unknown,ILLUMINA,Illumina HiSeq 2000,Muscle
SAMN05730667,-66.89101046874845,-8.775100996565655,-34.46665079420963,32.010322109275236,-23.338211578367012,-5.177842030901324,5.444125287962831,2.55111397417468,-6.674974397714762,-6.491677447167288,18.67566,10.421147,PRJNA341938,Pre-pubertal,Male,Unknown,ILLUMINA,Illumina HiSeq 2000,Muscle
SAMN05730668,-28.196936263727896,19.85696536708342,-28.68490106254156,19.986469417107763,-5.267182147531437,-1.2622109522181484,-0.6846771947098024,-3.7068929310004433,-7.4691859896101125,-5.0747134607386775,18.269241,9.538293,PRJNA341938,Pre-pubertal,Male,Unknown,ILLUMINA,Illumina HiSeq 2000,Muscle
SAMN05730669,-16.155879288140895,23.4653943103424,-27.039330522952866,19.316947907774818,-4.476167446851389,0.37422383759924194,-1.589908202863384,-9.333973210810553,-5.378121750700898,-6.40321523652524,18.286922,9.231721,PRJNA341938,Pre-pubertal,Male,Unknown,ILLUMINA,Illumina HiSeq 2000,Muscle
SAMN05730670,53.903661352536915,11.149793698695204,-43.175090624201715,8.45333608168227,14.791568458137863,5.842462333679757,-1.512826421963427,21.099388931818957,-4.402741189611391,-0.9607973804372902,16.868551,7.1934443,PRJNA341938,Infant,Male,Unknown,ILLUMINA,Illumina HiSeq 2000,Muscle
SAMN05730672,78.05251519748523,23.960676381202767,-37.73124076233343,6.707159043250052,17.881082693211816,14.736785835933565,10.44899283373325,32.7075333377617,-2.742034871470549,12.459755896556862,16.569983,7.258893,PRJNA341938,Infant,Male,Unknown,ILLUMINA,Illumina HiSeq 2000,Muscle
SAMN05730673,42.07536599934843,12.86951251021901,-42.57844626143438,8.629083639766787,14.27839507321252,12.602200370302098,5.731723589025242,30.42859245513809,-6.822935325261681,4.55668885937789,16.869728,7.209957,PRJNA341938,Infant,Male,Unknown,ILLUMINA,Illumina HiSeq 2000,Muscle
SAMN05730674,56.082100086696904,12.973354411794658,-46.54465540469677,6.8637021152097715,14.183808171200644,3.2476421152148247,9.993205928123457,37.704578431504956,4.015909397861823,9.876965992426618,16.747906,7.2296696,PRJNA341938,Infant,Male,Unknown,ILLUMINA,Illumina HiSeq 2000,Muscle
SAMN05730675,57.42835329358767,12.47211831574444,-44.23767205975031,-0.7860737791056092,17.59355543082358,7.689109159000992,10.147331323924003,38.22710048076569,3.6656665779140876,6.566584787050702,16.66265,7.226619,PRJNA341938,Infant,Male,Unknown,ILLUMINA,Illumina HiSeq 2000,Muscle
SAMN05730676,58.70361507379231,19.559698893380695,-41.39763074315732,-3.6079401145480845,19.01011049682429,-3.8030628346607505,9.530474344650653,42.90914425405711,7.947692384136608,5.600304360152078,16.717686,7.226294,PRJNA341938,Infant,Male,Unknown,ILLUMINA,Illumina HiSeq 2000,Muscle
SAMN05730677,29.765925464955806,10.234291095206675,-28.854986983712084,-7.624270319334524,10.601557696056798,3.356900722295065,9.867343936696257,42.606454356136304,0.6119875714401891,4.196115665014898,16.738121,7.2254324,PRJNA341938,Infant,Male,Unknown,ILLUMINA,Illumina HiSeq 2000,Muscle
SAMN05762247,179.93505365683666,101.23848614552396,-49.37712040878612,27.51361339387536,62.57185728108003,14.401317406109692,-28.08154613055973,-27.334695738466547,0.9383951125816653,10.999148306277528,10.4775505,9.198238,PRJNA342558,Pre-pubertal,Male,Large white,ILLUMINA,Illumina HiSeq 4000,Muscle
SAMN05771457,35.50529483885613,34.29981461021268,40.36985857667785,36.96615052132887,-9.593663272862027,16.426732686408855,-1.0942185961788506,-8.608906640483188,0.33897984471477094,-5.625364301206859,-15.873847,23.676138,PRJNA342994,Post-pubertal,Male,Huainan,ILLUMINA,Illumina HiSeq 2500,Muscle
SAMN05771462,29.73323098875948,46.38684056905222,39.714767383797216,36.04027131846097,-9.186499227370165,7.278446483354727,7.748921063607765,2.3467367070464635,14.203742526917662,-2.0772151365897606,-15.924912,23.68144,PRJNA342994,Post-pubertal,Male,Duroc x (Landrace x Yorkshire),ILLUMINA,Illumina HiSeq 2500,Muscle
SAMN05785620,32.98370115223617,-6.628377076124675,31.768052392597873,21.122412756078873,-19.415576459754718,13.941393781250447,23.541381334702464,2.1443161370530675,-7.819027293871373,12.497498867555068,-15.923124,23.53883,PRJNA343305,Infant,Pooled,Landrace,ILLUMINA,Illumina HiSeq 2000,Muscle
SAMN05785621,28.38396089564536,-8.94253393737086,29.614670412793473,27.323588822901595,-22.351660017738244,27.714568867423452,34.22631167002194,-11.618314326155854,-16.26568986635959,10.94782140036793,-15.951087,23.465456,PRJNA343305,Infant,Pooled,Lantang,ILLUMINA,Illumina HiSeq 2000,Muscle
SAMN05830996,-15.961000650768554,14.709862847873406,-28.57126109977357,6.375118184338927,0.393907713836769,21.280990473627767,-9.842539780450945,0.730507438390689,12.826962106325698,-3.8253480053178173,17.966738,5.3806043,PRJNA344688,Post-pubertal,Male,Chenghua,ILLUMINA,Illumina HiSeq 2000,Muscle
SAMN05830998,-1.0051556382789586,17.769713869701324,-9.286243187701107,-14.409880533385211,1.793082667170803,33.9984576191906,-3.8270630016372857,-15.640754402686401,14.250150429998449,-8.668972038915374,17.250141,4.4114738,PRJNA344688,Post-pubertal,Male,Chenghua,ILLUMINA,Illumina HiSeq 2000,Muscle
SAMN05831001,-21.535070410043648,16.727010657535622,7.052765656534154,-22.241253302805745,-3.718061516913569,34.243375130780656,-6.20562050638817,-15.57924568213586,3.338418297610632,-9.1327024068217,17.124214,4.2622356,PRJNA344688,Post-pubertal,Male,Unknown,ILLUMINA,Illumina HiSeq 2000,Muscle
SAMN05831003,-9.847097602422688,14.802973455960442,9.799089685798025,-26.33261310409479,-0.4688701983110523,38.32379528301603,-7.914709892675137,-20.365691467785187,1.0303447470495144,-11.520942471488407,17.089094,4.2476997,PRJNA344688,Post-pubertal,Male,Unknown,ILLUMINA,Illumina HiSeq 2000,Muscle
SAMN05831005,-12.028040590611328,14.135722140141306,4.661733443733797,-18.356437237414546,-4.620882133098811,35.915524148559335,-5.4131086538637145,-18.98034085278477,-0.029942770366481988,-9.243078568310178,17.180893,4.33477,PRJNA344688,Post-pubertal,Male,Qinyu,ILLUMINA,Illumina HiSeq 2000,Muscle
SAMN05831007,-13.913331515305378,17.047088298983684,5.912174486910932,-20.624849117420627,-2.6249461185860166,38.29441369178778,-2.797511485022942,-21.299252158820835,6.259822693803614,-13.112782800377364,17.224188,4.3679953,PRJNA344688,Post-pubertal,Male,Qinyu,ILLUMINA,Illumina HiSeq 2000,Muscle
SAMN05831009,-17.971581599622738,16.901389624056424,0.5058956577172115,-18.981174316433425,-5.027035409046535,32.18150271481298,-1.952362204332654,-17.50014199785659,6.642590673008471,-10.817932648431919,17.150547,4.301504,PRJNA344688,Post-pubertal,Male,Qinyu,ILLUMINA,Illumina HiSeq 2000,Muscle
SAMN05831011,-2.0927080223087433,9.189206938557572,-28.000466268416716,4.701149348636929,-0.37888393423687794,31.164632487833956,-5.641392031835186,-12.173862899480259,5.209995961146968,-8.282934781300886,17.314253,4.6231008,PRJNA344688,Post-pubertal,Male,Tibetan,ILLUMINA,Illumina HiSeq 2000,Muscle
SAMN05831013,7.089805931973924,21.394255240651837,-3.7682907978894447,-16.968147309181024,3.8816331110294002,35.18283402293991,-3.970084453526716,-22.923142049462868,4.443115530234925,-10.010556300780062,17.117104,4.265103,PRJNA344688,Post-pubertal,Male,Tibetan,ILLUMINA,Illumina HiSeq 2000,Muscle
SAMN05831015,-16.531091721196002,20.333632624468546,0.7080290128793545,-17.23359205317464,1.122472341733436,32.51900599326355,-10.354914164990383,-15.666003881774328,8.509578572422487,-8.309414361386414,17.243017,4.3736205,PRJNA344688,Post-pubertal,Male,Tibetan,ILLUMINA,Illumina HiSeq 2000,Muscle
SAMN05831017,4.823085364592222,9.739033637111701,-2.3531115734764305,-20.539987659056333,3.1302211519114116,36.582233069583076,-7.417263272375071,-26.022156654211535,14.234141911744253,-19.562652868958132,17.094656,4.2364283,PRJNA344688,Post-pubertal,Male,Wujin,ILLUMINA,Illumina HiSeq 2000,Muscle
SAMN05831019,-10.590726558059542,24.13850541793355,2.5012976236345357,-20.30181185016272,-1.0406816761059643,32.24283899656412,-3.8382385387811433,-15.815857331871888,6.710532977595814,-9.579091391745115,17.08922,4.2398906,PRJNA344688,Post-pubertal,Male,Wujin,ILLUMINA,Illumina HiSeq 2000,Muscle
SAMN05831021,-15.85485231838488,28.42784955986343,6.195135328296514,-23.134243458325397,-1.65806694183816,28.31162597087727,2.9515066517871125,-10.494175516627072,8.817169220636833,-9.86333433958847,17.168468,4.3193774,PRJNA344688,Post-pubertal,Male,Wujin,ILLUMINA,Illumina HiSeq 2000,Muscle
SAMN05831023,-8.880493596634098,18.5063289586544,8.151336911723732,-26.897877455226613,-3.222772966486143,33.33841372362512,-1.8494838005881165,-20.881422166764427,7.058737063960191,-9.827719804164984,17.151478,4.2906537,PRJNA344688,Post-pubertal,Male,Yacha,ILLUMINA,Illumina HiSeq 2000,Muscle
SAMN05831025,-27.21338962506932,11.497900540087649,8.438329441746523,-24.393728278162218,-0.09538595130270125,32.113409042514995,-19.86153182217553,-15.099776114158704,5.656985441591448,-6.763406269378641,17.163895,4.299296,PRJNA344688,Post-pubertal,Male,Yacha,ILLUMINA,Illumina HiSeq 2000,Muscle
SAMN05831027,-8.10963088546047,22.795826606275703,-19.09103167787851,4.2704543110456274,-1.4756377605666138,25.491432555599534,-6.081044851829467,-16.07956630768663,1.572443531675419,-8.765014649082996,17.480991,4.9246016,PRJNA344688,Post-pubertal,Male,Yacha,ILLUMINA,Illumina HiSeq 2000,Muscle
SAMN05831029,-10.997634631506775,19.054260329925867,-6.057845553175915,-16.027063202074025,4.807666620300214,31.435859537512098,-14.109076228316926,-14.766638289032059,8.112502430496129,-8.673296042208158,17.158707,4.3138204,PRJNA344688,Post-pubertal,Male,Yanan,ILLUMINA,Illumina HiSeq 2000,Muscle
SAMN05831032,7.808867064367579,26.518346419211206,2.846892870196645,-21.59092721044011,2.2433949829829345,34.1353503538956,-0.3979264497171432,-19.552234886610623,6.328216688259339,-13.3306874641858,17.040642,4.177345,PRJNA344688,Post-pubertal,Male,Yanan,ILLUMINA,Illumina HiSeq 2000,Muscle
SAMN05831034,-15.917702794036462,14.620052891621016,-4.221460588042051,-13.640951776496035,-5.8504812515405105,24.278110139374373,-5.607765087421178,-17.909419144612997,-0.8716351167588213,-14.306054679463067,17.19495,4.3843737,PRJNA344688,Post-pubertal,Male,Yorkshire,ILLUMINA,Illumina HiSeq 2000,Muscle
SAMN05831036,-15.610931729768005,11.628120894235845,-3.060317030943721,-14.696713157375525,-3.6089189703339093,30.041596082685857,-8.343736977038093,-15.331922127060448,2.2276689279598587,-9.222938931440225,17.08695,4.2394886,PRJNA344688,Post-pubertal,Male,Yorkshire,ILLUMINA,Illumina HiSeq 2000,Muscle
SAMN05831038,-11.161733314653489,11.0353524272127,5.755697927240124,-22.613026529469874,-5.503710794246333,31.842691608256626,-9.272444606031629,-19.469493921978284,-0.698870594762379,-9.445401902982647,17.029343,4.1660066,PRJNA344688,Post-pubertal,Male,Yorkshire,ILLUMINA,Illumina HiSeq 2000,Muscle
SAMN05868441,19.845983657724826,34.356905525369235,39.77388341481942,33.82601692641712,-6.504923804298215,20.634657156307785,0.24578546085219397,0.291614378783165,-4.80549680697871,-5.086500328798525,-15.936873,23.733763,PRJNA345539,Post-pubertal,Unknown,Unknown,ILLUMINA,Illumina HiSeq 2500,Muscle
SAMN05952593,31.309725408457524,22.525961188481332,-18.58434806434814,-5.652818240017066,9.547981431242098,4.495186238310488,-9.198098422349242,-2.9846713435662937,2.444005063497409,0.30078978930945416,16.69913,7.513842,PRJNA351265,Early childhood,Male,"Crossbreed (Yorkshire, Landrace, Duroc)",PACBIO_SMRT,PacBio RS II,Muscle
SAMN06045920,84.06054798110246,98.560222623221,18.188875385256807,-15.459539977347015,25.609840591749872,-0.8867670716909376,-2.783599819303216,-21.80929597893008,1.6843441733814963,18.815393466746112,10.731042,9.431174,PRJNA354435,Post-pubertal,Female,Duroc x Pietrain,ILLUMINA,Illumina HiSeq 2500,Muscle
SAMN06047099,61.776445432047815,42.25206773659667,-55.03070044775848,32.49638984248724,18.7161189854777,18.117264358522213,-2.798132937343484,-20.902149635775416,5.0874400326234355,-14.891579613633509,10.444294,9.195633,PRJNA354523,Pre-pubertal,Unknown,Unknown,ILLUMINA,Illumina HiSeq 2500,Muscle
SAMN06047100,64.00047055970505,44.56918359278783,-53.46712679862981,33.942211188998456,20.083611768960722,16.267080481575736,1.3748213006812324,-8.986793002256254,6.842217940410262,-13.35500405791205,10.41694,9.173099,PRJNA354523,Pre-pubertal,Unknown,Unknown,ILLUMINA,Illumina HiSeq 2500,Muscle
SAMN06047101,49.62961043649167,61.28331787546546,-36.96210738809172,16.773863130977816,21.330348253991673,18.385371918298024,3.686851595639771,-10.116869122537828,3.5532165782267997,-6.212993254886542,10.328364,9.304392,PRJNA354523,Post-pubertal,Unknown,Unknown,ILLUMINA,Illumina HiSeq 2500,Muscle
SAMN06047102,42.007240341800106,61.63369509105509,-35.193068805040376,21.024210762900843,20.844524364670114,21.287759895559475,-5.788271947760445,-20.064159361160804,-5.231937298516566,-8.303021990306277,10.363142,9.39457,PRJNA354523,Adult,Unknown,Unknown,ILLUMINA,Illumina HiSeq 2500,Muscle
SAMN06118136,3.5949598210883598,-0.7915324541536917,-20.466871299708654,-1.9103564324703413,3.2054942242228806,21.70189194996218,18.909972135264145,20.693301240520043,-11.11390425212348,-15.578825076894047,17.197193,7.2240753,PRJNA356659,Infant,Male,Yorkshire,ILLUMINA,Illumina HiSeq 2500,Muscle
SAMN06118138,8.612348152180349,-10.127280420041364,-18.680633149571392,-7.368923712676298,-0.22884521888725917,17.42731065473529,24.52565287751708,17.509744394854422,-3.801682699826405,-25.48097008665833,17.285713,7.2681255,PRJNA356659,Infant,Male,Yorkshire,ILLUMINA,Illumina HiSeq 2500,Muscle
SAMN06118381,-8.179058176783863,-13.817372264366998,-20.415320030333433,-2.8249477782794266,-0.8889215556282316,15.410009150402928,17.672184512068004,22.46488349312819,-8.67393372904311,-19.068837507076775,17.450674,7.167276,PRJNA356659,Infant,Male,Yorkshire,ILLUMINA,Illumina HiSeq 2500,Muscle
SAMN06118382,8.72364359990608,-19.80953844592471,-17.563899947753363,-14.213958598227125,-4.6314510687679515,9.9003606276029,21.622362023471002,17.71153564786728,-4.179823535744235,-24.064369001616164,17.351776,7.347833,PRJNA356659,Infant,Male,Yorkshire,ILLUMINA,Illumina HiSeq 2500,Muscle
SAMN06118383,7.022138258752951,-20.226293974876405,-23.01164130262258,-9.391080041381674,-3.787387909617472,13.160289755794683,21.479265120861577,11.4306901742326,-3.2929681931193144,-25.0114832345681,17.457148,7.062012,PRJNA356659,Infant,Male,Yorkshire,ILLUMINA,Illumina HiSeq 2500,Muscle
SAMN06118384,-29.579012124334646,-24.81213901117681,-17.567470272452073,-4.445200696263014,-8.450850072975982,13.371572742327386,14.718579276097461,26.70985366466614,-10.546629971806064,-16.47455525796654,17.431156,7.3776326,PRJNA356659,Infant,Male,Yorkshire,ILLUMINA,Illumina HiSeq 2500,Muscle
SAMN06242686,-8.063110432219604,5.509985745907235,-20.187606113420532,15.35247683763903,-8.261099706826649,10.548484603940436,-8.007728669982026,-16.093941208496474,-3.6585652440064402,-3.2223623850530747,18.032093,6.9831285,PRJNA362606,Post-pubertal,Unknown,Unknown,ILLUMINA,Illumina HiSeq 2000,Muscle
SAMN06242687,-15.794907241416237,2.120460844785567,-18.864471217098675,12.976739755347623,-8.56707131949382,11.631254977033331,-1.5929724823268658,-12.484094049805895,4.738316046471865,-5.916545656167684,18.034582,7.08943,PRJNA362606,Post-pubertal,Unknown,Unknown,ILLUMINA,Illumina HiSeq 2000,Muscle
SAMN06242688,-18.076200256532477,13.411196841874087,-7.06072748503915,0.7134490959564205,-2.2417164954585296,11.464278761324891,-3.4512271963253043,-7.36062812136483,6.218227074053886,-4.371981574663194,18.043615,5.6723475,PRJNA362606,Post-pubertal,Unknown,Unknown,ILLUMINA,Illumina HiSeq 2000,Muscle
SAMN06972145,8.11751952022779,-1.256725220566396,-36.28167679772029,3.7386032251318015,9.571420276754925,4.10183352406451,4.374995892616109,44.09384991412479,2.905496526327737,-6.6981715672310065,17.136307,7.133763,PRJNA322309,Infant,Unknown,Duroc,ILLUMINA,Illumina HiSeq 2000,Muscle
SAMN06972146,11.060474341003674,-5.923802919033033,-42.51307890573191,8.58752584351393,5.926242674397484,6.336831964649526,3.237249007203305,37.16942996004062,-0.6001897063510767,-9.950835208982937,17.173702,7.1506033,PRJNA322309,Infant,Unknown,Duroc,ILLUMINA,Illumina HiSeq 2000,Muscle
SAMN06972161,16.07427519714815,0.9808221366953562,-55.605032735975556,16.614769110111357,17.916806051751305,4.088156536039914,-5.357957086852668,44.02534098904239,4.534785580919621,-1.3468062949963246,16.96866,7.2046127,PRJNA322309,Infant,Unknown,Duroc,ILLUMINA,Illumina HiSeq 2000,Muscle
SAMN06972162,19.249714016429923,-20.348006251936543,-51.84147838702305,18.26581884021331,5.416322970703866,5.184908266223439,-16.487416724789586,17.047842884740387,-9.175318654926361,-13.133564435363207,17.182384,7.1601505,PRJNA322309,Infant,Unknown,Rongchang,ILLUMINA,Illumina HiSeq 2000,Muscle
SAMN06972163,54.722898382320466,0.549905066735102,-50.22648460703621,15.371110327064335,11.618501910291807,9.357628589317612,-7.176080968004429,13.235793566346004,-9.68834494025995,-11.203049432982738,16.792786,7.2433596,PRJNA322309,Infant,Unknown,Rongchang,ILLUMINA,Illumina HiSeq 2000,Muscle
SAMN06972164,32.56336673893542,-8.386740066646375,-46.444578321237934,15.69466414844419,7.932105518344494,8.587012374283294,-6.728020700290042,20.38305853703473,-11.158180268450424,-11.670573708388282,16.920609,7.1909823,PRJNA322309,Infant,Unknown,Rongchang,ILLUMINA,Illumina HiSeq 2000,Muscle
SAMN07136155,-52.4408035931732,1.3767468396159817,-54.41339013917421,48.33006822579416,-23.488253121273576,-11.13190694130146,20.98055975267315,-3.169193619025338,-2.1164335886019314,-0.3107640613774175,19.438597,9.438987,PRJNA386796,Early childhood,Female,Duroc,ILLUMINA,Illumina HiSeq 2000,Muscle
SAMN07136157,-44.51047399872723,13.356465931147598,-52.912885776883826,45.07006445241798,-16.94509645752461,-12.981891623699127,13.976609326270058,-1.7700387873949917,0.2930106091842786,7.486509908940522,19.49,9.344581,PRJNA386796,Early childhood,Female,Duroc,ILLUMINA,Illumina HiSeq 2000,Muscle
SAMN07136159,-2.9674026030003926,28.431636143745354,-35.944398840667084,22.57053232446603,-4.363169073166895,-11.371149739113811,6.774245745829045,-15.978065152984758,5.615639462538814,2.8309717249125783,18.672943,8.966741,PRJNA386796,Early childhood,Female,Duroc,ILLUMINA,Illumina HiSeq 2000,Muscle
SAMN07136161,-44.091638098263616,9.868195919430288,-51.6056010873088,40.187571560935154,-18.77116520234137,-21.254795154591786,22.671369395942136,2.2976789621515166,4.506697042840905,3.00266506522909,19.512321,9.304458,PRJNA386796,Early childhood,Female,Duroc,ILLUMINA,Illumina HiSeq 2000,Muscle
SAMN07136163,3.7644491317700997,42.73389902336012,-25.13078937603991,15.422629083161087,1.5902272144571663,-10.116091788981056,3.8466615543588523,-15.404663725084765,4.28852957750736,5.713717574185507,18.504705,9.018951,PRJNA386796,Early childhood,Female,Duroc,ILLUMINA,Illumina HiSeq 2000,Muscle
SAMN07136165,-8.404235416590515,32.13233454172518,-53.51451665863639,40.84829911446711,-5.823282515575014,-21.74558155062208,17.10143349289905,-8.699843014527058,6.722936294661931,8.94934854389304,19.037762,9.069019,PRJNA386796,Early childhood,Female,Duroc,ILLUMINA,Illumina HiSeq 2000,Muscle
SAMN07136167,-23.677430463898997,33.78639375027509,-15.093255876963246,6.305448594887006,-2.4688661251140713,-6.027985270807428,0.6828755977173354,-6.020194994006704,2.399378920873537,7.181753166127539,18.464407,9.183219,PRJNA386796,Early childhood,Female,Duroc,ILLUMINA,Illumina HiSeq 2000,Muscle
SAMN07136169,18.69911002379323,51.10167477282417,-20.33599979652142,5.63787313542933,8.61682708064064,-7.03193211558811,1.3598556153009944,-10.438970165472323,3.5583248626878725,9.174684636435003,18.281658,9.012001,PRJNA386796,Early childhood,Female,Duroc,ILLUMINA,Illumina HiSeq 2000,Muscle
SAMN07136171,9.75040174542925,43.59973342836907,-18.263318151462723,5.948913031387059,4.257489633689695,-6.2903417837295175,-4.8439109502371895,-19.641308632137708,-0.7396155949495882,7.9470451983211445,18.379763,9.072047,PRJNA386796,Early childhood,Female,Duroc,ILLUMINA,Illumina HiSeq 2000,Muscle
SAMN07136173,-32.14105412439405,15.209033065947203,-54.83172166052749,45.32319379366338,-14.736284017628986,-21.363741040582607,17.363986149757388,-0.2877460827553299,9.028503932020929,6.373764188504254,19.493612,9.259264,PRJNA386796,Early childhood,Female,Duroc,ILLUMINA,Illumina HiSeq 2000,Muscle
SAMN07136175,-22.811157012054156,21.28794422188567,-39.64306523219834,32.75243067456646,-12.328828058329819,-20.018429671863295,12.273460694284855,-9.945136161309309,-1.0950099924044678,6.512791028079768,18.98481,9.136781,PRJNA386796,Early childhood,Female,Duroc,ILLUMINA,Illumina HiSeq 2000,Muscle
SAMN07136177,-19.426551577230956,33.04831524817225,-27.12463648856898,18.752650031694053,-5.434868025822393,-16.328183823712468,6.835062783293462,-10.252737182732552,-0.30324256495784807,7.489068927252743,18.63268,9.042765,PRJNA386796,Early childhood,Female,Duroc,ILLUMINA,Illumina HiSeq 2000,Muscle
SAMN07136179,-5.555702529401333,34.66208591050415,-25.82113444409929,16.986502389244166,-1.284753654988991,-7.739305802856256,2.983955800395196,-16.72859883808247,-0.5327071716908773,7.334154131831423,18.549389,9.082429,PRJNA386796,Early childhood,Female,Duroc,ILLUMINA,Illumina HiSeq 2000,Muscle
SAMN07136181,5.999989505357892,26.59374634043699,-49.29026840692302,32.20664930147498,-2.780083529949972,-23.30188748996531,11.997457473026039,-14.196752401844261,15.702564437344916,1.9905269747993153,18.841349,8.964103,PRJNA386796,Early childhood,Female,Duroc,ILLUMINA,Illumina HiSeq 2000,Muscle
SAMN07136183,-6.1810020146730515,32.43386990709086,-44.68073859619383,37.15234423025586,-3.944661879302381,-15.466597687432241,12.036634081554846,-13.333020877483916,0.10726626750431298,8.699635995643,18.863781,8.951034,PRJNA386796,Early childhood,Female,Duroc,ILLUMINA,Illumina HiSeq 2000,Muscle
SAMN07136185,-82.52561795682969,-21.88840714542739,-14.118505537209131,25.967401107493465,14.14787147793085,-12.653645990914129,17.213127468210928,-4.770213863758558,-7.241350022936916,1.4746832935125946,4.4417033,6.522753,PRJNA386796,Early childhood,Female,Duroc,ILLUMINA,Illumina HiSeq 2000,Muscle
SAMN07136187,-12.552444056686417,27.018287981150213,-47.516760193875044,34.44180366886578,-3.6638034205661687,-16.264463741608694,1.8497587100183754,-5.862197836436313,2.3021596482707096,10.253643183188448,18.857084,9.035717,PRJNA386796,Early childhood,Female,Duroc,ILLUMINA,Illumina HiSeq 2000,Muscle
SAMN07136189,-31.03302986623221,11.8280195584589,-60.83022998033409,48.29692930507278,-18.199556619221152,-21.788602948295583,24.47231136288647,-6.868687112671725,-1.2333661169590562,2.2180474026963144,19.461378,9.290769,PRJNA386796,Early childhood,Female,Duroc,ILLUMINA,Illumina HiSeq 2000,Muscle
SAMN07136191,-16.36721246362969,30.833136673799583,-43.43043298545487,30.846177797663493,-3.621173950230164,-10.350151883531606,7.4090734506422224,-8.975151413597462,4.120220317524208,4.392435463264866,18.72075,9.053153,PRJNA386796,Early childhood,Female,Duroc,ILLUMINA,Illumina HiSeq 2000,Muscle
SAMN07136193,-1.7739392765038793,29.285364115161446,-37.361715345079276,16.296759386109457,-3.9061093366820594,-12.544882351382824,11.303732639858504,-14.919447465861133,5.529019012481211,3.983646792358875,18.684414,8.944051,PRJNA386796,Early childhood,Female,Duroc,ILLUMINA,Illumina HiSeq 2000,Muscle
SAMN07136195,-28.74351784024746,12.944014516512025,-60.02366642163238,48.93303391287823,-18.543037607624143,-19.84632640361524,19.518594068695055,-5.468020875545356,2.1741641060154038,5.319414383571976,19.494299,9.270947,PRJNA386796,Early childhood,Female,Duroc,ILLUMINA,Illumina HiSeq 2000,Muscle
SAMN07136197,-7.532121570219105,24.19259363318805,-44.34082254581696,29.700308412164027,-6.676662590273268,-18.37771451766377,19.048732344475614,-14.156328124603503,12.84462674349357,0.9741529038590693,18.787474,8.9658575,PRJNA386796,Early childhood,Female,Duroc,ILLUMINA,Illumina HiSeq 2000,Muscle
SAMN07136199,-1.3060360728022071,39.98265305420529,-39.666625979724024,28.78495338527928,-0.6992821013464033,-15.082253840190406,14.515947043507822,-13.981238546188948,3.1414575631144244,7.513728905185938,18.693623,8.951826,PRJNA386796,Early childhood,Female,Duroc,ILLUMINA,Illumina HiSeq 2000,Muscle
SAMN07136201,-36.369261905223134,15.879838890407525,-43.475480202933625,35.85897830459575,-14.205671735420939,-14.913022839162485,9.839637288677007,-7.290873100647744,0.36441406660768844,-0.45451651036125634,19.198656,9.39899,PRJNA386796,Early childhood,Female,Duroc,ILLUMINA,Illumina HiSeq 2000,Muscle
SAMN07136203,-27.563817746741716,21.705027986202488,-53.90576868535039,41.726151077707065,-13.636383860837581,-23.484009158668258,20.888478324754818,-2.663640979666758,1.0669596180660281,8.54174098818538,19.38035,9.182009,PRJNA386796,Early childhood,Female,Duroc,ILLUMINA,Illumina HiSeq 2000,Muscle
SAMN07136205,-13.698676575047077,16.03166376811758,-57.34277208773152,42.44526701398398,-16.2548439526376,-10.715929046148085,18.85793387708156,-9.893702676097007,1.5752583577081267,2.476737275614439,19.16559,9.228594,PRJNA386796,Early childhood,Female,Duroc,ILLUMINA,Illumina HiSeq 2000,Muscle
SAMN07136207,-58.45506375584172,-7.438485440500651,-66.86819798007632,58.271670522115166,-26.590226478376778,-20.28334476435966,25.953780855859478,2.7512718817557853,-1.5321711062036705,-0.5803584480517235,19.574425,9.342919,PRJNA386796,Early childhood,Female,Duroc,ILLUMINA,Illumina HiSeq 2000,Muscle
SAMN07136209,-8.71798657072978,30.690530285539037,-48.79459965157297,33.18589813734451,-7.617540534980944,-16.926773791783187,14.821315967147175,-11.908592007867847,2.2353309615162145,5.808846370247647,18.90904,9.03752,PRJNA386796,Early childhood,Female,Duroc,ILLUMINA,Illumina HiSeq 2000,Muscle
SAMN07136211,-33.62541408998403,10.839999715135532,-55.94017707265093,47.78857350327772,-18.20121829594205,-19.188218126320457,24.268648933140952,-4.324372810480837,2.763519270969084,3.398518381760766,19.51181,9.268033,PRJNA386796,Early childhood,Female,Duroc,ILLUMINA,Illumina HiSeq 2000,Muscle
SAMN07136213,-8.93475710810733,29.722212237532254,-54.623001913261234,40.01378114035822,-10.15165664624382,-21.206215137005138,17.60637996938476,-5.048443131052632,2.729725400611208,11.977174064703695,19.226671,9.059587,PRJNA386796,Early childhood,Female,Duroc,ILLUMINA,Illumina HiSeq 2000,Muscle
SAMN07136215,-25.731497989176198,25.88879570495019,-31.2114049842591,23.352392762824124,-6.6588978293274605,-14.77806997119192,-0.24510319940539974,-6.5000455753815425,0.8297745518964947,6.604886871283431,18.5505,9.217668,PRJNA386796,Early childhood,Female,Duroc,ILLUMINA,Illumina HiSeq 2000,Muscle
SAMN07136217,-7.164334921292027,29.75753914646474,-31.539527324568876,21.60675841694911,-5.257404533389364,-7.995649074380002,6.130931769317173,-17.46393266373688,-0.13889566194244324,0.2625253706361738,18.627268,9.032039,PRJNA386796,Early childhood,Female,Duroc,ILLUMINA,Illumina HiSeq 2000,Muscle
SAMN07136219,1.3702828049744165,28.060310205799425,-47.56307428451879,38.292198108302394,-7.2777445029605925,-13.933741836189412,18.398507651716177,-9.37861551474788,3.863224717923973,9.067070674403581,18.753435,8.914461,PRJNA386796,Early childhood,Female,Duroc,ILLUMINA,Illumina HiSeq 2000,Muscle
SAMN07136223,-126.4364978345395,-68.73364842099545,-9.54233472059943,18.2332200778254,-50.05376134979296,-9.711679756486593,21.234568161947333,13.102074524544483,-1.1690098474962731,-8.228042041618679,18.567398,11.482916,PRJNA386796,Early childhood,Female,Duroc,ILLUMINA,Illumina HiSeq 2000,Muscle
SAMN07136227,-19.466558408534386,23.774661367248587,-52.22185188400887,38.94117864862649,-13.316770690074783,-8.960098440198339,19.15471805095138,-6.784642962839146,-1.1175819807135339,2.0055589065580497,19.165007,9.169348,PRJNA386796,Early childhood,Female,Duroc,ILLUMINA,Illumina HiSeq 2000,Muscle
SAMN07136229,-33.029668236455606,3.452419043428496,-72.42681739191804,56.43330717737104,-20.037980662207847,-32.03386264351805,22.516912045191656,1.186781389853133,4.3369007351235584,5.1635443409060935,19.547468,9.257814,PRJNA386796,Early childhood,Female,Duroc,ILLUMINA,Illumina HiSeq 2000,Muscle
SAMN07136231,-39.97349656655434,-2.21893996818975,-61.74655992470175,52.45994711650819,-23.675598809454986,-15.518605360220217,23.44642964249274,1.9169539830243072,1.8058818363092313,6.16086341185077,19.628496,9.382439,PRJNA386796,Early childhood,Female,Duroc,ILLUMINA,Illumina HiSeq 2000,Muscle
SAMN07201003,13.517224779105785,25.74063907251292,-27.89689375159993,15.38091504712205,4.037226503831854,25.479236696536624,2.8884105605874937,13.938394237854135,9.557777022494179,4.590114229210553,17.62605,7.3144326,PRJNA389512,Infant,Unknown,Tibetan,ILLUMINA,Illumina HiSeq 4000,Muscle
SAMN07201004,-1.5783898863502783,7.853315850759655,-22.801310143803345,17.478697266707396,-1.150464987826674,26.364206135524917,-3.9268565091973593,14.01859008748576,7.109020748249936,5.67026704284294,17.751965,7.133531,PRJNA389512,Infant,Unknown,Tibetan,ILLUMINA,Illumina HiSeq 4000,Muscle
SAMN07201005,128.57893401584755,-48.821321580320834,-42.057169451686235,-32.713650788665525,-15.4247413194277,-6.3751321407551345,10.034015229259664,-3.788079065403166,-4.037771022395152,5.591543275548018,10.7911825,4.1912622,PRJNA389512,Infant,Unknown,Large white,ILLUMINA,Illumina HiSeq 4000,Muscle
SAMN07201006,121.35634303669876,-51.113926121656604,-43.3503132964446,-29.77948383212208,-14.052041090405805,-4.728748597490865,8.660795232938028,-4.641221927547545,-2.7440319404880613,4.712850925759867,10.7570715,4.2237124,PRJNA389512,Infant,Unknown,Large white,ILLUMINA,Illumina HiSeq 4000,Muscle
SAMN07201007,108.0925123564336,-57.02991725535195,-44.01723130629141,-28.903104791441685,-17.17908850355187,-3.701506596240058,7.290279351140809,-1.972348150585627,-4.229622208490698,3.673147107453487,10.838376,4.1872845,PRJNA389512,Infant,Unknown,Large white,ILLUMINA,Illumina HiSeq 4000,Muscle
SAMN07201008,116.36295004543193,-50.49594210534977,-47.83104997797647,-20.84893490532792,-13.477553827604497,6.497536266069565,8.75858495532223,-2.3914482564634314,-6.440359779480355,8.157222152772018,10.99059,4.149715,PRJNA389512,Infant,Unknown,Wujin,ILLUMINA,Illumina HiSeq 4000,Muscle
SAMN07201009,110.33689298491325,-50.59559871222042,-50.92257038701081,-21.14062589884689,-15.472057592718118,5.469338513222847,9.160600397690546,0.4725271461535077,-8.726377264494786,8.886289374194657,11.078669,4.1112566,PRJNA389512,Infant,Unknown,Wujin,ILLUMINA,Illumina HiSeq 4000,Muscle
SAMN07201010,87.94400492452206,-60.47888161585672,-56.51722707929379,-11.208880037403027,-16.008167396747712,6.3114605012635705,2.644033954073036,7.62009213066702,-3.707497846239242,7.491306839047068,11.19654,4.005262,PRJNA389512,Infant,Unknown,Wujin,ILLUMINA,Illumina HiSeq 4000,Muscle
SAMN07201011,-5.682303808711882,14.782092693687156,-28.876225106375234,20.841597928976988,-5.437810429640232,22.740375536623652,3.997268112526153,7.766826871331801,3.1232849185465064,2.0916910599114664,17.847498,7.254062,PRJNA389512,Infant,Unknown,Tibetan,ILLUMINA,Illumina HiSeq 4000,Muscle
SAMN07313545,21.261350881041228,19.12036071279344,54.541897130452874,53.09119297118592,-24.73022560344081,0.11280934815382007,6.487515100135682,5.894939028573078,13.350520157835524,5.5346353882722195,-15.718395,23.610579,PRJNA392949,Post-pubertal,Male,Duroc,ILLUMINA,Illumina HiSeq 2500,Muscle
SAMN07626877,62.69482237606558,73.1957104606797,-30.822586266584885,12.097297344883682,16.640077501353733,-0.023529582196231726,2.784076807566678,-17.597077406102528,-4.199438114713112,4.4858856003577925,10.443673,9.360318,PRJNA403969,Post-pubertal,Female,Duroc x Pietrain,ILLUMINA,Illumina HiSeq 2000,Muscle
SAMN07626878,-36.189748835699135,24.175344683564767,11.727674215137744,-23.70176706137825,-9.987120231031803,-10.99778355990586,-3.5819337257709294,7.051995818206344,-3.3938746773788213,0.4077096535768037,15.524503,11.806507,PRJNA403969,Post-pubertal,Female,Duroc x Pietrain,ILLUMINA,Illumina HiSeq 2500,Muscle
SAMN07626879,-51.336116507632404,22.32739142124723,16.25415500629028,-24.449980741384756,-11.845241489721811,-6.266410229415357,-2.3822713335551797,10.725323939325861,-5.037619165029548,-2.424027127312769,15.902264,11.979274,PRJNA403969,Post-pubertal,Male,Duroc x Pietrain,ILLUMINA,Illumina HiSeq 2500,Muscle
SAMN07626880,-30.94737046868307,32.066526813946915,8.171128624181133,-21.106142780259535,-6.471296310383053,-8.631355307664649,-4.59041284276271,8.33570059909219,-4.245086163527042,-3.1283927831159155,15.175845,11.476883,PRJNA403969,Post-pubertal,Male,Duroc x Pietrain,ILLUMINA,Illumina HiSeq 2500,Muscle
SAMN07626881,64.06193629842991,68.4668806825428,-29.84484044111613,11.119613174687718,19.201185661439336,-0.052521968041312476,-0.23295416238499791,-11.81536589623412,-4.756638961427297,7.582768073038176,10.471802,9.245734,PRJNA403969,Post-pubertal,Female,Duroc x Pietrain,ILLUMINA,Illumina HiSeq 2000,Muscle
SAMN07626882,-64.62027015245452,6.016368278212404,9.5271774192489,-14.303576119742718,-19.74918303752197,-5.655094597415067,-2.676548252081609,1.6988161279171272,-13.250907371143526,-7.72082943294353,16.108027,11.971618,PRJNA403969,Post-pubertal,Female,Duroc x Pietrain,ILLUMINA,Illumina HiSeq 2500,Muscle
SAMN07626883,-29.28390498889467,36.98919353782892,14.877971498682722,-24.39237440137375,-4.36458909533714,-8.317363260419658,-3.464907397908386,8.34439160716175,-0.5576308698392076,-3.729666836949222,14.890562,11.495444,PRJNA403969,Post-pubertal,Male,Duroc x Pietrain,ILLUMINA,Illumina HiSeq 2500,Muscle
SAMN07626884,74.52969843831725,90.54579980328106,-35.10038084475768,6.15631010533218,23.50311100023775,-3.996602845630305,5.004077801402598,-8.379672038287024,-5.726120190544431,13.536703350723428,10.43876,9.346552,PRJNA403969,Post-pubertal,Female,Duroc x Pietrain,ILLUMINA,Illumina HiSeq 2000,Muscle
SAMN07626885,-30.525408183839623,25.444605185092332,9.227260755317234,-16.550833786574366,-7.404901367908504,-2.611686365898117,-9.300895497151808,-0.7791611580608712,-13.842274576041067,-1.9438745229771106,15.46852,11.298821,PRJNA403969,Post-pubertal,Female,Duroc x Pietrain,ILLUMINA,Illumina HiSeq 2500,Muscle
SAMN07626886,-40.28555819334748,24.863211266939572,11.564526415349794,-22.413979252380816,-9.043618748632701,-5.2628479089996345,-3.713540258326608,5.072363407046069,-6.9796032610502765,-7.582681941536966,15.700395,11.724673,PRJNA403969,Post-pubertal,Male,Duroc x Pietrain,ILLUMINA,Illumina HiSeq 2500,Muscle
SAMN07626887,-53.80409288999416,13.44073985735748,15.897558164853276,-23.654240295872818,-15.375434503733755,-9.164180748440044,-0.35065353715184433,11.606693975919706,-6.098097591167396,-3.771764725757101,15.992723,12.102395,PRJNA403969,Post-pubertal,Male,Duroc x Pietrain,ILLUMINA,Illumina HiSeq 2500,Muscle
SAMN07626888,64.76619929433014,72.8037483801311,-30.69014739336846,6.853596855003814,18.481564954928658,-3.272666572991322,3.214137171120067,-11.151869784189875,-2.5292906289543455,8.24271611287522,10.331323,9.294192,PRJNA403969,Post-pubertal,Female,Duroc x Pietrain,ILLUMINA,Illumina HiSeq 2000,Muscle
SAMN07626889,-85.38734832577961,-11.645965038730937,20.454245912526442,-22.593466400577842,-26.360565004982536,-4.534697927335772,-3.1552237217864425,5.514491706308712,-11.658937696070105,-5.479205621217558,18.390776,12.428352,PRJNA403969,Post-pubertal,Female,Duroc x Pietrain,ILLUMINA,Illumina HiSeq 2500,Muscle
SAMN07626890,-64.68787030276262,15.408063742240833,23.716694275435824,-31.117277270626456,-17.51592367933699,-8.625781290155244,0.4015142182042786,7.3553202270316556,-8.183531170824006,-4.926721822264034,16.089804,12.071032,PRJNA403969,Post-pubertal,Male,Duroc x Pietrain,ILLUMINA,Illumina HiSeq 2500,Muscle
SAMN07626891,-48.46554649712622,21.914888471928727,15.615342558530553,-26.62909532396606,-12.58463321761168,-10.639854648596433,-2.5986313407318247,9.946762230751904,-2.999439228421806,-4.518455254365365,15.68635,11.9762125,PRJNA403969,Post-pubertal,Male,Duroc x Pietrain,ILLUMINA,Illumina HiSeq 2500,Muscle
SAMN07626892,-68.41733287738316,1.2519854116606426,18.522339943247434,-30.094610549157974,-19.67395830627043,-12.776134333794904,1.861838431701474,15.730145735847278,-1.0845810300311027,-6.1311203486290555,16.160934,12.120714,PRJNA403969,Post-pubertal,Female,Duroc x Pietrain,ILLUMINA,Illumina HiSeq 2500,Muscle
SAMN07626893,53.547217810647396,78.80026170225501,-26.625706270002038,1.3864904459639065,19.32844872623317,-7.243550031605122,3.603891328701966,-8.749535530849993,-3.740508665477897,7.4524664917551755,10.486713,9.425658,PRJNA403969,Post-pubertal,Female,Duroc x Pietrain,ILLUMINA,Illumina HiSeq 2000,Muscle
SAMN07626894,-17.352939336911486,41.893469085888675,9.589001380513182,-27.19633372437046,-2.7170449132253114,-15.487925318603416,-0.7125096716066642,15.596911474096112,0.9962198147195849,-0.15721325981867745,14.16825,11.480577,PRJNA403969,Post-pubertal,Male,Duroc x Pietrain,ILLUMINA,Illumina HiSeq 2500,Muscle
SAMN07626895,-41.663177558953336,30.699959153479035,12.964978817522995,-25.6354315697233,-10.628668100246133,-13.486168337605866,-0.8781357211092955,11.701518481025351,-2.7744443709421347,-3.7441261298600206,15.134874,11.937076,PRJNA403969,Post-pubertal,Male,Duroc x Pietrain,ILLUMINA,Illumina HiSeq 2500,Muscle
SAMN07626896,35.19014506545174,60.51090693428538,-23.88162805747607,8.69610650861743,25.295278071253367,-11.992349962083338,-30.273314505637853,-2.3265624872458566,10.849291865204625,12.445424876306017,10.529959,9.630444,PRJNA403969,Post-pubertal,Female,Duroc x Pietrain,ILLUMINA,Illumina HiSeq 2000,Muscle
SAMN07626897,-23.59068603329454,36.42796786440481,6.462938604652745,-20.826091787289847,-3.1438461055524223,-10.70169682160648,-6.286279643150228,6.368416416537735,-4.503274594164897,2.0255161041914045,14.760968,11.037277,PRJNA403969,Post-pubertal,Female,Duroc x Pietrain,ILLUMINA,Illumina HiSeq 2500,Muscle
SAMN07626898,-33.92933092049249,35.98358268103249,15.146099795246956,-25.880336012533178,-6.589028971648333,-10.37801714449811,-7.778821213583064,9.116873510861911,-7.666397319444675,-0.25683960706239267,15.122131,11.41761,PRJNA403969,Post-pubertal,Male,Duroc x Pietrain,ILLUMINA,Illumina HiSeq 2500,Muscle
SAMN07626899,-62.9035085243612,8.30323733147828,22.2555979133663,-33.03531146312308,-15.044161078540274,-11.854602638557497,-4.133566039851196,15.070527168258558,0.23318437073736287,-7.399569270673802,16.10632,12.162978,PRJNA403969,Post-pubertal,Male,Duroc x Pietrain,ILLUMINA,Illumina HiSeq 2500,Muscle
SAMN07626900,47.801885855831955,77.83671928038798,-32.99612401912285,9.430201403225759,15.56425536240325,-5.70207785960795,8.26059791530716,-4.90749949432292,-1.9739113318115002,8.649557649311125,10.311984,9.360654,PRJNA403969,Post-pubertal,Female,Duroc x Pietrain,ILLUMINA,Illumina HiSeq 2000,Muscle
SAMN07626901,-18.356584928154707,46.222179863348025,13.007815556584088,-26.571261002136776,-2.4462996133350496,-14.040767224075562,-3.5708370527020663,10.916217124400587,3.0419753077898473,1.9862891685916237,14.186914,11.287976,PRJNA403969,Post-pubertal,Male,Duroc x Pietrain,ILLUMINA,Illumina HiSeq 2500,Muscle
SAMN07626902,-31.065865763216845,31.22772107869872,15.189216603028813,-32.0181921319943,-7.166513866178598,-14.775911337517737,-2.996364508603565,12.646521891951195,1.2982783916139307,-4.801909904737031,14.763761,11.927417,PRJNA403969,Post-pubertal,Male,Duroc x Pietrain,ILLUMINA,Illumina HiSeq 2500,Muscle
SAMN07626903,-55.24861979249739,12.010466193906236,12.177148281862332,-27.34688924140682,-12.55324827118926,-16.00568271611435,0.06870039832682538,18.66120579730105,4.699227464622446,-4.483705389727531,15.706049,12.045379,PRJNA403969,Post-pubertal,Female,Duroc x Pietrain,ILLUMINA,Illumina HiSeq 2500,Muscle
SAMN07626904,50.32400693344022,78.63962030325013,-30.5671896578797,3.498783347967765,17.37290386828093,-8.554227291448404,10.921093582497644,0.8724123523240901,6.950006702515886,8.319341568059896,10.470029,9.460952,PRJNA403969,Post-pubertal,Female,Duroc x Pietrain,ILLUMINA,Illumina HiSeq 2000,Muscle
SAMN07626905,-25.62434625207474,39.04047733602111,10.666172820629626,-24.142178383502877,-4.531212093511354,-9.913031792219625,-4.797059469413242,6.362426116975152,-2.760497578604007,-0.12986097491246362,14.701328,11.435186,PRJNA403969,Post-pubertal,Male,Duroc x Pietrain,ILLUMINA,Illumina HiSeq 2500,Muscle
SAMN07626906,6.656732464121317,55.72504285206514,11.394887521340491,-28.49595336483452,5.768419972412595,-13.19995381530318,-4.98017674883353,3.6671356621021207,2.5808783437584357,4.81612419726447,13.681808,10.804674,PRJNA403969,Post-pubertal,Male,Duroc x Pietrain,ILLUMINA,Illumina HiSeq 2500,Muscle
SAMN07626907,-23.714705867917385,34.5390350396211,5.451031544024788,-16.915057053489313,-5.000596551052552,-5.163378904725064,-2.6278071428094982,1.8486259505040148,-12.580387338104604,1.4472301009829418,14.964117,11.047102,PRJNA403969,Post-pubertal,Female,Duroc x Pietrain,ILLUMINA,Illumina HiSeq 2500,Muscle
SAMN07626908,56.295588729850714,76.86755039608877,-40.154384848311004,15.426005671890533,14.884434793983969,-5.42300927718407,10.159141321665883,-5.548898233100414,-7.610302582504597,10.15966710138561,10.243686,9.358051,PRJNA403969,Post-pubertal,Female,Duroc x Pietrain,ILLUMINA,Illumina HiSeq 2000,Muscle
SAMN07626909,-21.3143704628484,40.80826073480586,14.670805180704539,-24.70342170572819,-3.951820998862238,-11.201773774360559,-2.966786431856189,6.775542560795161,-3.182909266756883,-2.3261701080666315,14.486183,11.4234295,PRJNA403969,Post-pubertal,Male,Duroc x Pietrain,ILLUMINA,Illumina HiSeq 2500,Muscle
SAMN07626910,58.10004233452931,77.95490110676616,-27.341934769526468,0.970579200135846,16.750008989572837,-2.1978780194338707,7.781974447350947,-10.3291842102571,-3.3851000199663512,7.121621019304207,10.513318,9.430416,PRJNA403969,Post-pubertal,Female,Duroc x Pietrain,ILLUMINA,Illumina HiSeq 2000,Muscle
SAMN07626911,-12.213213997691058,44.83728765678546,6.0559417695661235,-21.08903128284845,-2.0006120383127457,-12.086256146104791,-3.1738065863378964,8.625228503286234,-5.538411302378168,4.173466637386151,14.461217,10.927041,PRJNA403969,Post-pubertal,Female,Duroc x Pietrain,ILLUMINA,Illumina HiSeq 2500,Muscle
SAMN07626912,-16.129601149955743,41.71033115138046,12.272496947932616,-29.20464331416008,-1.539115878141422,-14.292320994564466,-1.2285905605925287,13.495299108141596,3.101206187848452,-2.979565316930708,14.311553,11.224662,PRJNA403969,Post-pubertal,Male,Duroc x Pietrain,ILLUMINA,Illumina HiSeq 2500,Muscle
SAMN07626913,-73.1836524543058,-1.0463703813929934,18.14669317322673,-25.619508792648027,-17.279381701452152,-5.981116394140609,-5.782496341933526,14.496940627125431,-10.482509531889121,-6.3227945321277,16.24491,12.158113,PRJNA403969,Post-pubertal,Male,Duroc x Pietrain,ILLUMINA,Illumina HiSeq 2500,Muscle
SAMN07626914,20.167500897346496,49.2160130013415,-20.960627689526202,4.32667254686112,19.40775201602793,-8.611058881948056,-22.285316277489503,0.4817477062135694,10.758336307681887,10.22358714281628,10.652433,9.701306,PRJNA403969,Post-pubertal,Female,Duroc x Pietrain,ILLUMINA,Illumina HiSeq 2000,Muscle
SAMN07626915,-25.97376690546457,31.33637423572037,12.876602693628197,-21.686612331160312,-7.059369615863992,-10.056625676106338,-7.184565181171164,0.2996643533157663,-9.831142102206526,5.106948001764377,15.129977,11.170466,PRJNA403969,Post-pubertal,Female,Duroc x Pietrain,ILLUMINA,Illumina HiSeq 2500,Muscle
SAMN07626916,11.784361507444046,55.225412136500346,3.8362449401771817,-18.67531970662798,7.568570599628188,-7.547450713339353,-3.8988962672693455,8.829610240322095,-2.3326186591519478,2.1191719424619166,13.835615,10.609349,PRJNA403969,Post-pubertal,Male,Duroc x Pietrain,ILLUMINA,Illumina HiSeq 2500,Muscle
SAMN07626917,16.103831224466244,58.33892332562412,1.0751671598751515,-17.259715850602777,7.854296604825294,-7.6059157816295455,-4.053078475565076,3.3034485157329114,-3.0147635484944937,1.754903118199673,13.619462,10.620412,PRJNA403969,Post-pubertal,Male,Duroc x Pietrain,ILLUMINA,Illumina HiSeq 2500,Muscle
SAMN07626918,52.97224560607819,78.01357455091993,-30.171868532172063,5.997349372370668,17.488026673833996,-5.57598498278297,6.068067124974233,-5.087671203966173,-4.942764010709472,9.491904360059772,10.30933,9.463516,PRJNA403969,Post-pubertal,Female,Duroc x Pietrain,ILLUMINA,Illumina HiSeq 2000,Muscle
SAMN07626919,-5.637506723171762,48.5623219026988,4.736780207328364,-15.54607767922464,4.077083475964066,-5.081396233431153,-7.792746728172899,1.573431301320287,-10.02373342424965,6.3533439561694225,14.409877,10.68798,PRJNA403969,Post-pubertal,Female,Duroc x Pietrain,ILLUMINA,Illumina HiSeq 2500,Muscle
SAMN07626920,-12.94333226721747,44.08521582536435,12.311136002441065,-18.89870852088918,0.5085408693176359,-6.471041476272114,-7.142343384285657,1.8108673822450128,-10.735247952697957,-1.8285985445125683,14.749081,10.931972,PRJNA403969,Post-pubertal,Male,Duroc x Pietrain,ILLUMINA,Illumina HiSeq 2500,Muscle
SAMN07626921,-24.23080210114565,35.94784400057466,8.556694412687813,-24.410495057478045,-5.771540949004587,-7.11550692728924,-1.1382611281215675,5.738576476244911,-8.297499658593644,-2.302482974524962,14.815766,11.5149765,PRJNA403969,Post-pubertal,Male,Duroc x Pietrain,ILLUMINA,Illumina HiSeq 2500,Muscle
SAMN07626922,-57.322377733134495,13.48604586959127,14.294542582975357,-23.144627002885233,-15.198519774501374,-8.328608325125888,1.2150177786612792,10.561868687299881,-8.078693713146622,-4.9503764318921295,15.996361,12.088151,PRJNA403969,Post-pubertal,Female,Duroc x Pietrain,ILLUMINA,Illumina HiSeq 2500,Muscle
SAMN07626923,-100.12332681841181,-33.26824971340358,12.424219946083262,-21.7035582278046,-24.15008167679517,-12.200433262595075,-16.17924894343387,26.214611612083587,5.186795422993875,2.356849738537359,18.453016,12.241525,PRJNA403969,Post-pubertal,Male,Duroc x Pietrain,ILLUMINA,Illumina HiSeq 2500,Muscle
SAMN07626924,63.880288607765316,79.69701919400404,-31.44369862649554,2.1278653280731925,19.591615437967683,-6.83493001107159,8.95250884232946,-5.379945939914023,6.19876136621263,5.90230975404474,10.39208,9.32785,PRJNA403969,Post-pubertal,Female,Duroc x Pietrain,ILLUMINA,Illumina HiSeq 2000,Muscle
SAMN07626925,46.07101890185103,83.88396537292336,4.245748005399202,-18.86880676972934,18.280592319195303,-11.425125214560188,-10.990403939278748,-3.3815111836752605,1.578335843126588,9.101152087219619,10.870491,9.613412,PRJNA403969,Post-pubertal,Male,Duroc x Pietrain,ILLUMINA,Illumina HiSeq 2500,Muscle
SAMN07626926,46.8480851911795,64.8763871409801,-34.030921880970624,3.7674439345962893,21.665960308106843,-20.349306248127906,-11.903196107708617,7.338826202308897,20.991030143285208,13.495803983189035,10.44663,9.521275,PRJNA403969,Post-pubertal,Female,Duroc x Pietrain,ILLUMINA,Illumina HiSeq 2000,Muscle
SAMN07626927,-27.915930626690507,29.364765270641954,12.05154785862172,-20.164094665231143,-6.879219829080548,-3.5386633303885993,-8.610590224441097,0.6336162244097835,-11.110006309137,-3.278581549209671,15.301257,11.079429,PRJNA403969,Post-pubertal,Male,Duroc x Pietrain,ILLUMINA,Illumina HiSeq 2500,Muscle
SAMN07626928,4.536425174202967,54.482757094258226,9.969730208063869,-22.945330979699204,2.796255284192718,-13.447157449527454,-6.2612500972762595,1.8542143092744918,0.3598406051509851,3.3626043363041553,13.817285,10.711619,PRJNA403969,Post-pubertal,Female,Duroc x Pietrain,ILLUMINA,Illumina HiSeq 2500,Muscle
SAMN07626929,-22.805974978269095,34.73774097700306,12.611087211400097,-28.95973104808524,-5.487885556503197,-14.626382801993605,-2.110486575717253,10.838450276724155,7.898588180616281,-2.6096798808964468,14.426234,11.804973,PRJNA403969,Post-pubertal,Male,Duroc x Pietrain,ILLUMINA,Illumina HiSeq 2500,Muscle
SAMN07626930,-111.17818433393893,-45.88562933501532,2.7919476411628636,-8.790293564806866,-31.73382756779743,-12.651367106095481,-14.925676184790284,26.62110991659738,8.87695610945781,3.565296374652459,18.477938,11.829418,PRJNA403969,Post-pubertal,Male,Duroc x Pietrain,ILLUMINA,Illumina HiSeq 2500,Muscle
SAMN07626931,36.3913336808516,76.05774545590641,-19.11667034109026,-5.011269431295688,15.131973253269603,-16.222988974470002,0.7325689804353448,2.9136102193054345,10.64168487786681,7.2022299218160315,10.577954,9.606242,PRJNA403969,Post-pubertal,Female,Duroc x Pietrain,ILLUMINA,Illumina HiSeq 2000,Muscle
SAMN07626932,-101.40701575652406,-20.645114215451105,27.486510782016374,-30.089780371309025,-29.349281724309346,-7.22234257742727,-0.0845051255235652,14.93252161510147,-11.313215289895087,-5.614094642042784,18.170712,12.266973,PRJNA403969,Post-pubertal,Female,Duroc x Pietrain,ILLUMINA,Illumina HiSeq 2500,Muscle
SAMN07626933,45.83579559860639,72.46489003555986,-33.70222089647747,5.717998086220907,15.098385360226064,-9.351661327227374,5.574051333881261,-0.5308873361339331,-1.8911655960125822,7.634701328549652,10.379812,9.575774,PRJNA403969,Post-pubertal,Female,Duroc x Pietrain,ILLUMINA,Illumina HiSeq 2000,Muscle
SAMN07626934,-39.8976126612003,37.884925655026684,16.220947056407624,-27.76772590667028,-7.8264445907325495,-16.07738336753039,-8.400453063393998,11.96214901783279,-4.4423866665166205,4.705541988326304,14.858177,11.763677,PRJNA403969,Post-pubertal,Male,Duroc x Pietrain,ILLUMINA,Illumina HiSeq 2500,Muscle
SAMN07626935,-25.72379069149182,39.23052408850972,8.065304624863044,-20.678766657081,-6.196650378885539,-8.898604352484446,-3.5691628231800574,7.51804611779923,-6.465267251428118,-1.6957982974565575,14.883517,11.167697,PRJNA403969,Post-pubertal,Male,Duroc x Pietrain,ILLUMINA,Illumina HiSeq 2500,Muscle
SAMN07626937,-82.69089415022336,-3.563541302715806,30.942058082979177,-39.98193217001446,-24.099837220755884,-10.646266794202305,-1.9794056867036656,10.586772116167545,-5.157794154429012,-3.3170743699724796,16.275887,12.202691,PRJNA403969,Post-pubertal,Female,Duroc x Pietrain,ILLUMINA,Illumina HiSeq 2500,Muscle
SAMN07626938,18.974267751643527,71.67608937660488,11.713305278623624,-23.823136800592373,9.630832269942925,-9.247313471392172,-8.158300671639044,-5.9137775487085396,-2.269835586484157,2.6539116182895524,13.617265,10.662394,PRJNA403969,Post-pubertal,Male,Duroc x Pietrain,ILLUMINA,Illumina HiSeq 2500,Muscle
SAMN07626939,-37.21285505821361,29.413654597216347,19.2152748452824,-31.959077653914793,-9.505348086996724,-12.83223576263424,-2.4797900907579984,6.820837305345556,1.6164957713211063,-5.895335731476649,14.888079,12.106887,PRJNA403969,Post-pubertal,Male,Duroc x Pietrain,ILLUMINA,Illumina HiSeq 2500,Muscle
SAMN07626940,-24.157178612945575,30.927999582837057,2.4517702362423233,-11.388647295044164,4.771637806425418,-12.632698875939031,-27.822909628881504,2.5977004664814696,-2.461890014007571,7.821703627733193,14.950076,10.968218,PRJNA403969,Post-pubertal,Female,Duroc x Pietrain,ILLUMINA,Illumina HiSeq 2500,Muscle
SAMN07626941,49.409170070812884,69.15418704768905,-23.065371353150734,2.909459787995,17.393594396650066,2.9725870646388572,-0.36504082809483057,-12.803473268352377,-5.010505637127364,5.888866040897225,10.496858,9.466077,PRJNA403969,Post-pubertal,Female,Duroc x Pietrain,ILLUMINA,Illumina HiSeq 2000,Muscle
SAMN07626942,-32.635335482986285,28.36242441113435,20.268647268811456,-27.570827549578148,-6.697956784852092,-5.411853573955902,-8.45130027771488,1.8328647023791051,-8.054208964193561,-4.208291427733364,15.28386,11.462787,PRJNA403969,Post-pubertal,Male,Duroc x Pietrain,ILLUMINA,Illumina HiSeq 2500,Muscle
SAMN07626943,-43.31270763853171,26.693993330785702,22.40798140961445,-26.977996046418365,-9.354931590230223,-9.197377629314545,-9.459679100172647,4.539945519820143,-8.249557300553764,1.9779625934149176,15.514768,11.636287,PRJNA403969,Post-pubertal,Female,Duroc x Pietrain,ILLUMINA,Illumina HiSeq 2500,Muscle
SAMN07626944,48.226190391668375,78.55093836656341,-26.74200555468843,5.111743998874063,15.673425898154262,-7.886013738337511,6.567810676774118,-7.124187082550483,-2.56171708531819,7.17061894245852,10.454115,9.532835,PRJNA403969,Post-pubertal,Female,Duroc x Pietrain,ILLUMINA,Illumina HiSeq 2000,Muscle
SAMN07626945,-0.4619366767948146,54.22660708862033,12.65875863287404,-28.158102474240682,4.758703221476631,-11.70200444219372,-5.984821716715332,7.027628702089594,0.8196216339832593,-2.46623058793999,13.744522,10.900583,PRJNA403969,Post-pubertal,Male,Duroc x Pietrain,ILLUMINA,Illumina HiSeq 2500,Muscle
SAMN07626946,-23.03184226350515,37.117666312951975,20.170203626887833,-28.065184535015156,-1.850367785910324,-3.2429696927617058,-11.785306967216368,2.9009680793762316,-8.729986132076393,-2.012257575383292,15.0896635,11.210217,PRJNA403969,Post-pubertal,Male,Duroc x Pietrain,ILLUMINA,Illumina HiSeq 2500,Muscle
SAMN07626947,2.8663617187728216,56.64216290416656,6.543670535202886,-14.059619195271443,4.49421250551533,-5.933174804635333,-10.491236698546958,-5.968874556505814,-10.638522361808212,3.4055559198966265,14.216513,10.623642,PRJNA403969,Post-pubertal,Female,Duroc x Pietrain,ILLUMINA,Illumina HiSeq 2500,Muscle
SAMN07626948,42.59112489159475,68.9884882930298,-27.882953220844232,10.230617520087346,14.740945146264682,0.28093791551806346,0.5022584335706016,-14.386673486775292,-7.984859317571052,4.033542520924045,10.349424,9.483824,PRJNA403969,Post-pubertal,Female,Duroc x Pietrain,ILLUMINA,Illumina HiSeq 2000,Muscle
SAMN07626949,-73.07211790265738,10.050302791888992,26.387140069604666,-26.670085814893614,-19.400057729743324,-6.764282267891436,-4.71223265195629,2.109372579145419,-11.07285824256491,-4.82702013494511,16.16365,12.153358,PRJNA403969,Post-pubertal,Male,Duroc x Pietrain,ILLUMINA,Illumina HiSeq 2500,Muscle
SAMN07626950,-54.43488185009777,24.295404620086487,23.121383604608802,-31.741789034403652,-12.358902382029129,-12.482659867152403,-3.4738505718953574,8.495214738105247,-2.1517777179876467,-4.26321149252408,15.730579,12.016928,PRJNA403969,Post-pubertal,Male,Duroc x Pietrain,ILLUMINA,Illumina HiSeq 2500,Muscle
SAMN07626951,-17.733122769383858,33.37488048058313,11.185118288801753,-25.837669646659094,-6.012008690554278,-18.90720432197568,-0.9250457687845086,6.3281482246828755,13.660408992704888,-3.5188225609396424,14.456496,11.943929,PRJNA403969,Post-pubertal,Female,Duroc x Pietrain,ILLUMINA,Illumina HiSeq 2500,Muscle
SAMN07626952,41.094565853676315,72.62973912902925,-25.006069015657328,-2.123940229917731,15.185909825412018,-10.97421188390859,8.244769697503745,0.33280442398757165,8.285677388878858,3.204789958321311,10.5436325,9.581664,PRJNA403969,Post-pubertal,Female,Duroc x Pietrain,ILLUMINA,Illumina HiSeq 2000,Muscle
SAMN07626953,0.9316748445120915,56.88845741774693,7.299389244510754,-19.47061678051729,2.4521590525965067,-8.098367426250558,-4.217251511364822,1.6265350803759524,-2.6828111351831314,1.989197229164863,13.764424,10.734509,PRJNA403969,Post-pubertal,Male,Duroc x Pietrain,ILLUMINA,Illumina HiSeq 2500,Muscle
SAMN07626954,25.238991124207953,65.65569355430932,1.8415320293960253,-16.92506378710546,6.398159442504208,-10.447606283995547,-4.422444630796266,-8.288269152764698,0.061536595593421534,3.2576523828376573,13.509559,10.641541,PRJNA403969,Post-pubertal,Male,Duroc x Pietrain,ILLUMINA,Illumina HiSeq 2500,Muscle
SAMN07626955,68.8458164368083,88.9387505000871,-5.163336544708046,-15.706515346148255,25.248659260970857,-20.93413506944832,-8.997570368980316,-1.591267359608046,16.382530354565006,13.556708947804918,10.652265,9.492905,PRJNA403969,Post-pubertal,Female,Duroc x Pietrain,ILLUMINA,Illumina HiSeq 2500,Muscle
SAMN07626956,50.09174713938982,82.43857240972248,-27.0320699736667,4.895385981413925,19.52777238071896,-7.721579399028099,4.1606867260214635,-5.293289423518513,-0.5832016901471156,7.59972030989729,10.553074,9.648225,PRJNA403969,Post-pubertal,Female,Duroc x Pietrain,ILLUMINA,Illumina HiSeq 2000,Muscle
SAMN07626957,-41.7228774714388,25.728222280701956,18.062520203042887,-31.868000267994535,-10.497496615024453,-8.837321102243134,-2.2360672453038943,7.180455511644831,0.23196342943935458,-3.780515292822706,15.607579,11.86295,PRJNA403969,Post-pubertal,Male,Duroc x Pietrain,ILLUMINA,Illumina HiSeq 2500,Muscle
SAMN07626958,-3.5192009741069668,48.36948365804084,8.907690121046873,-25.553694248883456,-1.3590330824024726,-14.436320807921275,-4.26592267841181,2.770687791264797,3.2874760904901135,-1.0092808397525452,13.713948,10.948138,PRJNA403969,Post-pubertal,Male,Duroc x Pietrain,ILLUMINA,Illumina HiSeq 2500,Muscle
SAMN07626959,42.908192089242235,76.2648066460637,-25.96233022298017,7.085976027162859,14.069123398401564,-4.860233232061733,2.5180202002330287,-9.63678047166298,-3.9812179577051454,8.76410799216393,10.362975,9.653654,PRJNA403969,Post-pubertal,Female,Duroc x Pietrain,ILLUMINA,Illumina HiSeq 2000,Muscle
SAMN07626960,-51.360774439543995,21.136107187017586,23.725359362957853,-31.782807660286547,-14.112370105911456,-8.686086951323698,-0.9948371666879452,6.919995050143909,-3.260267561049495,-2.858889348242484,15.886473,12.0578985,PRJNA403969,Post-pubertal,Male,Duroc x Pietrain,ILLUMINA,Illumina HiSeq 2500,Muscle
SAMN07626961,-78.20345260443968,1.3122508007318565,31.064563066654653,-37.72336103796311,-21.903114437616768,-12.911794898697936,-7.712018437018599,10.368766200752328,-3.6940400408710015,-3.029186714346428,16.288742,12.258894,PRJNA403969,Post-pubertal,Male,Duroc x Pietrain,ILLUMINA,Illumina HiSeq 2500,Muscle
SAMN07626962,25.217965533364715,59.23890883595119,-4.1867974128515995,-16.813419328483292,8.20495647354617,-19.693089557043155,0.04024878134751919,3.6213085925636816,16.389274915798076,1.7896730590219354,13.512987,10.693603,PRJNA403969,Post-pubertal,Female,Duroc x Pietrain,ILLUMINA,Illumina HiSeq 2500,Muscle
SAMN07626963,33.530254318765145,68.726508527729,-24.419868250618638,-3.5372162326033334,12.425233684049791,-10.054604091025,7.564389452653719,-1.977891112741206,5.37774859810612,2.1363581775898584,10.584473,9.653355,PRJNA403969,Post-pubertal,Female,Duroc x Pietrain,ILLUMINA,Illumina HiSeq 2000,Muscle
SAMN07626964,-61.81723157193402,11.444221382945782,22.380284565677318,-26.48296699122988,-18.147430095595418,-7.446010678490198,-3.5116499502576777,6.263441758300141,-5.236879165286051,-4.0039899693597505,16.178713,12.128111,PRJNA403969,Post-pubertal,Male,Duroc x Pietrain,ILLUMINA,Illumina HiSeq 2500,Muscle
SAMN07626965,-55.25270905156222,13.925163214232253,21.960237905473647,-28.898224170677775,-15.276645332051563,-5.300302065331225,-3.8168485115903397,2.5007570437405775,-7.09279359625095,-4.673265958379355,16.04305,12.114893,PRJNA403969,Post-pubertal,Male,Duroc x Pietrain,ILLUMINA,Illumina HiSeq 2500,Muscle
SAMN07626966,-26.492248904843215,40.45264904970011,21.49772667364421,-30.16020596175508,-3.712702288587507,-8.627165859170551,-9.173309026852847,-1.5076911258876449,-9.717115592412652,3.7910273841643867,15.019322,11.226742,PRJNA403969,Post-pubertal,Female,Duroc x Pietrain,ILLUMINA,Illumina HiSeq 2500,Muscle
SAMN07626967,-30.210403259734758,31.23222276568212,10.256104861676787,-22.879359656730742,-7.1732997129004366,-1.8517039340914965,-2.2004990317090485,3.449928200177965,-10.512407569195476,-5.548739161851564,15.316048,11.406987,PRJNA403969,Post-pubertal,Male,Duroc x Pietrain,ILLUMINA,Illumina HiSeq 2500,Muscle
SAMN07626968,-28.45750214341212,34.96931224095895,7.118756609389273,-23.013811665954545,-5.323631707636059,-8.307390789264854,-0.415135419107041,8.357292943801458,0.4425651741510142,-4.899707145472932,14.884753,11.460452,PRJNA403969,Post-pubertal,Male,Duroc x Pietrain,ILLUMINA,Illumina HiSeq 2500,Muscle
SAMN07626969,-7.0044349798978125,16.47266421768605,3.146461298451753,-24.21591921934713,-6.158926303405456,-7.1950992800657145,-4.981072808283557,-13.99521101712621,5.976454619943361,-10.095416856368466,14.934155,11.202416,PRJNA403969,Post-pubertal,Female,Duroc x Pietrain,ILLUMINA,Illumina HiSeq 2500,Muscle
SAMN07626970,-52.495809374535405,8.24025636100887,24.200089730364258,-27.660042919503027,-12.44498102432013,-3.1148216648088214,-12.154163364458023,-3.1473317902574327,-6.956677028465789,-1.6237939130071668,15.918279,11.902829,PRJNA403969,Post-pubertal,Female,Duroc x Pietrain,ILLUMINA,Illumina HiSeq 2500,Muscle
SAMN07626971,51.24614408652041,72.52304636109425,-6.39077518537235,-16.001071405212652,16.925131870166712,-6.819831788584256,-9.221378838119994,-10.014451532696048,-2.0642490491328696,-0.33066590192914597,10.739376,9.54282,PRJNA403969,Post-pubertal,Male,Duroc x Pietrain,ILLUMINA,Illumina HiSeq 2500,Muscle
SAMN07626972,-39.63940908928116,21.99589579358731,12.9079438132359,-24.15341467696594,-9.751199864872879,-2.773431267911689,-4.602296603303993,6.121233652846199,-11.079694400478619,-4.702479751602454,15.574287,11.472969,PRJNA403969,Post-pubertal,Male,Duroc x Pietrain,ILLUMINA,Illumina HiSeq 2500,Muscle
SAMN07626973,-98.66008896217168,-20.289721738289195,28.40025177887692,-33.37291873246961,-28.69649701347256,-8.151808976489669,0.453070556877271,13.029852532864286,-8.147023120994328,-6.723688295093506,18.075539,12.223636,PRJNA403969,Post-pubertal,Female,Duroc x Pietrain,ILLUMINA,Illumina HiSeq 2500,Muscle
SAMN07626974,-42.07798996791403,26.101823065727306,12.12061621787332,-20.98358512302259,-10.847508750261499,-7.7883435768552225,-0.7848940796002966,3.1871384194046857,-2.4561525282674683,-2.013544638543742,15.489316,11.678392,PRJNA403969,Post-pubertal,Female,Duroc x Pietrain,ILLUMINA,Illumina HiSeq 2500,Muscle
SAMN07626975,-26.421391706403895,36.274320282144714,7.434010284380179,-24.733511928051268,-6.248200541202515,-8.093715428738685,0.44857826003466267,10.301022668464697,-5.406274452684508,-3.138582126996559,14.897498,11.583482,PRJNA403969,Post-pubertal,Male,Duroc x Pietrain,ILLUMINA,Illumina HiSeq 2500,Muscle
SAMN07626977,-35.19041865445392,23.89934130075532,12.147972104087005,-26.37967982979189,-10.305642958774282,-9.469879994710883,-3.526316942475527,5.569811589442866,-5.8881791049904395,-2.641532042448382,15.401667,11.6109915,PRJNA403969,Post-pubertal,Female,Duroc x Pietrain,ILLUMINA,Illumina HiSeq 2500,Muscle
SAMN07626978,-33.37322913610539,31.751435642614354,9.6827989535917,-20.950033045966947,-5.6410258514533735,-8.789752011852965,-3.247361336300525,10.62059963286479,-3.7128393558701562,2.1251764535048343,15.343845,11.707379,PRJNA403969,Post-pubertal,Female,Duroc x Pietrain,ILLUMINA,Illumina HiSeq 2500,Muscle
SAMN07626979,-34.92563737544831,29.9873988334587,9.91046691122434,-24.209717766596604,-8.310998325019591,-4.248482773863059,-1.0350134140994167,7.091239162763501,-12.312676272530192,-3.7812747601761094,15.399166,11.362998,PRJNA403969,Post-pubertal,Male,Duroc x Pietrain,ILLUMINA,Illumina HiSeq 2500,Muscle
SAMN07626980,-42.34460731302412,10.243414969973207,18.517359022218535,-23.29092996897389,32.25374462693686,-12.165713932887812,11.308330649019426,1.8767575296654961,-8.676909093509897,-3.8331101169095785,4.7280755,6.40474,PRJNA403969,Post-pubertal,Male,Duroc x Pietrain,ILLUMINA,Illumina HiSeq 2500,Muscle
SAMN07626981,-14.693358602522776,43.11815105948191,0.3962580379676118,-20.05977608229821,-2.4193162409986564,-7.243099118469043,3.362446677256795,4.716857632169028,-7.295753968451044,2.6708023964326233,14.545488,10.822784,PRJNA403969,Post-pubertal,Female,Duroc x Pietrain,ILLUMINA,Illumina HiSeq 2500,Muscle
SAMN07626982,-12.963870378139761,48.32421697952099,7.577987069636821,-25.520805616532346,-0.31703346140446087,-13.847358038853125,0.18885752232820693,9.162161263619598,2.463813585830719,5.531743996608084,14.22896,10.935366,PRJNA403969,Post-pubertal,Female,Duroc x Pietrain,ILLUMINA,Illumina HiSeq 2500,Muscle
SAMN07626983,-31.00563667759436,31.630548343086286,8.619040796567386,-29.550173818447444,-10.704860003610833,-12.25509041067379,4.634821424574623,9.027437215263479,-3.7907743600119663,-4.886711960170576,14.891553,11.942083,PRJNA403969,Post-pubertal,Male,Duroc x Pietrain,ILLUMINA,Illumina HiSeq 2500,Muscle
SAMN07626984,-2.254296737062935,59.28544211818247,5.392800965487421,-28.56681334089199,1.8373788403251037,-15.885542160565835,2.2628117914282257,7.187550010680397,1.3151830617644895,0.6084600036539956,13.7519655,10.857982,PRJNA403969,Post-pubertal,Male,Duroc x Pietrain,ILLUMINA,Illumina HiSeq 2500,Muscle
SAMN07626985,39.04375324516576,75.90161880902932,-6.584709171524017,-15.347758136954706,12.852123364428644,-15.99642869323594,-2.313777169444436,-1.4143551438340218,0.590554267557267,9.307143183533979,10.936417,9.678416,PRJNA403969,Post-pubertal,Female,Duroc x Pietrain,ILLUMINA,Illumina HiSeq 2500,Muscle
SAMN07626986,-31.995631004193182,31.91173303196344,13.419324504537727,-28.183791556274542,-7.7703212138632045,-11.698978191414463,-2.664685531201011,9.51550836203645,-7.2585734498886945,2.6900613722986386,15.244629,11.59079,PRJNA403969,Post-pubertal,Female,Duroc x Pietrain,ILLUMINA,Illumina HiSeq 2500,Muscle
SAMN07626987,-31.168350135861303,33.005416712252796,12.376147906511315,-30.162454454135492,-8.961404262650879,-11.731378300604987,1.742174293350811,9.109809510791303,-1.3529083153400738,-3.1201217585212797,14.952063,11.705104,PRJNA403969,Post-pubertal,Male,Duroc x Pietrain,ILLUMINA,Illumina HiSeq 2500,Muscle
SAMN07626988,-20.211505297315245,35.68751250623733,4.196024405859668,-27.925403217752663,-7.14978534110317,-13.375911606060441,6.13718300036489,9.594500465495985,3.4863115108107126,-5.3098733792169055,14.360319,11.799608,PRJNA403969,Post-pubertal,Male,Duroc x Pietrain,ILLUMINA,Illumina HiSeq 2500,Muscle
SAMN07626989,-28.074345097386328,30.82537696334526,10.24687755447849,-30.874485441453228,-8.59306688318742,-13.144057906149555,1.9388359373442217,6.912141035408741,0.12454478625252066,-1.0163106441336764,15.066605,11.8470335,PRJNA403969,Post-pubertal,Female,Duroc x Pietrain,ILLUMINA,Illumina HiSeq 2500,Muscle
SAMN07626990,-34.29997216354126,31.44442740682971,10.942878013536397,-27.43388364887465,-9.117460907053712,-11.432883487598312,1.0266150851650984,5.96625119055896,-6.961555126021937,1.3072182132107613,15.304286,11.670432,PRJNA403969,Post-pubertal,Female,Duroc x Pietrain,ILLUMINA,Illumina HiSeq 2500,Muscle
SAMN07626991,-4.556894862821114,42.169165419542914,8.074989239095794,-31.216288108626692,-2.8029462316142113,-12.173093100599964,2.0084395792042744,3.978503905805491,3.5475882112808037,-3.623997110117263,13.923351,11.194394,PRJNA403969,Post-pubertal,Male,Duroc x Pietrain,ILLUMINA,Illumina HiSeq 2500,Muscle
SAMN07626992,-5.2362032542719,52.051253548435675,4.690595704713393,-24.557139770502825,-0.6127139039284023,-11.91137370513763,4.503620598797227,7.470557793165374,2.774611486617874,-1.814865536443332,13.773388,10.8677845,PRJNA403969,Post-pubertal,Male,Duroc x Pietrain,ILLUMINA,Illumina HiSeq 2500,Muscle
SAMN07626993,-42.57758444114606,23.92983910156254,13.120181506384938,-22.933232625895,-10.3103186955694,-5.226401109169409,-3.888766155492042,3.556481265067561,-10.854102833115528,0.7350585708338229,15.525528,11.57441,PRJNA403969,Post-pubertal,Female,Duroc x Pietrain,ILLUMINA,Illumina HiSeq 2500,Muscle
SAMN07626994,-36.463180112482654,30.113128220858517,14.292948947883104,-28.675899897902678,-10.691920549682102,-12.026389328590284,-1.1095273200783002,7.025766404252443,-6.568338613441978,0.8326533832809703,15.287672,11.752159,PRJNA403969,Post-pubertal,Female,Duroc x Pietrain,ILLUMINA,Illumina HiSeq 2500,Muscle
SAMN07626995,3.894239208868016,55.51978926743016,5.924207823786813,-24.800578350607143,4.210425636200333,-9.607834861932648,0.7761660889880414,6.400899097685728,-2.790549914864887,0.9653720763965619,13.725428,10.824753,PRJNA403969,Post-pubertal,Male,Duroc x Pietrain,ILLUMINA,Illumina HiSeq 2500,Muscle
SAMN07626996,-25.200243684387864,41.467069174035736,14.250435620457012,-29.320877280719863,-4.155534272780788,-8.401782201648121,0.17134161061204034,6.9658142221295325,-5.205607678319371,-0.3914682144930149,14.625736,11.544447,PRJNA403969,Post-pubertal,Male,Duroc x Pietrain,ILLUMINA,Illumina HiSeq 2500,Muscle
SAMN07626997,-46.43111364637952,26.806864937141,15.239644516849358,-33.889723339298804,-11.050570884393899,-14.040246080779553,2.2490296277584196,12.338209180915126,-1.3936193110118955,-1.2217183205428874,15.251095,12.06474,PRJNA403969,Post-pubertal,Female,Duroc x Pietrain,ILLUMINA,Illumina HiSeq 2500,Muscle
SAMN07626998,-15.506447621186142,50.714275204258044,11.684542851947203,-25.05479387419899,0.23439302957231675,-10.061208646609016,-3.601806240920808,3.2280023706403553,-12.108787457661801,5.727941698292441,14.464953,10.790382,PRJNA403969,Post-pubertal,Female,Duroc x Pietrain,ILLUMINA,Illumina HiSeq 2500,Muscle
SAMN07626999,-4.650931659380792,54.79970432991634,7.0413453692701715,-27.45807201533246,1.0525753599672387,-10.347900021068158,2.1576349281525777,4.948570016165125,1.9393895587890015,-0.891343374910652,13.849901,10.879553,PRJNA403969,Post-pubertal,Male,Duroc x Pietrain,ILLUMINA,Illumina HiSeq 2500,Muscle
SAMN07627000,1.0823913578583708,52.1103370402077,8.309051417629892,-30.659802126564635,1.907348118173881,-13.794117031691744,3.408609904468642,10.396959758030642,6.321083379919712,0.7761595901595054,13.787546,11.007811,PRJNA403969,Post-pubertal,Male,Duroc x Pietrain,ILLUMINA,Illumina HiSeq 2500,Muscle
SAMN07627001,-20.848707868475554,42.16757956327375,13.292897844387793,-28.646632030902133,-2.8086214232643156,-9.396877049986319,-4.797901665894984,-0.8627700584357586,-8.518814897845864,3.4724515015249238,14.745121,11.030318,PRJNA403969,Post-pubertal,Female,Duroc x Pietrain,ILLUMINA,Illumina HiSeq 2500,Muscle
SAMN07627002,-4.398987469014763,54.96410820322088,8.127767751036231,-23.586252036863634,2.4513619950589347,-9.637918139285398,-3.0023494473272656,1.0405377413223988,-7.006296036312259,4.19405488325026,14.133831,10.712273,PRJNA403969,Post-pubertal,Female,Duroc x Pietrain,ILLUMINA,Illumina HiSeq 2500,Muscle
SAMN07627003,-29.74031460883345,36.75281013672462,8.175110812935644,-28.879595348578825,-6.52531431128639,-11.929416002036932,5.770094759320685,14.750724755368006,1.501337717113544,-3.3419706795297675,14.617024,11.829603,PRJNA403969,Post-pubertal,Male,Duroc x Pietrain,ILLUMINA,Illumina HiSeq 2500,Muscle
SAMN07627004,25.123127701843817,60.64056967276241,-8.247728016634428,-21.124195901809813,7.619527595551713,-19.256803418598654,5.8238600234656985,10.362340864282798,18.016004598207573,-1.405222302433227,13.543692,10.78919,PRJNA403969,Post-pubertal,Male,Duroc x Pietrain,ILLUMINA,Illumina HiSeq 2500,Muscle
SAMN07627005,-6.551711634069861,46.94370717495892,8.633562082960786,-22.57849739238531,0.6108990125948229,-11.216523461380628,0.6712825292611886,2.3980710377458134,3.622348172256122,2.9241827705281946,14.218047,10.892193,PRJNA403969,Post-pubertal,Female,Duroc x Pietrain,ILLUMINA,Illumina HiSeq 2500,Muscle
SAMN07627006,1.5357462463537148,52.08257584679458,1.6304611367411033,-26.07399153858336,2.0741123401105166,-13.24283275251077,4.501336539031366,7.653966371824147,-0.1698136164962415,3.828228471702068,13.892589,10.776707,PRJNA403969,Post-pubertal,Female,Duroc x Pietrain,ILLUMINA,Illumina HiSeq 2500,Muscle
SAMN07627007,-24.78149624257144,35.50027506769328,14.577719760295336,-33.25236832782755,-8.157061863006776,-11.64891795757352,3.4995325614665074,4.746303507503983,-0.15625753971046252,-0.046314196299919216,14.435354,11.824588,PRJNA403969,Post-pubertal,Male,Duroc x Pietrain,ILLUMINA,Illumina HiSeq 2500,Muscle
SAMN07627008,-40.14725952172325,28.333465451657986,12.62398805021868,-30.4183815717894,-8.954252401468441,-17.916654245794927,6.460270584699045,14.500831094699004,9.588957969965007,-3.63482676004365,14.654217,12.060078,PRJNA403969,Post-pubertal,Male,Duroc x Pietrain,ILLUMINA,Illumina HiSeq 2500,Muscle
SAMN07627009,-19.73890911658036,41.85471275320528,12.674987993833609,-30.314778666613332,-4.202840674375683,-11.674309726805244,0.7397983156627894,3.142974678595436,-5.215340248998672,3.8034953485128784,14.597081,11.228626,PRJNA403969,Post-pubertal,Female,Duroc x Pietrain,ILLUMINA,Illumina HiSeq 2500,Muscle
SAMN07627010,-18.113808512885434,35.6887982064947,8.23036502150756,-29.758179064575934,-3.7012447979269356,-13.044141939587627,1.2718382833497266,5.317048198871524,2.1502896167462904,2.7322799304861105,14.592644,11.352493,PRJNA403969,Post-pubertal,Female,Duroc x Pietrain,ILLUMINA,Illumina HiSeq 2500,Muscle
SAMN07627011,-14.171579968235207,43.84688993559727,6.018083632889526,-26.6052845041183,-2.5172401412317846,-12.33493948180832,2.0990244000375866,9.448371871125783,2.5280956676087674,-3.7516197199368406,14.021188,11.338421,PRJNA403969,Post-pubertal,Male,Duroc x Pietrain,ILLUMINA,Illumina HiSeq 2500,Muscle
SAMN07627012,-35.71261439679611,38.63448740819736,21.20691268699465,-38.229060204369844,-7.441186698503299,-12.842359091746587,3.585699270594607,9.809262489281398,0.8189755647425774,-2.7757520740584916,14.533503,11.910791,PRJNA403969,Post-pubertal,Male,Duroc x Pietrain,ILLUMINA,Illumina HiSeq 2500,Muscle
SAMN07627013,-26.463316433729055,38.563052016379906,9.497991555239171,-28.17658564640222,-6.444879465969265,-13.470487369750145,3.7125390316940194,8.906903918474192,1.7530507004628777,1.6235685520661203,14.604805,11.877576,PRJNA403969,Post-pubertal,Female,Duroc x Pietrain,ILLUMINA,Illumina HiSeq 2500,Muscle
SAMN07627014,-27.775783703505347,37.9359509938302,5.740605788788551,-25.377202930371215,-8.697734965464674,-12.79610631500691,8.203446027193234,8.723293873938966,-0.3526718132050436,-0.11254031777129998,14.689521,11.875109,PRJNA403969,Post-pubertal,Female,Duroc x Pietrain,ILLUMINA,Illumina HiSeq 2500,Muscle
SAMN07627015,-17.599550238846966,42.56791830823748,18.576903610756656,-35.150951020043394,-4.570574478182628,-12.858043445390168,-1.0097661418138493,4.649585717933172,-1.610337030691606,-0.944410613233701,14.227037,11.506177,PRJNA403969,Post-pubertal,Male,Duroc x Pietrain,ILLUMINA,Illumina HiSeq 2500,Muscle
SAMN07627016,-14.2176166574383,34.14459764883747,12.473494042847832,-26.24209142250305,-4.176793495869688,-6.103536589408038,-5.037523157543402,1.0799048404603138,-4.128214939171846,-4.44681711365245,14.565891,11.412749,PRJNA403969,Post-pubertal,Male,Duroc x Pietrain,ILLUMINA,Illumina HiSeq 2500,Muscle
SAMN07627017,-38.98613392346154,27.98593950849567,11.974623144668348,-27.06272411497342,-10.35345742474487,-10.020773501026033,-0.663913260846929,5.310471738289688,-7.881955264137246,0.9191326703554387,15.472182,11.71835,PRJNA403969,Post-pubertal,Female,Duroc x Pietrain,ILLUMINA,Illumina HiSeq 2500,Muscle
SAMN07627018,-36.37614232491157,33.286472993667296,10.967797553269822,-27.52745514361049,-9.72706071042582,-15.644719471676682,3.845007250422072,13.623501336513552,2.0570865183846228,1.8752401593830708,15.063112,11.972397,PRJNA403969,Post-pubertal,Female,Duroc x Pietrain,ILLUMINA,Illumina HiSeq 2500,Muscle
SAMN07627019,-32.97108912496455,34.486860082623785,17.270118521460343,-34.00530381885927,-8.7384072025661,-15.289096804384837,1.7917632273320452,8.739080348865215,4.080279446037807,-1.816874230732911,14.603916,12.020243,PRJNA403969,Post-pubertal,Male,Duroc x Pietrain,ILLUMINA,Illumina HiSeq 2500,Muscle
SAMN07627020,-0.8205811509239375,46.27884421417124,5.394729468957123,-28.051129414815595,-0.7755035969817011,-16.20791670431749,2.2269207649134097,8.80149431311798,8.38300653070675,-0.453795287871182,13.835444,11.116429,PRJNA403969,Post-pubertal,Male,Duroc x Pietrain,ILLUMINA,Illumina HiSeq 2500,Muscle
SAMN07627021,-33.333310819643884,33.6024566926266,14.457550674806457,-31.5508768882331,-9.830020339686266,-13.890977652630072,7.069306258927045,5.502374513180543,1.2090031293539847,-2.0915740816150974,14.697008,12.100781,PRJNA403969,Post-pubertal,Female,Duroc x Pietrain,ILLUMINA,Illumina HiSeq 2500,Muscle
SAMN07627022,-30.958673445775055,37.986197498490405,15.2341038876767,-28.28387834312372,-7.007870616192548,-13.221350886914886,-2.4332604221761485,5.352057419229097,-3.6174877303334916,3.152827806562193,14.913712,11.544917,PRJNA403969,Post-pubertal,Female,Duroc x Pietrain,ILLUMINA,Illumina HiSeq 2500,Muscle
SAMN07627023,-4.694934449934826,49.43675351268534,10.305968625545374,-29.015583471228762,-0.2557728797696737,-15.019789600288709,-0.6835333839033607,8.04669684515444,4.569957405322278,-3.5659919202829196,13.839419,11.131324,PRJNA403969,Post-pubertal,Male,Duroc x Pietrain,ILLUMINA,Illumina HiSeq 2500,Muscle
SAMN07627024,-21.796705620702113,43.88928080492194,11.253532076571354,-24.78478114047174,-4.50592793414563,-12.265099013341334,0.11676631268356885,7.806911979520559,0.6624577382947361,-2.385801857345018,14.289884,11.501732,PRJNA403969,Post-pubertal,Male,Duroc x Pietrain,ILLUMINA,Illumina HiSeq 2500,Muscle
SAMN07627025,-34.21047492235642,27.860193305922373,14.354019551368072,-30.646322139886433,-8.397238162186484,-12.456690167439534,-1.6578013715635205,8.614154365832174,-4.720075559841816,-0.25296341406083955,15.341565,11.768369,PRJNA403969,Post-pubertal,Female,Duroc x Pietrain,ILLUMINA,Illumina HiSeq 2500,Muscle
SAMN07627026,-29.573287170753762,34.83827353687016,14.671489425664099,-31.0456910005842,-7.70497405838369,-12.068291235461192,-1.7899170371028936,3.5502848781678327,-5.568082858200167,0.8848039295756012,15.082694,11.374799,PRJNA403969,Post-pubertal,Female,Duroc x Pietrain,ILLUMINA,Illumina HiSeq 2500,Muscle
SAMN07627027,-7.117315180252692,44.54645184068821,16.301014921714092,-31.23140930168345,-1.4022295906933009,-9.799737355191132,-5.2530974331375235,0.9833813622076103,-4.947384916562232,0.830924614886872,14.052491,11.22902,PRJNA403969,Post-pubertal,Male,Duroc x Pietrain,ILLUMINA,Illumina HiSeq 2500,Muscle
SAMN07627028,-11.129540376637122,46.39870204219065,11.147528651290743,-29.73364873751531,-0.8446137345137499,-11.226648341205152,-4.472730172547603,8.116990579397182,-1.4851386952343277,0.992114415789526,14.007184,11.048745,PRJNA403969,Post-pubertal,Male,Duroc x Pietrain,ILLUMINA,Illumina HiSeq 2500,Muscle
SAMN07627029,-24.442038646418016,45.80014671143022,20.163713482343677,-34.31646993899388,-3.599283858701413,-12.521480837078826,-2.1584864073224517,1.9906085268963438,-2.5947983620628823,2.5602733861416596,14.637228,11.56263,PRJNA403969,Post-pubertal,Female,Duroc x Pietrain,ILLUMINA,Illumina HiSeq 2500,Muscle
SAMN07627030,-33.934593591947554,33.24343779324325,13.799350444705794,-27.475114605700913,-6.2437831359143745,-10.287063176767454,-1.7201549829590832,6.990838111881415,-5.43891887729092,-1.4106539931388629,15.163226,11.487327,PRJNA403969,Post-pubertal,Female,Duroc x Pietrain,ILLUMINA,Illumina HiSeq 2500,Muscle
SAMN07627031,6.801954869466883,57.1239652151415,4.99026950567386,-27.818537390489773,2.904299816699233,-16.168341021764373,4.7933833721708785,10.701495812568158,10.304433661269108,1.4865535472604932,13.62323,10.815417,PRJNA403969,Post-pubertal,Male,Duroc x Pietrain,ILLUMINA,Illumina HiSeq 2500,Muscle
SAMN07627032,-34.19355525383437,39.06721898133519,16.92539508379284,-34.98056046514612,-6.037517959498902,-15.32130737309787,0.4770455368562996,12.151601694637792,3.0975691277164414,-1.652332202733282,14.594704,11.909612,PRJNA403969,Post-pubertal,Male,Duroc x Pietrain,ILLUMINA,Illumina HiSeq 2500,Muscle
SAMN07627033,-18.61544131746904,46.266206405496426,13.873137617542694,-32.70443627068499,-2.1357988987712986,-15.194880824082272,-2.3604748409426466,4.573963209973334,-3.3808452062830394,1.5099651073259297,14.595861,11.081961,PRJNA403969,Post-pubertal,Female,Duroc x Pietrain,ILLUMINA,Illumina HiSeq 2500,Muscle
SAMN07627034,-22.638064900720718,40.62199514540017,12.977978847843382,-26.927040409739462,-3.6352060506810076,-11.266062884137524,-3.076223633023811,4.250127987030239,-4.413989846776276,1.4012947070871382,14.71743,11.077299,PRJNA403969,Post-pubertal,Female,Duroc x Pietrain,ILLUMINA,Illumina HiSeq 2500,Muscle
SAMN07627035,-24.07409469221913,49.92149967958912,13.210372233066085,-32.86383648983428,-2.7833750377543254,-14.009666486119006,2.454576642510644,11.336226661030604,-5.50583848128429,1.3885351445376113,14.44656,11.636261,PRJNA403969,Post-pubertal,Male,Duroc x Pietrain,ILLUMINA,Illumina HiSeq 2500,Muscle
SAMN07627036,-30.800129564352723,42.11912813365096,19.557601361467285,-33.94761986278874,-4.2356338269635,-10.468313025656522,-3.426767145873461,1.8991689807000336,-0.5700826419677885,-3.1244130032148014,14.531411,11.901821,PRJNA403969,Post-pubertal,Male,Duroc x Pietrain,ILLUMINA,Illumina HiSeq 2500,Muscle
SAMN07627037,-35.10507814748895,36.983265121442734,16.934375120973094,-34.09490561019696,-8.596121778739766,-14.330799240272254,0.7916497898091384,5.9093394928961205,-4.719094478442939,4.373858235774435,15.029106,11.422881,PRJNA403969,Post-pubertal,Female,Duroc x Pietrain,ILLUMINA,Illumina HiSeq 2500,Muscle
SAMN07627038,-31.757084752329398,40.031484903633384,10.928658677703186,-20.79492568715093,-7.3098709368070445,-8.933979099961626,1.8551709337924114,2.2431487942230866,-9.455331417499396,0.6796043587199644,14.787897,10.92542,PRJNA403969,Post-pubertal,Female,Duroc x Pietrain,ILLUMINA,Illumina HiSeq 2500,Muscle
SAMN07627039,-28.5024936537478,39.54377338264259,12.728485935026528,-32.70253651039253,-7.575320690295496,-11.28336884479256,2.864609638358889,5.959083223617287,-2.051649168903932,-2.1641655022094106,14.812885,11.679808,PRJNA403969,Post-pubertal,Male,Duroc x Pietrain,ILLUMINA,Illumina HiSeq 2500,Muscle
SAMN07627040,-24.311977187168452,46.717465397689935,17.77597147183242,-34.12350257536754,-4.874047842960231,-14.13899876333822,1.9336837916334302,8.634897190386043,1.5669593605494787,2.7513485421559087,14.3560095,11.653532,PRJNA403969,Post-pubertal,Male,Duroc x Pietrain,ILLUMINA,Illumina HiSeq 2500,Muscle
SAMN07627041,-14.408608725486046,50.71845369621133,14.333507960520794,-31.811821185744176,0.18824374168983832,-14.987348125099137,-2.233263230775096,5.2208219809033665,-2.1304810117819923,4.1387479476971185,14.373902,11.366454,PRJNA403969,Post-pubertal,Female,Duroc x Pietrain,ILLUMINA,Illumina HiSeq 2500,Muscle
SAMN07627042,-0.31133848911832834,60.341055437167384,8.456216876845943,-23.92962300954302,4.154244844213432,-11.96952517061449,-4.953927380397845,1.52074052882461,-8.042578373035456,7.786069777872075,14.0263815,10.702245,PRJNA403969,Post-pubertal,Female,Duroc x Pietrain,ILLUMINA,Illumina HiSeq 2500,Muscle
SAMN07627043,-17.784650139693476,39.16424678629643,14.450861350351653,-40.14691646565352,-2.746360066982016,-15.204553556501615,7.786226832159962,8.766640386209138,11.448056654357252,-3.1931160160211496,14.232661,11.79444,PRJNA403969,Post-pubertal,Male,Duroc x Pietrain,ILLUMINA,Illumina HiSeq 2500,Muscle
SAMN07627044,-38.300800441521694,39.9809941277523,20.751290322949867,-33.84527198203817,-7.321415575921887,-11.786840707195088,-0.14153531972820022,8.050191071670406,-5.41510660408033,-0.8528269859917623,14.808158,11.78831,PRJNA403969,Post-pubertal,Male,Duroc x Pietrain,ILLUMINA,Illumina HiSeq 2500,Muscle
SAMN08049025,50.16548953207851,71.44311581468665,-53.69063087926772,26.997806278609378,22.165307044427767,-11.623775520854405,-5.53800673712089,-7.158628469525849,2.5381240549124318,2.291528839016965,10.331357,9.298697,PRJNA419297,Post-pubertal,Female,(Pietrain x Duroc) x (Landrace x Yorkshire),ILLUMINA,Illumina HiSeq 4000,Muscle
SAMN08049026,48.76627261033424,66.55666700931349,-57.44971809715749,28.549805487205912,21.626321338165408,-11.503302895016715,-7.178953528406433,-6.637628780351838,4.494335674260608,4.050358305713177,10.281125,9.312238,PRJNA419297,Post-pubertal,Female,(Pietrain x Duroc) x (Landrace x Yorkshire),ILLUMINA,Illumina HiSeq 4000,Muscle
SAMN08049156,-68.40108177098895,-34.47772910584697,-13.62111191905757,21.584725891751372,-18.146161051618463,-0.690542453849705,-21.62177813380802,2.766704069953765,8.780300675327853,7.630670448883515,19.063053,12.587921,PRJNA419312,Post-pubertal,Female,Hampshire,ILLUMINA,Illumina HiScanSQ,Muscle
SAMN08049157,-85.20099122345762,-45.87517765372748,-10.920410077309173,20.214545905525068,-22.43754251273746,-5.130542958797196,-19.95475960285126,6.759166952958334,11.820409725963216,1.0661200474831085,18.805262,12.286728,PRJNA419312,Post-pubertal,Female,Hampshire,ILLUMINA,Illumina HiScanSQ,Muscle
SAMN08049158,-77.71466738425501,-19.064041978225248,23.658458339333425,-13.738139455514013,-14.493351199783648,-0.09848844242423757,-24.466618254306233,-5.511409756828548,-3.8102652123398593,1.7875436293724782,19.056543,12.551452,PRJNA419312,Post-pubertal,Female,Pietrain,ILLUMINA,Illumina HiScanSQ,Muscle
SAMN08049159,-75.1000098217282,-32.856988460341974,-7.486865103702027,14.79759849570204,-16.753519806290566,-5.817905578472043,-26.142001105698277,3.893619832571047,4.97767865976022,5.257979025817546,18.98165,12.474285,PRJNA419312,Post-pubertal,Female,Hampshire,ILLUMINA,Illumina HiScanSQ,Muscle
SAMN08049160,-65.23534752051178,-8.240667488033415,3.9421002877418827,3.715830313952885,-13.266952559651001,-3.217097413001402,-23.76328385122615,-3.562109587880777,-5.715818711386949,3.2748122614379707,19.046175,12.5143385,PRJNA419312,Post-pubertal,Female,Pietrain,ILLUMINA,Illumina HiScanSQ,Muscle
SAMN08049161,-69.44624233125903,-22.73910080103684,23.38529450448062,-16.909807363622292,-16.80314528868224,-1.6144999826701156,-23.964103128419403,-12.555921754355333,4.862555056643539,-1.7244124559369927,19.065634,12.547075,PRJNA419312,Post-pubertal,Female,Pietrain,ILLUMINA,Illumina HiScanSQ,Muscle
SAMN08049162,-85.9782410421399,-26.42216082017753,27.99336747111313,-17.825773594088837,-19.991792214876195,-4.066655248169271,-27.579406882574034,-5.336269800959878,-1.4025549956934338,1.3199648339491916,18.85663,12.581194,PRJNA419312,Post-pubertal,Female,Pietrain,ILLUMINA,Illumina HiScanSQ,Muscle
SAMN08049163,-82.86014929161774,-29.937507272659584,16.342881060887002,-6.2335712318842464,-22.611916500796013,-1.1769059189571116,-19.52650976729183,-4.665240129564366,-0.7874321643600167,-1.2835718928044688,18.926662,12.48081,PRJNA419312,Post-pubertal,Female,Pietrain,ILLUMINA,Illumina HiScanSQ,Muscle
SAMN08049164,-78.3503677506973,-24.82081655365332,2.2971419057475115,0.1771588176990118,-21.78312445803533,-1.1577098008347786,-16.34150426943596,-3.2680196634526077,1.8053390951794108,-0.10738003742347188,18.918463,12.520374,PRJNA419312,Post-pubertal,Female,Hampshire,ILLUMINA,Illumina HiScanSQ,Muscle
SAMN08049165,-75.62073728142833,-21.14525266509718,13.484907404337578,-6.956399831992412,-18.1324327703173,0.7856618456242914,-16.397281103940895,-4.433007371024934,-3.5470526242863594,-2.058949165461709,18.992252,12.558244,PRJNA419312,Post-pubertal,Female,Pietrain,ILLUMINA,Illumina HiScanSQ,Muscle
SAMN08049166,-55.66158755892198,-14.526105076991016,-9.565289284629577,8.701082100853498,-15.500501627483574,-1.619286542138288,-15.963080518141556,-6.3943390105262585,3.5920493221063268,1.6872865517636055,19.143143,12.460306,PRJNA419312,Post-pubertal,Female,Hampshire,ILLUMINA,Illumina HiScanSQ,Muscle
SAMN08049167,-83.63453730410815,-21.743766975924114,16.547901345773926,-9.126614993808541,-21.623493588791014,-1.1630568050277064,-19.088929670197277,-6.372324719681559,-5.401530013934379,-1.1613179728105476,18.880234,12.560935,PRJNA419312,Post-pubertal,Female,Pietrain,ILLUMINA,Illumina HiScanSQ,Muscle
SAMN08049168,-78.8690337629234,-22.420029807759487,4.582828547047333,2.576209547116883,-19.444764985291602,-2.74928728871271,-21.996386964007563,-3.6534896513503456,-2.0469201970391615,-0.11513164704203323,19.027958,12.586235,PRJNA419312,Post-pubertal,Female,Hampshire,ILLUMINA,Illumina HiScanSQ,Muscle
SAMN08580359,-20.735415921746778,6.734437965411604,-63.426090752299764,55.69510986359762,-19.67738105855082,-11.807178392085554,24.623187435849832,-9.967232779509287,7.026107112303276,2.6124512536956868,19.497725,9.253465,PRJNA386796,Early childhood,Female,Duroc,ILLUMINA,Illumina HiSeq 2000,Muscle
SAMN08580360,-26.28439034663003,12.068768481680857,-60.65322478475861,49.6276949728823,-17.17783855082639,-13.85133866573696,19.52524193776907,-9.134425478874347,0.4935105538986504,3.3418724065517664,19.48101,9.281066,PRJNA386796,Early childhood,Female,Duroc,ILLUMINA,Illumina HiSeq 2000,Muscle
SAMN08580361,-32.08158152710929,17.018478232874397,-47.613645352670915,39.43636134176588,-15.48338463276777,-18.966390292026862,16.584549111732965,-9.739681973656506,3.254090398303539,2.5676351631093435,19.295341,9.145822,PRJNA386796,Early childhood,Female,Duroc,ILLUMINA,Illumina HiSeq 2000,Muscle
SAMN08580362,-33.002499397756374,14.343444840525764,-55.3755986855713,47.513832004576045,-15.58987604604908,-20.31258877337608,16.34309066464019,-5.794495236878295,3.4577405577784415,3.9474524686269756,19.427866,9.169928,PRJNA386796,Early childhood,Female,Duroc,ILLUMINA,Illumina HiSeq 2000,Muscle
SAMN08580363,-53.49935983444644,-16.975607677369513,-68.40906856929514,60.54971498384926,-28.40868901460305,-19.07088333324735,23.14918677431366,3.655447854017403,2.91581193719465,-0.5221042498609156,19.666277,9.38784,PRJNA386796,Early childhood,Female,Duroc,ILLUMINA,Illumina HiSeq 2000,Muscle
SAMN08580364,-47.252657396802284,-8.172024084205935,-70.9222338650126,65.49486226055124,-26.234139287334465,-16.181712469893565,19.293431559851797,-2.9888070825357596,2.5102941270559542,1.6766483271052863,19.59304,9.342411,PRJNA386796,Early childhood,Female,Duroc,ILLUMINA,Illumina HiSeq 2000,Muscle
SAMN08580365,-13.16341692849833,25.230429843694814,-35.73015365427298,33.380841600055916,-11.540199153961941,0.713791679708699,10.189548847840529,-12.847157024632105,-1.383585765543581,5.1145363495509795,18.777554,9.154856,PRJNA386796,Early childhood,Female,Duroc,ILLUMINA,Illumina HiSeq 2000,Muscle
SAMN08580367,-42.23232098634433,5.087251802422298,-54.53383549026353,45.31459964351947,-18.64292210777468,-12.749595238241916,16.16607993118504,-7.613869685557648,0.3796415363588473,-0.7343044628647307,19.386152,9.3788805,PRJNA386796,Early childhood,Female,Duroc,ILLUMINA,Illumina HiSeq 2000,Muscle
SAMN08580368,-46.3508939178834,10.101681685838763,-21.975364682260867,18.46400284126548,-17.13629314568051,-9.882028765265538,4.332722603195343,-6.590901517730252,-3.039055379584981,4.825576263476389,18.577604,9.735498,PRJNA386796,Early childhood,Female,Duroc,ILLUMINA,Illumina HiSeq 2000,Muscle
SAMN08580372,-45.699592387313345,-1.239405302255263,-59.15913661656909,49.80159518513311,-22.602819910703346,-9.443235387125355,18.772545338976286,-3.917387394622517,-0.7649338016983961,2.05516031630801,19.46503,9.39746,PRJNA386796,Early childhood,Female,Duroc,ILLUMINA,Illumina HiSeq 2000,Muscle
SAMN08822294,127.3091584606792,-2.723154999699072,-28.74759454045467,-49.2468579264586,14.134914570827279,-31.864484899722317,9.40961086214801,-2.1658787559485058,35.51174725047,-23.174523628736434,10.695921,4.2222023,PRJNA448132,Infant,Unknown,Unknown,ILLUMINA,Illumina HiSeq 4000,Muscle
SAMN09840078,224.18213481677284,-38.54120337392878,20.924112084940532,-17.826120624046258,-13.212047727392997,-34.79496700880686,0.9097959169972725,-18.946823811199028,2.468258604874205,-13.248859774239786,-19.000738,22.127865,PRJNA486202,Infant,Female,Landrace,ILLUMINA,HiSeq X Ten,Muscle
SAMN09840079,206.66479366389342,-45.625855152962224,22.848271374623355,-19.321532588662627,-19.702355602486403,-36.239487460749174,5.2878078708053495,-18.81019456759523,3.2599520253322596,-10.716014683581406,-18.99866,22.146242,PRJNA486202,Infant,Female,Landrace,ILLUMINA,HiSeq X Ten,Muscle
SAMN09840080,201.85117013551354,-44.217792040427256,34.68337718833564,-25.303568971076814,-19.558859737868445,-28.434851671636178,2.7127768703605364,-17.5157589870364,2.152260781536115,-13.555438947814837,-19.06341,22.071817,PRJNA486202,Infant,Male,Landrace,ILLUMINA,HiSeq X Ten,Muscle
SAMN09840081,218.1395540674283,-39.95506256235795,24.318435806173632,-7.893857978147199,-14.24834276517349,-31.074486040701302,-0.1292404235654909,-12.074711477533707,-7.206300001385518,-11.56452972861784,-18.996132,22.132532,PRJNA486202,Infant,Male,Landrace,ILLUMINA,HiSeq X Ten,Muscle
SAMN09840082,208.11188529598877,-43.01771242041944,27.869405321665134,-10.400415740701643,-20.14452818880543,-23.994280566841798,6.9697904627016225,-13.524307981435532,-4.28533562541191,-10.68838205826205,-18.98512,22.151537,PRJNA486202,Infant,Male,Landrace,ILLUMINA,HiSeq X Ten,Muscle
SAMN09840083,218.242038451824,-38.22213129528706,28.16018314211592,-10.48091051196025,-13.295280210288903,-29.552045781324967,-0.9271361310987036,-16.361689678808034,-6.84970722009117,-6.387295043046688,-18.967089,22.15822,PRJNA486202,Infant,Female,Landrace,ILLUMINA,HiSeq X Ten,Muscle
SAMN09840084,222.40508670075016,-37.02679110388321,33.04910166876342,-7.774826496253254,-14.89601484285559,-26.62376372909315,0.6168206024342036,-11.8081315774407,-1.5026032362597908,-6.381983336196231,-18.977516,22.152813,PRJNA486202,Infant,Male,Landrace,ILLUMINA,HiSeq X Ten,Muscle
SAMN09840085,210.96192515348295,-42.35615234440893,35.564974078773,-10.366581062283101,-17.94917842780485,-25.94532533859215,0.8105173104403011,-11.843308195165228,-2.691124884061453,-7.739021693963327,-19.029854,22.091303,PRJNA486202,Infant,Male,Landrace,ILLUMINA,HiSeq X Ten,Muscle
SAMN09840086,218.73930595545633,-35.949011032691665,34.10809989087802,-8.987350878749622,-14.57093237500691,-27.137842797826384,-1.4447987360626886,-10.243601020662151,-5.450422810186728,-2.8997640451882707,-19.06729,22.058353,PRJNA486202,Infant,Male,Landrace,ILLUMINA,HiSeq X Ten,Muscle
SAMN09840087,203.37866569046818,-40.11150992228324,25.57178176355036,-0.5810041479973257,-15.36207636542205,-27.65603699481974,-2.479970369305424,-6.216987390692535,-10.75707648426307,-3.4185571840429594,-18.954975,22.153215,PRJNA486202,Infant,Female,Landrace,ILLUMINA,HiSeq X Ten,Muscle
SAMN09840088,212.78162967875596,-38.249955652576844,21.40617601310156,-9.103060438440266,-15.411014054829588,-25.09931048279463,2.605971424896366,-13.867126451935599,-8.625487691112818,-3.74077372114,-19.019306,22.105001,PRJNA486202,Infant,Female,Landrace,ILLUMINA,HiSeq X Ten,Muscle
SAMN09840089,197.3032790190773,-45.26349342178922,24.341497843765378,-1.0330213683318576,-20.093098314990435,-27.605453639105,3.4872263988623216,-7.481609754912174,-8.997952284313804,-3.1674050681439927,-19.06914,22.053268,PRJNA486202,Infant,Female,Landrace,ILLUMINA,HiSeq X Ten,Muscle
SAMN09840090,214.27312879989728,-32.61351948888784,24.528665951786564,5.027152422671615,-13.03441581234969,-26.449578195037194,-2.906283183976678,-3.262223243498585,-14.904027655599869,-4.094436670662607,-18.79188,22.2936,PRJNA486202,Infant,Male,Landrace,ILLUMINA,HiSeq X Ten,Muscle
SAMN09840091,212.21340568794088,-30.643199350279676,32.71381831522616,-2.1291913613518987,-13.097927095019656,-22.064414869101913,-3.6899133270657973,-6.986767223528156,-12.432006445825866,-3.4523130090468177,-18.795862,22.297112,PRJNA486202,Infant,Male,Landrace,ILLUMINA,HiSeq X Ten,Muscle
SAMN09840092,212.26168651976403,-29.890511041235687,32.092692704101765,-2.0660980293795785,-13.480272303831002,-21.947779503239538,-0.4214407713662541,-8.709823130080352,-12.324062420547937,1.5918285791044489,-18.747515,22.333225,PRJNA486202,Infant,Female,Landrace,ILLUMINA,HiSeq X Ten,Muscle
SAMN09840093,217.97483127726773,-26.205812614995775,20.613379045581823,0.0208925550115148,-9.811552724856394,-20.24733594010963,-0.7230601439993314,-7.742239220096335,-17.93945369667712,-3.988199409022169,-18.836956,22.252377,PRJNA486202,Infant,Male,Landrace,ILLUMINA,HiSeq X Ten,Muscle
SAMN09840094,211.0573795901229,-29.22927233513582,24.548591699266677,-2.7126697945533955,-11.691437623505042,-17.968602491392485,-0.29508350424529856,-7.560283438488757,-14.269799334091097,-4.013698640643492,-18.849073,22.242817,PRJNA486202,Infant,Male,Landrace,ILLUMINA,HiSeq X Ten,Muscle
SAMN09840095,213.6198255188099,-27.977061913257888,22.154560479160814,-0.04300534026084465,-7.861955186605296,-17.72678271906057,-0.9806365136997397,-10.60737809938057,-11.641970681244961,-11.080347619779005,-18.80627,22.289984,PRJNA486202,Infant,Male,Landrace,ILLUMINA,HiSeq X Ten,Muscle
SAMN09840096,207.25039419309894,-33.39672240766829,32.21526151188883,0.5906361295144396,-14.711900833570247,-24.094720243517706,-3.4658602980695044,-6.261653413575051,-14.0007397971106,-7.500670839892645,-18.603401,22.425877,PRJNA486202,Infant,Male,Landrace,ILLUMINA,HiSeq X Ten,Muscle
SAMN09840097,195.15289161821008,-32.961175337153215,32.3261555430517,8.48289414456935,-12.62065012036702,-24.7953892246218,-7.9436759394913725,-0.5120970783127515,-16.131386247055246,-6.5295501007239185,-18.413822,22.54772,PRJNA486202,Infant,Male,Landrace,ILLUMINA,HiSeq X Ten,Muscle
SAMN09840098,207.44933313385087,-31.832277983706845,25.797500751540785,7.015289584719043,-13.175110772379758,-27.4055100664648,-3.4146431179565773,-5.720282867700443,-15.584353042197721,-0.5922922353184475,-18.564941,22.445587,PRJNA486202,Infant,Female,Landrace,ILLUMINA,HiSeq X Ten,Muscle
SAMN09840099,204.02985158267694,-25.242922398049974,22.69110749433946,6.191127005492779,-11.427603106068686,-21.603821210011567,-1.2260677200425507,-3.0352502521169087,-19.029349281236954,2.050304553825207,-18.421633,22.544754,PRJNA486202,Infant,Female,Landrace,ILLUMINA,HiSeq X Ten,Muscle
SAMN09840100,206.83653129773143,-28.198016907029817,23.524390076030198,4.886345393285126,-12.602655913356053,-20.670373782413,1.330422122172389,-4.721263062509771,-16.515451750976474,0.39580441362308805,-18.558126,22.440237,PRJNA486202,Infant,Female,Landrace,ILLUMINA,HiSeq X Ten,Muscle
SAMN09840101,211.41357963274712,-23.401867080523505,20.72827241729231,6.282066909906023,-10.348975802876144,-20.30401115519034,-0.7055600128490714,-5.764955431138265,-19.25002732824451,-0.4960984610815591,-18.488615,22.502428,PRJNA486202,Infant,Female,Landrace,ILLUMINA,HiSeq X Ten,Muscle
SAMN09840102,192.86544421504297,-30.82176220187873,22.434115510065244,9.219701828059966,-13.691498650888114,-16.81956302242486,-0.13392235250203516,-2.4827803974697553,-19.70033139042023,-0.06455930251238118,-18.314909,22.607367,PRJNA486202,Infant,Female,Landrace,ILLUMINA,HiSeq X Ten,Muscle
SAMN09840103,210.3409657195948,-23.37406164684212,23.170217875409186,6.469418112417033,-9.451700450065506,-13.678138835355627,0.7972170821741037,-7.157475050326043,-19.732003818715018,0.4090366547636526,-18.356728,22.58663,PRJNA486202,Infant,Female,Landrace,ILLUMINA,HiSeq X Ten,Muscle
SAMN09840104,200.78569957586657,-23.884073793298004,22.306440777075654,12.980794847833625,-9.186683720343932,-13.585129246215399,-0.8262586051450205,-2.521400553031119,-20.585061952311055,0.8882867275660288,-18.218134,22.673126,PRJNA486202,Infant,Female,Landrace,ILLUMINA,HiSeq X Ten,Muscle
SAMN09840105,197.86440969638707,-22.808447601698784,39.06535535529109,5.623338335006701,-12.709417571375544,-10.50424547892291,-4.25515409459676,-0.21792535442625094,-14.369291972235711,-1.0688183017927073,-18.180658,22.680475,PRJNA486202,Infant,Male,Landrace,ILLUMINA,HiSeq X Ten,Muscle
SAMN09840106,195.98008716464307,-20.364369585948513,36.34611750840109,8.216100644269469,-10.653074910811782,-9.947949007723688,-3.625378265490212,0.27576139047474646,-14.166489366540407,-0.10492669603110984,-18.12377,22.729404,PRJNA486202,Infant,Male,Landrace,ILLUMINA,HiSeq X Ten,Muscle
SAMN09840107,199.73926608836746,-23.650296770877446,37.07564560316701,8.768571605341084,-11.493803885707022,-13.708497221830575,-4.8848282741661855,-1.9004163317797946,-11.437652665261307,3.008317381098694,-18.280073,22.627775,PRJNA486202,Infant,Female,Landrace,ILLUMINA,HiSeq X Ten,Muscle
SAMN09840108,172.90920588431055,-32.25478837079122,42.41266652694036,21.30204883761933,-17.071664571021785,-12.620232844243278,-5.649290729373568,6.553249576897134,-12.111772064767846,-8.008715591260572,-18.040035,22.773262,PRJNA486202,Infant,Male,Landrace,ILLUMINA,HiSeq X Ten,Muscle
SAMN09840109,177.1717169234848,-30.562931861323214,37.41869524123495,20.008048192371188,-16.563777985383272,-12.398292296497534,-2.4580811169287693,3.4769582463817237,-13.778262250285284,-1.9664844527382173,-18.055899,22.807562,PRJNA486202,Infant,Female,Landrace,ILLUMINA,HiSeq X Ten,Muscle
SAMN09840111,201.06093741549702,-13.61654475373714,41.38870412281145,8.926129821064942,-4.471352846081058,-0.5463642009140524,-6.415790309248499,1.7480564013795301,-12.897189759827942,-2.3752078473465508,-17.969635,22.837856,PRJNA486202,Infant,Male,Landrace,ILLUMINA,HiSeq X Ten,Muscle
SAMN09840112,196.7121247787441,-12.303327423014824,27.921174276004603,-2.779314492207731,-4.25617320531947,6.113796718093237,-1.2529763513220027,-5.243344414766567,-16.812937454187566,-5.331223902598015,-18.039314,22.78521,PRJNA486202,Infant,Male,Landrace,ILLUMINA,HiSeq X Ten,Muscle
SAMN09840113,186.3319659457616,-17.41584542249267,44.28272952315856,12.078249213493478,-8.357290000768227,-1.072458605516453,-4.029086299828556,0.051613215856557176,-11.415693858170078,2.5267872196131584,-18.085754,22.735214,PRJNA486202,Infant,Female,Landrace,ILLUMINA,HiSeq X Ten,Muscle
SAMN09840114,194.1507601744451,-2.2622909925303984,28.0647568130583,16.29058332364403,0.06525249957135015,-2.092926826961942,-2.750830812361259,6.1629173258136944,-20.939034938550876,3.0645613238864606,-17.96121,22.839684,PRJNA486202,Infant,Female,Landrace,ILLUMINA,HiSeq X Ten,Muscle
SAMN09840115,203.66626273300272,-4.3097884186365985,25.774985689276125,9.203506056012381,-2.418666856509407,0.4550808337085108,3.145593405180426,-0.5841543876583924,-16.10028100625652,-4.449694463925679,-17.994484,22.809189,PRJNA486202,Infant,Male,Landrace,ILLUMINA,HiSeq X Ten,Muscle
SAMN09840116,194.38440637563792,-4.492524434681287,34.636585920925015,16.012543712346773,-1.7553471655428627,-0.9378334190648988,-5.798827945277141,7.341064254787853,-19.246015432178503,-4.169837690101555,-17.99011,22.788279,PRJNA486202,Infant,Male,Landrace,ILLUMINA,HiSeq X Ten,Muscle
SAMN09840117,172.1678902006069,-9.054316703556664,32.32783408267899,14.945649403896772,-2.4995994321664,6.513255782719634,-0.834201692344005,7.440074748713273,-17.88605123844591,0.6776535400653022,-17.824839,22.915613,PRJNA486202,Infant,Female,Landrace,ILLUMINA,HiSeq X Ten,Muscle
SAMN09840118,168.50152011404876,-11.553844235253806,32.54931066778442,14.638192011696832,-4.264730230771262,3.7980421954755204,-1.361834008033813,6.400225641720473,-18.13189338074911,-0.8856424421865383,-17.775919,22.94175,PRJNA486202,Infant,Female,Landrace,ILLUMINA,HiSeq X Ten,Muscle
SAMN09840119,179.8691883202624,-3.649065680628112,31.69146201742535,23.353025486334925,-1.7998819155575982,1.8376735866080103,-1.5662824976879506,8.77730035814669,-17.503835754111172,1.3578453292652326,-17.884785,22.885344,PRJNA486202,Infant,Female,Landrace,ILLUMINA,HiSeq X Ten,Muscle
SAMN09840120,166.20962269289015,1.7122176675323664,39.24245126564269,27.885415998560937,-2.895970627005695,3.6851529205464164,-1.9256678959785927,15.760029235411466,-12.867965166649913,-4.594203116033358,-17.600666,23.029623,PRJNA486202,Infant,Male,Landrace,ILLUMINA,HiSeq X Ten,Muscle
SAMN09840121,162.06170718368136,-6.852941516562695,44.42001681399485,19.993127831607723,-3.434591854908699,2.7317119158545218,-7.7400875492427055,15.453585310664744,-15.185149251697887,-5.542780662525542,-17.613073,23.021624,PRJNA486202,Infant,Male,Landrace,ILLUMINA,HiSeq X Ten,Muscle
SAMN09840122,174.8277683367473,3.7979641192505387,38.89453748937825,27.480261665231623,1.0320065836696055,2.9964342782213786,-7.301793995588009,15.893710621289598,-18.672658062449177,-2.482655750586839,-17.65762,22.986794,PRJNA486202,Infant,Male,Landrace,ILLUMINA,HiSeq X Ten,Muscle
SAMN09840123,132.6222460013703,33.0441044461926,51.73779476080071,12.196165520402902,11.577298576908781,5.343012369623593,4.275558823529405,44.2442083980775,13.135702921971802,1.640748560994692,-17.057974,23.2976,PRJNA486202,Infant,Male,Landrace,ILLUMINA,HiSeq X Ten,Muscle
SAMN09840124,137.35640457361364,8.342909784061087,32.83523003546112,25.757832226235777,1.6071921222149468,-1.9455446445261873,7.399847785321361,34.962764863952,7.1661662575448455,5.185612129174369,-17.26257,23.182758,PRJNA486202,Infant,Female,Landrace,ILLUMINA,HiSeq X Ten,Muscle
SAMN09840125,123.26699129299908,21.68789682015353,58.20729605713871,12.84136725874938,7.00044538244647,7.65870862818913,0.7361450216830705,42.03948513997399,4.433743060008656,3.470319308173719,-17.078896,23.284721,PRJNA486202,Infant,Male,Landrace,ILLUMINA,HiSeq X Ten,Muscle
SAMN09840126,150.1485158822921,22.477581432712828,30.131420242122623,38.956156675671494,6.422270045122798,7.142954818662321,-7.220813374060492,3.7443903870712316,-19.070431091421074,-6.01083082788939,-17.230238,23.195398,PRJNA486202,Infant,Female,Landrace,ILLUMINA,HiSeq X Ten,Muscle
SAMN09840128,134.84180184497936,21.816949544768846,29.556468800148263,38.26591952220098,8.047378442879706,12.128240661435154,-9.176473451872726,5.806781742071146,-14.045707267112261,-13.622583808432596,-17.175932,23.215698,PRJNA486202,Infant,Male,Landrace,ILLUMINA,HiSeq X Ten,Muscle
SAMN09840129,133.45552855859955,16.24464459202599,43.281963579760934,38.996434118410065,0.6960687969692677,13.396481792902673,-7.557148632402433,3.5717663047972112,-7.211197600007189,-1.532494298389667,-16.933802,23.34198,PRJNA486202,Infant,Female,Landrace,ILLUMINA,HiSeq X Ten,Muscle
SAMN09840130,132.3101636641096,23.639412103103137,38.54656537738434,47.13372883865258,1.8364539729141829,7.926774285332523,-10.93491689221181,2.466086146197198,-16.281105462098115,-9.401011269345005,-16.942902,23.34373,PRJNA486202,Infant,Male,Landrace,ILLUMINA,HiSeq X Ten,Muscle
SAMN09840131,131.0150222628876,22.629668189323503,37.53749847265461,46.04370995742843,2.146235389924706,5.655393689282832,-6.282458314979371,4.411550735558727,-11.447009865453122,-8.05037034227212,-17.01831,23.26836,PRJNA486202,Infant,Female,Landrace,ILLUMINA,HiSeq X Ten,Muscle
SAMN09840132,103.93913555346411,20.92334094140698,40.9781200723305,45.11741995772269,-4.121772120411482,18.393733102544214,-2.343665068898915,6.716564355222034,-6.492506520907055,-7.359788659280699,-16.739504,23.40873,PRJNA486202,Early childhood,Male,Landrace,ILLUMINA,HiSeq X Ten,Muscle
SAMN09840133,77.36592306081927,11.56297807343556,44.6360461522723,52.39823865473582,-9.439761109650494,16.477322414963506,-1.1427517539232097,11.206695990604889,-2.080504948863749,-8.993955377580795,-16.37898,23.485779,PRJNA486202,Early childhood,Male,Landrace,ILLUMINA,HiSeq X Ten,Muscle
SAMN09840134,98.38528131651482,26.155752554705874,36.958255336065136,46.03442143587647,-3.6386371004479536,18.330155404557384,3.9902990045589717,6.8944925791636384,0.9048669537016871,0.45723427115959864,-16.550001,23.542072,PRJNA486202,Early childhood,Female,Landrace,ILLUMINA,HiSeq X Ten,Muscle
SAMN09840135,94.37265808084449,13.112654811708685,44.56629033288027,45.064159945682064,-6.044983887870758,17.508748381520952,-8.073292785564059,0.5228102640446033,-6.296006011348244,-12.714240841575384,-16.566198,23.479221,PRJNA486202,Early childhood,Male,Landrace,ILLUMINA,HiSeq X Ten,Muscle
SAMN09840136,85.08155502354312,7.754633267384824,46.2628709919441,47.63782261977654,-6.0763334365521,15.909553334121902,-8.540670351005135,5.039281162112762,-3.9674130417396536,-9.588919574961695,-16.446222,23.526014,PRJNA486202,Early childhood,Female,Landrace,ILLUMINA,HiSeq X Ten,Muscle
SAMN09840137,108.23403233656101,13.112924541778174,42.43139824500937,44.60302535488067,-5.88855749353622,13.215842895305308,-7.545955496515229,5.1988878633120015,-5.498968998965773,-12.087066536601748,-16.728899,23.392803,PRJNA486202,Early childhood,Female,Landrace,ILLUMINA,HiSeq X Ten,Muscle
SAMN09840138,95.88391191877153,10.878385861451111,39.20146195527502,51.79520979416409,-7.204032064839068,10.817925620238796,-6.998363143216213,0.7514106154823582,-6.441130094287434,-11.832131615487375,-16.561234,23.476389,PRJNA486202,Pre-pubertal,Male,Landrace,ILLUMINA,HiSeq X Ten,Muscle
SAMN09840139,84.71633558393093,8.276701570212214,51.952856883630716,43.47740266069465,-9.454047414090477,8.958068386625293,-13.093389483403065,6.333917582201037,-3.0366472161088045,-12.010776357663454,-16.509386,23.469606,PRJNA486202,Pre-pubertal,Male,Landrace,ILLUMINA,HiSeq X Ten,Muscle
SAMN09840140,106.64215935020938,12.42938915302411,52.85424039238162,47.140759369195294,-4.165701523503263,12.376544675100963,-11.415211016711941,7.3318620261744805,0.9726739932835055,-11.963924606620573,-16.639616,23.467688,PRJNA486202,Pre-pubertal,Female,Landrace,ILLUMINA,HiSeq X Ten,Muscle
SAMN09840141,98.78155125119918,15.675934422206833,59.794094113634145,35.67334182629364,-1.023999971911343,14.672578070289507,-15.08204399435806,-13.571865833720425,13.291090216596993,-17.876143876272337,-16.454975,23.511688,PRJNA486202,Pre-pubertal,Female,Landrace,ILLUMINA,HiSeq X Ten,Muscle
SAMN09840142,77.52112160036607,16.85158620670159,62.82894165493892,41.394683449022615,-6.778817963272514,13.437177955525996,-14.505469949718382,-5.106445288468219,10.012517862595423,-17.571964708330533,-16.343077,23.51484,PRJNA486202,Pre-pubertal,Male,Landrace,ILLUMINA,HiSeq X Ten,Muscle
SAMN09840143,70.65566661464459,23.51473337428787,62.826047492022845,35.15664642416205,-4.091781619984406,14.718263477562928,-9.60371826703192,1.0094771513917424,8.261882837266263,-8.624348234501603,-16.232046,23.734842,PRJNA486202,Pre-pubertal,Male,Landrace,ILLUMINA,HiSeq X Ten,Muscle
SAMN09840145,75.47803576461669,3.7803419986453046,54.52231342968607,40.01656777353671,-15.15271529759105,13.502424839244782,-4.615823112516871,-9.139781101485754,3.725936228930082,-7.318445084053926,-16.306389,23.449997,PRJNA486202,Pre-pubertal,Female,Landrace,ILLUMINA,HiSeq X Ten,Muscle
SAMN09840146,93.00236023059955,14.593124604103354,58.3919038450372,44.56280531098724,-4.565961613134732,6.29512756389421,-18.19411761024065,-9.813413369986037,2.8833433350715114,-17.278329718634765,-16.422295,23.545424,PRJNA486202,Pre-pubertal,Female,Landrace,ILLUMINA,HiSeq X Ten,Muscle
SAMN09840147,55.144387421227314,18.23890367565673,63.497585648681316,42.04030507150727,-16.312791361057343,8.080863374258938,-14.222605290882989,-6.866918031195823,2.679686045254034,-7.1180094812686345,-16.152773,23.62637,PRJNA486202,Pre-pubertal,Male,Landrace,ILLUMINA,HiSeq X Ten,Muscle
SAMN09840149,68.30937212392341,15.384413272457106,55.316567602815795,39.8583615138629,-12.877709146312078,2.1199170118712183,-11.08548221890379,-5.941774761998177,11.555049596903233,-12.64368554407429,-16.225475,23.574495,PRJNA486202,Pre-pubertal,Male,Landrace,ILLUMINA,HiSeq X Ten,Muscle
SAMN09840150,80.1322916469607,15.03801853211479,49.248638496162805,45.968845921599105,-12.662638906743284,11.564977870584384,-5.559559827740657,-10.299719299258944,5.158238714139342,-6.154902216482096,-16.320997,23.60419,PRJNA486202,Pre-pubertal,Male,Landrace,ILLUMINA,HiSeq X Ten,Muscle
SAMN09840152,76.40656003793525,22.082477357866175,49.08555753491634,42.868242420278285,-11.092427824311414,14.873777649704651,-0.5061139780735453,-5.6260967819477985,10.09174614668925,-8.078822776710425,-16.228323,23.517542,PRJNA486202,Pre-pubertal,Male,Landrace,ILLUMINA,HiSeq X Ten,Muscle
SAMN09840153,85.32317542977711,23.786154698450243,56.96272694039771,45.856857394052625,-11.341363288529573,9.681659473612228,-9.095747129429373,-13.137929797329496,8.205111064110195,-10.156759096747862,-16.330534,23.60885,PRJNA486202,Post-pubertal,Female,Landrace,ILLUMINA,HiSeq X Ten,Muscle
SAMN09840154,82.36713014020795,15.088947154966997,53.665454305990785,43.36250425011558,-8.539104374547778,14.296649288051897,1.7842525442347115,-0.15577507922575856,15.900191863792669,-8.792296893723226,-16.260607,23.710545,PRJNA486202,Post-pubertal,Male,Landrace,ILLUMINA,HiSeq X Ten,Muscle
SAMN09840157,71.74132443845035,22.894743505736358,65.56977901270969,40.29306267487577,-10.89015048834188,7.975501876447948,-13.429332783205044,-12.58946431072741,6.058211872257516,-3.852071532789114,-16.18872,23.663574,PRJNA486202,Post-pubertal,Male,Landrace,ILLUMINA,HiSeq X Ten,Muscle
SAMN09840158,63.952576798237175,9.896729884682713,58.752653494725635,41.24136067782941,-17.940179603543584,6.4513386827502535,-5.608487918122755,-8.741201982819115,10.341366462231065,-4.318860580521987,-15.971863,23.565329,PRJNA486202,Post-pubertal,Female,Landrace,ILLUMINA,HiSeq X Ten,Muscle
SAMN09927932,57.62795689155103,45.98321844385856,50.09525658602181,34.86915730667088,0.9913880044921474,14.288728036433637,1.0961961019067943,5.0477637247363045,11.780375434447432,9.819789457866497,-16.197618,23.776146,PRJNA488247,Post-pubertal,Unknown,Qinyu,ILLUMINA,Illumina HiSeq 4000,Muscle
SAMN09927934,53.699544175746276,45.80850466768933,42.051576579058064,34.40354817630965,-3.039309309765007,18.4571882949383,10.511450093418453,3.429470430916846,13.042310661679855,8.267152695754739,-16.148296,23.787512,PRJNA488247,Post-pubertal,Unknown,Qinyu,ILLUMINA,Illumina HiSeq 4000,Muscle
SAMN09927935,53.75112160987173,45.46125860847555,44.75003786391225,26.55898345502123,-5.502575512293585,15.654873494383434,11.037946588937578,-0.39110591670462513,14.968121386135442,7.0622284213669895,-16.084122,23.780758,PRJNA488247,Post-pubertal,Unknown,Qinyu,ILLUMINA,Illumina HiSeq 4000,Muscle
SAMN09929683,108.17520438514313,-72.496406830691,-61.020689224123835,-40.53173859617961,-16.874278438141268,-11.72633191687695,1.0105309576969523,-14.439842427844123,21.155817755509787,1.5681721434824727,10.538154,4.0634894,PRJNA488311,Infant,Pooled,Landrace,ILLUMINA,Illumina HiSeq 4000,Muscle
SAMN09929684,100.12938937060213,-73.2548710219614,-47.518734288918324,-42.87862365410269,-15.962926542631875,-5.611322654883435,-10.094762417231264,-7.11339156809845,16.057829420451522,10.357345098649034,10.5030365,4.0265207,PRJNA488311,Infant,Pooled,Landrace,ILLUMINA,Illumina HiSeq 4000,Muscle
SAMN09929685,84.54869779762186,-80.58277033016891,-50.868599708952885,-32.51813180273524,-16.764286767044286,-1.6236465600655516,-14.814104157171164,-1.8624926583924089,16.447991685441767,13.302337911593897,10.551264,3.9962773,PRJNA488311,Infant,Pooled,Landrace,ILLUMINA,Illumina HiSeq 4000,Muscle
SAMN09929686,105.58647911876865,-65.67227332271767,-56.285863443028894,-35.31422908319563,-17.096936632889197,-0.6088814679393114,4.194277330619943,-6.165314641155769,7.429161274875505,12.15300194141168,10.612166,4.117988,PRJNA488311,Infant,Pooled,Landrace,ILLUMINA,Illumina HiSeq 4000,Muscle
SAMN09929687,92.60757323068249,-62.514484614358075,-44.54321619313136,-37.55876757258053,-14.894314478840137,4.1264650453502085,-5.946938220512852,-4.459514707551178,3.559823264857427,16.99654891729808,10.736177,4.109777,PRJNA488311,Infant,Pooled,Landrace,ILLUMINA,Illumina HiSeq 4000,Muscle
SAMN09929688,93.62435457223856,-62.341803859729104,-43.37160528725363,-39.340958638584944,-12.214954526373512,7.850178842355131,-9.349980180191933,-6.789228962752782,5.850449823874797,14.53826900870996,10.841965,4.0343866,PRJNA488311,Infant,Pooled,Landrace,ILLUMINA,Illumina HiSeq 4000,Muscle
SAMN09929689,95.49206530034476,-59.818466608139744,-51.62714460332271,-31.58153997056863,-16.291976204107566,2.541156481817439,-0.7589613632505415,-2.8968456576724133,2.219956685560296,16.85998975284651,10.922732,4.0681033,PRJNA488311,Infant,Pooled,Landrace,ILLUMINA,Illumina HiSeq 4000,Muscle
SAMN09929690,80.9589673381088,-64.36332008254965,-47.79659585612709,-30.00123756391425,-16.292668540635184,9.434941848713754,-9.585665090630222,2.2573984106168616,4.221817711619315,17.92332524366698,11.0470495,3.9312742,PRJNA488311,Infant,Pooled,Landrace,ILLUMINA,Illumina HiSeq 4000,Muscle
SAMN09929691,84.88459080256838,-56.016482769491226,-45.05162343289398,-22.037436755278666,-13.835683487342274,13.224447231137054,-5.792735225678698,4.087308180794911,-0.5445003185092644,18.807132417711067,11.240707,3.9294646,PRJNA488311,Infant,Pooled,Landrace,ILLUMINA,Illumina HiSeq 4000,Muscle
SAMN09929692,86.27138086026687,-54.04465489235619,-43.260788196073534,-25.609051538151032,-13.038280350536034,12.962453573853889,-6.815027461199001,3.7730280344166975,1.0010191487273126,16.102649866145985,11.304879,3.8113842,PRJNA488311,Infant,Pooled,Landrace,ILLUMINA,Illumina HiSeq 4000,Muscle
SAMN09929693,87.68142265987437,-45.160172693225974,-21.495547742509075,-37.988789327027256,-13.294492070604639,16.49920192245921,2.697066100968418,-2.1695171363740413,-1.9810170266293412,6.056868762852164,11.288664,3.7262998,PRJNA488311,Infant,Pooled,Landrace,ILLUMINA,Illumina HiSeq 4000,Muscle
SAMN09929694,97.84523849732433,-39.00717000412624,-45.664454045483886,-17.667111082452504,-9.476079127787433,19.515092501644094,6.649917427745869,2.054294795155229,-2.7200744314372827,11.9599503503227,11.460796,3.9311454,PRJNA488311,Infant,Pooled,Landrace,ILLUMINA,Illumina HiSeq 4000,Muscle
SAMN09929695,86.92919986745864,-35.97997581873718,-43.70185305871505,-15.342147550943269,-7.89345251586827,20.994295229287733,1.8969057594807348,8.145445331843835,-3.920856379700811,11.758910218596705,11.5924835,3.757854,PRJNA488311,Infant,Pooled,Landrace,ILLUMINA,Illumina HiSeq 4000,Muscle
SAMN09929696,69.75194657667275,-37.881729369735815,-40.15448912767901,-11.148584404061662,-7.320766776122123,24.89338818418916,-4.479100561623657,12.452878879464258,-1.1981234668420726,16.79636199177231,11.670725,3.7022748,PRJNA488311,Infant,Pooled,Landrace,ILLUMINA,Illumina HiSeq 4000,Muscle
SAMN09929697,60.3427227524779,-28.92675398319572,-38.98212730633657,-10.328593232745387,-3.571863010263738,28.612908643077247,-5.5578767588670575,16.640485086258344,-3.737664485122896,16.13604984308374,11.701739,3.693396,PRJNA488311,Infant,Pooled,Landrace,ILLUMINA,Illumina HiSeq 4000,Muscle
SAMN09929698,20.632610879258323,-5.022836832886788,-33.9686820074887,-11.32953983118552,3.9994613670791157,20.692145653395713,2.78446723866308,40.844792354205424,7.972156832996953,10.359162567798585,17.021984,7.1683936,PRJNA488311,Infant,Pooled,Landrace,ILLUMINA,Illumina HiSeq 4000,Muscle
SAMN09929699,25.338505605379396,-12.91035186490979,-48.98513846036773,14.807938769390338,-0.9943163040640364,28.014868525986355,-6.956727617667576,10.95416812991886,-4.37835655796941,6.10155958250275,17.368944,6.9561067,PRJNA488311,Infant,Pooled,Landrace,ILLUMINA,Illumina HiSeq 4000,Muscle
SAMN09929700,-3.0597937156586403,-20.129808345445227,-32.01531670168098,1.3093429347887928,-7.595271021132026,32.43439411433572,-4.7725011302098395,9.74059828474537,-4.975840251562114,2.146443122697959,17.507082,7.079154,PRJNA488311,Infant,Pooled,Landrace,ILLUMINA,Illumina HiSeq 4000,Muscle
SAMN09929701,13.013639330861174,10.071645582459958,-42.54154372383787,7.705522514378107,2.9763541691099547,29.176961069122637,5.773604257477448,16.216304590481958,2.458271833746798,9.08372052522124,17.569267,7.258533,PRJNA488311,Early childhood,Pooled,Landrace,ILLUMINA,Illumina HiSeq 4000,Muscle
SAMN09929702,-11.796854181601224,-8.374303209782564,-26.60995613130285,4.673327695816575,-6.108848253298533,31.241544622729567,-7.447282605148358,5.709837023402789,-4.5327115362832044,0.20018910191560252,17.688272,7.048127,PRJNA488311,Early childhood,Pooled,Landrace,ILLUMINA,Illumina HiSeq 4000,Muscle
SAMN09929703,0.9403055352249471,-6.3021790105617885,-43.66568292201972,18.742986580008456,-6.011785666127141,24.67389935471311,-8.92551652245462,7.147397134779251,-4.465184423617122,0.6790929303668126,17.570261,7.107787,PRJNA488311,Pre-pubertal,Pooled,Landrace,ILLUMINA,Illumina HiSeq 4000,Muscle
SAMN09929704,1.6314363452483092,2.7080324400219085,-42.914997989614406,22.232502333574264,-6.638632592273885,19.667803758106313,-8.794977139874728,-7.067954383137566,9.379344795051377,2.5296792546427613,17.668222,7.1332746,PRJNA488311,Pre-pubertal,Pooled,Landrace,ILLUMINA,Illumina HiSeq 4000,Muscle
SAMN09929705,-30.93004947175103,-13.534877145402358,-18.815804937451894,6.86714639416276,-14.921514481178907,25.811480157277256,-13.877383950302706,-6.1555601839856235,1.4794246487485816,0.4731099762464888,17.829887,6.764799,PRJNA488311,Pre-pubertal,Pooled,Landrace,ILLUMINA,Illumina HiSeq 4000,Muscle
SAMN09929706,-3.6359191997799747,10.98980230698785,-40.58551838244448,21.047725234092812,-6.633605680179906,22.772200462445973,-1.6110462042511717,-6.6690340682698235,13.866859590187156,0.7304090728524005,17.806456,7.2826056,PRJNA488311,Pre-pubertal,Pooled,Landrace,ILLUMINA,Illumina HiSeq 4000,Muscle
SAMN09929707,-29.825588508795285,4.938480859706312,-3.74367826855995,-2.397862469204296,-12.574034547055355,21.423457825745437,-11.350977441583822,-8.702434152236775,-4.031468704880728,-1.9252547160842213,18.182804,6.4608364,PRJNA488311,Pre-pubertal,Pooled,Landrace,ILLUMINA,Illumina HiSeq 4000,Muscle
SAMN09929708,11.450873988772996,25.901528566040625,-40.22172981444113,24.81476674261172,-1.6897975618512284,27.346375881796433,-4.615794813007243,-13.455952593345156,5.206944510734626,2.918998698165599,17.79824,7.4535713,PRJNA488311,Post-pubertal,Pooled,Landrace,ILLUMINA,Illumina HiSeq 4000,Muscle
SAMN09929709,-35.769082460079865,10.438046289729268,2.503234500861026,-7.184498979746855,-17.69965186517502,20.46820148389983,-5.00949027075334,-14.19639005662477,-8.755640861410578,-0.519197803786829,18.250145,6.40582,PRJNA488311,Post-pubertal,Pooled,Landrace,ILLUMINA,Illumina HiSeq 4000,Muscle
SAMN09929710,95.62842909375745,-73.95366935287477,-36.85790674018514,-63.238178412672205,-10.91285366946647,-7.042900224311391,-11.700982659715283,-20.58527709683347,23.56019054189068,-2.9974317770179244,10.482244,3.95325,PRJNA488311,Infant,Pooled,Landrace,ILLUMINA,Illumina HiSeq 4000,Muscle
SAMN09929711,97.01592094295845,-71.25083683112196,-52.24488114542356,-35.59509570484687,-21.38839648721703,-6.088855186285716,5.224013875707016,-8.124841977157084,10.724012811247691,13.511027944477064,10.562401,4.0995135,PRJNA488311,Infant,Pooled,Landrace,ILLUMINA,Illumina HiSeq 4000,Muscle
SAMN09929712,99.23982721952083,-72.69734779011583,-58.870740950394,-36.11563472077736,-15.482245858938748,-5.055535936836003,-0.9151697078790536,-11.211645144997224,14.96658070032395,7.914787859554685,10.573749,4.0867157,PRJNA488311,Infant,Pooled,Landrace,ILLUMINA,Illumina HiSeq 4000,Muscle
SAMN09929713,99.52721598267136,-64.88039924002065,-55.911249069427654,-31.65456464540352,-17.564971013144376,-0.6637921200302174,3.668274855435952,-2.4974960493063083,4.265435261083862,13.127832737911927,10.677189,4.1552672,PRJNA488311,Infant,Pooled,Landrace,ILLUMINA,Illumina HiSeq 4000,Muscle
SAMN09929714,106.66979187298365,-59.240375286823586,-52.25089600610932,-30.99889251635437,-16.30148044133839,1.3872844407255167,8.13438620698038,-6.729885206567834,3.5400036117585874,11.350105768825818,10.703115,4.2046947,PRJNA488311,Infant,Pooled,Landrace,ILLUMINA,Illumina HiSeq 4000,Muscle
SAMN09929715,97.31094372105154,-59.70085847993978,-47.04494344103306,-30.258233543259696,-16.659080024526173,2.9160820711253175,3.067815459288944,-4.168221081435513,1.5729703927748495,16.625170433282843,10.888861,4.0796027,PRJNA488311,Infant,Pooled,Landrace,ILLUMINA,Illumina HiSeq 4000,Muscle
SAMN09929716,102.57017366203979,-55.44200804076434,-55.26969171919736,-25.72121750912149,-15.766270846292011,4.99607957199197,6.6419818437325455,-3.9651761279004356,-1.2485240890576468,13.557980236999288,10.851524,4.2093086,PRJNA488311,Infant,Pooled,Landrace,ILLUMINA,Illumina HiSeq 4000,Muscle
SAMN09929717,90.68640781893187,-53.63287696467081,-40.85060961018776,-29.77733937054788,-15.832414886241958,15.683524020978194,1.206328648948101,-2.633644532933376,-2.0244820533562677,15.868403113826583,11.1941395,3.899827,PRJNA488311,Infant,Pooled,Landrace,ILLUMINA,Illumina HiSeq 4000,Muscle
SAMN09929718,86.06330132731894,-56.17678543904218,-36.008700441574774,-27.555268812835596,-16.858107835025624,13.64519406938438,2.4442691750461254,-1.6846163656604312,0.6794136247728355,14.509145186613708,11.163117,3.8117435,PRJNA488311,Infant,Pooled,Landrace,ILLUMINA,Illumina HiSeq 4000,Muscle
SAMN09929719,91.17396932852841,-48.39217885996879,-41.05662435484018,-24.186185585481347,-12.501412265185639,19.727710882338496,1.4562936066252543,1.2585846886744736,-2.104545913601055,14.987720074154167,11.377126,3.898071,PRJNA488311,Infant,Pooled,Landrace,ILLUMINA,Illumina HiSeq 4000,Muscle
SAMN09929720,85.55900733776903,-46.68384201311255,-34.404403353427234,-28.71560922368432,-10.670649602865948,20.84829899876164,-2.1036698353930325,2.4283351312399435,-2.010093931736838,15.026600132070678,11.50729,3.7359998,PRJNA488311,Infant,Pooled,Landrace,ILLUMINA,Illumina HiSeq 4000,Muscle
SAMN09929721,84.80925384671235,-38.323959688705166,-41.517216205468586,-17.91067966858856,-7.671673879232289,24.749013532075328,-0.8837191537009917,6.42389681797396,-4.059443676483611,14.932560816309467,11.646841,3.7222714,PRJNA488311,Infant,Pooled,Landrace,ILLUMINA,Illumina HiSeq 4000,Muscle
SAMN09929722,78.68630887622756,-38.10328670855695,-41.017310555103165,-17.649810774081477,-7.199556703053972,27.0380928720568,-1.1569519881666048,9.016831565433355,-3.141012120557751,15.616263797024432,11.653593,3.6902292,PRJNA488311,Infant,Pooled,Landrace,ILLUMINA,Illumina HiSeq 4000,Muscle
SAMN09929723,81.53454858869746,-32.66287734501235,-42.24580236627103,-16.594899806737253,-6.473170149772668,27.05593030612995,1.9288152204400077,11.477445792833638,-5.473276029057276,10.366945574507712,11.703605,3.68914,PRJNA488311,Infant,Pooled,Landrace,ILLUMINA,Illumina HiSeq 4000,Muscle
SAMN09929724,42.61666969091522,-29.209201109580594,-32.27130443551972,-7.9775721815642875,-6.421315783010487,31.661799688979745,-1.7055401755274344,21.535417987671376,-1.7148380238418302,15.012258416511688,11.807037,3.6935263,PRJNA488311,Infant,Pooled,Landrace,ILLUMINA,Illumina HiSeq 4000,Muscle
SAMN09929725,13.424876595225996,-10.802239348274833,-24.360749962352493,-9.481037960431356,0.6411880081501967,17.71758394636192,6.5358321582193355,40.93836358741682,14.864801147842886,8.958321188391217,17.15308,7.128126,PRJNA488311,Infant,Pooled,Landrace,ILLUMINA,Illumina HiSeq 4000,Muscle
SAMN09929726,10.737367145821374,-16.01777991720311,-22.901957187986607,-3.004147380127498,-4.661600833593019,30.310178204294726,-12.662070893341411,4.390978351503149,-6.451784577628575,-1.2145120200052548,17.470484,6.999251,PRJNA488311,Infant,Pooled,Landrace,ILLUMINA,Illumina HiSeq 4000,Muscle
SAMN09929727,13.513197756637716,-12.676017111144146,-20.849159188572802,-3.670622688829356,-0.8922044032645741,26.41607515917576,-10.542089769297744,6.297747529181742,-0.9197481921130187,-1.8201425495234351,17.414331,7.0348983,PRJNA488311,Infant,Pooled,Landrace,ILLUMINA,Illumina HiSeq 4000,Muscle
SAMN09929728,4.679963760884239,-8.814044548112811,-17.07726577338019,-4.811273775827925,-5.073246140022794,34.107076596822246,-8.805952994261572,-0.4191617885385952,-7.227191300891765,-3.870974037053053,17.434355,7.0192246,PRJNA488311,Early childhood,Pooled,Landrace,ILLUMINA,Illumina HiSeq 4000,Muscle
SAMN09929729,-9.428648890805785,1.069117775840614,-30.889189300042535,10.11692701262924,-1.8729319727146854,31.759189858817763,-10.18861439595188,11.254613868989953,1.2101115782753378,2.5767938840980387,17.673677,7.1851277,PRJNA488311,Early childhood,Pooled,Landrace,ILLUMINA,Illumina HiSeq 4000,Muscle
SAMN09929730,-3.6729144315176168,-2.4871506852843273,-17.46883254123054,1.8120370042983853,-6.695960364458609,31.511781816172142,-8.084044465841133,-8.57420522688957,-0.5799419318058076,-8.205557631533193,17.695982,7.0058117,PRJNA488311,Pre-pubertal,Pooled,Landrace,ILLUMINA,Illumina HiSeq 4000,Muscle
SAMN09929731,7.331365942542389,-3.0442288928079257,-12.365906998265553,-1.3309153726458762,-6.076159872929359,31.390987145329955,-13.262091396802138,-11.852019033931848,0.5686298726877491,-7.711411931503924,17.631256,7.0010223,PRJNA488311,Pre-pubertal,Pooled,Landrace,ILLUMINA,Illumina HiSeq 4000,Muscle
SAMN09929732,-24.965500649402035,3.7090448760099193,-16.192458084400744,3.7985113568687234,-10.86878861747061,24.523571158859728,-4.897040585061446,-7.029807470570539,-2.7040997874776105,-0.34259918613452417,18.033339,6.7683325,PRJNA488311,Pre-pubertal,Pooled,Landrace,ILLUMINA,Illumina HiSeq 4000,Muscle
SAMN09929733,-33.74114034136149,-1.4678902924403343,1.1880738296017879,-5.950130831173134,-14.675415328112544,24.420168929431487,-10.269128098348693,-11.430365920209367,-6.874826576159742,0.35768374164597977,18.083319,6.594774,PRJNA488311,Pre-pubertal,Pooled,Landrace,ILLUMINA,Illumina HiSeq 4000,Muscle
SAMN09929734,-35.74193294249723,-0.5263066656101402,-17.71513889556778,12.136733579820538,-19.274755939572376,20.249379561836363,-4.561404680481393,-4.934990241327004,-4.977682448399225,1.7932290095470471,18.099781,6.676659,PRJNA488311,Pre-pubertal,Pooled,Landrace,ILLUMINA,Illumina HiSeq 4000,Muscle
SAMN09929735,-35.264738237398184,3.134069790342837,2.4849227186926393,-5.369748000818228,-13.923001730784092,19.14807802733129,-16.62405572864798,-13.433196700470713,-0.6296518027189377,2.7392311632940785,18.12431,6.53765,PRJNA488311,Post-pubertal,Pooled,Landrace,ILLUMINA,Illumina HiSeq 4000,Muscle
SAMN09929736,-36.01818657911345,8.28396858499824,-12.830547741666742,6.161990476379036,-13.937168222060759,21.100870929555814,-9.704053834034026,-11.063090860124728,-7.310863080540733,-0.538627467015894,18.162674,6.509359,PRJNA488311,Post-pubertal,Pooled,Landrace,ILLUMINA,Illumina HiSeq 4000,Muscle
SAMN09929737,104.35355900084758,-75.6090961853871,-65.4982874308522,-37.02768674601468,-16.71126291591561,-6.606076206956471,0.48627175697772096,-13.295746640977884,21.003133756563056,3.035842653490127,10.448008,4.110889,PRJNA488311,Infant,Pooled,Tongcheng,ILLUMINA,Illumina HiSeq 4000,Muscle
SAMN09929738,104.1949532471226,-64.10803943732797,-45.991723113876404,-40.45040962029199,-15.428123475721511,-1.7917218232048038,4.837030978466294,-13.140850658058024,7.796884911573515,3.598891133841034,10.658589,4.1718607,PRJNA488311,Infant,Pooled,Tongcheng,ILLUMINA,Illumina HiSeq 4000,Muscle
SAMN09929739,99.98536641370241,-64.90984561551092,-52.001201260658235,-45.54286295647285,-13.005737495338645,4.486782373564563,-3.897042953216853,-9.129548088953225,8.142444217700698,7.889444566924354,10.5621605,3.9394064,PRJNA488311,Infant,Pooled,Tongcheng,ILLUMINA,Illumina HiSeq 4000,Muscle
SAMN09929740,87.12003474335255,-67.67702929335383,-52.03247992035638,-37.791328264917254,-16.885408901959842,7.290724617893673,-4.968477365251216,-4.029924166461977,6.907575738241965,17.097188144985182,10.447321,4.072993,PRJNA488311,Infant,Pooled,Tongcheng,ILLUMINA,Illumina HiSeq 4000,Muscle
SAMN09929741,81.01978799341015,-70.41070623544461,-49.037808072979054,-27.579899573118503,-18.453996094522257,9.792931291225585,-6.588298214768475,1.7882342394991557,5.198351135231937,17.200660319403344,11.009748,4.065739,PRJNA488311,Infant,Pooled,Tongcheng,ILLUMINA,Illumina HiSeq 4000,Muscle
SAMN09929742,87.15855859162632,-62.352730333085574,-46.806310997369266,-29.273465448709683,-17.919004216439532,12.125345777014687,-0.9534817830346266,-0.6976660942902636,2.5427565528576066,16.859088184492276,10.95639,4.070506,PRJNA488311,Infant,Pooled,Tongcheng,ILLUMINA,Illumina HiSeq 4000,Muscle
SAMN09929743,78.6046698024915,-66.27882381663804,-45.563001337370956,-26.27084749186123,-15.769630679918393,12.256999599245756,-11.890037064794502,4.224847000747499,5.874453456137687,18.06488383616678,11.199906,3.8776789,PRJNA488311,Infant,Pooled,Tongcheng,ILLUMINA,Illumina HiSeq 4000,Muscle
SAMN09929744,70.91653001642611,-58.92482172242099,-43.75719467992337,-22.679212249933375,-12.180522027997073,18.208805750066407,-15.375653291920685,8.740945746766052,2.43468059382847,20.53753350860482,11.251587,3.8289745,PRJNA488311,Infant,Pooled,Tongcheng,ILLUMINA,Illumina HiSeq 4000,Muscle
SAMN09929745,89.4911994313692,-53.619748793087645,-43.61798401406306,-25.8710793678688,-10.578696814518404,16.45415594642552,-7.110567987708025,1.8000125381273155,-0.07121420561733162,13.933883579200506,11.347812,3.8572032,PRJNA488311,Infant,Pooled,Tongcheng,ILLUMINA,Illumina HiSeq 4000,Muscle
SAMN09929746,76.09875418394623,-53.32678626633635,-47.31678496250733,-23.38111359796527,-11.896509263233165,24.28707096697354,-3.074381748264785,2.66330300656229,-0.37635171007575874,16.607793441936447,11.4450035,3.804093,PRJNA488311,Infant,Pooled,Tongcheng,ILLUMINA,Illumina HiSeq 4000,Muscle
SAMN09929747,71.85019291088595,-51.369033862983294,-40.728363537124324,-20.617853238547955,-7.28476047761482,24.062858283266255,-15.849422091385222,9.435830147824506,1.2376962685024804,13.563686286511793,11.574951,3.6897235,PRJNA488311,Infant,Pooled,Tongcheng,ILLUMINA,Illumina HiSeq 4000,Muscle
SAMN09929748,84.12470776114607,-34.151706517082026,-52.710288934867485,-10.298636215509555,-3.188481291548679,22.599867639241545,-2.092372285173484,6.917454867413175,-5.560437625022802,10.59727647909489,11.686339,3.6907625,PRJNA488311,Infant,Pooled,Tongcheng,ILLUMINA,Illumina HiSeq 4000,Muscle
SAMN09929749,74.58668248918711,-33.460020184036765,-55.26967514574533,-2.2708504845128754,-4.434790968131098,26.230813873729073,0.19020570031063933,13.05225241325373,-4.499227462955585,12.3076247142776,11.745962,3.7343912,PRJNA488311,Infant,Pooled,Tongcheng,ILLUMINA,Illumina HiSeq 4000,Muscle
SAMN09929750,49.077180991684465,-34.99750510150266,-31.890411769192923,-12.311393121259748,-1.9567198493045657,32.45284134857843,-15.164204051923527,17.705604140735606,0.8478225982564322,14.757176755185698,11.775077,3.6538658,PRJNA488311,Infant,Pooled,Tongcheng,ILLUMINA,Illumina HiSeq 4000,Muscle
SAMN09929751,38.77835790920851,-28.82005544571877,-44.82709905528571,-1.6019194092489857,-5.265755476416231,33.995570670485286,2.353117830581424,27.896878379430362,-3.2854802347903242,14.599466886026466,11.797152,3.709138,PRJNA488311,Infant,Pooled,Tongcheng,ILLUMINA,Illumina HiSeq 4000,Muscle
SAMN09929752,12.786419593822906,-21.60015682703448,-33.55139222810149,-2.0225767161858355,-6.029332650229245,34.31428868027864,6.997599982917692,35.213940042474945,-1.3298940963366868,8.83757053596163,17.355762,7.020922,PRJNA488311,Infant,Pooled,Tongcheng,ILLUMINA,Illumina HiSeq 4000,Muscle
SAMN09929753,-27.962111197157505,-12.568946990502718,-17.89437721002451,2.341527987902994,-9.67411272380882,35.91987206736296,1.6968697603920257,19.85007647923218,3.00630917934187,4.216870376808296,17.759338,6.8314424,PRJNA488311,Infant,Pooled,Tongcheng,ILLUMINA,Illumina HiSeq 4000,Muscle
SAMN09929754,-13.723888596088337,-16.49703405873483,-25.07921632820518,3.250450881987656,-10.660940565255167,35.093689243023114,-8.927671837786832,7.709006199294037,-2.438043899020777,2.9542620921515037,17.717299,6.860395,PRJNA488311,Infant,Pooled,Tongcheng,ILLUMINA,Illumina HiSeq 4000,Muscle
SAMN09929755,-14.227354912901077,-18.934969142248846,-21.448731507771484,4.715101062457641,-4.338679557274907,31.22422323645298,-18.80115939632747,10.22563672257009,3.2973438783731384,3.1856249554495553,17.642548,6.899588,PRJNA488311,Early childhood,Pooled,Tongcheng,ILLUMINA,Illumina HiSeq 4000,Muscle
SAMN09929756,-7.277616849408875,-16.8612761059759,-21.228892429444205,6.0724588573794644,-5.876135239918968,32.064005072774414,-14.279474673691775,8.893122665981664,1.8073087499836709,2.2751406733965216,17.608788,6.9453874,PRJNA488311,Early childhood,Pooled,Tongcheng,ILLUMINA,Illumina HiSeq 4000,Muscle
SAMN09929757,-27.671221510828705,-21.71752787386941,-13.439078259620064,2.849072462039483,-10.041816922271343,30.75343768494885,-18.900170384250973,9.615481227439869,4.277270693816069,3.210739937371678,17.710215,6.8033857,PRJNA488311,Pre-pubertal,Pooled,Tongcheng,ILLUMINA,Illumina HiSeq 4000,Muscle
SAMN09929758,-36.34621115347907,-21.352481420351726,-11.647265296018416,3.3251957817756446,-10.743142122963619,25.66643304371213,-26.01388391048669,7.53960839845278,3.7764288531112293,4.272790785420811,17.941608,6.7286882,PRJNA488311,Pre-pubertal,Pooled,Tongcheng,ILLUMINA,Illumina HiSeq 4000,Muscle
SAMN09929759,-27.721357015787127,-0.8358683593473271,-10.085719193025344,1.0205616166626352,-7.658994484684601,29.487376115324956,-15.916215543009592,4.735229613848441,0.20826470069938627,4.392977678483702,17.94472,6.7417035,PRJNA488311,Pre-pubertal,Pooled,Tongcheng,ILLUMINA,Illumina HiSeq 4000,Muscle
SAMN09929760,-26.19428517517819,2.846550405379299,-11.52834918177036,2.9859543673207227,-4.929340572601139,26.953830075102143,-22.695403206200893,-4.19300000227738,6.52887509701112,0.6677091761170827,17.963915,6.726256,PRJNA488311,Pre-pubertal,Pooled,Tongcheng,ILLUMINA,Illumina HiSeq 4000,Muscle
SAMN09929761,-26.947840620616745,-1.7120529027846911,-9.87959829013271,1.6009546448876293,-9.087350410027227,28.8868480707854,-16.24462870425542,-0.5590665365622838,-2.5164804985379328,2.184370670829911,18.011131,6.625065,PRJNA488311,Pre-pubertal,Pooled,Tongcheng,ILLUMINA,Illumina HiSeq 4000,Muscle
SAMN09929762,-37.49665006016414,-3.479853797895033,-6.983501920430096,0.7344984976236171,-5.241562674786449,26.391595105030483,-23.330747623191414,5.930579345534054,2.592911609397488,7.596399002645343,18.049498,6.5777116,PRJNA488311,Post-pubertal,Pooled,Tongcheng,ILLUMINA,Illumina HiSeq 4000,Muscle
SAMN09929763,-32.31975986552487,-2.321129745904326,-16.460283792020185,11.426247950392364,-11.704231193537707,27.177100420225933,-13.666781152739093,-2.1737866809183544,-2.8838230483820895,4.691520329620427,17.979263,6.798308,PRJNA488311,Post-pubertal,Pooled,Tongcheng,ILLUMINA,Illumina HiSeq 4000,Muscle
SAMN09947765,-11.565752170479442,27.17519838088154,-0.15478885624934757,-12.449491393942209,-2.7392007145767177,24.821973470144016,-5.978527865401656,-3.974210028465066,15.79623780999388,0.44528272638677263,18.21845,5.4194717,PRJNA488993,Post-pubertal,Unknown,Duroc x Landrace x Dapulian (DLDPL),ILLUMINA,Illumina HiSeq 2500,Muscle
SAMN09947766,-28.544720022221288,18.486391370389956,5.211405724347261,-8.02287719254506,-3.1794990617270056,25.4128710677712,-19.173000361287784,-6.734816197682928,16.03020280567078,5.715095363313583,18.292595,5.4147696,PRJNA488993,Post-pubertal,Unknown,Landrace x Dapulian (LDPL),ILLUMINA,Illumina HiSeq 2500,Muscle
SAMN09947767,-50.71759850066506,8.515792786512838,-3.2869297030478934,-5.6683195754489875,-5.83832411116608,23.383760015518277,-14.274386596420072,2.8623232431860655,15.641048900952722,3.889059589160292,18.322618,5.4383345,PRJNA488993,Post-pubertal,Unknown,Dapulian,ILLUMINA,Illumina HiSeq 2500,Muscle
SAMN09947768,-37.19611478608152,19.315732386504003,-3.125288993251968,-11.064292526309451,-6.328632737788087,24.399482229857703,-0.0001232968547710861,2.7400115851138205,19.972935287069035,0.8954882129248757,18.410992,5.3901687,PRJNA488993,Post-pubertal,Unknown,Dapulian,ILLUMINA,Illumina HiSeq 2500,Muscle
SAMN09947769,-37.8111415334715,14.66351651578085,-0.45452951323053886,-7.5605659278508295,-9.724933378198521,25.991155326518886,-9.839937986728197,-2.6143769720857737,9.238267850684435,0.14974367938021904,18.320744,5.6083,PRJNA488993,Post-pubertal,Unknown,Duroc x Landrace x Dapulian (DLDPL),ILLUMINA,Illumina HiSeq 2500,Muscle
SAMN09947770,-29.064959194722388,27.680857944249574,-1.4665424973205847,-6.721762374896789,-3.1152018847007317,24.447535682753642,-9.890303107452244,-2.9814064004669976,15.555749049974201,7.209931097314553,18.433825,5.366309,PRJNA488993,Post-pubertal,Unknown,Dapulian,ILLUMINA,Illumina HiSeq 2500,Muscle
SAMN09947771,-30.497704498052343,13.521940155874132,3.07150227221298,-10.231390156562444,-7.363734200803268,25.294544042163363,-16.199940569336633,-1.8085705419119373,5.657435363917044,8.189419608363055,18.295218,5.7874703,PRJNA488993,Post-pubertal,Unknown,Duroc x Landrace x Dapulian (DLDPL),ILLUMINA,Illumina HiSeq 2500,Muscle
SAMN09947772,-30.982238697839446,12.217624304438798,-5.384109765396705,-6.173306423602837,-6.807692665237511,30.326138691176762,-3.205550317023759,0.36571439081623675,20.435018880971878,-2.0523803689010873,18.33425,5.413771,PRJNA488993,Post-pubertal,Unknown,Dapulian,ILLUMINA,Illumina HiSeq 2500,Muscle
SAMN09947773,-29.15841269317966,23.66565162455801,2.845019031171855,-14.501052490582095,-3.7013328021655973,22.774603239454898,-12.686515280788731,1.0472677142193623,14.56768571014352,2.658327574819011,18.337954,5.4372993,PRJNA488993,Post-pubertal,Unknown,Landrace x Dapulian (LDPL),ILLUMINA,Illumina HiSeq 2500,Muscle
SAMN09947774,-20.01338586716624,25.670468190404257,4.37327715756989,-8.662011726736306,-3.1211529834286234,25.57775004163498,-13.053137938220305,-9.791448177781032,14.48105596769206,6.145343537032832,18.32847,5.481113,PRJNA488993,Post-pubertal,Unknown,Landrace x Dapulian (LDPL),ILLUMINA,Illumina HiSeq 2500,Muscle
SAMN09947775,-17.10642751894946,29.066881325750707,2.2744591586510166,-11.998566799935919,1.1649014928339203,22.558329585403865,-9.098314797652147,-0.34069767533856166,23.080043111300235,-1.3350702464476862,18.33126,5.3844714,PRJNA488993,Post-pubertal,Unknown,Dapulian,ILLUMINA,Illumina HiSeq 2500,Muscle
SAMN09947776,-24.406096924008626,20.188216943528083,2.986971202767472,-11.537603834968802,-6.117781878509649,22.904180108024736,-10.639075921885782,-1.1587626565926739,10.97124632194861,11.217581872908829,18.309649,5.4737654,PRJNA488993,Post-pubertal,Unknown,Landrace x Dapulian (LDPL),ILLUMINA,Illumina HiSeq 2500,Muscle
SAMN09947777,-27.759852558609644,28.638846595759638,5.0736209847676275,-10.854241651430312,-2.794793328743827,23.92752286170735,-11.975376939323505,-5.139418551007219,13.645785746632452,6.309274985418692,18.388615,5.442251,PRJNA488993,Post-pubertal,Unknown,Landrace x Dapulian (LDPL),ILLUMINA,Illumina HiSeq 2500,Muscle
SAMN09947778,-32.84400269922546,21.712717181449158,-0.8162474992053014,-8.815529647502824,-5.000490488246685,24.80666448745015,-10.101519458262054,-4.469063904815549,10.348205469563053,3.0803298481265746,18.35296,5.549195,PRJNA488993,Post-pubertal,Unknown,Landrace x Dapulian (LDPL),ILLUMINA,Illumina HiSeq 2500,Muscle
SAMN09947779,-22.282874939210252,27.514016770091004,7.163104977481575,-7.995791338301988,-1.7056165904857379,24.807609195755173,-13.846942268104689,-2.7269621026063966,16.56629506763448,7.546377346123319,18.409857,5.4083185,PRJNA488993,Post-pubertal,Unknown,Dapulian,ILLUMINA,Illumina HiSeq 2500,Muscle
SAMN09947780,-13.319861438945367,25.770032920191483,-2.761503461577379,-6.687906030454717,-2.8042518199942084,25.229240721966523,-11.948707341169643,-7.249589278423115,10.529778114440907,7.566686467408986,18.204184,5.6015835,PRJNA488993,Post-pubertal,Unknown,Duroc x Landrace x Dapulian (DLDPL),ILLUMINA,Illumina HiSeq 2500,Muscle
SAMN09947781,-25.570831615875015,24.235894039844183,1.5638820619542497,-13.464416385110422,-6.763240472396087,22.751418664359004,-6.468246654799346,-4.145825017522806,11.289074889905168,1.3091570181128243,18.305332,5.5904174,PRJNA488993,Post-pubertal,Unknown,Landrace x Dapulian (LDPL),ILLUMINA,Illumina HiSeq 2500,Muscle
SAMN09947782,-28.949896313627573,17.340349217646498,-5.307449398638961,-8.700422992820283,-7.200827013538935,22.064679432988296,-4.4950537965933455,1.0273245077099153,21.141808301049796,5.845033894305755,18.318121,5.38995,PRJNA488993,Post-pubertal,Unknown,Landrace x Dapulian (LDPL),ILLUMINA,Illumina HiSeq 2500,Muscle
SAMN09947783,-29.10605844636823,13.484359967550235,2.7265943963613988,-9.71676480829714,-10.910251007577736,26.229354705715892,-13.150252474565841,-11.921638511815347,-3.0521586687242057,-1.3513430692825152,18.256718,6.146091,PRJNA488993,Post-pubertal,Unknown,Landrace,ILLUMINA,Illumina HiSeq 2500,Muscle
SAMN09947784,-15.40850348855963,15.990366307986552,-1.2265113168194737,-6.991486302164841,-6.244312993915781,29.020053643557613,-18.390920597480005,-6.151412517084769,-2.570257009540792,3.2885450004568164,18.25233,6.080424,PRJNA488993,Post-pubertal,Unknown,Landrace,ILLUMINA,Illumina HiSeq 2500,Muscle
SAMN09947785,-30.222827656081392,17.508014358899725,-0.385634256560126,-7.387367942563032,-9.026420436943301,25.67711722033445,-16.520828476782743,-10.852080278882395,-6.200360249252064,4.599493728771186,18.285799,6.1524653,PRJNA488993,Post-pubertal,Unknown,Landrace,ILLUMINA,Illumina HiSeq 2500,Muscle
SAMN09947822,-20.242244202683104,14.413696080249421,-1.353187249048352,-3.959408948478926,-8.490018718693975,27.678080582685094,-16.208589664992946,-10.59871703484517,-4.466427761687688,5.299556897827847,18.260756,6.1915965,PRJNA488993,Post-pubertal,Unknown,Landrace,ILLUMINA,Illumina HiSeq 2500,Muscle
SAMN09947823,-15.741773273564824,17.548527050567277,-1.608444604991035,-4.369764907329163,-5.476387941092661,30.406610516754043,-16.015181839227548,-10.118376897740118,-0.1625663327541325,0.961467865107636,18.263815,5.98618,PRJNA488993,Post-pubertal,Unknown,Landrace,ILLUMINA,Illumina HiSeq 2500,Muscle
SAMN09947824,-32.86967057421035,12.868333838477787,-6.1368363145584155,-3.4898947542459133,-11.270150087124401,26.130587965370164,-12.309848107211971,-8.452208263043891,-5.380234801812217,2.4135277087495295,18.203377,6.2652473,PRJNA488993,Post-pubertal,Unknown,Landrace,ILLUMINA,Illumina HiSeq 2500,Muscle
SAMN09947825,10.653384364289565,20.081007113336852,-11.696596737687207,-7.495180977970359,-0.41844748899861367,26.307984376862276,-13.97741607843556,-8.248836700224247,8.682678016043726,2.5164449121892396,18.13222,5.997473,PRJNA488993,Post-pubertal,Unknown,Landrace,ILLUMINA,Illumina HiSeq 2500,Muscle
SAMN09947826,-20.921070202716994,14.413286306228898,-8.495607117542521,-3.966811814550848,-8.552307348366506,27.29323903807893,-14.331910089430256,-11.012913161389973,-3.902945897340617,6.72519234626852,18.252813,6.1174784,PRJNA488993,Post-pubertal,Unknown,Landrace,ILLUMINA,Illumina HiSeq 2500,Muscle
SAMN09947827,-12.186747271356381,20.948788283684834,-5.529911822068298,-7.576752703029505,-4.556798894328871,22.314288793270286,-7.947437442076021,-2.2663332889916568,16.829078496334187,2.356207840712831,18.267132,5.5188084,PRJNA488993,Post-pubertal,Unknown,Duroc x Landrace x Dapulian (DLDPL),ILLUMINA,Illumina HiSeq 2500,Muscle
SAMN09947828,-22.49833971706482,26.037101344257096,1.2257995622372975,-9.942522003711673,-4.69603380694967,24.92416569369151,-3.9998606555429217,-6.462361400641953,18.561043236445524,-1.0080268559760859,18.309607,5.3739977,PRJNA488993,Post-pubertal,Unknown,Duroc x Landrace x Dapulian (DLDPL),ILLUMINA,Illumina HiSeq 2500,Muscle
SAMN09947829,-25.54222083056657,29.901341490337455,0.7950359506367655,-11.252880999978835,-0.27326419530288454,23.959878758964432,-7.232149149107739,-0.7404680768347032,16.161187288230515,-0.741446568628091,18.441452,5.402952,PRJNA488993,Post-pubertal,Unknown,Dapulian,ILLUMINA,Illumina HiSeq 2500,Muscle
SAMN09947830,-26.966770641015003,19.264666458616258,-0.46332929950995544,-8.020200284663161,-5.448979366663392,26.5687653354038,-15.410766823794047,-1.4592355549013891,10.869149358175454,3.3171384145988374,18.357029,5.5265613,PRJNA488993,Post-pubertal,Unknown,Duroc x Landrace x Dapulian (DLDPL),ILLUMINA,Illumina HiSeq 2500,Muscle
SAMN09947831,-38.92228282336058,20.23360718422659,6.038379411132313,-8.51065479376493,-5.366233067725633,24.14614274454719,-14.37002137127057,-5.665029990457587,10.078860897309445,4.7027082348499505,18.522705,5.576797,PRJNA488993,Post-pubertal,Unknown,Duroc x Landrace x Dapulian (DLDPL),ILLUMINA,Illumina HiSeq 2500,Muscle
SAMN09947832,-36.70293147768738,23.155064320136603,0.5934457923898347,-9.778274193948226,-3.7259436576242373,24.749458087881674,-7.893884828944573,-0.32716702340817155,11.961419521896543,3.0643531523829366,18.416946,5.390661,PRJNA488993,Post-pubertal,Unknown,Dapulian,ILLUMINA,Illumina HiSeq 2500,Muscle
SAMN10130935,151.28277452607966,86.63566977974142,-35.438284234355045,30.040909069890965,40.6301784875029,3.132823635160002,-29.91501644042401,-36.80582414582931,2.177717470326278,11.393998100199482,10.5114155,9.13587,PRJNA493166,Post-pubertal,Female,Large white,ILLUMINA,HiSeq X Ten,Muscle
SAMN10458212,-37.440055953763945,2.9439204472833493,-46.13112099642829,39.86132721659575,-12.128231581355196,-10.934608186386216,1.0204446313401785,6.2405509488253745,-16.962192578661067,-9.595268257083747,18.561295,10.012998,PRJNA506343,Early childhood,Male,Landrace,ILLUMINA,Illumina HiSeq 4000,Muscle
SAMN10458213,-48.601539088978214,4.0054144461212005,-2.1730030998094043,-0.1746711950436381,-12.463938735152857,-2.308519814646197,-6.609530064545329,0.8400312526306175,-18.904904901636897,-12.253087911358795,17.81552,10.344297,PRJNA506343,Early childhood,Male,Landrace,ILLUMINA,Illumina HiSeq 4000,Muscle
SAMN10458214,-21.06890439803691,19.281636151014425,1.550831250384989,-3.318088361548626,-1.4828411945923607,1.449869779311343,-10.520954590328488,4.5007362179104415,-16.15400210241518,-4.139623714642635,17.419386,9.959017,PRJNA506343,Early childhood,Male,Landrace,ILLUMINA,Illumina HiSeq 4000,Muscle
SAMN10458215,-1.9516227571725722,23.3023124581235,-6.594200315472787,-2.31041783311895,1.3849611816853762,1.3031706422719576,-18.128742251669795,-3.1383525759252735,-16.474855529779408,-5.340831180578869,17.514433,9.842734,PRJNA506343,Early childhood,Female,Landrace,ILLUMINA,Illumina HiSeq 4000,Muscle
SAMN10458216,-22.60431761344692,18.199493210837517,-6.751924094899626,0.6116981799032801,-4.109693776197215,-2.8258148420074782,-10.19514154004395,-3.6695577968755,-20.381148002886018,-13.327620435963562,17.577026,9.892415,PRJNA506343,Early childhood,Female,Landrace,ILLUMINA,Illumina HiSeq 4000,Muscle
SAMN10458217,-10.852824076569437,21.334205245739113,-26.486703427551415,17.171976331816527,0.47650589011755656,-6.929617706733365,-3.7306905405043063,-0.762458133330728,-17.87527074264164,-9.796301324057074,17.7449,9.741957,PRJNA506343,Early childhood,Male,Landrace,ILLUMINA,Illumina HiSeq 4000,Muscle
SAMN10458218,-55.792615641035354,-1.3318852982438023,-13.270943965713574,11.994143967153844,-16.00100573653714,-8.427323072887498,-4.246954986575264,-0.12967543162029468,-18.31178935046107,-14.071069600760255,18.318165,10.177058,PRJNA506343,Early childhood,Male,Landrace,ILLUMINA,Illumina HiSeq 4000,Muscle
SAMN10458219,-34.15159945241568,0.7432104201621016,-33.07193108305842,22.31468259877053,-12.910783188193397,-10.940028148269008,3.5027677267090667,-1.4632014146054482,-14.458004228305802,-11.45607521082129,18.255358,10.060058,PRJNA506343,Early childhood,Female,Landrace,ILLUMINA,Illumina HiSeq 4000,Muscle
SAMN10458220,24.009280700132653,39.42292714849271,-14.067190315511132,2.955129960127914,8.877745426341855,-1.9076482274391617,-13.190222978473573,-10.822059069569711,-16.921845656751863,-2.960390874454074,17.602339,9.64654,PRJNA506343,Early childhood,Female,Landrace,ILLUMINA,Illumina HiSeq 4000,Muscle
SAMN10458221,-0.1425482272289928,24.40888837371724,-7.952938250068062,-2.135429652206095,1.9759673236636406,-2.675318239790583,-13.056548463764226,-5.399544052637018,-18.32418701057527,-4.450254710642879,17.439415,9.886095,PRJNA506343,Early childhood,Male,Landrace,ILLUMINA,Illumina HiSeq 4000,Muscle
SAMN10458222,-0.108321400954173,28.823036768786874,-7.168361972127831,-0.9487320975499187,4.492442943386514,1.9622018054297703,-16.757452955850436,-1.0416067555874957,-16.684044146710995,-5.951210859166093,17.528753,9.789886,PRJNA506343,Early childhood,Female,Landrace,ILLUMINA,Illumina HiSeq 4000,Muscle
SAMN10458223,-10.365621543504101,20.858525438401887,-7.155462511357117,-0.12181595869241181,1.9268546515629312,0.6544230458154288,-24.15502933182156,0.45662753779630827,-16.961179126132194,-2.7310106692524405,17.481464,9.930717,PRJNA506343,Early childhood,Male,Landrace,ILLUMINA,Illumina HiSeq 4000,Muscle
SAMN10593695,16.510936670859326,15.20001167287607,-16.76136591991377,1.0115364168484051,9.66529132750021,15.761181710342093,-7.565387044333712,5.95473802351993,1.6150421297668816,-2.2240220581547434,17.32676,7.225658,PRJNA510073,Pre-pubertal,Unknown,Unknown,ILLUMINA,Illumina HiSeq 2500,Muscle
SAMN10790771,54.49652222610265,-87.09640623920087,65.35077188508349,-15.235739427210499,3.9277790241309725,-10.579334407828288,7.746756354204994,-1.8348826773768054,-13.410393080541334,-7.985420765763521,-14.485447,17.44834,PRJNA516765,Pre-pubertal,Pooled,Taihu,ILLUMINA,Illumina HiSeq 2500,Muscle
SAMN10797387,38.64729515665012,-93.33330106539935,76.51731300758962,-16.55599868705727,1.16310343495457,-7.86989772339106,5.2275655138744686,0.07213241125867632,-9.963219704288514,-13.272365981456689,-14.510652,17.46344,PRJNA516765,Pre-pubertal,Pooled,Taihu,ILLUMINA,Illumina HiSeq 2500,Muscle
SAMN12919855,60.2768365103123,-37.7310371305601,-20.421652099596244,-43.22898558989681,42.60525010375954,-31.255498456472402,27.092047903740326,-3.0916851380444554,27.543753099408658,-26.703952630725162,10.666135,3.667599,PRJNA575967,Infant,Male,Unknown,ILLUMINA,HiSeq X Ten,Muscle
SAMN13108037,61.3531306691478,42.048916036535815,49.60314361672285,35.885243897226864,1.046107995964743,5.211934923649479,-3.3846633033031504,2.1663267967909032,18.10645719468231,3.4923147327250255,-16.114105,23.757536,PRJNA579297,Post-pubertal,Unknown,Qinyu,ILLUMINA,Illumina HiSeq 4000,Muscle
SAMN13108039,34.77712811250753,42.18734985499388,52.21392235296654,21.955027460190667,-6.090865244530546,15.384798103676177,4.666680366413696,0.36951466626381946,15.110290821038205,9.250532642518973,-16.036924,23.741768,PRJNA579297,Post-pubertal,Unknown,Qinyu,ILLUMINA,Illumina HiSeq 4000,Muscle
SAMN13108040,51.421613980949274,42.55986163121698,52.57299178151987,32.35482631759695,-2.148694425989201,10.636250264354784,0.04113277986421846,1.6896203587028984,18.776528352279154,6.715991265277485,-16.024845,23.804865,PRJNA579297,Post-pubertal,Unknown,Qinyu,ILLUMINA,Illumina HiSeq 4000,Muscle
SAMN13999233,-69.92840894673779,-36.96493476717377,71.7480591102733,16.48048081439002,-5.623180609759582,5.387439339510995,24.675836308975903,-3.8210197305207996,17.813385569415974,9.631076620010102,-14.614624,16.770748,PRJNA604841,Post-pubertal,Female,Large white,ILLUMINA,Illumina HiSeq 2500,Muscle
SAMN13999234,-63.19979529398293,-30.307748776031175,72.08165430821963,15.568464313267606,-1.8351962354199574,2.915124413480174,22.592613960190043,-4.36652610681932,20.40331733388628,8.480496040026008,-14.649608,16.803205,PRJNA604841,Post-pubertal,Female,Large white,ILLUMINA,Illumina HiSeq 2500,Muscle
SAMN13999241,-63.274486103473414,-30.744462747906045,71.47934050370534,13.233651854744547,-0.24287946914020897,6.176448886195992,25.13005788692153,-4.716744914415151,18.823412817807494,7.909028868663442,-14.564588,16.839294,PRJNA604841,Post-pubertal,Female,Large white,ILLUMINA,Illumina HiSeq 2500,Muscle
SAMN13999242,-73.79277025981393,-38.00617000262294,76.20629675581168,13.936125381075989,-3.570704136568686,5.748916462196362,19.69390854090314,-3.2925658909850113,17.156856383202204,6.051556870121487,-14.579356,16.752415,PRJNA604841,Post-pubertal,Male,Large white,ILLUMINA,Illumina HiSeq 2500,Muscle
SAMN13999243,-76.95512468925669,-35.41257467669514,73.47371310300736,12.291570637614182,-4.700375812479113,1.6609700443522206,20.28465651006762,-2.5911646669665482,16.83842157502029,6.907836886858056,-14.566528,16.7567,PRJNA604841,Post-pubertal,Female,Large white,ILLUMINA,Illumina HiSeq 2500,Muscle
SAMN13999244,-76.56665998465661,-38.68087494762509,77.86394107402647,13.232198889697743,-4.457784332667693,5.328610707568672,20.22279688695718,-1.691876454711708,19.594977114234386,9.640949772441905,-14.602407,16.720268,PRJNA604841,Post-pubertal,Male,Large white,ILLUMINA,Illumina HiSeq 2500,Muscle
SAMN13999245,-74.1714058292498,-39.00176310384625,77.71061074922994,13.393070493460682,-3.5668576148634537,5.296041426377748,17.447170501136643,-1.7318721375021768,18.592112704346736,7.491121076923681,-14.677098,16.679455,PRJNA604841,Post-pubertal,Male,Large white,ILLUMINA,Illumina HiSeq 2500,Muscle
SAMN13999246,-64.4019166913108,-32.44680429502807,71.19829313375836,14.024643991673177,-2.849396177100775,7.578158312248534,24.40714298701099,-6.171868217608021,17.51507249199471,5.9802598679911725,-14.627373,16.717176,PRJNA604841,Post-pubertal,Female,Large white,ILLUMINA,Illumina HiSeq 2500,Muscle
SAMN13999247,-65.13558727535877,-28.67944834509001,70.2049848156887,17.453250969187717,-1.575180142052358,7.654621517553444,24.474770171343973,-5.826658977220571,18.52200217143088,10.184246494267706,-14.6365795,16.689028,PRJNA604841,Post-pubertal,Male,Large white,ILLUMINA,Illumina HiSeq 2500,Muscle
SAMN13999248,-95.53657256928403,-53.519286581436724,74.7441059777967,20.203640334121303,-16.445817331435673,3.8424416631860954,27.956260229807363,3.78408045778937,18.0550002843873,7.570229804432211,-14.6889305,16.634235,PRJNA604841,Post-pubertal,Male,Large white,ILLUMINA,Illumina HiSeq 2500,Muscle
SAMN13999249,-71.32590416143802,-39.59440574344011,77.12308208360568,8.672056625543737,-2.6216473827832782,4.606559398567258,21.382797830503197,-0.8484470379859672,26.41476138461049,4.814384511025202,-14.640933,16.711855,PRJNA604841,Post-pubertal,Male,Large white,ILLUMINA,Illumina HiSeq 2500,Muscle
SAMN13999250,-74.15132121808192,-36.9338113613466,79.01553534375266,11.780141311156124,-1.7461370988297353,8.071255268905842,14.967635128819442,-5.3969380176380275,17.506227599994826,5.667012912751315,-14.57004,16.722132,PRJNA604841,Post-pubertal,Female,Large white,ILLUMINA,Illumina HiSeq 2500,Muscle
SAMN15566332,-51.52047459555037,-14.65276924692142,-29.40759615357135,35.247308268644126,25.011726187690282,-5.807086558888834,20.01304350087433,-5.885878237868025,-9.243419234053821,-10.608950177276109,4.385811,5.83812,PRJNA646821,Post-pubertal,Male,Anqing six-end-white,ILLUMINA,Illumina NovaSeq 6000,Muscle
SAMN15566333,-47.57669822222787,-11.764373830646345,-21.724399021314536,33.54011211362128,27.311551016038162,-2.966484861688877,12.46465849782055,-9.444565866863366,-8.181210196365583,-9.353481523381575,4.376504,5.8075504,PRJNA646821,Post-pubertal,Male,Anqing six-end-white,ILLUMINA,Illumina NovaSeq 6000,Muscle
SAMN15566334,-59.07146044689559,-13.662708450982251,-25.85650903019904,34.742724870857884,24.321849808453127,-4.439309734317895,21.15333150896707,-8.662577534281745,-13.401240181789396,-13.94916085872112,4.3850656,5.874462,PRJNA646821,Post-pubertal,Male,Anqing six-end-white,ILLUMINA,Illumina NovaSeq 6000,Muscle
SAMN15566335,-45.999920315478924,-6.523900195104613,-24.756647328127116,34.36360119389254,35.20583381042515,3.167969879817533,23.937512107428923,-1.758794506021506,-4.4803773431132505,-18.058613196416605,4.3049507,5.4534445,PRJNA646821,Post-pubertal,Male,Anqing six-end-white,ILLUMINA,Illumina NovaSeq 6000,Muscle
SAMN15566336,-29.432354149136376,-9.291752476524463,-36.944597405640685,34.36196192059157,35.82014211501589,-3.208114445143891,34.488401941000035,5.924500304366461,4.251125002258409,-19.25993146129922,4.3933773,5.579424,PRJNA646821,Post-pubertal,Male,Anqing six-end-white,ILLUMINA,Illumina NovaSeq 6000,Muscle
SAMN15566337,-10.758485375524863,-5.974075170436469,-36.1553794920847,32.07021135987523,42.13362422944456,3.0542325923014033,28.342195682184432,-5.30768454863657,2.6196075097823988,-18.83812955943281,4.501478,5.540789,PRJNA646821,Post-pubertal,Male,Anqing six-end-white,ILLUMINA,Illumina NovaSeq 6000,Muscle
SAMN16550668,-31.731484464598438,-59.036065705538576,-25.56151427894449,0.7610144766682191,38.19347348393455,-8.346137477808824,-6.615112669784013,36.46408539477035,13.416663464908703,-13.580653862052964,5.006676,4.8382435,PRJNA671763,Infant,Male,Yorkshire x Min,ILLUMINA,HiSeq X Ten,Muscle
SAMN16550669,26.780681371662354,-25.70966814058246,-26.916905899468063,-3.7893138173172556,55.84451715039101,-5.723316537766166,10.337886448725587,41.621094680400475,4.261825535639644,-6.0070169496108985,5.2147446,4.9819307,PRJNA671763,Infant,Male,Yorkshire x Min,ILLUMINA,HiSeq X Ten,Muscle
SAMN16550670,8.183564780096793,-26.902480258154736,-23.856858624726684,2.933162495043269,53.132320784992984,-5.924564361909879,3.773509599085181,36.61698463741975,0.07083427799566136,-2.615283239381946,5.129137,4.9134407,PRJNA671763,Infant,Female,Yorkshire x Min,ILLUMINA,HiSeq X Ten,Muscle
SAMN16550671,18.850927015624016,-19.114455515608824,-25.3647199955068,1.6079274456040247,53.586279533005694,-3.8354646877908762,13.31024357390093,37.1189125385451,-5.509012903104633,-5.797093561569421,5.14544,4.9687023,PRJNA671763,Infant,Female,Yorkshire x Min,ILLUMINA,HiSeq X Ten,Muscle
SAMN16550672,22.69230202135241,-15.90024966538005,-27.010199227342838,-3.880091123668099,55.386304718705695,-4.921007175688124,19.164885241731756,44.29567735383987,1.3746075776455104,-8.60161119523179,5.236817,4.950542,PRJNA671763,Infant,Male,Min x Yorkshire,ILLUMINA,HiSeq X Ten,Muscle
SAMN16550673,5.967024649822492,-22.694657467168547,-22.28146471408378,-8.144086217879293,52.62392372516793,-8.899557012477505,17.60472568947039,47.153632326311794,15.778905442183087,-6.401682714183488,5.2695136,5.0200086,PRJNA671763,Infant,Male,Min x Yorkshire,ILLUMINA,HiSeq X Ten,Muscle
SAMN16550674,21.241723593799044,-17.418840110873184,-25.240479093307073,-5.112017991174605,54.44006400000406,-6.007753665595511,21.74417063773774,39.326116718862984,8.307409685902636,-8.396768685921582,5.1645646,5.0410314,PRJNA671763,Infant,Female,Min x Yorkshire,ILLUMINA,HiSeq X Ten,Muscle
SAMN16550675,11.081235901122843,-14.625749302905867,-22.25165813473918,-4.4480770678567065,53.818406495502245,-6.837036646248603,20.459632663526303,44.681829817522164,6.861531723874283,-4.732917916582299,5.2568946,4.891043,PRJNA671763,Infant,Female,Min x Yorkshire,ILLUMINA,HiSeq X Ten,Muscle
SAMN13676556,-11.466689918784262,-34.45810030398994,68.43693693067773,22.92250632893597,21.22362894601781,14.023044378330992,9.217628181670667,11.605681993505536,-3.385416291940565,-7.526368153902833,-14.5488825,17.374067,PRJNA597497,Infant,male,Meishan,ILLUMINA,HiSeq X Ten,Muscle
SAMN13676555,34.61766885210215,-25.552210084367925,56.34628389081357,18.492342363625802,33.97961853410204,16.01796187908423,8.761175925791765,2.4529812574218135,-13.231802413837586,-15.515541282171295,-14.593971,17.497583,PRJNA597497,Infant,male,Meishan,ILLUMINA,HiSeq X Ten,Muscle
SAMN13676546,27.587406585908365,-29.357915435881083,56.919564078575284,16.81279213033013,26.746527895612093,12.853835536952053,11.652736550299185,9.989767991631053,-16.17868413244764,-13.782300163925886,-14.508502,17.422028,PRJNA597497,Infant,male,Duroc,ILLUMINA,HiSeq X Ten,Muscle
SAMN13676545,16.491607664118035,-36.07049946649706,60.11832759076866,20.973149557285137,20.202192161996923,11.81769959530946,13.313457878024687,10.672826131624198,-12.652726102149805,-14.317780646096425,-14.497187,17.449394,PRJNA597497,Infant,male,Duroc,ILLUMINA,HiSeq X Ten,Muscle
SAMN13676583,16.095603878430577,-36.02575673725704,59.369565409111274,23.170690704753863,21.421727612028047,10.505683262995417,9.783999444332048,6.6715179292144375,-15.547989868547413,-14.216828293214059,-14.558875,17.394789,PRJNA597497,Infant,male,Large White,ILLUMINA,HiSeq X Ten,Muscle
SAMN13676582,3.3741549753513156,-46.46771733505304,62.22115315422359,23.342321496868394,13.099260896473968,8.002074939101107,12.968334902335108,7.72263879728774,-10.078717068654157,-15.440340453923943,-14.4744005,17.470371,PRJNA597497,Infant,male,Large White,ILLUMINA,HiSeq X Ten,Muscle
SAMN13676566,1.7708260798969762,-47.61760204679162,65.49387308015088,25.500606735837827,16.76979513661008,4.1318810192138935,8.045987099304334,11.45285739564606,-7.230293713884744,-15.187690760485879,-14.593786,17.490097,PRJNA597497,Infant,male,Enshi Black,ILLUMINA,HiSeq X Ten,Muscle
SAMN13676565,-4.941948990408603,-53.263945648280725,64.08998603190274,25.8493397745032,13.719996214125654,5.596315036805296,5.750487395598396,11.407262504885018,-8.303189020654612,-16.05632041065201,-14.517607,17.408468,PRJNA597497,Infant,male,Enshi Black,ILLUMINA,HiSeq X Ten,Muscle
