symbol,pig_gene_id,human_gene_id
A1BG,ENSSSCG00000004001,ENSG00000121410
A1CF,ENSSSCG00000010431,ENSG00000148584
A2M,ENSSSCG00000000660,ENSG00000175899
A2ML1,ENSSSCG00000000664,ENSG00000166535
A4GALT,ENSSSCG00000026962,ENSG00000128274
A4GNT,ENSSSCG00000022473,ENSG00000118017
AAAS,ENSSSCG00000000268,ENSG00000094914
AACS,ENSSSCG00000009755,ENSG00000081760
AADACL3,ENSSSCG00000003441,ENSG00000188984
AADACL4,ENSSSCG00000003440,ENSG00000204518
AADAT,ENSSSCG00000009708,ENSG00000109576
AAGAB,ENSSSCG00000004951,ENSG00000103591
AAK1,ENSSSCG00000008337,ENSG00000115977
AAMDC,ENSSSCG00000037251,ENSG00000087884
AAMP,ENSSSCG00000016189,ENSG00000127837
AAR2,ENSSSCG00000007315,ENSG00000131043
AARD,ENSSSCG00000006013,ENSG00000205002
AARS1,ENSSSCG00000002723,ENSG00000090861
AARS2,ENSSSCG00000001706,ENSG00000124608
AARSD1,ENSSSCG00000037979,ENSG00000266967
AASDH,ENSSSCG00000027403,ENSG00000157426
AASDHPPT,ENSSSCG00000014998,ENSG00000149313
AASS,ENSSSCG00000016613,ENSG00000008311
AATK,ENSSSCG00000017141,ENSG00000181409
ABAT,ENSSSCG00000007909,ENSG00000183044
ABCA1,ENSSSCG00000005423,ENSG00000165029
ABCA12,ENSSSCG00000034282,ENSG00000144452
ABCA2,ENSSSCG00000039264,ENSG00000107331
ABCA3,ENSSSCG00000008051,ENSG00000167972
ABCA4,ENSSSCG00000006890,ENSG00000198691
ABCA5,ENSSSCG00000017255,ENSG00000154265
ABCA6,ENSSSCG00000017256,ENSG00000154262
ABCA7,ENSSSCG00000023121,ENSG00000064687
ABCA8,ENSSSCG00000026473,ENSG00000141338
ABCA9,ENSSSCG00000017257,ENSG00000154258
ABCB1,ENSSSCG00000015390,ENSG00000085563
ABCB10,ENSSSCG00000010188,ENSG00000135776
ABCB11,ENSSSCG00000015926,ENSG00000073734
ABCB5,ENSSSCG00000015377,ENSG00000004846
ABCB6,ENSSSCG00000016210,ENSG00000115657
ABCB7,ENSSSCG00000012424,ENSG00000131269
ABCB8,ENSSSCG00000027986,ENSG00000197150
ABCB9,ENSSSCG00000009784,ENSG00000150967
ABCC1,ENSSSCG00000007874,ENSG00000103222
ABCC10,ENSSSCG00000001680,ENSG00000124574
ABCC11,ENSSSCG00000032298,ENSG00000121270
ABCC12,ENSSSCG00000022813,ENSG00000140798
ABCC2,ENSSSCG00000010543,ENSG00000023839
ABCC3,ENSSSCG00000017561,ENSG00000108846
ABCC4,ENSSSCG00000026996,ENSG00000125257
ABCC5,ENSSSCG00000011782,ENSG00000114770
ABCC6,ENSSSCG00000007873,ENSG00000091262
ABCC8,ENSSSCG00000013378,ENSG00000006071
ABCC9,ENSSSCG00000000571,ENSG00000069431
ABCD1,ENSSSCG00000012779,ENSG00000101986
ABCD2,ENSSSCG00000000781,ENSG00000173208
ABCD3,ENSSSCG00000028620,ENSG00000117528
ABCD4,ENSSSCG00000038231,ENSG00000119688
ABCE1,ENSSSCG00000009043,ENSG00000164163
ABCF2,ENSSSCG00000016441,ENSG00000033050
ABCF3,ENSSSCG00000028856,ENSG00000161204
ABCG1,ENSSSCG00000027745,ENSG00000160179
ABCG4,ENSSSCG00000015113,ENSG00000172350
ABCG5,ENSSSCG00000035912,ENSG00000138075
ABCG8,ENSSSCG00000008453,ENSG00000143921
ABHD1,ENSSSCG00000008554,ENSG00000143994
ABHD10,ENSSSCG00000034450,ENSG00000144827
ABHD11,ENSSSCG00000007715,ENSG00000106077
ABHD12,ENSSSCG00000040449,ENSG00000100997
ABHD12B,ENSSSCG00000005023,ENSG00000131969
ABHD13,ENSSSCG00000009541,ENSG00000139826
ABHD14A,ENSSSCG00000030229,ENSG00000248487
ABHD14B,ENSSSCG00000042259,ENSG00000114779
ABHD15,ENSSSCG00000017789,ENSG00000168792
ABHD16B,ENSSSCG00000035915,ENSG00000183260
ABHD17A,ENSSSCG00000013442,ENSG00000129968
ABHD17B,ENSSSCG00000021802,ENSG00000107362
ABHD17C,ENSSSCG00000001782,ENSG00000136379
ABHD18,ENSSSCG00000009074,ENSG00000164074
ABHD2,ENSSSCG00000001835,ENSG00000140526
ABHD3,ENSSSCG00000028010,ENSG00000158201
ABHD4,ENSSSCG00000002051,ENSG00000100439
ABHD5,ENSSSCG00000011297,ENSG00000011198
ABHD6,ENSSSCG00000011470,ENSG00000163686
ABHD8,ENSSSCG00000031877,ENSG00000127220
ABI1,ENSSSCG00000024127,ENSG00000136754
ABI2,ENSSSCG00000034630,ENSG00000138443
ABI3BP,ENSSSCG00000011959,ENSG00000154175
ABITRAM,ENSSSCG00000005440,ENSG00000119328
ABL1,ENSSSCG00000005706,ENSG00000097007
ABL2,ENSSSCG00000024674,ENSG00000143322
ABLIM1,ENSSSCG00000010651,ENSG00000099204
ABLIM2,ENSSSCG00000008721,ENSG00000163995
ABLIM3,ENSSSCG00000014430,ENSG00000173210
ABR,ENSSSCG00000017804,ENSG00000159842
ABRA,ENSSSCG00000031728,ENSG00000174429
ABRACL,ENSSSCG00000004145,ENSG00000146386
ABRAXAS1,ENSSSCG00000009234,ENSG00000163322
ABRAXAS2,ENSSSCG00000010737,ENSG00000165660
ABT1,ENSSSCG00000038191,ENSG00000146109
ABTB1,ENSSSCG00000024827,ENSG00000114626
ABTB2,ENSSSCG00000013303,ENSG00000166016
ABTB3,ENSSSCG00000000162,ENSG00000151136
ACAA1,ENSSSCG00000011250,ENSG00000060971
ACAA2,ENSSSCG00000004510,ENSG00000167315
ACAD10,ENSSSCG00000009836,ENSG00000111271
ACAD11,ENSSSCG00000011629,ENSG00000240303
ACAD9,ENSSSCG00000023354,ENSG00000177646
ACADL,ENSSSCG00000016156,ENSG00000115361
ACADM,ENSSSCG00000003776,ENSG00000117054
ACADS,ENSSSCG00000009916,ENSG00000122971
ACADSB,ENSSSCG00000010723,ENSG00000196177
ACADVL,ENSSSCG00000017947,ENSG00000072778
ACAN,ENSSSCG00000001832,ENSG00000157766
ACAP1,ENSSSCG00000017943,ENSG00000072818
ACAP2,ENSSSCG00000031147,ENSG00000114331
ACAP3,ENSSSCG00000003329,ENSG00000131584
ACAT1,ENSSSCG00000026153,ENSG00000075239
ACAT2,ENSSSCG00000004049,ENSG00000120437
ACBD3,ENSSSCG00000024180,ENSG00000182827
ACBD4,ENSSSCG00000017337,ENSG00000181513
ACBD5,ENSSSCG00000011064,ENSG00000107897
ACBD6,ENSSSCG00000015534,ENSG00000230124
ACBD7,ENSSSCG00000038184,ENSG00000176244
ACCS,ENSSSCG00000013282,ENSG00000110455
ACD,ENSSSCG00000029590,ENSG00000102977
ACE,ENSSSCG00000017296,ENSG00000159640
ACE2,ENSSSCG00000012138,ENSG00000130234
ACER1,ENSSSCG00000023969,ENSG00000167769
ACER2,ENSSSCG00000034213,ENSG00000177076
ACER3,ENSSSCG00000032723,ENSG00000078124
ACHE,ENSSSCG00000030303,ENSG00000087085
ACIN1,ENSSSCG00000002034,ENSG00000100813
ACKR1,ENSSSCG00000036223,ENSG00000213088
ACKR2,ENSSSCG00000031154,ENSG00000144648
ACKR3,ENSSSCG00000016322,ENSG00000144476
ACKR4,ENSSSCG00000011630,ENSG00000129048
ACLY,ENSSSCG00000017421,ENSG00000131473
ACMSD,ENSSSCG00000015699,ENSG00000153086
ACO1,ENSSSCG00000023807,ENSG00000122729
ACO2,ENSSSCG00000000064,ENSG00000100412
ACOD1,ENSSSCG00000009469,ENSG00000102794
ACOT11,ENSSSCG00000037559,ENSG00000162390
ACOT12,ENSSSCG00000036095,ENSG00000172497
ACOT13,ENSSSCG00000036411,ENSG00000112304
ACOT6,ENSSSCG00000002348,ENSG00000205669
ACOT7,ENSSSCG00000003377,ENSG00000097021
ACOT8,ENSSSCG00000007426,ENSG00000101473
ACOT9,ENSSSCG00000012172,ENSG00000123130
ACOX1,ENSSSCG00000017198,ENSG00000161533
ACOX2,ENSSSCG00000011477,ENSG00000168306
ACOX3,ENSSSCG00000008724,ENSG00000087008
ACOXL,ENSSSCG00000037846,ENSG00000153093
ACP1,ENSSSCG00000008659,ENSG00000143727
ACP2,ENSSSCG00000013242,ENSG00000134575
ACP3,ENSSSCG00000011627,ENSG00000014257
ACP4,ENSSSCG00000024736,ENSG00000142513
ACP5,ENSSSCG00000032282,ENSG00000102575
ACP6,ENSSSCG00000006697,ENSG00000162836
ACP7,ENSSSCG00000002971,ENSG00000183760
ACR,ENSSSCG00000021265,ENSG00000100312
ACRBP,ENSSSCG00000000700,ENSG00000111644
ACRV1,ENSSSCG00000015216,ENSG00000134940
ACSBG1,ENSSSCG00000001760,ENSG00000103740
ACSBG2,ENSSSCG00000013536,ENSG00000130377
ACSF2,ENSSSCG00000017566,ENSG00000167107
ACSF3,ENSSSCG00000023866,ENSG00000176715
ACSL1,ENSSSCG00000015784,ENSG00000151726
ACSL3,ENSSSCG00000016223,ENSG00000123983
ACSL4,ENSSSCG00000012583,ENSG00000068366
ACSL5,ENSSSCG00000031789,ENSG00000197142
ACSL6,ENSSSCG00000014272,ENSG00000164398
ACSM2B,ENSSSCG00000007858,ENSG00000066813
ACSM3,ENSSSCG00000007857,ENSG00000005187
ACSM4,ENSSSCG00000030033,ENSG00000215009
ACSM5,ENSSSCG00000026453,ENSG00000183549
ACSS1,ENSSSCG00000007133,ENSG00000154930
ACSS2,ENSSSCG00000007286,ENSG00000131069
ACSS3,ENSSSCG00000000939,ENSG00000111058
ACTA1,ENSSSCG00000010190,ENSG00000143632
ACTA2,ENSSSCG00000010447,ENSG00000107796
ACTB,ENSSSCG00000007585,ENSG00000075624
ACTBL2,ENSSSCG00000016923,ENSG00000169067
ACTC1,ENSSSCG00000004803,ENSG00000159251
ACTG1,ENSSSCG00000028355,ENSG00000184009
ACTG2,ENSSSCG00000008294,ENSG00000163017
ACTL6A,ENSSSCG00000011762,ENSG00000136518
ACTL7A,ENSSSCG00000005439,ENSG00000187003
ACTL7B,ENSSSCG00000005438,ENSG00000148156
ACTL8,ENSSSCG00000024062,ENSG00000117148
ACTL9,ENSSSCG00000013605,ENSG00000181786
ACTMAP,ENSSSCG00000040533,ENSG00000188493
ACTN1,ENSSSCG00000036702,ENSG00000072110
ACTN2,ENSSSCG00000010144,ENSG00000077522
ACTN4,ENSSSCG00000002965,ENSG00000130402
ACTR10,ENSSSCG00000022299,ENSG00000131966
ACTR1A,ENSSSCG00000010585,ENSG00000138107
ACTR1B,ENSSSCG00000008194,ENSG00000115073
ACTR2,ENSSSCG00000008358,ENSG00000138071
ACTR3,ENSSSCG00000015710,ENSG00000115091
ACTR3B,ENSSSCG00000016426,ENSG00000133627
ACTR5,ENSSSCG00000007349,ENSG00000101442
ACTR6,ENSSSCG00000025682,ENSG00000075089
ACTR8,ENSSSCG00000011458,ENSG00000113812
ACTRT1,ENSSSCG00000012648,ENSG00000123165
ACTRT2,ENSSSCG00000003357,ENSG00000169717
ACTRT3,ENSSSCG00000039994,ENSG00000184378
ACVR1,ENSSSCG00000015874,ENSG00000115170
ACVR1B,ENSSSCG00000000233,ENSG00000135503
ACVR1C,ENSSSCG00000015873,ENSG00000123612
ACVR2A,ENSSSCG00000015669,ENSG00000121989
ACVR2B,ENSSSCG00000011257,ENSG00000114739
ACVRL1,ENSSSCG00000000232,ENSG00000139567
ACY1,ENSSSCG00000023325,ENSG00000243989
ACYP2,ENSSSCG00000025224,ENSG00000170634
ADA,ENSSSCG00000021255,ENSG00000196839
ADA2,ENSSSCG00000035218,ENSG00000093072
ADAD1,ENSSSCG00000009089,ENSG00000164113
ADAD2,ENSSSCG00000034385,ENSG00000140955
ADAM10,ENSSSCG00000004595,ENSG00000137845
ADAM11,ENSSSCG00000017349,ENSG00000073670
ADAM12,ENSSSCG00000010746,ENSG00000148848
ADAM15,ENSSSCG00000006533,ENSG00000143537
ADAM17,ENSSSCG00000008641,ENSG00000151694
ADAM18,ENSSSCG00000007008,ENSG00000168619
ADAM19,ENSSSCG00000017052,ENSG00000135074
ADAM2,ENSSSCG00000045907,ENSG00000104755
ADAM20,ENSSSCG00000034126,ENSG00000134007
ADAM22,ENSSSCG00000015297,ENSG00000008277
ADAM23,ENSSSCG00000016131,ENSG00000114948
ADAM28,ENSSSCG00000009644,ENSG00000042980
ADAM30,ENSSSCG00000006713,ENSG00000134249
ADAM32,ENSSSCG00000015807,ENSG00000197140
ADAM33,ENSSSCG00000007145,ENSG00000149451
ADAM7,ENSSSCG00000009646,ENSG00000069206
ADAM8,ENSSSCG00000010772,ENSG00000151651
ADAM9,ENSSSCG00000015808,ENSG00000168615
ADAMDEC1,ENSSSCG00000009645,ENSG00000134028
ADAMTS1,ENSSSCG00000012026,ENSG00000154734
ADAMTS10,ENSSSCG00000026994,ENSG00000142303
ADAMTS12,ENSSSCG00000016816,ENSG00000151388
ADAMTS13,ENSSSCG00000021241,ENSG00000160323
ADAMTS14,ENSSSCG00000010272,ENSG00000138316
ADAMTS15,ENSSSCG00000015250,ENSG00000166106
ADAMTS16,ENSSSCG00000017109,ENSG00000145536
ADAMTS17,ENSSSCG00000038452,ENSG00000140470
ADAMTS18,ENSSSCG00000038627,ENSG00000140873
ADAMTS19,ENSSSCG00000014259,ENSG00000145808
ADAMTS2,ENSSSCG00000024043,ENSG00000087116
ADAMTS20,ENSSSCG00000000795,ENSG00000173157
ADAMTS3,ENSSSCG00000038180,ENSG00000156140
ADAMTS4,ENSSSCG00000006359,ENSG00000158859
ADAMTS5,ENSSSCG00000012027,ENSG00000154736
ADAMTS6,ENSSSCG00000016943,ENSG00000049192
ADAMTS7,ENSSSCG00000001765,ENSG00000136378
ADAMTS8,ENSSSCG00000015249,ENSG00000134917
ADAMTS9,ENSSSCG00000011496,ENSG00000163638
ADAMTSL1,ENSSSCG00000040366,ENSG00000178031
ADAMTSL2,ENSSSCG00000026425,ENSG00000197859
ADAMTSL3,ENSSSCG00000001793,ENSG00000156218
ADAMTSL4,ENSSSCG00000006651,ENSG00000143382
ADAMTSL5,ENSSSCG00000013433,ENSG00000185761
ADAP1,ENSSSCG00000007547,ENSG00000105963
ADAP2,ENSSSCG00000017738,ENSG00000184060
ADAR,ENSSSCG00000006543,ENSG00000160710
ADARB1,ENSSSCG00000012089,ENSG00000197381
ADARB2,ENSSSCG00000011160,ENSG00000185736
ADAT1,ENSSSCG00000002706,ENSG00000065457
ADAT2,ENSSSCG00000039598,ENSG00000189007
ADAT3,ENSSSCG00000038810,ENSG00000213638
ADCK1,ENSSSCG00000002408,ENSG00000063761
ADCK2,ENSSSCG00000016496,ENSG00000133597
ADCK5,ENSSSCG00000005907,ENSG00000173137
ADCY1,ENSSSCG00000016726,ENSG00000164742
ADCY10,ENSSSCG00000006305,ENSG00000143199
ADCY2,ENSSSCG00000017101,ENSG00000078295
ADCY3,ENSSSCG00000008578,ENSG00000138031
ADCY4,ENSSSCG00000001988,ENSG00000129467
ADCY5,ENSSSCG00000027952,ENSG00000173175
ADCY6,ENSSSCG00000000175,ENSG00000174233
ADCY7,ENSSSCG00000039408,ENSG00000121281
ADCY8,ENSSSCG00000031717,ENSG00000155897
ADCY9,ENSSSCG00000007950,ENSG00000162104
ADCYAP1,ENSSSCG00000035186,ENSG00000141433
ADCYAP1R1,ENSSSCG00000016672,ENSG00000078549
ADD1,ENSSSCG00000008692,ENSG00000087274
ADD2,ENSSSCG00000020736,ENSG00000075340
ADD3,ENSSSCG00000010621,ENSG00000148700
ADGB,ENSSSCG00000004114,ENSG00000118492
ADGRA1,ENSSSCG00000039199,ENSG00000197177
ADGRA2,ENSSSCG00000015825,ENSG00000020181
ADGRA3,ENSSSCG00000008753,ENSG00000152990
ADGRB1,ENSSSCG00000035891,ENSG00000181790
ADGRB2,ENSSSCG00000003604,ENSG00000121753
ADGRB3,ENSSSCG00000004270,ENSG00000135298
ADGRD1,ENSSSCG00000009745,ENSG00000111452
ADGRD2,ENSSSCG00000005591,ENSG00000180264
ADGRE1,ENSSSCG00000013556,ENSG00000174837
ADGRE3,ENSSSCG00000013787,ENSG00000131355
ADGRE5,ENSSSCG00000013775,ENSG00000123146
ADGRF1,ENSSSCG00000001726,ENSG00000153292
ADGRF3,ENSSSCG00000008570,ENSG00000173567
ADGRF4,ENSSSCG00000022089,ENSG00000153294
ADGRF5,ENSSSCG00000001725,ENSG00000069122
ADGRG1,ENSSSCG00000002815,ENSG00000205336
ADGRG2,ENSSSCG00000029756,ENSG00000173698
ADGRG3,ENSSSCG00000002814,ENSG00000182885
ADGRG5,ENSSSCG00000025503,ENSG00000159618
ADGRG6,ENSSSCG00000004139,ENSG00000112414
ADGRG7,ENSSSCG00000011962,ENSG00000144820
ADGRL1,ENSSSCG00000013773,ENSG00000072071
ADGRL2,ENSSSCG00000003761,ENSG00000117114
ADGRL3,ENSSSCG00000026129,ENSG00000150471
ADGRL4,ENSSSCG00000003762,ENSG00000162618
ADGRV1,ENSSSCG00000035025,ENSG00000164199
ADH4,ENSSSCG00000009184,ENSG00000198099
ADH5,ENSSSCG00000009185,ENSG00000197894
ADHFE1,ENSSSCG00000006213,ENSG00000147576
ADI1,ENSSSCG00000029161,ENSG00000182551
ADIG,ENSSSCG00000007346,ENSG00000182035
ADIPOQ,ENSSSCG00000039103,ENSG00000181092
ADIPOR1,ENSSSCG00000010931,ENSG00000159346
ADIPOR2,ENSSSCG00000000757,ENSG00000006831
ADIRF,ENSSSCG00000037918,ENSG00000148671
ADISSP,ENSSSCG00000035666,ENSG00000101220
ADK,ENSSSCG00000010315,ENSG00000156110
ADM,ENSSSCG00000013408,ENSG00000148926
ADNP,ENSSSCG00000007473,ENSG00000101126
ADNP2,ENSSSCG00000038632,ENSG00000101544
ADO,ENSSSCG00000031360,ENSG00000181915
ADORA1,ENSSSCG00000021059,ENSG00000163485
ADORA2A,ENSSSCG00000010054,ENSG00000128271
ADORA2B,ENSSSCG00000035051,ENSG00000170425
ADPGK,ENSSSCG00000001925,ENSG00000159322
ADPRH,ENSSSCG00000011896,ENSG00000144843
ADPRHL1,ENSSSCG00000024103,ENSG00000153531
ADPRM,ENSSSCG00000018009,ENSG00000170222
ADPRS,ENSSSCG00000003634,ENSG00000116863
ADRA1A,ENSSSCG00000009661,ENSG00000120907
ADRA1B,ENSSSCG00000017041,ENSG00000170214
ADRA1D,ENSSSCG00000007139,ENSG00000171873
ADRA2A,ENSSSCG00000010629,ENSG00000150594
ADRA2C,ENSSSCG00000008703,ENSG00000184160
ADRB1,ENSSSCG00000010647,ENSG00000043591
ADRB3,ENSSSCG00000015821,ENSG00000188778
ADRM1,ENSSSCG00000038718,ENSG00000130706
ADSL,ENSSSCG00000000077,ENSG00000239900
ADSS1,ENSSSCG00000037334,ENSG00000185100
ADSS2,ENSSSCG00000010874,ENSG00000035687
ADTRP,ENSSSCG00000001048,ENSG00000111863
AEBP1,ENSSSCG00000016754,ENSG00000106624
AEBP2,ENSSSCG00000000587,ENSG00000139154
AEN,ENSSSCG00000005102,ENSG00000181026
AFAP1,ENSSSCG00000023907,ENSG00000196526
AFAP1L1,ENSSSCG00000014431,ENSG00000157510
AFAP1L2,ENSSSCG00000010650,ENSG00000169129
AFDN,ENSSSCG00000004018,ENSG00000130396
AFF1,ENSSSCG00000023593,ENSG00000172493
AFF2,ENSSSCG00000012730,ENSG00000155966
AFF4,ENSSSCG00000014291,ENSG00000072364
AFG1L,ENSSSCG00000040199,ENSG00000135537
AFG2A,ENSSSCG00000009084,ENSG00000145375
AFG2B,ENSSSCG00000004671,ENSG00000171763
AFG3L2,ENSSSCG00000022947,ENSG00000141385
AFM,ENSSSCG00000008950,ENSG00000079557
AFMID,ENSSSCG00000033636,ENSG00000183077
AFP,ENSSSCG00000008949,ENSG00000081051
AFTPH,ENSSSCG00000008363,ENSG00000119844
AGA,ENSSSCG00000015772,ENSG00000038002
AGAP1,ENSSSCG00000016317,ENSG00000157985
AGAP2,ENSSSCG00000038732,ENSG00000135439
AGAP3,ENSSSCG00000025610,ENSG00000133612
AGBL2,ENSSSCG00000040838,ENSG00000165923
AGBL5,ENSSSCG00000008558,ENSG00000084693
AGFG1,ENSSSCG00000016248,ENSG00000173744
AGFG2,ENSSSCG00000007664,ENSG00000106351
AGGF1,ENSSSCG00000014094,ENSG00000164252
AGL,ENSSSCG00000006872,ENSG00000162688
AGMAT,ENSSSCG00000003463,ENSG00000116771
AGMO,ENSSSCG00000015356,ENSG00000187546
AGO1,ENSSSCG00000003630,ENSG00000092847
AGO2,ENSSSCG00000005935,ENSG00000123908
AGPAT3,ENSSSCG00000038081,ENSG00000160216
AGPAT4,ENSSSCG00000004033,ENSG00000026652
AGPAT5,ENSSSCG00000015755,ENSG00000155189
AGPS,ENSSSCG00000023983,ENSG00000018510
AGR2,ENSSSCG00000015363,ENSG00000106541
AGRN,ENSSSCG00000022204,ENSG00000188157
AGRP,ENSSSCG00000002775,ENSG00000159723
AGT,ENSSSCG00000010184,ENSG00000135744
AGTPBP1,ENSSSCG00000010957,ENSG00000135049
AGTR1,ENSSSCG00000011695,ENSG00000144891
AGTR2,ENSSSCG00000012600,ENSG00000180772
AGTRAP,ENSSSCG00000022401,ENSG00000177674
AGXT,ENSSSCG00000016402,ENSG00000172482
AGXT2,ENSSSCG00000016829,ENSG00000113492
AHCTF1,ENSSSCG00000010863,ENSG00000153207
AHCY,ENSSSCG00000007278,ENSG00000101444
AHCYL1,ENSSSCG00000006816,ENSG00000168710
AHCYL2,ENSSSCG00000016568,ENSG00000158467
AHDC1,ENSSSCG00000047147,ENSG00000126705
AHI1,ENSSSCG00000004166,ENSG00000135541
AHNAK,ENSSSCG00000036669,ENSG00000124942
AHNAK2,ENSSSCG00000035669,ENSG00000185567
AHR,ENSSSCG00000030484,ENSG00000106546
AHRR,ENSSSCG00000032843,ENSG00000063438
AHSA1,ENSSSCG00000002406,ENSG00000100591
AHSG,ENSSSCG00000011799,ENSG00000145192
AHSP,ENSSSCG00000037878,ENSG00000169877
AICDA,ENSSSCG00000000667,ENSG00000111732
AIDA,ENSSSCG00000010835,ENSG00000186063
AIF1L,ENSSSCG00000034178,ENSG00000126878
AIFM1,ENSSSCG00000012657,ENSG00000156709
AIFM2,ENSSSCG00000010258,ENSG00000042286
AIFM3,ENSSSCG00000010096,ENSG00000183773
AIG1,ENSSSCG00000004136,ENSG00000146416
AIMP1,ENSSSCG00000024168,ENSG00000164022
AIMP2,ENSSSCG00000024245,ENSG00000106305
AIPL1,ENSSSCG00000022026,ENSG00000129221
AIRE,ENSSSCG00000025294,ENSG00000160224
AIRIM,ENSSSCG00000039905,ENSG00000116922
AJAP1,ENSSSCG00000031344,ENSG00000196581
AJUBA,ENSSSCG00000029201,ENSG00000129474
AK1,ENSSSCG00000005627,ENSG00000106992
AK2,ENSSSCG00000032067,ENSG00000004455
AK3,ENSSSCG00000023595,ENSG00000147853
AK4,ENSSSCG00000040337,ENSG00000162433
AK5,ENSSSCG00000003773,ENSG00000154027
AK6,ENSSSCG00000037053,ENSG00000085231
AK7,ENSSSCG00000002504,ENSG00000140057
AK8,ENSSSCG00000039188,ENSG00000165695
AKAP1,ENSSSCG00000034994,ENSG00000121057
AKAP10,ENSSSCG00000024030,ENSG00000108599
AKAP11,ENSSSCG00000009430,ENSG00000023516
AKAP12,ENSSSCG00000031733,ENSG00000131016
AKAP17A,ENSSSCG00000032986,ENSG00000197976
AKAP3,ENSSSCG00000000720,ENSG00000111254
AKAP4,ENSSSCG00000012306,ENSG00000147081
AKAP5,ENSSSCG00000002268,ENSG00000179841
AKAP6,ENSSSCG00000024517,ENSG00000151320
AKAP7,ENSSSCG00000036790,ENSG00000118507
AKAP8,ENSSSCG00000013837,ENSG00000105127
AKAP8L,ENSSSCG00000013838,ENSG00000011243
AKAP9,ENSSSCG00000015310,ENSG00000127914
AKIP1,ENSSSCG00000033335,ENSG00000166452
AKIRIN1,ENSSSCG00000003652,ENSG00000174574
AKIRIN2,ENSSSCG00000004307,ENSG00000135334
AKNA,ENSSSCG00000023894,ENSG00000106948
AKR1A1,ENSSSCG00000029256,ENSG00000117448
AKR1B1,ENSSSCG00000040608,ENSG00000085662
AKR1C1,ENSSSCG00000011147,ENSG00000187134
AKR1D1,ENSSSCG00000016519,ENSG00000122787
AKR1E2,ENSSSCG00000036941,ENSG00000165568
AKR7A2,ENSSSCG00000003491,ENSG00000053371
AKT1,ENSSSCG00000039139,ENSG00000142208
AKT1S1,ENSSSCG00000003194,ENSG00000204673
AKT2,ENSSSCG00000002989,ENSG00000105221
AKT3,ENSSSCG00000010872,ENSG00000117020
AKTIP,ENSSSCG00000026181,ENSG00000166971
ALAD,ENSSSCG00000032787,ENSG00000148218
ALAS1,ENSSSCG00000011437,ENSG00000023330
ALAS2,ENSSSCG00000012347,ENSG00000158578
ALB,ENSSSCG00000008948,ENSG00000163631
ALCAM,ENSSSCG00000011946,ENSG00000170017
ALDH16A1,ENSSSCG00000003168,ENSG00000161618
ALDH18A1,ENSSSCG00000010495,ENSG00000059573
ALDH1A1,ENSSSCG00000028996,ENSG00000165092
ALDH1A2,ENSSSCG00000025578,ENSG00000128918
ALDH1A3,ENSSSCG00000004822,ENSG00000184254
ALDH1B1,ENSSSCG00000005361,ENSG00000137124
ALDH1L1,ENSSSCG00000030626,ENSG00000144908
ALDH1L2,ENSSSCG00000000839,ENSG00000136010
ALDH2,ENSSSCG00000009889,ENSG00000111275
ALDH3A1,ENSSSCG00000018044,ENSG00000108602
ALDH3A2,ENSSSCG00000018041,ENSG00000072210
ALDH3B1,ENSSSCG00000028501,ENSG00000006534
ALDH4A1,ENSSSCG00000024752,ENSG00000159423
ALDH5A1,ENSSSCG00000001090,ENSG00000112294
ALDH6A1,ENSSSCG00000002357,ENSG00000119711
ALDH7A1,ENSSSCG00000014247,ENSG00000164904
ALDH8A1,ENSSSCG00000028115,ENSG00000118514
ALDH9A1,ENSSSCG00000006324,ENSG00000143149
ALDOA,ENSSSCG00000032556,ENSG00000149925
ALDOB,ENSSSCG00000038300,ENSG00000136872
ALDOC,ENSSSCG00000017759,ENSG00000109107
ALG1,ENSSSCG00000007919,ENSG00000033011
ALG10,ENSSSCG00000026719,ENSG00000139133
ALG11,ENSSSCG00000009381,ENSG00000253710
ALG12,ENSSSCG00000000980,ENSG00000182858
ALG13,ENSSSCG00000012586,ENSG00000101901
ALG14,ENSSSCG00000006885,ENSG00000172339
ALG2,ENSSSCG00000005383,ENSG00000119523
ALG3,ENSSSCG00000021319,ENSG00000214160
ALG5,ENSSSCG00000009360,ENSG00000120697
ALG6,ENSSSCG00000003815,ENSG00000088035
ALG8,ENSSSCG00000014887,ENSG00000159063
ALG9,ENSSSCG00000015023,ENSG00000086848
ALKAL1,ENSSSCG00000033922,ENSG00000196711
ALKAL2,ENSSSCG00000039057,ENSG00000189292
ALKBH1,ENSSSCG00000025906,ENSG00000100601
ALKBH2,ENSSSCG00000009940,ENSG00000189046
ALKBH3,ENSSSCG00000040937,ENSG00000166199
ALKBH4,ENSSSCG00000029300,ENSG00000160993
ALKBH5,ENSSSCG00000035120,ENSG00000091542
ALKBH6,ENSSSCG00000002910,ENSG00000239382
ALKBH7,ENSSSCG00000024254,ENSG00000125652
ALKBH8,ENSSSCG00000024628,ENSG00000137760
ALLC,ENSSSCG00000008650,ENSG00000151360
ALMS1,ENSSSCG00000037977,ENSG00000116127
ALOX12B,ENSSSCG00000017980,ENSG00000179477
ALOX15,ENSSSCG00000017923,ENSG00000161905
ALOX15B,ENSSSCG00000017978,ENSG00000179593
ALOX5,ENSSSCG00000010404,ENSG00000012779
ALOX5AP,ENSSSCG00000009330,ENSG00000132965
ALOXE3,ENSSSCG00000017981,ENSG00000179148
ALPK1,ENSSSCG00000031348,ENSG00000073331
ALPK2,ENSSSCG00000004918,ENSG00000198796
ALPK3,ENSSSCG00000041322,ENSG00000136383
ALPL,ENSSSCG00000032607,ENSG00000162551
ALS2,ENSSSCG00000016109,ENSG00000003393
ALS2CL,ENSSSCG00000021997,ENSG00000178038
ALX1,ENSSSCG00000036744,ENSG00000180318
ALX3,ENSSSCG00000006812,ENSG00000156150
ALX4,ENSSSCG00000040329,ENSG00000052850
ALYREF,ENSSSCG00000032655,ENSG00000183684
AMBN,ENSSSCG00000008937,ENSG00000178522
AMBP,ENSSSCG00000005485,ENSG00000106927
AMBRA1,ENSSSCG00000013262,ENSG00000110497
AMD1,ENSSSCG00000004392,ENSG00000123505
AMDHD1,ENSSSCG00000000893,ENSG00000139344
AMDHD2,ENSSSCG00000008057,ENSG00000162066
AMELX,ENSSSCG00000012113,ENSG00000125363
AMELY,ENSSSCG00000031650,ENSG00000099721
AMER1,ENSSSCG00000012361,ENSG00000184675
AMER2,ENSSSCG00000022678,ENSG00000165566
AMER3,ENSSSCG00000016391,ENSG00000178171
AMFR,ENSSSCG00000002822,ENSG00000159461
AMH,ENSSSCG00000035812,ENSG00000104899
AMHR2,ENSSSCG00000000271,ENSG00000135409
AMIGO1,ENSSSCG00000034883,ENSG00000181754
AMIGO2,ENSSSCG00000000810,ENSG00000139211
AMIGO3,ENSSSCG00000011389,ENSG00000176020
AMMECR1,ENSSSCG00000037591,ENSG00000101935
AMMECR1L,ENSSSCG00000028633,ENSG00000144233
AMN,ENSSSCG00000002524,ENSG00000166126
AMN1,ENSSSCG00000034407,ENSG00000151743
AMOT,ENSSSCG00000012591,ENSG00000126016
AMOTL1,ENSSSCG00000014960,ENSG00000166025
AMOTL2,ENSSSCG00000011643,ENSG00000114019
AMPD1,ENSSSCG00000006754,ENSG00000116748
AMPD2,ENSSSCG00000031125,ENSG00000116337
AMPD3,ENSSSCG00000022492,ENSG00000133805
AMPH,ENSSSCG00000024136,ENSG00000078053
AMT,ENSSSCG00000022975,ENSG00000145020
AMTN,ENSSSCG00000008936,ENSG00000187689
AMZ1,ENSSSCG00000007564,ENSG00000174945
AMZ2,ENSSSCG00000017264,ENSG00000196704
ANAPC1,ENSSSCG00000008105,ENSG00000153107
ANAPC10,ENSSSCG00000033871,ENSG00000164162
ANAPC11,ENSSSCG00000035728,ENSG00000141552
ANAPC13,ENSSSCG00000033057,ENSG00000129055
ANAPC15,ENSSSCG00000014806,ENSG00000110200
ANAPC2,ENSSSCG00000032828,ENSG00000176248
ANAPC4,ENSSSCG00000025902,ENSG00000053900
ANAPC5,ENSSSCG00000009814,ENSG00000089053
ANAPC7,ENSSSCG00000030222,ENSG00000196510
ANGEL1,ENSSSCG00000002390,ENSG00000013523
ANGEL2,ENSSSCG00000015588,ENSG00000174606
ANGPT1,ENSSSCG00000006035,ENSG00000154188
ANGPT2,ENSSSCG00000015753,ENSG00000091879
ANGPT4,ENSSSCG00000007198,ENSG00000101280
ANGPTL1,ENSSSCG00000015522,ENSG00000116194
ANGPTL2,ENSSSCG00000005608,ENSG00000136859
ANGPTL3,ENSSSCG00000003819,ENSG00000132855
ANGPTL4,ENSSSCG00000013599,ENSG00000167772
ANGPTL5,ENSSSCG00000014978,ENSG00000187151
ANGPTL6,ENSSSCG00000013663,ENSG00000130812
ANGPTL7,ENSSSCG00000003414,ENSG00000171819
ANGPTL8,ENSSSCG00000036965,ENSG00000130173
ANK1,ENSSSCG00000007022,ENSG00000029534
ANK2,ENSSSCG00000009125,ENSG00000145362
ANK3,ENSSSCG00000010212,ENSG00000151150
ANKAR,ENSSSCG00000016042,ENSG00000151687
ANKDD1A,ENSSSCG00000004545,ENSG00000166839
ANKDD1B,ENSSSCG00000014083,ENSG00000189045
ANKEF1,ENSSSCG00000007063,ENSG00000132623
ANKFN1,ENSSSCG00000017609,ENSG00000153930
ANKFY1,ENSSSCG00000017877,ENSG00000185722
ANKH,ENSSSCG00000016784,ENSG00000154122
ANKHD1,ENSSSCG00000014364,ENSG00000131503
ANKIB1,ENSSSCG00000015314,ENSG00000001629
ANKLE1,ENSSSCG00000037099,ENSG00000160117
ANKLE2,ENSSSCG00000026781,ENSG00000176915
ANKMY1,ENSSSCG00000016365,ENSG00000144504
ANKMY2,ENSSSCG00000015360,ENSG00000106524
ANKRA2,ENSSSCG00000014070,ENSG00000164331
ANKRD1,ENSSSCG00000010461,ENSG00000148677
ANKRD10,ENSSSCG00000033732,ENSG00000088448
ANKRD11,ENSSSCG00000039541,ENSG00000167522
ANKRD12,ENSSSCG00000003682,ENSG00000101745
ANKRD13A,ENSSSCG00000009924,ENSG00000076513
ANKRD13B,ENSSSCG00000017793,ENSG00000198720
ANKRD13C,ENSSSCG00000003790,ENSG00000118454
ANKRD13D,ENSSSCG00000012917,ENSG00000172932
ANKRD16,ENSSSCG00000028790,ENSG00000134461
ANKRD17,ENSSSCG00000024592,ENSG00000132466
ANKRD2,ENSSSCG00000010522,ENSG00000165887
ANKRD22,ENSSSCG00000010445,ENSG00000152766
ANKRD23,ENSSSCG00000008200,ENSG00000163126
ANKRD24,ENSSSCG00000013497,ENSG00000089847
ANKRD27,ENSSSCG00000002859,ENSG00000105186
ANKRD28,ENSSSCG00000011194,ENSG00000206560
ANKRD29,ENSSSCG00000003708,ENSG00000154065
ANKRD31,ENSSSCG00000014079,ENSG00000145700
ANKRD33,ENSSSCG00000000231,ENSG00000167612
ANKRD33B,ENSSSCG00000039609,ENSG00000164236
ANKRD34A,ENSSSCG00000037823,ENSG00000272031
ANKRD34B,ENSSSCG00000014124,ENSG00000189127
ANKRD34C,ENSSSCG00000032430,ENSG00000235711
ANKRD35,ENSSSCG00000006688,ENSG00000198483
ANKRD37,ENSSSCG00000015798,ENSG00000186352
ANKRD40,ENSSSCG00000038760,ENSG00000154945
ANKRD42,ENSSSCG00000014902,ENSG00000137494
ANKRD44,ENSSSCG00000016074,ENSG00000065413
ANKRD46,ENSSSCG00000006065,ENSG00000186106
ANKRD49,ENSSSCG00000014956,ENSG00000168876
ANKRD50,ENSSSCG00000022173,ENSG00000151458
ANKRD52,ENSSSCG00000000386,ENSG00000139645
ANKRD54,ENSSSCG00000000120,ENSG00000100124
ANKRD55,ENSSSCG00000016917,ENSG00000164512
ANKRD6,ENSSSCG00000004322,ENSG00000135299
ANKRD60,ENSSSCG00000007511,ENSG00000124227
ANKRD61,ENSSSCG00000007593,ENSG00000157999
ANKRD65,ENSSSCG00000003346,ENSG00000235098
ANKRD66,ENSSSCG00000032691,ENSG00000230062
ANKRD7,ENSSSCG00000016623,ENSG00000106013
ANKRD9,ENSSSCG00000039713,ENSG00000156381
ANKS1A,ENSSSCG00000001534,ENSG00000064999
ANKS1B,ENSSSCG00000022083,ENSG00000185046
ANKS3,ENSSSCG00000007939,ENSG00000168096
ANKS4B,ENSSSCG00000007850,ENSG00000175311
ANKS6,ENSSSCG00000005378,ENSG00000165138
ANKUB1,ENSSSCG00000011706,ENSG00000206199
ANKZF1,ENSSSCG00000016212,ENSG00000163516
ANLN,ENSSSCG00000016658,ENSG00000011426
ANO1,ENSSSCG00000024158,ENSG00000131620
ANO10,ENSSSCG00000011296,ENSG00000160746
ANO2,ENSSSCG00000000712,ENSG00000047617
ANO3,ENSSSCG00000013339,ENSG00000134343
ANO5,ENSSSCG00000013344,ENSG00000171714
ANO6,ENSSSCG00000000804,ENSG00000177119
ANO8,ENSSSCG00000039330,ENSG00000074855
ANO9,ENSSSCG00000024569,ENSG00000185101
ANP32A,ENSSSCG00000004963,ENSG00000140350
ANP32E,ENSSSCG00000035209,ENSG00000143401
ANPEP,ENSSSCG00000001849,ENSG00000166825
ANTKMT,ENSSSCG00000008004,ENSG00000103254
ANTXR1,ENSSSCG00000008340,ENSG00000169604
ANTXR2,ENSSSCG00000009256,ENSG00000163297
ANXA1,ENSSSCG00000005267,ENSG00000135046
ANXA10,ENSSSCG00000030058,ENSG00000109511
ANXA11,ENSSSCG00000010331,ENSG00000122359
ANXA13,ENSSSCG00000005979,ENSG00000104537
ANXA2,ENSSSCG00000004578,ENSG00000182718
ANXA4,ENSSSCG00000008336,ENSG00000196975
ANXA5,ENSSSCG00000009097,ENSG00000164111
ANXA6,ENSSSCG00000017089,ENSG00000197043
ANXA7,ENSSSCG00000010299,ENSG00000138279
ANXA8,ENSSSCG00000010370,ENSG00000265190
ANXA9,ENSSSCG00000006643,ENSG00000143412
AOAH,ENSSSCG00000016657,ENSG00000136250
AOC1,ENSSSCG00000016442,ENSG00000002726
AOC2,ENSSSCG00000017384,ENSG00000131480
AOX1,ENSSSCG00000029606,ENSG00000138356
AP1AR,ENSSSCG00000009128,ENSG00000138660
AP1B1,ENSSSCG00000009978,ENSG00000100280
AP1G1,ENSSSCG00000002740,ENSG00000166747
AP1G2,ENSSSCG00000002015,ENSG00000213983
AP1M1,ENSSSCG00000013856,ENSG00000072958
AP1M2,ENSSSCG00000025838,ENSG00000129354
AP1S1,ENSSSCG00000021145,ENSG00000106367
AP1S2,ENSSSCG00000036074,ENSG00000182287
AP1S3,ENSSSCG00000040847,ENSG00000152056
AP2A1,ENSSSCG00000003199,ENSG00000196961
AP2A2,ENSSSCG00000012836,ENSG00000183020
AP2B1,ENSSSCG00000017712,ENSG00000006125
AP2M1,ENSSSCG00000024437,ENSG00000161203
AP2S1,ENSSSCG00000003106,ENSG00000042753
AP3B1,ENSSSCG00000014101,ENSG00000132842
AP3B2,ENSSSCG00000001807,ENSG00000103723
AP3D1,ENSSSCG00000040157,ENSG00000065000
AP3M1,ENSSSCG00000010314,ENSG00000185009
AP3M2,ENSSSCG00000007033,ENSG00000070718
AP3S1,ENSSSCG00000037595,ENSG00000177879
AP3S2,ENSSSCG00000030174,ENSG00000157823
AP4B1,ENSSSCG00000006762,ENSG00000134262
AP4E1,ENSSSCG00000004634,ENSG00000081014
AP4M1,ENSSSCG00000034288,ENSG00000221838
AP4S1,ENSSSCG00000001972,ENSG00000100478
AP5B1,ENSSSCG00000012978,ENSG00000254470
AP5M1,ENSSSCG00000005065,ENSG00000053770
AP5S1,ENSSSCG00000033297,ENSG00000125843
AP5Z1,ENSSSCG00000007577,ENSG00000242802
APAF1,ENSSSCG00000000884,ENSG00000120868
APBA1,ENSSSCG00000005250,ENSG00000107282
APBA2,ENSSSCG00000004849,ENSG00000034053
APBA3,ENSSSCG00000013492,ENSG00000011132
APBB1,ENSSSCG00000014628,ENSG00000166313
APBB1IP,ENSSSCG00000030156,ENSG00000077420
APBB2,ENSSSCG00000022168,ENSG00000163697
APBB3,ENSSSCG00000014366,ENSG00000113108
APC,ENSSSCG00000014207,ENSG00000134982
APC2,ENSSSCG00000023329,ENSG00000115266
APCDD1,ENSSSCG00000039797,ENSG00000154856
APCDD1L,ENSSSCG00000007515,ENSG00000198768
APCS,ENSSSCG00000037268,ENSG00000132703
APEH,ENSSSCG00000011385,ENSG00000164062
APEX1,ENSSSCG00000040060,ENSG00000100823
APEX2,ENSSSCG00000012348,ENSG00000169188
APH1A,ENSSSCG00000028297,ENSG00000117362
APH1B,ENSSSCG00000032949,ENSG00000138613
API5,ENSSSCG00000013285,ENSG00000166181
APIP,ENSSSCG00000013299,ENSG00000149089
APLF,ENSSSCG00000008346,ENSG00000169621
APLN,ENSSSCG00000048443,ENSG00000171388
APLNR,ENSSSCG00000038869,ENSG00000134817
APLP1,ENSSSCG00000002916,ENSG00000105290
APLP2,ENSSSCG00000015244,ENSG00000084234
APMAP,ENSSSCG00000036286,ENSG00000101474
APOA1,ENSSSCG00000030921,ENSG00000118137
APOA2,ENSSSCG00000006355,ENSG00000158874
APOA4,ENSSSCG00000040689,ENSG00000110244
APOB,ENSSSCG00000008595,ENSG00000084674
APOBEC1,ENSSSCG00000000668,ENSG00000111701
APOBEC2,ENSSSCG00000042447,ENSG00000124701
APOBEC4,ENSSSCG00000015561,ENSG00000173627
APOBR,ENSSSCG00000033623,ENSG00000184730
APOC2,ENSSSCG00000003086,ENSG00000234906
APOC3,ENSSSCG00000015069,ENSG00000110245
APOD,ENSSSCG00000011831,ENSG00000189058
APOE,ENSSSCG00000003088,ENSG00000130203
APOF,ENSSSCG00000000398,ENSG00000175336
APOH,ENSSSCG00000040910,ENSG00000091583
APOL6,ENSSSCG00000000151,ENSG00000221963
APOLD1,ENSSSCG00000036787,ENSG00000178878
APOLTP,ENSSSCG00000007899,ENSG00000188897
APOO,ENSSSCG00000012174,ENSG00000184831
APOOL,ENSSSCG00000012459,ENSG00000155008
APP,ENSSSCG00000012022,ENSG00000142192
APPBP2,ENSSSCG00000017678,ENSG00000062725
APPL1,ENSSSCG00000032357,ENSG00000157500
APPL2,ENSSSCG00000000841,ENSG00000136044
APRT,ENSSSCG00000002650,ENSG00000198931
APTX,ENSSSCG00000011001,ENSG00000137074
AQP1,ENSSSCG00000033190,ENSG00000240583
AQP10,ENSSSCG00000006551,ENSG00000143595
AQP11,ENSSSCG00000014880,ENSG00000178301
AQP2,ENSSSCG00000021193,ENSG00000167580
AQP3,ENSSSCG00000040513,ENSG00000165272
AQP4,ENSSSCG00000035965,ENSG00000171885
AQP5,ENSSSCG00000000211,ENSG00000161798
AQP6,ENSSSCG00000000212,ENSG00000086159
AQP7,ENSSSCG00000010992,ENSG00000165269
AQP8,ENSSSCG00000031865,ENSG00000103375
AQP9,ENSSSCG00000004597,ENSG00000103569
AQR,ENSSSCG00000004802,ENSG00000021776
AR,ENSSSCG00000012371,ENSG00000169083
ARAF,ENSSSCG00000012275,ENSG00000078061
ARAP1,ENSSSCG00000014817,ENSG00000186635
ARAP2,ENSSSCG00000008768,ENSG00000047365
ARAP3,ENSSSCG00000014391,ENSG00000120318
ARB2A,ENSSSCG00000027608,ENSG00000113391
ARC,ENSSSCG00000038965,ENSG00000198576
ARCN1,ENSSSCG00000030053,ENSG00000095139
AREG,ENSSSCG00000008963,ENSG00000109321
AREL1,ENSSSCG00000002370,ENSG00000119682
ARF1,ENSSSCG00000013992,ENSG00000143761
ARF4,ENSSSCG00000031791,ENSG00000168374
ARF5,ENSSSCG00000016593,ENSG00000004059
ARF6,ENSSSCG00000005012,ENSG00000165527
ARFGAP1,ENSSSCG00000032235,ENSG00000101199
ARFGAP2,ENSSSCG00000013245,ENSG00000149182
ARFGAP3,ENSSSCG00000000037,ENSG00000242247
ARFGEF1,ENSSSCG00000006201,ENSG00000066777
ARFGEF2,ENSSSCG00000007460,ENSG00000124198
ARFGEF3,ENSSSCG00000022968,ENSG00000112379
ARFIP1,ENSSSCG00000009010,ENSG00000164144
ARFIP2,ENSSSCG00000014625,ENSG00000132254
ARFRP1,ENSSSCG00000035304,ENSG00000101246
ARG1,ENSSSCG00000004195,ENSG00000118520
ARG2,ENSSSCG00000002294,ENSG00000081181
ARGLU1,ENSSSCG00000009536,ENSG00000134884
ARHGAP1,ENSSSCG00000013256,ENSG00000175220
ARHGAP10,ENSSSCG00000009029,ENSG00000071205
ARHGAP11A,ENSSSCG00000004806,ENSG00000198826
ARHGAP12,ENSSSCG00000011026,ENSG00000165322
ARHGAP15,ENSSSCG00000015671,ENSG00000075884
ARHGAP17,ENSSSCG00000031488,ENSG00000140750
ARHGAP18,ENSSSCG00000004205,ENSG00000146376
ARHGAP19,ENSSSCG00000037185,ENSG00000213390
ARHGAP20,ENSSSCG00000015015,ENSG00000137727
ARHGAP21,ENSSSCG00000011074,ENSG00000107863
ARHGAP22,ENSSSCG00000010381,ENSG00000128805
ARHGAP24,ENSSSCG00000009229,ENSG00000138639
ARHGAP25,ENSSSCG00000008344,ENSG00000163219
ARHGAP26,ENSSSCG00000014399,ENSG00000145819
ARHGAP27,ENSSSCG00000017328,ENSG00000159314
ARHGAP28,ENSSSCG00000021612,ENSG00000088756
ARHGAP29,ENSSSCG00000006889,ENSG00000137962
ARHGAP30,ENSSSCG00000006372,ENSG00000186517
ARHGAP31,ENSSSCG00000026224,ENSG00000031081
ARHGAP32,ENSSSCG00000015238,ENSG00000134909
ARHGAP33,ENSSSCG00000039135,ENSG00000004777
ARHGAP35,ENSSSCG00000003107,ENSG00000160007
ARHGAP39,ENSSSCG00000005894,ENSG00000147799
ARHGAP4,ENSSSCG00000012790,ENSG00000089820
ARHGAP42,ENSSSCG00000014976,ENSG00000165895
ARHGAP44,ENSSSCG00000018019,ENSG00000006740
ARHGAP45,ENSSSCG00000027565,ENSG00000180448
ARHGAP5,ENSSSCG00000001966,ENSG00000100852
ARHGAP8,ENSSSCG00000000021,ENSG00000241484
ARHGAP9,ENSSSCG00000000437,ENSG00000123329
ARHGDIA,ENSSSCG00000034058,ENSG00000141522
ARHGDIB,ENSSSCG00000033337,ENSG00000111348
ARHGDIG,ENSSSCG00000038979,ENSG00000242173
ARHGEF1,ENSSSCG00000003040,ENSG00000076928
ARHGEF10,ENSSSCG00000023419,ENSG00000104728
ARHGEF10L,ENSSSCG00000003486,ENSG00000074964
ARHGEF11,ENSSSCG00000006461,ENSG00000132694
ARHGEF12,ENSSSCG00000015129,ENSG00000196914
ARHGEF15,ENSSSCG00000028048,ENSG00000198844
ARHGEF16,ENSSSCG00000024223,ENSG00000130762
ARHGEF18,ENSSSCG00000013568,ENSG00000104880
ARHGEF19,ENSSSCG00000003472,ENSG00000142632
ARHGEF2,ENSSSCG00000006502,ENSG00000116584
ARHGEF25,ENSSSCG00000000435,ENSG00000240771
ARHGEF26,ENSSSCG00000024205,ENSG00000114790
ARHGEF28,ENSSSCG00000028317,ENSG00000214944
ARHGEF3,ENSSSCG00000030359,ENSG00000163947
ARHGEF33,ENSSSCG00000040621,ENSG00000214694
ARHGEF37,ENSSSCG00000014436,ENSG00000183111
ARHGEF38,ENSSSCG00000021764,ENSG00000236699
ARHGEF39,ENSSSCG00000005314,ENSG00000137135
ARHGEF4,ENSSSCG00000035828,ENSG00000136002
ARHGEF40,ENSSSCG00000023857,ENSG00000165801
ARHGEF5,ENSSSCG00000022525,ENSG00000050327
ARHGEF6,ENSSSCG00000030460,ENSG00000129675
ARHGEF7,ENSSSCG00000009551,ENSG00000102606
ARHGEF9,ENSSSCG00000012362,ENSG00000131089
ARID1A,ENSSSCG00000003559,ENSG00000117713
ARID1B,ENSSSCG00000004064,ENSG00000049618
ARID2,ENSSSCG00000030685,ENSG00000189079
ARID3A,ENSSSCG00000037642,ENSG00000116017
ARID3B,ENSSSCG00000001905,ENSG00000179361
ARID3C,ENSSSCG00000010971,ENSG00000205143
ARID4A,ENSSSCG00000005073,ENSG00000032219
ARID5A,ENSSSCG00000008123,ENSG00000196843
ARID5B,ENSSSCG00000010219,ENSG00000150347
ARIH2,ENSSSCG00000011367,ENSG00000177479
ARK2C,ENSSSCG00000004502,ENSG00000141622
ARK2N,ENSSSCG00000004500,ENSG00000152242
ARL1,ENSSSCG00000000870,ENSG00000120805
ARL10,ENSSSCG00000029985,ENSG00000175414
ARL13A,ENSSSCG00000012488,ENSG00000174225
ARL13B,ENSSSCG00000027571,ENSG00000169379
ARL14EP,ENSSSCG00000039889,ENSG00000152219
ARL15,ENSSSCG00000016894,ENSG00000185305
ARL2,ENSSSCG00000034387,ENSG00000213465
ARL2BP,ENSSSCG00000002819,ENSG00000102931
ARL3,ENSSSCG00000031782,ENSG00000138175
ARL4A,ENSSSCG00000032709,ENSG00000122644
ARL4C,ENSSSCG00000034293,ENSG00000188042
ARL4D,ENSSSCG00000017380,ENSG00000175906
ARL5A,ENSSSCG00000031541,ENSG00000162980
ARL5B,ENSSSCG00000031456,ENSG00000165997
ARL6,ENSSSCG00000027278,ENSG00000113966
ARL6IP4,ENSSSCG00000009782,ENSG00000182196
ARL6IP5,ENSSSCG00000033154,ENSG00000144746
ARL6IP6,ENSSSCG00000015868,ENSG00000177917
ARL8A,ENSSSCG00000036967,ENSG00000143862
ARL8B,ENSSSCG00000011535,ENSG00000134108
ARL9,ENSSSCG00000008899,ENSG00000196503
ARLN,ENSSSCG00000031773,ENSG00000164096
ARMC1,ENSSSCG00000006220,ENSG00000104442
ARMC10,ENSSSCG00000028444,ENSG00000170632
ARMC12,ENSSSCG00000001550,ENSG00000157343
ARMC2,ENSSSCG00000004388,ENSG00000118690
ARMC3,ENSSSCG00000011078,ENSG00000165309
ARMC5,ENSSSCG00000025245,ENSG00000140691
ARMC6,ENSSSCG00000049430,ENSG00000105676
ARMC8,ENSSSCG00000036610,ENSG00000114098
ARMC9,ENSSSCG00000023994,ENSG00000135931
ARMCX1,ENSSSCG00000038569,ENSG00000126947
ARMCX2,ENSSSCG00000012510,ENSG00000184867
ARMCX3,ENSSSCG00000040281,ENSG00000102401
ARMCX4,ENSSSCG00000034821,ENSG00000196440
ARMCX5,ENSSSCG00000012518,ENSG00000125962
ARMCX6,ENSSSCG00000012508,ENSG00000198960
ARMH1,ENSSSCG00000033259,ENSG00000198520
ARMH2,ENSSSCG00000001096,ENSG00000260286
ARMH3,ENSSSCG00000010571,ENSG00000120029
ARMH4,ENSSSCG00000005071,ENSG00000139971
ARNT,ENSSSCG00000006646,ENSG00000143437
ARNT2,ENSSSCG00000040288,ENSG00000172379
ARPC1A,ENSSSCG00000007609,ENSG00000241685
ARPC1B,ENSSSCG00000007625,ENSG00000130429
ARPC2,ENSSSCG00000016185,ENSG00000163466
ARPC3,ENSSSCG00000009821,ENSG00000111229
ARPC5,ENSSSCG00000015560,ENSG00000162704
ARPC5L,ENSSSCG00000005596,ENSG00000136950
ARPIN,ENSSSCG00000001850,ENSG00000242498
ARPP21,ENSSSCG00000011238,ENSG00000172995
ARR3,ENSSSCG00000012379,ENSG00000120500
ARRB1,ENSSSCG00000014852,ENSG00000137486
ARRB2,ENSSSCG00000017918,ENSG00000141480
ARRDC1,ENSSSCG00000039824,ENSG00000197070
ARRDC2,ENSSSCG00000013893,ENSG00000105643
ARRDC3,ENSSSCG00000014156,ENSG00000113369
ARRDC4,ENSSSCG00000002252,ENSG00000140450
ARRDC5,ENSSSCG00000037183,ENSG00000205784
ARSA,ENSSSCG00000032428,ENSG00000100299
ARSB,ENSSSCG00000038535,ENSG00000113273
ARSG,ENSSSCG00000017261,ENSG00000141337
ARSI,ENSSSCG00000014448,ENSG00000183876
ARSJ,ENSSSCG00000009122,ENSG00000180801
ARSK,ENSSSCG00000014139,ENSG00000164291
ART1,ENSSSCG00000038255,ENSG00000129744
ART3,ENSSSCG00000008976,ENSG00000156219
ART4,ENSSSCG00000000607,ENSG00000111339
ARTN,ENSSSCG00000034778,ENSG00000117407
ARV1,ENSSSCG00000010179,ENSG00000173409
ARVCF,ENSSSCG00000010133,ENSG00000099889
ARX,ENSSSCG00000020801,ENSG00000004848
AS3MT,ENSSSCG00000010592,ENSG00000214435
ASAH1,ENSSSCG00000006995,ENSG00000104763
ASAH2,ENSSSCG00000010432,ENSG00000188611
ASAP1,ENSSSCG00000028759,ENSG00000153317
ASAP2,ENSSSCG00000008642,ENSG00000151693
ASAP3,ENSSSCG00000028108,ENSG00000088280
ASB1,ENSSSCG00000016340,ENSG00000065802
ASB10,ENSSSCG00000029241,ENSG00000146926
ASB11,ENSSSCG00000012133,ENSG00000165192
ASB12,ENSSSCG00000032889,ENSG00000198881
ASB13,ENSSSCG00000011145,ENSG00000196372
ASB14,ENSSSCG00000035320,ENSG00000239388
ASB15,ENSSSCG00000016606,ENSG00000146809
ASB16,ENSSSCG00000039673,ENSG00000161664
ASB17,ENSSSCG00000031522,ENSG00000154007
ASB18,ENSSSCG00000016318,ENSG00000182177
ASB2,ENSSSCG00000002467,ENSG00000100628
ASB3,ENSSSCG00000008415,ENSG00000115239
ASB4,ENSSSCG00000015333,ENSG00000005981
ASB5,ENSSSCG00000030395,ENSG00000164122
ASB6,ENSSSCG00000005679,ENSG00000148331
ASB7,ENSSSCG00000004821,ENSG00000183475
ASB9,ENSSSCG00000012132,ENSG00000102048
ASCC1,ENSSSCG00000023130,ENSG00000138303
ASCC2,ENSSSCG00000025186,ENSG00000100325
ASCC3,ENSSSCG00000004358,ENSG00000112249
ASCL2,ENSSSCG00000033507,ENSG00000183734
ASCL4,ENSSSCG00000000159,ENSG00000187855
ASCL5,ENSSSCG00000050131,ENSG00000232237
ASF1A,ENSSSCG00000004247,ENSG00000111875
ASF1B,ENSSSCG00000013772,ENSG00000105011
ASGR1,ENSSSCG00000024926,ENSG00000141505
ASGR2,ENSSSCG00000017932,ENSG00000161944
ASH1L,ENSSSCG00000006508,ENSG00000116539
ASH2L,ENSSSCG00000021898,ENSG00000129691
ASIC1,ENSSSCG00000000216,ENSG00000110881
ASIC2,ENSSSCG00000040177,ENSG00000108684
ASIC3,ENSSSCG00000027024,ENSG00000213199
ASIC4,ENSSSCG00000029968,ENSG00000072182
ASL,ENSSSCG00000007738,ENSG00000126522
ASMTL,ENSSSCG00000037174,ENSG00000169093
ASNS,ENSSSCG00000015340,ENSG00000070669
ASNSD1,ENSSSCG00000016041,ENSG00000138381
ASPA,ENSSSCG00000017861,ENSG00000108381
ASPG,ENSSSCG00000039553,ENSG00000166183
ASPH,ENSSSCG00000025087,ENSG00000198363
ASPHD1,ENSSSCG00000040342,ENSG00000174939
ASPHD2,ENSSSCG00000009959,ENSG00000128203
ASPM,ENSSSCG00000010896,ENSG00000066279
ASPN,ENSSSCG00000008072,ENSG00000106819
ASPRV1,ENSSSCG00000033099,ENSG00000244617
ASPSCR1,ENSSSCG00000040727,ENSG00000169696
ASRGL1,ENSSSCG00000013065,ENSG00000162174
ASS1,ENSSSCG00000005701,ENSG00000130707
ASTE1,ENSSSCG00000011182,ENSG00000034533
ASTL,ENSSSCG00000008126,ENSG00000188886
ASTN1,ENSSSCG00000015513,ENSG00000152092
ASTN2,ENSSSCG00000005502,ENSG00000148219
ASXL1,ENSSSCG00000007248,ENSG00000171456
ASXL2,ENSSSCG00000008575,ENSG00000143970
ASXL3,ENSSSCG00000003736,ENSG00000141431
ASZ1,ENSSSCG00000016627,ENSG00000154438
ATAD2,ENSSSCG00000005983,ENSG00000156802
ATAD2B,ENSSSCG00000008591,ENSG00000119778
ATAD5,ENSSSCG00000035954,ENSG00000176208
ATCAY,ENSSSCG00000026754,ENSG00000167654
ATE1,ENSSSCG00000010699,ENSG00000107669
ATF1,ENSSSCG00000016138,ENSG00000123268
ATF2,ENSSSCG00000038076,ENSG00000115966
ATF3,ENSSSCG00000015595,ENSG00000162772
ATF5,ENSSSCG00000003201,ENSG00000169136
ATF6,ENSSSCG00000006346,ENSG00000118217
ATF7,ENSSSCG00000000278,ENSG00000170653
ATF7IP,ENSSSCG00000000612,ENSG00000171681
ATF7IP2,ENSSSCG00000020675,ENSG00000166669
ATG10,ENSSSCG00000025210,ENSG00000152348
ATG101,ENSSSCG00000033687,ENSG00000123395
ATG12,ENSSSCG00000033912,ENSG00000145782
ATG13,ENSSSCG00000013257,ENSG00000175224
ATG14,ENSSSCG00000005058,ENSG00000126775
ATG16L1,ENSSSCG00000016300,ENSG00000085978
ATG16L2,ENSSSCG00000014819,ENSG00000168010
ATG2A,ENSSSCG00000023890,ENSG00000110046
ATG2B,ENSSSCG00000002502,ENSG00000066739
ATG3,ENSSSCG00000011930,ENSG00000144848
ATG4A,ENSSSCG00000012569,ENSG00000101844
ATG4B,ENSSSCG00000032919,ENSG00000168397
ATG4C,ENSSSCG00000003816,ENSG00000125703
ATG4D,ENSSSCG00000013645,ENSG00000130734
ATG5,ENSSSCG00000004370,ENSG00000057663
ATG7,ENSSSCG00000011575,ENSG00000197548
ATG9A,ENSSSCG00000016211,ENSG00000198925
ATG9B,ENSSSCG00000024431,ENSG00000181652
ATIC,ENSSSCG00000016173,ENSG00000138363
ATL1,ENSSSCG00000005020,ENSG00000198513
ATL2,ENSSSCG00000008487,ENSG00000119787
ATL3,ENSSSCG00000013054,ENSG00000184743
ATM,ENSSSCG00000025606,ENSG00000149311
ATMIN,ENSSSCG00000032216,ENSG00000166454
ATN1,ENSSSCG00000025117,ENSG00000111676
ATOH1,ENSSSCG00000009196,ENSG00000172238
ATOH7,ENSSSCG00000021995,ENSG00000179774
ATOH8,ENSSSCG00000008230,ENSG00000168874
ATOSA,ENSSSCG00000004617,ENSG00000047346
ATOSB,ENSSSCG00000005301,ENSG00000005238
ATOX1,ENSSSCG00000026414,ENSG00000177556
ATP10A,ENSSSCG00000004830,ENSG00000206190
ATP10B,ENSSSCG00000021527,ENSG00000118322
ATP10D,ENSSSCG00000008812,ENSG00000145246
ATP11A,ENSSSCG00000037561,ENSG00000068650
ATP11B,ENSSSCG00000011772,ENSG00000058063
ATP11C,ENSSSCG00000012713,ENSG00000101974
ATP12A,ENSSSCG00000022638,ENSG00000075673
ATP13A1,ENSSSCG00000013930,ENSG00000105726
ATP13A2,ENSSSCG00000031082,ENSG00000159363
ATP13A3,ENSSSCG00000011825,ENSG00000133657
ATP13A4,ENSSSCG00000011821,ENSG00000127249
ATP13A5,ENSSSCG00000026260,ENSG00000187527
ATP1A1,ENSSSCG00000006740,ENSG00000163399
ATP1A2,ENSSSCG00000006391,ENSG00000018625
ATP1A3,ENSSSCG00000003045,ENSG00000105409
ATP1B1,ENSSSCG00000006296,ENSG00000143153
ATP1B2,ENSSSCG00000017951,ENSG00000129244
ATP1B3,ENSSSCG00000011676,ENSG00000069849
ATP1B4,ENSSSCG00000012606,ENSG00000101892
ATP2A1,ENSSSCG00000007805,ENSG00000196296
ATP2A2,ENSSSCG00000034386,ENSG00000174437
ATP2A3,ENSSSCG00000017874,ENSG00000074370
ATP2B1,ENSSSCG00000027898,ENSG00000070961
ATP2B2,ENSSSCG00000023084,ENSG00000157087
ATP2B3,ENSSSCG00000012769,ENSG00000067842
ATP2B4,ENSSSCG00000015273,ENSG00000058668
ATP2C1,ENSSSCG00000011183,ENSG00000017260
ATP2C2,ENSSSCG00000002671,ENSG00000064270
ATP4A,ENSSSCG00000002902,ENSG00000105675
ATP4B,ENSSSCG00000009561,ENSG00000186009
ATP5F1A,ENSSSCG00000004499,ENSG00000152234
ATP5F1B,ENSSSCG00000000405,ENSG00000110955
ATP5F1C,ENSSSCG00000034086,ENSG00000165629
ATP5F1D,ENSSSCG00000035532,ENSG00000099624
ATP5IF1,ENSSSCG00000027072,ENSG00000130770
ATP5MC1,ENSSSCG00000017544,ENSG00000159199
ATP5MC3,ENSSSCG00000015973,ENSG00000154518
ATP5ME,ENSSSCG00000023903,ENSG00000169020
ATP5MF,ENSSSCG00000034019,ENSG00000241468
ATP5MJ,ENSSSCG00000045485,ENSG00000156411
ATP5MK,ENSSSCG00000032165,ENSG00000173915
ATP5PB,ENSSSCG00000037772,ENSG00000116459
ATP5PD,ENSSSCG00000032166,ENSG00000167863
ATP5PF,ENSSSCG00000038399,ENSG00000154723
ATP5PO,ENSSSCG00000012042,ENSG00000241837
ATP6AP1,ENSSSCG00000037310,ENSG00000071553
ATP6AP1L,ENSSSCG00000014132,ENSG00000205464
ATP6AP2,ENSSSCG00000012247,ENSG00000182220
ATP6V0A1,ENSSSCG00000017401,ENSG00000033627
ATP6V0A2,ENSSSCG00000009766,ENSG00000185344
ATP6V0A4,ENSSSCG00000016516,ENSG00000105929
ATP6V0B,ENSSSCG00000039267,ENSG00000117410
ATP6V0C,ENSSSCG00000008056,ENSG00000185883
ATP6V0D1,ENSSSCG00000002776,ENSG00000159720
ATP6V0D2,ENSSSCG00000006138,ENSG00000147614
ATP6V0E1,ENSSSCG00000016990,ENSG00000113732
ATP6V1A,ENSSSCG00000011916,ENSG00000114573
ATP6V1B1,ENSSSCG00000008314,ENSG00000116039
ATP6V1B2,ENSSSCG00000028694,ENSG00000147416
ATP6V1C1,ENSSSCG00000006054,ENSG00000155097
ATP6V1C2,ENSSSCG00000008634,ENSG00000143882
ATP6V1D,ENSSSCG00000033278,ENSG00000100554
ATP6V1E2,ENSSSCG00000008441,ENSG00000250565
ATP6V1F,ENSSSCG00000016577,ENSG00000128524
ATP6V1H,ENSSSCG00000006263,ENSG00000047249
ATP7A,ENSSSCG00000012437,ENSG00000165240
ATP7B,ENSSSCG00000033570,ENSG00000123191
ATP8A1,ENSSSCG00000008803,ENSG00000124406
ATP8B1,ENSSSCG00000004921,ENSG00000081923
ATP8B2,ENSSSCG00000006550,ENSG00000143515
ATP8B3,ENSSSCG00000013440,ENSG00000130270
ATP8B4,ENSSSCG00000004646,ENSG00000104043
ATP9A,ENSSSCG00000007478,ENSG00000054793
ATP9B,ENSSSCG00000004857,ENSG00000166377
ATPAF1,ENSSSCG00000038657,ENSG00000123472
ATPAF2,ENSSSCG00000028712,ENSG00000171953
ATPSCKMT,ENSSSCG00000036387,ENSG00000150756
ATR,ENSSSCG00000011679,ENSG00000175054
ATRAID,ENSSSCG00000022058,ENSG00000138085
ATRIP,ENSSSCG00000011359,ENSG00000164053
ATRN,ENSSSCG00000007153,ENSG00000088812
ATRNL1,ENSSSCG00000010654,ENSG00000107518
ATRX,ENSSSCG00000012434,ENSG00000085224
ATXN1,ENSSSCG00000001065,ENSG00000124788
ATXN10,ENSSSCG00000024864,ENSG00000130638
ATXN1L,ENSSSCG00000038917,ENSG00000224470
ATXN2,ENSSSCG00000009834,ENSG00000204842
ATXN2L,ENSSSCG00000021845,ENSG00000168488
ATXN3,ENSSSCG00000002446,ENSG00000066427
ATXN7,ENSSSCG00000011493,ENSG00000163635
ATXN7L1,ENSSSCG00000015432,ENSG00000146776
ATXN7L2,ENSSSCG00000006828,ENSG00000162650
ATXN7L3,ENSSSCG00000017362,ENSG00000087152
AUH,ENSSSCG00000009591,ENSG00000148090
AUNIP,ENSSSCG00000003552,ENSG00000127423
AUP1,ENSSSCG00000008268,ENSG00000115307
AURKA,ENSSSCG00000007493,ENSG00000087586
AURKAIP1,ENSSSCG00000038474,ENSG00000175756
AURKB,ENSSSCG00000028924,ENSG00000178999
AURKC,ENSSSCG00000034174,ENSG00000105146
AUTS2,ENSSSCG00000007727,ENSG00000158321
AVEN,ENSSSCG00000029474,ENSG00000169857
AVIL,ENSSSCG00000029571,ENSG00000135407
AVL9,ENSSSCG00000023445,ENSG00000105778
AVP,ENSSSCG00000007163,ENSG00000101200
AVPI1,ENSSSCG00000036824,ENSG00000119986
AVPR1A,ENSSSCG00000033383,ENSG00000166148
AVPR1B,ENSSSCG00000015639,ENSG00000198049
AVPR2,ENSSSCG00000012789,ENSG00000126895
AWAT2,ENSSSCG00000012384,ENSG00000147160
AXDND1,ENSSSCG00000015528,ENSG00000162779
AXIN1,ENSSSCG00000023204,ENSG00000103126
AXIN2,ENSSSCG00000017265,ENSG00000168646
AXL,ENSSSCG00000038806,ENSG00000167601
AZGP1,ENSSSCG00000007642,ENSG00000160862
AZI2,ENSSSCG00000028258,ENSG00000163512
AZIN1,ENSSSCG00000023873,ENSG00000155096
AZIN2,ENSSSCG00000003619,ENSG00000142920
AZU1,ENSSSCG00000013415,ENSG00000172232
B2M,ENSSSCG00000004687,ENSG00000166710
B3GALNT1,ENSSSCG00000021774,ENSG00000169255
B3GALNT2,ENSSSCG00000033692,ENSG00000162885
B3GALT1,ENSSSCG00000034351,ENSG00000172318
B3GALT2,ENSSSCG00000010800,ENSG00000162630
B3GALT5,ENSSSCG00000038056,ENSG00000183778
B3GALT6,ENSSSCG00000022151,ENSG00000176022
B3GAT1,ENSSSCG00000015259,ENSG00000109956
B3GAT2,ENSSSCG00000026246,ENSG00000112309
B3GAT3,ENSSSCG00000020809,ENSG00000149541
B3GLCT,ENSSSCG00000009335,ENSG00000187676
B3GNT2,ENSSSCG00000008374,ENSG00000170340
B3GNT3,ENSSSCG00000013886,ENSG00000179913
B3GNT4,ENSSSCG00000009798,ENSG00000176383
B3GNT5,ENSSSCG00000024393,ENSG00000176597
B3GNT6,ENSSSCG00000014874,ENSG00000198488
B3GNT7,ENSSSCG00000033015,ENSG00000156966
B3GNT8,ENSSSCG00000032536,ENSG00000177191
B3GNT9,ENSSSCG00000040139,ENSG00000237172
B4GALNT1,ENSSSCG00000000433,ENSG00000135454
B4GALNT2,ENSSSCG00000048918,ENSG00000167080
B4GALNT3,ENSSSCG00000033412,ENSG00000139044
B4GALNT4,ENSSSCG00000033780,ENSG00000182272
B4GALT1,ENSSSCG00000035454,ENSG00000086062
B4GALT2,ENSSSCG00000026793,ENSG00000117411
B4GALT3,ENSSSCG00000006360,ENSG00000158850
B4GALT4,ENSSSCG00000011903,ENSG00000121578
B4GALT5,ENSSSCG00000007465,ENSG00000158470
B4GALT6,ENSSSCG00000025005,ENSG00000118276
B4GALT7,ENSSSCG00000014035,ENSG00000027847
B4GAT1,ENSSSCG00000012940,ENSG00000174684
B9D1,ENSSSCG00000039681,ENSG00000108641
B9D2,ENSSSCG00000003013,ENSG00000123810
BAAT,ENSSSCG00000035245,ENSG00000136881
BABAM1,ENSSSCG00000031073,ENSG00000105393
BABAM2,ENSSSCG00000026465,ENSG00000158019
BACE1,ENSSSCG00000015079,ENSG00000186318
BACE2,ENSSSCG00000012074,ENSG00000182240
BACH1,ENSSSCG00000012029,ENSG00000156273
BACH2,ENSSSCG00000004332,ENSG00000112182
BAD,ENSSSCG00000013033,ENSG00000002330
BAG1,ENSSSCG00000010996,ENSG00000107262
BAG2,ENSSSCG00000033526,ENSG00000112208
BAG3,ENSSSCG00000010686,ENSG00000151929
BAG4,ENSSSCG00000034468,ENSG00000156735
BAG5,ENSSSCG00000037197,ENSG00000166170
BAHCC1,ENSSSCG00000023045,ENSG00000266074
BAHD1,ENSSSCG00000004772,ENSG00000140320
BAIAP2,ENSSSCG00000017142,ENSG00000175866
BAIAP2L1,ENSSSCG00000007602,ENSG00000006453
BAIAP2L2,ENSSSCG00000000111,ENSG00000128298
BAIAP3,ENSSSCG00000008029,ENSG00000007516
BAK1,ENSSSCG00000001516,ENSG00000030110
BAMBI,ENSSSCG00000011014,ENSG00000095739
BANF1,ENSSSCG00000012961,ENSG00000175334
BANK1,ENSSSCG00000022361,ENSG00000153064
BANP,ENSSSCG00000020678,ENSG00000172530
BAP1,ENSSSCG00000011438,ENSG00000163930
BARD1,ENSSSCG00000016170,ENSG00000138376
BARHL1,ENSSSCG00000005730,ENSG00000125492
BARHL2,ENSSSCG00000006914,ENSG00000143032
BARX1,ENSSSCG00000008081,ENSG00000131668
BARX2,ENSSSCG00000036157,ENSG00000043039
BASP1,ENSSSCG00000039222,ENSG00000176788
BATF2,ENSSSCG00000023178,ENSG00000168062
BATF3,ENSSSCG00000026587,ENSG00000123685
BAZ1A,ENSSSCG00000001958,ENSG00000198604
BAZ1B,ENSSSCG00000027342,ENSG00000009954
BAZ2A,ENSSSCG00000000403,ENSG00000076108
BAZ2B,ENSSSCG00000015882,ENSG00000123636
BBC3,ENSSSCG00000003112,ENSG00000105327
BBLN,ENSSSCG00000022295,ENSG00000171159
BBOF1,ENSSSCG00000002356,ENSG00000119636
BBOX1,ENSSSCG00000013337,ENSG00000129151
BBS1,ENSSSCG00000040416,ENSG00000174483
BBS10,ENSSSCG00000000523,ENSG00000179941
BBS12,ENSSSCG00000026290,ENSG00000181004
BBS2,ENSSSCG00000025417,ENSG00000125124
BBS4,ENSSSCG00000001924,ENSG00000140463
BBS5,ENSSSCG00000015931,ENSG00000163093
BBS7,ENSSSCG00000009093,ENSG00000138686
BBS9,ENSSSCG00000024754,ENSG00000122507
BBX,ENSSSCG00000011943,ENSG00000114439
BCAM,ENSSSCG00000020657,ENSG00000187244
BCAN,ENSSSCG00000006477,ENSG00000132692
BCAP29,ENSSSCG00000022869,ENSG00000075790
BCAP31,ENSSSCG00000012772,ENSG00000185825
BCAR1,ENSSSCG00000028878,ENSG00000050820
BCAR3,ENSSSCG00000006893,ENSG00000137936
BCAS1,ENSSSCG00000007485,ENSG00000064787
BCAS3,ENSSSCG00000017676,ENSG00000141376
BCAS4,ENSSSCG00000007472,ENSG00000124243
BCAT1,ENSSSCG00000029163,ENSG00000060982
BCAT2,ENSSSCG00000003139,ENSG00000105552
BCCIP,ENSSSCG00000010743,ENSG00000107949
BCDIN3D,ENSSSCG00000040144,ENSG00000186666
BCHE,ENSSSCG00000033350,ENSG00000114200
BCKDHA,ENSSSCG00000028794,ENSG00000248098
BCKDHB,ENSSSCG00000004465,ENSG00000083123
BCKDK,ENSSSCG00000007763,ENSG00000103507
BCL10,ENSSSCG00000025691,ENSG00000142867
BCL11A,ENSSSCG00000008392,ENSG00000119866
BCL11B,ENSSSCG00000002507,ENSG00000127152
BCL2A1,ENSSSCG00000040010,ENSG00000140379
BCL2L1,ENSSSCG00000035357,ENSG00000171552
BCL2L10,ENSSSCG00000004623,ENSG00000137875
BCL2L12,ENSSSCG00000003177,ENSG00000126453
BCL2L13,ENSSSCG00000040373,ENSG00000099968
BCL2L14,ENSSSCG00000000623,ENSG00000121380
BCL2L15,ENSSSCG00000038970,ENSG00000188761
BCL2L2,ENSSSCG00000002023,ENSG00000129473
BCL3,ENSSSCG00000027426,ENSG00000069399
BCL6,ENSSSCG00000011810,ENSG00000113916
BCL6B,ENSSSCG00000017927,ENSG00000161940
BCL7A,ENSSSCG00000009801,ENSG00000110987
BCL7B,ENSSSCG00000007708,ENSG00000106635
BCL7C,ENSSSCG00000007776,ENSG00000099385
BCL9,ENSSSCG00000006698,ENSG00000116128
BCL9L,ENSSSCG00000015099,ENSG00000186174
BCLAF1,ENSSSCG00000004163,ENSG00000029363
BCLAF3,ENSSSCG00000023334,ENSG00000173681
BCO1,ENSSSCG00000036572,ENSG00000135697
BCO2,ENSSSCG00000015039,ENSG00000197580
BCORL1,ENSSSCG00000012655,ENSG00000085185
BCR,ENSSSCG00000010052,ENSG00000186716
BCS1L,ENSSSCG00000035775,ENSG00000074582
BDH1,ENSSSCG00000024109,ENSG00000161267
BDH2,ENSSSCG00000022282,ENSG00000164039
BDKRB1,ENSSSCG00000002501,ENSG00000100739
BDKRB2,ENSSSCG00000027030,ENSG00000168398
BDNF,ENSSSCG00000013333,ENSG00000176697
BDP1,ENSSSCG00000016968,ENSG00000145734
BEAN1,ENSSSCG00000033191,ENSG00000166546
BECN1,ENSSSCG00000017386,ENSG00000126581
BECN2,ENSSSCG00000010868,ENSG00000196289
BEGAIN,ENSSSCG00000036589,ENSG00000183092
BEND3,ENSSSCG00000031159,ENSG00000178409
BEND4,ENSSSCG00000008802,ENSG00000188848
BEND6,ENSSSCG00000001498,ENSG00000151917
BEND7,ENSSSCG00000032984,ENSG00000165626
BEST1,ENSSSCG00000023090,ENSG00000167995
BEST2,ENSSSCG00000013733,ENSG00000039987
BEST3,ENSSSCG00000000499,ENSG00000127325
BEST4,ENSSSCG00000003929,ENSG00000142959
BET1,ENSSSCG00000036385,ENSG00000105829
BET1L,ENSSSCG00000014556,ENSG00000177951
BEX1,ENSSSCG00000012525,ENSG00000133169
BEX3,ENSSSCG00000012528,ENSG00000166681
BEX4,ENSSSCG00000022635,ENSG00000102409
BEX5,ENSSSCG00000012514,ENSG00000184515
BFAR,ENSSSCG00000037673,ENSG00000103429
BFSP1,ENSSSCG00000007084,ENSG00000125864
BFSP2,ENSSSCG00000011636,ENSG00000170819
BGN,ENSSSCG00000012766,ENSG00000182492
BHLHA15,ENSSSCG00000038489,ENSG00000180535
BHLHA9,ENSSSCG00000017802,ENSG00000205899
BHLHE40,ENSSSCG00000036136,ENSG00000134107
BHLHE41,ENSSSCG00000028552,ENSG00000123095
BHMT,ENSSSCG00000014108,ENSG00000145692
BICC1,ENSSSCG00000010204,ENSG00000122870
BICD1,ENSSSCG00000000531,ENSG00000151746
BICD2,ENSSSCG00000027166,ENSG00000185963
BICDL1,ENSSSCG00000009896,ENSG00000135127
BICDL2,ENSSSCG00000020895,ENSG00000162069
BICRA,ENSSSCG00000022302,ENSG00000063169
BICRAL,ENSSSCG00000001646,ENSG00000112624
BID,ENSSSCG00000000769,ENSG00000015475
BIN1,ENSSSCG00000015720,ENSG00000136717
BIN2,ENSSSCG00000000223,ENSG00000110934
BIN3,ENSSSCG00000009629,ENSG00000147439
BIRC3,ENSSSCG00000027529,ENSG00000023445
BIRC5,ENSSSCG00000040486,ENSG00000089685
BIRC6,ENSSSCG00000008513,ENSG00000115760
BIVM,ENSSSCG00000009534,ENSG00000134897
BLK,ENSSSCG00000027568,ENSG00000136573
BLM,ENSSSCG00000001816,ENSG00000197299
BLMH,ENSSSCG00000017796,ENSG00000108578
BLNK,ENSSSCG00000010504,ENSG00000095585
BLOC1S1,ENSSSCG00000000359,ENSG00000135441
BLOC1S2,ENSSSCG00000010551,ENSG00000196072
BLOC1S3,ENSSSCG00000035302,ENSG00000189114
BLOC1S5,ENSSSCG00000040593,ENSG00000188428
BLOC1S6,ENSSSCG00000037384,ENSG00000104164
BLTP1,ENSSSCG00000009090,ENSG00000138688
BLTP3A,ENSSSCG00000001532,ENSG00000065060
BLTP3B,ENSSSCG00000026697,ENSG00000111647
BLVRA,ENSSSCG00000016756,ENSG00000106605
BLVRB,ENSSSCG00000021067,ENSG00000090013
BLZF1,ENSSSCG00000022396,ENSG00000117475
BMERB1,ENSSSCG00000032956,ENSG00000166780
BMF,ENSSSCG00000035284,ENSG00000104081
BMI1,ENSSSCG00000011081,ENSG00000168283
BMP1,ENSSSCG00000009620,ENSG00000168487
BMP10,ENSSSCG00000032071,ENSG00000163217
BMP15,ENSSSCG00000012310,ENSG00000130385
BMP2,ENSSSCG00000039442,ENSG00000125845
BMP2K,ENSSSCG00000027722,ENSG00000138756
BMP3,ENSSSCG00000029061,ENSG00000152785
BMP4,ENSSSCG00000005045,ENSG00000125378
BMP5,ENSSSCG00000001478,ENSG00000112175
BMP6,ENSSSCG00000001027,ENSG00000153162
BMP7,ENSSSCG00000007501,ENSG00000101144
BMP8A,ENSSSCG00000032082,ENSG00000183682
BMP8B,ENSSSCG00000037514,ENSG00000116985
BMPER,ENSSSCG00000016665,ENSG00000164619
BMPR1A,ENSSSCG00000010360,ENSG00000107779
BMPR1B,ENSSSCG00000029621,ENSG00000138696
BMPR2,ENSSSCG00000016113,ENSG00000204217
BMS1,ENSSSCG00000010198,ENSG00000165733
BMX,ENSSSCG00000012137,ENSG00000102010
BNC1,ENSSSCG00000001798,ENSG00000169594
BNC2,ENSSSCG00000005180,ENSG00000173068
BNIP1,ENSSSCG00000016985,ENSG00000113734
BNIP2,ENSSSCG00000004582,ENSG00000140299
BNIP3,ENSSSCG00000024388,ENSG00000176171
BNIP3L,ENSSSCG00000009658,ENSG00000104765
BNIP5,ENSSSCG00000001560,ENSG00000189325
BNIPL,ENSSSCG00000006640,ENSG00000163141
BOC,ENSSSCG00000025826,ENSG00000144857
BOD1,ENSSSCG00000016982,ENSG00000145919
BOD1L1,ENSSSCG00000008735,ENSG00000038219
BOK,ENSSSCG00000032684,ENSG00000176720
BOLA1,ENSSSCG00000006667,ENSG00000178096
BOLA2B,ENSSSCG00000033744,ENSG00000169627
BOLA3,ENSSSCG00000040854,ENSG00000163170
BOLL,ENSSSCG00000016082,ENSG00000152430
BOP1,ENSSSCG00000005920,ENSG00000261236
BORA,ENSSSCG00000025120,ENSG00000136122
BORCS5,ENSSSCG00000032804,ENSG00000165714
BORCS6,ENSSSCG00000028788,ENSG00000196544
BORCS7,ENSSSCG00000038633,ENSG00000166275
BORCS8,ENSSSCG00000044084,ENSG00000254901
BPGM,ENSSSCG00000039425,ENSG00000172331
BPHL,ENSSSCG00000001008,ENSG00000137274
BPI,ENSSSCG00000026605,ENSG00000101425
BPIFA1,ENSSSCG00000007260,ENSG00000198183
BPIFA2,ENSSSCG00000007259,ENSG00000131050
BPIFA3,ENSSSCG00000024787,ENSG00000131059
BPIFB1,ENSSSCG00000007261,ENSG00000125999
BPIFB2,ENSSSCG00000029714,ENSG00000078898
BPIFB3,ENSSSCG00000026137,ENSG00000186190
BPIFB4,ENSSSCG00000029295,ENSG00000186191
BPIFB6,ENSSSCG00000025052,ENSG00000167104
BPIFC,ENSSSCG00000000157,ENSG00000184459
BPNT1,ENSSSCG00000010822,ENSG00000162813
BPNT2,ENSSSCG00000032846,ENSG00000104331
BPTF,ENSSSCG00000033528,ENSG00000171634
BRAF,ENSSSCG00000016494,ENSG00000157764
BRAP,ENSSSCG00000040595,ENSG00000089234
BRAT1,ENSSSCG00000007563,ENSG00000106009
BRCA1,ENSSSCG00000022101,ENSG00000012048
BRCA2,ENSSSCG00000029039,ENSG00000139618
BRCC3,ENSSSCG00000012813,ENSG00000185515
BRD1,ENSSSCG00000032820,ENSG00000100425
BRD10,ENSSSCG00000005205,ENSG00000183354
BRD3,ENSSSCG00000005749,ENSG00000169925
BRD4,ENSSSCG00000022227,ENSG00000141867
BRD7,ENSSSCG00000021644,ENSG00000166164
BRD8,ENSSSCG00000014327,ENSG00000112983
BRD9,ENSSSCG00000035118,ENSG00000028310
BRDT,ENSSSCG00000023654,ENSG00000137948
BRF1,ENSSSCG00000031710,ENSG00000185024
BRF2,ENSSSCG00000040833,ENSG00000104221
BRI3,ENSSSCG00000037605,ENSG00000164713
BRICD5,ENSSSCG00000008045,ENSG00000182685
BRINP1,ENSSSCG00000005504,ENSG00000078725
BRINP2,ENSSSCG00000015515,ENSG00000198797
BRINP3,ENSSSCG00000010809,ENSG00000162670
BRIP1,ENSSSCG00000021384,ENSG00000136492
BRIX1,ENSSSCG00000016827,ENSG00000113460
BRK1,ENSSSCG00000011565,ENSG00000254999
BRME1,ENSSSCG00000013760,ENSG00000132016
BRMS1,ENSSSCG00000012939,ENSG00000174744
BRMS1L,ENSSSCG00000001947,ENSG00000100916
BROX,ENSSSCG00000010836,ENSG00000162819
BRPF1,ENSSSCG00000011548,ENSG00000156983
BRPF3,ENSSSCG00000020803,ENSG00000096070
BRSK1,ENSSSCG00000032656,ENSG00000160469
BRSK2,ENSSSCG00000037337,ENSG00000174672
BRWD1,ENSSSCG00000021042,ENSG00000185658
BRWD3,ENSSSCG00000025156,ENSG00000165288
BSCL2,ENSSSCG00000020823,ENSG00000168000
BSDC1,ENSSSCG00000026392,ENSG00000160058
BSG,ENSSSCG00000027907,ENSG00000172270
BSN,ENSSSCG00000011384,ENSG00000164061
BSND,ENSSSCG00000020989,ENSG00000162399
BSPH1,ENSSSCG00000003123,ENSG00000188334
BSPRY,ENSSSCG00000021173,ENSG00000119411
BST1,ENSSSCG00000028359,ENSG00000109743
BST2,ENSSSCG00000033453,ENSG00000130303
BSX,ENSSSCG00000015139,ENSG00000188909
BTAF1,ENSSSCG00000010467,ENSG00000095564
BTBD1,ENSSSCG00000001801,ENSG00000064726
BTBD10,ENSSSCG00000013395,ENSG00000148925
BTBD16,ENSSSCG00000010701,ENSG00000138152
BTBD18,ENSSSCG00000013175,ENSG00000233436
BTBD19,ENSSSCG00000003926,ENSG00000222009
BTBD2,ENSSSCG00000013444,ENSG00000133243
BTBD3,ENSSSCG00000020853,ENSG00000132640
BTBD6,ENSSSCG00000035555,ENSG00000184887
BTBD7,ENSSSCG00000002461,ENSG00000011114
BTBD9,ENSSSCG00000037507,ENSG00000183826
BTC,ENSSSCG00000008965,ENSG00000174808
BTD,ENSSSCG00000011193,ENSG00000169814
BTF3,ENSSSCG00000014071,ENSG00000145741
BTF3L4,ENSSSCG00000038762,ENSG00000134717
BTG1,ENSSSCG00000035790,ENSG00000133639
BTG3,ENSSSCG00000012014,ENSG00000154640
BTG4,ENSSSCG00000015020,ENSG00000137707
BTK,ENSSSCG00000026742,ENSG00000010671
BTN1A1,ENSSSCG00000001132,ENSG00000124557
BTNL9,ENSSSCG00000028567,ENSG00000165810
BTRC,ENSSSCG00000010563,ENSG00000166167
BUB1,ENSSSCG00000030469,ENSG00000169679
BUB1B,ENSSSCG00000004782,ENSG00000156970
BUB3,ENSSSCG00000010726,ENSG00000154473
BUD13,ENSSSCG00000015065,ENSG00000137656
BUD23,ENSSSCG00000007713,ENSG00000071462
BUD31,ENSSSCG00000007623,ENSG00000106245
BYSL,ENSSSCG00000026752,ENSG00000112578
BZW1,ENSSSCG00000016094,ENSG00000082153
BZW2,ENSSSCG00000023118,ENSG00000136261
C11orf42,ENSSSCG00000014634,ENSG00000180878
C11orf52,ENSSSCG00000015035,ENSG00000149300
C11orf65,ENSSSCG00000015008,ENSG00000166323
C11orf71,ENSSSCG00000036867,ENSG00000180425
C11orf87,ENSSSCG00000036943,ENSG00000185742
C14orf132,ENSSSCG00000033807,ENSG00000227051
C15orf62,ENSSSCG00000032022,ENSG00000188277
C16orf90,ENSSSCG00000007957,ENSG00000215131
C17orf113,ENSSSCG00000017417,ENSG00000267221
C18orf32,ENSSSCG00000034415,ENSG00000177576
C1D,ENSSSCG00000039331,ENSG00000197223
C1QA,ENSSSCG00000003524,ENSG00000173372
C1QB,ENSSSCG00000033512,ENSG00000173369
C1QBP,ENSSSCG00000035048,ENSG00000108561
C1QC,ENSSSCG00000038706,ENSG00000159189
C1QL1,ENSSSCG00000039101,ENSG00000131094
C1QL2,ENSSSCG00000015717,ENSG00000144119
C1QL3,ENSSSCG00000011043,ENSG00000165985
C1QL4,ENSSSCG00000000197,ENSG00000186897
C1QTNF1,ENSSSCG00000035511,ENSG00000173918
C1QTNF12,ENSSSCG00000003333,ENSG00000184163
C1QTNF2,ENSSSCG00000035993,ENSG00000145861
C1QTNF3,ENSSSCG00000016823,ENSG00000082196
C1QTNF4,ENSSSCG00000013231,ENSG00000172247
C1QTNF7,ENSSSCG00000008737,ENSG00000163145
C1QTNF8,ENSSSCG00000032400,ENSG00000184471
C1RL,ENSSSCG00000033913,ENSG00000139178
C1orf141,ENSSSCG00000003803,ENSG00000203963
C1orf185,ENSSSCG00000031188,ENSG00000204006
C1orf52,ENSSSCG00000026772,ENSG00000162642
C1orf74,ENSSSCG00000015613,ENSG00000162757
C20orf202,ENSSSCG00000007192,ENSG00000215595
C22orf31,ENSSSCG00000025404,ENSG00000100249
C2CD2,ENSSSCG00000025821,ENSG00000157617
C2CD2L,ENSSSCG00000015111,ENSG00000172375
C2CD3,ENSSSCG00000014835,ENSG00000168014
C2CD4B,ENSSSCG00000004572,ENSG00000205502
C2CD4D,ENSSSCG00000021540,ENSG00000225556
C2CD5,ENSSSCG00000000570,ENSG00000111731
C2orf69,ENSSSCG00000016086,ENSG00000178074
C3,ENSSSCG00000013551,ENSG00000125730
C3AR1,ENSSSCG00000023868,ENSG00000171860
C4BPB,ENSSSCG00000015661,ENSG00000123843
C4orf36,ENSSSCG00000032190,ENSG00000163633
C4orf46,ENSSSCG00000028492,ENSG00000205208
C4orf51,ENSSSCG00000042317,ENSG00000237136
C5,ENSSSCG00000005512,ENSG00000106804
C5AR2,ENSSSCG00000003113,ENSG00000134830
C5orf58,ENSSSCG00000051265,ENSG00000234511
C6,ENSSSCG00000016861,ENSG00000039537
C7,ENSSSCG00000016859,ENSG00000112936
C8A,ENSSSCG00000003835,ENSG00000157131
C8B,ENSSSCG00000003834,ENSG00000021852
C8G,ENSSSCG00000005840,ENSG00000176919
C8orf58,ENSSSCG00000009627,ENSG00000241852
C9,ENSSSCG00000016856,ENSG00000113600
C9orf72,ENSSSCG00000011010,ENSG00000147894
CA1,ENSSSCG00000040770,ENSG00000133742
CA10,ENSSSCG00000023169,ENSG00000154975
CA11,ENSSSCG00000003147,ENSG00000063180
CA12,ENSSSCG00000004565,ENSG00000074410
CA13,ENSSSCG00000006143,ENSG00000185015
CA14,ENSSSCG00000027875,ENSG00000118298
CA2,ENSSSCG00000006140,ENSG00000104267
CA3,ENSSSCG00000006141,ENSG00000164879
CA4,ENSSSCG00000023186,ENSG00000167434
CA5A,ENSSSCG00000035629,ENSG00000174990
CA6,ENSSSCG00000003391,ENSG00000131686
CA7,ENSSSCG00000038785,ENSG00000168748
CA8,ENSSSCG00000006233,ENSG00000178538
CAB39,ENSSSCG00000016266,ENSG00000135932
CAB39L,ENSSSCG00000009397,ENSG00000102547
CABCOCO1,ENSSSCG00000033268,ENSG00000183346
CABIN1,ENSSSCG00000010062,ENSG00000099991
CABLES1,ENSSSCG00000003705,ENSG00000134508
CABLES2,ENSSSCG00000007540,ENSG00000149679
CABP2,ENSSSCG00000020764,ENSG00000167791
CABP4,ENSSSCG00000012906,ENSG00000175544
CABP5,ENSSSCG00000003126,ENSG00000105507
CABP7,ENSSSCG00000025869,ENSG00000100314
CABS1,ENSSSCG00000039238,ENSG00000145309
CABYR,ENSSSCG00000003711,ENSG00000154040
CACFD1,ENSSSCG00000040709,ENSG00000160325
CACHD1,ENSSSCG00000004829,ENSG00000158966
CACNA1A,ENSSSCG00000013754,ENSG00000141837
CACNA1B,ENSSSCG00000033493,ENSG00000148408
CACNA1C,ENSSSCG00000041764,ENSG00000151067
CACNA1D,ENSSSCG00000011455,ENSG00000157388
CACNA1E,ENSSSCG00000015543,ENSG00000198216
CACNA1F,ENSSSCG00000012298,ENSG00000102001
CACNA1G,ENSSSCG00000017562,ENSG00000006283
CACNA1H,ENSSSCG00000034266,ENSG00000196557
CACNA1I,ENSSSCG00000000082,ENSG00000100346
CACNA1S,ENSSSCG00000024784,ENSG00000081248
CACNA2D1,ENSSSCG00000015402,ENSG00000153956
CACNA2D2,ENSSSCG00000011412,ENSG00000007402
CACNA2D3,ENSSSCG00000027019,ENSG00000157445
CACNA2D4,ENSSSCG00000026537,ENSG00000151062
CACNB1,ENSSSCG00000017510,ENSG00000067191
CACNB2,ENSSSCG00000011040,ENSG00000165995
CACNB3,ENSSSCG00000032967,ENSG00000167535
CACNB4,ENSSSCG00000029073,ENSG00000182389
CACNG1,ENSSSCG00000017271,ENSG00000108878
CACNG2,ENSSSCG00000033551,ENSG00000166862
CACNG3,ENSSSCG00000036255,ENSG00000006116
CACNG4,ENSSSCG00000037202,ENSG00000075461
CACNG5,ENSSSCG00000036461,ENSG00000075429
CACNG6,ENSSSCG00000003257,ENSG00000130433
CACNG7,ENSSSCG00000025532,ENSG00000105605
CACNG8,ENSSSCG00000003255,ENSG00000142408
CACTIN,ENSSSCG00000032085,ENSG00000105298
CACUL1,ENSSSCG00000038222,ENSG00000151893
CACYBP,ENSSSCG00000015504,ENSG00000116161
CAD,ENSSSCG00000028978,ENSG00000084774
CADM1,ENSSSCG00000031831,ENSG00000182985
CADM2,ENSSSCG00000011999,ENSG00000175161
CADM3,ENSSSCG00000006415,ENSG00000162706
CADM4,ENSSSCG00000003061,ENSG00000105767
CADPS,ENSSSCG00000011489,ENSG00000163618
CADPS2,ENSSSCG00000016611,ENSG00000081803
CAGE1,ENSSSCG00000038886,ENSG00000164304
CALB1,ENSSSCG00000006125,ENSG00000104327
CALB2,ENSSSCG00000002730,ENSG00000172137
CALCOCO1,ENSSSCG00000028481,ENSG00000012822
CALCOCO2,ENSSSCG00000017543,ENSG00000136436
CALCR,ENSSSCG00000015320,ENSG00000004948
CALCRL,ENSSSCG00000016031,ENSG00000064989
CALD1,ENSSSCG00000016535,ENSG00000122786
CALHM3,ENSSSCG00000034671,ENSG00000183128
CALHM4,ENSSSCG00000004445,ENSG00000164451
CALHM5,ENSSSCG00000031898,ENSG00000178033
CALHM6,ENSSSCG00000036064,ENSG00000188820
CALM1,ENSSSCG00000025768,ENSG00000198668
CALM2,ENSSSCG00000008433,ENSG00000143933
CALM3,ENSSSCG00000022545,ENSG00000160014
CALML4,ENSSSCG00000026517,ENSG00000129007
CALML5,ENSSSCG00000011141,ENSG00000178372
CALR,ENSSSCG00000013746,ENSG00000179218
CALR3,ENSSSCG00000013858,ENSG00000269058
CALU,ENSSSCG00000016581,ENSG00000128595
CALY,ENSSSCG00000034701,ENSG00000130643
CAMK1,ENSSSCG00000011550,ENSG00000134072
CAMK1D,ENSSSCG00000011111,ENSG00000183049
CAMK1G,ENSSSCG00000015619,ENSG00000008118
CAMK2A,ENSSSCG00000014443,ENSG00000070808
CAMK2B,ENSSSCG00000039535,ENSG00000058404
CAMK2D,ENSSSCG00000009123,ENSG00000145349
CAMK2G,ENSSSCG00000010311,ENSG00000148660
CAMK2N1,ENSSSCG00000024009,ENSG00000162545
CAMK4,ENSSSCG00000037019,ENSG00000152495
CAMKK1,ENSSSCG00000017873,ENSG00000004660
CAMKK2,ENSSSCG00000009815,ENSG00000110931
CAMKMT,ENSSSCG00000008447,ENSG00000143919
CAMKV,ENSSSCG00000025416,ENSG00000164076
CAMLG,ENSSSCG00000038955,ENSG00000164615
CAMSAP1,ENSSSCG00000005753,ENSG00000130559
CAMSAP2,ENSSSCG00000027314,ENSG00000118200
CAMSAP3,ENSSSCG00000013583,ENSG00000076826
CAMTA1,ENSSSCG00000036772,ENSG00000171735
CAMTA2,ENSSSCG00000017902,ENSG00000108509
CAND1,ENSSSCG00000028869,ENSG00000111530
CAND2,ENSSSCG00000011582,ENSG00000144712
CANT1,ENSSSCG00000038130,ENSG00000171302
CANX,ENSSSCG00000014020,ENSG00000127022
CAP1,ENSSSCG00000003672,ENSG00000131236
CAP2,ENSSSCG00000001068,ENSG00000112186
CAPG,ENSSSCG00000008239,ENSG00000042493
CAPN1,ENSSSCG00000012999,ENSG00000014216
CAPN10,ENSSSCG00000037779,ENSG00000142330
CAPN11,ENSSSCG00000001698,ENSG00000137225
CAPN12,ENSSSCG00000002967,ENSG00000182472
CAPN13,ENSSSCG00000020986,ENSG00000162949
CAPN14,ENSSSCG00000024781,ENSG00000214711
CAPN15,ENSSSCG00000007993,ENSG00000103326
CAPN2,ENSSSCG00000029411,ENSG00000162909
CAPN3,ENSSSCG00000004728,ENSG00000092529
CAPN5,ENSSSCG00000014875,ENSG00000149260
CAPN6,ENSSSCG00000012584,ENSG00000077274
CAPN7,ENSSSCG00000030697,ENSG00000131375
CAPN8,ENSSSCG00000034746,ENSG00000203697
CAPN9,ENSSSCG00000010182,ENSG00000135773
CAPNS1,ENSSSCG00000030149,ENSG00000126247
CAPRIN1,ENSSSCG00000013305,ENSG00000135387
CAPRIN2,ENSSSCG00000022611,ENSG00000110888
CAPS,ENSSSCG00000013532,ENSG00000105519
CAPS2,ENSSSCG00000000517,ENSG00000180881
CAPSL,ENSSSCG00000031959,ENSG00000152611
CAPZA1,ENSSSCG00000006775,ENSG00000116489
CAPZA2,ENSSSCG00000028113,ENSG00000198898
CAPZA3,ENSSSCG00000000589,ENSG00000177938
CAPZB,ENSSSCG00000003493,ENSG00000077549
CARD10,ENSSSCG00000025260,ENSG00000100065
CARD11,ENSSSCG00000034390,ENSG00000198286
CARD14,ENSSSCG00000017154,ENSG00000141527
CARD19,ENSSSCG00000008077,ENSG00000165233
CARD9,ENSSSCG00000031715,ENSG00000187796
CARF,ENSSSCG00000016117,ENSG00000138380
CARHSP1,ENSSSCG00000026710,ENSG00000153048
CARM1,ENSSSCG00000013633,ENSG00000142453
CARMIL1,ENSSSCG00000001100,ENSG00000079691
CARMIL2,ENSSSCG00000022722,ENSG00000159753
CARMIL3,ENSSSCG00000002012,ENSG00000186648
CARNMT1,ENSSSCG00000005271,ENSG00000156017
CARNS1,ENSSSCG00000012911,ENSG00000172508
CARS1,ENSSSCG00000012857,ENSG00000110619
CARS2,ENSSSCG00000031757,ENSG00000134905
CARTPT,ENSSSCG00000016972,ENSG00000164326
CASC3,ENSSSCG00000017477,ENSG00000108349
CASD1,ENSSSCG00000015327,ENSG00000127995
CASK,ENSSSCG00000012253,ENSG00000147044
CASKIN1,ENSSSCG00000033059,ENSG00000167971
CASKIN2,ENSSSCG00000040578,ENSG00000177303
CASP1,ENSSSCG00000028711,ENSG00000137752
CASP10,ENSSSCG00000026940,ENSG00000003400
CASP14,ENSSSCG00000013835,ENSG00000105141
CASP2,ENSSSCG00000016464,ENSG00000106144
CASP3,ENSSSCG00000034012,ENSG00000164305
CASP6,ENSSSCG00000009140,ENSG00000138794
CASP7,ENSSSCG00000032408,ENSG00000165806
CASP8,ENSSSCG00000028157,ENSG00000064012
CASP9,ENSSSCG00000003460,ENSG00000132906
CASQ1,ENSSSCG00000006390,ENSG00000143318
CASR,ENSSSCG00000011878,ENSG00000036828
CASS4,ENSSSCG00000007495,ENSG00000087589
CAST,ENSSSCG00000014170,ENSG00000153113
CASTOR1,ENSSSCG00000009998,ENSG00000239282
CASZ1,ENSSSCG00000003407,ENSG00000130940
CAT,ENSSSCG00000013302,ENSG00000121691
CATIP,ENSSSCG00000016187,ENSG00000158428
CATSPER1,ENSSSCG00000012959,ENSG00000175294
CATSPER2,ENSSSCG00000004701,ENSG00000166762
CATSPER3,ENSSSCG00000028294,ENSG00000152705
CATSPER4,ENSSSCG00000026526,ENSG00000188782
CATSPERB,ENSSSCG00000002442,ENSG00000133962
CATSPERD,ENSSSCG00000013527,ENSG00000174898
CATSPERE,ENSSSCG00000035850,ENSG00000179397
CATSPERG,ENSSSCG00000002955,ENSG00000099338
CATSPERT,ENSSSCG00000016107,ENSG00000155754
CATSPERZ,ENSSSCG00000013027,ENSG00000219435
CAV1,ENSSSCG00000016634,ENSG00000105974
CAV2,ENSSSCG00000016635,ENSG00000105971
CAVIN1,ENSSSCG00000035446,ENSG00000177469
CAVIN2,ENSSSCG00000026618,ENSG00000168497
CAVIN3,ENSSSCG00000014633,ENSG00000170955
CAVIN4,ENSSSCG00000037954,ENSG00000170681
CBARP,ENSSSCG00000034339,ENSG00000099625
CBFA2T2,ENSSSCG00000027410,ENSG00000078699
CBFA2T3,ENSSSCG00000002648,ENSG00000129993
CBFB,ENSSSCG00000033811,ENSG00000067955
CBL,ENSSSCG00000015115,ENSG00000110395
CBLB,ENSSSCG00000022486,ENSG00000114423
CBLC,ENSSSCG00000003083,ENSG00000142273
CBLIF,ENSSSCG00000013117,ENSG00000134812
CBLL1,ENSSSCG00000028585,ENSG00000105879
CBLN1,ENSSSCG00000040652,ENSG00000102924
CBLN2,ENSSSCG00000020859,ENSG00000141668
CBLN3,ENSSSCG00000001985,ENSG00000139899
CBLN4,ENSSSCG00000007490,ENSG00000054803
CBR1,ENSSSCG00000031111,ENSG00000159228
CBR3,ENSSSCG00000012053,ENSG00000159231
CBR4,ENSSSCG00000009717,ENSG00000145439
CBS,ENSSSCG00000040779,ENSG00000160200
CBX1,ENSSSCG00000017529,ENSG00000108468
CBX2,ENSSSCG00000024261,ENSG00000173894
CBX3,ENSSSCG00000016711,ENSG00000122565
CBX4,ENSSSCG00000017160,ENSG00000141582
CBX5,ENSSSCG00000039191,ENSG00000094916
CBX6,ENSSSCG00000040334,ENSG00000183741
CBX8,ENSSSCG00000034146,ENSG00000141570
CBY1,ENSSSCG00000043051,ENSG00000100211
CBY2,ENSSSCG00000009417,ENSG00000174015
CC2D1A,ENSSSCG00000013761,ENSG00000132024
CC2D1B,ENSSSCG00000003862,ENSG00000154222
CC2D2A,ENSSSCG00000008738,ENSG00000048342
CC2D2B,ENSSSCG00000046471,ENSG00000188649
CCAR1,ENSSSCG00000010243,ENSG00000060339
CCAR2,ENSSSCG00000009628,ENSG00000158941
CCBE1,ENSSSCG00000004907,ENSG00000183287
CCDC102A,ENSSSCG00000028723,ENSG00000135736
CCDC102B,ENSSSCG00000032084,ENSG00000150636
CCDC106,ENSSSCG00000035081,ENSG00000173581
CCDC107,ENSSSCG00000005313,ENSG00000159884
CCDC110,ENSSSCG00000015795,ENSG00000168491
CCDC112,ENSSSCG00000029866,ENSG00000164221
CCDC116,ENSSSCG00000010086,ENSG00000161180
CCDC117,ENSSSCG00000032261,ENSG00000159873
CCDC12,ENSSSCG00000011329,ENSG00000160799
CCDC120,ENSSSCG00000012288,ENSG00000147144
CCDC121,ENSSSCG00000039695,ENSG00000176714
CCDC122,ENSSSCG00000009426,ENSG00000151773
CCDC124,ENSSSCG00000013891,ENSG00000007080
CCDC125,ENSSSCG00000016963,ENSG00000183323
CCDC126,ENSSSCG00000029174,ENSG00000169193
CCDC127,ENSSSCG00000036783,ENSG00000164366
CCDC13,ENSSSCG00000050245,ENSG00000244607
CCDC134,ENSSSCG00000035565,ENSG00000100147
CCDC136,ENSSSCG00000016579,ENSG00000128596
CCDC137,ENSSSCG00000034716,ENSG00000185298
CCDC138,ENSSSCG00000008135,ENSG00000163006
CCDC14,ENSSSCG00000025349,ENSG00000175455
CCDC141,ENSSSCG00000016002,ENSG00000163492
CCDC142,ENSSSCG00000008270,ENSG00000135637
CCDC146,ENSSSCG00000015412,ENSG00000135205
CCDC148,ENSSSCG00000015876,ENSG00000153237
CCDC149,ENSSSCG00000023001,ENSG00000181982
CCDC15,ENSSSCG00000015206,ENSG00000149548
CCDC150,ENSSSCG00000016069,ENSG00000144395
CCDC152,ENSSSCG00000016867,ENSG00000198865
CCDC154,ENSSSCG00000028139,ENSG00000197599
CCDC158,ENSSSCG00000008983,ENSG00000163749
CCDC159,ENSSSCG00000013620,ENSG00000183401
CCDC160,ENSSSCG00000031011,ENSG00000203952
CCDC166,ENSSSCG00000037038,ENSG00000255181
CCDC167,ENSSSCG00000036178,ENSG00000198937
CCDC170,ENSSSCG00000004087,ENSG00000120262
CCDC171,ENSSSCG00000005182,ENSG00000164989
CCDC172,ENSSSCG00000010656,ENSG00000182645
CCDC174,ENSSSCG00000040702,ENSG00000154781
CCDC175,ENSSSCG00000027678,ENSG00000151838
CCDC177,ENSSSCG00000002310,ENSG00000267909
CCDC178,ENSSSCG00000038703,ENSG00000166960
CCDC179,ENSSSCG00000049079,ENSG00000255359
CCDC18,ENSSSCG00000006897,ENSG00000122483
CCDC180,ENSSSCG00000045508,ENSG00000197816
CCDC181,ENSSSCG00000028804,ENSG00000117477
CCDC183,ENSSSCG00000005830,ENSG00000213213
CCDC184,ENSSSCG00000039340,ENSG00000177875
CCDC185,ENSSSCG00000010888,ENSG00000178395
CCDC186,ENSSSCG00000010648,ENSG00000165813
CCDC188,ENSSSCG00000010139,ENSG00000234409
CCDC190,ENSSSCG00000006336,ENSG00000185860
CCDC191,ENSSSCG00000011913,ENSG00000163617
CCDC198,ENSSSCG00000005067,ENSG00000100557
CCDC22,ENSSSCG00000012297,ENSG00000101997
CCDC24,ENSSSCG00000034727,ENSG00000159214
CCDC25,ENSSSCG00000024972,ENSG00000147419
CCDC27,ENSSSCG00000039233,ENSG00000162592
CCDC28A,ENSSSCG00000004148,ENSG00000024862
CCDC28B,ENSSSCG00000031514,ENSG00000160050
CCDC30,ENSSSCG00000003965,ENSG00000186409
CCDC32,ENSSSCG00000038033,ENSG00000128891
CCDC33,ENSSSCG00000001908,ENSG00000140481
CCDC34,ENSSSCG00000013336,ENSG00000109881
CCDC38,ENSSSCG00000000894,ENSG00000165972
CCDC40,ENSSSCG00000017158,ENSG00000141519
CCDC42,ENSSSCG00000017988,ENSG00000161973
CCDC43,ENSSSCG00000017352,ENSG00000180329
CCDC47,ENSSSCG00000028698,ENSG00000108588
CCDC50,ENSSSCG00000036423,ENSG00000152492
CCDC51,ENSSSCG00000011350,ENSG00000164051
CCDC54,ENSSSCG00000031231,ENSG00000138483
CCDC57,ENSSSCG00000029553,ENSG00000176155
CCDC59,ENSSSCG00000038987,ENSG00000133773
CCDC6,ENSSSCG00000010211,ENSG00000108091
CCDC60,ENSSSCG00000009842,ENSG00000183273
CCDC61,ENSSSCG00000003100,ENSG00000104983
CCDC62,ENSSSCG00000009787,ENSG00000130783
CCDC66,ENSSSCG00000021439,ENSG00000180376
CCDC68,ENSSSCG00000004534,ENSG00000166510
CCDC69,ENSSSCG00000040411,ENSG00000198624
CCDC7,ENSSSCG00000032896,ENSG00000216937
CCDC70,ENSSSCG00000009383,ENSG00000123171
CCDC71,ENSSSCG00000011378,ENSG00000177352
CCDC73,ENSSSCG00000026433,ENSG00000186714
CCDC74B,ENSSSCG00000010106,ENSG00000152076
CCDC77,ENSSSCG00000000751,ENSG00000120647
CCDC78,ENSSSCG00000050615,ENSG00000162004
CCDC8,ENSSSCG00000033830,ENSG00000169515
CCDC80,ENSSSCG00000011928,ENSG00000091986
CCDC81,ENSSSCG00000014917,ENSG00000149201
CCDC82,ENSSSCG00000014972,ENSG00000149231
CCDC83,ENSSSCG00000014912,ENSG00000150676
CCDC85A,ENSSSCG00000008396,ENSG00000055813
CCDC85B,ENSSSCG00000012968,ENSG00000175602
CCDC85C,ENSSSCG00000037284,ENSG00000205476
CCDC86,ENSSSCG00000013105,ENSG00000110104
CCDC87,ENSSSCG00000012933,ENSG00000182791
CCDC88A,ENSSSCG00000008406,ENSG00000115355
CCDC88B,ENSSSCG00000013042,ENSG00000168071
CCDC88C,ENSSSCG00000002440,ENSG00000015133
CCDC9,ENSSSCG00000024240,ENSG00000105321
CCDC90B,ENSSSCG00000014903,ENSG00000137500
CCDC91,ENSSSCG00000024232,ENSG00000123106
CCDC92,ENSSSCG00000009764,ENSG00000119242
CCDC93,ENSSSCG00000015714,ENSG00000125633
CCDC97,ENSSSCG00000003016,ENSG00000142039
CCDC9B,ENSSSCG00000023975,ENSG00000188549
CCER1,ENSSSCG00000039400,ENSG00000197651
CCER2,ENSSSCG00000047060,ENSG00000262484
CCIN,ENSSSCG00000005340,ENSG00000185972
CCK,ENSSSCG00000011277,ENSG00000187094
CCL1,ENSSSCG00000017720,ENSG00000108702
CCL11,ENSSSCG00000044762,ENSG00000172156
CCL17,ENSSSCG00000023852,ENSG00000102970
CCL19,ENSSSCG00000010966,ENSG00000172724
CCL2,ENSSSCG00000017723,ENSG00000108691
CCL20,ENSSSCG00000016254,ENSG00000115009
CCL21,ENSSSCG00000038162,ENSG00000137077
CCL24,ENSSSCG00000035736,ENSG00000106178
CCL25,ENSSSCG00000013593,ENSG00000131142
CCL26,ENSSSCG00000039874,ENSG00000006606
CCL27,ENSSSCG00000010967,ENSG00000213927
CCL28,ENSSSCG00000016871,ENSG00000151882
CCL5,ENSSSCG00000017705,ENSG00000271503
CCL8,ENSSSCG00000040648,ENSG00000108700
CCM2,ENSSSCG00000016734,ENSG00000136280
CCM2L,ENSSSCG00000007239,ENSG00000101331
CCN1,ENSSSCG00000006940,ENSG00000142871
CCN2,ENSSSCG00000004192,ENSG00000118523
CCN3,ENSSSCG00000006002,ENSG00000136999
CCN4,ENSSSCG00000005946,ENSG00000104415
CCN5,ENSSSCG00000031648,ENSG00000064205
CCN6,ENSSSCG00000004422,ENSG00000112761
CCNA1,ENSSSCG00000009354,ENSG00000133101
CCNB1,ENSSSCG00000029326,ENSG00000134057
CCNB1IP1,ENSSSCG00000002144,ENSG00000100814
CCNB2,ENSSSCG00000004588,ENSG00000157456
CCNB3,ENSSSCG00000012307,ENSG00000147082
CCNC,ENSSSCG00000004353,ENSG00000112237
CCND1,ENSSSCG00000037900,ENSG00000110092
CCND2,ENSSSCG00000038694,ENSG00000118971
CCND3,ENSSSCG00000032284,ENSG00000112576
CCNDBP1,ENSSSCG00000034771,ENSG00000166946
CCNE1,ENSSSCG00000002855,ENSG00000105173
CCNE2,ENSSSCG00000006095,ENSG00000175305
CCNF,ENSSSCG00000026326,ENSG00000162063
CCNG1,ENSSSCG00000017024,ENSG00000113328
CCNG2,ENSSSCG00000008988,ENSG00000138764
CCNH,ENSSSCG00000014147,ENSG00000134480
CCNI,ENSSSCG00000008987,ENSG00000118816
CCNJ,ENSSSCG00000010502,ENSG00000107443
CCNJL,ENSSSCG00000017036,ENSG00000135083
CCNK,ENSSSCG00000002509,ENSG00000090061
CCNL1,ENSSSCG00000029352,ENSG00000163660
CCNL2,ENSSSCG00000003354,ENSG00000221978
CCNO,ENSSSCG00000026849,ENSG00000152669
CCNP,ENSSSCG00000002990,ENSG00000105219
CCNQ,ENSSSCG00000012770,ENSG00000262919
CCNT1,ENSSSCG00000038181,ENSG00000129315
CCNT2,ENSSSCG00000015697,ENSG00000082258
CCNY,ENSSSCG00000011107,ENSG00000108100
CCNYL1,ENSSSCG00000024696,ENSG00000163249
CCP110,ENSSSCG00000023829,ENSG00000103540
CCPG1,ENSSSCG00000004610,ENSG00000260916
CCR1,ENSSSCG00000011322,ENSG00000163823
CCR10,ENSSSCG00000017392,ENSG00000184451
CCR3,ENSSSCG00000024311,ENSG00000183625
CCR4,ENSSSCG00000034660,ENSG00000183813
CCR5,ENSSSCG00000024344,ENSG00000160791
CCR6,ENSSSCG00000024562,ENSG00000112486
CCR7,ENSSSCG00000017466,ENSG00000126353
CCR9,ENSSSCG00000011316,ENSG00000173585
CCRL2,ENSSSCG00000023557,ENSG00000121797
CCS,ENSSSCG00000012934,ENSG00000173992
CCSAP,ENSSSCG00000023776,ENSG00000154429
CCSER1,ENSSSCG00000022986,ENSG00000184305
CCSER2,ENSSSCG00000010351,ENSG00000107771
CCT2,ENSSSCG00000000496,ENSG00000166226
CCT3,ENSSSCG00000006487,ENSG00000163468
CCT4,ENSSSCG00000008377,ENSG00000115484
CCT5,ENSSSCG00000024126,ENSG00000150753
CCT6A,ENSSSCG00000020808,ENSG00000146731
CCT6B,ENSSSCG00000022196,ENSG00000132141
CCT7,ENSSSCG00000008303,ENSG00000135624
CCT8,ENSSSCG00000026761,ENSG00000156261
CCT8L2,ENSSSCG00000016428,ENSG00000198445
CCZ1,ENSSSCG00000025940,ENSG00000122674
CD101,ENSSSCG00000006734,ENSG00000134256
CD109,ENSSSCG00000004485,ENSG00000156535
CD14,ENSSSCG00000014369,ENSG00000170458
CD151,ENSSSCG00000012840,ENSG00000177697
CD163,ENSSSCG00000033146,ENSG00000177575
CD163L1,ENSSSCG00000034914,ENSG00000177675
CD164,ENSSSCG00000004414,ENSG00000135535
CD180,ENSSSCG00000016957,ENSG00000134061
CD19,ENSSSCG00000007807,ENSG00000177455
CD1E,ENSSSCG00000006450,ENSG00000158488
CD2,ENSSSCG00000006736,ENSG00000116824
CD200,ENSSSCG00000027820,ENSG00000091972
CD200R1,ENSSSCG00000011925,ENSG00000163606
CD200R1L,ENSSSCG00000044512,ENSG00000206531
CD207,ENSSSCG00000008319,ENSG00000116031
CD209,ENSSSCG00000013579,ENSG00000090659
CD22,ENSSSCG00000002893,ENSG00000012124
CD226,ENSSSCG00000038398,ENSG00000150637
CD244,ENSSSCG00000006374,ENSG00000122223
CD247,ENSSSCG00000006309,ENSG00000198821
CD248,ENSSSCG00000029949,ENSG00000174807
CD274,ENSSSCG00000005211,ENSG00000120217
CD276,ENSSSCG00000001917,ENSG00000103855
CD28,ENSSSCG00000028561,ENSG00000178562
CD2AP,ENSSSCG00000030197,ENSG00000198087
CD2BP2,ENSSSCG00000007791,ENSG00000169217
CD300A,ENSSSCG00000033918,ENSG00000167851
CD300C,ENSSSCG00000017236,ENSG00000167850
CD300LB,ENSSSCG00000017237,ENSG00000178789
CD300LF,ENSSSCG00000037541,ENSG00000186074
CD300LG,ENSSSCG00000023014,ENSG00000161649
CD302,ENSSSCG00000036050,ENSG00000241399
CD320,ENSSSCG00000032833,ENSG00000167775
CD34,ENSSSCG00000039946,ENSG00000174059
CD37,ENSSSCG00000033849,ENSG00000104894
CD38,ENSSSCG00000008742,ENSG00000004468
CD3D,ENSSSCG00000015093,ENSG00000167286
CD3E,ENSSSCG00000040140,ENSG00000198851
CD4,ENSSSCG00000000687,ENSG00000010610
CD40,ENSSSCG00000035078,ENSG00000101017
CD40LG,ENSSSCG00000030172,ENSG00000102245
CD44,ENSSSCG00000013297,ENSG00000026508
CD46,ENSSSCG00000038506,ENSG00000117335
CD47,ENSSSCG00000011942,ENSG00000196776
CD48,ENSSSCG00000006379,ENSG00000117091
CD5,ENSSSCG00000013115,ENSG00000110448
CD53,ENSSSCG00000006800,ENSG00000143119
CD55,ENSSSCG00000015664,ENSG00000196352
CD58,ENSSSCG00000006738,ENSG00000116815
CD59,ENSSSCG00000024791,ENSG00000085063
CD5L,ENSSSCG00000006455,ENSG00000073754
CD6,ENSSSCG00000013111,ENSG00000013725
CD63,ENSSSCG00000000361,ENSG00000135404
CD68,ENSSSCG00000017956,ENSG00000129226
CD69,ENSSSCG00000000653,ENSG00000110848
CD7,ENSSSCG00000037364,ENSG00000173762
CD70,ENSSSCG00000031115,ENSG00000125726
CD72,ENSSSCG00000005311,ENSG00000137101
CD74,ENSSSCG00000033262,ENSG00000019582
CD79A,ENSSSCG00000033684,ENSG00000105369
CD79B,ENSSSCG00000017283,ENSG00000007312
CD80,ENSSSCG00000011899,ENSG00000121594
CD81,ENSSSCG00000039243,ENSG00000110651
CD82,ENSSSCG00000029521,ENSG00000085117
CD83,ENSSSCG00000021576,ENSG00000112149
CD84,ENSSSCG00000006381,ENSG00000066294
CD86,ENSSSCG00000011877,ENSG00000114013
CD8A,ENSSSCG00000008217,ENSG00000153563
CD8B,ENSSSCG00000008213,ENSG00000172116
CD9,ENSSSCG00000022230,ENSG00000010278
CD93,ENSSSCG00000007116,ENSG00000125810
CD96,ENSSSCG00000023993,ENSG00000153283
CD99L2,ENSSSCG00000012744,ENSG00000102181
CDA,ENSSSCG00000021259,ENSG00000158825
CDADC1,ENSSSCG00000031598,ENSG00000102543
CDAN1,ENSSSCG00000004719,ENSG00000140326
CDC123,ENSSSCG00000011112,ENSG00000151465
CDC14A,ENSSSCG00000006864,ENSG00000079335
CDC14B,ENSSSCG00000027557,ENSG00000081377
CDC16,ENSSSCG00000020899,ENSG00000130177
CDC20,ENSSSCG00000003949,ENSG00000117399
CDC20B,ENSSSCG00000048484,ENSG00000164287
CDC23,ENSSSCG00000014325,ENSG00000094880
CDC25A,ENSSSCG00000021494,ENSG00000164045
CDC25B,ENSSSCG00000007151,ENSG00000101224
CDC25C,ENSSSCG00000051455,ENSG00000158402
CDC26,ENSSSCG00000033177,ENSG00000176386
CDC27,ENSSSCG00000017308,ENSG00000004897
CDC34,ENSSSCG00000039640,ENSG00000099804
CDC37,ENSSSCG00000013647,ENSG00000105401
CDC37L1,ENSSSCG00000005219,ENSG00000106993
CDC40,ENSSSCG00000004403,ENSG00000168438
CDC42,ENSSSCG00000003520,ENSG00000070831
CDC42BPA,ENSSSCG00000010862,ENSG00000143776
CDC42BPB,ENSSSCG00000002523,ENSG00000198752
CDC42BPG,ENSSSCG00000013018,ENSG00000171219
CDC42EP1,ENSSSCG00000026108,ENSG00000128283
CDC42EP2,ENSSSCG00000012996,ENSG00000149798
CDC42EP3,ENSSSCG00000021359,ENSG00000163171
CDC42EP4,ENSSSCG00000017245,ENSG00000179604
CDC42EP5,ENSSSCG00000039922,ENSG00000167617
CDC42SE1,ENSSSCG00000031881,ENSG00000197622
CDC42SE2,ENSSSCG00000036686,ENSG00000158985
CDC45,ENSSSCG00000010122,ENSG00000093009
CDC5L,ENSSSCG00000001708,ENSG00000096401
CDC6,ENSSSCG00000017471,ENSG00000094804
CDC7,ENSSSCG00000027251,ENSG00000097046
CDC73,ENSSSCG00000010801,ENSG00000134371
CDCA2,ENSSSCG00000009653,ENSG00000184661
CDCA3,ENSSSCG00000000683,ENSG00000111665
CDCA4,ENSSSCG00000002559,ENSG00000170779
CDCA5,ENSSSCG00000013008,ENSG00000146670
CDCA7,ENSSSCG00000015961,ENSG00000144354
CDCA7L,ENSSSCG00000015380,ENSG00000164649
CDCA8,ENSSSCG00000032909,ENSG00000134690
CDCP1,ENSSSCG00000011298,ENSG00000163814
CDCP2,ENSSSCG00000030538,ENSG00000157211
CDH1,ENSSSCG00000025652,ENSG00000039068
CDH10,ENSSSCG00000016802,ENSG00000040731
CDH11,ENSSSCG00000002795,ENSG00000140937
CDH12,ENSSSCG00000016799,ENSG00000154162
CDH13,ENSSSCG00000002684,ENSG00000140945
CDH15,ENSSSCG00000002642,ENSG00000129910
CDH16,ENSSSCG00000022721,ENSG00000166589
CDH17,ENSSSCG00000006106,ENSG00000079112
CDH18,ENSSSCG00000026842,ENSG00000145526
CDH19,ENSSSCG00000004885,ENSG00000071991
CDH2,ENSSSCG00000003722,ENSG00000170558
CDH20,ENSSSCG00000004903,ENSG00000101542
CDH22,ENSSSCG00000007439,ENSG00000149654
CDH23,ENSSSCG00000010278,ENSG00000107736
CDH24,ENSSSCG00000002037,ENSG00000139880
CDH3,ENSSSCG00000023162,ENSG00000062038
CDH4,ENSSSCG00000025784,ENSG00000179242
CDH5,ENSSSCG00000035772,ENSG00000179776
CDH6,ENSSSCG00000032931,ENSG00000113361
CDH7,ENSSSCG00000004886,ENSG00000081138
CDH8,ENSSSCG00000040687,ENSG00000150394
CDH9,ENSSSCG00000020845,ENSG00000113100
CDHR1,ENSSSCG00000010348,ENSG00000148600
CDHR2,ENSSSCG00000014055,ENSG00000074276
CDHR3,ENSSSCG00000015433,ENSG00000128536
CDHR4,ENSSSCG00000011391,ENSG00000187492
CDHR5,ENSSSCG00000012852,ENSG00000099834
CDIN1,ENSSSCG00000026900,ENSG00000186073
CDIP1,ENSSSCG00000007941,ENSG00000089486
CDIPT,ENSSSCG00000027629,ENSG00000103502
CDK1,ENSSSCG00000010214,ENSG00000170312
CDK10,ENSSSCG00000025401,ENSG00000185324
CDK12,ENSSSCG00000017504,ENSG00000167258
CDK13,ENSSSCG00000016769,ENSG00000065883
CDK14,ENSSSCG00000015307,ENSG00000058091
CDK15,ENSSSCG00000022296,ENSG00000138395
CDK16,ENSSSCG00000012269,ENSG00000102225
CDK17,ENSSSCG00000028182,ENSG00000059758
CDK18,ENSSSCG00000015290,ENSG00000117266
CDK19,ENSSSCG00000037424,ENSG00000155111
CDK2,ENSSSCG00000037597,ENSG00000123374
CDK20,ENSSSCG00000009578,ENSG00000156345
CDK2AP1,ENSSSCG00000009775,ENSG00000111328
CDK2AP2,ENSSSCG00000012902,ENSG00000167797
CDK3,ENSSSCG00000017193,ENSG00000250506
CDK4,ENSSSCG00000025092,ENSG00000135446
CDK5,ENSSSCG00000024070,ENSG00000164885
CDK5R1,ENSSSCG00000017730,ENSG00000176749
CDK5RAP1,ENSSSCG00000007264,ENSG00000101391
CDK5RAP2,ENSSSCG00000028117,ENSG00000136861
CDK5RAP3,ENSSSCG00000017524,ENSG00000108465
CDK6,ENSSSCG00000040183,ENSG00000105810
CDK7,ENSSSCG00000016961,ENSG00000134058
CDK8,ENSSSCG00000009298,ENSG00000132964
CDK9,ENSSSCG00000005621,ENSG00000136807
CDKAL1,ENSSSCG00000001080,ENSG00000145996
CDKL1,ENSSSCG00000034516,ENSG00000100490
CDKL2,ENSSSCG00000008970,ENSG00000138769
CDKL3,ENSSSCG00000014302,ENSG00000006837
CDKL5,ENSSSCG00000012156,ENSG00000008086
CDKN1A,ENSSSCG00000001565,ENSG00000124762
CDKN1B,ENSSSCG00000037144,ENSG00000111276
CDKN1C,ENSSSCG00000040461,ENSG00000129757
CDKN2A,ENSSSCG00000005134,ENSG00000147889
CDKN2AIP,ENSSSCG00000015779,ENSG00000168564
CDKN2B,ENSSSCG00000034120,ENSG00000147883
CDKN2C,ENSSSCG00000003876,ENSG00000123080
CDKN2D,ENSSSCG00000013643,ENSG00000129355
CDKN3,ENSSSCG00000005047,ENSG00000100526
CDON,ENSSSCG00000022504,ENSG00000064309
CDPF1,ENSSSCG00000000005,ENSG00000205643
CDR2,ENSSSCG00000032340,ENSG00000140743
CDR2L,ENSSSCG00000017218,ENSG00000109089
CDS1,ENSSSCG00000009231,ENSG00000163624
CDS2,ENSSSCG00000030123,ENSG00000101290
CDT1,ENSSSCG00000002651,ENSG00000167513
CDV3,ENSSSCG00000027294,ENSG00000091527
CDX2,ENSSSCG00000009317,ENSG00000165556
CDX4,ENSSSCG00000021225,ENSG00000131264
CDYL2,ENSSSCG00000038128,ENSG00000166446
CEACAM1,ENSSSCG00000020837,ENSG00000079385
CEACAM16,ENSSSCG00000003081,ENSG00000213892
CEACAM18,ENSSSCG00000003225,ENSG00000213822
CEACAM19,ENSSSCG00000003078,ENSG00000186567
CEBPA,ENSSSCG00000002866,ENSG00000245848
CEBPB,ENSSSCG00000034207,ENSG00000172216
CEBPD,ENSSSCG00000032367,ENSG00000221869
CEBPE,ENSSSCG00000002033,ENSG00000092067
CEBPG,ENSSSCG00000002867,ENSG00000153879
CEBPZ,ENSSSCG00000008493,ENSG00000115816
CEBPZOS,ENSSSCG00000039004,ENSG00000218739
CECR2,ENSSSCG00000000766,ENSG00000099954
CEL,ENSSSCG00000028671,ENSG00000170835
CELA1,ENSSSCG00000047232,ENSG00000139610
CELA2A,ENSSSCG00000003459,ENSG00000142615
CELF1,ENSSSCG00000013233,ENSG00000149187
CELF2,ENSSSCG00000011121,ENSG00000048740
CELF3,ENSSSCG00000006618,ENSG00000159409
CELF4,ENSSSCG00000003748,ENSG00000101489
CELF5,ENSSSCG00000013476,ENSG00000161082
CELF6,ENSSSCG00000001928,ENSG00000140488
CELSR2,ENSSSCG00000034360,ENSG00000143126
CELSR3,ENSSSCG00000011360,ENSG00000008300
CEMIP,ENSSSCG00000038929,ENSG00000103888
CEMIP2,ENSSSCG00000024257,ENSG00000135048
CENATAC,ENSSSCG00000015102,ENSG00000186166
CEND1,ENSSSCG00000012845,ENSG00000184524
CENPA,ENSSSCG00000038543,ENSG00000115163
CENPC,ENSSSCG00000008921,ENSG00000145241
CENPE,ENSSSCG00000023296,ENSG00000138778
CENPF,ENSSSCG00000015581,ENSG00000117724
CENPH,ENSSSCG00000027147,ENSG00000153044
CENPI,ENSSSCG00000012491,ENSG00000102384
CENPK,ENSSSCG00000016946,ENSG00000123219
CENPL,ENSSSCG00000015496,ENSG00000120334
CENPM,ENSSSCG00000035991,ENSG00000100162
CENPN,ENSSSCG00000039216,ENSG00000166451
CENPP,ENSSSCG00000008070,ENSG00000188312
CENPQ,ENSSSCG00000001731,ENSG00000031691
CENPT,ENSSSCG00000002768,ENSG00000102901
CENPU,ENSSSCG00000015785,ENSG00000151725
CENPV,ENSSSCG00000018034,ENSG00000166582
CENPX,ENSSSCG00000049515,ENSG00000169689
CEP104,ENSSSCG00000003362,ENSG00000116198
CEP112,ENSSSCG00000023992,ENSG00000154240
CEP120,ENSSSCG00000014239,ENSG00000168944
CEP126,ENSSSCG00000014979,ENSG00000110318
CEP128,ENSSSCG00000002410,ENSG00000100629
CEP131,ENSSSCG00000017143,ENSG00000141577
CEP135,ENSSSCG00000022283,ENSG00000174799
CEP15,ENSSSCG00000011486,ENSG00000114405
CEP152,ENSSSCG00000004657,ENSG00000103995
CEP162,ENSSSCG00000004289,ENSG00000135315
CEP164,ENSSSCG00000015080,ENSG00000110274
CEP170,ENSSSCG00000030502,ENSG00000143702
CEP170B,ENSSSCG00000002558,ENSG00000099814
CEP20,ENSSSCG00000033377,ENSG00000133393
CEP250,ENSSSCG00000021138,ENSG00000126001
CEP290,ENSSSCG00000000926,ENSG00000198707
CEP295,ENSSSCG00000014946,ENSG00000166004
CEP41,ENSSSCG00000016556,ENSG00000106477
CEP43,ENSSSCG00000004023,ENSG00000213066
CEP44,ENSSSCG00000032475,ENSG00000164118
CEP55,ENSSSCG00000010477,ENSG00000138180
CEP57L1,ENSSSCG00000004391,ENSG00000183137
CEP63,ENSSSCG00000011645,ENSG00000182923
CEP68,ENSSSCG00000008360,ENSG00000011523
CEP70,ENSSSCG00000026746,ENSG00000114107
CEP72,ENSSSCG00000031800,ENSG00000112877
CEP76,ENSSSCG00000027007,ENSG00000101624
CEP78,ENSSSCG00000005286,ENSG00000148019
CEP83,ENSSSCG00000024563,ENSG00000173588
CEP85,ENSSSCG00000026731,ENSG00000130695
CEP85L,ENSSSCG00000004249,ENSG00000111860
CEP89,ENSSSCG00000025152,ENSG00000121289
CEP95,ENSSSCG00000028925,ENSG00000258890
CEP97,ENSSSCG00000011949,ENSG00000182504
CEPT1,ENSSSCG00000029918,ENSG00000134255
CER1,ENSSSCG00000039169,ENSG00000147869
CERCAM,ENSSSCG00000005650,ENSG00000167123
CERK,ENSSSCG00000038763,ENSG00000100422
CERKL,ENSSSCG00000016010,ENSG00000188452
CERS1,ENSSSCG00000013928,ENSG00000223802
CERS2,ENSSSCG00000006644,ENSG00000143418
CERS3,ENSSSCG00000004819,ENSG00000154227
CERS4,ENSSSCG00000013595,ENSG00000090661
CERS5,ENSSSCG00000024932,ENSG00000139624
CERS6,ENSSSCG00000032715,ENSG00000172292
CERT1,ENSSSCG00000014081,ENSG00000113163
CES3,ENSSSCG00000024476,ENSG00000172828
CETN1,ENSSSCG00000028613,ENSG00000177143
CETN2,ENSSSCG00000012757,ENSG00000147400
CETN3,ENSSSCG00000014151,ENSG00000153140
CFAP100,ENSSSCG00000001826,ENSG00000163885
CFAP107,ENSSSCG00000003442,ENSG00000157330
CFAP119,ENSSSCG00000007778,ENSG00000196118
CFAP126,ENSSSCG00000023957,ENSG00000188931
CFAP141,ENSSSCG00000006555,ENSG00000163263
CFAP144,ENSSSCG00000003954,ENSG00000186973
CFAP157,ENSSSCG00000005618,ENSG00000160401
CFAP161,ENSSSCG00000001786,ENSG00000156206
CFAP20,ENSSSCG00000002805,ENSG00000070761
CFAP206,ENSSSCG00000004302,ENSG00000272514
CFAP20DC,ENSSSCG00000011482,ENSG00000163689
CFAP210,ENSSSCG00000015935,ENSG00000154479
CFAP221,ENSSSCG00000015741,ENSG00000163075
CFAP263,ENSSSCG00000002803,ENSG00000103021
CFAP276,ENSSSCG00000033292,ENSG00000179902
CFAP298,ENSSSCG00000040827,ENSG00000159079
CFAP299,ENSSSCG00000037723,ENSG00000197826
CFAP300,ENSSSCG00000014980,ENSG00000137691
CFAP36,ENSSSCG00000008400,ENSG00000163001
CFAP410,ENSSSCG00000024500,ENSG00000160226
CFAP418,ENSSSCG00000034398,ENSG00000156172
CFAP43,ENSSSCG00000010609,ENSG00000197748
CFAP44,ENSSSCG00000021271,ENSG00000206530
CFAP45,ENSSSCG00000006394,ENSG00000213085
CFAP46,ENSSSCG00000010768,ENSG00000171811
CFAP52,ENSSSCG00000017994,ENSG00000166596
CFAP54,ENSSSCG00000033574,ENSG00000188596
CFAP57,ENSSSCG00000023904,ENSG00000243710
CFAP58,ENSSSCG00000010614,ENSG00000120051
CFAP61,ENSSSCG00000038858,ENSG00000089101
CFAP65,ENSSSCG00000016203,ENSG00000181378
CFAP70,ENSSSCG00000010298,ENSG00000156042
CFAP73,ENSSSCG00000009875,ENSG00000186710
CFAP74,ENSSSCG00000030513,ENSG00000142609
CFAP77,ENSSSCG00000005727,ENSG00000188523
CFAP90,ENSSSCG00000017098,ENSG00000215217
CFAP91,ENSSSCG00000011892,ENSG00000183833
CFAP92,ENSSSCG00000024552,ENSG00000114656
CFAP95,ENSSSCG00000035668,ENSG00000204711
CFAP97,ENSSSCG00000015791,ENSG00000164323
CFAP97D1,ENSSSCG00000017373,ENSG00000231256
CFAP99,ENSSSCG00000034633,ENSG00000206113
CFC1B,ENSSSCG00000016393,ENSG00000152093
CFD,ENSSSCG00000013418,ENSG00000197766
CFDP1,ENSSSCG00000033842,ENSG00000153774
CFH,ENSSSCG00000010893,ENSG00000000971
CFI,ENSSSCG00000009138,ENSG00000205403
CFL1,ENSSSCG00000012974,ENSG00000172757
CFL2,ENSSSCG00000001959,ENSG00000165410
CFLAR,ENSSSCG00000016101,ENSG00000003402
CFP,ENSSSCG00000012278,ENSG00000126759
CFTR,ENSSSCG00000016626,ENSG00000001626
CGA,ENSSSCG00000025434,ENSG00000135346
CGAS,ENSSSCG00000021383,ENSG00000164430
CGGBP1,ENSSSCG00000032182,ENSG00000163320
CGN,ENSSSCG00000006621,ENSG00000143375
CGNL1,ENSSSCG00000035038,ENSG00000128849
CGREF1,ENSSSCG00000008555,ENSG00000138028
CGRRF1,ENSSSCG00000021451,ENSG00000100532
CH25H,ENSSSCG00000010449,ENSG00000138135
CHAC1,ENSSSCG00000038521,ENSG00000128965
CHAC2,ENSSSCG00000037577,ENSG00000143942
CHAD,ENSSSCG00000017569,ENSG00000136457
CHADL,ENSSSCG00000000067,ENSG00000100399
CHAF1A,ENSSSCG00000013509,ENSG00000167670
CHAF1B,ENSSSCG00000012056,ENSG00000159259
CHAT,ENSSSCG00000010392,ENSG00000070748
CHCHD1,ENSSSCG00000010308,ENSG00000172586
CHCHD10,ENSSSCG00000010073,ENSG00000250479
CHCHD2,ENSSSCG00000007743,ENSG00000106153
CHCHD3,ENSSSCG00000016545,ENSG00000106554
CHCHD4,ENSSSCG00000011604,ENSG00000163528
CHCHD5,ENSSSCG00000008094,ENSG00000125611
CHCHD6,ENSSSCG00000031557,ENSG00000159685
CHCT1,ENSSSCG00000017679,ENSG00000141371
CHD1,ENSSSCG00000014177,ENSG00000153922
CHD1L,ENSSSCG00000006701,ENSG00000131778
CHD2,ENSSSCG00000002266,ENSG00000173575
CHD3,ENSSSCG00000021363,ENSG00000170004
CHD4,ENSSSCG00000000697,ENSG00000111642
CHD5,ENSSSCG00000003366,ENSG00000116254
CHD6,ENSSSCG00000007360,ENSG00000124177
CHD7,ENSSSCG00000006231,ENSG00000171316
CHD8,ENSSSCG00000002127,ENSG00000100888
CHD9,ENSSSCG00000033591,ENSG00000177200
CHDH,ENSSSCG00000011456,ENSG00000016391
CHEK1,ENSSSCG00000015215,ENSG00000149554
CHEK2,ENSSSCG00000034864,ENSG00000183765
CHERP,ENSSSCG00000013860,ENSG00000085872
CHFR,ENSSSCG00000009732,ENSG00000072609
CHGA,ENSSSCG00000002456,ENSG00000100604
CHGB,ENSSSCG00000039779,ENSG00000089199
CHI3L1,ENSSSCG00000015476,ENSG00000133048
CHI3L2,ENSSSCG00000006796,ENSG00000064886
CHIA,ENSSSCG00000023706,ENSG00000134216
CHIC1,ENSSSCG00000012416,ENSG00000204116
CHIC2,ENSSSCG00000032645,ENSG00000109220
CHID1,ENSSSCG00000012837,ENSG00000177830
CHIT1,ENSSSCG00000015477,ENSG00000133063
CHKA,ENSSSCG00000012889,ENSG00000110721
CHL1,ENSSSCG00000011524,ENSG00000134121
CHLSN,ENSSSCG00000038777,ENSG00000146540
CHM,ENSSSCG00000012463,ENSG00000188419
CHML,ENSSSCG00000031212,ENSG00000203668
CHMP1A,ENSSSCG00000023677,ENSG00000131165
CHMP2A,ENSSSCG00000029362,ENSG00000130724
CHMP2B,ENSSSCG00000011997,ENSG00000083937
CHMP3,ENSSSCG00000008222,ENSG00000115561
CHMP4A,ENSSSCG00000033432,ENSG00000254505
CHMP4B,ENSSSCG00000007272,ENSG00000101421
CHMP4C,ENSSSCG00000025980,ENSG00000164695
CHMP5,ENSSSCG00000010995,ENSG00000086065
CHMP6,ENSSSCG00000017140,ENSG00000176108
CHMP7,ENSSSCG00000033113,ENSG00000147457
CHN1,ENSSSCG00000022345,ENSG00000128656
CHN2,ENSSSCG00000016687,ENSG00000106069
CHODL,ENSSSCG00000012018,ENSG00000154645
CHORDC1,ENSSSCG00000014934,ENSG00000110172
CHP1,ENSSSCG00000004751,ENSG00000187446
CHP2,ENSSSCG00000034827,ENSG00000166869
CHPF,ENSSSCG00000021610,ENSG00000123989
CHPF2,ENSSSCG00000016436,ENSG00000033100
CHPT1,ENSSSCG00000000864,ENSG00000111666
CHRAC1,ENSSSCG00000005933,ENSG00000104472
CHRD,ENSSSCG00000025270,ENSG00000090539
CHRDL1,ENSSSCG00000012576,ENSG00000101938
CHRDL2,ENSSSCG00000014843,ENSG00000054938
CHRM2,ENSSSCG00000032532,ENSG00000181072
CHRM3,ENSSSCG00000026176,ENSG00000133019
CHRM4,ENSSSCG00000013261,ENSG00000180720
CHRM5,ENSSSCG00000036662,ENSG00000184984
CHRNA1,ENSSSCG00000015969,ENSG00000138435
CHRNA10,ENSSSCG00000014796,ENSG00000129749
CHRNA2,ENSSSCG00000009665,ENSG00000120903
CHRNA3,ENSSSCG00000001752,ENSG00000080644
CHRNA4,ENSSSCG00000039677,ENSG00000101204
CHRNA5,ENSSSCG00000001751,ENSG00000169684
CHRNA6,ENSSSCG00000023338,ENSG00000147434
CHRNA7,ENSSSCG00000004839,ENSG00000175344
CHRNA9,ENSSSCG00000024428,ENSG00000174343
CHRNB2,ENSSSCG00000006545,ENSG00000160716
CHRNB3,ENSSSCG00000026363,ENSG00000147432
CHRNE,ENSSSCG00000017909,ENSG00000108556
CHST1,ENSSSCG00000013273,ENSG00000175264
CHST10,ENSSSCG00000008175,ENSG00000115526
CHST11,ENSSSCG00000000837,ENSG00000171310
CHST13,ENSSSCG00000011625,ENSG00000180767
CHST14,ENSSSCG00000004771,ENSG00000169105
CHST15,ENSSSCG00000029482,ENSG00000182022
CHST2,ENSSSCG00000022031,ENSG00000175040
CHST3,ENSSSCG00000023662,ENSG00000122863
CHST4,ENSSSCG00000002737,ENSG00000140835
CHST7,ENSSSCG00000012265,ENSG00000147119
CHST8,ENSSSCG00000035222,ENSG00000124302
CHST9,ENSSSCG00000003721,ENSG00000154080
CHSY1,ENSSSCG00000004825,ENSG00000131873
CHSY3,ENSSSCG00000035069,ENSG00000198108
CHTF18,ENSSSCG00000008010,ENSG00000127586
CHTF8,ENSSSCG00000034165,ENSG00000168802
CHTOP,ENSSSCG00000022107,ENSG00000160679
CHUK,ENSSSCG00000010548,ENSG00000213341
CHURC1,ENSSSCG00000022147,ENSG00000258289
CIAO1,ENSSSCG00000008130,ENSG00000144021
CIAO2A,ENSSSCG00000034124,ENSG00000166797
CIAO2B,ENSSSCG00000033027,ENSG00000166595
CIAO3,ENSSSCG00000008002,ENSG00000103245
CIAPIN1,ENSSSCG00000029519,ENSG00000005194
CIART,ENSSSCG00000038374,ENSG00000159208
CIB1,ENSSSCG00000001858,ENSG00000185043
CIB2,ENSSSCG00000001762,ENSG00000136425
CIB4,ENSSSCG00000008564,ENSG00000157884
CIBAR2,ENSSSCG00000002668,ENSG00000153789
CIC,ENSSSCG00000003030,ENSG00000079432
CIDEB,ENSSSCG00000001989,ENSG00000136305
CIDEC,ENSSSCG00000011557,ENSG00000187288
CIITA,ENSSSCG00000007901,ENSG00000179583
CILK1,ENSSSCG00000002628,ENSG00000112144
CILP,ENSSSCG00000004928,ENSG00000138615
CILP2,ENSSSCG00000013934,ENSG00000160161
CIMAP1A,ENSSSCG00000014555,ENSG00000177947
CIMAP1B,ENSSSCG00000000967,ENSG00000177989
CIMAP1C,ENSSSCG00000001879,ENSG00000182950
CIMAP2,ENSSSCG00000027362,ENSG00000162398
CIMAP3,ENSSSCG00000039977,ENSG00000173947
CIMIP1,ENSSSCG00000007510,ENSG00000124237
CIMIP2A,ENSSSCG00000005848,ENSG00000188163
CIMIP2B,ENSSSCG00000005309,ENSG00000215187
CIMIP2C,ENSSSCG00000008565,ENSG00000173557
CIMIP4,ENSSSCG00000000132,ENSG00000185264
CIMIP5,ENSSSCG00000034536,ENSG00000150873
CINP,ENSSSCG00000002530,ENSG00000100865
CIP2A,ENSSSCG00000033593,ENSG00000163507
CIPC,ENSSSCG00000029760,ENSG00000198894
CISD2,ENSSSCG00000009164,ENSG00000145354
CISH,ENSSSCG00000040581,ENSG00000114737
CIT,ENSSSCG00000009839,ENSG00000122966
CITED1,ENSSSCG00000012409,ENSG00000125931
CITED2,ENSSSCG00000004142,ENSG00000164442
CITED4,ENSSSCG00000033952,ENSG00000179862
CIZ1,ENSSSCG00000005640,ENSG00000148337
CKAP2,ENSSSCG00000009378,ENSG00000136108
CKAP2L,ENSSSCG00000008089,ENSG00000169607
CKAP4,ENSSSCG00000000171,ENSG00000136026
CKAP5,ENSSSCG00000013249,ENSG00000175216
CKB,ENSSSCG00000021220,ENSG00000166165
CKLF,ENSSSCG00000031161,ENSG00000217555
CKM,ENSSSCG00000036132,ENSG00000104879
CKMT1A,ENSSSCG00000004703,ENSG00000223572
CKMT2,ENSSSCG00000014128,ENSG00000131730
CKS2,ENSSSCG00000021161,ENSG00000123975
CLASP1,ENSSSCG00000039157,ENSG00000074054
CLASP2,ENSSSCG00000011236,ENSG00000163539
CLASRP,ENSSSCG00000040264,ENSG00000104859
CLBA1,ENSSSCG00000040365,ENSG00000140104
CLCA1,ENSSSCG00000006933,ENSG00000016490
CLCA2,ENSSSCG00000006935,ENSG00000137975
CLCA4,ENSSSCG00000006932,ENSG00000016602
CLCC1,ENSSSCG00000006841,ENSG00000121940
CLCF1,ENSSSCG00000012915,ENSG00000175505
CLCN2,ENSSSCG00000021581,ENSG00000114859
CLCN3,ENSSSCG00000009713,ENSG00000109572
CLCN4,ENSSSCG00000024809,ENSG00000073464
CLCN5,ENSSSCG00000023026,ENSG00000171365
CLCN6,ENSSSCG00000003429,ENSG00000011021
CLCN7,ENSSSCG00000008024,ENSG00000103249
CLDN1,ENSSSCG00000040904,ENSG00000163347
CLDN10,ENSSSCG00000009500,ENSG00000134873
CLDN11,ENSSSCG00000011747,ENSG00000013297
CLDN14,ENSSSCG00000020680,ENSG00000159261
CLDN15,ENSSSCG00000038901,ENSG00000106404
CLDN16,ENSSSCG00000024788,ENSG00000113946
CLDN17,ENSSSCG00000012031,ENSG00000156282
CLDN18,ENSSSCG00000011657,ENSG00000066405
CLDN19,ENSSSCG00000034921,ENSG00000164007
CLDN2,ENSSSCG00000037234,ENSG00000165376
CLDN22,ENSSSCG00000027901,ENSG00000177300
CLDN23,ENSSSCG00000006966,ENSG00000253958
CLDN25,ENSSSCG00000015051,ENSG00000228607
CLDN3,ENSSSCG00000035928,ENSG00000165215
CLDN4,ENSSSCG00000007718,ENSG00000189143
CLDN5,ENSSSCG00000041667,ENSG00000184113
CLDN6,ENSSSCG00000023743,ENSG00000184697
CLDN7,ENSSSCG00000017934,ENSG00000181885
CLDN8,ENSSSCG00000012030,ENSG00000156284
CLDN9,ENSSSCG00000021536,ENSG00000213937
CLDND1,ENSSSCG00000011980,ENSG00000080822
CLDND2,ENSSSCG00000003230,ENSG00000160318
CLEC11A,ENSSSCG00000036814,ENSG00000105472
CLEC12A,ENSSSCG00000039287,ENSG00000172322
CLEC12B,ENSSSCG00000000651,ENSG00000256660
CLEC14A,ENSSSCG00000023760,ENSG00000176435
CLEC16A,ENSSSCG00000026569,ENSG00000038532
CLEC17A,ENSSSCG00000013777,ENSG00000187912
CLEC18C,ENSSSCG00000002720,ENSG00000157335
CLEC1B,ENSSSCG00000000650,ENSG00000165682
CLEC2B,ENSSSCG00000000656,ENSG00000110852
CLEC2D,ENSSSCG00000000657,ENSG00000069493
CLEC2L,ENSSSCG00000038147,ENSG00000236279
CLEC3A,ENSSSCG00000034604,ENSG00000166509
CLEC3B,ENSSSCG00000011299,ENSG00000163815
CLEC4E,ENSSSCG00000038418,ENSG00000166523
CLEC4F,ENSSSCG00000023258,ENSG00000152672
CLEC4G,ENSSSCG00000039007,ENSG00000182566
CLEC5A,ENSSSCG00000021933,ENSG00000258227
CLEC7A,ENSSSCG00000000648,ENSG00000172243
CLGN,ENSSSCG00000026360,ENSG00000153132
CLHC1,ENSSSCG00000008402,ENSG00000162994
CLIC2,ENSSSCG00000039998,ENSG00000155962
CLIC3,ENSSSCG00000037395,ENSG00000169583
CLIC4,ENSSSCG00000038994,ENSG00000169504
CLIC5,ENSSSCG00000037416,ENSG00000112782
CLIC6,ENSSSCG00000028112,ENSG00000159212
CLINT1,ENSSSCG00000017047,ENSG00000113282
CLIP1,ENSSSCG00000009793,ENSG00000130779
CLIP2,ENSSSCG00000007719,ENSG00000106665
CLIP3,ENSSSCG00000002921,ENSG00000105270
CLIP4,ENSSSCG00000008535,ENSG00000115295
CLK1,ENSSSCG00000016095,ENSG00000013441
CLK3,ENSSSCG00000001904,ENSG00000179335
CLK4,ENSSSCG00000014028,ENSG00000113240
CLMN,ENSSSCG00000002494,ENSG00000165959
CLMP,ENSSSCG00000022961,ENSG00000166250
CLN5,ENSSSCG00000031288,ENSG00000102805
CLN6,ENSSSCG00000004957,ENSG00000128973
CLN8,ENSSSCG00000023155,ENSG00000182372
CLNK,ENSSSCG00000022448,ENSG00000109684
CLNS1A,ENSSSCG00000014881,ENSG00000074201
CLOCK,ENSSSCG00000008909,ENSG00000134852
CLP1,ENSSSCG00000031442,ENSG00000172409
CLPB,ENSSSCG00000036887,ENSG00000162129
CLPP,ENSSSCG00000038079,ENSG00000125656
CLPS,ENSSSCG00000001552,ENSG00000137392
CLPSL2,ENSSSCG00000001551,ENSG00000196748
CLPTM1,ENSSSCG00000003085,ENSG00000104853
CLPTM1L,ENSSSCG00000017119,ENSG00000049656
CLPX,ENSSSCG00000004927,ENSG00000166855
CLRN1,ENSSSCG00000032550,ENSG00000163646
CLRN2,ENSSSCG00000023941,ENSG00000249581
CLRN3,ENSSSCG00000010753,ENSG00000180745
CLSPN,ENSSSCG00000003628,ENSG00000092853
CLSTN1,ENSSSCG00000003396,ENSG00000171603
CLSTN2,ENSSSCG00000011666,ENSG00000158258
CLSTN3,ENSSSCG00000000672,ENSG00000139182
CLTA,ENSSSCG00000037131,ENSG00000122705
CLTC,ENSSSCG00000022659,ENSG00000141367
CLTRN,ENSSSCG00000035893,ENSG00000147003
CLU,ENSSSCG00000009668,ENSG00000120885
CLUAP1,ENSSSCG00000007955,ENSG00000103351
CLUH,ENSSSCG00000017835,ENSG00000132361
CLUL1,ENSSSCG00000039398,ENSG00000079101
CLVS1,ENSSSCG00000006230,ENSG00000177182
CLVS2,ENSSSCG00000004232,ENSG00000146352
CLXN,ENSSSCG00000032887,ENSG00000034239
CLYBL,ENSSSCG00000009519,ENSG00000125246
CMAS,ENSSSCG00000034733,ENSG00000111726
CMBL,ENSSSCG00000039763,ENSG00000164237
CMC1,ENSSSCG00000041813,ENSG00000187118
CMC2,ENSSSCG00000032060,ENSG00000103121
CMIP,ENSSSCG00000002689,ENSG00000153815
CMKLR1,ENSSSCG00000031346,ENSG00000174600
CMKLR2,ENSSSCG00000016129,ENSG00000183671
CMPK1,ENSSSCG00000003885,ENSG00000162368
CMPK2,ENSSSCG00000008647,ENSG00000134326
CMSS1,ENSSSCG00000011970,ENSG00000184220
CMTM2,ENSSSCG00000031837,ENSG00000140932
CMTM3,ENSSSCG00000038151,ENSG00000140931
CMTM4,ENSSSCG00000032632,ENSG00000183723
CMTM5,ENSSSCG00000002028,ENSG00000166091
CMTM7,ENSSSCG00000011234,ENSG00000153551
CMTM8,ENSSSCG00000022618,ENSG00000170293
CMTR2,ENSSSCG00000033156,ENSG00000180917
CMYA5,ENSSSCG00000026098,ENSG00000164309
CNBD1,ENSSSCG00000036161,ENSG00000176571
CNBD2,ENSSSCG00000007313,ENSG00000149646
CNBP,ENSSSCG00000040879,ENSG00000169714
CNDP1,ENSSSCG00000004869,ENSG00000150656
CNDP2,ENSSSCG00000004870,ENSG00000133313
CNEP1R1,ENSSSCG00000036005,ENSG00000205423
CNFN,ENSSSCG00000027022,ENSG00000105427
CNGA1,ENSSSCG00000038160,ENSG00000198515
CNGA2,ENSSSCG00000012753,ENSG00000183862
CNGA3,ENSSSCG00000027113,ENSG00000144191
CNGA4,ENSSSCG00000014630,ENSG00000132259
CNGB1,ENSSSCG00000002811,ENSG00000070729
CNGB3,ENSSSCG00000006134,ENSG00000170289
CNIH1,ENSSSCG00000027256,ENSG00000100528
CNIH3,ENSSSCG00000034972,ENSG00000143786
CNIH4,ENSSSCG00000035034,ENSG00000143771
CNKSR1,ENSSSCG00000028387,ENSG00000142675
CNKSR2,ENSSSCG00000012164,ENSG00000149970
CNKSR3,ENSSSCG00000004071,ENSG00000153721
CNMD,ENSSSCG00000009442,ENSG00000136110
CNN1,ENSSSCG00000013614,ENSG00000130176
CNN2,ENSSSCG00000039542,ENSG00000064666
CNN3,ENSSSCG00000006887,ENSG00000117519
CNNM1,ENSSSCG00000010536,ENSG00000119946
CNNM2,ENSSSCG00000010593,ENSG00000148842
CNNM3,ENSSSCG00000008201,ENSG00000168763
CNNM4,ENSSSCG00000008202,ENSG00000158158
CNOT1,ENSSSCG00000002799,ENSG00000125107
CNOT10,ENSSSCG00000032220,ENSG00000182973
CNOT11,ENSSSCG00000008167,ENSG00000158435
CNOT2,ENSSSCG00000000502,ENSG00000111596
CNOT3,ENSSSCG00000003264,ENSG00000088038
CNOT4,ENSSSCG00000021354,ENSG00000080802
CNOT6,ENSSSCG00000014009,ENSG00000113300
CNOT6L,ENSSSCG00000008989,ENSG00000138767
CNOT7,ENSSSCG00000006983,ENSG00000198791
CNOT8,ENSSSCG00000017067,ENSG00000155508
CNOT9,ENSSSCG00000016193,ENSG00000144580
CNP,ENSSSCG00000017420,ENSG00000173786
CNPPD1,ENSSSCG00000016206,ENSG00000115649
CNPY1,ENSSSCG00000043069,ENSG00000146910
CNPY2,ENSSSCG00000000394,ENSG00000257727
CNPY3,ENSSSCG00000001651,ENSG00000137161
CNPY4,ENSSSCG00000032054,ENSG00000166997
CNR1,ENSSSCG00000004309,ENSG00000118432
CNR2,ENSSSCG00000027849,ENSG00000188822
CNRIP1,ENSSSCG00000008349,ENSG00000119865
CNST,ENSSSCG00000010882,ENSG00000162852
CNTD1,ENSSSCG00000040866,ENSG00000176563
CNTFR,ENSSSCG00000010974,ENSG00000122756
CNTLN,ENSSSCG00000005178,ENSG00000044459
CNTN1,ENSSSCG00000000789,ENSG00000018236
CNTN2,ENSSSCG00000040824,ENSG00000184144
CNTN3,ENSSSCG00000011522,ENSG00000113805
CNTN4,ENSSSCG00000011527,ENSG00000144619
CNTN5,ENSSSCG00000014975,ENSG00000149972
CNTN6,ENSSSCG00000038152,ENSG00000134115
CNTNAP1,ENSSSCG00000017393,ENSG00000108797
CNTNAP3,ENSSSCG00000033204,ENSG00000106714
CNTNAP4,ENSSSCG00000023125,ENSG00000152910
CNTNAP5,ENSSSCG00000015726,ENSG00000155052
CNTRL,ENSSSCG00000032297,ENSG00000119397
CNTROB,ENSSSCG00000017968,ENSG00000170037
COA1,ENSSSCG00000027491,ENSG00000106603
COA4,ENSSSCG00000014830,ENSG00000181924
COA6,ENSSSCG00000010161,ENSG00000168275
COA7,ENSSSCG00000027119,ENSG00000162377
COASY,ENSSSCG00000017398,ENSG00000068120
COBLL1,ENSSSCG00000025598,ENSG00000082438
COCH,ENSSSCG00000022679,ENSG00000100473
COG1,ENSSSCG00000017248,ENSG00000166685
COG2,ENSSSCG00000010183,ENSG00000135775
COG3,ENSSSCG00000023738,ENSG00000136152
COG4,ENSSSCG00000027973,ENSG00000103051
COG5,ENSSSCG00000037556,ENSG00000164597
COG6,ENSSSCG00000009369,ENSG00000133103
COG7,ENSSSCG00000010799,ENSG00000168434
COG8,ENSSSCG00000002759,ENSG00000213380
COIL,ENSSSCG00000017613,ENSG00000121058
COL10A1,ENSSSCG00000004436,ENSG00000123500
COL11A1,ENSSSCG00000006857,ENSG00000060718
COL12A1,ENSSSCG00000004484,ENSG00000111799
COL13A1,ENSSSCG00000010256,ENSG00000197467
COL14A1,ENSSSCG00000005997,ENSG00000187955
COL15A1,ENSSSCG00000005380,ENSG00000204291
COL16A1,ENSSSCG00000003603,ENSG00000084636
COL17A1,ENSSSCG00000010607,ENSG00000065618
COL18A1,ENSSSCG00000038089,ENSG00000182871
COL19A1,ENSSSCG00000044472,ENSG00000082293
COL1A1,ENSSSCG00000036135,ENSG00000108821
COL1A2,ENSSSCG00000015326,ENSG00000164692
COL20A1,ENSSSCG00000037260,ENSG00000101203
COL21A1,ENSSSCG00000001500,ENSG00000124749
COL22A1,ENSSSCG00000005938,ENSG00000169436
COL23A1,ENSSSCG00000014029,ENSG00000050767
COL24A1,ENSSSCG00000031738,ENSG00000171502
COL25A1,ENSSSCG00000039813,ENSG00000188517
COL27A1,ENSSSCG00000005487,ENSG00000196739
COL28A1,ENSSSCG00000015342,ENSG00000215018
COL2A1,ENSSSCG00000025523,ENSG00000139219
COL3A1,ENSSSCG00000016034,ENSG00000168542
COL4A1,ENSSSCG00000044700,ENSG00000187498
COL4A2,ENSSSCG00000009545,ENSG00000134871
COL4A3,ENSSSCG00000016245,ENSG00000169031
COL4A4,ENSSSCG00000016244,ENSG00000081052
COL4A5,ENSSSCG00000012572,ENSG00000188153
COL4A6,ENSSSCG00000012571,ENSG00000197565
COL5A1,ENSSSCG00000005751,ENSG00000130635
COL5A2,ENSSSCG00000016035,ENSG00000204262
COL5A3,ENSSSCG00000013667,ENSG00000080573
COL6A2,ENSSSCG00000028022,ENSG00000142173
COL6A3,ENSSSCG00000027331,ENSG00000163359
COL6A5,ENSSSCG00000011186,ENSG00000172752
COL6A6,ENSSSCG00000037430,ENSG00000206384
COL7A1,ENSSSCG00000011355,ENSG00000114270
COL8A1,ENSSSCG00000011973,ENSG00000144810
COL8A2,ENSSSCG00000033641,ENSG00000171812
COL9A1,ENSSSCG00000004274,ENSG00000112280
COL9A2,ENSSSCG00000023322,ENSG00000049089
COL9A3,ENSSSCG00000040554,ENSG00000092758
COLEC10,ENSSSCG00000029324,ENSG00000184374
COLEC11,ENSSSCG00000025629,ENSG00000118004
COLEC12,ENSSSCG00000040397,ENSG00000158270
COLGALT2,ENSSSCG00000030217,ENSG00000198756
COLQ,ENSSSCG00000028911,ENSG00000206561
COMMD1,ENSSSCG00000008376,ENSG00000173163
COMMD10,ENSSSCG00000014223,ENSG00000145781
COMMD2,ENSSSCG00000011705,ENSG00000114744
COMMD3,ENSSSCG00000011082,ENSG00000148444
COMMD4,ENSSSCG00000001884,ENSG00000140365
COMMD5,ENSSSCG00000035123,ENSG00000170619
COMMD8,ENSSSCG00000033373,ENSG00000169019
COMMD9,ENSSSCG00000013293,ENSG00000110442
COMP,ENSSSCG00000013916,ENSG00000105664
COMT,ENSSSCG00000010132,ENSG00000093010
COMTD1,ENSSSCG00000037237,ENSG00000165644
COP1,ENSSSCG00000015509,ENSG00000143207
COPA,ENSSSCG00000006386,ENSG00000122218
COPB1,ENSSSCG00000013392,ENSG00000129083
COPB2,ENSSSCG00000011662,ENSG00000184432
COPE,ENSSSCG00000027840,ENSG00000105669
COPG1,ENSSSCG00000011616,ENSG00000181789
COPG2,ENSSSCG00000016553,ENSG00000158623
COPS2,ENSSSCG00000004652,ENSG00000166200
COPS3,ENSSSCG00000018051,ENSG00000141030
COPS4,ENSSSCG00000009241,ENSG00000138663
COPS5,ENSSSCG00000006203,ENSG00000121022
COPS6,ENSSSCG00000034893,ENSG00000168090
COPS7A,ENSSSCG00000000691,ENSG00000111652
COPS7B,ENSSSCG00000033334,ENSG00000144524
COPS8,ENSSSCG00000016323,ENSG00000198612
COPS9,ENSSSCG00000020790,ENSG00000172428
COPZ1,ENSSSCG00000000290,ENSG00000111481
COPZ2,ENSSSCG00000017526,ENSG00000005243
COQ10A,ENSSSCG00000025190,ENSG00000135469
COQ10B,ENSSSCG00000016076,ENSG00000115520
COQ2,ENSSSCG00000009238,ENSG00000173085
COQ3,ENSSSCG00000004349,ENSG00000132423
COQ4,ENSSSCG00000005646,ENSG00000167113
COQ5,ENSSSCG00000009903,ENSG00000110871
COQ6,ENSSSCG00000002354,ENSG00000119723
COQ7,ENSSSCG00000034655,ENSG00000167186
COQ8A,ENSSSCG00000010861,ENSG00000163050
COQ9,ENSSSCG00000025284,ENSG00000088682
CORIN,ENSSSCG00000008813,ENSG00000145244
CORO1A,ENSSSCG00000038055,ENSG00000102879
CORO1B,ENSSSCG00000012920,ENSG00000172725
CORO1C,ENSSSCG00000009944,ENSG00000110880
CORO2A,ENSSSCG00000005375,ENSG00000106789
CORO2B,ENSSSCG00000004962,ENSG00000103647
CORO6,ENSSSCG00000017792,ENSG00000167549
CORT,ENSSSCG00000027822,ENSG00000241563
COTL1,ENSSSCG00000037645,ENSG00000103187
COX10,ENSSSCG00000018023,ENSG00000006695
COX11,ENSSSCG00000031433,ENSG00000166260
COX15,ENSSSCG00000010541,ENSG00000014919
COX16,ENSSSCG00000002316,ENSG00000133983
COX17,ENSSSCG00000011893,ENSG00000138495
COX18,ENSSSCG00000008947,ENSG00000163626
COX19,ENSSSCG00000038964,ENSG00000240230
COX20,ENSSSCG00000039618,ENSG00000203667
COX4I1,ENSSSCG00000029034,ENSG00000131143
COX4I2,ENSSSCG00000038384,ENSG00000131055
COX5A,ENSSSCG00000024316,ENSG00000178741
COX5B,ENSSSCG00000008195,ENSG00000135940
COX6A1,ENSSSCG00000039265,ENSG00000111775
COX6A2,ENSSSCG00000036789,ENSG00000156885
COX6B2,ENSSSCG00000035612,ENSG00000160471
COX7A1,ENSSSCG00000037792,ENSG00000161281
COX7A2,ENSSSCG00000004480,ENSG00000112695
COX7A2L,ENSSSCG00000008466,ENSG00000115944
COX7C,ENSSSCG00000040325,ENSG00000127184
COX8A,ENSSSCG00000013046,ENSG00000176340
COXFA4,ENSSSCG00000024313,ENSG00000189043
CP,ENSSSCG00000011700,ENSG00000047457
CPA1,ENSSSCG00000016557,ENSG00000091704
CPA2,ENSSSCG00000016559,ENSG00000158516
CPA4,ENSSSCG00000016555,ENSG00000128510
CPA6,ENSSSCG00000006200,ENSG00000165078
CPAMD8,ENSSSCG00000013869,ENSG00000160111
CPB1,ENSSSCG00000011694,ENSG00000153002
CPB2,ENSSSCG00000009413,ENSG00000080618
CPD,ENSSSCG00000017799,ENSG00000108582
CPE,ENSSSCG00000008854,ENSG00000109472
CPEB1,ENSSSCG00000001808,ENSG00000214575
CPEB2,ENSSSCG00000038410,ENSG00000137449
CPEB3,ENSSSCG00000010468,ENSG00000107864
CPEB4,ENSSSCG00000016981,ENSG00000113742
CPED1,ENSSSCG00000016618,ENSG00000106034
CPLANE1,ENSSSCG00000016843,ENSG00000197603
CPLANE2,ENSSSCG00000003473,ENSG00000132881
CPLX1,ENSSSCG00000037527,ENSG00000168993
CPLX2,ENSSSCG00000033682,ENSG00000145920
CPLX3,ENSSSCG00000001895,ENSG00000213578
CPLX4,ENSSSCG00000004909,ENSG00000166569
CPM,ENSSSCG00000023630,ENSG00000135678
CPN1,ENSSSCG00000010545,ENSG00000120054
CPN2,ENSSSCG00000025128,ENSG00000178772
CPNE2,ENSSSCG00000021519,ENSG00000140848
CPNE3,ENSSSCG00000006135,ENSG00000085719
CPNE4,ENSSSCG00000011178,ENSG00000196353
CPNE5,ENSSSCG00000001567,ENSG00000124772
CPNE6,ENSSSCG00000002011,ENSG00000100884
CPNE8,ENSSSCG00000000778,ENSG00000139117
CPO,ENSSSCG00000016135,ENSG00000144410
CPOX,ENSSSCG00000011978,ENSG00000080819
CPPED1,ENSSSCG00000024206,ENSG00000103381
CPQ,ENSSSCG00000006087,ENSG00000104324
CPS1,ENSSSCG00000016159,ENSG00000021826
CPSF2,ENSSSCG00000002447,ENSG00000165934
CPSF3,ENSSSCG00000020799,ENSG00000119203
CPSF4,ENSSSCG00000026896,ENSG00000160917
CPSF6,ENSSSCG00000038031,ENSG00000111605
CPSF7,ENSSSCG00000013083,ENSG00000149532
CPT1A,ENSSSCG00000012880,ENSG00000110090
CPT1B,ENSSSCG00000022364,ENSG00000205560
CPT1C,ENSSSCG00000024872,ENSG00000169169
CPT2,ENSSSCG00000003851,ENSG00000157184
CPVL,ENSSSCG00000016688,ENSG00000106066
CPXM1,ENSSSCG00000007170,ENSG00000088882
CPXM2,ENSSSCG00000010728,ENSG00000121898
CPZ,ENSSSCG00000032151,ENSG00000109625
CRABP1,ENSSSCG00000021873,ENSG00000166426
CRABP2,ENSSSCG00000006472,ENSG00000143320
CRACD,ENSSSCG00000008903,ENSG00000109265
CRACDL,ENSSSCG00000008187,ENSG00000196872
CRACR2A,ENSSSCG00000000732,ENSG00000130038
CRACR2B,ENSSSCG00000023933,ENSG00000177685
CRADD,ENSSSCG00000000910,ENSG00000169372
CRAMP1,ENSSSCG00000008026,ENSG00000007545
CRAT,ENSSSCG00000005671,ENSG00000095321
CRB1,ENSSSCG00000021897,ENSG00000134376
CRB2,ENSSSCG00000005584,ENSG00000148204
CRBN,ENSSSCG00000011530,ENSG00000113851
CRCP,ENSSSCG00000032119,ENSG00000241258
CREB1,ENSSSCG00000034395,ENSG00000118260
CREB3,ENSSSCG00000005318,ENSG00000107175
CREB3L1,ENSSSCG00000013263,ENSG00000157613
CREB3L2,ENSSSCG00000016520,ENSG00000182158
CREB3L3,ENSSSCG00000013501,ENSG00000060566
CREB3L4,ENSSSCG00000006560,ENSG00000143578
CREB5,ENSSSCG00000016690,ENSG00000146592
CREBBP,ENSSSCG00000007951,ENSG00000005339
CREBL2,ENSSSCG00000034418,ENSG00000111269
CREBRF,ENSSSCG00000016986,ENSG00000164463
CREBZF,ENSSSCG00000014907,ENSG00000137504
CREG1,ENSSSCG00000006308,ENSG00000143162
CREG2,ENSSSCG00000008166,ENSG00000175874
CRELD1,ENSSSCG00000011560,ENSG00000163703
CRELD2,ENSSSCG00000000981,ENSG00000184164
CREM,ENSSSCG00000011106,ENSG00000095794
CRH,ENSSSCG00000006215,ENSG00000147571
CRHBP,ENSSSCG00000014093,ENSG00000145708
CRHR1,ENSSSCG00000017313,ENSG00000120088
CRHR2,ENSSSCG00000033514,ENSG00000106113
CRIM1,ENSSSCG00000008504,ENSG00000150938
CRIP2,ENSSSCG00000038713,ENSG00000182809
CRIP3,ENSSSCG00000001672,ENSG00000146215
CRISP1,ENSSSCG00000001739,ENSG00000124812
CRISP2,ENSSSCG00000001736,ENSG00000124490
CRISP3,ENSSSCG00000024347,ENSG00000096006
CRISPLD1,ENSSSCG00000006171,ENSG00000121005
CRISPLD2,ENSSSCG00000002669,ENSG00000103196
CRK,ENSSSCG00000038989,ENSG00000167193
CRKL,ENSSSCG00000010095,ENSG00000099942
CRLF1,ENSSSCG00000013909,ENSG00000006016
CRLF3,ENSSSCG00000017743,ENSG00000176390
CRLS1,ENSSSCG00000040202,ENSG00000088766
CRMP1,ENSSSCG00000022896,ENSG00000072832
CRNKL1,ENSSSCG00000038587,ENSG00000101343
CRNN,ENSSSCG00000006604,ENSG00000143536
CROCC,ENSSSCG00000003478,ENSG00000058453
CROCC2,ENSSSCG00000036261,ENSG00000226321
CROT,ENSSSCG00000015391,ENSG00000005469
CRP,ENSSSCG00000006403,ENSG00000132693
CRPPA,ENSSSCG00000015358,ENSG00000214960
CRTAC1,ENSSSCG00000010530,ENSG00000095713
CRTAM,ENSSSCG00000015137,ENSG00000109943
CRTC1,ENSSSCG00000013915,ENSG00000105662
CRTC2,ENSSSCG00000006567,ENSG00000160741
CRTC3,ENSSSCG00000034090,ENSG00000140577
CRX,ENSSSCG00000003124,ENSG00000105392
CRY1,ENSSSCG00000000164,ENSG00000008405
CRY2,ENSSSCG00000013270,ENSG00000121671
CRYAA,ENSSSCG00000038816,ENSG00000160202
CRYAB,ENSSSCG00000036724,ENSG00000109846
CRYBA1,ENSSSCG00000040641,ENSG00000108255
CRYBA2,ENSSSCG00000040776,ENSG00000163499
CRYBA4,ENSSSCG00000043809,ENSG00000196431
CRYBB1,ENSSSCG00000009964,ENSG00000100122
CRYBB2,ENSSSCG00000009955,ENSG00000244752
CRYBB3,ENSSSCG00000009954,ENSG00000100053
CRYBG1,ENSSSCG00000004371,ENSG00000112297
CRYBG2,ENSSSCG00000033539,ENSG00000176092
CRYBG3,ENSSSCG00000022895,ENSG00000080200
CRYGN,ENSSSCG00000038413,ENSG00000127377
CRYGS,ENSSSCG00000040431,ENSG00000213139
CRYL1,ENSSSCG00000009268,ENSG00000165475
CRYM,ENSSSCG00000007849,ENSG00000103316
CRYZ,ENSSSCG00000003780,ENSG00000116791
CRYZL1,ENSSSCG00000028377,ENSG00000205758
CS,ENSSSCG00000035686,ENSG00000062485
CSAD,ENSSSCG00000000259,ENSG00000139631
CSDC2,ENSSSCG00000000062,ENSG00000172346
CSDE1,ENSSSCG00000006752,ENSG00000009307
CSE1L,ENSSSCG00000025534,ENSG00000124207
CSF1,ENSSSCG00000037449,ENSG00000184371
CSF1R,ENSSSCG00000014441,ENSG00000182578
CSF2,ENSSSCG00000023737,ENSG00000164400
CSF2RA,ENSSSCG00000030088,ENSG00000198223
CSF2RB,ENSSSCG00000000136,ENSG00000100368
CSF3,ENSSSCG00000017488,ENSG00000108342
CSF3R,ENSSSCG00000025795,ENSG00000119535
CSGALNACT1,ENSSSCG00000035371,ENSG00000147408
CSGALNACT2,ENSSSCG00000010200,ENSG00000169826
CSK,ENSSSCG00000001900,ENSG00000103653
CSKMT,ENSSSCG00000027847,ENSG00000214756
CSMD1,ENSSSCG00000015748,ENSG00000183117
CSMD3,ENSSSCG00000031031,ENSG00000164796
CSN1S1,ENSSSCG00000009262,ENSG00000126545
CSN2,ENSSSCG00000009261,ENSG00000135222
CSN3,ENSSSCG00000009267,ENSG00000171209
CSNK1A1,ENSSSCG00000014435,ENSG00000113712
CSNK1D,ENSSSCG00000035852,ENSG00000141551
CSNK1E,ENSSSCG00000000107,ENSG00000213923
CSNK1G1,ENSSSCG00000004558,ENSG00000169118
CSNK1G2,ENSSSCG00000013445,ENSG00000133275
CSNK1G3,ENSSSCG00000014240,ENSG00000151292
CSNK2A1,ENSSSCG00000007203,ENSG00000101266
CSNK2A2,ENSSSCG00000002804,ENSG00000070770
CSPG4,ENSSSCG00000001873,ENSG00000173546
CSPG5,ENSSSCG00000039224,ENSG00000114646
CSPP1,ENSSSCG00000006202,ENSG00000104218
CSRNP1,ENSSSCG00000011264,ENSG00000144655
CSRNP2,ENSSSCG00000037029,ENSG00000110925
CSRNP3,ENSSSCG00000015906,ENSG00000178662
CSRP1,ENSSSCG00000020976,ENSG00000159176
CSRP2,ENSSSCG00000000951,ENSG00000175183
CSRP3,ENSSSCG00000013354,ENSG00000129170
CST11,ENSSSCG00000007122,ENSG00000125831
CST3,ENSSSCG00000037360,ENSG00000101439
CST6,ENSSSCG00000012960,ENSG00000175315
CST7,ENSSSCG00000007131,ENSG00000077984
CST8,ENSSSCG00000007124,ENSG00000125815
CSTB,ENSSSCG00000027357,ENSG00000160213
CSTF1,ENSSSCG00000007494,ENSG00000101138
CSTF2,ENSSSCG00000012486,ENSG00000101811
CSTF2T,ENSSSCG00000010430,ENSG00000177613
CSTF3,ENSSSCG00000040954,ENSG00000176102
CSTL1,ENSSSCG00000007121,ENSG00000125823
CSTPP1,ENSSSCG00000013246,ENSG00000149179
CTBP1,ENSSSCG00000031302,ENSG00000159692
CTBP2,ENSSSCG00000010739,ENSG00000175029
CTBS,ENSSSCG00000003758,ENSG00000117151
CTC1,ENSSSCG00000026818,ENSG00000178971
CTCF,ENSSSCG00000024253,ENSG00000102974
CTCFL,ENSSSCG00000007505,ENSG00000124092
CTDNEP1,ENSSSCG00000017935,ENSG00000175826
CTDP1,ENSSSCG00000005787,ENSG00000060069
CTDSP1,ENSSSCG00000036938,ENSG00000144579
CTDSP2,ENSSSCG00000031707,ENSG00000175215
CTDSPL,ENSSSCG00000028740,ENSG00000144677
CTDSPL2,ENSSSCG00000035827,ENSG00000137770
CTF1,ENSSSCG00000007774,ENSG00000150281
CTH,ENSSSCG00000003789,ENSG00000116761
CTHRC1,ENSSSCG00000006051,ENSG00000164932
CTIF,ENSSSCG00000004506,ENSG00000134030
CTLA4,ENSSSCG00000016122,ENSG00000163599
CTNNA1,ENSSSCG00000014339,ENSG00000044115
CTNNA2,ENSSSCG00000008250,ENSG00000066032
CTNNA3,ENSSSCG00000036480,ENSG00000183230
CTNNB1,ENSSSCG00000011274,ENSG00000168036
CTNNBIP1,ENSSSCG00000036868,ENSG00000178585
CTNNBL1,ENSSSCG00000007337,ENSG00000132792
CTNND1,ENSSSCG00000013174,ENSG00000198561
CTNND2,ENSSSCG00000016780,ENSG00000169862
CTNS,ENSSSCG00000017865,ENSG00000040531
CTPS1,ENSSSCG00000003973,ENSG00000171793
CTPS2,ENSSSCG00000012146,ENSG00000047230
CTR9,ENSSSCG00000013406,ENSG00000198730
CTRB2,ENSSSCG00000023127,ENSG00000168928
CTRL,ENSSSCG00000023849,ENSG00000141086
CTSA,ENSSSCG00000007431,ENSG00000064601
CTSB,ENSSSCG00000023666,ENSG00000164733
CTSC,ENSSSCG00000014924,ENSG00000109861
CTSD,ENSSSCG00000040793,ENSG00000117984
CTSF,ENSSSCG00000038918,ENSG00000174080
CTSH,ENSSSCG00000001770,ENSG00000103811
CTSL,ENSSSCG00000010948,ENSG00000135047
CTSS,ENSSSCG00000006648,ENSG00000163131
CTSV,ENSSSCG00000011171,ENSG00000136943
CTSW,ENSSSCG00000012970,ENSG00000172543
CTSZ,ENSSSCG00000007522,ENSG00000101160
CTTN,ENSSSCG00000031769,ENSG00000085733
CTTNBP2,ENSSSCG00000016625,ENSG00000077063
CTTNBP2NL,ENSSSCG00000006781,ENSG00000143079
CTU1,ENSSSCG00000040236,ENSG00000142544
CTU2,ENSSSCG00000033920,ENSG00000174177
CTXN1,ENSSSCG00000036220,ENSG00000178531
CTXN2,ENSSSCG00000040204,ENSG00000233932
CTXN3,ENSSSCG00000036570,ENSG00000205279
CUBN,ENSSSCG00000011030,ENSG00000107611
CUEDC1,ENSSSCG00000017624,ENSG00000180891
CUEDC2,ENSSSCG00000033359,ENSG00000107874
CUL1,ENSSSCG00000015455,ENSG00000055130
CUL2,ENSSSCG00000011104,ENSG00000108094
CUL3,ENSSSCG00000016234,ENSG00000036257
CUL4A,ENSSSCG00000009556,ENSG00000139842
CUL4B,ENSSSCG00000029478,ENSG00000158290
CUL5,ENSSSCG00000029198,ENSG00000166266
CUL7,ENSSSCG00000001657,ENSG00000044090
CUL9,ENSSSCG00000030196,ENSG00000112659
CUTC,ENSSSCG00000010542,ENSG00000119929
CUX1,ENSSSCG00000007681,ENSG00000257923
CUX2,ENSSSCG00000009831,ENSG00000111249
CWC15,ENSSSCG00000014961,ENSG00000150316
CWC22,ENSSSCG00000016008,ENSG00000163510
CWC27,ENSSSCG00000016942,ENSG00000153015
CWF19L1,ENSSSCG00000010550,ENSG00000095485
CWF19L2,ENSSSCG00000028201,ENSG00000152404
CWH43,ENSSSCG00000008830,ENSG00000109182
CX3CL1,ENSSSCG00000024759,ENSG00000006210
CX3CR1,ENSSSCG00000024024,ENSG00000168329
CXADR,ENSSSCG00000032702,ENSG00000154639
CXCL10,ENSSSCG00000032474,ENSG00000169245
CXCL11,ENSSSCG00000008978,ENSG00000169248
CXCL12,ENSSSCG00000034973,ENSG00000107562
CXCL14,ENSSSCG00000014310,ENSG00000145824
CXCL16,ENSSSCG00000017920,ENSG00000161921
CXCL2,ENSSSCG00000008959,ENSG00000081041
CXCL8,ENSSSCG00000008953,ENSG00000169429
CXCL9,ENSSSCG00000032777,ENSG00000138755
CXCR2,ENSSSCG00000016184,ENSG00000180871
CXCR3,ENSSSCG00000012402,ENSG00000186810
CXCR4,ENSSSCG00000039416,ENSG00000121966
CXCR5,ENSSSCG00000015098,ENSG00000160683
CXCR6,ENSSSCG00000011318,ENSG00000172215
CXXC1,ENSSSCG00000004517,ENSG00000154832
CXXC5,ENSSSCG00000037898,ENSG00000171604
CXorf38,ENSSSCG00000012249,ENSG00000185753
CXorf65,ENSSSCG00000030796,ENSG00000204165
CYB561,ENSSSCG00000017297,ENSG00000008283
CYB561A3,ENSSSCG00000013086,ENSG00000162144
CYB561D1,ENSSSCG00000006827,ENSG00000174151
CYB5A,ENSSSCG00000004875,ENSG00000166347
CYB5B,ENSSSCG00000033944,ENSG00000103018
CYB5D2,ENSSSCG00000017876,ENSG00000167740
CYB5R1,ENSSSCG00000010929,ENSG00000159348
CYB5R3,ENSSSCG00000000038,ENSG00000100243
CYB5R4,ENSSSCG00000022994,ENSG00000065615
CYB5RL,ENSSSCG00000020677,ENSG00000215883
CYBA,ENSSSCG00000031493,ENSG00000051523
CYBB,ENSSSCG00000036246,ENSG00000165168
CYBC1,ENSSSCG00000017127,ENSG00000178927
CYBRD1,ENSSSCG00000025049,ENSG00000071967
CYC1,ENSSSCG00000031918,ENSG00000179091
CYCS,ENSSSCG00000016714,ENSG00000172115
CYFIP2,ENSSSCG00000017054,ENSG00000055163
CYGB,ENSSSCG00000017181,ENSG00000161544
CYLC1,ENSSSCG00000012455,ENSG00000183035
CYLC2,ENSSSCG00000005401,ENSG00000155833
CYLD,ENSSSCG00000040286,ENSG00000083799
CYP11A1,ENSSSCG00000025273,ENSG00000140459
CYP11B2,ENSSSCG00000031563,ENSG00000179142
CYP17A1,ENSSSCG00000010591,ENSG00000148795
CYP1A1,ENSSSCG00000001906,ENSG00000140465
CYP1A2,ENSSSCG00000001901,ENSG00000140505
CYP1B1,ENSSSCG00000033844,ENSG00000138061
CYP24A1,ENSSSCG00000007486,ENSG00000019186
CYP26A1,ENSSSCG00000010475,ENSG00000095596
CYP26B1,ENSSSCG00000008311,ENSG00000003137
CYP26C1,ENSSSCG00000010474,ENSG00000187553
CYP27A1,ENSSSCG00000016199,ENSG00000135929
CYP27B1,ENSSSCG00000028637,ENSG00000111012
CYP2E1,ENSSSCG00000010780,ENSG00000130649
CYP2F1,ENSSSCG00000002994,ENSG00000197446
CYP2R1,ENSSSCG00000013389,ENSG00000186104
CYP2S1,ENSSSCG00000032803,ENSG00000167600
CYP2U1,ENSSSCG00000009151,ENSG00000155016
CYP2W1,ENSSSCG00000007549,ENSG00000073067
CYP39A1,ENSSSCG00000001718,ENSG00000146233
CYP46A1,ENSSSCG00000002510,ENSG00000036530
CYP4B1,ENSSSCG00000003894,ENSG00000142973
CYP4F22,ENSSSCG00000023607,ENSG00000171954
CYP4V2,ENSSSCG00000032687,ENSG00000145476
CYP4X1,ENSSSCG00000031778,ENSG00000186377
CYP51A1,ENSSSCG00000015311,ENSG00000001630
CYP7A1,ENSSSCG00000006238,ENSG00000167910
CYP7B1,ENSSSCG00000022092,ENSG00000172817
CYRIA,ENSSSCG00000008617,ENSG00000197872
CYRIB,ENSSSCG00000005959,ENSG00000153310
CYS1,ENSSSCG00000040267,ENSG00000205795
CYSLTR1,ENSSSCG00000039203,ENSG00000173198
CYSLTR2,ENSSSCG00000009399,ENSG00000152207
CYSRT1,ENSSSCG00000005857,ENSG00000197191
CYSTM1,ENSSSCG00000014361,ENSG00000120306
CYTH1,ENSSSCG00000017167,ENSG00000108669
CYTH2,ENSSSCG00000003136,ENSG00000105443
CYTH3,ENSSSCG00000034768,ENSG00000008256
CYTH4,ENSSSCG00000000130,ENSG00000100055
CYTIP,ENSSSCG00000029753,ENSG00000115165
CYTL1,ENSSSCG00000008725,ENSG00000170891
CYYR1,ENSSSCG00000037935,ENSG00000166265
CZIB,ENSSSCG00000003850,ENSG00000162384
D2HGDH,ENSSSCG00000034101,ENSG00000180902
DAAM1,ENSSSCG00000005078,ENSG00000100592
DAAM2,ENSSSCG00000001595,ENSG00000146122
DAB1,ENSSSCG00000003833,ENSG00000173406
DAB2,ENSSSCG00000016857,ENSG00000153071
DAB2IP,ENSSSCG00000005524,ENSG00000136848
DACH2,ENSSSCG00000036515,ENSG00000126733
DACT1,ENSSSCG00000031856,ENSG00000165617
DACT2,ENSSSCG00000031703,ENSG00000164488
DACT3,ENSSSCG00000022280,ENSG00000197380
DAD1,ENSSSCG00000002050,ENSG00000129562
DAG1,ENSSSCG00000034357,ENSG00000173402
DAGLA,ENSSSCG00000013079,ENSG00000134780
DAGLB,ENSSSCG00000027288,ENSG00000164535
DALRD3,ENSSSCG00000011370,ENSG00000178149
DAO,ENSSSCG00000009942,ENSG00000110887
DAP,ENSSSCG00000032942,ENSG00000112977
DAP3,ENSSSCG00000006507,ENSG00000132676
DAPK1,ENSSSCG00000010949,ENSG00000196730
DAPK2,ENSSSCG00000021588,ENSG00000035664
DAPK3,ENSSSCG00000032170,ENSG00000167657
DAPL1,ENSSSCG00000015879,ENSG00000163331
DAPP1,ENSSSCG00000039327,ENSG00000070190
DARS1,ENSSSCG00000015689,ENSG00000115866
DARS2,ENSSSCG00000015492,ENSG00000117593
DAW1,ENSSSCG00000016255,ENSG00000123977
DAZAP1,ENSSSCG00000013427,ENSG00000071626
DAZAP2,ENSSSCG00000022674,ENSG00000183283
DAZL,ENSSSCG00000030671,ENSG00000092345
DBF4,ENSSSCG00000020870,ENSG00000006634
DBF4B,ENSSSCG00000037238,ENSG00000161692
DBH,ENSSSCG00000005742,ENSG00000123454
DBI,ENSSSCG00000032213,ENSG00000155368
DBN1,ENSSSCG00000040706,ENSG00000113758
DBNDD1,ENSSSCG00000002637,ENSG00000003249
DBNDD2,ENSSSCG00000033586,ENSG00000244274
DBNL,ENSSSCG00000016721,ENSG00000136279
DBP,ENSSSCG00000003148,ENSG00000105516
DBR1,ENSSSCG00000031098,ENSG00000138231
DBT,ENSSSCG00000006866,ENSG00000137992
DBX1,ENSSSCG00000013350,ENSG00000109851
DBX2,ENSSSCG00000035938,ENSG00000185610
DCAF1,ENSSSCG00000011417,ENSG00000145041
DCAF10,ENSSSCG00000005356,ENSG00000122741
DCAF11,ENSSSCG00000002008,ENSG00000100897
DCAF12,ENSSSCG00000024384,ENSG00000198876
DCAF12L2,ENSSSCG00000012645,ENSG00000198354
DCAF13,ENSSSCG00000006048,ENSG00000164934
DCAF15,ENSSSCG00000013763,ENSG00000132017
DCAF16,ENSSSCG00000040393,ENSG00000163257
DCAF17,ENSSSCG00000015947,ENSG00000115827
DCAF5,ENSSSCG00000039701,ENSG00000139990
DCAF6,ENSSSCG00000006303,ENSG00000143164
DCAF7,ENSSSCG00000017294,ENSG00000136485
DCAF8,ENSSSCG00000006388,ENSG00000132716
DCAKD,ENSSSCG00000017340,ENSG00000172992
DCBLD1,ENSSSCG00000004254,ENSG00000164465
DCBLD2,ENSSSCG00000011977,ENSG00000057019
DCC,ENSSSCG00000040836,ENSG00000187323
DCDC2,ENSSSCG00000001085,ENSG00000146038
DCDC2B,ENSSSCG00000022014,ENSG00000222046
DCDC2C,ENSSSCG00000008651,ENSG00000214866
DCHS1,ENSSSCG00000029189,ENSG00000166341
DCHS2,ENSSSCG00000026886,ENSG00000197410
DCLK1,ENSSSCG00000033919,ENSG00000133083
DCLK2,ENSSSCG00000009023,ENSG00000170390
DCLK3,ENSSSCG00000011241,ENSG00000163673
DCLRE1A,ENSSSCG00000010644,ENSG00000198924
DCLRE1B,ENSSSCG00000006761,ENSG00000118655
DCLRE1C,ENSSSCG00000011049,ENSG00000152457
DCN,ENSSSCG00000000915,ENSG00000011465
DCP1A,ENSSSCG00000022616,ENSG00000272886
DCP1B,ENSSSCG00000023976,ENSG00000151065
DCP2,ENSSSCG00000014204,ENSG00000172795
DCPS,ENSSSCG00000015231,ENSG00000110063
DCST1,ENSSSCG00000035071,ENSG00000163357
DCSTAMP,ENSSSCG00000006043,ENSG00000164935
DCT,ENSSSCG00000009490,ENSG00000080166
DCTD,ENSSSCG00000015775,ENSG00000129187
DCTN1,ENSSSCG00000008274,ENSG00000204843
DCTN2,ENSSSCG00000000444,ENSG00000175203
DCTN3,ENSSSCG00000010972,ENSG00000137100
DCTN4,ENSSSCG00000021427,ENSG00000132912
DCTN5,ENSSSCG00000040943,ENSG00000166847
DCTN6,ENSSSCG00000038895,ENSG00000104671
DCTPP1,ENSSSCG00000007795,ENSG00000179958
DCUN1D2,ENSSSCG00000026536,ENSG00000150401
DCUN1D3,ENSSSCG00000007854,ENSG00000188215
DCUN1D4,ENSSSCG00000008831,ENSG00000109184
DCUN1D5,ENSSSCG00000014989,ENSG00000137692
DCX,ENSSSCG00000012585,ENSG00000077279
DCXR,ENSSSCG00000039873,ENSG00000169738
DDA1,ENSSSCG00000031251,ENSG00000130311
DDAH1,ENSSSCG00000040735,ENSG00000153904
DDB1,ENSSSCG00000013094,ENSG00000167986
DDB2,ENSSSCG00000013243,ENSG00000134574
DDC,ENSSSCG00000022009,ENSG00000132437
DDHD1,ENSSSCG00000005043,ENSG00000100523
DDHD2,ENSSSCG00000015818,ENSG00000085788
DDI1,ENSSSCG00000014995,ENSG00000170967
DDIAS,ENSSSCG00000014898,ENSG00000165490
DDIT3,ENSSSCG00000050998,ENSG00000175197
DDIT4,ENSSSCG00000031888,ENSG00000168209
DDIT4L,ENSSSCG00000025240,ENSG00000145358
DDN,ENSSSCG00000000184,ENSG00000181418
DDO,ENSSSCG00000004401,ENSG00000203797
DDOST,ENSSSCG00000003505,ENSG00000244038
DDR2,ENSSSCG00000006338,ENSG00000162733
DDRGK1,ENSSSCG00000007160,ENSG00000198171
DDX1,ENSSSCG00000008619,ENSG00000079785
DDX11,ENSSSCG00000000745,ENSG00000013573
DDX17,ENSSSCG00000000104,ENSG00000100201
DDX18,ENSSSCG00000015712,ENSG00000088205
DDX19B,ENSSSCG00000002722,ENSG00000157349
DDX20,ENSSSCG00000006783,ENSG00000064703
DDX21,ENSSSCG00000010247,ENSG00000165732
DDX23,ENSSSCG00000000176,ENSG00000174243
DDX24,ENSSSCG00000002470,ENSG00000089737
DDX25,ENSSSCG00000015223,ENSG00000109832
DDX27,ENSSSCG00000022915,ENSG00000124228
DDX28,ENSSSCG00000026038,ENSG00000182810
DDX31,ENSSSCG00000005729,ENSG00000125485
DDX39A,ENSSSCG00000013776,ENSG00000123136
DDX3X,ENSSSCG00000012252,ENSG00000215301
DDX4,ENSSSCG00000016913,ENSG00000152670
DDX41,ENSSSCG00000032642,ENSG00000183258
DDX42,ENSSSCG00000017289,ENSG00000198231
DDX43,ENSSSCG00000004287,ENSG00000080007
DDX46,ENSSSCG00000026644,ENSG00000145833
DDX47,ENSSSCG00000033149,ENSG00000213782
DDX49,ENSSSCG00000025329,ENSG00000105671
DDX5,ENSSSCG00000032092,ENSG00000108654
DDX50,ENSSSCG00000010246,ENSG00000107625
DDX51,ENSSSCG00000028735,ENSG00000185163
DDX54,ENSSSCG00000009876,ENSG00000123064
DDX55,ENSSSCG00000009771,ENSG00000111364
DDX56,ENSSSCG00000016745,ENSG00000136271
DDX59,ENSSSCG00000024444,ENSG00000118197
DDX6,ENSSSCG00000015097,ENSG00000110367
DDX60,ENSSSCG00000009720,ENSG00000137628
DEAF1,ENSSSCG00000012850,ENSG00000177030
DECR1,ENSSSCG00000006126,ENSG00000104325
DECR2,ENSSSCG00000007987,ENSG00000242612
DEDD,ENSSSCG00000006365,ENSG00000158796
DEDD2,ENSSSCG00000030182,ENSG00000160570
DEF6,ENSSSCG00000001538,ENSG00000023892
DEF8,ENSSSCG00000002640,ENSG00000140995
DEFB1,ENSSSCG00000029990,ENSG00000164825
DEFB110,ENSSSCG00000001743,ENSG00000203970
DEFB112,ENSSSCG00000036460,ENSG00000180872
DEFB113,ENSSSCG00000034490,ENSG00000214642
DEFB114,ENSSSCG00000001741,ENSG00000177684
DEFB115,ENSSSCG00000007216,ENSG00000215547
DEFB116,ENSSSCG00000007215,ENSG00000215545
DEFB125,ENSSSCG00000007217,ENSG00000178591
DEFB127,ENSSSCG00000035759,ENSG00000088782
DEFB129,ENSSSCG00000007218,ENSG00000125903
DEFB133,ENSSSCG00000031069,ENSG00000214643
DEGS1,ENSSSCG00000024484,ENSG00000143753
DEGS2,ENSSSCG00000002512,ENSG00000168350
DELE1,ENSSSCG00000014396,ENSG00000081791
DENND10,ENSSSCG00000010680,ENSG00000119979
DENND1A,ENSSSCG00000005585,ENSG00000119522
DENND1B,ENSSSCG00000010900,ENSG00000213047
DENND1C,ENSSSCG00000013546,ENSG00000205744
DENND2A,ENSSSCG00000016497,ENSG00000146966
DENND2B,ENSSSCG00000014568,ENSG00000166444
DENND2C,ENSSSCG00000006755,ENSG00000175984
DENND2D,ENSSSCG00000025704,ENSG00000162777
DENND3,ENSSSCG00000030831,ENSG00000105339
DENND4A,ENSSSCG00000004938,ENSG00000174485
DENND4B,ENSSSCG00000006568,ENSG00000198837
DENND4C,ENSSSCG00000005170,ENSG00000137145
DENND5A,ENSSSCG00000014578,ENSG00000184014
DENND5B,ENSSSCG00000022636,ENSG00000170456
DENND6A,ENSSSCG00000011467,ENSG00000174839
DENND6B,ENSSSCG00000034272,ENSG00000205593
DENR,ENSSSCG00000009788,ENSG00000139726
DEPDC1,ENSSSCG00000033443,ENSG00000024526
DEPDC5,ENSSSCG00000010034,ENSG00000100150
DEPDC7,ENSSSCG00000042341,ENSG00000121690
DEPP1,ENSSSCG00000022256,ENSG00000165507
DEPTOR,ENSSSCG00000049630,ENSG00000155792
DERA,ENSSSCG00000000599,ENSG00000023697
DERL2,ENSSSCG00000031530,ENSG00000072849
DERL3,ENSSSCG00000039626,ENSG00000099958
DES,ENSSSCG00000020785,ENSG00000175084
DESI1,ENSSSCG00000034265,ENSG00000100418
DESI2,ENSSSCG00000010876,ENSG00000121644
DET1,ENSSSCG00000005103,ENSG00000140543
DEUP1,ENSSSCG00000014943,ENSG00000165325
DFFA,ENSSSCG00000003404,ENSG00000160049
DFFB,ENSSSCG00000021436,ENSG00000169598
DGAT1,ENSSSCG00000005918,ENSG00000185000
DGAT2,ENSSSCG00000034102,ENSG00000062282
DGAT2L6,ENSSSCG00000012381,ENSG00000184210
DGCR2,ENSSSCG00000036280,ENSG00000070413
DGCR6L,ENSSSCG00000032073,ENSG00000128185
DGCR8,ENSSSCG00000010135,ENSG00000128191
DGKA,ENSSSCG00000000370,ENSG00000065357
DGKB,ENSSSCG00000015355,ENSG00000136267
DGKD,ENSSSCG00000009432,ENSG00000077044
DGKE,ENSSSCG00000017615,ENSG00000153933
DGKG,ENSSSCG00000022550,ENSG00000058866
DGKH,ENSSSCG00000009431,ENSG00000102780
DGKI,ENSSSCG00000016521,ENSG00000157680
DGKQ,ENSSSCG00000027286,ENSG00000145214
DGKZ,ENSSSCG00000013259,ENSG00000149091
DGUOK,ENSSSCG00000008293,ENSG00000114956
DHCR24,ENSSSCG00000027525,ENSG00000116133
DHCR7,ENSSSCG00000021181,ENSG00000172893
DHDDS,ENSSSCG00000033516,ENSG00000117682
DHDH,ENSSSCG00000003144,ENSG00000104808
DHFR,ENSSSCG00000031117,ENSG00000228716
DHH,ENSSSCG00000000188,ENSG00000139549
DHODH,ENSSSCG00000002746,ENSG00000102967
DHPS,ENSSSCG00000013723,ENSG00000095059
DHRS1,ENSSSCG00000001991,ENSG00000157379
DHRS13,ENSSSCG00000017778,ENSG00000167536
DHRS3,ENSSSCG00000003439,ENSG00000162496
DHRS4,ENSSSCG00000002013,ENSG00000157326
DHRS7,ENSSSCG00000005083,ENSG00000100612
DHRS7B,ENSSSCG00000031802,ENSG00000109016
DHRS7C,ENSSSCG00000017996,ENSG00000184544
DHRS9,ENSSSCG00000015930,ENSG00000073737
DHRSX,ENSSSCG00000039144,ENSG00000169084
DHTKD1,ENSSSCG00000039539,ENSG00000181192
DHX15,ENSSSCG00000008756,ENSG00000109606
DHX29,ENSSSCG00000016907,ENSG00000067248
DHX30,ENSSSCG00000011342,ENSG00000132153
DHX32,ENSSSCG00000010744,ENSG00000089876
DHX33,ENSSSCG00000039064,ENSG00000005100
DHX34,ENSSSCG00000003114,ENSG00000134815
DHX35,ENSSSCG00000007352,ENSG00000101452
DHX36,ENSSSCG00000024916,ENSG00000174953
DHX37,ENSSSCG00000009758,ENSG00000150990
DHX38,ENSSSCG00000002748,ENSG00000140829
DHX40,ENSSSCG00000017665,ENSG00000108406
DHX57,ENSSSCG00000008479,ENSG00000163214
DHX58,ENSSSCG00000017416,ENSG00000108771
DHX8,ENSSSCG00000017378,ENSG00000067596
DHX9,ENSSSCG00000026806,ENSG00000135829
DIABLO,ENSSSCG00000009799,ENSG00000184047
DIAPH1,ENSSSCG00000014387,ENSG00000131504
DIAPH2,ENSSSCG00000012474,ENSG00000147202
DIAPH3,ENSSSCG00000009448,ENSG00000139734
DICER1,ENSSSCG00000028225,ENSG00000100697
DIDO1,ENSSSCG00000033946,ENSG00000101191
DIMT1,ENSSSCG00000031990,ENSG00000086189
DIO1,ENSSSCG00000028896,ENSG00000211452
DIO2,ENSSSCG00000040638,ENSG00000211448
DIO3,ENSSSCG00000036990,ENSG00000197406
DIP2A,ENSSSCG00000035657,ENSG00000160305
DIP2B,ENSSSCG00000029196,ENSG00000066084
DIP2C,ENSSSCG00000011163,ENSG00000151240
DIPK1A,ENSSSCG00000006900,ENSG00000154511
DIPK1B,ENSSSCG00000005837,ENSG00000165716
DIPK1C,ENSSSCG00000039486,ENSG00000187773
DIPK2A,ENSSSCG00000036206,ENSG00000181744
DIPK2B,ENSSSCG00000026984,ENSG00000147113
DIRAS1,ENSSSCG00000038013,ENSG00000176490
DIRAS2,ENSSSCG00000031694,ENSG00000165023
DIRAS3,ENSSSCG00000003797,ENSG00000162595
DIS3,ENSSSCG00000009460,ENSG00000083520
DIS3L,ENSSSCG00000004941,ENSG00000166938
DIS3L2,ENSSSCG00000022177,ENSG00000144535
DISC1,ENSSSCG00000010170,ENSG00000162946
DISP1,ENSSSCG00000035479,ENSG00000154309
DISP2,ENSSSCG00000004776,ENSG00000140323
DISP3,ENSSSCG00000003417,ENSG00000204624
DKC1,ENSSSCG00000012823,ENSG00000130826
DKK1,ENSSSCG00000010428,ENSG00000107984
DKK2,ENSSSCG00000032094,ENSG00000155011
DKK3,ENSSSCG00000013401,ENSG00000050165
DKK4,ENSSSCG00000007029,ENSG00000104371
DKKL1,ENSSSCG00000038579,ENSG00000104901
DLAT,ENSSSCG00000015030,ENSG00000150768
DLC1,ENSSSCG00000006970,ENSG00000164741
DLD,ENSSSCG00000015443,ENSG00000091140
DLEC1,ENSSSCG00000011249,ENSG00000008226
DLEU7,ENSSSCG00000009387,ENSG00000186047
DLG1,ENSSSCG00000011833,ENSG00000075711
DLG2,ENSSSCG00000014904,ENSG00000150672
DLG3,ENSSSCG00000012375,ENSG00000082458
DLG4,ENSSSCG00000024285,ENSG00000132535
DLG5,ENSSSCG00000026268,ENSG00000151208
DLGAP1,ENSSSCG00000003690,ENSG00000170579
DLGAP2,ENSSSCG00000015746,ENSG00000198010
DLGAP3,ENSSSCG00000040173,ENSG00000116544
DLGAP4,ENSSSCG00000007317,ENSG00000080845
DLGAP5,ENSSSCG00000005056,ENSG00000126787
DLK1,ENSSSCG00000035805,ENSG00000185559
DLK2,ENSSSCG00000001682,ENSG00000171462
DLL1,ENSSSCG00000027726,ENSG00000198719
DLL3,ENSSSCG00000002987,ENSG00000090932
DLL4,ENSSSCG00000004755,ENSG00000128917
DLST,ENSSSCG00000002374,ENSG00000119689
DLX1,ENSSSCG00000015953,ENSG00000144355
DLX2,ENSSSCG00000015954,ENSG00000115844
DLX3,ENSSSCG00000017589,ENSG00000064195
DLX4,ENSSSCG00000034653,ENSG00000108813
DLX5,ENSSSCG00000038838,ENSG00000105880
DLX6,ENSSSCG00000033314,ENSG00000006377
DMAC1,ENSSSCG00000005196,ENSG00000137038
DMAC2,ENSSSCG00000032711,ENSG00000105341
DMAC2L,ENSSSCG00000031354,ENSG00000125375
DMAP1,ENSSSCG00000034096,ENSG00000178028
DMBX1,ENSSSCG00000003900,ENSG00000197587
DMC1,ENSSSCG00000000103,ENSG00000100206
DMD,ENSSSCG00000028148,ENSG00000198947
DMGDH,ENSSSCG00000014110,ENSG00000132837
DMKN,ENSSSCG00000041481,ENSG00000161249
DMP1,ENSSSCG00000009220,ENSG00000152592
DMPK,ENSSSCG00000038969,ENSG00000104936
DMRT1,ENSSSCG00000005236,ENSG00000137090
DMRT2,ENSSSCG00000005233,ENSG00000173253
DMRT3,ENSSSCG00000040481,ENSG00000064218
DMRTA1,ENSSSCG00000005131,ENSG00000176399
DMRTA2,ENSSSCG00000030552,ENSG00000142700
DMRTB1,ENSSSCG00000003847,ENSG00000143006
DMRTC2,ENSSSCG00000003043,ENSG00000142025
DMTF1,ENSSSCG00000015393,ENSG00000135164
DMTN,ENSSSCG00000009613,ENSG00000158856
DMWD,ENSSSCG00000038738,ENSG00000185800
DMXL1,ENSSSCG00000027857,ENSG00000172869
DMXL2,ENSSSCG00000032517,ENSG00000104093
DNA2,ENSSSCG00000010240,ENSG00000138346
DNAAF1,ENSSSCG00000002675,ENSG00000154099
DNAAF10,ENSSSCG00000008353,ENSG00000243667
DNAAF11,ENSSSCG00000005952,ENSG00000129295
DNAAF4,ENSSSCG00000004608,ENSG00000256061
DNAAF5,ENSSSCG00000007543,ENSG00000164818
DNAAF6,ENSSSCG00000012558,ENSG00000080572
DNAAF8,ENSSSCG00000007935,ENSG00000166246
DNAAF9,ENSSSCG00000007155,ENSG00000088854
DNAH1,ENSSSCG00000028184,ENSG00000114841
DNAH10,ENSSSCG00000009765,ENSG00000197653
DNAH11,ENSSSCG00000015379,ENSG00000105877
DNAH12,ENSSSCG00000020990,ENSG00000174844
DNAH14,ENSSSCG00000031483,ENSG00000185842
DNAH17,ENSSSCG00000036056,ENSG00000187775
DNAH2,ENSSSCG00000017963,ENSG00000183914
DNAH3,ENSSSCG00000046747,ENSG00000158486
DNAH5,ENSSSCG00000032827,ENSG00000039139
DNAH6,ENSSSCG00000045529,ENSG00000115423
DNAH7,ENSSSCG00000032814,ENSG00000118997
DNAH9,ENSSSCG00000018015,ENSG00000007174
DNAI1,ENSSSCG00000039342,ENSG00000122735
DNAI2,ENSSSCG00000024357,ENSG00000171595
DNAI3,ENSSSCG00000006950,ENSG00000162643
DNAI4,ENSSSCG00000022305,ENSG00000152763
DNAI7,ENSSSCG00000040550,ENSG00000118307
DNAJA1,ENSSSCG00000011000,ENSG00000086061
DNAJA2,ENSSSCG00000002846,ENSG00000069345
DNAJA3,ENSSSCG00000022874,ENSG00000103423
DNAJA4,ENSSSCG00000037646,ENSG00000140403
DNAJB1,ENSSSCG00000013784,ENSG00000132002
DNAJB11,ENSSSCG00000011798,ENSG00000090520
DNAJB12,ENSSSCG00000010288,ENSG00000148719
DNAJB13,ENSSSCG00000014832,ENSG00000187726
DNAJB14,ENSSSCG00000009177,ENSG00000164031
DNAJB2,ENSSSCG00000016217,ENSG00000135924
DNAJB4,ENSSSCG00000003766,ENSG00000162616
DNAJB5,ENSSSCG00000005297,ENSG00000137094
DNAJB6,ENSSSCG00000033272,ENSG00000105993
DNAJB9,ENSSSCG00000016653,ENSG00000128590
DNAJC1,ENSSSCG00000026001,ENSG00000136770
DNAJC10,ENSSSCG00000016017,ENSG00000077232
DNAJC11,ENSSSCG00000003384,ENSG00000007923
DNAJC12,ENSSSCG00000035600,ENSG00000108176
DNAJC13,ENSSSCG00000011628,ENSG00000138246
DNAJC14,ENSSSCG00000000366,ENSG00000135392
DNAJC15,ENSSSCG00000038251,ENSG00000120675
DNAJC16,ENSSSCG00000003464,ENSG00000116138
DNAJC17,ENSSSCG00000004762,ENSG00000104129
DNAJC18,ENSSSCG00000014356,ENSG00000170464
DNAJC19,ENSSSCG00000011770,ENSG00000205981
DNAJC2,ENSSSCG00000015423,ENSG00000105821
DNAJC21,ENSSSCG00000016828,ENSG00000168724
DNAJC22,ENSSSCG00000000198,ENSG00000178401
DNAJC24,ENSSSCG00000026083,ENSG00000170946
DNAJC25,ENSSSCG00000005460,ENSG00000059769
DNAJC27,ENSSSCG00000008577,ENSG00000115137
DNAJC3,ENSSSCG00000026082,ENSG00000102580
DNAJC4,ENSSSCG00000013038,ENSG00000110011
DNAJC5,ENSSSCG00000031602,ENSG00000101152
DNAJC5B,ENSSSCG00000006217,ENSG00000147570
DNAJC5G,ENSSSCG00000043825,ENSG00000163793
DNAJC6,ENSSSCG00000003807,ENSG00000116675
DNAJC7,ENSSSCG00000017419,ENSG00000168259
DNAJC8,ENSSSCG00000038907,ENSG00000126698
DNAJC9,ENSSSCG00000023482,ENSG00000213551
DNAL1,ENSSSCG00000039469,ENSG00000119661
DNAL4,ENSSSCG00000000093,ENSG00000100246
DNASE1,ENSSSCG00000036527,ENSG00000213918
DNASE1L1,ENSSSCG00000037032,ENSG00000013563
DNASE1L2,ENSSSCG00000024587,ENSG00000167968
DNASE1L3,ENSSSCG00000032019,ENSG00000163687
DNASE2,ENSSSCG00000013731,ENSG00000105612
DNASE2B,ENSSSCG00000026532,ENSG00000137976
DND1,ENSSSCG00000014374,ENSG00000256453
DNER,ENSSSCG00000016258,ENSG00000187957
DNLZ,ENSSSCG00000034732,ENSG00000213221
DNM1,ENSSSCG00000005641,ENSG00000106976
DNM2,ENSSSCG00000013630,ENSG00000079805
DNM3,ENSSSCG00000038958,ENSG00000197959
DNMT1,ENSSSCG00000013659,ENSG00000130816
DNMT3A,ENSSSCG00000029413,ENSG00000119772
DNMT3B,ENSSSCG00000007252,ENSG00000088305
DNMT3L,ENSSSCG00000028741,ENSG00000142182
DNPEP,ENSSSCG00000016220,ENSG00000123992
DNPH1,ENSSSCG00000026568,ENSG00000112667
DNTT,ENSSSCG00000010505,ENSG00000107447
DNTTIP1,ENSSSCG00000007422,ENSG00000101457
DNTTIP2,ENSSSCG00000006892,ENSG00000067334
DOC2A,ENSSSCG00000034635,ENSG00000149927
DOCK1,ENSSSCG00000035045,ENSG00000150760
DOCK10,ENSSSCG00000016237,ENSG00000135905
DOCK11,ENSSSCG00000012634,ENSG00000147251
DOCK2,ENSSSCG00000017008,ENSG00000134516
DOCK3,ENSSSCG00000011416,ENSG00000088538
DOCK4,ENSSSCG00000025602,ENSG00000128512
DOCK5,ENSSSCG00000009650,ENSG00000147459
DOCK6,ENSSSCG00000038604,ENSG00000130158
DOCK7,ENSSSCG00000003818,ENSG00000116641
DOCK8,ENSSSCG00000005240,ENSG00000107099
DOCK9,ENSSSCG00000022112,ENSG00000088387
DOHH,ENSSSCG00000013478,ENSG00000129932
DOK1,ENSSSCG00000008265,ENSG00000115325
DOK2,ENSSSCG00000009612,ENSG00000147443
DOK4,ENSSSCG00000029165,ENSG00000125170
DOK5,ENSSSCG00000007488,ENSG00000101134
DOK6,ENSSSCG00000028977,ENSG00000206052
DOLK,ENSSSCG00000005666,ENSG00000175283
DOLPP1,ENSSSCG00000031669,ENSG00000167130
DONSON,ENSSSCG00000027089,ENSG00000159147
DOP1A,ENSSSCG00000004457,ENSG00000083097
DOP1B,ENSSSCG00000012054,ENSG00000142197
DOT1L,ENSSSCG00000013457,ENSG00000104885
DPAGT1,ENSSSCG00000015110,ENSG00000172269
DPCD,ENSSSCG00000010565,ENSG00000166171
DPEP1,ENSSSCG00000021971,ENSG00000015413
DPEP2,ENSSSCG00000021105,ENSG00000167261
DPEP3,ENSSSCG00000023514,ENSG00000141096
DPF1,ENSSSCG00000025160,ENSG00000011332
DPF2,ENSSSCG00000012995,ENSG00000133884
DPF3,ENSSSCG00000002333,ENSG00000205683
DPH1,ENSSSCG00000028078,ENSG00000108963
DPH2,ENSSSCG00000036620,ENSG00000132768
DPH6,ENSSSCG00000035254,ENSG00000134146
DPH7,ENSSSCG00000031630,ENSG00000148399
DPM1,ENSSSCG00000034952,ENSG00000000419
DPM2,ENSSSCG00000032481,ENSG00000136908
DPP10,ENSSSCG00000015711,ENSG00000175497
DPP3,ENSSSCG00000030415,ENSG00000254986
DPP4,ENSSSCG00000015894,ENSG00000197635
DPP6,ENSSSCG00000016423,ENSG00000130226
DPP7,ENSSSCG00000033991,ENSG00000176978
DPP8,ENSSSCG00000004934,ENSG00000074603
DPP9,ENSSSCG00000026063,ENSG00000142002
DPPA2,ENSSSCG00000031524,ENSG00000163530
DPPA4,ENSSSCG00000044778,ENSG00000121570
DPPA5,ENSSSCG00000004283,ENSG00000203909
DPRX,ENSSSCG00000046881,ENSG00000204595
DPT,ENSSSCG00000035937,ENSG00000143196
DPY19L1,ENSSSCG00000027063,ENSG00000173852
DPY19L2,ENSSSCG00000016663,ENSG00000177990
DPY19L3,ENSSSCG00000022521,ENSG00000178904
DPY19L4,ENSSSCG00000006098,ENSG00000156162
DPY30,ENSSSCG00000008516,ENSG00000162961
DPYD,ENSSSCG00000006878,ENSG00000188641
DPYS,ENSSSCG00000006040,ENSG00000147647
DPYSL2,ENSSSCG00000030130,ENSG00000092964
DPYSL3,ENSSSCG00000036549,ENSG00000113657
DPYSL4,ENSSSCG00000010762,ENSG00000151640
DPYSL5,ENSSSCG00000008560,ENSG00000157851
DQX1,ENSSSCG00000022614,ENSG00000144045
DR1,ENSSSCG00000028310,ENSG00000117505
DRAM1,ENSSSCG00000023972,ENSG00000136048
DRAM2,ENSSSCG00000026922,ENSG00000156171
DRAP1,ENSSSCG00000012965,ENSG00000175550
DRAXIN,ENSSSCG00000003423,ENSG00000162490
DRC1,ENSSSCG00000008568,ENSG00000157856
DRC3,ENSSSCG00000037557,ENSG00000171962
DRC7,ENSSSCG00000002817,ENSG00000159625
DRD1,ENSSSCG00000029037,ENSG00000184845
DRD2,ENSSSCG00000015048,ENSG00000149295
DRD3,ENSSSCG00000011911,ENSG00000151577
DRD4,ENSSSCG00000012851,ENSG00000069696
DRD5,ENSSSCG00000008730,ENSG00000169676
DRG1,ENSSSCG00000010029,ENSG00000185721
DRG2,ENSSSCG00000036328,ENSG00000108591
DRGX,ENSSSCG00000037404,ENSG00000165606
DROSHA,ENSSSCG00000016809,ENSG00000113360
DRP2,ENSSSCG00000012492,ENSG00000102385
DSC1,ENSSSCG00000003726,ENSG00000134765
DSC2,ENSSSCG00000024800,ENSG00000134755
DSCAM,ENSSSCG00000012072,ENSG00000171587
DSCAML1,ENSSSCG00000015082,ENSG00000177103
DSCC1,ENSSSCG00000047247,ENSG00000136982
DSE,ENSSSCG00000004441,ENSG00000111817
DSG1,ENSSSCG00000020694,ENSG00000134760
DSG2,ENSSSCG00000022739,ENSG00000046604
DSG3,ENSSSCG00000027160,ENSG00000134757
DSG4,ENSSSCG00000020740,ENSG00000175065
DSN1,ENSSSCG00000007323,ENSG00000149636
DSP,ENSSSCG00000001025,ENSG00000096696
DST,ENSSSCG00000001499,ENSG00000151914
DSTN,ENSSSCG00000007085,ENSG00000125868
DSTYK,ENSSSCG00000015286,ENSG00000133059
DTD1,ENSSSCG00000007098,ENSG00000125821
DTD2,ENSSSCG00000026663,ENSG00000129480
DTHD1,ENSSSCG00000028471,ENSG00000197057
DTL,ENSSSCG00000015600,ENSG00000143476
DTNA,ENSSSCG00000028047,ENSG00000134769
DTNB,ENSSSCG00000008576,ENSG00000138101
DTNBP1,ENSSSCG00000001062,ENSG00000047579
DTWD1,ENSSSCG00000004647,ENSG00000104047
DTWD2,ENSSSCG00000014225,ENSG00000169570
DTX1,ENSSSCG00000009873,ENSG00000135144
DTX2,ENSSSCG00000025430,ENSG00000091073
DTX3,ENSSSCG00000000449,ENSG00000178498
DTX3L,ENSSSCG00000011876,ENSG00000163840
DTX4,ENSSSCG00000013145,ENSG00000110042
DUOX1,ENSSSCG00000004675,ENSG00000137857
DUOX2,ENSSSCG00000004678,ENSG00000140279
DUOXA1,ENSSSCG00000004677,ENSG00000140254
DUOXA2,ENSSSCG00000004676,ENSG00000140274
DUS1L,ENSSSCG00000040352,ENSG00000169718
DUS3L,ENSSSCG00000040968,ENSG00000141994
DUS4L,ENSSSCG00000028433,ENSG00000105865
DUSP1,ENSSSCG00000016991,ENSG00000120129
DUSP10,ENSSSCG00000010831,ENSG00000143507
DUSP11,ENSSSCG00000008298,ENSG00000144048
DUSP12,ENSSSCG00000006347,ENSG00000081721
DUSP13B,ENSSSCG00000035105,ENSG00000079393
DUSP16,ENSSSCG00000032097,ENSG00000111266
DUSP18,ENSSSCG00000033833,ENSG00000167065
DUSP19,ENSSSCG00000016020,ENSG00000162999
DUSP2,ENSSSCG00000035971,ENSG00000158050
DUSP22,ENSSSCG00000031489,ENSG00000112679
DUSP23,ENSSSCG00000033585,ENSG00000158716
DUSP26,ENSSSCG00000015835,ENSG00000133878
DUSP28,ENSSSCG00000028180,ENSG00000188542
DUSP29,ENSSSCG00000010317,ENSG00000188716
DUSP3,ENSSSCG00000020744,ENSG00000108861
DUSP4,ENSSSCG00000015850,ENSG00000120875
DUSP5,ENSSSCG00000040815,ENSG00000138166
DUSP6,ENSSSCG00000037910,ENSG00000139318
DUSP8,ENSSSCG00000032911,ENSG00000184545
DUSP9,ENSSSCG00000012774,ENSG00000130829
DUT,ENSSSCG00000032141,ENSG00000128951
DVL1,ENSSSCG00000003342,ENSG00000107404
DVL2,ENSSSCG00000025689,ENSG00000004975
DVL3,ENSSSCG00000025374,ENSG00000161202
DYDC2,ENSSSCG00000010339,ENSG00000133665
DYM,ENSSSCG00000004508,ENSG00000141627
DYNAP,ENSSSCG00000042812,ENSG00000178690
DYNC1H1,ENSSSCG00000040738,ENSG00000197102
DYNC1I1,ENSSSCG00000015335,ENSG00000158560
DYNC1I2,ENSSSCG00000015948,ENSG00000077380
DYNC1LI1,ENSSSCG00000011233,ENSG00000144635
DYNC1LI2,ENSSSCG00000036210,ENSG00000135720
DYNC2H1,ENSSSCG00000033937,ENSG00000187240
DYNC2I1,ENSSSCG00000038486,ENSG00000126870
DYNC2I2,ENSSSCG00000005655,ENSG00000119333
DYNC2LI1,ENSSSCG00000038383,ENSG00000138036
DYNLL1,ENSSSCG00000009904,ENSG00000088986
DYNLL2,ENSSSCG00000020962,ENSG00000264364
DYNLRB1,ENSSSCG00000037510,ENSG00000125971
DYNLRB2,ENSSSCG00000031421,ENSG00000168589
DYNLT1,ENSSSCG00000033107,ENSG00000146425
DYNLT2,ENSSSCG00000004009,ENSG00000184786
DYNLT3,ENSSSCG00000028908,ENSG00000165169
DYNLT4,ENSSSCG00000037270,ENSG00000188396
DYNLT5,ENSSSCG00000031352,ENSG00000152760
DYRK1A,ENSSSCG00000030480,ENSG00000157540
DYRK1B,ENSSSCG00000027197,ENSG00000105204
DYRK2,ENSSSCG00000000958,ENSG00000127334
DYRK3,ENSSSCG00000015649,ENSG00000143479
DYRK4,ENSSSCG00000000721,ENSG00000010219
DYSF,ENSSSCG00000008312,ENSG00000135636
DYTN,ENSSSCG00000035158,ENSG00000232125
DZANK1,ENSSSCG00000007094,ENSG00000089091
DZIP1,ENSSSCG00000009501,ENSG00000134874
DZIP1L,ENSSSCG00000027467,ENSG00000158163
DZIP3,ENSSSCG00000011940,ENSG00000198919
E2F1,ENSSSCG00000007268,ENSG00000101412
E2F2,ENSSSCG00000032710,ENSG00000007968
E2F3,ENSSSCG00000040178,ENSG00000112242
E2F4,ENSSSCG00000002787,ENSG00000205250
E2F5,ENSSSCG00000006145,ENSG00000133740
E2F6,ENSSSCG00000026161,ENSG00000169016
E2F7,ENSSSCG00000000950,ENSG00000165891
E2F8,ENSSSCG00000013352,ENSG00000129173
E4F1,ENSSSCG00000008047,ENSG00000167967
EAF1,ENSSSCG00000026622,ENSG00000144597
EAF2,ENSSSCG00000011880,ENSG00000145088
EAPP,ENSSSCG00000001960,ENSG00000129518
EARS2,ENSSSCG00000010797,ENSG00000103356
EBAG9,ENSSSCG00000006024,ENSG00000147654
EBF1,ENSSSCG00000017046,ENSG00000164330
EBF2,ENSSSCG00000009655,ENSG00000221818
EBF3,ENSSSCG00000010757,ENSG00000108001
EBF4,ENSSSCG00000007171,ENSG00000088881
EBI3,ENSSSCG00000013498,ENSG00000105246
EBNA1BP2,ENSSSCG00000030177,ENSG00000117395
EBP,ENSSSCG00000032768,ENSG00000147155
EBPL,ENSSSCG00000009393,ENSG00000123179
ECD,ENSSSCG00000010295,ENSG00000122882
ECE1,ENSSSCG00000003513,ENSG00000117298
ECEL1,ENSSSCG00000016285,ENSG00000171551
ECH1,ENSSSCG00000028943,ENSG00000104823
ECHDC1,ENSSSCG00000004216,ENSG00000093144
ECHDC2,ENSSSCG00000003854,ENSG00000121310
ECHDC3,ENSSSCG00000011119,ENSG00000134463
ECHS1,ENSSSCG00000038086,ENSG00000127884
ECI2,ENSSSCG00000001000,ENSG00000198721
ECM1,ENSSSCG00000029230,ENSG00000143369
ECM2,ENSSSCG00000028549,ENSG00000106823
ECPAS,ENSSSCG00000005459,ENSG00000136813
ECRG4,ENSSSCG00000037106,ENSG00000119147
ECSCR,ENSSSCG00000014351,ENSG00000249751
ECSIT,ENSSSCG00000013615,ENSG00000130159
ECT2,ENSSSCG00000035746,ENSG00000114346
ECT2L,ENSSSCG00000004147,ENSG00000203734
EDA,ENSSSCG00000021647,ENSG00000158813
EDAR,ENSSSCG00000008134,ENSG00000135960
EDARADD,ENSSSCG00000025986,ENSG00000186197
EDC3,ENSSSCG00000001903,ENSG00000179151
EDC4,ENSSSCG00000002771,ENSG00000038358
EDDM13,ENSSSCG00000049238,ENSG00000267710
EDDM3B,ENSSSCG00000021866,ENSG00000181552
EDEM1,ENSSSCG00000034197,ENSG00000134109
EDEM2,ENSSSCG00000007291,ENSG00000088298
EDEM3,ENSSSCG00000015566,ENSG00000116406
EDF1,ENSSSCG00000038203,ENSG00000107223
EDIL3,ENSSSCG00000026780,ENSG00000164176
EDN1,ENSSSCG00000035598,ENSG00000078401
EDN2,ENSSSCG00000037856,ENSG00000127129
EDN3,ENSSSCG00000007527,ENSG00000124205
EDNRA,ENSSSCG00000009031,ENSG00000151617
EDNRB,ENSSSCG00000009477,ENSG00000136160
EDRF1,ENSSSCG00000010741,ENSG00000107938
EEA1,ENSSSCG00000044340,ENSG00000102189
EED,ENSSSCG00000014915,ENSG00000074266
EEF1A1,ENSSSCG00000004489,ENSG00000156508
EEF1A2,ENSSSCG00000040401,ENSG00000101210
EEF1AKMT3,ENSSSCG00000037619,ENSG00000123427
EEF1B2,ENSSSCG00000016128,ENSG00000114942
EEF1D,ENSSSCG00000006954,ENSG00000104529
EEF1E1,ENSSSCG00000036257,ENSG00000124802
EEF1G,ENSSSCG00000013064,ENSG00000254772
EEF2,ENSSSCG00000025675,ENSG00000167658
EEF2K,ENSSSCG00000007839,ENSG00000103319
EEF2KMT,ENSSSCG00000007920,ENSG00000118894
EEFSEC,ENSSSCG00000011619,ENSG00000132394
EEIG1,ENSSSCG00000005631,ENSG00000167106
EEIG2,ENSSSCG00000006850,ENSG00000162636
EEPD1,ENSSSCG00000039703,ENSG00000122547
EFCAB11,ENSSSCG00000002430,ENSG00000140025
EFCAB12,ENSSSCG00000011587,ENSG00000172771
EFCAB14,ENSSSCG00000003895,ENSG00000159658
EFCAB3,ENSSSCG00000017304,ENSG00000172421
EFCAB5,ENSSSCG00000017794,ENSG00000176927
EFCAB7,ENSSSCG00000003812,ENSG00000203965
EFCAB9,ENSSSCG00000016995,ENSG00000214360
EFCC1,ENSSSCG00000024000,ENSG00000114654
EFEMP1,ENSSSCG00000008397,ENSG00000115380
EFEMP2,ENSSSCG00000012971,ENSG00000172638
EFHB,ENSSSCG00000011205,ENSG00000163576
EFHC1,ENSSSCG00000002620,ENSG00000096093
EFHC2,ENSSSCG00000021846,ENSG00000183690
EFHD1,ENSSSCG00000016290,ENSG00000115468
EFHD2,ENSSSCG00000003458,ENSG00000142634
EFL1,ENSSSCG00000001792,ENSG00000140598
EFNA1,ENSSSCG00000006530,ENSG00000169242
EFNA2,ENSSSCG00000038701,ENSG00000099617
EFNA3,ENSSSCG00000006531,ENSG00000143590
EFNA4,ENSSSCG00000036831,ENSG00000243364
EFNA5,ENSSSCG00000036520,ENSG00000184349
EFNB1,ENSSSCG00000032728,ENSG00000090776
EFNB2,ENSSSCG00000009535,ENSG00000125266
EFNB3,ENSSSCG00000017948,ENSG00000108947
EFR3A,ENSSSCG00000005955,ENSG00000132294
EFR3B,ENSSSCG00000022933,ENSG00000084710
EFS,ENSSSCG00000002026,ENSG00000100842
EFTUD2,ENSSSCG00000017346,ENSG00000108883
EGF,ENSSSCG00000009134,ENSG00000138798
EGFL6,ENSSSCG00000012121,ENSG00000198759
EGFL7,ENSSSCG00000005828,ENSG00000172889
EGFLAM,ENSSSCG00000016848,ENSG00000164318
EGFR,ENSSSCG00000022126,ENSG00000146648
EGLN1,ENSSSCG00000010172,ENSG00000135766
EGLN2,ENSSSCG00000002995,ENSG00000269858
EGLN3,ENSSSCG00000001963,ENSG00000129521
EGR1,ENSSSCG00000014336,ENSG00000120738
EGR2,ENSSSCG00000010224,ENSG00000122877
EGR3,ENSSSCG00000009630,ENSG00000179388
EHBP1,ENSSSCG00000008372,ENSG00000115504
EHBP1L1,ENSSSCG00000012988,ENSG00000173442
EHD1,ENSSSCG00000013017,ENSG00000110047
EHD2,ENSSSCG00000023371,ENSG00000024422
EHD3,ENSSSCG00000035987,ENSG00000013016
EHD4,ENSSSCG00000020666,ENSG00000103966
EHF,ENSSSCG00000013300,ENSG00000135373
EHHADH,ENSSSCG00000040296,ENSG00000113790
EHMT1,ENSSSCG00000038437,ENSG00000181090
EI24,ENSSSCG00000015213,ENSG00000149547
EID1,ENSSSCG00000004656,ENSG00000255302
EIF1,ENSSSCG00000017430,ENSG00000173812
EIF1AD,ENSSSCG00000027334,ENSG00000175376
EIF1AX,ENSSSCG00000032223,ENSG00000173674
EIF1AY,ENSSSCG00000037509,ENSG00000198692
EIF1B,ENSSSCG00000011270,ENSG00000114784
EIF2A,ENSSSCG00000011710,ENSG00000144895
EIF2AK1,ENSSSCG00000007592,ENSG00000086232
EIF2AK2,ENSSSCG00000008496,ENSG00000055332
EIF2AK3,ENSSSCG00000008208,ENSG00000172071
EIF2AK4,ENSSSCG00000039061,ENSG00000128829
EIF2B1,ENSSSCG00000009770,ENSG00000111361
EIF2B2,ENSSSCG00000002377,ENSG00000119718
EIF2B3,ENSSSCG00000029808,ENSG00000070785
EIF2B4,ENSSSCG00000023140,ENSG00000115211
EIF2B5,ENSSSCG00000011783,ENSG00000145191
EIF2D,ENSSSCG00000015648,ENSG00000143486
EIF2S1,ENSSSCG00000033295,ENSG00000134001
EIF2S2,ENSSSCG00000026617,ENSG00000125977
EIF2S3B,ENSSSCG00000029857,ENSG00000180574
EIF3A,ENSSSCG00000010679,ENSG00000107581
EIF3B,ENSSSCG00000039390,ENSG00000106263
EIF3D,ENSSSCG00000000141,ENSG00000100353
EIF3E,ENSSSCG00000006033,ENSG00000104408
EIF3F,ENSSSCG00000039647,ENSG00000175390
EIF3G,ENSSSCG00000013661,ENSG00000130811
EIF3H,ENSSSCG00000006016,ENSG00000147677
EIF3I,ENSSSCG00000003612,ENSG00000084623
EIF3J,ENSSSCG00000004691,ENSG00000104131
EIF3K,ENSSSCG00000002963,ENSG00000178982
EIF3L,ENSSSCG00000000119,ENSG00000100129
EIF3M,ENSSSCG00000013315,ENSG00000149100
EIF4A1,ENSSSCG00000017957,ENSG00000161960
EIF4A2,ENSSSCG00000011803,ENSG00000156976
EIF4A3,ENSSSCG00000017155,ENSG00000141543
EIF4B,ENSSSCG00000032028,ENSG00000063046
EIF4E,ENSSSCG00000028420,ENSG00000151247
EIF4E1B,ENSSSCG00000014052,ENSG00000175766
EIF4E2,ENSSSCG00000038466,ENSG00000135930
EIF4E3,ENSSSCG00000011516,ENSG00000163412
EIF4EBP1,ENSSSCG00000022301,ENSG00000187840
EIF4EBP2,ENSSSCG00000034444,ENSG00000148730
EIF4ENIF1,ENSSSCG00000010030,ENSG00000184708
EIF4G1,ENSSSCG00000030255,ENSG00000114867
EIF4G2,ENSSSCG00000013405,ENSG00000110321
EIF4G3,ENSSSCG00000003512,ENSG00000075151
EIF4H,ENSSSCG00000025966,ENSG00000106682
EIF5,ENSSSCG00000034709,ENSG00000100664
EIF5A,ENSSSCG00000038359,ENSG00000132507
EIF5A2,ENSSSCG00000040946,ENSG00000163577
EIF5B,ENSSSCG00000008180,ENSG00000158417
EIF6,ENSSSCG00000022864,ENSG00000242372
EIPR1,ENSSSCG00000028755,ENSG00000032389
ELAC1,ENSSSCG00000024479,ENSG00000141642
ELAC2,ENSSSCG00000028465,ENSG00000006744
ELANE,ENSSSCG00000029130,ENSG00000197561
ELAPOR1,ENSSSCG00000006836,ENSG00000116299
ELAPOR2,ENSSSCG00000015394,ENSG00000164659
ELAVL1,ENSSSCG00000013592,ENSG00000066044
ELAVL2,ENSSSCG00000005130,ENSG00000107105
ELAVL3,ENSSSCG00000013617,ENSG00000196361
ELAVL4,ENSSSCG00000037291,ENSG00000162374
ELF1,ENSSSCG00000009440,ENSG00000120690
ELF2,ENSSSCG00000029920,ENSG00000109381
ELF3,ENSSSCG00000010922,ENSG00000163435
ELF4,ENSSSCG00000012656,ENSG00000102034
ELF5,ENSSSCG00000013301,ENSG00000135374
ELFN1,ENSSSCG00000030485,ENSG00000225968
ELFN2,ENSSSCG00000000131,ENSG00000166897
ELK3,ENSSSCG00000023803,ENSG00000111145
ELK4,ENSSSCG00000025182,ENSG00000158711
ELL,ENSSSCG00000040181,ENSG00000105656
ELL2,ENSSSCG00000014168,ENSG00000118985
ELL3,ENSSSCG00000004699,ENSG00000128886
ELMO2,ENSSSCG00000023306,ENSG00000062598
ELMO3,ENSSSCG00000002786,ENSG00000102890
ELMOD1,ENSSSCG00000015002,ENSG00000110675
ELMOD2,ENSSSCG00000009055,ENSG00000179387
ELMOD3,ENSSSCG00000008238,ENSG00000115459
ELN,ENSSSCG00000025858,ENSG00000049540
ELOA,ENSSSCG00000025440,ENSG00000011007
ELOB,ENSSSCG00000008061,ENSG00000103363
ELOF1,ENSSSCG00000013613,ENSG00000130165
ELOVL1,ENSSSCG00000035238,ENSG00000066322
ELOVL2,ENSSSCG00000001045,ENSG00000197977
ELOVL3,ENSSSCG00000010577,ENSG00000119915
ELOVL4,ENSSSCG00000028080,ENSG00000118402
ELOVL5,ENSSSCG00000024149,ENSG00000012660
ELOVL6,ENSSSCG00000036236,ENSG00000170522
ELOVL7,ENSSSCG00000035012,ENSG00000164181
ELP1,ENSSSCG00000005441,ENSG00000070061
ELP2,ENSSSCG00000020898,ENSG00000134759
ELP3,ENSSSCG00000009674,ENSG00000134014
ELP4,ENSSSCG00000013321,ENSG00000109911
ELP5,ENSSSCG00000027514,ENSG00000170291
ELP6,ENSSSCG00000011336,ENSG00000163832
ELSPBP1,ENSSSCG00000003125,ENSG00000169393
EMB,ENSSSCG00000029484,ENSG00000170571
EMC1,ENSSSCG00000003489,ENSG00000127463
EMC10,ENSSSCG00000039372,ENSG00000161671
EMC2,ENSSSCG00000006032,ENSG00000104412
EMC4,ENSSSCG00000039550,ENSG00000128463
EMC7,ENSSSCG00000027051,ENSG00000134153
EMC8,ENSSSCG00000045808,ENSG00000131148
EMC9,ENSSSCG00000002005,ENSG00000100908
EMCN,ENSSSCG00000038080,ENSG00000164035
EMD,ENSSSCG00000037777,ENSG00000102119
EME1,ENSSSCG00000017571,ENSG00000154920
EME2,ENSSSCG00000021467,ENSG00000197774
EMG1,ENSSSCG00000026812,ENSG00000126749
EMID1,ENSSSCG00000009975,ENSG00000186998
EMILIN1,ENSSSCG00000008557,ENSG00000138080
EMILIN2,ENSSSCG00000003694,ENSG00000132205
EMILIN3,ENSSSCG00000007358,ENSG00000183798
EML1,ENSSSCG00000027667,ENSG00000066629
EML2,ENSSSCG00000038229,ENSG00000125746
EML3,ENSSSCG00000013061,ENSG00000149499
EML4,ENSSSCG00000008467,ENSG00000143924
EML6,ENSSSCG00000026559,ENSG00000214595
EMP1,ENSSSCG00000036723,ENSG00000134531
EMP2,ENSSSCG00000037065,ENSG00000213853
EMP3,ENSSSCG00000023377,ENSG00000142227
EMSY,ENSSSCG00000014868,ENSG00000158636
EMX1,ENSSSCG00000008308,ENSG00000135638
EMX2,ENSSSCG00000032558,ENSG00000170370
EN1,ENSSSCG00000015715,ENSG00000163064
EN2,ENSSSCG00000035324,ENSG00000164778
ENAH,ENSSSCG00000038646,ENSG00000154380
ENAM,ENSSSCG00000008938,ENSG00000132464
ENC1,ENSSSCG00000014072,ENSG00000171617
ENDOD1,ENSSSCG00000014965,ENSG00000149218
ENDOG,ENSSSCG00000005661,ENSG00000167136
ENDOU,ENSSSCG00000033142,ENSG00000111405
ENDOV,ENSSSCG00000030277,ENSG00000173818
ENG,ENSSSCG00000005625,ENSG00000106991
ENGASE,ENSSSCG00000032411,ENSG00000167280
ENHO,ENSSSCG00000027428,ENSG00000168913
ENKD1,ENSSSCG00000028661,ENSG00000124074
ENKUR,ENSSSCG00000032929,ENSG00000151023
ENO1,ENSSSCG00000022343,ENSG00000074800
ENO2,ENSSSCG00000028373,ENSG00000111674
ENO3,ENSSSCG00000017904,ENSG00000108515
ENO4,ENSSSCG00000010664,ENSG00000188316
ENOPH1,ENSSSCG00000009246,ENSG00000145293
ENOSF1,ENSSSCG00000027169,ENSG00000132199
ENOX1,ENSSSCG00000021818,ENSG00000120658
ENOX2,ENSSSCG00000012663,ENSG00000165675
ENPEP,ENSSSCG00000009132,ENSG00000138792
ENPP1,ENSSSCG00000004193,ENSG00000197594
ENPP2,ENSSSCG00000006001,ENSG00000136960
ENPP3,ENSSSCG00000025992,ENSG00000154269
ENPP4,ENSSSCG00000025788,ENSG00000001561
ENPP5,ENSSSCG00000001715,ENSG00000112796
ENPP6,ENSSSCG00000015781,ENSG00000164303
ENPP7,ENSSSCG00000017163,ENSG00000182156
ENSA,ENSSSCG00000006653,ENSG00000143420
ENTHD1,ENSSSCG00000000081,ENSG00000176177
ENTPD1,ENSSSCG00000010497,ENSG00000138185
ENTPD2,ENSSSCG00000032303,ENSG00000054179
ENTPD3,ENSSSCG00000025783,ENSG00000168032
ENTPD4,ENSSSCG00000031871,ENSG00000197217
ENTPD5,ENSSSCG00000002355,ENSG00000187097
ENTPD6,ENSSSCG00000027070,ENSG00000197586
ENTPD7,ENSSSCG00000010540,ENSG00000198018
ENTPD8,ENSSSCG00000005852,ENSG00000188833
ENTR1,ENSSSCG00000035221,ENSG00000165689
ENTREP1,ENSSSCG00000005249,ENSG00000135063
ENTREP2,ENSSSCG00000004850,ENSG00000104059
ENY2,ENSSSCG00000038444,ENSG00000120533
EOGT,ENSSSCG00000011504,ENSG00000163378
EOMES,ENSSSCG00000040057,ENSG00000163508
EP300,ENSSSCG00000000068,ENSG00000100393
EP400,ENSSSCG00000028018,ENSG00000183495
EPAS1,ENSSSCG00000008443,ENSG00000116016
EPB41,ENSSSCG00000003586,ENSG00000159023
EPB41L1,ENSSSCG00000007314,ENSG00000088367
EPB41L2,ENSSSCG00000004199,ENSG00000079819
EPB41L3,ENSSSCG00000003687,ENSG00000082397
EPB41L4A,ENSSSCG00000029860,ENSG00000129595
EPB41L4B,ENSSSCG00000005446,ENSG00000095203
EPB41L5,ENSSSCG00000039185,ENSG00000115109
EPB42,ENSSSCG00000004714,ENSG00000166947
EPC1,ENSSSCG00000011028,ENSG00000120616
EPC2,ENSSSCG00000027211,ENSG00000135999
EPCAM,ENSSSCG00000008429,ENSG00000119888
EPDR1,ENSSSCG00000020963,ENSG00000086289
EPG5,ENSSSCG00000021072,ENSG00000152223
EPHA1,ENSSSCG00000016459,ENSG00000146904
EPHA10,ENSSSCG00000038675,ENSG00000183317
EPHA2,ENSSSCG00000003471,ENSG00000142627
EPHA3,ENSSSCG00000026130,ENSG00000044524
EPHA4,ENSSSCG00000016230,ENSG00000116106
EPHA5,ENSSSCG00000008919,ENSG00000145242
EPHA6,ENSSSCG00000033898,ENSG00000080224
EPHA7,ENSSSCG00000004336,ENSG00000135333
EPHA8,ENSSSCG00000003523,ENSG00000070886
EPHB1,ENSSSCG00000024492,ENSG00000154928
EPHB2,ENSSSCG00000003527,ENSG00000133216
EPHB3,ENSSSCG00000026516,ENSG00000182580
EPHB4,ENSSSCG00000007675,ENSG00000196411
EPHB6,ENSSSCG00000016473,ENSG00000106123
EPHX1,ENSSSCG00000010853,ENSG00000143819
EPHX2,ENSSSCG00000009666,ENSG00000120915
EPHX3,ENSSSCG00000028144,ENSG00000105131
EPHX4,ENSSSCG00000032057,ENSG00000172031
EPM2AIP1,ENSSSCG00000030247,ENSG00000178567
EPN1,ENSSSCG00000039670,ENSG00000063245
EPN2,ENSSSCG00000040457,ENSG00000072134
EPN3,ENSSSCG00000027226,ENSG00000049283
EPO,ENSSSCG00000007673,ENSG00000130427
EPOR,ENSSSCG00000013618,ENSG00000187266
EPPIN,ENSSSCG00000033572,ENSG00000101448
EPRS1,ENSSSCG00000010821,ENSG00000136628
EPS15,ENSSSCG00000003872,ENSG00000085832
EPS15L1,ENSSSCG00000013857,ENSG00000127527
EPS8,ENSSSCG00000000600,ENSG00000151491
EPS8L1,ENSSSCG00000026417,ENSG00000131037
EPS8L2,ENSSSCG00000012848,ENSG00000177106
EPS8L3,ENSSSCG00000006820,ENSG00000198758
EPSTI1,ENSSSCG00000037572,ENSG00000133106
EPX,ENSSSCG00000017630,ENSG00000121053
EPYC,ENSSSCG00000000918,ENSG00000083782
ERAL1,ENSSSCG00000017776,ENSG00000132591
ERAP1,ENSSSCG00000014171,ENSG00000164307
ERAP2,ENSSSCG00000027860,ENSG00000164308
ERAS,ENSSSCG00000042563,ENSG00000187682
ERBB2,ENSSSCG00000017497,ENSG00000141736
ERBB3,ENSSSCG00000020725,ENSG00000065361
ERBB4,ENSSSCG00000016160,ENSG00000178568
ERBIN,ENSSSCG00000016954,ENSG00000112851
ERC1,ENSSSCG00000000755,ENSG00000082805
ERC2,ENSSSCG00000024417,ENSG00000187672
ERCC2,ENSSSCG00000039929,ENSG00000104884
ERCC3,ENSSSCG00000015721,ENSG00000163161
ERCC4,ENSSSCG00000007881,ENSG00000175595
ERCC5,ENSSSCG00000032046,ENSG00000134899
ERCC6L,ENSSSCG00000021834,ENSG00000186871
ERCC6L2,ENSSSCG00000010941,ENSG00000182150
ERCC8,ENSSSCG00000016934,ENSG00000049167
EREG,ENSSSCG00000038185,ENSG00000124882
ERF,ENSSSCG00000032154,ENSG00000105722
ERFE,ENSSSCG00000016337,ENSG00000178752
ERG,ENSSSCG00000022318,ENSG00000157554
ERG28,ENSSSCG00000036494,ENSG00000133935
ERGIC1,ENSSSCG00000016988,ENSG00000113719
ERGIC2,ENSSSCG00000000536,ENSG00000087502
ERGIC3,ENSSSCG00000034045,ENSG00000125991
ERH,ENSSSCG00000002307,ENSG00000100632
ERI1,ENSSSCG00000033634,ENSG00000104626
ERI2,ENSSSCG00000034074,ENSG00000196678
ERI3,ENSSSCG00000036909,ENSG00000117419
ERICH1,ENSSSCG00000028195,ENSG00000104714
ERICH4,ENSSSCG00000040022,ENSG00000204978
ERICH6,ENSSSCG00000022706,ENSG00000163645
ERLEC1,ENSSSCG00000008414,ENSG00000068912
ERLIN2,ENSSSCG00000039480,ENSG00000147475
ERMAP,ENSSSCG00000021745,ENSG00000164010
ERMARD,ENSSSCG00000004010,ENSG00000130023
ERMN,ENSSSCG00000034503,ENSG00000136541
ERMP1,ENSSSCG00000005207,ENSG00000099219
ERN1,ENSSSCG00000039909,ENSG00000178607
ERN2,ENSSSCG00000040637,ENSG00000134398
ERO1A,ENSSSCG00000005037,ENSG00000197930
ERO1B,ENSSSCG00000010148,ENSG00000086619
ERP27,ENSSSCG00000000605,ENSG00000139055
ERP29,ENSSSCG00000009888,ENSG00000089248
ERP44,ENSSSCG00000040634,ENSG00000023318
ERRFI1,ENSSSCG00000035774,ENSG00000116285
ESAM,ENSSSCG00000015200,ENSG00000149564
ESCO1,ENSSSCG00000003700,ENSG00000141446
ESCO2,ENSSSCG00000009670,ENSG00000171320
ESD,ENSSSCG00000009407,ENSG00000139684
ESF1,ENSSSCG00000007077,ENSG00000089048
ESM1,ENSSSCG00000016900,ENSG00000164283
ESPL1,ENSSSCG00000000265,ENSG00000135476
ESPN,ENSSSCG00000003374,ENSG00000187017
ESPNL,ENSSSCG00000016335,ENSG00000144488
ESR1,ENSSSCG00000025777,ENSG00000091831
ESR2,ENSSSCG00000005109,ENSG00000140009
ESRP1,ENSSSCG00000006099,ENSG00000104413
ESRP2,ENSSSCG00000035227,ENSG00000103067
ESRRA,ENSSSCG00000013028,ENSG00000173153
ESRRB,ENSSSCG00000002388,ENSG00000119715
ESRRG,ENSSSCG00000010814,ENSG00000196482
ESS2,ENSSSCG00000010114,ENSG00000100056
ESYT1,ENSSSCG00000000379,ENSG00000139641
ESYT2,ENSSSCG00000016406,ENSG00000117868
ESYT3,ENSSSCG00000027505,ENSG00000158220
ETAA1,ENSSSCG00000023908,ENSG00000143971
ETF1,ENSSSCG00000014337,ENSG00000120705
ETFA,ENSSSCG00000001862,ENSG00000140374
ETFB,ENSSSCG00000003229,ENSG00000105379
ETFBKMT,ENSSSCG00000033766,ENSG00000139160
ETFDH,ENSSSCG00000008877,ENSG00000171503
ETFRF1,ENSSSCG00000033843,ENSG00000205707
ETHE1,ENSSSCG00000003064,ENSG00000105755
ETNK1,ENSSSCG00000039397,ENSG00000139163
ETNK2,ENSSSCG00000015276,ENSG00000143845
ETNPPL,ENSSSCG00000009144,ENSG00000164089
ETS1,ENSSSCG00000015235,ENSG00000134954
ETS2,ENSSSCG00000038948,ENSG00000157557
ETV1,ENSSSCG00000024591,ENSG00000006468
ETV2,ENSSSCG00000002906,ENSG00000105672
ETV3,ENSSSCG00000024970,ENSG00000117036
ETV4,ENSSSCG00000017379,ENSG00000175832
ETV5,ENSSSCG00000023229,ENSG00000244405
ETV6,ENSSSCG00000024152,ENSG00000139083
ETV7,ENSSSCG00000001561,ENSG00000010030
EVA1A,ENSSSCG00000035958,ENSG00000115363
EVA1B,ENSSSCG00000033892,ENSG00000142694
EVA1C,ENSSSCG00000021598,ENSG00000166979
EVC,ENSSSCG00000032637,ENSG00000072840
EVC2,ENSSSCG00000024399,ENSG00000173040
EVI2A,ENSSSCG00000017749,ENSG00000126860
EVI2B,ENSSSCG00000017750,ENSG00000185862
EVI5,ENSSSCG00000006901,ENSG00000067208
EVI5L,ENSSSCG00000013585,ENSG00000142459
EVL,ENSSSCG00000037105,ENSG00000196405
EVPL,ENSSSCG00000017192,ENSG00000167880
EVX1,ENSSSCG00000016696,ENSG00000106038
EVX2,ENSSSCG00000023146,ENSG00000174279
EWSR1,ENSSSCG00000009974,ENSG00000182944
EXD1,ENSSSCG00000004752,ENSG00000178997
EXD2,ENSSSCG00000002305,ENSG00000081177
EXD3,ENSSSCG00000005855,ENSG00000187609
EXO1,ENSSSCG00000010865,ENSG00000174371
EXO5,ENSSSCG00000003980,ENSG00000164002
EXOC1,ENSSSCG00000023269,ENSG00000090989
EXOC2,ENSSSCG00000000985,ENSG00000112685
EXOC3,ENSSSCG00000039607,ENSG00000180104
EXOC3L1,ENSSSCG00000002788,ENSG00000179044
EXOC3L4,ENSSSCG00000036871,ENSG00000205436
EXOC4,ENSSSCG00000016543,ENSG00000131558
EXOC5,ENSSSCG00000005066,ENSG00000070367
EXOC6,ENSSSCG00000010473,ENSG00000138190
EXOC6B,ENSSSCG00000008310,ENSG00000144036
EXOC7,ENSSSCG00000017190,ENSG00000182473
EXOC8,ENSSSCG00000010174,ENSG00000116903
EXOG,ENSSSCG00000011258,ENSG00000157036
EXOSC1,ENSSSCG00000010518,ENSG00000171311
EXOSC10,ENSSSCG00000003412,ENSG00000171824
EXOSC2,ENSSSCG00000005704,ENSG00000130713
EXOSC3,ENSSSCG00000005355,ENSG00000107371
EXOSC4,ENSSSCG00000005925,ENSG00000178896
EXOSC5,ENSSSCG00000003015,ENSG00000077348
EXOSC6,ENSSSCG00000002719,ENSG00000223496
EXOSC7,ENSSSCG00000011300,ENSG00000075914
EXOSC8,ENSSSCG00000009358,ENSG00000120699
EXOSC9,ENSSSCG00000009096,ENSG00000123737
EXPH5,ENSSSCG00000015010,ENSG00000110723
EXT1,ENSSSCG00000006009,ENSG00000182197
EXTL1,ENSSSCG00000029558,ENSG00000158008
EXTL2,ENSSSCG00000006861,ENSG00000162694
EXTL3,ENSSSCG00000009680,ENSG00000012232
EYA1,ENSSSCG00000040728,ENSG00000104313
EYA2,ENSSSCG00000007453,ENSG00000064655
EYA3,ENSSSCG00000003580,ENSG00000158161
EYA4,ENSSSCG00000034139,ENSG00000112319
EZH1,ENSSSCG00000017382,ENSG00000108799
EZH2,ENSSSCG00000028840,ENSG00000106462
EZR,ENSSSCG00000004058,ENSG00000092820
F10,ENSSSCG00000009558,ENSG00000126218
F11,ENSSSCG00000032653,ENSG00000088926
F11R,ENSSSCG00000006369,ENSG00000158769
F12,ENSSSCG00000031274,ENSG00000131187
F13A1,ENSSSCG00000024310,ENSG00000124491
F13B,ENSSSCG00000023301,ENSG00000143278
F2,ENSSSCG00000013252,ENSG00000180210
F2R,ENSSSCG00000035355,ENSG00000181104
F2RL1,ENSSSCG00000014091,ENSG00000164251
F2RL2,ENSSSCG00000037582,ENSG00000164220
F2RL3,ENSSSCG00000013868,ENSG00000127533
F3,ENSSSCG00000022447,ENSG00000117525
F5,ENSSSCG00000006289,ENSG00000198734
F7,ENSSSCG00000029503,ENSG00000057593
F8,ENSSSCG00000012822,ENSG00000185010
F9,ENSSSCG00000012711,ENSG00000101981
FA2H,ENSSSCG00000002718,ENSG00000103089
FAAH,ENSSSCG00000003901,ENSG00000117480
FAAP100,ENSSSCG00000029616,ENSG00000185504
FAAP20,ENSSSCG00000032903,ENSG00000162585
FAAP24,ENSSSCG00000040905,ENSG00000131944
FABP2,ENSSSCG00000037272,ENSG00000145384
FABP3,ENSSSCG00000036883,ENSG00000121769
FABP4,ENSSSCG00000040681,ENSG00000170323
FABP5,ENSSSCG00000006153,ENSG00000164687
FABP6,ENSSSCG00000017037,ENSG00000170231
FABP7,ENSSSCG00000004234,ENSG00000164434
FADS1,ENSSSCG00000024015,ENSG00000149485
FADS2,ENSSSCG00000013072,ENSG00000134824
FADS3,ENSSSCG00000013073,ENSG00000221968
FADS6,ENSSSCG00000017226,ENSG00000172782
FAF1,ENSSSCG00000003877,ENSG00000185104
FAF2,ENSSSCG00000014057,ENSG00000113194
FAH,ENSSSCG00000001780,ENSG00000103876
FAHD1,ENSSSCG00000039715,ENSG00000180185
FAHD2A,ENSSSCG00000039523,ENSG00000115042
FAIM,ENSSSCG00000023814,ENSG00000158234
FAIM2,ENSSSCG00000000206,ENSG00000135472
FAM107B,ENSSSCG00000039658,ENSG00000065809
FAM110A,ENSSSCG00000007200,ENSG00000125898
FAM110B,ENSSSCG00000006240,ENSG00000169122
FAM110D,ENSSSCG00000031074,ENSG00000197245
FAM111A,ENSSSCG00000033703,ENSG00000166801
FAM111B,ENSSSCG00000013147,ENSG00000189057
FAM114A1,ENSSSCG00000008785,ENSG00000197712
FAM114A2,ENSSSCG00000017073,ENSG00000055147
FAM117A,ENSSSCG00000017551,ENSG00000121104
FAM117B,ENSSSCG00000016114,ENSG00000138439
FAM120A,ENSSSCG00000008079,ENSG00000048828
FAM120B,ENSSSCG00000029697,ENSG00000112584
FAM120C,ENSSSCG00000035822,ENSG00000184083
FAM124A,ENSSSCG00000029598,ENSG00000150510
FAM124B,ENSSSCG00000021852,ENSG00000124019
FAM131B,ENSSSCG00000028274,ENSG00000159784
FAM131C,ENSSSCG00000003470,ENSG00000185519
FAM133A,ENSSSCG00000031033,ENSG00000179083
FAM133B,ENSSSCG00000045005,ENSG00000234545
FAM135A,ENSSSCG00000004275,ENSG00000082269
FAM135B,ENSSSCG00000005939,ENSG00000147724
FAM13A,ENSSSCG00000026196,ENSG00000138640
FAM13B,ENSSSCG00000029125,ENSG00000031003
FAM13C,ENSSSCG00000010209,ENSG00000148541
FAM149A,ENSSSCG00000015802,ENSG00000109794
FAM149B1,ENSSSCG00000026898,ENSG00000138286
FAM151A,ENSSSCG00000036649,ENSG00000162391
FAM151B,ENSSSCG00000014123,ENSG00000152380
FAM161A,ENSSSCG00000008378,ENSG00000170264
FAM161B,ENSSSCG00000002353,ENSG00000156050
FAM162A,ENSSSCG00000026990,ENSG00000114023
FAM162B,ENSSSCG00000038522,ENSG00000183807
FAM163A,ENSSSCG00000033352,ENSG00000143340
FAM163B,ENSSSCG00000026442,ENSG00000196990
FAM167A,ENSSSCG00000032852,ENSG00000154319
FAM167B,ENSSSCG00000003616,ENSG00000183615
FAM168A,ENSSSCG00000039996,ENSG00000054965
FAM168B,ENSSSCG00000033126,ENSG00000152102
FAM169A,ENSSSCG00000014076,ENSG00000198780
FAM170A,ENSSSCG00000014228,ENSG00000164334
FAM170B,ENSSSCG00000010387,ENSG00000172538
FAM171A1,ENSSSCG00000011047,ENSG00000148468
FAM171B,ENSSSCG00000025134,ENSG00000144369
FAM174A,ENSSSCG00000014179,ENSG00000174132
FAM174B,ENSSSCG00000002265,ENSG00000185442
FAM177A1,ENSSSCG00000034753,ENSG00000151327
FAM177B,ENSSSCG00000010837,ENSG00000197520
FAM178B,ENSSSCG00000008196,ENSG00000168754
FAM180A,ENSSSCG00000036403,ENSG00000189320
FAM180B,ENSSSCG00000013230,ENSG00000196666
FAM181B,ENSSSCG00000014897,ENSG00000182103
FAM184A,ENSSSCG00000004245,ENSG00000111879
FAM184B,ENSSSCG00000026232,ENSG00000047662
FAM185A,ENSSSCG00000015414,ENSG00000222011
FAM186A,ENSSSCG00000026061,ENSG00000185958
FAM186B,ENSSSCG00000000205,ENSG00000135436
FAM187A,ENSSSCG00000017344,ENSG00000214447
FAM187B,ENSSSCG00000027989,ENSG00000177558
FAM193A,ENSSSCG00000029745,ENSG00000125386
FAM193B,ENSSSCG00000014038,ENSG00000146067
FAM199X,ENSSSCG00000012542,ENSG00000123575
FAM200A,ENSSSCG00000029175,ENSG00000221909
FAM200C,ENSSSCG00000038662,ENSG00000221886
FAM204A,ENSSSCG00000010674,ENSG00000165669
FAM209B,ENSSSCG00000007498,ENSG00000213714
FAM20A,ENSSSCG00000017258,ENSG00000108950
FAM20B,ENSSSCG00000015524,ENSG00000116199
FAM20C,ENSSSCG00000020813,ENSG00000177706
FAM216A,ENSSSCG00000009822,ENSG00000204856
FAM216B,ENSSSCG00000009428,ENSG00000179813
FAM217B,ENSSSCG00000007531,ENSG00000196227
FAM219B,ENSSSCG00000029776,ENSG00000178761
FAM221A,ENSSSCG00000038792,ENSG00000188732
FAM221B,ENSSSCG00000005324,ENSG00000204930
FAM222A,ENSSSCG00000009927,ENSG00000139438
FAM222B,ENSSSCG00000039321,ENSG00000173065
FAM227A,ENSSSCG00000035577,ENSG00000184949
FAM227B,ENSSSCG00000004648,ENSG00000166262
FAM228A,ENSSSCG00000008582,ENSG00000186453
FAM229B,ENSSSCG00000036621,ENSG00000203778
FAM234A,ENSSSCG00000007980,ENSG00000167930
FAM234B,ENSSSCG00000000619,ENSG00000084444
FAM241B,ENSSSCG00000040498,ENSG00000171224
FAM24B,ENSSSCG00000051569,ENSG00000213185
FAM25A,ENSSSCG00000026339,ENSG00000188100
FAM32A,ENSSSCG00000013855,ENSG00000105058
FAM3A,ENSSSCG00000028934,ENSG00000071889
FAM3B,ENSSSCG00000012075,ENSG00000183844
FAM3C,ENSSSCG00000016616,ENSG00000196937
FAM3D,ENSSSCG00000033189,ENSG00000198643
FAM43A,ENSSSCG00000011828,ENSG00000185112
FAM43B,ENSSSCG00000030706,ENSG00000183114
FAM50A,ENSSSCG00000025303,ENSG00000071859
FAM50B,ENSSSCG00000026323,ENSG00000145945
FAM53A,ENSSSCG00000032633,ENSG00000174137
FAM53B,ENSSSCG00000010732,ENSG00000189319
FAM53C,ENSSSCG00000021092,ENSG00000120709
FAM76A,ENSSSCG00000027894,ENSG00000009780
FAM76B,ENSSSCG00000014967,ENSG00000077458
FAM78A,ENSSSCG00000028172,ENSG00000126882
FAM78B,ENSSSCG00000006321,ENSG00000188859
FAM81A,ENSSSCG00000004586,ENSG00000157470
FAM81B,ENSSSCG00000026175,ENSG00000153347
FAM89A,ENSSSCG00000038765,ENSG00000182118
FAM89B,ENSSSCG00000035604,ENSG00000176973
FAM8A1,ENSSSCG00000001070,ENSG00000137414
FAM91A1,ENSSSCG00000024424,ENSG00000176853
FAM98A,ENSSSCG00000008508,ENSG00000119812
FAM98B,ENSSSCG00000004792,ENSG00000171262
FAM98C,ENSSSCG00000002959,ENSG00000130244
FAN1,ENSSSCG00000004845,ENSG00000198690
FANCA,ENSSSCG00000024687,ENSG00000187741
FANCB,ENSSSCG00000012130,ENSG00000181544
FANCC,ENSSSCG00000033654,ENSG00000158169
FANCD2,ENSSSCG00000011563,ENSG00000144554
FANCD2OS,ENSSSCG00000034155,ENSG00000163705
FANCE,ENSSSCG00000001546,ENSG00000112039
FANCF,ENSSSCG00000037501,ENSG00000183161
FANCG,ENSSSCG00000034874,ENSG00000221829
FANCI,ENSSSCG00000001837,ENSG00000140525
FANCL,ENSSSCG00000008394,ENSG00000115392
FANCM,ENSSSCG00000005000,ENSG00000187790
FANK1,ENSSSCG00000010745,ENSG00000203780
FAP,ENSSSCG00000015896,ENSG00000078098
FAR1,ENSSSCG00000021170,ENSG00000197601
FAR2,ENSSSCG00000000541,ENSG00000064763
FARP1,ENSSSCG00000026863,ENSG00000152767
FARP2,ENSSSCG00000016368,ENSG00000006607
FARS2,ENSSSCG00000038717,ENSG00000145982
FARSA,ENSSSCG00000013745,ENSG00000179115
FARSB,ENSSSCG00000016226,ENSG00000116120
FAS,ENSSSCG00000010448,ENSG00000026103
FASLG,ENSSSCG00000022226,ENSG00000117560
FASN,ENSSSCG00000029944,ENSG00000169710
FASTK,ENSSSCG00000024184,ENSG00000164896
FASTKD1,ENSSSCG00000015933,ENSG00000138399
FASTKD2,ENSSSCG00000016134,ENSG00000118246
FASTKD3,ENSSSCG00000017099,ENSG00000124279
FASTKD5,ENSSSCG00000045134,ENSG00000215251
FAT1,ENSSSCG00000007000,ENSG00000083857
FAT2,ENSSSCG00000017084,ENSG00000086570
FAT4,ENSSSCG00000036155,ENSG00000196159
FATE1,ENSSSCG00000039345,ENSG00000147378
FAU,ENSSSCG00000027057,ENSG00000149806
FAXDC2,ENSSSCG00000017068,ENSG00000170271
FBF1,ENSSSCG00000017197,ENSG00000188878
FBH1,ENSSSCG00000030030,ENSG00000134452
FBL,ENSSSCG00000030510,ENSG00000105202
FBLIM1,ENSSSCG00000003465,ENSG00000162458
FBLN1,ENSSSCG00000000010,ENSG00000077942
FBLN2,ENSSSCG00000011609,ENSG00000163520
FBLN5,ENSSSCG00000002444,ENSG00000140092
FBLN7,ENSSSCG00000008101,ENSG00000144152
FBN1,ENSSSCG00000004658,ENSG00000166147
FBN2,ENSSSCG00000014256,ENSG00000138829
FBN3,ENSSSCG00000013594,ENSG00000142449
FBP1,ENSSSCG00000031174,ENSG00000165140
FBP2,ENSSSCG00000010947,ENSG00000130957
FBRS,ENSSSCG00000025794,ENSG00000156860
FBXL12,ENSSSCG00000013670,ENSG00000127452
FBXL13,ENSSSCG00000037822,ENSG00000161040
FBXL15,ENSSSCG00000038504,ENSG00000107872
FBXL16,ENSSSCG00000008006,ENSG00000127585
FBXL17,ENSSSCG00000014190,ENSG00000145743
FBXL18,ENSSSCG00000038526,ENSG00000155034
FBXL19,ENSSSCG00000028186,ENSG00000099364
FBXL2,ENSSSCG00000039802,ENSG00000153558
FBXL20,ENSSSCG00000017506,ENSG00000108306
FBXL22,ENSSSCG00000038786,ENSG00000197361
FBXL3,ENSSSCG00000009472,ENSG00000005812
FBXL4,ENSSSCG00000004347,ENSG00000112234
FBXL5,ENSSSCG00000008740,ENSG00000118564
FBXL6,ENSSSCG00000005909,ENSG00000182325
FBXL7,ENSSSCG00000028239,ENSG00000183580
FBXL8,ENSSSCG00000002793,ENSG00000135722
FBXO10,ENSSSCG00000005350,ENSG00000147912
FBXO11,ENSSSCG00000029485,ENSG00000138081
FBXO15,ENSSSCG00000004873,ENSG00000141665
FBXO17,ENSSSCG00000038805,ENSG00000269190
FBXO2,ENSSSCG00000025667,ENSG00000116661
FBXO21,ENSSSCG00000009858,ENSG00000135108
FBXO24,ENSSSCG00000025096,ENSG00000106336
FBXO25,ENSSSCG00000023665,ENSG00000147364
FBXO28,ENSSSCG00000024618,ENSG00000143756
FBXO3,ENSSSCG00000013308,ENSG00000110429
FBXO30,ENSSSCG00000004121,ENSG00000118496
FBXO31,ENSSSCG00000002654,ENSG00000103264
FBXO32,ENSSSCG00000005981,ENSG00000156804
FBXO33,ENSSSCG00000004989,ENSG00000165355
FBXO34,ENSSSCG00000005057,ENSG00000178974
FBXO36,ENSSSCG00000016259,ENSG00000153832
FBXO38,ENSSSCG00000014427,ENSG00000145868
FBXO39,ENSSSCG00000017886,ENSG00000177294
FBXO4,ENSSSCG00000016865,ENSG00000151876
FBXO40,ENSSSCG00000011885,ENSG00000163833
FBXO41,ENSSSCG00000008302,ENSG00000163013
FBXO42,ENSSSCG00000024794,ENSG00000037637
FBXO44,ENSSSCG00000003421,ENSG00000132879
FBXO45,ENSSSCG00000033030,ENSG00000174013
FBXO46,ENSSSCG00000038367,ENSG00000177051
FBXO47,ENSSSCG00000036532,ENSG00000204952
FBXO48,ENSSSCG00000008347,ENSG00000204923
FBXO5,ENSSSCG00000004077,ENSG00000112029
FBXO7,ENSSSCG00000000156,ENSG00000100225
FBXO8,ENSSSCG00000009702,ENSG00000164117
FBXO9,ENSSSCG00000002629,ENSG00000112146
FBXW10B,ENSSSCG00000018026,ENSG00000241322
FBXW11,ENSSSCG00000023307,ENSG00000072803
FBXW4,ENSSSCG00000010566,ENSG00000107829
FBXW5,ENSSSCG00000005839,ENSG00000159069
FBXW7,ENSSSCG00000020879,ENSG00000109670
FBXW8,ENSSSCG00000009860,ENSG00000174989
FBXW9,ENSSSCG00000013725,ENSG00000132004
FCAMR,ENSSSCG00000030821,ENSG00000162897
FCAR,ENSSSCG00000003284,ENSG00000186431
FCER1A,ENSSSCG00000006413,ENSG00000179639
FCER1G,ENSSSCG00000006357,ENSG00000158869
FCER2,ENSSSCG00000040377,ENSG00000104921
FCF1,ENSSSCG00000039202,ENSG00000119616
FCGR1A,ENSSSCG00000006678,ENSG00000150337
FCGR2B,ENSSSCG00000006350,ENSG00000072694
FCGR3A,ENSSSCG00000036618,ENSG00000203747
FCGRT,ENSSSCG00000003187,ENSG00000104870
FCHO1,ENSSSCG00000013885,ENSG00000130475
FCHO2,ENSSSCG00000022661,ENSG00000157107
FCHSD1,ENSSSCG00000014390,ENSG00000197948
FCHSD2,ENSSSCG00000014820,ENSG00000137478
FCMR,ENSSSCG00000015656,ENSG00000162894
FCN1,ENSSSCG00000029414,ENSG00000085265
FCN2,ENSSSCG00000023333,ENSG00000160339
FCRL4,ENSSSCG00000006458,ENSG00000163518
FCRL5,ENSSSCG00000026210,ENSG00000143297
FCRL6,ENSSSCG00000006397,ENSG00000181036
FCRLA,ENSSSCG00000030246,ENSG00000132185
FCRLB,ENSSSCG00000006348,ENSG00000162746
FCSK,ENSSSCG00000025425,ENSG00000157353
FDCSP,ENSSSCG00000047156,ENSG00000181617
FDFT1,ENSSSCG00000026044,ENSG00000079459
FDPS,ENSSSCG00000006512,ENSG00000160752
FDX1,ENSSSCG00000035945,ENSG00000137714
FDXACB1,ENSSSCG00000021871,ENSG00000255561
FDXR,ENSSSCG00000017227,ENSG00000161513
FECH,ENSSSCG00000004541,ENSG00000066926
FEM1A,ENSSSCG00000037153,ENSG00000141965
FEM1B,ENSSSCG00000022419,ENSG00000169018
FEM1C,ENSSSCG00000014217,ENSG00000145780
FER,ENSSSCG00000027074,ENSG00000151422
FER1L6,ENSSSCG00000033333,ENSG00000214814
FERD3L,ENSSSCG00000015371,ENSG00000146618
FERMT1,ENSSSCG00000007052,ENSG00000101311
FERMT2,ENSSSCG00000005041,ENSG00000073712
FERMT3,ENSSSCG00000013041,ENSG00000149781
FERRY3,ENSSSCG00000000723,ENSG00000047621
FES,ENSSSCG00000001818,ENSG00000182511
FETUB,ENSSSCG00000011800,ENSG00000090512
FEV,ENSSSCG00000035988,ENSG00000163497
FEZ1,ENSSSCG00000015212,ENSG00000149557
FEZ2,ENSSSCG00000008503,ENSG00000171055
FEZF1,ENSSSCG00000031221,ENSG00000128610
FEZF2,ENSSSCG00000011487,ENSG00000153266
FFAR1,ENSSSCG00000002891,ENSG00000126266
FFAR2,ENSSSCG00000032438,ENSG00000126262
FFAR4,ENSSSCG00000010478,ENSG00000186188
FGA,ENSSSCG00000008998,ENSG00000171560
FGB,ENSSSCG00000008997,ENSG00000171564
FGD1,ENSSSCG00000012335,ENSG00000102302
FGD2,ENSSSCG00000001572,ENSG00000146192
FGD3,ENSSSCG00000028185,ENSG00000127084
FGD4,ENSSSCG00000000530,ENSG00000139132
FGD5,ENSSSCG00000011598,ENSG00000154783
FGD6,ENSSSCG00000000901,ENSG00000180263
FGF1,ENSSSCG00000024954,ENSG00000113578
FGF10,ENSSSCG00000016878,ENSG00000070193
FGF11,ENSSSCG00000051794,ENSG00000161958
FGF12,ENSSSCG00000038584,ENSG00000114279
FGF14,ENSSSCG00000009527,ENSG00000102466
FGF16,ENSSSCG00000022833,ENSG00000196468
FGF17,ENSSSCG00000009609,ENSG00000158815
FGF18,ENSSSCG00000016997,ENSG00000156427
FGF19,ENSSSCG00000012871,ENSG00000162344
FGF2,ENSSSCG00000036213,ENSG00000138685
FGF20,ENSSSCG00000006980,ENSG00000078579
FGF21,ENSSSCG00000003140,ENSG00000105550
FGF22,ENSSSCG00000039236,ENSG00000070388
FGF4,ENSSSCG00000012870,ENSG00000075388
FGF6,ENSSSCG00000032662,ENSG00000111241
FGF8,ENSSSCG00000036146,ENSG00000107831
FGF9,ENSSSCG00000009278,ENSG00000102678
FGFBP1,ENSSSCG00000008741,ENSG00000137440
FGFBP3,ENSSSCG00000010466,ENSG00000174721
FGFR1,ENSSSCG00000015815,ENSG00000077782
FGFR1OP2,ENSSSCG00000000554,ENSG00000111790
FGFR2,ENSSSCG00000010698,ENSG00000066468
FGFR3,ENSSSCG00000030827,ENSG00000068078
FGFR4,ENSSSCG00000014047,ENSG00000160867
FGFRL1,ENSSSCG00000036512,ENSG00000127418
FGG,ENSSSCG00000024314,ENSG00000171557
FGGY,ENSSSCG00000003828,ENSG00000172456
FGL1,ENSSSCG00000035335,ENSG00000104760
FGL2,ENSSSCG00000015413,ENSG00000127951
FGR,ENSSSCG00000003578,ENSG00000000938
FH,ENSSSCG00000028178,ENSG00000091483
FHAD1,ENSSSCG00000003455,ENSG00000142621
FHDC1,ENSSSCG00000009011,ENSG00000137460
FHIP1A,ENSSSCG00000020717,ENSG00000164142
FHIP1B,ENSSSCG00000014632,ENSG00000051009
FHIP2A,ENSSSCG00000010652,ENSG00000151553
FHIP2B,ENSSSCG00000009614,ENSG00000158863
FHIT,ENSSSCG00000035818,ENSG00000189283
FHL1,ENSSSCG00000012699,ENSG00000022267
FHL2,ENSSSCG00000008147,ENSG00000115641
FHL3,ENSSSCG00000003644,ENSG00000183386
FHL5,ENSSSCG00000004340,ENSG00000112214
FHOD1,ENSSSCG00000026116,ENSG00000135723
FHOD3,ENSSSCG00000027935,ENSG00000134775
FIBCD1,ENSSSCG00000005707,ENSG00000130720
FIBIN,ENSSSCG00000022592,ENSG00000176971
FIBP,ENSSSCG00000012969,ENSG00000172500
FICD,ENSSSCG00000009945,ENSG00000198855
FIG4,ENSSSCG00000004405,ENSG00000112367
FIGLA,ENSSSCG00000008321,ENSG00000183733
FIGN,ENSSSCG00000034262,ENSG00000182263
FIGNL1,ENSSSCG00000023303,ENSG00000132436
FILIP1,ENSSSCG00000004479,ENSG00000118407
FILIP1L,ENSSSCG00000011972,ENSG00000168386
FIRRM,ENSSSCG00000006284,ENSG00000000460
FIS1,ENSSSCG00000038938,ENSG00000214253
FITM1,ENSSSCG00000002007,ENSG00000139914
FITM2,ENSSSCG00000037912,ENSG00000197296
FJX1,ENSSSCG00000025588,ENSG00000179431
FKBP10,ENSSSCG00000017422,ENSG00000141756
FKBP14,ENSSSCG00000037575,ENSG00000106080
FKBP15,ENSSSCG00000005477,ENSG00000119321
FKBP1A,ENSSSCG00000007188,ENSG00000088832
FKBP1B,ENSSSCG00000045531,ENSG00000119782
FKBP2,ENSSSCG00000033757,ENSG00000173486
FKBP3,ENSSSCG00000021217,ENSG00000100442
FKBP4,ENSSSCG00000000743,ENSG00000004478
FKBP5,ENSSSCG00000001549,ENSG00000096060
FKBP6,ENSSSCG00000007702,ENSG00000077800
FKBP7,ENSSSCG00000015999,ENSG00000079150
FKBP8,ENSSSCG00000013905,ENSG00000105701
FKBP9,ENSSSCG00000021250,ENSG00000122642
FKRP,ENSSSCG00000003103,ENSG00000181027
FKTN,ENSSSCG00000005426,ENSG00000106692
FLACC1,ENSSSCG00000016105,ENSG00000155749
FLAD1,ENSSSCG00000006538,ENSG00000160688
FLCN,ENSSSCG00000038715,ENSG00000154803
FLI1,ENSSSCG00000015237,ENSG00000151702
FLII,ENSSSCG00000039324,ENSG00000177731
FLNA,ENSSSCG00000033299,ENSG00000196924
FLNB,ENSSSCG00000011471,ENSG00000136068
FLNC,ENSSSCG00000016578,ENSG00000128591
FLOT2,ENSSSCG00000017777,ENSG00000132589
FLRT1,ENSSSCG00000013044,ENSG00000126500
FLRT2,ENSSSCG00000040166,ENSG00000185070
FLRT3,ENSSSCG00000007079,ENSG00000125848
FLT1,ENSSSCG00000009320,ENSG00000102755
FLT3,ENSSSCG00000009314,ENSG00000122025
FLT4,ENSSSCG00000014007,ENSG00000037280
FLVCR1,ENSSSCG00000015590,ENSG00000162769
FLVCR2,ENSSSCG00000021606,ENSG00000119686
FLYWCH1,ENSSSCG00000028381,ENSG00000059122
FMC1,ENSSSCG00000038700,ENSG00000164898
FMN1,ENSSSCG00000044690,ENSG00000248905
FMN2,ENSSSCG00000038556,ENSG00000155816
FMNL1,ENSSSCG00000017333,ENSG00000184922
FMNL2,ENSSSCG00000015866,ENSG00000157827
FMNL3,ENSSSCG00000025114,ENSG00000161791
FMO1,ENSSSCG00000015268,ENSG00000010932
FMO2,ENSSSCG00000015267,ENSG00000094963
FMO3,ENSSSCG00000023472,ENSG00000007933
FMO4,ENSSSCG00000015266,ENSG00000076258
FMO5,ENSSSCG00000006702,ENSG00000131781
FMOD,ENSSSCG00000015270,ENSG00000122176
FMR1,ENSSSCG00000012727,ENSG00000102081
FN1,ENSSSCG00000016174,ENSG00000115414
FN3K,ENSSSCG00000017131,ENSG00000167363
FN3KRP,ENSSSCG00000017134,ENSG00000141560
FNBP1,ENSSSCG00000005689,ENSG00000187239
FNBP1L,ENSSSCG00000006894,ENSG00000137942
FNBP4,ENSSSCG00000030610,ENSG00000109920
FNDC1,ENSSSCG00000004052,ENSG00000164694
FNDC11,ENSSSCG00000038651,ENSG00000125531
FNDC3A,ENSSSCG00000022159,ENSG00000102531
FNDC3B,ENSSSCG00000011752,ENSG00000075420
FNDC4,ENSSSCG00000029305,ENSG00000115226
FNDC5,ENSSSCG00000025834,ENSG00000160097
FNDC7,ENSSSCG00000032160,ENSG00000143107
FNDC8,ENSSSCG00000021617,ENSG00000073598
FNDC9,ENSSSCG00000017055,ENSG00000172568
FNIP1,ENSSSCG00000014269,ENSG00000217128
FNIP2,ENSSSCG00000031175,ENSG00000052795
FNTB,ENSSSCG00000002281,ENSG00000257365
FOCAD,ENSSSCG00000028406,ENSG00000188352
FOLR2,ENSSSCG00000014812,ENSG00000165457
FOLR3,ENSSSCG00000022236,ENSG00000110203
FOS,ENSSSCG00000002383,ENSG00000170345
FOSB,ENSSSCG00000031616,ENSG00000125740
FOSL1,ENSSSCG00000012967,ENSG00000175592
FOSL2,ENSSSCG00000032527,ENSG00000075426
FOXA1,ENSSSCG00000037634,ENSG00000129514
FOXA2,ENSSSCG00000007114,ENSG00000125798
FOXA3,ENSSSCG00000003092,ENSG00000170608
FOXB1,ENSSSCG00000035244,ENSG00000171956
FOXB2,ENSSSCG00000005279,ENSG00000204612
FOXC1,ENSSSCG00000039756,ENSG00000054598
FOXC2,ENSSSCG00000029296,ENSG00000176692
FOXD1,ENSSSCG00000035878,ENSG00000251493
FOXD2,ENSSSCG00000034880,ENSG00000186564
FOXD3,ENSSSCG00000032215,ENSG00000187140
FOXD4,ENSSSCG00000041279,ENSG00000170122
FOXE1,ENSSSCG00000005369,ENSG00000178919
FOXE3,ENSSSCG00000003884,ENSG00000186790
FOXF1,ENSSSCG00000038460,ENSG00000103241
FOXF2,ENSSSCG00000037195,ENSG00000137273
FOXG1,ENSSSCG00000033761,ENSG00000176165
FOXH1,ENSSSCG00000005902,ENSG00000160973
FOXI1,ENSSSCG00000017009,ENSG00000168269
FOXI2,ENSSSCG00000010752,ENSG00000186766
FOXJ1,ENSSSCG00000017187,ENSG00000129654
FOXJ2,ENSSSCG00000039580,ENSG00000065970
FOXJ3,ENSSSCG00000023266,ENSG00000198815
FOXK1,ENSSSCG00000007576,ENSG00000164916
FOXK2,ENSSSCG00000017125,ENSG00000141568
FOXL1,ENSSSCG00000002658,ENSG00000176678
FOXL2,ENSSSCG00000028562,ENSG00000183770
FOXM1,ENSSSCG00000000739,ENSG00000111206
FOXN1,ENSSSCG00000017762,ENSG00000109101
FOXN2,ENSSSCG00000029593,ENSG00000170802
FOXN3,ENSSSCG00000002429,ENSG00000053254
FOXN4,ENSSSCG00000009936,ENSG00000139445
FOXO1,ENSSSCG00000009370,ENSG00000150907
FOXO3,ENSSSCG00000004387,ENSG00000118689
FOXO4,ENSSSCG00000012399,ENSG00000184481
FOXO6,ENSSSCG00000035074,ENSG00000204060
FOXP1,ENSSSCG00000027675,ENSG00000114861
FOXP2,ENSSSCG00000016639,ENSG00000128573
FOXP3,ENSSSCG00000012300,ENSG00000049768
FOXP4,ENSSSCG00000001619,ENSG00000137166
FOXQ1,ENSSSCG00000000991,ENSG00000164379
FOXR1,ENSSSCG00000015101,ENSG00000176302
FOXR2,ENSSSCG00000020805,ENSG00000189299
FOXRED1,ENSSSCG00000030017,ENSG00000110074
FOXRED2,ENSSSCG00000000142,ENSG00000100350
FOXS1,ENSSSCG00000033613,ENSG00000179772
FPGS,ENSSSCG00000005626,ENSG00000136877
FPGT,ENSSSCG00000003783,ENSG00000254685
FRA10AC1,ENSSSCG00000024359,ENSG00000148690
FRAS1,ENSSSCG00000008991,ENSG00000138759
FRAT1,ENSSSCG00000032821,ENSG00000165879
FRAT2,ENSSSCG00000038904,ENSG00000181274
FREM1,ENSSSCG00000039025,ENSG00000164946
FREM2,ENSSSCG00000009364,ENSG00000150893
FRG1,ENSSSCG00000006996,ENSG00000109536
FRK,ENSSSCG00000004434,ENSG00000111816
FRMD1,ENSSSCG00000004017,ENSG00000153303
FRMD3,ENSSSCG00000010962,ENSG00000172159
FRMD4A,ENSSSCG00000011056,ENSG00000151474
FRMD4B,ENSSSCG00000011511,ENSG00000114541
FRMD5,ENSSSCG00000004694,ENSG00000171877
FRMD6,ENSSSCG00000005027,ENSG00000139926
FRMD7,ENSSSCG00000023618,ENSG00000165694
FRMD8,ENSSSCG00000012992,ENSG00000126391
FRMPD1,ENSSSCG00000005352,ENSG00000070601
FRMPD2,ENSSSCG00000010379,ENSG00000170324
FRMPD3,ENSSSCG00000012561,ENSG00000147234
FRMPD4,ENSSSCG00000030877,ENSG00000169933
FRRS1,ENSSSCG00000006873,ENSG00000156869
FRRS1L,ENSSSCG00000038824,ENSG00000260230
FRS2,ENSSSCG00000000493,ENSG00000166225
FRY,ENSSSCG00000009338,ENSG00000073910
FRYL,ENSSSCG00000008826,ENSG00000075539
FRZB,ENSSSCG00000016018,ENSG00000162998
FSCN1,ENSSSCG00000007586,ENSG00000075618
FSCN3,ENSSSCG00000016592,ENSG00000106328
FSD1,ENSSSCG00000013505,ENSG00000105255
FSD2,ENSSSCG00000001806,ENSG00000186628
FSHB,ENSSSCG00000013328,ENSG00000131808
FSHR,ENSSSCG00000029084,ENSG00000170820
FSIP1,ENSSSCG00000040418,ENSG00000150667
FST,ENSSSCG00000016892,ENSG00000134363
FSTL1,ENSSSCG00000039426,ENSG00000163430
FSTL3,ENSSSCG00000037102,ENSG00000070404
FSTL4,ENSSSCG00000014293,ENSG00000053108
FSTL5,ENSSSCG00000027183,ENSG00000168843
FTCD,ENSSSCG00000027926,ENSG00000160282
FTH1,ENSSSCG00000014540,ENSG00000167996
FTL,ENSSSCG00000003153,ENSG00000087086
FTMT,ENSSSCG00000014231,ENSG00000181867
FTO,ENSSSCG00000035949,ENSG00000140718
FTSJ1,ENSSSCG00000025599,ENSG00000068438
FTSJ3,ENSSSCG00000017288,ENSG00000108592
FUBP1,ENSSSCG00000003771,ENSG00000162613
FUBP3,ENSSSCG00000005702,ENSG00000107164
FUCA1,ENSSSCG00000027659,ENSG00000179163
FUCA2,ENSSSCG00000004133,ENSG00000001036
FUNDC1,ENSSSCG00000012258,ENSG00000069509
FUNDC2,ENSSSCG00000012817,ENSG00000165775
FUOM,ENSSSCG00000010791,ENSG00000148803
FURIN,ENSSSCG00000001817,ENSG00000140564
FUS,ENSSSCG00000030798,ENSG00000089280
FUT1,ENSSSCG00000038580,ENSG00000174951
FUT2,ENSSSCG00000003145,ENSG00000176920
FUT7,ENSSSCG00000037554,ENSG00000180549
FUT8,ENSSSCG00000002283,ENSG00000033170
FUT9,ENSSSCG00000004338,ENSG00000172461
FUZ,ENSSSCG00000003198,ENSG00000010361
FXN,ENSSSCG00000032999,ENSG00000165060
FXR1,ENSSSCG00000011769,ENSG00000114416
FXR2,ENSSSCG00000017953,ENSG00000129245
FXYD2,ENSSSCG00000015084,ENSG00000137731
FXYD3,ENSSSCG00000024666,ENSG00000089356
FXYD4,ENSSSCG00000044108,ENSG00000150201
FXYD5,ENSSSCG00000025499,ENSG00000089327
FXYD7,ENSSSCG00000021374,ENSG00000221946
FYB1,ENSSSCG00000016855,ENSG00000082074
FYB2,ENSSSCG00000038041,ENSG00000187889
FYCO1,ENSSSCG00000011317,ENSG00000163820
FYN,ENSSSCG00000004421,ENSG00000010810
FYTTD1,ENSSSCG00000027139,ENSG00000122068
FZD1,ENSSSCG00000036436,ENSG00000157240
FZD10,ENSSSCG00000009751,ENSG00000111432
FZD2,ENSSSCG00000029838,ENSG00000180340
FZD3,ENSSSCG00000009679,ENSG00000104290
FZD4,ENSSSCG00000014920,ENSG00000174804
FZD5,ENSSSCG00000016140,ENSG00000163251
FZD6,ENSSSCG00000006052,ENSG00000164930
FZD7,ENSSSCG00000016111,ENSG00000155760
FZD8,ENSSSCG00000033001,ENSG00000177283
FZD9,ENSSSCG00000023004,ENSG00000188763
FZR1,ENSSSCG00000013481,ENSG00000105325
G0S2,ENSSSCG00000015617,ENSG00000123689
G2E3,ENSSSCG00000001974,ENSG00000092140
G3BP1,ENSSSCG00000035676,ENSG00000145907
G3BP2,ENSSSCG00000022940,ENSG00000138757
G6PC1,ENSSSCG00000036449,ENSG00000131482
G6PC2,ENSSSCG00000015925,ENSG00000152254
G6PC3,ENSSSCG00000017365,ENSG00000141349
G6PD,ENSSSCG00000025108,ENSG00000160211
GAA,ENSSSCG00000017156,ENSG00000171298
GAB1,ENSSSCG00000009048,ENSG00000109458
GAB2,ENSSSCG00000014891,ENSG00000033327
GAB3,ENSSSCG00000012824,ENSG00000160219
GABARAP,ENSSSCG00000017936,ENSG00000170296
GABARAPL1,ENSSSCG00000000645,ENSG00000139112
GABARAPL2,ENSSSCG00000002707,ENSG00000034713
GABBR2,ENSSSCG00000027558,ENSG00000136928
GABPA,ENSSSCG00000037655,ENSG00000154727
GABPB1,ENSSSCG00000004645,ENSG00000104064
GABPB2,ENSSSCG00000006636,ENSG00000143458
GABRA1,ENSSSCG00000023661,ENSG00000022355
GABRA2,ENSSSCG00000028922,ENSG00000151834
GABRA3,ENSSSCG00000025708,ENSG00000011677
GABRA4,ENSSSCG00000030515,ENSG00000109158
GABRA5,ENSSSCG00000004827,ENSG00000186297
GABRA6,ENSSSCG00000017027,ENSG00000145863
GABRB1,ENSSSCG00000035621,ENSG00000163288
GABRB2,ENSSSCG00000033558,ENSG00000145864
GABRB3,ENSSSCG00000038547,ENSG00000166206
GABRD,ENSSSCG00000035018,ENSG00000187730
GABRE,ENSSSCG00000012754,ENSG00000102287
GABRG1,ENSSSCG00000008809,ENSG00000163285
GABRG2,ENSSSCG00000017025,ENSG00000113327
GABRG3,ENSSSCG00000035584,ENSG00000182256
GABRP,ENSSSCG00000021902,ENSG00000094755
GABRQ,ENSSSCG00000012755,ENSG00000268089
GABRR1,ENSSSCG00000024249,ENSG00000146276
GABRR3,ENSSSCG00000032124,ENSG00000183185
GAD1,ENSSSCG00000022233,ENSG00000128683
GAD2,ENSSSCG00000011060,ENSG00000136750
GADD45A,ENSSSCG00000037066,ENSG00000116717
GADD45B,ENSSSCG00000022689,ENSG00000099860
GADD45G,ENSSSCG00000035249,ENSG00000130222
GADD45GIP1,ENSSSCG00000034859,ENSG00000179271
GADL1,ENSSSCG00000038607,ENSG00000144644
GAK,ENSSSCG00000021289,ENSG00000178950
GAL,ENSSSCG00000012883,ENSG00000069482
GAL3ST1,ENSSSCG00000010009,ENSG00000128242
GAL3ST3,ENSSSCG00000028015,ENSG00000175229
GAL3ST4,ENSSSCG00000007648,ENSG00000197093
GALC,ENSSSCG00000027865,ENSG00000054983
GALE,ENSSSCG00000027827,ENSG00000117308
GALK1,ENSSSCG00000017203,ENSG00000108479
GALK2,ENSSSCG00000004651,ENSG00000156958
GALM,ENSSSCG00000008486,ENSG00000143891
GALNS,ENSSSCG00000002645,ENSG00000141012
GALNT1,ENSSSCG00000003743,ENSG00000141429
GALNT10,ENSSSCG00000017072,ENSG00000164574
GALNT11,ENSSSCG00000016430,ENSG00000178234
GALNT12,ENSSSCG00000005379,ENSG00000119514
GALNT13,ENSSSCG00000022671,ENSG00000144278
GALNT14,ENSSSCG00000008524,ENSG00000158089
GALNT15,ENSSSCG00000011195,ENSG00000131386
GALNT16,ENSSSCG00000002306,ENSG00000100626
GALNT17,ENSSSCG00000026457,ENSG00000185274
GALNT18,ENSSSCG00000013403,ENSG00000110328
GALNT2,ENSSSCG00000010185,ENSG00000143641
GALNT3,ENSSSCG00000015907,ENSG00000115339
GALNT4,ENSSSCG00000043102,ENSG00000257594
GALNT5,ENSSSCG00000026146,ENSG00000136542
GALNT6,ENSSSCG00000026890,ENSG00000139629
GALNT7,ENSSSCG00000009705,ENSG00000109586
GALNT8,ENSSSCG00000000718,ENSG00000130035
GALNT9,ENSSSCG00000009738,ENSG00000182870
GALNTL5,ENSSSCG00000016431,ENSG00000106648
GALNTL6,ENSSSCG00000021805,ENSG00000174473
GALR1,ENSSSCG00000036984,ENSG00000166573
GALR2,ENSSSCG00000017189,ENSG00000182687
GALR3,ENSSSCG00000000121,ENSG00000128310
GALT,ENSSSCG00000010969,ENSG00000213930
GAMT,ENSSSCG00000023142,ENSG00000130005
GAN,ENSSSCG00000002690,ENSG00000261609
GANAB,ENSSSCG00000030653,ENSG00000089597
GANC,ENSSSCG00000004729,ENSG00000214013
GAP43,ENSSSCG00000031244,ENSG00000172020
GAPDH,ENSSSCG00000000694,ENSG00000111640
GAPDHS,ENSSSCG00000002888,ENSG00000105679
GAPT,ENSSSCG00000035276,ENSG00000175857
GAPVD1,ENSSSCG00000005602,ENSG00000165219
GAR1,ENSSSCG00000009137,ENSG00000109534
GAREM1,ENSSSCG00000003731,ENSG00000141441
GAREM2,ENSSSCG00000008572,ENSG00000157833
GARIN1A,ENSSSCG00000016583,ENSG00000205085
GARIN1B,ENSSSCG00000016582,ENSG00000135248
GARIN2,ENSSSCG00000002286,ENSG00000172717
GARIN3,ENSSSCG00000017057,ENSG00000170613
GARIN5A,ENSSSCG00000003219,ENSG00000142530
GARIN5B,ENSSSCG00000051187,ENSG00000180043
GARNL3,ENSSSCG00000005609,ENSG00000136895
GARRE1,ENSSSCG00000002872,ENSG00000166398
GARS1,ENSSSCG00000016677,ENSG00000106105
GAS2,ENSSSCG00000031940,ENSG00000148935
GAS2L1,ENSSSCG00000025564,ENSG00000185340
GAS2L2,ENSSSCG00000039395,ENSG00000270765
GAS2L3,ENSSSCG00000000874,ENSG00000139354
GAS6,ENSSSCG00000009565,ENSG00000183087
GAS7,ENSSSCG00000039056,ENSG00000007237
GASK1A,ENSSSCG00000011294,ENSG00000144649
GASK1B,ENSSSCG00000008873,ENSG00000164125
GAST,ENSSSCG00000021910,ENSG00000184502
GATA1,ENSSSCG00000027237,ENSG00000102145
GATA2,ENSSSCG00000011618,ENSG00000179348
GATA3,ENSSSCG00000011125,ENSG00000107485
GATA4,ENSSSCG00000022383,ENSG00000136574
GATA5,ENSSSCG00000007538,ENSG00000130700
GATA6,ENSSSCG00000003702,ENSG00000141448
GATAD1,ENSSSCG00000031835,ENSG00000157259
GATAD2A,ENSSSCG00000013938,ENSG00000167491
GATC,ENSSSCG00000032747,ENSG00000257218
GATD1,ENSSSCG00000012846,ENSG00000177225
GATD3,ENSSSCG00000025525,ENSG00000160221
GATM,ENSSSCG00000004672,ENSG00000171766
GBA2,ENSSSCG00000005319,ENSG00000070610
GBE1,ENSSSCG00000012000,ENSG00000114480
GBF1,ENSSSCG00000010579,ENSG00000107862
GBGT1,ENSSSCG00000031532,ENSG00000148288
GBP1,ENSSSCG00000024973,ENSG00000117228
GBP2,ENSSSCG00000006923,ENSG00000162645
GBX1,ENSSSCG00000032249,ENSG00000164900
GBX2,ENSSSCG00000016319,ENSG00000168505
GC,ENSSSCG00000027609,ENSG00000145321
GCA,ENSSSCG00000027472,ENSG00000115271
GCAT,ENSSSCG00000029945,ENSG00000100116
GCC1,ENSSSCG00000035211,ENSG00000179562
GCC2,ENSSSCG00000008138,ENSG00000135968
GCDH,ENSSSCG00000013729,ENSG00000105607
GCFC2,ENSSSCG00000021287,ENSG00000005436
GCG,ENSSSCG00000015895,ENSG00000115263
GCGR,ENSSSCG00000034891,ENSG00000215644
GCH1,ENSSSCG00000035715,ENSG00000131979
GCK,ENSSSCG00000016751,ENSG00000106633
GCKR,ENSSSCG00000028672,ENSG00000084734
GCLC,ENSSSCG00000001488,ENSG00000001084
GCLM,ENSSSCG00000037549,ENSG00000023909
GCM1,ENSSSCG00000032538,ENSG00000137270
GCM2,ENSSSCG00000035562,ENSG00000124827
GCN1,ENSSSCG00000009898,ENSG00000089154
GCNT1,ENSSSCG00000005277,ENSG00000187210
GCNT3,ENSSSCG00000004584,ENSG00000140297
GCNT4,ENSSSCG00000029710,ENSG00000176928
GCNT7,ENSSSCG00000007497,ENSG00000124091
GCSAM,ENSSSCG00000021511,ENSG00000174500
GCSAML,ENSSSCG00000036630,ENSG00000169224
GCSH,ENSSSCG00000040203,ENSG00000140905
GDA,ENSSSCG00000034919,ENSG00000119125
GDAP1,ENSSSCG00000006173,ENSG00000104381
GDAP1L1,ENSSSCG00000007373,ENSG00000124194
GDAP2,ENSSSCG00000006728,ENSG00000196505
GDE1,ENSSSCG00000029212,ENSG00000006007
GDF10,ENSSSCG00000010376,ENSG00000266524
GDF11,ENSSSCG00000000363,ENSG00000135414
GDF15,ENSSSCG00000034260,ENSG00000130513
GDF2,ENSSSCG00000010375,ENSG00000263761
GDF3,ENSSSCG00000000669,ENSG00000184344
GDF5,ENSSSCG00000023261,ENSG00000125965
GDF6,ENSSSCG00000034943,ENSG00000156466
GDF7,ENSSSCG00000028931,ENSG00000143869
GDF9,ENSSSCG00000014288,ENSG00000164404
GDI1,ENSSSCG00000030421,ENSG00000203879
GDI2,ENSSSCG00000011137,ENSG00000057608
GDNF,ENSSSCG00000038727,ENSG00000168621
GDPD1,ENSSSCG00000030262,ENSG00000153982
GDPD2,ENSSSCG00000012376,ENSG00000130055
GDPD3,ENSSSCG00000021811,ENSG00000102886
GDPD5,ENSSSCG00000014853,ENSG00000158555
GEM,ENSSSCG00000006105,ENSG00000164949
GEMIN2,ENSSSCG00000004985,ENSG00000092208
GEMIN4,ENSSSCG00000017809,ENSG00000179409
GEMIN5,ENSSSCG00000017066,ENSG00000082516
GEMIN6,ENSSSCG00000008482,ENSG00000152147
GEMIN7,ENSSSCG00000033194,ENSG00000142252
GEMIN8,ENSSSCG00000012127,ENSG00000046647
GEN1,ENSSSCG00000008613,ENSG00000178295
GET1,ENSSSCG00000037381,ENSG00000182093
GET3,ENSSSCG00000038776,ENSG00000198356
GET4,ENSSSCG00000040103,ENSG00000239857
GFAP,ENSSSCG00000017343,ENSG00000131095
GFER,ENSSSCG00000008035,ENSG00000127554
GFI1,ENSSSCG00000006902,ENSG00000162676
GFI1B,ENSSSCG00000005737,ENSG00000165702
GFM1,ENSSSCG00000025651,ENSG00000168827
GFM2,ENSSSCG00000014074,ENSG00000164347
GFOD1,ENSSSCG00000035867,ENSG00000145990
GFOD2,ENSSSCG00000024750,ENSG00000141098
GFPT1,ENSSSCG00000008339,ENSG00000198380
GFPT2,ENSSSCG00000014012,ENSG00000131459
GFRA1,ENSSSCG00000010655,ENSG00000151892
GFRA2,ENSSSCG00000009605,ENSG00000168546
GFRA3,ENSSSCG00000014329,ENSG00000146013
GFRA4,ENSSSCG00000021401,ENSG00000125861
GFRAL,ENSSSCG00000001480,ENSG00000187871
GFUS,ENSSSCG00000031698,ENSG00000104522
GFY,ENSSSCG00000035723,ENSG00000261949
GGA1,ENSSSCG00000024895,ENSG00000100083
GGA2,ENSSSCG00000010798,ENSG00000103365
GGA3,ENSSSCG00000017211,ENSG00000125447
GGACT,ENSSSCG00000009523,ENSG00000134864
GGCT,ENSSSCG00000016679,ENSG00000006625
GGCX,ENSSSCG00000027381,ENSG00000115486
GGH,ENSSSCG00000037637,ENSG00000137563
GGN,ENSSSCG00000002957,ENSG00000179168
GGNBP1,ENSSSCG00000001517,ENSG00000204188
GGPS1,ENSSSCG00000031680,ENSG00000152904
GGT1,ENSSSCG00000010056,ENSG00000100031
GGT5,ENSSSCG00000010055,ENSG00000099998
GGT6,ENSSSCG00000017883,ENSG00000167741
GGT7,ENSSSCG00000007285,ENSG00000131067
GH1,ENSSSCG00000034212,ENSG00000259384
GHDC,ENSSSCG00000017407,ENSG00000167925
GHITM,ENSSSCG00000010345,ENSG00000165678
GHR,ENSSSCG00000016866,ENSG00000112964
GHRH,ENSSSCG00000007332,ENSG00000118702
GHRHR,ENSSSCG00000016673,ENSG00000106128
GHRL,ENSSSCG00000011568,ENSG00000157017
GID4,ENSSSCG00000037336,ENSG00000141034
GID8,ENSSSCG00000034173,ENSG00000101193
GIGYF1,ENSSSCG00000007668,ENSG00000146830
GIGYF2,ENSSSCG00000016291,ENSG00000204120
GIMAP1,ENSSSCG00000033909,ENSG00000213203
GIMAP2,ENSSSCG00000016449,ENSG00000106560
GIMAP4,ENSSSCG00000027826,ENSG00000133574
GIMAP5,ENSSSCG00000039407,ENSG00000196329
GIMAP7,ENSSSCG00000031897,ENSG00000179144
GIMAP8,ENSSSCG00000016452,ENSG00000171115
GIMD1,ENSSSCG00000039563,ENSG00000250298
GIN1,ENSSSCG00000025287,ENSG00000145723
GINM1,ENSSSCG00000030067,ENSG00000055211
GINS1,ENSSSCG00000034913,ENSG00000101003
GINS3,ENSSSCG00000002802,ENSG00000181938
GINS4,ENSSSCG00000037513,ENSG00000147536
GIP,ENSSSCG00000026330,ENSG00000159224
GIPC1,ENSSSCG00000032842,ENSG00000123159
GIPC2,ENSSSCG00000035582,ENSG00000137960
GIPR,ENSSSCG00000021053,ENSG00000010310
GIT1,ENSSSCG00000017787,ENSG00000108262
GIT2,ENSSSCG00000009925,ENSG00000139436
GJA1,ENSSSCG00000004241,ENSG00000152661
GJA10,ENSSSCG00000004330,ENSG00000135355
GJA3,ENSSSCG00000036798,ENSG00000121743
GJA4,ENSSSCG00000039983,ENSG00000187513
GJA5,ENSSSCG00000006696,ENSG00000265107
GJA8,ENSSSCG00000036239,ENSG00000121634
GJA9,ENSSSCG00000003650,ENSG00000131233
GJB1,ENSSSCG00000012394,ENSG00000169562
GJB3,ENSSSCG00000038677,ENSG00000188910
GJB4,ENSSSCG00000035068,ENSG00000189433
GJB5,ENSSSCG00000003585,ENSG00000189280
GJB6,ENSSSCG00000036474,ENSG00000121742
GJB7,ENSSSCG00000033562,ENSG00000164411
GJC1,ENSSSCG00000021306,ENSG00000182963
GJC2,ENSSSCG00000013989,ENSG00000198835
GJC3,ENSSSCG00000007636,ENSG00000176402
GJD2,ENSSSCG00000036219,ENSG00000159248
GJD3,ENSSSCG00000017474,ENSG00000183153
GJD4,ENSSSCG00000036044,ENSG00000177291
GJE1,ENSSSCG00000034307,ENSG00000203733
GK,ENSSSCG00000012202,ENSG00000198814
GK2,ENSSSCG00000009257,ENSG00000196475
GK5,ENSSSCG00000011677,ENSG00000175066
GKAP1,ENSSSCG00000026087,ENSG00000165113
GKN1,ENSSSCG00000035529,ENSG00000169605
GKN2,ENSSSCG00000038802,ENSG00000183607
GLA,ENSSSCG00000038423,ENSG00000102393
GLB1,ENSSSCG00000024119,ENSG00000170266
GLB1L,ENSSSCG00000016213,ENSG00000163521
GLB1L2,ENSSSCG00000015258,ENSG00000149328
GLCCI1,ENSSSCG00000015345,ENSG00000106415
GLCE,ENSSSCG00000026078,ENSG00000138604
GLDC,ENSSSCG00000005199,ENSG00000178445
GLDN,ENSSSCG00000004632,ENSG00000186417
GLE1,ENSSSCG00000005652,ENSG00000119392
GLG1,ENSSSCG00000030420,ENSG00000090863
GLI1,ENSSSCG00000000443,ENSG00000111087
GLI2,ENSSSCG00000015733,ENSG00000074047
GLI3,ENSSSCG00000016763,ENSG00000106571
GLI4,ENSSSCG00000039881,ENSG00000250571
GLIPR1,ENSSSCG00000000519,ENSG00000139278
GLIPR1L1,ENSSSCG00000022055,ENSG00000173401
GLIPR1L2,ENSSSCG00000025915,ENSG00000180481
GLIPR2,ENSSSCG00000031236,ENSG00000122694
GLIS1,ENSSSCG00000003846,ENSG00000174332
GLIS2,ENSSSCG00000023653,ENSG00000126603
GLIS3,ENSSSCG00000005224,ENSG00000107249
GLMN,ENSSSCG00000006904,ENSG00000174842
GLMP,ENSSSCG00000006488,ENSG00000198715
GLO1,ENSSSCG00000027778,ENSG00000124767
GLOD5,ENSSSCG00000031477,ENSG00000171433
GLP1R,ENSSSCG00000001589,ENSG00000112164
GLP2R,ENSSSCG00000017998,ENSG00000065325
GLRA1,ENSSSCG00000017078,ENSG00000145888
GLRA2,ENSSSCG00000012129,ENSG00000101958
GLRA3,ENSSSCG00000009698,ENSG00000145451
GLRB,ENSSSCG00000032722,ENSG00000109738
GLRX,ENSSSCG00000039731,ENSG00000173221
GLRX2,ENSSSCG00000031991,ENSG00000023572
GLRX3,ENSSSCG00000010759,ENSG00000108010
GLRX5,ENSSSCG00000002496,ENSG00000182512
GLS,ENSSSCG00000016056,ENSG00000115419
GLS2,ENSSSCG00000000401,ENSG00000135423
GLT1D1,ENSSSCG00000033067,ENSG00000151948
GLT8D1,ENSSSCG00000011448,ENSG00000016864
GLT8D2,ENSSSCG00000000848,ENSG00000120820
GLTP,ENSSSCG00000039012,ENSG00000139433
GLTPD2,ENSSSCG00000017914,ENSG00000182327
GLUD1,ENSSSCG00000010368,ENSG00000148672
GLUL,ENSSSCG00000015545,ENSG00000135821
GLYATL2,ENSSSCG00000013148,ENSG00000156689
GLYATL3,ENSSSCG00000033245,ENSG00000203972
GLYCTK,ENSSSCG00000011432,ENSG00000168237
GLYR1,ENSSSCG00000007931,ENSG00000140632
GM2A,ENSSSCG00000017087,ENSG00000196743
GMCL1,ENSSSCG00000008335,ENSG00000087338
GMDS,ENSSSCG00000000994,ENSG00000112699
GMEB1,ENSSSCG00000038872,ENSG00000162419
GMEB2,ENSSSCG00000040107,ENSG00000101216
GMFB,ENSSSCG00000026294,ENSG00000197045
GMFG,ENSSSCG00000040981,ENSG00000130755
GMIP,ENSSSCG00000013931,ENSG00000089639
GML,ENSSSCG00000031205,ENSG00000104499
GMNC,ENSSSCG00000024420,ENSG00000205835
GMNN,ENSSSCG00000001095,ENSG00000112312
GMPPA,ENSSSCG00000023935,ENSG00000144591
GMPR,ENSSSCG00000001064,ENSG00000137198
GMPR2,ENSSSCG00000026947,ENSG00000100938
GMPS,ENSSSCG00000028855,ENSG00000163655
GNA11,ENSSSCG00000029279,ENSG00000088256
GNA13,ENSSSCG00000039336,ENSG00000120063
GNA14,ENSSSCG00000005284,ENSG00000156049
GNA15,ENSSSCG00000013473,ENSG00000060558
GNAI1,ENSSSCG00000015407,ENSG00000127955
GNAI2,ENSSSCG00000011399,ENSG00000114353
GNAI3,ENSSSCG00000006824,ENSG00000065135
GNAL,ENSSSCG00000022163,ENSG00000141404
GNAO1,ENSSSCG00000034192,ENSG00000087258
GNAQ,ENSSSCG00000033763,ENSG00000156052
GNAS,ENSSSCG00000007520,ENSG00000087460
GNAT1,ENSSSCG00000042718,ENSG00000114349
GNAT2,ENSSSCG00000006823,ENSG00000134183
GNAT3,ENSSSCG00000015406,ENSG00000214415
GNAZ,ENSSSCG00000010046,ENSG00000128266
GNB1,ENSSSCG00000021890,ENSG00000078369
GNB1L,ENSSSCG00000010130,ENSG00000185838
GNB2,ENSSSCG00000007669,ENSG00000172354
GNB3,ENSSSCG00000000682,ENSG00000111664
GNB4,ENSSSCG00000037583,ENSG00000114450
GNB5,ENSSSCG00000004622,ENSG00000069966
GNE,ENSSSCG00000037468,ENSG00000159921
GNG10,ENSSSCG00000046439,ENSG00000242616
GNG11,ENSSSCG00000015324,ENSG00000127920
GNG12,ENSSSCG00000036505,ENSG00000172380
GNG13,ENSSSCG00000008011,ENSG00000127588
GNG2,ENSSSCG00000028092,ENSG00000186469
GNG4,ENSSSCG00000033307,ENSG00000168243
GNG7,ENSSSCG00000033949,ENSG00000176533
GNG8,ENSSSCG00000022068,ENSG00000167414
GNGT1,ENSSSCG00000015323,ENSG00000127928
GNL2,ENSSSCG00000031631,ENSG00000134697
GNL3,ENSSSCG00000011449,ENSG00000163938
GNL3L,ENSSSCG00000012336,ENSG00000130119
GNLY,ENSSSCG00000008228,ENSG00000115523
GNMT,ENSSSCG00000033214,ENSG00000124713
GNPAT,ENSSSCG00000010175,ENSG00000116906
GNPDA1,ENSSSCG00000038940,ENSG00000113552
GNPDA2,ENSSSCG00000008808,ENSG00000163281
GNPNAT1,ENSSSCG00000005040,ENSG00000100522
GNPTAB,ENSSSCG00000000862,ENSG00000111670
GNPTG,ENSSSCG00000008031,ENSG00000090581
GNRH1,ENSSSCG00000009651,ENSG00000147437
GNRH2,ENSSSCG00000043185,ENSG00000125787
GNS,ENSSSCG00000023715,ENSG00000135677
GOLGA1,ENSSSCG00000005597,ENSG00000136935
GOLGA2,ENSSSCG00000005643,ENSG00000167110
GOLGA3,ENSSSCG00000009733,ENSG00000090615
GOLGA4,ENSSSCG00000011243,ENSG00000144674
GOLGA5,ENSSSCG00000002455,ENSG00000066455
GOLGA7,ENSSSCG00000020715,ENSG00000147533
GOLGA7B,ENSSSCG00000040359,ENSG00000155265
GOLGB1,ENSSSCG00000011882,ENSG00000173230
GOLIM4,ENSSSCG00000011741,ENSG00000173905
GOLM1,ENSSSCG00000010955,ENSG00000135052
GOLM2,ENSSSCG00000023996,ENSG00000166734
GOLPH3L,ENSSSCG00000038558,ENSG00000143457
GOLT1A,ENSSSCG00000038350,ENSG00000174567
GOLT1B,ENSSSCG00000000579,ENSG00000111711
GON4L,ENSSSCG00000006510,ENSG00000116580
GOPC,ENSSSCG00000004253,ENSG00000047932
GORAB,ENSSSCG00000006280,ENSG00000120370
GORASP1,ENSSSCG00000034916,ENSG00000114745
GORASP2,ENSSSCG00000015943,ENSG00000115806
GOSR1,ENSSSCG00000029262,ENSG00000108587
GOSR2,ENSSSCG00000030183,ENSG00000108433
GOT1,ENSSSCG00000010537,ENSG00000120053
GOT1L1,ENSSSCG00000038325,ENSG00000169154
GOT2,ENSSSCG00000032985,ENSG00000125166
GP1BB,ENSSSCG00000030732,ENSG00000203618
GP2,ENSSSCG00000007861,ENSG00000169347
GP5,ENSSSCG00000031035,ENSG00000178732
GP6,ENSSSCG00000026365,ENSG00000088053
GP9,ENSSSCG00000031176,ENSG00000169704
GPA33,ENSSSCG00000006312,ENSG00000143167
GPAA1,ENSSSCG00000005912,ENSG00000197858
GPALPP1,ENSSSCG00000009419,ENSG00000133114
GPAM,ENSSSCG00000010631,ENSG00000119927
GPAT2,ENSSSCG00000008121,ENSG00000186281
GPAT3,ENSSSCG00000009233,ENSG00000138678
GPAT4,ENSSSCG00000007019,ENSG00000158669
GPATCH1,ENSSSCG00000002865,ENSG00000076650
GPATCH11,ENSSSCG00000008497,ENSG00000152133
GPATCH2,ENSSSCG00000027207,ENSG00000092978
GPATCH2L,ENSSSCG00000002387,ENSG00000089916
GPATCH3,ENSSSCG00000003564,ENSG00000198746
GPATCH4,ENSSSCG00000006481,ENSG00000160818
GPATCH8,ENSSSCG00000017357,ENSG00000186566
GPBAR1,ENSSSCG00000022483,ENSG00000179921
GPBP1,ENSSSCG00000016922,ENSG00000062194
GPBP1L1,ENSSSCG00000028097,ENSG00000159592
GPC1,ENSSSCG00000016364,ENSG00000063660
GPC2,ENSSSCG00000007649,ENSG00000213420
GPC3,ENSSSCG00000012680,ENSG00000147257
GPC4,ENSSSCG00000012679,ENSG00000076716
GPC5,ENSSSCG00000031946,ENSG00000179399
GPC6,ENSSSCG00000009489,ENSG00000183098
GPCPD1,ENSSSCG00000007043,ENSG00000125772
GPD1,ENSSSCG00000000214,ENSG00000167588
GPD1L,ENSSSCG00000021977,ENSG00000152642
GPD2,ENSSSCG00000015872,ENSG00000115159
GPER1,ENSSSCG00000026422,ENSG00000164850
GPHA2,ENSSSCG00000013015,ENSG00000149735
GPHN,ENSSSCG00000002285,ENSG00000171723
GPI,ENSSSCG00000002873,ENSG00000105220
GPKOW,ENSSSCG00000012291,ENSG00000068394
GPLD1,ENSSSCG00000001089,ENSG00000112293
GPM6A,ENSSSCG00000023328,ENSG00000150625
GPN1,ENSSSCG00000008546,ENSG00000198522
GPN3,ENSSSCG00000009820,ENSG00000111231
GPNMB,ENSSSCG00000032241,ENSG00000136235
GPR101,ENSSSCG00000040432,ENSG00000165370
GPR107,ENSSSCG00000038868,ENSG00000148358
GPR108,ENSSSCG00000013552,ENSG00000125734
GPR119,ENSSSCG00000012661,ENSG00000147262
GPR12,ENSSSCG00000009301,ENSG00000132975
GPR132,ENSSSCG00000036892,ENSG00000183484
GPR135,ENSSSCG00000032928,ENSG00000181619
GPR137,ENSSSCG00000013032,ENSG00000173264
GPR137B,ENSSSCG00000038853,ENSG00000077585
GPR137C,ENSSSCG00000005036,ENSG00000180998
GPR139,ENSSSCG00000007862,ENSG00000180269
GPR142,ENSSSCG00000027923,ENSG00000257008
GPR149,ENSSSCG00000023582,ENSG00000174948
GPR150,ENSSSCG00000014140,ENSG00000178015
GPR151,ENSSSCG00000014415,ENSG00000173250
GPR153,ENSSSCG00000003371,ENSG00000158292
GPR155,ENSSSCG00000015965,ENSG00000163328
GPR156,ENSSSCG00000011888,ENSG00000175697
GPR157,ENSSSCG00000033456,ENSG00000180758
GPR158,ENSSSCG00000038536,ENSG00000151025
GPR15LG,ENSSSCG00000024634,ENSG00000188373
GPR160,ENSSSCG00000035883,ENSG00000173890
GPR161,ENSSSCG00000006302,ENSG00000143147
GPR162,ENSSSCG00000000680,ENSG00000250510
GPR17,ENSSSCG00000040850,ENSG00000144230
GPR171,ENSSSCG00000036844,ENSG00000174946
GPR173,ENSSSCG00000024958,ENSG00000184194
GPR174,ENSSSCG00000021734,ENSG00000147138
GPR176,ENSSSCG00000004787,ENSG00000166073
GPR18,ENSSSCG00000031999,ENSG00000125245
GPR180,ENSSSCG00000009492,ENSG00000152749
GPR183,ENSSSCG00000009517,ENSG00000169508
GPR19,ENSSSCG00000040400,ENSG00000183150
GPR20,ENSSSCG00000021284,ENSG00000204882
GPR22,ENSSSCG00000015442,ENSG00000172209
GPR26,ENSSSCG00000010727,ENSG00000154478
GPR27,ENSSSCG00000036580,ENSG00000170837
GPR3,ENSSSCG00000003576,ENSG00000181773
GPR33,ENSSSCG00000025131,ENSG00000214943
GPR34,ENSSSCG00000022309,ENSG00000171659
GPR35,ENSSSCG00000040095,ENSG00000178623
GPR37,ENSSSCG00000016599,ENSG00000170775
GPR37L1,ENSSSCG00000038768,ENSG00000170075
GPR39,ENSSSCG00000015707,ENSG00000183840
GPR4,ENSSSCG00000037184,ENSG00000177464
GPR45,ENSSSCG00000025772,ENSG00000135973
GPR50,ENSSSCG00000023462,ENSG00000102195
GPR52,ENSSSCG00000040789,ENSG00000203737
GPR55,ENSSSCG00000035592,ENSG00000135898
GPR6,ENSSSCG00000004406,ENSG00000146360
GPR61,ENSSSCG00000006825,ENSG00000156097
GPR62,ENSSSCG00000048899,ENSG00000180929
GPR63,ENSSSCG00000035240,ENSG00000112218
GPR65,ENSSSCG00000021146,ENSG00000140030
GPR68,ENSSSCG00000034114,ENSG00000119714
GPR75,ENSSSCG00000008413,ENSG00000119737
GPR82,ENSSSCG00000012254,ENSG00000171657
GPR83,ENSSSCG00000022490,ENSG00000123901
GPR84,ENSSSCG00000000291,ENSG00000139572
GPR85,ENSSSCG00000016642,ENSG00000164604
GPR88,ENSSSCG00000035602,ENSG00000181656
GPRASP1,ENSSSCG00000012519,ENSG00000198932
GPRASP2,ENSSSCG00000012521,ENSG00000158301
GPRASP3,ENSSSCG00000012520,ENSG00000198908
GPRC5A,ENSSSCG00000029592,ENSG00000013588
GPRC5B,ENSSSCG00000007864,ENSG00000167191
GPRC5C,ENSSSCG00000040989,ENSG00000170412
GPRC5D,ENSSSCG00000029545,ENSG00000111291
GPRIN1,ENSSSCG00000014054,ENSG00000169258
GPRIN2,ENSSSCG00000036770,ENSG00000204175
GPRIN3,ENSSSCG00000039821,ENSG00000185477
GPS1,ENSSSCG00000033689,ENSG00000169727
GPS2,ENSSSCG00000017940,ENSG00000132522
GPSM1,ENSSSCG00000039487,ENSG00000160360
GPSM2,ENSSSCG00000021440,ENSG00000121957
GPT2,ENSSSCG00000002847,ENSG00000166123
GPX2,ENSSSCG00000002279,ENSG00000176153
GPX3,ENSSSCG00000036438,ENSG00000211445
GPX4,ENSSSCG00000024052,ENSG00000167468
GPX6,ENSSSCG00000001213,ENSG00000198704
GPX7,ENSSSCG00000038094,ENSG00000116157
GPX8,ENSSSCG00000021973,ENSG00000164294
GRAMD1A,ENSSSCG00000002879,ENSG00000089351
GRAMD1B,ENSSSCG00000015144,ENSG00000023171
GRAMD1C,ENSSSCG00000011915,ENSG00000178075
GRAMD2A,ENSSSCG00000001931,ENSG00000175318
GRAMD2B,ENSSSCG00000022402,ENSG00000155324
GRAMD4,ENSSSCG00000031441,ENSG00000075240
GRAP,ENSSSCG00000018050,ENSG00000154016
GRAP2,ENSSSCG00000000080,ENSG00000100351
GRB10,ENSSSCG00000015631,ENSG00000106070
GRB14,ENSSSCG00000015901,ENSG00000115290
GRB2,ENSSSCG00000017206,ENSG00000177885
GRB7,ENSSSCG00000017495,ENSG00000141738
GREB1,ENSSSCG00000025483,ENSG00000196208
GREB1L,ENSSSCG00000003699,ENSG00000141449
GREM1,ENSSSCG00000033657,ENSG00000166923
GREM2,ENSSSCG00000023289,ENSG00000180875
GRHL1,ENSSSCG00000026068,ENSG00000134317
GRHL2,ENSSSCG00000006060,ENSG00000083307
GRHL3,ENSSSCG00000003539,ENSG00000158055
GRHPR,ENSSSCG00000005349,ENSG00000137106
GRIA1,ENSSSCG00000022569,ENSG00000155511
GRIA2,ENSSSCG00000024685,ENSG00000120251
GRIA3,ENSSSCG00000012638,ENSG00000125675
GRIA4,ENSSSCG00000030565,ENSG00000152578
GRID1,ENSSSCG00000010352,ENSG00000182771
GRID2,ENSSSCG00000009197,ENSG00000152208
GRID2IP,ENSSSCG00000037070,ENSG00000215045
GRIK1,ENSSSCG00000025119,ENSG00000171189
GRIK2,ENSSSCG00000004361,ENSG00000164418
GRIK3,ENSSSCG00000003640,ENSG00000163873
GRIK4,ENSSSCG00000015131,ENSG00000149403
GRIK5,ENSSSCG00000003038,ENSG00000105737
GRIN1,ENSSSCG00000039834,ENSG00000176884
GRIN2A,ENSSSCG00000031290,ENSG00000183454
GRIN2B,ENSSSCG00000000614,ENSG00000273079
GRIN2C,ENSSSCG00000023151,ENSG00000161509
GRIN2D,ENSSSCG00000003133,ENSG00000105464
GRIN3A,ENSSSCG00000005400,ENSG00000198785
GRIN3B,ENSSSCG00000029635,ENSG00000116032
GRINA,ENSSSCG00000032796,ENSG00000178719
GRIP1,ENSSSCG00000000478,ENSG00000155974
GRIPAP1,ENSSSCG00000021106,ENSG00000068400
GRK1,ENSSSCG00000009562,ENSG00000185974
GRK2,ENSSSCG00000012918,ENSG00000173020
GRK3,ENSSSCG00000009956,ENSG00000100077
GRK4,ENSSSCG00000008694,ENSG00000125388
GRK5,ENSSSCG00000010683,ENSG00000198873
GRK6,ENSSSCG00000035028,ENSG00000198055
GRK7,ENSSSCG00000011675,ENSG00000114124
GRM1,ENSSSCG00000004119,ENSG00000152822
GRM2,ENSSSCG00000011423,ENSG00000164082
GRM3,ENSSSCG00000015395,ENSG00000198822
GRM4,ENSSSCG00000001523,ENSG00000124493
GRM5,ENSSSCG00000029865,ENSG00000168959
GRM6,ENSSSCG00000014027,ENSG00000113262
GRM7,ENSSSCG00000023891,ENSG00000196277
GRM8,ENSSSCG00000022865,ENSG00000179603
GRN,ENSSSCG00000017355,ENSG00000030582
GRP,ENSSSCG00000037300,ENSG00000134443
GRPEL1,ENSSSCG00000037445,ENSG00000109519
GRPEL2,ENSSSCG00000014432,ENSG00000164284
GRPR,ENSSSCG00000012144,ENSG00000126010
GRSF1,ENSSSCG00000008940,ENSG00000132463
GRTP1,ENSSSCG00000009554,ENSG00000139835
GRWD1,ENSSSCG00000003134,ENSG00000105447
GRXCR1,ENSSSCG00000008804,ENSG00000215203
GRXCR2,ENSSSCG00000040306,ENSG00000204928
GSAP,ENSSSCG00000036113,ENSG00000186088
GSC,ENSSSCG00000002490,ENSG00000133937
GSDMA,ENSSSCG00000017490,ENSG00000167914
GSDMB,ENSSSCG00000021018,ENSG00000073605
GSDMD,ENSSSCG00000006955,ENSG00000104518
GSDME,ENSSSCG00000016716,ENSG00000105928
GSE1,ENSSSCG00000002664,ENSG00000131149
GSG1,ENSSSCG00000039316,ENSG00000111305
GSG1L,ENSSSCG00000022785,ENSG00000169181
GSG1L2,ENSSSCG00000043177,ENSG00000214978
GSK3A,ENSSSCG00000003035,ENSG00000105723
GSK3B,ENSSSCG00000011889,ENSG00000082701
GSKIP,ENSSSCG00000032134,ENSG00000100744
GSN,ENSSSCG00000037508,ENSG00000148180
GSPT1,ENSSSCG00000021118,ENSG00000103342
GSPT2,ENSSSCG00000012317,ENSG00000189369
GSR,ENSSSCG00000015844,ENSG00000104687
GSS,ENSSSCG00000007287,ENSG00000100983
GSTA4,ENSSSCG00000002627,ENSG00000170899
GSTCD,ENSSSCG00000023548,ENSG00000138780
GSTK1,ENSSSCG00000035615,ENSG00000197448
GSTM3,ENSSSCG00000006821,ENSG00000134202
GSTO1,ENSSSCG00000022351,ENSG00000148834
GSTO2,ENSSSCG00000030271,ENSG00000065621
GSTZ1,ENSSSCG00000002396,ENSG00000100577
GSX1,ENSSSCG00000009313,ENSG00000169840
GSX2,ENSSSCG00000008840,ENSG00000180613
GTF2A1,ENSSSCG00000002411,ENSG00000165417
GTF2A1L,ENSSSCG00000033106,ENSG00000242441
GTF2A2,ENSSSCG00000004583,ENSG00000140307
GTF2B,ENSSSCG00000006926,ENSG00000137947
GTF2E2,ENSSSCG00000015845,ENSG00000197265
GTF2F1,ENSSSCG00000013539,ENSG00000125651
GTF2F2,ENSSSCG00000034156,ENSG00000188342
GTF2H1,ENSSSCG00000013367,ENSG00000110768
GTF2H2,ENSSSCG00000028786,ENSG00000145736
GTF2H3,ENSSSCG00000009769,ENSG00000111358
GTF2H5,ENSSSCG00000024019,ENSG00000272047
GTF2I,ENSSSCG00000007721,ENSG00000263001
GTF2IRD1,ENSSSCG00000007720,ENSG00000006704
GTF3A,ENSSSCG00000009305,ENSG00000122034
GTF3C1,ENSSSCG00000007815,ENSG00000077235
GTF3C2,ENSSSCG00000032798,ENSG00000115207
GTF3C3,ENSSSCG00000016070,ENSG00000119041
GTF3C4,ENSSSCG00000005731,ENSG00000125484
GTF3C5,ENSSSCG00000032110,ENSG00000148308
GTF3C6,ENSSSCG00000004393,ENSG00000155115
GTPBP1,ENSSSCG00000000095,ENSG00000100226
GTPBP10,ENSSSCG00000015305,ENSG00000105793
GTPBP2,ENSSSCG00000001689,ENSG00000172432
GTPBP3,ENSSSCG00000038440,ENSG00000130299
GTPBP4,ENSSSCG00000028602,ENSG00000107937
GTPBP8,ENSSSCG00000036952,ENSG00000163607
GTSE1,ENSSSCG00000000002,ENSG00000075218
GTSF1,ENSSSCG00000026333,ENSG00000170627
GTSF1L,ENSSSCG00000007367,ENSG00000124196
GUCA1A,ENSSSCG00000001636,ENSG00000048545
GUCA1B,ENSSSCG00000001637,ENSG00000112599
GUCA2B,ENSSSCG00000003970,ENSG00000044012
GUCD1,ENSSSCG00000010059,ENSG00000138867
GUCY1A1,ENSSSCG00000008866,ENSG00000164116
GUCY1A2,ENSSSCG00000024613,ENSG00000152402
GUCY1B1,ENSSSCG00000008870,ENSG00000061918
GUCY2C,ENSSSCG00000026724,ENSG00000070019
GUCY2D,ENSSSCG00000025345,ENSG00000132518
GUF1,ENSSSCG00000008807,ENSG00000151806
GUK1,ENSSSCG00000013990,ENSG00000143774
GULP1,ENSSSCG00000016033,ENSG00000144366
GUSB,ENSSSCG00000007739,ENSG00000169919
GXYLT1,ENSSSCG00000031701,ENSG00000151233
GXYLT2,ENSSSCG00000011519,ENSG00000172986
GYG1,ENSSSCG00000011698,ENSG00000163754
GYG2,ENSSSCG00000038044,ENSG00000056998
GYPC,ENSSSCG00000040701,ENSG00000136732
GYS1,ENSSSCG00000003154,ENSG00000104812
GYS2,ENSSSCG00000000577,ENSG00000111713
GZF1,ENSSSCG00000007117,ENSG00000125812
GZMH,ENSSSCG00000001978,ENSG00000100450
GZMK,ENSSSCG00000016901,ENSG00000113088
GZMM,ENSSSCG00000032810,ENSG00000197540
H1-0,ENSSSCG00000039348,ENSG00000189060
H1-1,ENSSSCG00000048343,ENSG00000124610
H1-3,ENSSSCG00000001137,ENSG00000124575
H1-7,ENSSSCG00000000820,ENSG00000187166
H1-8,ENSSSCG00000011591,ENSG00000178804
H2AC1,ENSSSCG00000041660,ENSG00000164508
H2AC20,ENSSSCG00000034598,ENSG00000184260
H2AC25,ENSSSCG00000047900,ENSG00000181218
H2AJ,ENSSSCG00000039307,ENSG00000246705
H2AX,ENSSSCG00000042208,ENSG00000188486
H2AZ1,ENSSSCG00000009178,ENSG00000164032
H2AZ2,ENSSSCG00000016738,ENSG00000105968
H2BC15,ENSSSCG00000044013,ENSG00000233822
H2BC21,ENSSSCG00000047083,ENSG00000184678
H2BC5,ENSSSCG00000021411,ENSG00000158373
H3-3A,ENSSSCG00000023971,ENSG00000163041
H3-3B,ENSSSCG00000017202,ENSG00000132475
H3-4,ENSSSCG00000049583,ENSG00000168148
H6PD,ENSSSCG00000034502,ENSG00000049239
HAAO,ENSSSCG00000038660,ENSG00000162882
HABP2,ENSSSCG00000010639,ENSG00000148702
HABP4,ENSSSCG00000035956,ENSG00000130956
HACD1,ENSSSCG00000038007,ENSG00000165996
HACD2,ENSSSCG00000034786,ENSG00000206527
HACD3,ENSSSCG00000004935,ENSG00000074696
HACD4,ENSSSCG00000005164,ENSG00000188921
HACE1,ENSSSCG00000004364,ENSG00000085382
HACL1,ENSSSCG00000011192,ENSG00000131373
HADH,ENSSSCG00000009150,ENSG00000138796
HADHA,ENSSSCG00000008571,ENSG00000084754
HADHB,ENSSSCG00000008569,ENSG00000138029
HAGH,ENSSSCG00000008012,ENSG00000063854
HAGHL,ENSSSCG00000008003,ENSG00000103253
HAL,ENSSSCG00000000892,ENSG00000084110
HAMP,ENSSSCG00000035436,ENSG00000105697
HAND1,ENSSSCG00000031080,ENSG00000113196
HAND2,ENSSSCG00000031537,ENSG00000164107
HAO1,ENSSSCG00000027439,ENSG00000101323
HAO2,ENSSSCG00000006720,ENSG00000116882
HAP1,ENSSSCG00000017427,ENSG00000173805
HAPLN1,ENSSSCG00000014137,ENSG00000145681
HAPLN2,ENSSSCG00000006478,ENSG00000132702
HAPLN3,ENSSSCG00000030597,ENSG00000140511
HAPLN4,ENSSSCG00000034887,ENSG00000187664
HAPSTR1,ENSSSCG00000028454,ENSG00000182831
HARBI1,ENSSSCG00000013258,ENSG00000180423
HARS1,ENSSSCG00000014375,ENSG00000170445
HARS2,ENSSSCG00000014376,ENSG00000112855
HAS1,ENSSSCG00000003239,ENSG00000105509
HAS3,ENSSSCG00000049263,ENSG00000103044
HASPIN,ENSSSCG00000031821,ENSG00000177602
HAT1,ENSSSCG00000015952,ENSG00000128708
HAUS1,ENSSSCG00000004498,ENSG00000152240
HAUS2,ENSSSCG00000035719,ENSG00000137814
HAUS4,ENSSSCG00000033178,ENSG00000092036
HAUS5,ENSSSCG00000002904,ENSG00000249115
HAUS6,ENSSSCG00000005173,ENSG00000147874
HAUS7,ENSSSCG00000012767,ENSG00000213397
HAUS8,ENSSSCG00000036584,ENSG00000131351
HAVCR1,ENSSSCG00000017061,ENSG00000113249
HAVCR2,ENSSSCG00000028875,ENSG00000135077
HAX1,ENSSSCG00000006552,ENSG00000143575
HBB,ENSSSCG00000014725,ENSG00000244734
HBE1,ENSSSCG00000014726,ENSG00000213931
HBEGF,ENSSSCG00000014362,ENSG00000113070
HBM,ENSSSCG00000007977,ENSG00000206177
HBP1,ENSSSCG00000035673,ENSG00000105856
HBQ1,ENSSSCG00000038804,ENSG00000086506
HBS1L,ENSSSCG00000004169,ENSG00000112339
HBZ,ENSSSCG00000007975,ENSG00000130656
HCAR2,ENSSSCG00000037735,ENSG00000182782
HCCS,ENSSSCG00000012111,ENSG00000004961
HCFC1,ENSSSCG00000012793,ENSG00000172534
HCFC1R1,ENSSSCG00000027252,ENSG00000103145
HCFC2,ENSSSCG00000000846,ENSG00000111727
HCK,ENSSSCG00000007240,ENSG00000101336
HCLS1,ENSSSCG00000011884,ENSG00000180353
HCN1,ENSSSCG00000026527,ENSG00000164588
HCN2,ENSSSCG00000033442,ENSG00000099822
HCN4,ENSSSCG00000001920,ENSG00000138622
HCRT,ENSSSCG00000017410,ENSG00000161610
HCRTR1,ENSSSCG00000003601,ENSG00000121764
HCRTR2,ENSSSCG00000001481,ENSG00000137252
HCST,ENSSSCG00000002918,ENSG00000126264
HDAC1,ENSSSCG00000003613,ENSG00000116478
HDAC10,ENSSSCG00000000971,ENSG00000100429
HDAC11,ENSSSCG00000028031,ENSG00000163517
HDAC2,ENSSSCG00000004432,ENSG00000196591
HDAC3,ENSSSCG00000014388,ENSG00000171720
HDAC4,ENSSSCG00000024777,ENSG00000068024
HDAC5,ENSSSCG00000017366,ENSG00000108840
HDAC6,ENSSSCG00000025545,ENSG00000094631
HDAC7,ENSSSCG00000027859,ENSG00000061273
HDAC8,ENSSSCG00000021200,ENSG00000147099
HDAC9,ENSSSCG00000015368,ENSG00000048052
HDC,ENSSSCG00000004644,ENSG00000140287
HDDC2,ENSSSCG00000004224,ENSG00000111906
HDDC3,ENSSSCG00000001820,ENSG00000184508
HDGF,ENSSSCG00000006468,ENSG00000143321
HDGFL2,ENSSSCG00000013511,ENSG00000167674
HDGFL3,ENSSSCG00000035432,ENSG00000166503
HDHD2,ENSSSCG00000005771,ENSG00000167220
HDHD3,ENSSSCG00000039861,ENSG00000119431
HDHD5,ENSSSCG00000000764,ENSG00000069998
HDLBP,ENSSSCG00000016379,ENSG00000115677
HDX,ENSSSCG00000038744,ENSG00000165259
HEATR1,ENSSSCG00000010145,ENSG00000119285
HEATR3,ENSSSCG00000040887,ENSG00000155393
HEATR5B,ENSSSCG00000008498,ENSG00000008869
HEATR6,ENSSSCG00000038478,ENSG00000068097
HEATR9,ENSSSCG00000017706,ENSG00000270379
HEBP1,ENSSSCG00000040275,ENSG00000013583
HEBP2,ENSSSCG00000004150,ENSG00000051620
HECA,ENSSSCG00000004144,ENSG00000112406
HECTD1,ENSSSCG00000001971,ENSG00000092148
HECTD2,ENSSSCG00000020912,ENSG00000165338
HECTD3,ENSSSCG00000003923,ENSG00000126107
HECTD4,ENSSSCG00000009885,ENSG00000173064
HECW1,ENSSSCG00000036443,ENSG00000002746
HEG1,ENSSSCG00000011859,ENSG00000173706
HELB,ENSSSCG00000000477,ENSG00000127311
HELLS,ENSSSCG00000010486,ENSG00000119969
HELQ,ENSSSCG00000009236,ENSG00000163312
HELT,ENSSSCG00000038390,ENSG00000187821
HELZ,ENSSSCG00000017272,ENSG00000198265
HELZ2,ENSSSCG00000003306,ENSG00000130589
HEMK1,ENSSSCG00000025272,ENSG00000114735
HENMT1,ENSSSCG00000006846,ENSG00000162639
HEPACAM,ENSSSCG00000015205,ENSG00000165478
HEPACAM2,ENSSSCG00000025870,ENSG00000188175
HEPH,ENSSSCG00000012363,ENSG00000089472
HEPHL1,ENSSSCG00000030461,ENSG00000181333
HERC1,ENSSSCG00000004561,ENSG00000103657
HERC2,ENSSSCG00000015853,ENSG00000128731
HERC3,ENSSSCG00000009208,ENSG00000138641
HERC4,ENSSSCG00000038913,ENSG00000148634
HERC5,ENSSSCG00000030548,ENSG00000138646
HERC6,ENSSSCG00000021712,ENSG00000138642
HERPUD1,ENSSSCG00000040663,ENSG00000051108
HERPUD2,ENSSSCG00000027389,ENSG00000122557
HES1,ENSSSCG00000031356,ENSG00000114315
HES2,ENSSSCG00000034297,ENSG00000069812
HES3,ENSSSCG00000003370,ENSG00000173673
HES4,ENSSSCG00000035420,ENSG00000188290
HES5,ENSSSCG00000037304,ENSG00000197921
HES6,ENSSSCG00000016342,ENSG00000144485
HESX1,ENSSSCG00000021207,ENSG00000163666
HEXA,ENSSSCG00000001927,ENSG00000213614
HEXB,ENSSSCG00000014073,ENSG00000049860
HEXD,ENSSSCG00000017128,ENSG00000169660
HEXIM1,ENSSSCG00000017336,ENSG00000186834
HEXIM2,ENSSSCG00000017335,ENSG00000168517
HEY1,ENSSSCG00000006159,ENSG00000164683
HEY2,ENSSSCG00000004223,ENSG00000135547
HEYL,ENSSSCG00000038956,ENSG00000163909
HFE,ENSSSCG00000037682,ENSG00000010704
HFM1,ENSSSCG00000006912,ENSG00000162669
HGD,ENSSSCG00000021227,ENSG00000113924
HGF,ENSSSCG00000015403,ENSG00000019991
HGFAC,ENSSSCG00000008700,ENSG00000109758
HGH1,ENSSSCG00000026590,ENSG00000235173
HGS,ENSSSCG00000033082,ENSG00000185359
HGSNAT,ENSSSCG00000038960,ENSG00000165102
HHAT,ENSSSCG00000015607,ENSG00000054392
HHATL,ENSSSCG00000011287,ENSG00000010282
HHEX,ENSSSCG00000036314,ENSG00000152804
HHIP,ENSSSCG00000009045,ENSG00000164161
HHIPL2,ENSSSCG00000010832,ENSG00000143512
HHLA1,ENSSSCG00000022257,ENSG00000132297
HHLA2,ENSSSCG00000027275,ENSG00000114455
HIBADH,ENSSSCG00000016695,ENSG00000106049
HIBCH,ENSSSCG00000016049,ENSG00000198130
HIC1,ENSSSCG00000025717,ENSG00000177374
HIC2,ENSSSCG00000036472,ENSG00000169635
HID1,ENSSSCG00000017219,ENSG00000167861
HIF1A,ENSSSCG00000005096,ENSG00000100644
HIF1AN,ENSSSCG00000010555,ENSG00000166135
HIF3A,ENSSSCG00000003101,ENSG00000124440
HIGD1A,ENSSSCG00000011290,ENSG00000181061
HIGD1B,ENSSSCG00000017347,ENSG00000131097
HIGD1C,ENSSSCG00000035326,ENSG00000214511
HIGD2A,ENSSSCG00000029179,ENSG00000146066
HIKESHI,ENSSSCG00000021210,ENSG00000149196
HILPDA,ENSSSCG00000031109,ENSG00000135245
HINT1,ENSSSCG00000014264,ENSG00000169567
HINT3,ENSSSCG00000004221,ENSG00000111911
HIP1,ENSSSCG00000007700,ENSG00000127946
HIP1R,ENSSSCG00000009786,ENSG00000130787
HIPK1,ENSSSCG00000006760,ENSG00000163349
HIPK2,ENSSSCG00000026733,ENSG00000064393
HIPK3,ENSSSCG00000013312,ENSG00000110422
HIPK4,ENSSSCG00000021917,ENSG00000160396
HIRA,ENSSSCG00000010118,ENSG00000100084
HIRIP3,ENSSSCG00000030122,ENSG00000149929
HIVEP1,ENSSSCG00000001049,ENSG00000095951
HIVEP2,ENSSSCG00000004138,ENSG00000010818
HIVEP3,ENSSSCG00000033465,ENSG00000127124
HJURP,ENSSSCG00000016313,ENSG00000123485
HJV,ENSSSCG00000035429,ENSG00000168509
HK1,ENSSSCG00000010253,ENSG00000156515
HK2,ENSSSCG00000008261,ENSG00000159399
HK3,ENSSSCG00000014048,ENSG00000160883
HKDC1,ENSSSCG00000010252,ENSG00000156510
HLCS,ENSSSCG00000012059,ENSG00000159267
HLF,ENSSSCG00000017604,ENSG00000108924
HLTF,ENSSSCG00000025293,ENSG00000071794
HLX,ENSSSCG00000032644,ENSG00000136630
HM13,ENSSSCG00000007228,ENSG00000101294
HMBOX1,ENSSSCG00000009682,ENSG00000147421
HMBS,ENSSSCG00000015108,ENSG00000256269
HMCES,ENSSSCG00000011611,ENSG00000183624
HMCN1,ENSSSCG00000035595,ENSG00000143341
HMCN2,ENSSSCG00000005699,ENSG00000148357
HMG20A,ENSSSCG00000001871,ENSG00000140382
HMG20B,ENSSSCG00000040421,ENSG00000064961
HMGA1,ENSSSCG00000032242,ENSG00000137309
HMGA2,ENSSSCG00000034610,ENSG00000149948
HMGB1,ENSSSCG00000009327,ENSG00000189403
HMGB2,ENSSSCG00000009704,ENSG00000164104
HMGB4,ENSSSCG00000021247,ENSG00000176256
HMGCL,ENSSSCG00000026025,ENSG00000117305
HMGCLL1,ENSSSCG00000001479,ENSG00000146151
HMGCR,ENSSSCG00000014080,ENSG00000113161
HMGCS1,ENSSSCG00000016872,ENSG00000112972
HMGCS2,ENSSSCG00000036808,ENSG00000134240
HMGN1,ENSSSCG00000033733,ENSG00000205581
HMGN2,ENSSSCG00000003555,ENSG00000198830
HMGN3,ENSSSCG00000004470,ENSG00000118418
HMGN4,ENSSSCG00000020696,ENSG00000182952
HMGXB3,ENSSSCG00000014440,ENSG00000113716
HMGXB4,ENSSSCG00000025780,ENSG00000100281
HMMR,ENSSSCG00000017022,ENSG00000072571
HMOX1,ENSSSCG00000039745,ENSG00000100292
HMOX2,ENSSSCG00000007942,ENSG00000103415
HMX1,ENSSSCG00000008720,ENSG00000215612
HMX2,ENSSSCG00000010725,ENSG00000188816
HMX3,ENSSSCG00000010724,ENSG00000188620
HNF1A,ENSSSCG00000009919,ENSG00000135100
HNF4A,ENSSSCG00000007371,ENSG00000101076
HNF4G,ENSSSCG00000034242,ENSG00000164749
HNMT,ENSSSCG00000035195,ENSG00000150540
HNRNPA1,ENSSSCG00000000288,ENSG00000135486
HNRNPA2B1,ENSSSCG00000036350,ENSG00000122566
HNRNPA3,ENSSSCG00000015988,ENSG00000170144
HNRNPAB,ENSSSCG00000014031,ENSG00000197451
HNRNPC,ENSSSCG00000038947,ENSG00000092199
HNRNPD,ENSSSCG00000009249,ENSG00000138668
HNRNPDL,ENSSSCG00000037245,ENSG00000152795
HNRNPF,ENSSSCG00000010203,ENSG00000169813
HNRNPH1,ENSSSCG00000014022,ENSG00000169045
HNRNPH3,ENSSSCG00000010238,ENSG00000096746
HNRNPK,ENSSSCG00000022760,ENSG00000165119
HNRNPL,ENSSSCG00000035570,ENSG00000104824
HNRNPLL,ENSSSCG00000020878,ENSG00000143889
HNRNPM,ENSSSCG00000013602,ENSG00000099783
HNRNPR,ENSSSCG00000023761,ENSG00000125944
HNRNPU,ENSSSCG00000010877,ENSG00000153187
HNRNPUL1,ENSSSCG00000030049,ENSG00000105323
HNRNPUL2,ENSSSCG00000028542,ENSG00000214753
HOATZ,ENSSSCG00000015021,ENSG00000183644
HOGA1,ENSSSCG00000010523,ENSG00000241935
HOMER1,ENSSSCG00000014113,ENSG00000152413
HOMER2,ENSSSCG00000001804,ENSG00000103942
HOMER3,ENSSSCG00000013919,ENSG00000051128
HOOK1,ENSSSCG00000003826,ENSG00000134709
HOOK2,ENSSSCG00000013734,ENSG00000095066
HOOK3,ENSSSCG00000024486,ENSG00000168172
HOPX,ENSSSCG00000008898,ENSG00000171476
HORMAD1,ENSSSCG00000006649,ENSG00000143452
HORMAD2,ENSSSCG00000009995,ENSG00000176635
HOXA1,ENSSSCG00000016707,ENSG00000105991
HOXA10,ENSSSCG00000021204,ENSG00000253293
HOXA11,ENSSSCG00000016698,ENSG00000005073
HOXA2,ENSSSCG00000016706,ENSG00000105996
HOXA3,ENSSSCG00000016705,ENSG00000105997
HOXA4,ENSSSCG00000016704,ENSG00000197576
HOXA5,ENSSSCG00000016703,ENSG00000106004
HOXA7,ENSSSCG00000016701,ENSG00000122592
HOXA9,ENSSSCG00000028997,ENSG00000078399
HOXB1,ENSSSCG00000017532,ENSG00000120094
HOXB13,ENSSSCG00000017541,ENSG00000159184
HOXB2,ENSSSCG00000017533,ENSG00000173917
HOXB3,ENSSSCG00000017534,ENSG00000120093
HOXB4,ENSSSCG00000017535,ENSG00000182742
HOXB5,ENSSSCG00000017540,ENSG00000120075
HOXB6,ENSSSCG00000017539,ENSG00000108511
HOXB7,ENSSSCG00000017538,ENSG00000260027
HOXB8,ENSSSCG00000017537,ENSG00000120068
HOXC10,ENSSSCG00000022728,ENSG00000180818
HOXC11,ENSSSCG00000028104,ENSG00000123388
HOXC12,ENSSSCG00000000281,ENSG00000123407
HOXC13,ENSSSCG00000000279,ENSG00000123364
HOXC4,ENSSSCG00000038993,ENSG00000198353
HOXC5,ENSSSCG00000040798,ENSG00000172789
HOXC6,ENSSSCG00000030585,ENSG00000197757
HOXC8,ENSSSCG00000038644,ENSG00000037965
HOXC9,ENSSSCG00000034474,ENSG00000180806
HOXD1,ENSSSCG00000015986,ENSG00000128645
HOXD10,ENSSSCG00000015981,ENSG00000128710
HOXD11,ENSSSCG00000034741,ENSG00000128713
HOXD12,ENSSSCG00000015980,ENSG00000170178
HOXD3,ENSSSCG00000015985,ENSG00000128652
HOXD4,ENSSSCG00000015984,ENSG00000170166
HOXD8,ENSSSCG00000040349,ENSG00000175879
HOXD9,ENSSSCG00000015982,ENSG00000128709
HP,ENSSSCG00000002749,ENSG00000257017
HP1BP3,ENSSSCG00000003511,ENSG00000127483
HPCA,ENSSSCG00000032664,ENSG00000121905
HPCAL1,ENSSSCG00000003663,ENSG00000115756
HPCAL4,ENSSSCG00000023460,ENSG00000116983
HPD,ENSSSCG00000009805,ENSG00000158104
HPDL,ENSSSCG00000003920,ENSG00000186603
HPF1,ENSSSCG00000009711,ENSG00000056050
HPGD,ENSSSCG00000009699,ENSG00000164120
HPGDS,ENSSSCG00000009194,ENSG00000163106
HPN,ENSSSCG00000021867,ENSG00000105707
HPRT1,ENSSSCG00000034896,ENSG00000165704
HPS1,ENSSSCG00000010534,ENSG00000107521
HPS3,ENSSSCG00000011699,ENSG00000163755
HPS4,ENSSSCG00000009960,ENSG00000100099
HPS6,ENSSSCG00000010573,ENSG00000166189
HPSE,ENSSSCG00000009237,ENSG00000173083
HPSE2,ENSSSCG00000010535,ENSG00000172987
HPX,ENSSSCG00000014626,ENSG00000110169
HR,ENSSSCG00000009616,ENSG00000168453
HRAS,ENSSSCG00000031513,ENSG00000174775
HRC,ENSSSCG00000003156,ENSG00000130528
HRG,ENSSSCG00000011801,ENSG00000113905
HRH1,ENSSSCG00000011576,ENSG00000196639
HRH2,ENSSSCG00000029096,ENSG00000113749
HRH3,ENSSSCG00000038578,ENSG00000101180
HROB,ENSSSCG00000017364,ENSG00000125319
HS1BP3,ENSSSCG00000030115,ENSG00000118960
HS2ST1,ENSSSCG00000022032,ENSG00000153936
HS3ST1,ENSSSCG00000021515,ENSG00000002587
HS3ST2,ENSSSCG00000036475,ENSG00000122254
HS3ST3A1,ENSSSCG00000038622,ENSG00000153976
HS3ST3B1,ENSSSCG00000039318,ENSG00000125430
HS3ST4,ENSSSCG00000036837,ENSG00000182601
HS3ST5,ENSSSCG00000004433,ENSG00000249853
HS3ST6,ENSSSCG00000031216,ENSG00000162040
HS6ST1,ENSSSCG00000022197,ENSG00000136720
HS6ST2,ENSSSCG00000021375,ENSG00000171004
HS6ST3,ENSSSCG00000009503,ENSG00000185352
HSBP1L1,ENSSSCG00000005778,ENSG00000226742
HSCB,ENSSSCG00000034860,ENSG00000100209
HSD11B1,ENSSSCG00000015616,ENSG00000117594
HSD11B1L,ENSSSCG00000030546,ENSG00000167733
HSD11B2,ENSSSCG00000002777,ENSG00000176387
HSD17B1,ENSSSCG00000035147,ENSG00000108786
HSD17B10,ENSSSCG00000012327,ENSG00000072506
HSD17B11,ENSSSCG00000009225,ENSG00000198189
HSD17B12,ENSSSCG00000021739,ENSG00000149084
HSD17B2,ENSSSCG00000038221,ENSG00000086696
HSD17B3,ENSSSCG00000010937,ENSG00000130948
HSD17B4,ENSSSCG00000028431,ENSG00000133835
HSD17B6,ENSSSCG00000027854,ENSG00000025423
HSD17B7,ENSSSCG00000006337,ENSG00000132196
HSD3B1,ENSSSCG00000006719,ENSG00000203857
HSD3B7,ENSSSCG00000032369,ENSG00000099377
HSDL1,ENSSSCG00000002681,ENSG00000103160
HSDL2,ENSSSCG00000005467,ENSG00000119471
HSF1,ENSSSCG00000005917,ENSG00000185122
HSF2,ENSSSCG00000004238,ENSG00000025156
HSF2BP,ENSSSCG00000022164,ENSG00000160207
HSF5,ENSSSCG00000017641,ENSG00000176160
HSH2D,ENSSSCG00000013853,ENSG00000196684
HSP90AA1,ENSSSCG00000002535,ENSG00000080824
HSP90AB1,ENSSSCG00000001701,ENSG00000096384
HSP90B1,ENSSSCG00000000849,ENSG00000166598
HSPA12A,ENSSSCG00000036758,ENSG00000165868
HSPA12B,ENSSSCG00000007147,ENSG00000132622
HSPA13,ENSSSCG00000012007,ENSG00000155304
HSPA14,ENSSSCG00000011051,ENSG00000187522
HSPA4,ENSSSCG00000014292,ENSG00000170606
HSPA4L,ENSSSCG00000009077,ENSG00000164070
HSPA5,ENSSSCG00000005601,ENSG00000044574
HSPA6,ENSSSCG00000047932,ENSG00000173110
HSPA8,ENSSSCG00000015140,ENSG00000109971
HSPA9,ENSSSCG00000014338,ENSG00000113013
HSPB1,ENSSSCG00000039962,ENSG00000106211
HSPB3,ENSSSCG00000036059,ENSG00000169271
HSPB6,ENSSSCG00000023498,ENSG00000004776
HSPB7,ENSSSCG00000041935,ENSG00000173641
HSPB8,ENSSSCG00000009844,ENSG00000152137
HSPB9,ENSSSCG00000017413,ENSG00000260325
HSPBAP1,ENSSSCG00000011873,ENSG00000169087
HSPBP1,ENSSSCG00000003288,ENSG00000133265
HSPD1,ENSSSCG00000016077,ENSG00000144381
HSPE1,ENSSSCG00000016078,ENSG00000115541
HSPG2,ENSSSCG00000003514,ENSG00000142798
HSPH1,ENSSSCG00000009334,ENSG00000120694
HTATIP2,ENSSSCG00000013349,ENSG00000109854
HTATSF1,ENSSSCG00000023062,ENSG00000102241
HTD2,ENSSSCG00000035452,ENSG00000255154
HTR1B,ENSSSCG00000004475,ENSG00000135312
HTR1D,ENSSSCG00000025500,ENSG00000179546
HTR1E,ENSSSCG00000035251,ENSG00000168830
HTR1F,ENSSSCG00000030227,ENSG00000179097
HTR2A,ENSSSCG00000037452,ENSG00000102468
HTR2B,ENSSSCG00000016273,ENSG00000135914
HTR2C,ENSSSCG00000012593,ENSG00000147246
HTR3A,ENSSSCG00000024497,ENSG00000166736
HTR3B,ENSSSCG00000015053,ENSG00000149305
HTR4,ENSSSCG00000014428,ENSG00000164270
HTR5A,ENSSSCG00000032032,ENSG00000157219
HTR7,ENSSSCG00000010459,ENSG00000148680
HTRA1,ENSSSCG00000010703,ENSG00000166033
HTRA2,ENSSSCG00000039882,ENSG00000115317
HTRA3,ENSSSCG00000008723,ENSG00000170801
HTT,ENSSSCG00000008697,ENSG00000197386
HUNK,ENSSSCG00000029392,ENSG00000142149
HUS1,ENSSSCG00000028523,ENSG00000136273
HUWE1,ENSSSCG00000012328,ENSG00000086758
HVCN1,ENSSSCG00000009827,ENSG00000122986
HYAL2,ENSSSCG00000011405,ENSG00000068001
HYAL3,ENSSSCG00000011402,ENSG00000186792
HYAL4,ENSSSCG00000016603,ENSG00000106302
HYCC1,ENSSSCG00000015386,ENSG00000122591
HYCC2,ENSSSCG00000036339,ENSG00000155744
HYI,ENSSSCG00000003940,ENSG00000178922
HYKK,ENSSSCG00000001755,ENSG00000188266
HYLS1,ENSSSCG00000024913,ENSG00000198331
HYOU1,ENSSSCG00000015106,ENSG00000149428
IAH1,ENSSSCG00000008640,ENSG00000134330
IAPP,ENSSSCG00000000582,ENSG00000121351
IARS1,ENSSSCG00000008068,ENSG00000196305
IARS2,ENSSSCG00000010823,ENSG00000067704
IBSP,ENSSSCG00000009219,ENSG00000029559
IBTK,ENSSSCG00000004460,ENSG00000005700
ICA1,ENSSSCG00000015346,ENSG00000003147
ICA1L,ENSSSCG00000016115,ENSG00000163596
ICAM1,ENSSSCG00000013655,ENSG00000090339
ICAM3,ENSSSCG00000013649,ENSG00000076662
ICAM4,ENSSSCG00000013654,ENSG00000105371
ICAM5,ENSSSCG00000013653,ENSG00000105376
ICE1,ENSSSCG00000031547,ENSG00000164151
ICE2,ENSSSCG00000004577,ENSG00000128915
ICMT,ENSSSCG00000003369,ENSG00000116237
ICOS,ENSSSCG00000025042,ENSG00000163600
ICOSLG,ENSSSCG00000022246,ENSG00000160223
ID1,ENSSSCG00000037016,ENSG00000125968
ID2,ENSSSCG00000008645,ENSG00000115738
ID3,ENSSSCG00000039514,ENSG00000117318
ID4,ENSSSCG00000024312,ENSG00000172201
IDE,ENSSSCG00000010470,ENSG00000119912
IDH1,ENSSSCG00000023264,ENSG00000138413
IDH2,ENSSSCG00000001852,ENSG00000182054
IDH3A,ENSSSCG00000032498,ENSG00000166411
IDH3B,ENSSSCG00000007173,ENSG00000101365
IDH3G,ENSSSCG00000012783,ENSG00000067829
IDNK,ENSSSCG00000035132,ENSG00000148057
IDO1,ENSSSCG00000007007,ENSG00000131203
IDO2,ENSSSCG00000023054,ENSG00000188676
IDS,ENSSSCG00000012731,ENSG00000010404
IDUA,ENSSSCG00000032262,ENSG00000127415
IER2,ENSSSCG00000013753,ENSG00000160888
IER5,ENSSSCG00000015541,ENSG00000162783
IER5L,ENSSSCG00000005673,ENSG00000188483
IFFO1,ENSSSCG00000000695,ENSG00000010295
IFFO2,ENSSSCG00000022839,ENSG00000169991
IFI30,ENSSSCG00000013901,ENSG00000216490
IFI35,ENSSSCG00000029763,ENSG00000068079
IFI44,ENSSSCG00000003763,ENSG00000137965
IFI44L,ENSSSCG00000027660,ENSG00000137959
IFI6,ENSSSCG00000034570,ENSG00000126709
IFIH1,ENSSSCG00000015897,ENSG00000115267
IFIT1,ENSSSCG00000010452,ENSG00000185745
IFIT2,ENSSSCG00000010451,ENSG00000119922
IFIT5,ENSSSCG00000010454,ENSG00000152778
IFITM10,ENSSSCG00000033809,ENSG00000244242
IFITM5,ENSSSCG00000040278,ENSG00000206013
IFNAR1,ENSSSCG00000033115,ENSG00000142166
IFNAR2,ENSSSCG00000036556,ENSG00000159110
IFNB1,ENSSSCG00000005163,ENSG00000171855
IFNE,ENSSSCG00000005136,ENSG00000184995
IFNG,ENSSSCG00000032963,ENSG00000111537
IFNGR1,ENSSSCG00000004156,ENSG00000027697
IFNK,ENSSSCG00000011011,ENSG00000147896
IFNLR1,ENSSSCG00000032860,ENSG00000185436
IFRD1,ENSSSCG00000016646,ENSG00000006652
IFT122,ENSSSCG00000011589,ENSG00000163913
IFT140,ENSSSCG00000008020,ENSG00000187535
IFT172,ENSSSCG00000026367,ENSG00000138002
IFT20,ENSSSCG00000023719,ENSG00000109083
IFT27,ENSSSCG00000000139,ENSG00000100360
IFT43,ENSSSCG00000002386,ENSG00000119650
IFT46,ENSSSCG00000029649,ENSG00000118096
IFT52,ENSSSCG00000007364,ENSG00000101052
IFT56,ENSSSCG00000016511,ENSG00000105948
IFT57,ENSSSCG00000011941,ENSG00000114446
IFT74,ENSSSCG00000005124,ENSG00000096872
IFT80,ENSSSCG00000011733,ENSG00000068885
IFT81,ENSSSCG00000009818,ENSG00000122970
IFT88,ENSSSCG00000009270,ENSG00000032742
IFTAP,ENSSSCG00000035489,ENSG00000166352
IGDCC4,ENSSSCG00000004931,ENSG00000103742
IGF1,ENSSSCG00000000857,ENSG00000017427
IGF1R,ENSSSCG00000030560,ENSG00000140443
IGF2,ENSSSCG00000035293,ENSG00000167244
IGF2BP1,ENSSSCG00000023128,ENSG00000159217
IGF2BP2,ENSSSCG00000011795,ENSG00000073792
IGF2BP3,ENSSSCG00000036695,ENSG00000136231
IGF2R,ENSSSCG00000004044,ENSG00000197081
IGFALS,ENSSSCG00000008013,ENSG00000099769
IGFBP1,ENSSSCG00000016728,ENSG00000146678
IGFBP2,ENSSSCG00000035392,ENSG00000115457
IGFBP4,ENSSSCG00000017472,ENSG00000141753
IGFBP5,ENSSSCG00000025924,ENSG00000115461
IGFBP6,ENSSSCG00000000261,ENSG00000167779
IGFBP7,ENSSSCG00000008913,ENSG00000163453
IGFBPL1,ENSSSCG00000005360,ENSG00000137142
IGFN1,ENSSSCG00000036948,ENSG00000163395
IGHMBP2,ENSSSCG00000012878,ENSG00000132740
IGSF1,ENSSSCG00000012667,ENSG00000147255
IGSF10,ENSSSCG00000011717,ENSG00000152580
IGSF11,ENSSSCG00000011906,ENSG00000144847
IGSF21,ENSSSCG00000020992,ENSG00000117154
IGSF23,ENSSSCG00000003080,ENSG00000216588
IGSF3,ENSSSCG00000006737,ENSG00000143061
IGSF5,ENSSSCG00000012071,ENSG00000183067
IGSF6,ENSSSCG00000027967,ENSG00000140749
IGSF8,ENSSSCG00000006392,ENSG00000162729
IGSF9,ENSSSCG00000006396,ENSG00000085552
IGSF9B,ENSSSCG00000015255,ENSG00000080854
IHH,ENSSSCG00000016204,ENSG00000163501
IHO1,ENSSSCG00000011376,ENSG00000173421
IK,ENSSSCG00000014372,ENSG00000113141
IKBIP,ENSSSCG00000038772,ENSG00000166130
IKBKB,ENSSSCG00000007030,ENSG00000104365
IKBKE,ENSSSCG00000015644,ENSG00000263528
IKBKG,ENSSSCG00000012825,ENSG00000269335
IKZF1,ENSSSCG00000038345,ENSG00000185811
IKZF2,ENSSSCG00000016164,ENSG00000030419
IKZF3,ENSSSCG00000017494,ENSG00000161405
IKZF4,ENSSSCG00000031139,ENSG00000123411
IKZF5,ENSSSCG00000023565,ENSG00000095574
IL10,ENSSSCG00000015652,ENSG00000136634
IL10RA,ENSSSCG00000015085,ENSG00000110324
IL10RB,ENSSSCG00000041289,ENSG00000243646
IL11,ENSSSCG00000040725,ENSG00000095752
IL11RA,ENSSSCG00000010968,ENSG00000137070
IL12A,ENSSSCG00000011730,ENSG00000168811
IL12B,ENSSSCG00000017044,ENSG00000113302
IL12RB1,ENSSSCG00000013894,ENSG00000096996
IL12RB2,ENSSSCG00000003799,ENSG00000081985
IL13,ENSSSCG00000014281,ENSG00000169194
IL13RA1,ENSSSCG00000012633,ENSG00000131724
IL13RA2,ENSSSCG00000012594,ENSG00000123496
IL15,ENSSSCG00000009051,ENSG00000164136
IL15RA,ENSSSCG00000021815,ENSG00000134470
IL16,ENSSSCG00000001787,ENSG00000172349
IL17A,ENSSSCG00000001748,ENSG00000112115
IL17B,ENSSSCG00000014434,ENSG00000127743
IL17D,ENSSSCG00000025308,ENSG00000172458
IL17RA,ENSSSCG00000000765,ENSG00000177663
IL17RB,ENSSSCG00000037914,ENSG00000056736
IL17RD,ENSSSCG00000011463,ENSG00000144730
IL17REL,ENSSSCG00000000983,ENSG00000188263
IL18,ENSSSCG00000015037,ENSG00000150782
IL18R1,ENSSSCG00000008159,ENSG00000115604
IL18RAP,ENSSSCG00000008157,ENSG00000115607
IL19,ENSSSCG00000015653,ENSG00000142224
IL1A,ENSSSCG00000008090,ENSG00000115008
IL1B,ENSSSCG00000039214,ENSG00000125538
IL1R1,ENSSSCG00000008162,ENSG00000115594
IL1R2,ENSSSCG00000028331,ENSG00000115590
IL1RAP,ENSSSCG00000021206,ENSG00000196083
IL1RAPL1,ENSSSCG00000012196,ENSG00000169306
IL1RAPL2,ENSSSCG00000012545,ENSG00000189108
IL1RL1,ENSSSCG00000032795,ENSG00000115602
IL1RL2,ENSSSCG00000023550,ENSG00000115598
IL2,ENSSSCG00000033267,ENSG00000109471
IL20,ENSSSCG00000015654,ENSG00000162891
IL20RA,ENSSSCG00000004157,ENSG00000016402
IL21,ENSSSCG00000009087,ENSG00000138684
IL21R,ENSSSCG00000007816,ENSG00000103522
IL22,ENSSSCG00000000482,ENSG00000127318
IL22RA1,ENSSSCG00000038848,ENSG00000142677
IL22RA2,ENSSSCG00000004158,ENSG00000164485
IL23A,ENSSSCG00000033520,ENSG00000110944
IL23R,ENSSSCG00000003801,ENSG00000162594
IL24,ENSSSCG00000015655,ENSG00000162892
IL27,ENSSSCG00000039300,ENSG00000197272
IL27RA,ENSSSCG00000013766,ENSG00000104998
IL2RA,ENSSSCG00000022849,ENSG00000134460
IL2RB,ENSSSCG00000029668,ENSG00000100385
IL2RG,ENSSSCG00000012397,ENSG00000147168
IL31RA,ENSSSCG00000016915,ENSG00000164509
IL33,ENSSSCG00000005203,ENSG00000137033
IL34,ENSSSCG00000040629,ENSG00000157368
IL4,ENSSSCG00000014282,ENSG00000113520
IL4I1,ENSSSCG00000003192,ENSG00000104951
IL4R,ENSSSCG00000007817,ENSG00000077238
IL5,ENSSSCG00000014278,ENSG00000113525
IL5RA,ENSSSCG00000011528,ENSG00000091181
IL6,ENSSSCG00000020970,ENSG00000136244
IL6R,ENSSSCG00000027628,ENSG00000160712
IL6ST,ENSSSCG00000016916,ENSG00000134352
IL7,ENSSSCG00000006161,ENSG00000104432
IL7R,ENSSSCG00000016832,ENSG00000168685
IL9,ENSSSCG00000025818,ENSG00000145839
IL9R,ENSSSCG00000007973,ENSG00000124334
ILDR1,ENSSSCG00000025436,ENSG00000145103
ILDR2,ENSSSCG00000035124,ENSG00000143195
ILF2,ENSSSCG00000028553,ENSG00000143621
ILF3,ENSSSCG00000013638,ENSG00000129351
ILK,ENSSSCG00000023272,ENSG00000166333
ILKAP,ENSSSCG00000016339,ENSG00000132323
ILRUN,ENSSSCG00000001527,ENSG00000196821
IMMP1L,ENSSSCG00000013322,ENSG00000148950
IMMT,ENSSSCG00000024564,ENSG00000132305
IMP3,ENSSSCG00000042572,ENSG00000177971
IMP4,ENSSSCG00000015734,ENSG00000136718
IMPA1,ENSSSCG00000033791,ENSG00000133731
IMPA2,ENSSSCG00000024162,ENSG00000141401
IMPACT,ENSSSCG00000003713,ENSG00000154059
IMPDH1,ENSSSCG00000016585,ENSG00000106348
IMPDH2,ENSSSCG00000011373,ENSG00000178035
IMPG1,ENSSSCG00000004477,ENSG00000112706
IMPG2,ENSSSCG00000031273,ENSG00000081148
INA,ENSSSCG00000010595,ENSG00000148798
INAVA,ENSSSCG00000032735,ENSG00000163362
INCA1,ENSSSCG00000017901,ENSG00000196388
INCENP,ENSSSCG00000013066,ENSG00000149503
INF2,ENSSSCG00000033720,ENSG00000203485
ING1,ENSSSCG00000034818,ENSG00000153487
ING2,ENSSSCG00000024555,ENSG00000168556
ING3,ENSSSCG00000016619,ENSG00000071243
ING4,ENSSSCG00000044078,ENSG00000111653
ING5,ENSSSCG00000032505,ENSG00000168395
INHA,ENSSSCG00000020771,ENSG00000123999
INHBA,ENSSSCG00000035077,ENSG00000122641
INHBB,ENSSSCG00000038610,ENSG00000163083
INHBC,ENSSSCG00000037446,ENSG00000175189
INHBE,ENSSSCG00000000442,ENSG00000139269
INIP,ENSSSCG00000026194,ENSG00000148153
INKA1,ENSSSCG00000049797,ENSG00000185614
INKA2,ENSSSCG00000036030,ENSG00000197852
INMT,ENSSSCG00000016676,ENSG00000241644
INO80,ENSSSCG00000004753,ENSG00000128908
INO80B,ENSSSCG00000008287,ENSG00000115274
INO80C,ENSSSCG00000038859,ENSG00000153391
INO80D,ENSSSCG00000016125,ENSG00000114933
INO80E,ENSSSCG00000032921,ENSG00000169592
INPP1,ENSSSCG00000016050,ENSG00000151689
INPP4A,ENSSSCG00000008190,ENSG00000040933
INPP4B,ENSSSCG00000009050,ENSG00000109452
INPP5A,ENSSSCG00000010765,ENSG00000068383
INPP5B,ENSSSCG00000003642,ENSG00000204084
INPP5D,ENSSSCG00000016298,ENSG00000168918
INPP5E,ENSSSCG00000040869,ENSG00000148384
INPP5F,ENSSSCG00000010687,ENSG00000198825
INPP5J,ENSSSCG00000030345,ENSG00000185133
INPP5K,ENSSSCG00000030707,ENSG00000132376
INPPL1,ENSSSCG00000014811,ENSG00000165458
INS,ENSSSCG00000033740,ENSG00000254647
INSC,ENSSSCG00000013385,ENSG00000188487
INSIG1,ENSSSCG00000016420,ENSG00000186480
INSIG2,ENSSSCG00000036229,ENSG00000125629
INSL3,ENSSSCG00000013887,ENSG00000248099
INSL6,ENSSSCG00000005214,ENSG00000120210
INSM2,ENSSSCG00000001949,ENSG00000168348
INSR,ENSSSCG00000013566,ENSG00000171105
INSRR,ENSSSCG00000006465,ENSG00000027644
INSYN1,ENSSSCG00000001916,ENSG00000205363
INSYN2A,ENSSSCG00000031345,ENSG00000188916
INSYN2B,ENSSSCG00000017010,ENSG00000204767
INTS1,ENSSSCG00000007558,ENSG00000164880
INTS10,ENSSSCG00000007004,ENSG00000104613
INTS11,ENSSSCG00000003339,ENSG00000127054
INTS12,ENSSSCG00000030617,ENSG00000138785
INTS13,ENSSSCG00000030443,ENSG00000064102
INTS14,ENSSSCG00000004936,ENSG00000138614
INTS15,ENSSSCG00000036192,ENSG00000146576
INTS2,ENSSSCG00000017673,ENSG00000108506
INTS5,ENSSSCG00000028275,ENSG00000185085
INTS6,ENSSSCG00000009384,ENSG00000102786
INTS6L,ENSSSCG00000012695,ENSG00000165359
INTS7,ENSSSCG00000015602,ENSG00000143493
INTS8,ENSSSCG00000006096,ENSG00000164941
INTS9,ENSSSCG00000009681,ENSG00000104299
INTU,ENSSSCG00000009079,ENSG00000164066
INVS,ENSSSCG00000005388,ENSG00000119509
IP6K1,ENSSSCG00000011390,ENSG00000176095
IP6K2,ENSSSCG00000040922,ENSG00000068745
IP6K3,ENSSSCG00000039272,ENSG00000161896
IPCEF1,ENSSSCG00000046319,ENSG00000074706
IPMK,ENSSSCG00000040863,ENSG00000151151
IPO11,ENSSSCG00000016938,ENSG00000086200
IPO13,ENSSSCG00000029430,ENSG00000117408
IPO4,ENSSSCG00000002000,ENSG00000196497
IPO5,ENSSSCG00000009509,ENSG00000065150
IPO7,ENSSSCG00000028886,ENSG00000205339
IPO8,ENSSSCG00000000534,ENSG00000133704
IPO9,ENSSSCG00000039843,ENSG00000198700
IPP,ENSSSCG00000040796,ENSG00000197429
IPPK,ENSSSCG00000030204,ENSG00000127080
IQCB1,ENSSSCG00000011881,ENSG00000173226
IQCC,ENSSSCG00000003610,ENSG00000160051
IQCE,ENSSSCG00000007568,ENSG00000106012
IQCF1,ENSSSCG00000029827,ENSG00000173389
IQCJ,ENSSSCG00000011728,ENSG00000214216
IQCK,ENSSSCG00000034720,ENSG00000174628
IQGAP1,ENSSSCG00000001814,ENSG00000140575
IQGAP2,ENSSSCG00000014088,ENSG00000145703
IQGAP3,ENSSSCG00000006475,ENSG00000183856
IQSEC1,ENSSSCG00000027812,ENSG00000144711
IQSEC2,ENSSSCG00000012324,ENSG00000124313
IQUB,ENSSSCG00000016608,ENSG00000164675
IRAG1,ENSSSCG00000020720,ENSG00000072952
IRAK1,ENSSSCG00000012795,ENSG00000184216
IRAK1BP1,ENSSSCG00000004472,ENSG00000146243
IRAK2,ENSSSCG00000011570,ENSG00000134070
IRAK3,ENSSSCG00000000475,ENSG00000090376
IRAK4,ENSSSCG00000000799,ENSG00000198001
IREB2,ENSSSCG00000001756,ENSG00000136381
IRF1,ENSSSCG00000014277,ENSG00000125347
IRF2,ENSSSCG00000015782,ENSG00000168310
IRF2BP2,ENSSSCG00000038132,ENSG00000168264
IRF2BPL,ENSSSCG00000002392,ENSG00000119669
IRF3,ENSSSCG00000003178,ENSG00000126456
IRF4,ENSSSCG00000033381,ENSG00000137265
IRF5,ENSSSCG00000016573,ENSG00000128604
IRF6,ENSSSCG00000015612,ENSG00000117595
IRF7,ENSSSCG00000012853,ENSG00000185507
IRF8,ENSSSCG00000034980,ENSG00000140968
IRF9,ENSSSCG00000002002,ENSG00000213928
IRGQ,ENSSSCG00000030637,ENSG00000167378
IRS1,ENSSSCG00000025729,ENSG00000169047
IRS2,ENSSSCG00000034763,ENSG00000185950
IRS4,ENSSSCG00000031027,ENSG00000133124
IRX1,ENSSSCG00000034884,ENSG00000170549
IRX2,ENSSSCG00000032074,ENSG00000170561
IRX3,ENSSSCG00000002831,ENSG00000177508
IRX4,ENSSSCG00000017112,ENSG00000113430
IRX5,ENSSSCG00000032145,ENSG00000176842
IRX6,ENSSSCG00000002830,ENSG00000159387
ISCA2,ENSSSCG00000002367,ENSG00000165898
ISCU,ENSSSCG00000023380,ENSG00000136003
ISG15,ENSSSCG00000040575,ENSG00000187608
ISG20,ENSSSCG00000024867,ENSG00000172183
ISG20L2,ENSSSCG00000006471,ENSG00000143319
ISL1,ENSSSCG00000016883,ENSG00000016082
ISL2,ENSSSCG00000033348,ENSG00000159556
ISLR,ENSSSCG00000001910,ENSG00000129009
ISLR2,ENSSSCG00000036011,ENSG00000167178
ISM1,ENSSSCG00000007073,ENSG00000101230
ISOC1,ENSSSCG00000014258,ENSG00000066583
ISOC2,ENSSSCG00000003289,ENSG00000063241
IST1,ENSSSCG00000002743,ENSG00000182149
ISX,ENSSSCG00000040934,ENSG00000175329
ISYNA1,ENSSSCG00000040524,ENSG00000105655
ITCH,ENSSSCG00000007280,ENSG00000078747
ITFG1,ENSSSCG00000033527,ENSG00000129636
ITFG2,ENSSSCG00000000742,ENSG00000111203
ITGA1,ENSSSCG00000016885,ENSG00000213949
ITGA10,ENSSSCG00000006687,ENSG00000143127
ITGA11,ENSSSCG00000004961,ENSG00000137809
ITGA2,ENSSSCG00000016887,ENSG00000164171
ITGA3,ENSSSCG00000017578,ENSG00000005884
ITGA4,ENSSSCG00000016009,ENSG00000115232
ITGA5,ENSSSCG00000000293,ENSG00000161638
ITGA6,ENSSSCG00000015955,ENSG00000091409
ITGA7,ENSSSCG00000036237,ENSG00000135424
ITGA8,ENSSSCG00000011046,ENSG00000077943
ITGA9,ENSSSCG00000011245,ENSG00000144668
ITGAE,ENSSSCG00000017869,ENSG00000083457
ITGAL,ENSSSCG00000007797,ENSG00000005844
ITGAM,ENSSSCG00000007754,ENSG00000169896
ITGAV,ENSSSCG00000016027,ENSG00000138448
ITGB1,ENSSSCG00000011101,ENSG00000150093
ITGB1BP1,ENSSSCG00000029313,ENSG00000119185
ITGB1BP2,ENSSSCG00000022209,ENSG00000147166
ITGB2,ENSSSCG00000025133,ENSG00000160255
ITGB3,ENSSSCG00000017306,ENSG00000259207
ITGB4,ENSSSCG00000017204,ENSG00000132470
ITGB5,ENSSSCG00000037905,ENSG00000082781
ITGB6,ENSSSCG00000015886,ENSG00000115221
ITGB7,ENSSSCG00000000257,ENSG00000139626
ITGB8,ENSSSCG00000015375,ENSG00000105855
ITGBL1,ENSSSCG00000009526,ENSG00000198542
ITIH1,ENSSSCG00000011450,ENSG00000055957
ITIH2,ENSSSCG00000011128,ENSG00000151655
ITIH3,ENSSSCG00000011451,ENSG00000162267
ITIH4,ENSSSCG00000011453,ENSG00000055955
ITIH5,ENSSSCG00000011129,ENSG00000123243
ITK,ENSSSCG00000038003,ENSG00000113263
ITM2A,ENSSSCG00000012448,ENSG00000078596
ITM2B,ENSSSCG00000009403,ENSG00000136156
ITM2C,ENSSSCG00000016267,ENSG00000135916
ITPA,ENSSSCG00000035995,ENSG00000125877
ITPK1,ENSSSCG00000002457,ENSG00000100605
ITPKA,ENSSSCG00000004746,ENSG00000137825
ITPKC,ENSSSCG00000003000,ENSG00000086544
ITPR1,ENSSSCG00000023437,ENSG00000150995
ITPR2,ENSSSCG00000000555,ENSG00000123104
ITPR3,ENSSSCG00000001518,ENSG00000096433
ITPRID1,ENSSSCG00000016671,ENSG00000180347
ITPRID2,ENSSSCG00000038730,ENSG00000138434
ITPRIP,ENSSSCG00000010613,ENSG00000148841
ITPRIPL1,ENSSSCG00000037580,ENSG00000198885
ITPRIPL2,ENSSSCG00000039337,ENSG00000205730
ITSN1,ENSSSCG00000024614,ENSG00000205726
ITSN2,ENSSSCG00000008583,ENSG00000198399
IVD,ENSSSCG00000004774,ENSG00000128928
IVL,ENSSSCG00000006595,ENSG00000163207
IVNS1ABP,ENSSSCG00000015570,ENSG00000116679
IWS1,ENSSSCG00000035410,ENSG00000163166
IYD,ENSSSCG00000004093,ENSG00000009765
IZUMO1,ENSSSCG00000003142,ENSG00000182264
IZUMO1R,ENSSSCG00000014952,ENSG00000183560
IZUMO2,ENSSSCG00000003207,ENSG00000161652
IZUMO3,ENSSSCG00000005129,ENSG00000205442
IZUMO4,ENSSSCG00000013455,ENSG00000099840
JADE1,ENSSSCG00000009071,ENSG00000077684
JADE2,ENSSSCG00000014303,ENSG00000043143
JADE3,ENSSSCG00000012267,ENSG00000102221
JAG1,ENSSSCG00000007067,ENSG00000101384
JAG2,ENSSSCG00000002555,ENSG00000184916
JAK1,ENSSSCG00000003809,ENSG00000162434
JAK2,ENSSSCG00000005215,ENSG00000096968
JAK3,ENSSSCG00000013888,ENSG00000105639
JAKMIP1,ENSSSCG00000008710,ENSG00000152969
JAKMIP2,ENSSSCG00000014420,ENSG00000176049
JAKMIP3,ENSSSCG00000024633,ENSG00000188385
JAM2,ENSSSCG00000023028,ENSG00000154721
JAM3,ENSSSCG00000015256,ENSG00000166086
JAML,ENSSSCG00000015089,ENSG00000160593
JARID2,ENSSSCG00000001061,ENSG00000008083
JAZF1,ENSSSCG00000016691,ENSG00000153814
JCAD,ENSSSCG00000011020,ENSG00000165757
JCHAIN,ENSSSCG00000035379,ENSG00000132465
JDP2,ENSSSCG00000035895,ENSG00000140044
JHY,ENSSSCG00000015138,ENSG00000109944
JKAMP,ENSSSCG00000034798,ENSG00000050130
JMJD1C,ENSSSCG00000010226,ENSG00000171988
JMJD4,ENSSSCG00000013983,ENSG00000081692
JMJD6,ENSSSCG00000035923,ENSG00000070495
JMJD8,ENSSSCG00000007988,ENSG00000161999
JMY,ENSSSCG00000014112,ENSG00000152409
JOSD1,ENSSSCG00000039555,ENSG00000100221
JOSD2,ENSSSCG00000003217,ENSG00000161677
JPH1,ENSSSCG00000006174,ENSG00000104369
JPH2,ENSSSCG00000007369,ENSG00000149596
JPH3,ENSSSCG00000002653,ENSG00000154118
JPH4,ENSSSCG00000002014,ENSG00000092051
JPT1,ENSSSCG00000017213,ENSG00000189159
JPT2,ENSSSCG00000008019,ENSG00000206053
JRKL,ENSSSCG00000034924,ENSG00000183340
JSRP1,ENSSSCG00000031899,ENSG00000167476
JTB,ENSSSCG00000006559,ENSG00000143543
JUN,ENSSSCG00000031912,ENSG00000177606
JUNB,ENSSSCG00000013735,ENSG00000171223
JUP,ENSSSCG00000017428,ENSG00000173801
KANK1,ENSSSCG00000005235,ENSG00000107104
KANK2,ENSSSCG00000039194,ENSG00000197256
KANK3,ENSSSCG00000013598,ENSG00000186994
KANK4,ENSSSCG00000003821,ENSG00000132854
KANSL1,ENSSSCG00000017310,ENSG00000120071
KANSL1L,ENSSSCG00000022830,ENSG00000144445
KANSL2,ENSSSCG00000000842,ENSG00000139620
KANSL3,ENSSSCG00000040434,ENSG00000114982
KARS1,ENSSSCG00000002704,ENSG00000065427
KASH5,ENSSSCG00000003172,ENSG00000161609
KAT14,ENSSSCG00000007092,ENSG00000149474
KAT2A,ENSSSCG00000017414,ENSG00000108773
KAT2B,ENSSSCG00000024621,ENSG00000114166
KAT5,ENSSSCG00000012980,ENSG00000172977
KAT6A,ENSSSCG00000007023,ENSG00000083168
KAT6B,ENSSSCG00000010316,ENSG00000156650
KAT7,ENSSSCG00000017553,ENSG00000136504
KAT8,ENSSSCG00000031247,ENSG00000103510
KATNA1,ENSSSCG00000004104,ENSG00000186625
KATNAL1,ENSSSCG00000009326,ENSG00000102781
KATNAL2,ENSSSCG00000022643,ENSG00000167216
KATNB1,ENSSSCG00000002813,ENSG00000140854
KATNBL1,ENSSSCG00000002245,ENSG00000134152
KATNIP,ENSSSCG00000007814,ENSG00000047578
KAZALD1,ENSSSCG00000022429,ENSG00000107821
KAZN,ENSSSCG00000037676,ENSG00000189337
KBTBD11,ENSSSCG00000029796,ENSG00000176595
KBTBD12,ENSSSCG00000011622,ENSG00000187715
KBTBD13,ENSSSCG00000035667,ENSG00000234438
KBTBD2,ENSSSCG00000022464,ENSG00000170852
KBTBD3,ENSSSCG00000014999,ENSG00000182359
KBTBD4,ENSSSCG00000013227,ENSG00000123444
KBTBD7,ENSSSCG00000037413,ENSG00000120696
KBTBD8,ENSSSCG00000011500,ENSG00000163376
KCMF1,ENSSSCG00000008242,ENSG00000176407
KCNA1,ENSSSCG00000000716,ENSG00000111262
KCNA10,ENSSSCG00000006803,ENSG00000143105
KCNA2,ENSSSCG00000037709,ENSG00000177301
KCNA3,ENSSSCG00000006802,ENSG00000177272
KCNA4,ENSSSCG00000013330,ENSG00000182255
KCNA7,ENSSSCG00000003159,ENSG00000104848
KCNAB1,ENSSSCG00000025810,ENSG00000169282
KCNAB2,ENSSSCG00000020749,ENSG00000069424
KCNAB3,ENSSSCG00000037973,ENSG00000170049
KCNB1,ENSSSCG00000007462,ENSG00000158445
KCNB2,ENSSSCG00000006185,ENSG00000182674
KCNC1,ENSSSCG00000013374,ENSG00000129159
KCNC2,ENSSSCG00000000516,ENSG00000166006
KCNC3,ENSSSCG00000003214,ENSG00000131398
KCNC4,ENSSSCG00000006810,ENSG00000116396
KCND1,ENSSSCG00000028284,ENSG00000102057
KCND2,ENSSSCG00000016621,ENSG00000184408
KCND3,ENSSSCG00000026680,ENSG00000171385
KCNE1,ENSSSCG00000012049,ENSG00000180509
KCNE3,ENSSSCG00000029323,ENSG00000175538
KCNE4,ENSSSCG00000038149,ENSG00000152049
KCNF1,ENSSSCG00000033463,ENSG00000162975
KCNG1,ENSSSCG00000007476,ENSG00000026559
KCNG2,ENSSSCG00000005780,ENSG00000178342
KCNG3,ENSSSCG00000008465,ENSG00000171126
KCNH1,ENSSSCG00000040650,ENSG00000143473
KCNH2,ENSSSCG00000016448,ENSG00000055118
KCNH3,ENSSSCG00000000203,ENSG00000135519
KCNH4,ENSSSCG00000017411,ENSG00000089558
KCNH5,ENSSSCG00000034726,ENSG00000140015
KCNH6,ENSSSCG00000017295,ENSG00000173826
KCNH7,ENSSSCG00000015898,ENSG00000184611
KCNH8,ENSSSCG00000011204,ENSG00000183960
KCNIP1,ENSSSCG00000017003,ENSG00000182132
KCNIP2,ENSSSCG00000010570,ENSG00000120049
KCNIP3,ENSSSCG00000008119,ENSG00000115041
KCNIP4,ENSSSCG00000023934,ENSG00000185774
KCNJ1,ENSSSCG00000015236,ENSG00000151704
KCNJ10,ENSSSCG00000031858,ENSG00000177807
KCNJ11,ENSSSCG00000042162,ENSG00000187486
KCNJ12,ENSSSCG00000034773,ENSG00000184185
KCNJ13,ENSSSCG00000025038,ENSG00000115474
KCNJ14,ENSSSCG00000003135,ENSG00000182324
KCNJ15,ENSSSCG00000012066,ENSG00000157551
KCNJ16,ENSSSCG00000034358,ENSG00000153822
KCNJ2,ENSSSCG00000039947,ENSG00000123700
KCNJ3,ENSSSCG00000036078,ENSG00000162989
KCNJ4,ENSSSCG00000000106,ENSG00000168135
KCNJ5,ENSSSCG00000021573,ENSG00000120457
KCNJ6,ENSSSCG00000012065,ENSG00000157542
KCNJ8,ENSSSCG00000000573,ENSG00000121361
KCNJ9,ENSSSCG00000006393,ENSG00000162728
KCNK1,ENSSSCG00000010163,ENSG00000135750
KCNK10,ENSSSCG00000002423,ENSG00000100433
KCNK13,ENSSSCG00000002432,ENSG00000152315
KCNK15,ENSSSCG00000007377,ENSG00000124249
KCNK16,ENSSSCG00000037484,ENSG00000095981
KCNK17,ENSSSCG00000001592,ENSG00000124780
KCNK2,ENSSSCG00000023451,ENSG00000082482
KCNK3,ENSSSCG00000008563,ENSG00000171303
KCNK4,ENSSSCG00000013031,ENSG00000182450
KCNK5,ENSSSCG00000025423,ENSG00000164626
KCNK6,ENSSSCG00000038902,ENSG00000099337
KCNK7,ENSSSCG00000012986,ENSG00000173338
KCNK9,ENSSSCG00000033397,ENSG00000169427
KCNMA1,ENSSSCG00000010325,ENSG00000156113
KCNMB1,ENSSSCG00000017005,ENSG00000145936
KCNMB2,ENSSSCG00000011761,ENSG00000197584
KCNMB3,ENSSSCG00000029240,ENSG00000171121
KCNMB4,ENSSSCG00000031173,ENSG00000135643
KCNN1,ENSSSCG00000013892,ENSG00000105642
KCNN2,ENSSSCG00000014213,ENSG00000080709
KCNN3,ENSSSCG00000006542,ENSG00000143603
KCNN4,ENSSSCG00000003069,ENSG00000104783
KCNQ1,ENSSSCG00000039556,ENSG00000053918
KCNQ2,ENSSSCG00000031746,ENSG00000075043
KCNQ3,ENSSSCG00000005953,ENSG00000184156
KCNQ4,ENSSSCG00000003975,ENSG00000117013
KCNQ5,ENSSSCG00000004281,ENSG00000185760
KCNRG,ENSSSCG00000009388,ENSG00000198553
KCNS1,ENSSSCG00000007385,ENSG00000124134
KCNS2,ENSSSCG00000031917,ENSG00000156486
KCNS3,ENSSSCG00000031905,ENSG00000170745
KCNT1,ENSSSCG00000005762,ENSG00000107147
KCNT2,ENSSSCG00000010892,ENSG00000162687
KCNU1,ENSSSCG00000029131,ENSG00000215262
KCNV1,ENSSSCG00000006021,ENSG00000164794
KCNV2,ENSSSCG00000005228,ENSG00000168263
KCTD1,ENSSSCG00000003719,ENSG00000134504
KCTD10,ENSSSCG00000009934,ENSG00000110906
KCTD11,ENSSSCG00000042089,ENSG00000213859
KCTD13,ENSSSCG00000040888,ENSG00000174943
KCTD15,ENSSSCG00000033695,ENSG00000153885
KCTD16,ENSSSCG00000032826,ENSG00000183775
KCTD17,ENSSSCG00000000135,ENSG00000100379
KCTD18,ENSSSCG00000016091,ENSG00000155729
KCTD19,ENSSSCG00000002781,ENSG00000168676
KCTD2,ENSSSCG00000031958,ENSG00000180901
KCTD20,ENSSSCG00000001562,ENSG00000112078
KCTD21,ENSSSCG00000033506,ENSG00000188997
KCTD3,ENSSSCG00000010811,ENSG00000136636
KCTD4,ENSSSCG00000022868,ENSG00000180332
KCTD5,ENSSSCG00000008058,ENSG00000167977
KCTD6,ENSSSCG00000022131,ENSG00000168301
KCTD7,ENSSSCG00000040985,ENSG00000243335
KCTD8,ENSSSCG00000035712,ENSG00000183783
KCTD9,ENSSSCG00000009652,ENSG00000104756
KDELR1,ENSSSCG00000003132,ENSG00000105438
KDELR2,ENSSSCG00000031432,ENSG00000136240
KDELR3,ENSSSCG00000000105,ENSG00000100196
KDF1,ENSSSCG00000003567,ENSG00000175707
KDM1A,ENSSSCG00000003531,ENSG00000004487
KDM1B,ENSSSCG00000001074,ENSG00000165097
KDM2A,ENSSSCG00000029637,ENSG00000173120
KDM2B,ENSSSCG00000029803,ENSG00000089094
KDM3A,ENSSSCG00000008221,ENSG00000115548
KDM3B,ENSSSCG00000014331,ENSG00000120733
KDM4A,ENSSSCG00000026449,ENSG00000066135
KDM4B,ENSSSCG00000024570,ENSG00000127663
KDM4C,ENSSSCG00000005198,ENSG00000107077
KDM5A,ENSSSCG00000029464,ENSG00000073614
KDM5B,ENSSSCG00000010928,ENSG00000117139
KDM5C,ENSSSCG00000012322,ENSG00000126012
KDM6A,ENSSSCG00000012262,ENSG00000147050
KDM6B,ENSSSCG00000017962,ENSG00000132510
KDM7A,ENSSSCG00000016501,ENSG00000006459
KDM8,ENSSSCG00000007818,ENSG00000155666
KDR,ENSSSCG00000008844,ENSG00000128052
KDSR,ENSSSCG00000025744,ENSG00000119537
KEAP1,ENSSSCG00000023667,ENSG00000079999
KEL,ENSSSCG00000016472,ENSG00000197993
KERA,ENSSSCG00000000917,ENSG00000139330
KGD4,ENSSSCG00000037463,ENSG00000134056
KHDC4,ENSSSCG00000006504,ENSG00000132680
KHDRBS1,ENSSSCG00000023122,ENSG00000121774
KHDRBS2,ENSSSCG00000001490,ENSG00000112232
KHDRBS3,ENSSSCG00000005941,ENSG00000131773
KHK,ENSSSCG00000008556,ENSG00000138030
KHNYN,ENSSSCG00000001984,ENSG00000100441
KHSRP,ENSSSCG00000013538,ENSG00000088247
KIAA0040,ENSSSCG00000040719,ENSG00000235750
KIAA0319,ENSSSCG00000001091,ENSG00000137261
KIAA0319L,ENSSSCG00000037121,ENSG00000142687
KIAA0408,ENSSSCG00000004215,ENSG00000189367
KIAA0513,ENSSSCG00000002666,ENSG00000135709
KIAA0586,ENSSSCG00000005076,ENSG00000100578
KIAA0825,ENSSSCG00000014161,ENSG00000185261
KIAA0930,ENSSSCG00000000018,ENSG00000100364
KIAA1143,ENSSSCG00000032344,ENSG00000163807
KIAA1191,ENSSSCG00000014060,ENSG00000122203
KIAA1217,ENSSSCG00000011075,ENSG00000120549
KIAA1328,ENSSSCG00000003747,ENSG00000150477
KIAA1549,ENSSSCG00000016513,ENSG00000122778
KIAA1549L,ENSSSCG00000013311,ENSG00000110427
KIAA1614,ENSSSCG00000015538,ENSG00000135835
KIAA1755,ENSSSCG00000007344,ENSG00000149633
KIAA1958,ENSSSCG00000005469,ENSG00000165185
KIAA2012,ENSSSCG00000016110,ENSG00000182329
KIAA2013,ENSSSCG00000003432,ENSG00000116685
KICS2,ENSSSCG00000039258,ENSG00000174206
KIDINS220,ENSSSCG00000008644,ENSG00000134313
KIF11,ENSSSCG00000010471,ENSG00000138160
KIF12,ENSSSCG00000005486,ENSG00000136883
KIF13A,ENSSSCG00000020858,ENSG00000137177
KIF13B,ENSSSCG00000009683,ENSG00000197892
KIF14,ENSSSCG00000010912,ENSG00000118193
KIF15,ENSSSCG00000011309,ENSG00000163808
KIF16B,ENSSSCG00000007080,ENSG00000089177
KIF17,ENSSSCG00000003508,ENSG00000117245
KIF18A,ENSSSCG00000013332,ENSG00000121621
KIF18B,ENSSSCG00000017342,ENSG00000186185
KIF19,ENSSSCG00000021724,ENSG00000196169
KIF1A,ENSSSCG00000016401,ENSG00000130294
KIF1B,ENSSSCG00000003401,ENSG00000054523
KIF1C,ENSSSCG00000017900,ENSG00000129250
KIF20A,ENSSSCG00000014326,ENSG00000112984
KIF20B,ENSSSCG00000010457,ENSG00000138182
KIF21A,ENSSSCG00000000779,ENSG00000139116
KIF21B,ENSSSCG00000021706,ENSG00000116852
KIF22,ENSSSCG00000029509,ENSG00000079616
KIF23,ENSSSCG00000004969,ENSG00000137807
KIF24,ENSSSCG00000010984,ENSG00000186638
KIF26A,ENSSSCG00000035093,ENSG00000066735
KIF26B,ENSSSCG00000010879,ENSG00000162849
KIF27,ENSSSCG00000021571,ENSG00000165115
KIF2A,ENSSSCG00000030186,ENSG00000068796
KIF2B,ENSSSCG00000017599,ENSG00000141200
KIF2C,ENSSSCG00000003931,ENSG00000142945
KIF3A,ENSSSCG00000014283,ENSG00000131437
KIF3B,ENSSSCG00000007247,ENSG00000101350
KIF3C,ENSSSCG00000008574,ENSG00000084731
KIF4A,ENSSSCG00000012377,ENSG00000090889
KIF5A,ENSSSCG00000000439,ENSG00000155980
KIF5B,ENSSSCG00000011027,ENSG00000170759
KIF5C,ENSSSCG00000022919,ENSG00000168280
KIF6,ENSSSCG00000001594,ENSG00000164627
KIF7,ENSSSCG00000001840,ENSG00000166813
KIF9,ENSSSCG00000040510,ENSG00000088727
KIFAP3,ENSSSCG00000006282,ENSG00000075945
KIFBP,ENSSSCG00000010248,ENSG00000198954
KIFC2,ENSSSCG00000026924,ENSG00000167702
KIFC3,ENSSSCG00000002812,ENSG00000140859
KIN,ENSSSCG00000033095,ENSG00000151657
KIR2DL1,ENSSSCG00000033933,ENSG00000125498
KIRREL1,ENSSSCG00000006453,ENSG00000183853
KIRREL2,ENSSSCG00000002915,ENSG00000126259
KIRREL3,ENSSSCG00000015234,ENSG00000149571
KISS1R,ENSSSCG00000013420,ENSG00000116014
KIT,ENSSSCG00000008842,ENSG00000157404
KITLG,ENSSSCG00000035495,ENSG00000049130
KL,ENSSSCG00000009347,ENSG00000133116
KLB,ENSSSCG00000026297,ENSG00000134962
KLC1,ENSSSCG00000002547,ENSG00000126214
KLC2,ENSSSCG00000012955,ENSG00000174996
KLC3,ENSSSCG00000039864,ENSG00000104892
KLC4,ENSSSCG00000001659,ENSG00000137171
KLF1,ENSSSCG00000013730,ENSG00000105610
KLF10,ENSSSCG00000027480,ENSG00000155090
KLF11,ENSSSCG00000038643,ENSG00000172059
KLF12,ENSSSCG00000025130,ENSG00000118922
KLF13,ENSSSCG00000026006,ENSG00000169926
KLF14,ENSSSCG00000016550,ENSG00000266265
KLF15,ENSSSCG00000036742,ENSG00000163884
KLF16,ENSSSCG00000024672,ENSG00000129911
KLF17,ENSSSCG00000024191,ENSG00000171872
KLF2,ENSSSCG00000038911,ENSG00000127528
KLF3,ENSSSCG00000036488,ENSG00000109787
KLF4,ENSSSCG00000005437,ENSG00000136826
KLF5,ENSSSCG00000035101,ENSG00000102554
KLF6,ENSSSCG00000035212,ENSG00000067082
KLF7,ENSSSCG00000029998,ENSG00000118263
KLF8,ENSSSCG00000012352,ENSG00000102349
KLF9,ENSSSCG00000021646,ENSG00000119138
KLHDC1,ENSSSCG00000032489,ENSG00000197776
KLHDC10,ENSSSCG00000027131,ENSG00000128607
KLHDC2,ENSSSCG00000005009,ENSG00000165516
KLHDC3,ENSSSCG00000022901,ENSG00000124702
KLHDC4,ENSSSCG00000002652,ENSG00000104731
KLHDC7A,ENSSSCG00000023732,ENSG00000179023
KLHDC8A,ENSSSCG00000023441,ENSG00000162873
KLHDC8B,ENSSSCG00000011379,ENSG00000185909
KLHDC9,ENSSSCG00000038597,ENSG00000162755
KLHL1,ENSSSCG00000009456,ENSG00000150361
KLHL10,ENSSSCG00000033629,ENSG00000161594
KLHL11,ENSSSCG00000032404,ENSG00000178502
KLHL12,ENSSSCG00000022787,ENSG00000117153
KLHL13,ENSSSCG00000012637,ENSG00000003096
KLHL14,ENSSSCG00000003733,ENSG00000197705
KLHL15,ENSSSCG00000027652,ENSG00000174010
KLHL17,ENSSSCG00000030505,ENSG00000187961
KLHL18,ENSSSCG00000024513,ENSG00000114648
KLHL2,ENSSSCG00000008858,ENSG00000109466
KLHL20,ENSSSCG00000015497,ENSG00000076321
KLHL21,ENSSSCG00000003379,ENSG00000162413
KLHL22,ENSSSCG00000010108,ENSG00000099910
KLHL23,ENSSSCG00000015937,ENSG00000213160
KLHL24,ENSSSCG00000011775,ENSG00000114796
KLHL25,ENSSSCG00000002258,ENSG00000183655
KLHL26,ENSSSCG00000013913,ENSG00000167487
KLHL28,ENSSSCG00000004996,ENSG00000179454
KLHL29,ENSSSCG00000008593,ENSG00000119771
KLHL3,ENSSSCG00000014321,ENSG00000146021
KLHL30,ENSSSCG00000026600,ENSG00000168427
KLHL31,ENSSSCG00000001487,ENSG00000124743
KLHL32,ENSSSCG00000027002,ENSG00000186231
KLHL33,ENSSSCG00000002140,ENSG00000185271
KLHL34,ENSSSCG00000033979,ENSG00000185915
KLHL35,ENSSSCG00000014854,ENSG00000149243
KLHL36,ENSSSCG00000038285,ENSG00000135686
KLHL38,ENSSSCG00000035521,ENSG00000175946
KLHL4,ENSSSCG00000012467,ENSG00000102271
KLHL40,ENSSSCG00000011286,ENSG00000157119
KLHL42,ENSSSCG00000000545,ENSG00000087448
KLHL5,ENSSSCG00000008787,ENSG00000109790
KLHL6,ENSSSCG00000031476,ENSG00000172578
KLHL7,ENSSSCG00000038469,ENSG00000122550
KLHL8,ENSSSCG00000009226,ENSG00000145332
KLHL9,ENSSSCG00000005150,ENSG00000198642
KLK1,ENSSSCG00000024668,ENSG00000167748
KLK10,ENSSSCG00000038523,ENSG00000129451
KLK11,ENSSSCG00000038283,ENSG00000167757
KLK12,ENSSSCG00000032280,ENSG00000186474
KLK14,ENSSSCG00000036362,ENSG00000129437
KLK15,ENSSSCG00000030539,ENSG00000174562
KLK4,ENSSSCG00000023074,ENSG00000167749
KLK5,ENSSSCG00000034792,ENSG00000167754
KLK6,ENSSSCG00000039984,ENSG00000167755
KLK7,ENSSSCG00000032902,ENSG00000169035
KLK8,ENSSSCG00000034400,ENSG00000129455
KLK9,ENSSSCG00000033192,ENSG00000213022
KLKB1,ENSSSCG00000015799,ENSG00000164344
KLRB1,ENSSSCG00000039708,ENSG00000111796
KLRD1,ENSSSCG00000000642,ENSG00000134539
KLRG1,ENSSSCG00000000663,ENSG00000139187
KLRK1,ENSSSCG00000040465,ENSG00000213809
KMO,ENSSSCG00000025686,ENSG00000117009
KMT2A,ENSSSCG00000023324,ENSG00000118058
KMT2B,ENSSSCG00000002895,ENSG00000272333
KMT2C,ENSSSCG00000020663,ENSG00000055609
KMT2D,ENSSSCG00000042640,ENSG00000167548
KMT2E,ENSSSCG00000029082,ENSG00000005483
KMT5A,ENSSSCG00000009777,ENSG00000183955
KMT5B,ENSSSCG00000031459,ENSG00000110066
KMT5C,ENSSSCG00000035829,ENSG00000133247
KNG1,ENSSSCG00000011802,ENSG00000113889
KNL1,ENSSSCG00000042522,ENSG00000137812
KNOP1,ENSSSCG00000025203,ENSG00000103550
KNTC1,ENSSSCG00000039546,ENSG00000184445
KPLCE,ENSSSCG00000006599,ENSG00000198854
KPNA1,ENSSSCG00000028475,ENSG00000114030
KPNA2,ENSSSCG00000029005,ENSG00000182481
KPNA3,ENSSSCG00000024125,ENSG00000102753
KPNA4,ENSSSCG00000031077,ENSG00000186432
KPNA5,ENSSSCG00000004262,ENSG00000196911
KPNA6,ENSSSCG00000034017,ENSG00000025800
KPNA7,ENSSSCG00000007607,ENSG00000185467
KPNB1,ENSSSCG00000017514,ENSG00000108424
KPTN,ENSSSCG00000003121,ENSG00000118162
KRAS,ENSSSCG00000026969,ENSG00000133703
KRCC1,ENSSSCG00000023294,ENSG00000172086
KREMEN1,ENSSSCG00000009972,ENSG00000183762
KREMEN2,ENSSSCG00000035052,ENSG00000131650
KRI1,ENSSSCG00000013644,ENSG00000129347
KRIT1,ENSSSCG00000015313,ENSG00000001631
KRR1,ENSSSCG00000033524,ENSG00000111615
KRT1,ENSSSCG00000000251,ENSG00000167768
KRT10,ENSSSCG00000028522,ENSG00000186395
KRT15,ENSSSCG00000017444,ENSG00000171346
KRT18,ENSSSCG00000000253,ENSG00000111057
KRT2,ENSSSCG00000037806,ENSG00000172867
KRT222,ENSSSCG00000036089,ENSG00000213424
KRT24,ENSSSCG00000017465,ENSG00000167916
KRT25,ENSSSCG00000017464,ENSG00000204897
KRT26,ENSSSCG00000017463,ENSG00000186393
KRT27,ENSSSCG00000017462,ENSG00000171446
KRT28,ENSSSCG00000017461,ENSG00000173908
KRT3,ENSSSCG00000023254,ENSG00000186442
KRT32,ENSSSCG00000017439,ENSG00000108759
KRT35,ENSSSCG00000017438,ENSG00000197079
KRT36,ENSSSCG00000017437,ENSG00000126337
KRT4,ENSSSCG00000024610,ENSG00000170477
KRT6A,ENSSSCG00000000248,ENSG00000205420
KRT7,ENSSSCG00000038966,ENSG00000135480
KRT71,ENSSSCG00000000247,ENSG00000139648
KRT72,ENSSSCG00000000249,ENSG00000170486
KRT73,ENSSSCG00000000250,ENSG00000186049
KRT74,ENSSSCG00000028334,ENSG00000170484
KRT75,ENSSSCG00000000236,ENSG00000170454
KRT77,ENSSSCG00000024092,ENSG00000189182
KRT78,ENSSSCG00000036791,ENSG00000170423
KRT79,ENSSSCG00000027548,ENSG00000185640
KRT8,ENSSSCG00000000252,ENSG00000170421
KRT80,ENSSSCG00000040636,ENSG00000167767
KRT82,ENSSSCG00000000235,ENSG00000161850
KRT84,ENSSSCG00000000241,ENSG00000161849
KRTAP11-1,ENSSSCG00000038131,ENSG00000182591
KRTAP19-6,ENSSSCG00000043474,ENSG00000186925
KRTAP24-1,ENSSSCG00000021804,ENSG00000188694
KRTAP27-1,ENSSSCG00000029297,ENSG00000206107
KRTAP6-2,ENSSSCG00000048455,ENSG00000186930
KRTCAP2,ENSSSCG00000006527,ENSG00000163463
KRTCAP3,ENSSSCG00000040062,ENSG00000157992
KRTDAP,ENSSSCG00000002882,ENSG00000188508
KSR1,ENSSSCG00000017753,ENSG00000141068
KSR2,ENSSSCG00000009855,ENSG00000171435
KTI12,ENSSSCG00000046753,ENSG00000198841
KTN1,ENSSSCG00000005060,ENSG00000126777
KXD1,ENSSSCG00000013906,ENSG00000105700
KY,ENSSSCG00000011646,ENSG00000174611
KYAT1,ENSSSCG00000005663,ENSG00000171097
KYAT3,ENSSSCG00000006925,ENSG00000137944
KYNU,ENSSSCG00000015673,ENSG00000115919
L1CAM,ENSSSCG00000012787,ENSG00000198910
L1TD1,ENSSSCG00000047701,ENSG00000240563
L2HGDH,ENSSSCG00000005016,ENSG00000087299
L3HYPDH,ENSSSCG00000037854,ENSG00000126790
L3MBTL2,ENSSSCG00000000066,ENSG00000100395
L3MBTL3,ENSSSCG00000004203,ENSG00000198945
LACC1,ENSSSCG00000009425,ENSG00000179630
LACTB,ENSSSCG00000004569,ENSG00000103642
LACTB2,ENSSSCG00000006192,ENSG00000147592
LACTBL1,ENSSSCG00000003529,ENSG00000215906
LAD1,ENSSSCG00000021624,ENSG00000159166
LAG3,ENSSSCG00000000688,ENSG00000089692
LAGE3,ENSSSCG00000032959,ENSG00000196976
LALBA,ENSSSCG00000024573,ENSG00000167531
LAMA1,ENSSSCG00000034767,ENSG00000101680
LAMA3,ENSSSCG00000003709,ENSG00000053747
LAMA4,ENSSSCG00000004425,ENSG00000112769
LAMA5,ENSSSCG00000032761,ENSG00000130702
LAMB1,ENSSSCG00000015444,ENSG00000091136
LAMB2,ENSSSCG00000011377,ENSG00000172037
LAMB3,ENSSSCG00000015618,ENSG00000196878
LAMB4,ENSSSCG00000032905,ENSG00000091128
LAMC1,ENSSSCG00000015555,ENSG00000135862
LAMC2,ENSSSCG00000015556,ENSG00000058085
LAMC3,ENSSSCG00000005710,ENSG00000050555
LAMP1,ENSSSCG00000009555,ENSG00000185896
LAMP2,ENSSSCG00000012604,ENSG00000005893
LAMP5,ENSSSCG00000007062,ENSG00000125869
LAMTOR1,ENSSSCG00000014804,ENSG00000149357
LAMTOR2,ENSSSCG00000006499,ENSG00000116586
LAMTOR3,ENSSSCG00000009176,ENSG00000109270
LAMTOR4,ENSSSCG00000007646,ENSG00000188186
LAMTOR5,ENSSSCG00000040889,ENSG00000134248
LANCL1,ENSSSCG00000016158,ENSG00000115365
LANCL2,ENSSSCG00000023801,ENSG00000132434
LANCL3,ENSSSCG00000037269,ENSG00000147036
LAP3,ENSSSCG00000023604,ENSG00000002549
LAPTM4A,ENSSSCG00000008602,ENSG00000068697
LAPTM4B,ENSSSCG00000006083,ENSG00000104341
LAPTM5,ENSSSCG00000025034,ENSG00000162511
LARGE1,ENSSSCG00000000959,ENSG00000133424
LARGE2,ENSSSCG00000013266,ENSG00000165905
LARP1,ENSSSCG00000017069,ENSG00000155506
LARP1B,ENSSSCG00000034280,ENSG00000138709
LARP4,ENSSSCG00000028516,ENSG00000161813
LARP4B,ENSSSCG00000011162,ENSG00000107929
LARP6,ENSSSCG00000004974,ENSG00000166173
LARP7,ENSSSCG00000009119,ENSG00000174720
LARS1,ENSSSCG00000014411,ENSG00000133706
LARS2,ENSSSCG00000011312,ENSG00000011376
LAS1L,ENSSSCG00000012366,ENSG00000001497
LASP1,ENSSSCG00000040642,ENSG00000002834
LAT2,ENSSSCG00000027487,ENSG00000086730
LATS1,ENSSSCG00000004106,ENSG00000131023
LATS2,ENSSSCG00000036326,ENSG00000150457
LAX1,ENSSSCG00000033768,ENSG00000122188
LAYN,ENSSSCG00000015022,ENSG00000204381
LBP,ENSSSCG00000028758,ENSG00000129988
LBR,ENSSSCG00000032397,ENSG00000143815
LBX1,ENSSSCG00000022693,ENSG00000138136
LBX2,ENSSSCG00000008278,ENSG00000179528
LCA5,ENSSSCG00000004469,ENSG00000135338
LCA5L,ENSSSCG00000028122,ENSG00000157578
LCAT,ENSSSCG00000028350,ENSG00000213398
LCE5A,ENSSSCG00000040878,ENSG00000186207
LCE6A,ENSSSCG00000051521,ENSG00000235942
LCK,ENSSSCG00000003608,ENSG00000182866
LCLAT1,ENSSSCG00000025901,ENSG00000172954
LCMT1,ENSSSCG00000007826,ENSG00000205629
LCN10,ENSSSCG00000005836,ENSG00000187922
LCN12,ENSSSCG00000040164,ENSG00000184925
LCN15,ENSSSCG00000038233,ENSG00000177984
LCN2,ENSSSCG00000005638,ENSG00000148346
LCN6,ENSSSCG00000005835,ENSG00000267206
LCN8,ENSSSCG00000021963,ENSG00000204001
LCN9,ENSSSCG00000039855,ENSG00000148386
LCORL,ENSSSCG00000008748,ENSG00000178177
LCP1,ENSSSCG00000009412,ENSG00000136167
LCP2,ENSSSCG00000017006,ENSG00000043462
LCT,ENSSSCG00000015691,ENSG00000115850
LCTL,ENSSSCG00000004947,ENSG00000188501
LDAF1,ENSSSCG00000031876,ENSG00000011638
LDAH,ENSSSCG00000025357,ENSG00000118961
LDB1,ENSSSCG00000010574,ENSG00000198728
LDB2,ENSSSCG00000029227,ENSG00000169744
LDHA,ENSSSCG00000013366,ENSG00000134333
LDHC,ENSSSCG00000013363,ENSG00000166796
LDHD,ENSSSCG00000002712,ENSG00000166816
LDLR,ENSSSCG00000028512,ENSG00000130164
LDLRAD1,ENSSSCG00000027641,ENSG00000203985
LDLRAD2,ENSSSCG00000050518,ENSG00000187942
LDLRAD3,ENSSSCG00000013294,ENSG00000179241
LDLRAD4,ENSSSCG00000027417,ENSG00000168675
LDLRAP1,ENSSSCG00000003549,ENSG00000157978
LEAP2,ENSSSCG00000040998,ENSG00000164406
LECT2,ENSSSCG00000014315,ENSG00000145826
LEF1,ENSSSCG00000009148,ENSG00000138795
LEFTY2,ENSSSCG00000032299,ENSG00000143768
LEKR1,ENSSSCG00000026579,ENSG00000197980
LEMD1,ENSSSCG00000015291,ENSG00000186007
LEMD2,ENSSSCG00000001520,ENSG00000161904
LEMD3,ENSSSCG00000000469,ENSG00000174106
LENG1,ENSSSCG00000003265,ENSG00000105617
LENG8,ENSSSCG00000030857,ENSG00000167615
LEO1,ENSSSCG00000004625,ENSG00000166477
LEP,ENSSSCG00000040464,ENSG00000174697
LEPR,ENSSSCG00000025188,ENSG00000116678
LEPROT,ENSSSCG00000003806,ENSG00000213625
LEPROTL1,ENSSSCG00000038085,ENSG00000104660
LETM1,ENSSSCG00000008675,ENSG00000168924
LETM2,ENSSSCG00000015816,ENSG00000165046
LETMD1,ENSSSCG00000032096,ENSG00000050426
LFNG,ENSSSCG00000007572,ENSG00000106003
LGALS1,ENSSSCG00000033854,ENSG00000100097
LGALS12,ENSSSCG00000013056,ENSG00000133317
LGALS13,ENSSSCG00000002983,ENSG00000105198
LGALS2,ENSSSCG00000021728,ENSG00000100079
LGALS3,ENSSSCG00000005055,ENSG00000131981
LGALS3BP,ENSSSCG00000036383,ENSG00000108679
LGALS4,ENSSSCG00000022017,ENSG00000171747
LGALS7,ENSSSCG00000024281,ENSG00000205076
LGALS8,ENSSSCG00000010146,ENSG00000116977
LGALS9,ENSSSCG00000017754,ENSG00000168961
LGALSL,ENSSSCG00000030005,ENSG00000119862
LGI1,ENSSSCG00000010481,ENSG00000108231
LGI2,ENSSSCG00000028927,ENSG00000153012
LGI3,ENSSSCG00000033355,ENSG00000168481
LGI4,ENSSSCG00000025126,ENSG00000153902
LGMN,ENSSSCG00000002452,ENSG00000100600
LGR4,ENSSSCG00000013335,ENSG00000205213
LGR5,ENSSSCG00000030511,ENSG00000139292
LGR6,ENSSSCG00000044583,ENSG00000133067
LGSN,ENSSSCG00000004450,ENSG00000146166
LHB,ENSSSCG00000044760,ENSG00000104826
LHCGR,ENSSSCG00000008421,ENSG00000138039
LHFPL1,ENSSSCG00000012590,ENSG00000182508
LHFPL2,ENSSSCG00000028536,ENSG00000145685
LHFPL3,ENSSSCG00000035554,ENSG00000187416
LHFPL4,ENSSSCG00000011543,ENSG00000156959
LHFPL5,ENSSSCG00000001553,ENSG00000197753
LHFPL6,ENSSSCG00000029855,ENSG00000183722
LHFPL7,ENSSSCG00000009952,ENSG00000206069
LHPP,ENSSSCG00000010735,ENSG00000107902
LHX2,ENSSSCG00000005586,ENSG00000106689
LHX3,ENSSSCG00000034657,ENSG00000107187
LHX4,ENSSSCG00000015536,ENSG00000121454
LHX5,ENSSSCG00000009869,ENSG00000089116
LHX6,ENSSSCG00000005530,ENSG00000106852
LHX8,ENSSSCG00000003778,ENSG00000162624
LHX9,ENSSSCG00000010903,ENSG00000143355
LIAS,ENSSSCG00000029385,ENSG00000121897
LIAT1,ENSSSCG00000017814,ENSG00000187624
LIF,ENSSSCG00000040961,ENSG00000128342
LIFR,ENSSSCG00000016850,ENSG00000113594
LIG1,ENSSSCG00000003128,ENSG00000105486
LIG3,ENSSSCG00000024770,ENSG00000005156
LIG4,ENSSSCG00000009540,ENSG00000174405
LIM2,ENSSSCG00000003232,ENSG00000105370
LIMA1,ENSSSCG00000032269,ENSG00000050405
LIMCH1,ENSSSCG00000008799,ENSG00000064042
LIMD1,ENSSSCG00000011313,ENSG00000144791
LIMD2,ENSSSCG00000040509,ENSG00000136490
LIMK1,ENSSSCG00000030378,ENSG00000106683
LIMK2,ENSSSCG00000010025,ENSG00000182541
LIMS1,ENSSSCG00000008137,ENSG00000169756
LIMS2,ENSSSCG00000015862,ENSG00000072163
LIN28A,ENSSSCG00000003557,ENSG00000131914
LIN28B,ENSSSCG00000037612,ENSG00000187772
LIN37,ENSSSCG00000002898,ENSG00000267796
LIN54,ENSSSCG00000009242,ENSG00000189308
LIN7A,ENSSSCG00000040348,ENSG00000111052
LIN7B,ENSSSCG00000003157,ENSG00000104863
LIN7C,ENSSSCG00000022806,ENSG00000148943
LIN9,ENSSSCG00000021310,ENSG00000183814
LINGO1,ENSSSCG00000001872,ENSG00000169783
LINGO3,ENSSSCG00000013462,ENSG00000220008
LINGO4,ENSSSCG00000026259,ENSG00000213171
LINS1,ENSSSCG00000004820,ENSG00000140471
LIPA,ENSSSCG00000010450,ENSG00000107798
LIPC,ENSSSCG00000004596,ENSG00000166035
LIPE,ENSSSCG00000003018,ENSG00000079435
LIPG,ENSSSCG00000004509,ENSG00000101670
LIPH,ENSSSCG00000011793,ENSG00000163898
LIPI,ENSSSCG00000012004,ENSG00000188992
LIPM,ENSSSCG00000010444,ENSG00000173239
LIPT2,ENSSSCG00000024060,ENSG00000175536
LITAF,ENSSSCG00000032381,ENSG00000189067
LIX1,ENSSSCG00000023396,ENSG00000145721
LIX1L,ENSSSCG00000026502,ENSG00000271601
LKAAEAR1,ENSSSCG00000033548,ENSG00000171695
LLGL1,ENSSSCG00000040859,ENSG00000131899
LLGL2,ENSSSCG00000033518,ENSG00000073350
LLPH,ENSSSCG00000031580,ENSG00000139233
LMAN1,ENSSSCG00000004908,ENSG00000074695
LMAN1L,ENSSSCG00000001899,ENSG00000140506
LMAN2,ENSSSCG00000014040,ENSG00000169223
LMAN2L,ENSSSCG00000026939,ENSG00000114988
LMBR1,ENSSSCG00000016412,ENSG00000105983
LMBR1L,ENSSSCG00000000189,ENSG00000139636
LMBRD1,ENSSSCG00000004272,ENSG00000168216
LMBRD2,ENSSSCG00000016834,ENSG00000164187
LMCD1,ENSSSCG00000011538,ENSG00000071282
LMF1,ENSSSCG00000008009,ENSG00000103227
LMF2,ENSSSCG00000000964,ENSG00000100258
LMLN,ENSSSCG00000011857,ENSG00000185621
LMNA,ENSSSCG00000006496,ENSG00000160789
LMNB1,ENSSSCG00000014248,ENSG00000113368
LMNB2,ENSSSCG00000026784,ENSG00000176619
LMNTD1,ENSSSCG00000027144,ENSG00000152936
LMNTD2,ENSSSCG00000030137,ENSG00000185522
LMO1,ENSSSCG00000023057,ENSG00000166407
LMO2,ENSSSCG00000013307,ENSG00000135363
LMO3,ENSSSCG00000036499,ENSG00000048540
LMO4,ENSSSCG00000047605,ENSG00000143013
LMO7,ENSSSCG00000040184,ENSG00000136153
LMOD1,ENSSSCG00000031201,ENSG00000163431
LMOD2,ENSSSCG00000016605,ENSG00000170807
LMTK2,ENSSSCG00000007599,ENSG00000164715
LMTK3,ENSSSCG00000030561,ENSG00000142235
LMX1A,ENSSSCG00000006329,ENSG00000162761
LMX1B,ENSSSCG00000035968,ENSG00000136944
LNP1,ENSSSCG00000011964,ENSG00000206535
LNPEP,ENSSSCG00000014173,ENSG00000113441
LNPK,ENSSSCG00000015976,ENSG00000144320
LNX1,ENSSSCG00000008838,ENSG00000072201
LNX2,ENSSSCG00000009308,ENSG00000139517
LONP1,ENSSSCG00000027128,ENSG00000196365
LONP2,ENSSSCG00000023391,ENSG00000102910
LONRF1,ENSSSCG00000006968,ENSG00000154359
LONRF2,ENSSSCG00000008176,ENSG00000170500
LONRF3,ENSSSCG00000012631,ENSG00000175556
LORICRIN,ENSSSCG00000037666,ENSG00000203782
LOX,ENSSSCG00000014232,ENSG00000113083
LOXHD1,ENSSSCG00000004503,ENSG00000167210
LOXL1,ENSSSCG00000001914,ENSG00000129038
LOXL2,ENSSSCG00000033608,ENSG00000134013
LOXL3,ENSSSCG00000008266,ENSG00000115318
LOXL4,ENSSSCG00000010532,ENSG00000138131
LPAR1,ENSSSCG00000005457,ENSG00000198121
LPAR2,ENSSSCG00000013932,ENSG00000064547
LPAR3,ENSSSCG00000003756,ENSG00000171517
LPAR4,ENSSSCG00000012445,ENSG00000147145
LPAR5,ENSSSCG00000000699,ENSG00000184574
LPCAT1,ENSSSCG00000017116,ENSG00000153395
LPCAT2,ENSSSCG00000002828,ENSG00000087253
LPCAT3,ENSSSCG00000027205,ENSG00000111684
LPCAT4,ENSSSCG00000002235,ENSG00000176454
LPGAT1,ENSSSCG00000015603,ENSG00000123684
LPIN1,ENSSSCG00000008624,ENSG00000134324
LPIN2,ENSSSCG00000038494,ENSG00000101577
LPIN3,ENSSSCG00000007359,ENSG00000132793
LPL,ENSSSCG00000040631,ENSG00000175445
LPO,ENSSSCG00000017636,ENSG00000167419
LPP,ENSSSCG00000011811,ENSG00000145012
LPXN,ENSSSCG00000021176,ENSG00000110031
LRAT,ENSSSCG00000008995,ENSG00000121207
LRATD1,ENSSSCG00000008664,ENSG00000162981
LRATD2,ENSSSCG00000005967,ENSG00000168672
LRBA,ENSSSCG00000009021,ENSG00000198589
LRCH1,ENSSSCG00000009408,ENSG00000136141
LRCH2,ENSSSCG00000012595,ENSG00000130224
LRCH3,ENSSSCG00000011854,ENSG00000186001
LRCH4,ENSSSCG00000007667,ENSG00000077454
LRFN1,ENSSSCG00000032407,ENSG00000128011
LRFN2,ENSSSCG00000001597,ENSG00000156564
LRFN3,ENSSSCG00000002927,ENSG00000126243
LRFN4,ENSSSCG00000039360,ENSG00000173621
LRFN5,ENSSSCG00000004990,ENSG00000165379
LRGUK,ENSSSCG00000016542,ENSG00000155530
LRIF1,ENSSSCG00000006799,ENSG00000121931
LRIG1,ENSSSCG00000011499,ENSG00000144749
LRIG2,ENSSSCG00000034581,ENSG00000198799
LRIG3,ENSSSCG00000000455,ENSG00000139263
LRIT1,ENSSSCG00000034402,ENSG00000148602
LRIT2,ENSSSCG00000010347,ENSG00000204033
LRIT3,ENSSSCG00000009135,ENSG00000183423
LRMDA,ENSSSCG00000034308,ENSG00000148655
LRP10,ENSSSCG00000034465,ENSG00000197324
LRP11,ENSSSCG00000004101,ENSG00000120256
LRP12,ENSSSCG00000006039,ENSG00000147650
LRP1B,ENSSSCG00000023746,ENSG00000168702
LRP2,ENSSSCG00000040746,ENSG00000081479
LRP2BP,ENSSSCG00000015792,ENSG00000109771
LRP3,ENSSSCG00000002863,ENSG00000130881
LRP4,ENSSSCG00000013248,ENSG00000134569
LRP5,ENSSSCG00000012885,ENSG00000162337
LRP6,ENSSSCG00000000625,ENSG00000070018
LRP8,ENSSSCG00000003848,ENSG00000157193
LRPAP1,ENSSSCG00000008701,ENSG00000163956
LRPPRC,ENSSSCG00000008452,ENSG00000138095
LRR1,ENSSSCG00000005004,ENSG00000165501
LRRC1,ENSSSCG00000001486,ENSG00000137269
LRRC10,ENSSSCG00000036760,ENSG00000198812
LRRC10B,ENSSSCG00000013088,ENSG00000204950
LRRC14,ENSSSCG00000030451,ENSG00000160959
LRRC14B,ENSSSCG00000033375,ENSG00000185028
LRRC15,ENSSSCG00000026868,ENSG00000172061
LRRC17,ENSSSCG00000036452,ENSG00000128606
LRRC18,ENSSSCG00000010384,ENSG00000165383
LRRC19,ENSSSCG00000005125,ENSG00000184434
LRRC2,ENSSSCG00000026945,ENSG00000163827
LRRC20,ENSSSCG00000010267,ENSG00000172731
LRRC23,ENSSSCG00000000679,ENSG00000010626
LRRC24,ENSSSCG00000005896,ENSG00000254402
LRRC25,ENSSSCG00000036963,ENSG00000175489
LRRC26,ENSSSCG00000032509,ENSG00000184709
LRRC27,ENSSSCG00000010764,ENSG00000148814
LRRC30,ENSSSCG00000023672,ENSG00000206422
LRRC32,ENSSSCG00000014869,ENSG00000137507
LRRC34,ENSSSCG00000024714,ENSG00000171757
LRRC36,ENSSSCG00000002779,ENSG00000159708
LRRC38,ENSSSCG00000003449,ENSG00000162494
LRRC39,ENSSSCG00000006867,ENSG00000122477
LRRC3B,ENSSSCG00000011216,ENSG00000179796
LRRC3C,ENSSSCG00000017484,ENSG00000204913
LRRC4,ENSSSCG00000016589,ENSG00000128594
LRRC40,ENSSSCG00000003792,ENSG00000066557
LRRC41,ENSSSCG00000003904,ENSG00000132128
LRRC42,ENSSSCG00000029698,ENSG00000116212
LRRC43,ENSSSCG00000009796,ENSG00000158113
LRRC45,ENSSSCG00000040503,ENSG00000169683
LRRC46,ENSSSCG00000017520,ENSG00000141294
LRRC47,ENSSSCG00000039516,ENSG00000130764
LRRC49,ENSSSCG00000004976,ENSG00000137821
LRRC4B,ENSSSCG00000029960,ENSG00000131409
LRRC4C,ENSSSCG00000013286,ENSG00000148948
LRRC51,ENSSSCG00000014803,ENSG00000184154
LRRC52,ENSSSCG00000029977,ENSG00000162763
LRRC55,ENSSSCG00000039445,ENSG00000183908
LRRC56,ENSSSCG00000027045,ENSG00000161328
LRRC57,ENSSSCG00000004726,ENSG00000180979
LRRC58,ENSSSCG00000034616,ENSG00000163428
LRRC59,ENSSSCG00000028019,ENSG00000108829
LRRC63,ENSSSCG00000009411,ENSG00000173988
LRRC69,ENSSSCG00000039660,ENSG00000214954
LRRC7,ENSSSCG00000003793,ENSG00000033122
LRRC70,ENSSSCG00000037608,ENSG00000186105
LRRC71,ENSSSCG00000006462,ENSG00000160838
LRRC72,ENSSSCG00000015361,ENSG00000205858
LRRC73,ENSSSCG00000001676,ENSG00000204052
LRRC74A,ENSSSCG00000002391,ENSG00000100565
LRRC74B,ENSSSCG00000010100,ENSG00000187905
LRRC75A,ENSSSCG00000036776,ENSG00000181350
LRRC75B,ENSSSCG00000010057,ENSG00000178026
LRRC8A,ENSSSCG00000005664,ENSG00000136802
LRRC8B,ENSSSCG00000037101,ENSG00000197147
LRRC8C,ENSSSCG00000006917,ENSG00000171488
LRRC8D,ENSSSCG00000038417,ENSG00000171492
LRRC8E,ENSSSCG00000013586,ENSG00000171017
LRRC9,ENSSSCG00000005081,ENSG00000131951
LRRCC1,ENSSSCG00000006146,ENSG00000133739
LRRD1,ENSSSCG00000029092,ENSG00000240720
LRRFIP1,ENSSSCG00000016330,ENSG00000124831
LRRFIP2,ENSSSCG00000027738,ENSG00000093167
LRRIQ1,ENSSSCG00000000934,ENSG00000133640
LRRIQ3,ENSSSCG00000003784,ENSG00000162620
LRRIQ4,ENSSSCG00000023679,ENSG00000188306
LRRK1,ENSSSCG00000004823,ENSG00000154237
LRRK2,ENSSSCG00000000784,ENSG00000188906
LRRN1,ENSSSCG00000023806,ENSG00000175928
LRRN2,ENSSSCG00000015285,ENSG00000170382
LRRN3,ENSSSCG00000016652,ENSG00000173114
LRRTM1,ENSSSCG00000023859,ENSG00000162951
LRRTM2,ENSSSCG00000034989,ENSG00000146006
LRRTM3,ENSSSCG00000010232,ENSG00000198739
LRRTM4,ENSSSCG00000008259,ENSG00000176204
LRSAM1,ENSSSCG00000005613,ENSG00000148356
LRTM1,ENSSSCG00000011461,ENSG00000144771
LRTM2,ENSSSCG00000000760,ENSG00000166159
LRWD1,ENSSSCG00000007687,ENSG00000161036
LSAMP,ENSSSCG00000027941,ENSG00000185565
LSG1,ENSSSCG00000011827,ENSG00000041802
LSM10,ENSSSCG00000038916,ENSG00000181817
LSM11,ENSSSCG00000038248,ENSG00000155858
LSM14B,ENSSSCG00000026052,ENSG00000149657
LSM3,ENSSSCG00000011601,ENSG00000170860
LSM4,ENSSSCG00000034314,ENSG00000130520
LSM5,ENSSSCG00000026064,ENSG00000106355
LSM6,ENSSSCG00000035973,ENSG00000164167
LSM7,ENSSSCG00000013463,ENSG00000130332
LSM8,ENSSSCG00000021652,ENSG00000128534
LSMEM1,ENSSSCG00000040053,ENSG00000181016
LSMEM2,ENSSSCG00000011401,ENSG00000179564
LSP1,ENSSSCG00000031487,ENSG00000130592
LSR,ENSSSCG00000002884,ENSG00000105699
LSS,ENSSSCG00000021418,ENSG00000160285
LTA4H,ENSSSCG00000000891,ENSG00000111144
LTB4R2,ENSSSCG00000020941,ENSG00000213906
LTBP1,ENSSSCG00000008510,ENSG00000049323
LTBP2,ENSSSCG00000002368,ENSG00000119681
LTBP3,ENSSSCG00000012985,ENSG00000168056
LTBP4,ENSSSCG00000033760,ENSG00000090006
LTBR,ENSSSCG00000000706,ENSG00000111321
LTC4S,ENSSSCG00000028488,ENSG00000213316
LTF,ENSSSCG00000029879,ENSG00000012223
LTN1,ENSSSCG00000030528,ENSG00000198862
LTO1,ENSSSCG00000012874,ENSG00000149716
LTV1,ENSSSCG00000040918,ENSG00000135521
LUC7L,ENSSSCG00000007979,ENSG00000007392
LUC7L3,ENSSSCG00000017555,ENSG00000108848
LUM,ENSSSCG00000000916,ENSG00000139329
LURAP1,ENSSSCG00000026991,ENSG00000171357
LURAP1L,ENSSSCG00000036360,ENSG00000153714
LUZP1,ENSSSCG00000003532,ENSG00000169641
LUZP2,ENSSSCG00000013341,ENSG00000187398
LVRN,ENSSSCG00000014221,ENSG00000172901
LXN,ENSSSCG00000020984,ENSG00000079257
LY6D,ENSSSCG00000037524,ENSG00000167656
LY6E,ENSSSCG00000040535,ENSG00000160932
LY6H,ENSSSCG00000033353,ENSG00000176956
LY6K,ENSSSCG00000033594,ENSG00000160886
LY75,ENSSSCG00000021956,ENSG00000054219
LY86,ENSSSCG00000032355,ENSG00000112799
LY9,ENSSSCG00000006375,ENSG00000122224
LY96,ENSSSCG00000006175,ENSG00000154589
LYAR,ENSSSCG00000008729,ENSG00000145220
LYL1,ENSSSCG00000024549,ENSG00000104903
LYN,ENSSSCG00000006250,ENSG00000254087
LYNX1,ENSSSCG00000031724,ENSG00000180155
LYPD1,ENSSSCG00000035102,ENSG00000150551
LYPD3,ENSSSCG00000003062,ENSG00000124466
LYPD4,ENSSSCG00000003044,ENSG00000273111
LYPD5,ENSSSCG00000003073,ENSG00000159871
LYPD6,ENSSSCG00000023627,ENSG00000187123
LYPD6B,ENSSSCG00000015677,ENSG00000150556
LYPD8,ENSSSCG00000013973,ENSG00000259823
LYPLA1,ENSSSCG00000006260,ENSG00000120992
LYPLA2,ENSSSCG00000023191,ENSG00000011009
LYPLAL1,ENSSSCG00000010817,ENSG00000143353
LYRM1,ENSSSCG00000007853,ENSG00000102897
LYRM2,ENSSSCG00000004324,ENSG00000083099
LYRM4,ENSSSCG00000031269,ENSG00000214113
LYRM7,ENSSSCG00000033213,ENSG00000186687
LYRM9,ENSSSCG00000032450,ENSG00000232859
LYSET,ENSSSCG00000002458,ENSG00000153485
LYSMD1,ENSSSCG00000020965,ENSG00000163155
LYSMD2,ENSSSCG00000004629,ENSG00000140280
LYSMD3,ENSSSCG00000024193,ENSG00000176018
LYSMD4,ENSSSCG00000030487,ENSG00000183060
LYST,ENSSSCG00000010151,ENSG00000143669
LYVE1,ENSSSCG00000029886,ENSG00000133800
LYZ,ENSSSCG00000000492,ENSG00000090382
LYZL4,ENSSSCG00000011279,ENSG00000157093
LZIC,ENSSSCG00000033257,ENSG00000162441
LZTFL1,ENSSSCG00000011314,ENSG00000163818
LZTR1,ENSSSCG00000010097,ENSG00000099949
LZTS1,ENSSSCG00000028559,ENSG00000061337
LZTS2,ENSSSCG00000021798,ENSG00000107816
LZTS3,ENSSSCG00000007161,ENSG00000088899
M6PR,ENSSSCG00000040743,ENSG00000003056
MAB21L1,ENSSSCG00000009351,ENSG00000180660
MAB21L3,ENSSSCG00000006742,ENSG00000173212
MAB21L4,ENSSSCG00000016400,ENSG00000172478
MACC1,ENSSSCG00000024802,ENSG00000183742
MACF1,ENSSSCG00000003654,ENSG00000127603
MACIR,ENSSSCG00000038779,ENSG00000181751
MACO1,ENSSSCG00000030682,ENSG00000204178
MACROD1,ENSSSCG00000013043,ENSG00000133315
MACROD2,ENSSSCG00000030112,ENSG00000172264
MACROH2A1,ENSSSCG00000014307,ENSG00000113648
MACROH2A2,ENSSSCG00000031713,ENSG00000099284
MAD1L1,ENSSSCG00000038766,ENSG00000002822
MAD2L1,ENSSSCG00000036256,ENSG00000164109
MAD2L1BP,ENSSSCG00000016346,ENSG00000124688
MAD2L2,ENSSSCG00000003419,ENSG00000116670
MADCAM1,ENSSSCG00000039500,ENSG00000099866
MADD,ENSSSCG00000013235,ENSG00000110514
MAEA,ENSSSCG00000032304,ENSG00000090316
MAEL,ENSSSCG00000006316,ENSG00000143194
MAF,ENSSSCG00000040607,ENSG00000178573
MAF1,ENSSSCG00000005915,ENSG00000179632
MAFA,ENSSSCG00000034820,ENSG00000182759
MAFF,ENSSSCG00000030165,ENSG00000185022
MAFG,ENSSSCG00000035253,ENSG00000197063
MAG,ENSSSCG00000002887,ENSG00000105695
MAGEA10,ENSSSCG00000037866,ENSG00000124260
MAGEB10,ENSSSCG00000012193,ENSG00000177689
MAGEB18,ENSSSCG00000012186,ENSG00000176774
MAGEB3,ENSSSCG00000012198,ENSG00000198798
MAGED1,ENSSSCG00000012318,ENSG00000179222
MAGEF1,ENSSSCG00000011787,ENSG00000177383
MAGEH1,ENSSSCG00000012350,ENSG00000187601
MAGI1,ENSSSCG00000011497,ENSG00000151276
MAGI2,ENSSSCG00000031780,ENSG00000187391
MAGI3,ENSSSCG00000006767,ENSG00000081026
MAGIX,ENSSSCG00000012295,ENSG00000269313
MAGOH,ENSSSCG00000003849,ENSG00000162385
MAGOHB,ENSSSCG00000000635,ENSG00000111196
MAGT1,ENSSSCG00000012435,ENSG00000102158
MAIP1,ENSSSCG00000036676,ENSG00000162972
MAJIN,ENSSSCG00000040674,ENSG00000168070
MAK,ENSSSCG00000001042,ENSG00000111837
MAK16,ENSSSCG00000036947,ENSG00000198042
MAL,ENSSSCG00000008115,ENSG00000172005
MAL2,ENSSSCG00000006003,ENSG00000147676
MALRD1,ENSSSCG00000040615,ENSG00000204740
MALSU1,ENSSSCG00000036722,ENSG00000156928
MALT1,ENSSSCG00000004917,ENSG00000172175
MAMDC2,ENSSSCG00000030655,ENSG00000165072
MAMDC4,ENSSSCG00000005832,ENSG00000177943
MAML1,ENSSSCG00000014019,ENSG00000161021
MAML2,ENSSSCG00000034879,ENSG00000184384
MAML3,ENSSSCG00000009060,ENSG00000196782
MAMLD1,ENSSSCG00000012741,ENSG00000013619
MAMSTR,ENSSSCG00000003143,ENSG00000176909
MAN1A1,ENSSSCG00000004244,ENSG00000111885
MAN1A2,ENSSSCG00000006730,ENSG00000198162
MAN1B1,ENSSSCG00000039830,ENSG00000177239
MAN1C1,ENSSSCG00000023235,ENSG00000117643
MAN2A1,ENSSSCG00000014195,ENSG00000112893
MAN2A2,ENSSSCG00000001819,ENSG00000196547
MAN2B1,ENSSSCG00000013720,ENSG00000104774
MAN2B2,ENSSSCG00000027178,ENSG00000013288
MAN2C1,ENSSSCG00000001881,ENSG00000140400
MANBA,ENSSSCG00000009166,ENSG00000109323
MANBAL,ENSSSCG00000025673,ENSG00000101363
MANEA,ENSSSCG00000035648,ENSG00000172469
MANEAL,ENSSSCG00000032960,ENSG00000185090
MANF,ENSSSCG00000032914,ENSG00000145050
MANSC1,ENSSSCG00000040835,ENSG00000111261
MAOA,ENSSSCG00000012257,ENSG00000189221
MAOB,ENSSSCG00000023215,ENSG00000069535
MAP10,ENSSSCG00000010167,ENSG00000212916
MAP1A,ENSSSCG00000004705,ENSG00000166963
MAP1B,ENSSSCG00000016974,ENSG00000131711
MAP1LC3A,ENSSSCG00000007281,ENSG00000101460
MAP1LC3B,ENSSSCG00000002655,ENSG00000140941
MAP1S,ENSSSCG00000013884,ENSG00000130479
MAP2,ENSSSCG00000016151,ENSG00000078018
MAP2K1,ENSSSCG00000004943,ENSG00000169032
MAP2K2,ENSSSCG00000027127,ENSG00000126934
MAP2K3,ENSSSCG00000034379,ENSG00000034152
MAP2K4,ENSSSCG00000018016,ENSG00000065559
MAP2K5,ENSSSCG00000004955,ENSG00000137764
MAP2K6,ENSSSCG00000017254,ENSG00000108984
MAP2K7,ENSSSCG00000013588,ENSG00000076984
MAP3K1,ENSSSCG00000016918,ENSG00000095015
MAP3K10,ENSSSCG00000028036,ENSG00000130758
MAP3K11,ENSSSCG00000037531,ENSG00000173327
MAP3K12,ENSSSCG00000000275,ENSG00000139625
MAP3K13,ENSSSCG00000011791,ENSG00000073803
MAP3K14,ENSSSCG00000017330,ENSG00000006062
MAP3K15,ENSSSCG00000020735,ENSG00000180815
MAP3K19,ENSSSCG00000015696,ENSG00000176601
MAP3K2,ENSSSCG00000030354,ENSG00000169967
MAP3K20,ENSSSCG00000015960,ENSG00000091436
MAP3K21,ENSSSCG00000010164,ENSG00000143674
MAP3K3,ENSSSCG00000024813,ENSG00000198909
MAP3K4,ENSSSCG00000004037,ENSG00000085511
MAP3K5,ENSSSCG00000026041,ENSG00000197442
MAP3K6,ENSSSCG00000003573,ENSG00000142733
MAP3K7,ENSSSCG00000004334,ENSG00000135341
MAP3K7CL,ENSSSCG00000038281,ENSG00000156265
MAP3K8,ENSSSCG00000020705,ENSG00000107968
MAP3K9,ENSSSCG00000002329,ENSG00000006432
MAP4,ENSSSCG00000029251,ENSG00000047849
MAP4K1,ENSSSCG00000002962,ENSG00000104814
MAP4K2,ENSSSCG00000013020,ENSG00000168067
MAP4K3,ENSSSCG00000008475,ENSG00000011566
MAP4K4,ENSSSCG00000008164,ENSG00000071054
MAP4K5,ENSSSCG00000036634,ENSG00000012983
MAP6,ENSSSCG00000014860,ENSG00000171533
MAP6D1,ENSSSCG00000032328,ENSG00000180834
MAP7,ENSSSCG00000039049,ENSG00000135525
MAP7D1,ENSSSCG00000003637,ENSG00000116871
MAP7D2,ENSSSCG00000012161,ENSG00000184368
MAP9,ENSSSCG00000008852,ENSG00000164114
MAPK1,ENSSSCG00000010081,ENSG00000100030
MAPK10,ENSSSCG00000009228,ENSG00000109339
MAPK11,ENSSSCG00000033171,ENSG00000185386
MAPK12,ENSSSCG00000032693,ENSG00000188130
MAPK13,ENSSSCG00000038774,ENSG00000156711
MAPK14,ENSSSCG00000001556,ENSG00000112062
MAPK15,ENSSSCG00000035933,ENSG00000181085
MAPK1IP1L,ENSSSCG00000005054,ENSG00000168175
MAPK3,ENSSSCG00000040682,ENSG00000102882
MAPK6,ENSSSCG00000004624,ENSG00000069956
MAPK7,ENSSSCG00000031076,ENSG00000166484
MAPK8,ENSSSCG00000010380,ENSG00000107643
MAPK8IP1,ENSSSCG00000013269,ENSG00000121653
MAPK8IP2,ENSSSCG00000031660,ENSG00000008735
MAPK8IP3,ENSSSCG00000008018,ENSG00000138834
MAPK9,ENSSSCG00000014010,ENSG00000050748
MAPKAP1,ENSSSCG00000029169,ENSG00000119487
MAPKAPK2,ENSSSCG00000015650,ENSG00000162889
MAPKAPK3,ENSSSCG00000011415,ENSG00000114738
MAPKAPK5,ENSSSCG00000009890,ENSG00000089022
MAPKBP1,ENSSSCG00000004738,ENSG00000137802
MAPRE1,ENSSSCG00000007253,ENSG00000101367
MAPRE2,ENSSSCG00000003738,ENSG00000166974
MAPRE3,ENSSSCG00000029185,ENSG00000084764
MAPT,ENSSSCG00000017311,ENSG00000186868
MARCHF1,ENSSSCG00000039175,ENSG00000145416
MARCHF10,ENSSSCG00000017299,ENSG00000173838
MARCHF11,ENSSSCG00000031525,ENSG00000183654
MARCHF2,ENSSSCG00000013601,ENSG00000099785
MARCHF3,ENSSSCG00000014249,ENSG00000173926
MARCHF4,ENSSSCG00000016176,ENSG00000144583
MARCHF5,ENSSSCG00000039887,ENSG00000198060
MARCHF6,ENSSSCG00000017094,ENSG00000145495
MARCHF7,ENSSSCG00000015883,ENSG00000136536
MARCHF8,ENSSSCG00000010403,ENSG00000165406
MARCHF9,ENSSSCG00000033013,ENSG00000139266
MARCKSL1,ENSSSCG00000031380,ENSG00000175130
MARCO,ENSSSCG00000015716,ENSG00000019169
MARF1,ENSSSCG00000029168,ENSG00000166783
MARK1,ENSSSCG00000010825,ENSG00000116141
MARK2,ENSSSCG00000013050,ENSG00000072518
MARK3,ENSSSCG00000021669,ENSG00000075413
MARK4,ENSSSCG00000022538,ENSG00000007047
MARS1,ENSSSCG00000023318,ENSG00000166986
MARS2,ENSSSCG00000034494,ENSG00000247626
MARVELD1,ENSSSCG00000010527,ENSG00000155254
MARVELD2,ENSSSCG00000016959,ENSG00000152939
MARVELD3,ENSSSCG00000002734,ENSG00000140832
MASP1,ENSSSCG00000011806,ENSG00000127241
MASP2,ENSSSCG00000003410,ENSG00000009724
MAST1,ENSSSCG00000013732,ENSG00000105613
MAST2,ENSSSCG00000003913,ENSG00000086015
MAST3,ENSSSCG00000013895,ENSG00000099308
MAST4,ENSSSCG00000016956,ENSG00000069020
MASTL,ENSSSCG00000011065,ENSG00000120539
MAT1A,ENSSSCG00000010337,ENSG00000151224
MAT2A,ENSSSCG00000022300,ENSG00000168906
MAT2B,ENSSSCG00000021229,ENSG00000038274
MATCAP1,ENSSSCG00000032443,ENSG00000196123
MATCAP2,ENSSSCG00000016659,ENSG00000164542
MATK,ENSSSCG00000013494,ENSG00000007264
MATN1,ENSSSCG00000022554,ENSG00000162510
MATN2,ENSSSCG00000006082,ENSG00000132561
MATN3,ENSSSCG00000008603,ENSG00000132031
MATN4,ENSSSCG00000007391,ENSG00000124159
MATR3,ENSSSCG00000014343,ENSG00000015479
MAU2,ENSSSCG00000021664,ENSG00000129933
MAVS,ENSSSCG00000007143,ENSG00000088888
MAX,ENSSSCG00000037267,ENSG00000125952
MAZ,ENSSSCG00000025321,ENSG00000103495
MB21D2,ENSSSCG00000011819,ENSG00000180611
MBD1,ENSSSCG00000004516,ENSG00000141644
MBD2,ENSSSCG00000004528,ENSG00000134046
MBD3,ENSSSCG00000013435,ENSG00000071655
MBD4,ENSSSCG00000033303,ENSG00000129071
MBD5,ENSSSCG00000015667,ENSG00000204406
MBD6,ENSSSCG00000000431,ENSG00000166987
MBIP,ENSSSCG00000001946,ENSG00000151332
MBL2,ENSSSCG00000010427,ENSG00000165471
MBLAC1,ENSSSCG00000034092,ENSG00000214309
MBLAC2,ENSSSCG00000014152,ENSG00000176055
MBNL1,ENSSSCG00000011720,ENSG00000152601
MBNL2,ENSSSCG00000009505,ENSG00000139793
MBNL3,ENSSSCG00000012676,ENSG00000076770
MBOAT1,ENSSSCG00000001078,ENSG00000172197
MBOAT2,ENSSSCG00000023539,ENSG00000143797
MBOAT4,ENSSSCG00000015847,ENSG00000177669
MBP,ENSSSCG00000038767,ENSG00000197971
MBTD1,ENSSSCG00000017592,ENSG00000011258
MBTPS1,ENSSSCG00000002682,ENSG00000140943
MC1R,ENSSSCG00000020924,ENSG00000258839
MC2R,ENSSSCG00000039227,ENSG00000185231
MC3R,ENSSSCG00000007491,ENSG00000124089
MC4R,ENSSSCG00000051798,ENSG00000166603
MC5R,ENSSSCG00000028411,ENSG00000176136
MCAM,ENSSSCG00000015116,ENSG00000076706
MCAT,ENSSSCG00000000031,ENSG00000100294
MCC,ENSSSCG00000014203,ENSG00000171444
MCCC1,ENSSSCG00000025942,ENSG00000078070
MCCC2,ENSSSCG00000016971,ENSG00000131844
MCEE,ENSSSCG00000035696,ENSG00000124370
MCEMP1,ENSSSCG00000033183,ENSG00000183019
MCF2,ENSSSCG00000012712,ENSG00000101977
MCF2L,ENSSSCG00000021158,ENSG00000126217
MCF2L2,ENSSSCG00000021749,ENSG00000053524
MCFD2,ENSSSCG00000021325,ENSG00000180398
MCHR1,ENSSSCG00000000074,ENSG00000128285
MCHR2,ENSSSCG00000004356,ENSG00000152034
MCIDAS,ENSSSCG00000036183,ENSG00000234602
MCL1,ENSSSCG00000039314,ENSG00000143384
MCM10,ENSSSCG00000035059,ENSG00000065328
MCM2,ENSSSCG00000011624,ENSG00000073111
MCM3,ENSSSCG00000025488,ENSG00000112118
MCM3AP,ENSSSCG00000026344,ENSG00000160294
MCM4,ENSSSCG00000006273,ENSG00000104738
MCM5,ENSSSCG00000022823,ENSG00000100297
MCM6,ENSSSCG00000035564,ENSG00000076003
MCM7,ENSSSCG00000032180,ENSG00000166508
MCM8,ENSSSCG00000007047,ENSG00000125885
MCM9,ENSSSCG00000004246,ENSG00000111877
MCMBP,ENSSSCG00000010688,ENSG00000197771
MCOLN1,ENSSSCG00000013570,ENSG00000090674
MCOLN2,ENSSSCG00000003755,ENSG00000153898
MCOLN3,ENSSSCG00000023745,ENSG00000055732
MCPH1,ENSSSCG00000015754,ENSG00000147316
MCRIP1,ENSSSCG00000039424,ENSG00000225663
MCRIP2,ENSSSCG00000007995,ENSG00000172366
MCRS1,ENSSSCG00000000202,ENSG00000187778
MCTP1,ENSSSCG00000025286,ENSG00000175471
MCTP2,ENSSSCG00000002257,ENSG00000140563
MCTS1,ENSSSCG00000030833,ENSG00000232119
MCU,ENSSSCG00000010290,ENSG00000156026
MCUB,ENSSSCG00000009141,ENSG00000005059
MDFI,ENSSSCG00000001620,ENSG00000112559
MDFIC,ENSSSCG00000021885,ENSG00000135272
MDGA1,ENSSSCG00000001582,ENSG00000112139
MDGA2,ENSSSCG00000005002,ENSG00000139915
MDH1,ENSSSCG00000025751,ENSG00000014641
MDH1B,ENSSSCG00000016133,ENSG00000138400
MDH2,ENSSSCG00000025486,ENSG00000146701
MDK,ENSSSCG00000013260,ENSG00000110492
MDM2,ENSSSCG00000000488,ENSG00000135679
MDM4,ENSSSCG00000015284,ENSG00000198625
MDN1,ENSSSCG00000004328,ENSG00000112159
MDP1,ENSSSCG00000033006,ENSG00000213920
ME1,ENSSSCG00000004454,ENSG00000065833
ME2,ENSSSCG00000004522,ENSG00000082212
ME3,ENSSSCG00000014919,ENSG00000151376
MEA1,ENSSSCG00000001655,ENSG00000124733
MEAF6,ENSSSCG00000034611,ENSG00000163875
MEAK7,ENSSSCG00000002672,ENSG00000140950
MECOM,ENSSSCG00000011743,ENSG00000085276
MECP2,ENSSSCG00000034742,ENSG00000169057
MECR,ENSSSCG00000003589,ENSG00000116353
MED1,ENSSSCG00000017505,ENSG00000125686
MED10,ENSSSCG00000017106,ENSG00000133398
MED11,ENSSSCG00000017919,ENSG00000161920
MED12,ENSSSCG00000012396,ENSG00000184634
MED12L,ENSSSCG00000011714,ENSG00000144893
MED13,ENSSSCG00000017672,ENSG00000108510
MED13L,ENSSSCG00000009864,ENSG00000123066
MED14,ENSSSCG00000012250,ENSG00000180182
MED15,ENSSSCG00000010107,ENSG00000099917
MED16,ENSSSCG00000013416,ENSG00000175221
MED17,ENSSSCG00000014949,ENSG00000042429
MED18,ENSSSCG00000044404,ENSG00000130772
MED19,ENSSSCG00000013177,ENSG00000156603
MED20,ENSSSCG00000038520,ENSG00000124641
MED21,ENSSSCG00000041972,ENSG00000152944
MED22,ENSSSCG00000031941,ENSG00000148297
MED23,ENSSSCG00000004196,ENSG00000112282
MED24,ENSSSCG00000029102,ENSG00000008838
MED25,ENSSSCG00000003197,ENSG00000104973
MED26,ENSSSCG00000013862,ENSG00000105085
MED27,ENSSSCG00000005720,ENSG00000160563
MED28,ENSSSCG00000029989,ENSG00000118579
MED29,ENSSSCG00000046487,ENSG00000063322
MED30,ENSSSCG00000033577,ENSG00000164758
MED31,ENSSSCG00000027100,ENSG00000108590
MED4,ENSSSCG00000035098,ENSG00000136146
MED6,ENSSSCG00000034290,ENSG00000133997
MED7,ENSSSCG00000017058,ENSG00000155868
MED8,ENSSSCG00000003943,ENSG00000159479
MED9,ENSSSCG00000018053,ENSG00000141026
MEDAG,ENSSSCG00000009331,ENSG00000102802
MEF2A,ENSSSCG00000028771,ENSG00000068305
MEF2B,ENSSSCG00000030351,ENSG00000213999
MEF2C,ENSSSCG00000014149,ENSG00000081189
MEF2D,ENSSSCG00000006482,ENSG00000116604
MEGF10,ENSSSCG00000032877,ENSG00000145794
MEGF11,ENSSSCG00000004939,ENSG00000157890
MEGF6,ENSSSCG00000024678,ENSG00000162591
MEGF9,ENSSSCG00000005506,ENSG00000106780
MEI1,ENSSSCG00000034405,ENSG00000167077
MEI4,ENSSSCG00000034152,ENSG00000269964
MEIG1,ENSSSCG00000034119,ENSG00000197889
MEIKIN,ENSSSCG00000014271,ENSG00000239642
MEIOB,ENSSSCG00000025711,ENSG00000162039
MEIOC,ENSSSCG00000017351,ENSG00000180336
MEIOSIN,ENSSSCG00000039916,ENSG00000237452
MEIS1,ENSSSCG00000039161,ENSG00000143995
MEIS2,ENSSSCG00000004795,ENSG00000134138
MEIS3,ENSSSCG00000003115,ENSG00000105419
MELK,ENSSSCG00000005344,ENSG00000165304
MELTF,ENSSSCG00000011837,ENSG00000163975
MEMO1,ENSSSCG00000008515,ENSG00000162959
MEN1,ENSSSCG00000013019,ENSG00000133895
MEOX1,ENSSSCG00000017376,ENSG00000005102
MEOX2,ENSSSCG00000015357,ENSG00000106511
MEP1A,ENSSSCG00000001724,ENSG00000112818
MEP1B,ENSSSCG00000003732,ENSG00000141434
MEPCE,ENSSSCG00000023680,ENSG00000146834
MEPE,ENSSSCG00000028730,ENSG00000152595
MERTK,ENSSSCG00000008103,ENSG00000153208
MESD,ENSSSCG00000021587,ENSG00000117899
MESP1,ENSSSCG00000001847,ENSG00000166823
MESP2,ENSSSCG00000001848,ENSG00000188095
MEST,ENSSSCG00000016554,ENSG00000106484
MET,ENSSSCG00000024351,ENSG00000105976
METAP1,ENSSSCG00000009186,ENSG00000164024
METAP1D,ENSSSCG00000015951,ENSG00000172878
METAP2,ENSSSCG00000030608,ENSG00000111142
METRNL,ENSSSCG00000017137,ENSG00000176845
METTL13,ENSSSCG00000015483,ENSG00000010165
METTL14,ENSSSCG00000009113,ENSG00000145388
METTL15,ENSSSCG00000013331,ENSG00000169519
METTL16,ENSSSCG00000017832,ENSG00000127804
METTL17,ENSSSCG00000021718,ENSG00000165792
METTL18,ENSSSCG00000006285,ENSG00000171806
METTL21A,ENSSSCG00000036466,ENSG00000144401
METTL22,ENSSSCG00000007914,ENSG00000067365
METTL23,ENSSSCG00000023139,ENSG00000181038
METTL24,ENSSSCG00000004402,ENSG00000053328
METTL25,ENSSSCG00000000941,ENSG00000127720
METTL25B,ENSSSCG00000006470,ENSG00000143303
METTL26,ENSSSCG00000032188,ENSG00000130731
METTL27,ENSSSCG00000007717,ENSG00000165171
METTL2A,ENSSSCG00000033421,ENSG00000087995
METTL3,ENSSSCG00000024445,ENSG00000165819
METTL4,ENSSSCG00000034816,ENSG00000101574
METTL5,ENSSSCG00000028458,ENSG00000138382
METTL6,ENSSSCG00000011190,ENSG00000206562
METTL8,ENSSSCG00000015945,ENSG00000123600
METTL9,ENSSSCG00000030373,ENSG00000197006
MEX3A,ENSSSCG00000006497,ENSG00000254726
MEX3B,ENSSSCG00000038491,ENSG00000183496
MEX3C,ENSSSCG00000034427,ENSG00000176624
MEX3D,ENSSSCG00000021750,ENSG00000181588
MFAP1,ENSSSCG00000040383,ENSG00000140259
MFAP2,ENSSSCG00000003479,ENSG00000117122
MFAP3,ENSSSCG00000034706,ENSG00000037749
MFAP3L,ENSSSCG00000009709,ENSG00000198948
MFAP4,ENSSSCG00000036007,ENSG00000166482
MFAP5,ENSSSCG00000031712,ENSG00000197614
MFF,ENSSSCG00000031572,ENSG00000168958
MFGE8,ENSSSCG00000001834,ENSG00000140545
MFHAS1,ENSSSCG00000035366,ENSG00000147324
MFN1,ENSSSCG00000039285,ENSG00000171109
MFN2,ENSSSCG00000003434,ENSG00000116688
MFNG,ENSSSCG00000030209,ENSG00000100060
MFRP,ENSSSCG00000015119,ENSG00000235718
MFSD1,ENSSSCG00000026018,ENSG00000118855
MFSD11,ENSSSCG00000029343,ENSG00000092931
MFSD12,ENSSSCG00000026169,ENSG00000161091
MFSD2A,ENSSSCG00000003669,ENSG00000168389
MFSD2B,ENSSSCG00000008590,ENSG00000205639
MFSD6,ENSSSCG00000016052,ENSG00000151690
MFSD8,ENSSSCG00000009075,ENSG00000164073
MGA,ENSSSCG00000004739,ENSG00000174197
MGAM,ENSSSCG00000034639,ENSG00000257335
MGAM2,ENSSSCG00000016487,ENSG00000257743
MGARP,ENSSSCG00000009062,ENSG00000137463
MGAT1,ENSSSCG00000014538,ENSG00000131446
MGAT2,ENSSSCG00000035611,ENSG00000168282
MGAT3,ENSSSCG00000038126,ENSG00000128268
MGAT4A,ENSSSCG00000008188,ENSG00000071073
MGAT4B,ENSSSCG00000014017,ENSG00000161013
MGAT4C,ENSSSCG00000032321,ENSG00000182050
MGAT4D,ENSSSCG00000038236,ENSG00000205301
MGAT5,ENSSSCG00000015701,ENSG00000152127
MGAT5B,ENSSSCG00000017170,ENSG00000167889
MGLL,ENSSSCG00000024134,ENSG00000074416
MGME1,ENSSSCG00000007089,ENSG00000125871
MGMT,ENSSSCG00000010756,ENSG00000170430
MGP,ENSSSCG00000037697,ENSG00000111341
MGRN1,ENSSSCG00000007930,ENSG00000102858
MGST1,ENSSSCG00000032580,ENSG00000008394
MGST2,ENSSSCG00000031736,ENSG00000085871
MGST3,ENSSSCG00000006325,ENSG00000143198
MIA,ENSSSCG00000002997,ENSG00000261857
MIA2,ENSSSCG00000004983,ENSG00000150527
MIA3,ENSSSCG00000010834,ENSG00000154305
MIB1,ENSSSCG00000025478,ENSG00000101752
MIB2,ENSSSCG00000003350,ENSG00000197530
MICAL1,ENSSSCG00000004412,ENSG00000135596
MICAL2,ENSSSCG00000031706,ENSG00000133816
MICAL3,ENSSSCG00000000770,ENSG00000243156
MICALL1,ENSSSCG00000000118,ENSG00000100139
MICALL2,ENSSSCG00000007557,ENSG00000164877
MICOS10,ENSSSCG00000028414,ENSG00000173436
MICOS13,ENSSSCG00000013524,ENSG00000174917
MICU1,ENSSSCG00000010289,ENSG00000107745
MICU2,ENSSSCG00000024667,ENSG00000165487
MICU3,ENSSSCG00000006981,ENSG00000155970
MID1,ENSSSCG00000012110,ENSG00000101871
MID1IP1,ENSSSCG00000025447,ENSG00000165175
MID2,ENSSSCG00000012564,ENSG00000080561
MIDEAS,ENSSSCG00000002350,ENSG00000156030
MIDN,ENSSSCG00000013432,ENSG00000167470
MIEF1,ENSSSCG00000039538,ENSG00000100335
MIEF2,ENSSSCG00000037151,ENSG00000177427
MIEN1,ENSSSCG00000017496,ENSG00000141741
MIER1,ENSSSCG00000030423,ENSG00000198160
MIER2,ENSSSCG00000014003,ENSG00000105556
MIER3,ENSSSCG00000016920,ENSG00000155545
MIF,ENSSSCG00000010067,ENSG00000240972
MIF4GD,ENSSSCG00000017209,ENSG00000125457
MIGA1,ENSSSCG00000003770,ENSG00000180488
MIGA2,ENSSSCG00000005669,ENSG00000148343
MIIP,ENSSSCG00000003435,ENSG00000116691
MILR1,ENSSSCG00000032612,ENSG00000271605
MINAR1,ENSSSCG00000001775,ENSG00000169330
MINAR2,ENSSSCG00000014261,ENSG00000186367
MINDY1,ENSSSCG00000006642,ENSG00000143409
MINDY2,ENSSSCG00000024131,ENSG00000128923
MINDY3,ENSSSCG00000011045,ENSG00000148481
MINDY4,ENSSSCG00000016674,ENSG00000106125
MINDY4B,ENSSSCG00000047943,ENSG00000214237
MINK1,ENSSSCG00000017917,ENSG00000141503
MINPP1,ENSSSCG00000010435,ENSG00000107789
MIOS,ENSSSCG00000015343,ENSG00000164654
MIOX,ENSSSCG00000023749,ENSG00000100253
MIP,ENSSSCG00000000400,ENSG00000135517
MIPEP,ENSSSCG00000009290,ENSG00000027001
MIPOL1,ENSSSCG00000039714,ENSG00000151338
MIR100,ENSSSCG00000019317,ENSG00000207994
MIR101-1,ENSSSCG00000019459,ENSG00000199135
MIR101-2,ENSSSCG00000019990,ENSG00000199065
MIR105-1,ENSSSCG00000019846,ENSG00000207957
MIR105-2,ENSSSCG00000019675,ENSG00000207818
MIR106B,ENSSSCG00000039124,ENSG00000208036
MIR107,ENSSSCG00000019740,ENSG00000198997
MIR10B,ENSSSCG00000019942,ENSG00000207744
MIR1224,ENSSSCG00000029263,ENSG00000221120
MIR124-3,ENSSSCG00000034439,ENSG00000207598
MIR126,ENSSSCG00000018210,ENSG00000199161
MIR127,ENSSSCG00000019466,ENSG00000207608
MIR1271,ENSSSCG00000025894,ENSG00000221464
MIR128-1,ENSSSCG00000019503,ENSG00000207654
MIR128-2,ENSSSCG00000019835,ENSG00000207625
MIR1282,ENSSSCG00000018734,ENSG00000221792
MIR1296,ENSSSCG00000018370,ENSG00000221063
MIR130A,ENSSSCG00000019281,ENSG00000208009
MIR133B,ENSSSCG00000018805,ENSG00000199080
MIR1343,ENSSSCG00000020107,ENSG00000251862
MIR135B,ENSSSCG00000035140,ENSG00000199059
MIR136,ENSSSCG00000018419,ENSG00000207942
MIR138-2,ENSSSCG00000022561,ENSG00000207649
MIR139,ENSSSCG00000018907,ENSG00000272036
MIR140,ENSSSCG00000028710,ENSG00000208017
MIR141,ENSSSCG00000020795,ENSG00000207708
MIR1468,ENSSSCG00000019593,ENSG00000222532
MIR148B,ENSSSCG00000018994,ENSG00000199122
MIR149,ENSSSCG00000018339,ENSG00000207611
MIR152,ENSSSCG00000018912,ENSG00000207947
MIR153-1,ENSSSCG00000018628,ENSG00000207647
MIR15B,ENSSSCG00000019020,ENSG00000207779
MIR16-2,ENSSSCG00000019808,ENSG00000198987
MIR181C,ENSSSCG00000019548,ENSG00000207613
MIR181D,ENSSSCG00000019730,ENSG00000207585
MIR182,ENSSSCG00000018739,ENSG00000207990
MIR183,ENSSSCG00000018417,ENSG00000207691
MIR184,ENSSSCG00000019343,ENSG00000207695
MIR185,ENSSSCG00000019684,ENSG00000208023
MIR186,ENSSSCG00000019065,ENSG00000207721
MIR190A,ENSSSCG00000018544,ENSG00000211137
MIR190B,ENSSSCG00000018626,ENSG00000215938
MIR191,ENSSSCG00000018566,ENSG00000207605
MIR1912,ENSSSCG00000020019,ENSG00000222321
MIR193A,ENSSSCG00000019050,ENSG00000207614
MIR199B,ENSSSCG00000019744,ENSG00000207581
MIR200B,ENSSSCG00000024128,ENSG00000207730
MIR204,ENSSSCG00000019666,ENSG00000207935
MIR208A,ENSSSCG00000019541,ENSG00000199157
MIR208B,ENSSSCG00000019225,ENSG00000215991
MIR212,ENSSSCG00000019896,ENSG00000267195
MIR215,ENSSSCG00000032560,ENSG00000207590
MIR218-1,ENSSSCG00000023893,ENSG00000207732
MIR23A,ENSSSCG00000019823,ENSG00000207980
MIR23B,ENSSSCG00000019456,ENSG00000207563
MIR25,ENSSSCG00000038479,ENSG00000207547
MIR26B,ENSSSCG00000022650,ENSG00000199121
MIR27A,ENSSSCG00000043220,ENSG00000207808
MIR27B,ENSSSCG00000019359,ENSG00000207864
MIR28,ENSSSCG00000019404,ENSG00000207651
MIR301A,ENSSSCG00000028212,ENSG00000207996
MIR30E,ENSSSCG00000019493,ENSG00000198974
MIR31,ENSSSCG00000018175,ENSG00000199177
MIR3115,ENSSSCG00000029242,ENSG00000263793
MIR32,ENSSSCG00000028093,ENSG00000207698
MIR324,ENSSSCG00000018204,ENSG00000199053
MIR326,ENSSSCG00000018827,ENSG00000199090
MIR328,ENSSSCG00000018979,ENSG00000207948
MIR331,ENSSSCG00000018162,ENSG00000199172
MIR335,ENSSSCG00000018951,ENSG00000199043
MIR33B,ENSSSCG00000033948,ENSG00000207839
MIR340,ENSSSCG00000031507,ENSG00000198995
MIR342,ENSSSCG00000033639,ENSG00000199082
MIR361,ENSSSCG00000019895,ENSG00000199051
MIR362,ENSSSCG00000023655,ENSG00000208015
MIR370,ENSSSCG00000032651,ENSG00000199005
MIR375,ENSSSCG00000026963,ENSG00000198973
MIR378B,ENSSSCG00000044833,ENSG00000264534
MIR381,ENSSSCG00000025684,ENSG00000199020
MIR383,ENSSSCG00000020959,ENSG00000199127
MIR425,ENSSSCG00000018173,ENSG00000199032
MIR429,ENSSSCG00000019012,ENSG00000198976
MIR431,ENSSSCG00000019314,ENSG00000208001
MIR432,ENSSSCG00000019450,ENSG00000272458
MIR450B,ENSSSCG00000018275,ENSG00000216001
MIR454,ENSSSCG00000018920,ENSG00000211514
MIR455,ENSSSCG00000018765,ENSG00000207726
MIR487B,ENSSSCG00000039251,ENSG00000207754
MIR488,ENSSSCG00000018556,ENSG00000202609
MIR489,ENSSSCG00000018731,ENSG00000207656
MIR491,ENSSSCG00000019549,ENSG00000207609
MIR493,ENSSSCG00000018124,ENSG00000207989
MIR504,ENSSSCG00000019923,ENSG00000207800
MIR505,ENSSSCG00000019163,ENSG00000207633
MIR532,ENSSSCG00000029677,ENSG00000207758
MIR542,ENSSSCG00000019680,ENSG00000207784
MIR544A,ENSSSCG00000022452,ENSG00000207587
MIR551A,ENSSSCG00000019934,ENSG00000207776
MIR574,ENSSSCG00000045967,ENSG00000207944
MIR582,ENSSSCG00000018875,ENSG00000202601
MIR592,ENSSSCG00000038400,ENSG00000207692
MIR615,ENSSSCG00000039239,ENSG00000207571
MIR652,ENSSSCG00000029520,ENSG00000208013
MIR660,ENSSSCG00000026234,ENSG00000207970
MIR670,ENSSSCG00000019175,ENSG00000211568
MIR7-2,ENSSSCG00000028046,ENSG00000207703
MIR708,ENSSSCG00000019199,ENSG00000211997
MIR744,ENSSSCG00000019009,ENSG00000266297
MIR769,ENSSSCG00000038175,ENSG00000211580
MIR802,ENSSSCG00000027172,ENSG00000211590
MIR874,ENSSSCG00000018618,ENSG00000216009
MIR885,ENSSSCG00000018670,ENSG00000216135
MIR95,ENSSSCG00000019061,ENSG00000207807
MIR96,ENSSSCG00000018762,ENSG00000199158
MIR98,ENSSSCG00000019546,ENSG00000271886
MIRLET7G,ENSSSCG00000019306,ENSG00000199150
MIS12,ENSSSCG00000034958,ENSG00000167842
MIS18A,ENSSSCG00000034229,ENSG00000159055
MIS18BP1,ENSSSCG00000004999,ENSG00000129534
MISP,ENSSSCG00000013425,ENSG00000099812
MISP3,ENSSSCG00000013768,ENSG00000141854
MITD1,ENSSSCG00000008185,ENSG00000158411
MITF,ENSSSCG00000011514,ENSG00000187098
MIX23,ENSSSCG00000025107,ENSG00000160124
MIXL1,ENSSSCG00000030675,ENSG00000185155
MKI67,ENSSSCG00000026302,ENSG00000148773
MKKS,ENSSSCG00000007064,ENSG00000125863
MKLN1,ENSSSCG00000016549,ENSG00000128585
MKNK1,ENSSSCG00000003898,ENSG00000079277
MKNK2,ENSSSCG00000013448,ENSG00000099875
MKRN1,ENSSSCG00000016498,ENSG00000133606
MKRN2,ENSSSCG00000029877,ENSG00000075975
MKRN2OS,ENSSSCG00000011581,ENSG00000225526
MKS1,ENSSSCG00000017635,ENSG00000011143
MKX,ENSSSCG00000029783,ENSG00000150051
MLANA,ENSSSCG00000005206,ENSG00000120215
MLC1,ENSSSCG00000000978,ENSG00000100427
MLEC,ENSSSCG00000009914,ENSG00000110917
MLF2,ENSSSCG00000000690,ENSG00000089693
MLH1,ENSSSCG00000024222,ENSG00000076242
MLIP,ENSSSCG00000001485,ENSG00000146147
MLKL,ENSSSCG00000002716,ENSG00000168404
MLLT1,ENSSSCG00000013534,ENSG00000130382
MLLT10,ENSSSCG00000011085,ENSG00000078403
MLLT11,ENSSSCG00000030278,ENSG00000213190
MLLT3,ENSSSCG00000005166,ENSG00000171843
MLN,ENSSSCG00000001521,ENSG00000096395
MLNR,ENSSSCG00000022064,ENSG00000102539
MLPH,ENSSSCG00000032849,ENSG00000115648
MLST8,ENSSSCG00000008044,ENSG00000167965
MLX,ENSSSCG00000017397,ENSG00000108788
MLXIP,ENSSSCG00000009794,ENSG00000175727
MLXIPL,ENSSSCG00000007710,ENSG00000009950
MLYCD,ENSSSCG00000031450,ENSG00000103150
MMAA,ENSSSCG00000009039,ENSG00000151611
MMAB,ENSSSCG00000009932,ENSG00000139428
MMACHC,ENSSSCG00000037354,ENSG00000132763
MMADHC,ENSSSCG00000028646,ENSG00000168288
MMD,ENSSSCG00000017605,ENSG00000108960
MMD2,ENSSSCG00000007578,ENSG00000136297
MME,ENSSSCG00000011723,ENSG00000196549
MMEL1,ENSSSCG00000003356,ENSG00000142606
MMGT1,ENSSSCG00000025854,ENSG00000169446
MMP1,ENSSSCG00000014985,ENSG00000196611
MMP11,ENSSSCG00000010071,ENSG00000099953
MMP12,ENSSSCG00000014987,ENSG00000262406
MMP13,ENSSSCG00000014988,ENSG00000137745
MMP14,ENSSSCG00000002039,ENSG00000157227
MMP15,ENSSSCG00000002806,ENSG00000102996
MMP16,ENSSSCG00000006132,ENSG00000156103
MMP17,ENSSSCG00000024236,ENSG00000198598
MMP19,ENSSSCG00000000368,ENSG00000123342
MMP2,ENSSSCG00000002829,ENSG00000087245
MMP20,ENSSSCG00000014983,ENSG00000137674
MMP24,ENSSSCG00000040160,ENSG00000125966
MMP25,ENSSSCG00000021569,ENSG00000008516
MMP27,ENSSSCG00000014984,ENSG00000137675
MMP28,ENSSSCG00000034440,ENSG00000271447
MMP7,ENSSSCG00000014982,ENSG00000137673
MMP8,ENSSSCG00000029675,ENSG00000118113
MMP9,ENSSSCG00000007436,ENSG00000100985
MMRN1,ENSSSCG00000009202,ENSG00000138722
MMRN2,ENSSSCG00000024048,ENSG00000173269
MMS19,ENSSSCG00000010520,ENSG00000155229
MMS22L,ENSSSCG00000004344,ENSG00000146263
MMUT,ENSSSCG00000001732,ENSG00000146085
MN1,ENSSSCG00000009966,ENSG00000169184
MNAT1,ENSSSCG00000005090,ENSG00000020426
MND1,ENSSSCG00000009009,ENSG00000121211
MNDA,ENSSSCG00000037532,ENSG00000163563
MNS1,ENSSSCG00000004601,ENSG00000138587
MNT,ENSSSCG00000037159,ENSG00000070444
MNX1,ENSSSCG00000016410,ENSG00000130675
MOAP1,ENSSSCG00000047048,ENSG00000165943
MOB1A,ENSSSCG00000039221,ENSG00000114978
MOB2,ENSSSCG00000037847,ENSG00000182208
MOB3A,ENSSSCG00000032366,ENSG00000172081
MOB3B,ENSSSCG00000038811,ENSG00000120162
MOB3C,ENSSSCG00000003897,ENSG00000142961
MOCOS,ENSSSCG00000003744,ENSG00000075643
MOCS1,ENSSSCG00000001596,ENSG00000124615
MOCS2,ENSSSCG00000016888,ENSG00000164172
MOCS3,ENSSSCG00000007475,ENSG00000124217
MOGAT1,ENSSSCG00000046102,ENSG00000124003
MOGAT2,ENSSSCG00000014861,ENSG00000166391
MOGS,ENSSSCG00000022786,ENSG00000115275
MOK,ENSSSCG00000002531,ENSG00000080823
MON1A,ENSSSCG00000025791,ENSG00000164077
MON1B,ENSSSCG00000002701,ENSG00000103111
MON2,ENSSSCG00000000458,ENSG00000061987
MORC1,ENSSSCG00000011937,ENSG00000114487
MORC2,ENSSSCG00000010016,ENSG00000133422
MORC3,ENSSSCG00000012055,ENSG00000159256
MORC4,ENSSSCG00000036091,ENSG00000133131
MORF4L1,ENSSSCG00000001769,ENSG00000185787
MORF4L2,ENSSSCG00000012534,ENSG00000123562
MORN2,ENSSSCG00000008480,ENSG00000188010
MORN3,ENSSSCG00000009809,ENSG00000139714
MORN4,ENSSSCG00000036954,ENSG00000171160
MORN5,ENSSSCG00000005529,ENSG00000185681
MOS,ENSSSCG00000006248,ENSG00000172680
MOSMO,ENSSSCG00000031629,ENSG00000185716
MOSPD1,ENSSSCG00000012686,ENSG00000101928
MOSPD2,ENSSSCG00000012131,ENSG00000130150
MOSPD3,ENSSSCG00000023255,ENSG00000106330
MOV10,ENSSSCG00000006776,ENSG00000155363
MOXD1,ENSSSCG00000004191,ENSG00000079931
MPC1,ENSSSCG00000032916,ENSG00000060762
MPC1L,ENSSSCG00000012248,ENSG00000238205
MPC2,ENSSSCG00000006304,ENSG00000143158
MPDU1,ENSSSCG00000017955,ENSG00000129255
MPDZ,ENSSSCG00000005191,ENSG00000107186
MPEG1,ENSSSCG00000050458,ENSG00000197629
MPG,ENSSSCG00000007982,ENSG00000103152
MPHOSPH10,ENSSSCG00000004847,ENSG00000124383
MPHOSPH6,ENSSSCG00000034572,ENSG00000135698
MPHOSPH8,ENSSSCG00000009570,ENSG00000196199
MPHOSPH9,ENSSSCG00000009779,ENSG00000051825
MPI,ENSSSCG00000024990,ENSG00000178802
MPL,ENSSSCG00000030906,ENSG00000117400
MPLKIP,ENSSSCG00000016768,ENSG00000168303
MPND,ENSSSCG00000013507,ENSG00000008382
MPO,ENSSSCG00000017637,ENSG00000005381
MPP2,ENSSSCG00000017367,ENSG00000108852
MPP3,ENSSSCG00000017372,ENSG00000161647
MPP4,ENSSSCG00000026184,ENSG00000082126
MPP7,ENSSSCG00000011070,ENSG00000150054
MPPE1,ENSSSCG00000028126,ENSG00000154889
MPPED1,ENSSSCG00000038685,ENSG00000186732
MPPED2,ENSSSCG00000013327,ENSG00000066382
MPRIP,ENSSSCG00000036812,ENSG00000133030
MPST,ENSSSCG00000038190,ENSG00000128309
MPV17,ENSSSCG00000037201,ENSG00000115204
MPV17L,ENSSSCG00000032056,ENSG00000156968
MPV17L2,ENSSSCG00000013896,ENSG00000254858
MPZ,ENSSSCG00000006352,ENSG00000158887
MPZL1,ENSSSCG00000006306,ENSG00000197965
MPZL2,ENSSSCG00000015091,ENSG00000149573
MPZL3,ENSSSCG00000015090,ENSG00000160588
MR1,ENSSSCG00000015540,ENSG00000153029
MRAP,ENSSSCG00000040843,ENSG00000170262
MRAP2,ENSSSCG00000026943,ENSG00000135324
MRAS,ENSSSCG00000027443,ENSG00000158186
MRC1,ENSSSCG00000011038,ENSG00000260314
MRC2,ENSSSCG00000017300,ENSG00000011028
MRE11,ENSSSCG00000014955,ENSG00000020922
MREG,ENSSSCG00000016175,ENSG00000118242
MRGPRF,ENSSSCG00000034441,ENSG00000172935
MRI1,ENSSSCG00000013756,ENSG00000037757
MRM2,ENSSSCG00000036247,ENSG00000122687
MRM3,ENSSSCG00000017806,ENSG00000171861
MRNIP,ENSSSCG00000014015,ENSG00000161010
MRO,ENSSSCG00000004521,ENSG00000134042
MROH1,ENSSSCG00000005924,ENSG00000179832
MROH2A,ENSSSCG00000016305,ENSG00000185038
MROH2B,ENSSSCG00000021645,ENSG00000171495
MROH6,ENSSSCG00000006948,ENSG00000204839
MROH7,ENSSSCG00000003845,ENSG00000184313
MROH9,ENSSSCG00000026160,ENSG00000117501
MRPL10,ENSSSCG00000017519,ENSG00000159111
MRPL11,ENSSSCG00000012943,ENSG00000174547
MRPL12,ENSSSCG00000033148,ENSG00000262814
MRPL13,ENSSSCG00000005996,ENSG00000172172
MRPL14,ENSSSCG00000001696,ENSG00000180992
MRPL15,ENSSSCG00000030578,ENSG00000137547
MRPL16,ENSSSCG00000013118,ENSG00000166902
MRPL17,ENSSSCG00000024693,ENSG00000158042
MRPL18,ENSSSCG00000004047,ENSG00000112110
MRPL19,ENSSSCG00000021007,ENSG00000115364
MRPL2,ENSSSCG00000001658,ENSG00000112651
MRPL20,ENSSSCG00000033374,ENSG00000242485
MRPL22,ENSSSCG00000017065,ENSG00000082515
MRPL23,ENSSSCG00000038364,ENSG00000214026
MRPL24,ENSSSCG00000006469,ENSG00000143314
MRPL28,ENSSSCG00000007984,ENSG00000086504
MRPL3,ENSSSCG00000011179,ENSG00000114686
MRPL30,ENSSSCG00000008183,ENSG00000185414
MRPL32,ENSSSCG00000025060,ENSG00000106591
MRPL33,ENSSSCG00000034129,ENSG00000243147
MRPL34,ENSSSCG00000039295,ENSG00000130312
MRPL35,ENSSSCG00000021746,ENSG00000132313
MRPL36,ENSSSCG00000040154,ENSG00000171421
MRPL37,ENSSSCG00000032083,ENSG00000116221
MRPL38,ENSSSCG00000017196,ENSG00000204316
MRPL39,ENSSSCG00000012021,ENSG00000154719
MRPL4,ENSSSCG00000013656,ENSG00000105364
MRPL40,ENSSSCG00000034014,ENSG00000185608
MRPL42,ENSSSCG00000030478,ENSG00000198015
MRPL43,ENSSSCG00000010560,ENSG00000055950
MRPL44,ENSSSCG00000016232,ENSG00000135900
MRPL46,ENSSSCG00000005105,ENSG00000259494
MRPL47,ENSSSCG00000011763,ENSG00000136522
MRPL48,ENSSSCG00000014829,ENSG00000175581
MRPL49,ENSSSCG00000013001,ENSG00000149792
MRPL50,ENSSSCG00000027974,ENSG00000136897
MRPL51,ENSSSCG00000039662,ENSG00000111639
MRPL52,ENSSSCG00000002040,ENSG00000172590
MRPL54,ENSSSCG00000024242,ENSG00000183617
MRPL55,ENSSSCG00000029050,ENSG00000162910
MRPL57,ENSSSCG00000031280,ENSG00000173141
MRPL58,ENSSSCG00000034406,ENSG00000167862
MRPL9,ENSSSCG00000028343,ENSG00000143436
MRPS10,ENSSSCG00000001638,ENSG00000048544
MRPS11,ENSSSCG00000037343,ENSG00000181991
MRPS12,ENSSSCG00000031860,ENSG00000128626
MRPS14,ENSSSCG00000031435,ENSG00000120333
MRPS15,ENSSSCG00000034647,ENSG00000116898
MRPS17,ENSSSCG00000007749,ENSG00000239789
MRPS18A,ENSSSCG00000001692,ENSG00000096080
MRPS18C,ENSSSCG00000038042,ENSG00000163319
MRPS2,ENSSSCG00000005759,ENSG00000122140
MRPS22,ENSSSCG00000035771,ENSG00000175110
MRPS23,ENSSSCG00000035193,ENSG00000181610
MRPS24,ENSSSCG00000016724,ENSG00000062582
MRPS25,ENSSSCG00000034318,ENSG00000131368
MRPS26,ENSSSCG00000007165,ENSG00000125901
MRPS27,ENSSSCG00000023818,ENSG00000113048
MRPS30,ENSSSCG00000032275,ENSG00000112996
MRPS31,ENSSSCG00000009372,ENSG00000102738
MRPS33,ENSSSCG00000013470,ENSG00000090263
MRPS34,ENSSSCG00000008016,ENSG00000074071
MRPS35,ENSSSCG00000000547,ENSG00000061794
MRPS5,ENSSSCG00000008113,ENSG00000144029
MRPS6,ENSSSCG00000026981,ENSG00000243927
MRPS7,ENSSSCG00000035134,ENSG00000125445
MRPS9,ENSSSCG00000028020,ENSG00000135972
MRRF,ENSSSCG00000005532,ENSG00000148187
MRS2,ENSSSCG00000001087,ENSG00000124532
MRTFA,ENSSSCG00000000075,ENSG00000196588
MRTFB,ENSSSCG00000039171,ENSG00000186260
MRTO4,ENSSSCG00000034814,ENSG00000053372
MS4A1,ENSSSCG00000021812,ENSG00000156738
MS4A10,ENSSSCG00000037987,ENSG00000172689
MS4A12,ENSSSCG00000027387,ENSG00000071203
MS4A13,ENSSSCG00000032893,ENSG00000204979
MS4A14,ENSSSCG00000022114,ENSG00000166928
MS4A15,ENSSSCG00000034847,ENSG00000166961
MS4A2,ENSSSCG00000034506,ENSG00000149534
MS4A5,ENSSSCG00000026796,ENSG00000166930
MS4A7,ENSSSCG00000013102,ENSG00000166927
MS4A8,ENSSSCG00000030879,ENSG00000166959
MSANTD2,ENSSSCG00000015201,ENSG00000120458
MSANTD4,ENSSSCG00000026833,ENSG00000170903
MSC,ENSSSCG00000006187,ENSG00000178860
MSGN1,ENSSSCG00000026538,ENSG00000151379
MSH2,ENSSSCG00000008428,ENSG00000095002
MSH3,ENSSSCG00000014126,ENSG00000113318
MSH4,ENSSSCG00000003775,ENSG00000057468
MSH6,ENSSSCG00000020931,ENSG00000116062
MSI1,ENSSSCG00000029365,ENSG00000135097
MSI2,ENSSSCG00000038505,ENSG00000153944
MSL1,ENSSSCG00000017476,ENSG00000188895
MSL2,ENSSSCG00000011650,ENSG00000174579
MSL3,ENSSSCG00000012114,ENSG00000005302
MSMB,ENSSSCG00000010400,ENSG00000263639
MSMO1,ENSSSCG00000008857,ENSG00000052802
MSMP,ENSSSCG00000038905,ENSG00000215183
MSN,ENSSSCG00000012365,ENSG00000147065
MSR1,ENSSSCG00000006979,ENSG00000038945
MSRA,ENSSSCG00000009684,ENSG00000175806
MSRB1,ENSSSCG00000032932,ENSG00000198736
MSRB2,ENSSSCG00000011077,ENSG00000148450
MSRB3,ENSSSCG00000026004,ENSG00000174099
MSS51,ENSSSCG00000010300,ENSG00000166343
MST1,ENSSSCG00000011386,ENSG00000173531
MST1R,ENSSSCG00000027992,ENSG00000164078
MSTN,ENSSSCG00000016047,ENSG00000138379
MSTO1,ENSSSCG00000006157,ENSG00000125459
MSX1,ENSSSCG00000008727,ENSG00000163132
MSX2,ENSSSCG00000034500,ENSG00000120149
MT3,ENSSSCG00000024305,ENSG00000087250
MTA1,ENSSSCG00000032544,ENSG00000182979
MTA2,ENSSSCG00000013062,ENSG00000149480
MTA3,ENSSSCG00000008464,ENSG00000057935
MTAP,ENSSSCG00000005135,ENSG00000099810
MTARC1,ENSSSCG00000010829,ENSG00000186205
MTARC2,ENSSSCG00000010826,ENSG00000117791
MTBP,ENSSSCG00000005995,ENSG00000172167
MTCH1,ENSSSCG00000001571,ENSG00000137409
MTCH2,ENSSSCG00000013232,ENSG00000109919
MTCL1,ENSSSCG00000003684,ENSG00000168502
MTCL2,ENSSSCG00000007324,ENSG00000149639
MTCL3,ENSSSCG00000038602,ENSG00000214338
MTCP1,ENSSSCG00000012816,ENSG00000214827
MTDH,ENSSSCG00000006084,ENSG00000147649
MTERF1,ENSSSCG00000015309,ENSG00000127989
MTERF2,ENSSSCG00000039109,ENSG00000120832
MTERF3,ENSSSCG00000006090,ENSG00000156469
MTF1,ENSSSCG00000037516,ENSG00000188786
MTF2,ENSSSCG00000006898,ENSG00000143033
MTFMT,ENSSSCG00000004543,ENSG00000103707
MTFP1,ENSSSCG00000010007,ENSG00000242114
MTFR1,ENSSSCG00000006219,ENSG00000066855
MTFR1L,ENSSSCG00000003553,ENSG00000117640
MTFR2,ENSSSCG00000004164,ENSG00000146410
MTG1,ENSSSCG00000029088,ENSG00000148824
MTG2,ENSSSCG00000037369,ENSG00000101181
MTHFD1,ENSSSCG00000002269,ENSG00000100714
MTHFD1L,ENSSSCG00000004092,ENSG00000120254
MTHFD2,ENSSSCG00000008289,ENSG00000065911
MTHFD2L,ENSSSCG00000008961,ENSG00000163738
MTHFR,ENSSSCG00000003428,ENSG00000177000
MTHFSD,ENSSSCG00000002660,ENSG00000103248
MTIF2,ENSSSCG00000008404,ENSG00000085760
MTIF3,ENSSSCG00000037313,ENSG00000122033
MTM1,ENSSSCG00000012742,ENSG00000171100
MTMR1,ENSSSCG00000012743,ENSG00000063601
MTMR10,ENSSSCG00000004844,ENSG00000166912
MTMR11,ENSSSCG00000006664,ENSG00000014914
MTMR12,ENSSSCG00000031509,ENSG00000150712
MTMR14,ENSSSCG00000011546,ENSG00000163719
MTMR2,ENSSSCG00000014970,ENSG00000087053
MTMR3,ENSSSCG00000009994,ENSG00000100330
MTMR4,ENSSSCG00000017642,ENSG00000108389
MTMR6,ENSSSCG00000035119,ENSG00000139505
MTMR7,ENSSSCG00000036785,ENSG00000003987
MTMR8,ENSSSCG00000023862,ENSG00000102043
MTMR9,ENSSSCG00000035133,ENSG00000104643
MTNAP1,ENSSSCG00000017246,ENSG00000141219
MTNR1A,ENSSSCG00000007002,ENSG00000168412
MTNR1B,ENSSSCG00000014939,ENSG00000134640
MTO1,ENSSSCG00000004487,ENSG00000135297
MTOR,ENSSSCG00000003413,ENSG00000198793
MTPAP,ENSSSCG00000011018,ENSG00000107951
MTPN,ENSSSCG00000039290,ENSG00000105887
MTR,ENSSSCG00000010143,ENSG00000116984
MTRES1,ENSSSCG00000037985,ENSG00000130349
MTREX,ENSSSCG00000016911,ENSG00000039123
MTRF1,ENSSSCG00000009436,ENSG00000120662
MTRF1L,ENSSSCG00000004076,ENSG00000112031
MTRFR,ENSSSCG00000009774,ENSG00000130921
MTRR,ENSSSCG00000017100,ENSG00000124275
MTSS1,ENSSSCG00000005975,ENSG00000170873
MTSS2,ENSSSCG00000040037,ENSG00000132613
MTTP,ENSSSCG00000009179,ENSG00000138823
MTURN,ENSSSCG00000037158,ENSG00000180354
MTUS1,ENSSSCG00000040013,ENSG00000129422
MTUS2,ENSSSCG00000025996,ENSG00000132938
MTX1,ENSSSCG00000006523,ENSG00000173171
MTX2,ENSSSCG00000022222,ENSG00000128654
MTX3,ENSSSCG00000014116,ENSG00000177034
MUC1,ENSSSCG00000006525,ENSG00000185499
MUC13,ENSSSCG00000011862,ENSG00000173702
MUC15,ENSSSCG00000013340,ENSG00000169550
MUC2,ENSSSCG00000040035,ENSG00000198788
MUC20,ENSSSCG00000011851,ENSG00000176945
MUC4,ENSSSCG00000011850,ENSG00000145113
MUC5AC,ENSSSCG00000033382,ENSG00000215182
MUC5B,ENSSSCG00000033452,ENSG00000117983
MUC6,ENSSSCG00000012835,ENSG00000184956
MUL1,ENSSSCG00000028045,ENSG00000090432
MUS81,ENSSSCG00000012973,ENSG00000172732
MUSK,ENSSSCG00000005456,ENSG00000030304
MUTYH,ENSSSCG00000003919,ENSG00000132781
MVB12A,ENSSSCG00000036568,ENSG00000141971
MVB12B,ENSSSCG00000036926,ENSG00000196814
MVD,ENSSSCG00000034905,ENSG00000167508
MVK,ENSSSCG00000009931,ENSG00000110921
MVP,ENSSSCG00000027946,ENSG00000013364
MX1,ENSSSCG00000012077,ENSG00000157601
MX2,ENSSSCG00000012076,ENSG00000183486
MXD1,ENSSSCG00000008334,ENSG00000059728
MXD3,ENSSSCG00000014041,ENSG00000213347
MXD4,ENSSSCG00000008687,ENSG00000123933
MXI1,ENSSSCG00000022128,ENSG00000119950
MXRA7,ENSSSCG00000037376,ENSG00000182534
MXRA8,ENSSSCG00000021880,ENSG00000162576
MYADM,ENSSSCG00000003253,ENSG00000179820
MYADML2,ENSSSCG00000032974,ENSG00000185105
MYB,ENSSSCG00000004167,ENSG00000118513
MYBBP1A,ENSSSCG00000017882,ENSG00000132382
MYBL1,ENSSSCG00000027872,ENSG00000185697
MYBL2,ENSSSCG00000007366,ENSG00000101057
MYBPC1,ENSSSCG00000000866,ENSG00000196091
MYBPC2,ENSSSCG00000003218,ENSG00000086967
MYBPC3,ENSSSCG00000013236,ENSG00000134571
MYBPH,ENSSSCG00000030681,ENSG00000133055
MYBPHL,ENSSSCG00000006834,ENSG00000221986
MYC,ENSSSCG00000005965,ENSG00000136997
MYCBP2,ENSSSCG00000009473,ENSG00000005810
MYCBPAP,ENSSSCG00000017563,ENSG00000136449
MYCN,ENSSSCG00000008618,ENSG00000134323
MYCT1,ENSSSCG00000031536,ENSG00000120279
MYD88,ENSSSCG00000011251,ENSG00000172936
MYDGF,ENSSSCG00000034898,ENSG00000074842
MYEF2,ENSSSCG00000004661,ENSG00000104177
MYF5,ENSSSCG00000000937,ENSG00000111049
MYF6,ENSSSCG00000026533,ENSG00000111046
MYG1,ENSSSCG00000046295,ENSG00000139637
MYH11,ENSSSCG00000000146,ENSG00000133392
MYH13,ENSSSCG00000024416,ENSG00000006788
MYH14,ENSSSCG00000027407,ENSG00000105357
MYH15,ENSSSCG00000022175,ENSG00000144821
MYH2,ENSSSCG00000029441,ENSG00000125414
MYH3,ENSSSCG00000018007,ENSG00000109063
MYH7B,ENSSSCG00000007288,ENSG00000078814
MYH8,ENSSSCG00000018005,ENSG00000133020
MYH9,ENSSSCG00000000145,ENSG00000100345
MYL1,ENSSSCG00000016157,ENSG00000168530
MYL10,ENSSSCG00000007680,ENSG00000106436
MYL11,ENSSSCG00000007799,ENSG00000180209
MYL2,ENSSSCG00000039710,ENSG00000111245
MYL3,ENSSSCG00000011325,ENSG00000160808
MYL4,ENSSSCG00000017307,ENSG00000198336
MYL5,ENSSSCG00000027502,ENSG00000215375
MYL6,ENSSSCG00000039506,ENSG00000092841
MYL9,ENSSSCG00000036402,ENSG00000101335
MYLIP,ENSSSCG00000001063,ENSG00000007944
MYLK,ENSSSCG00000011867,ENSG00000065534
MYLK2,ENSSSCG00000007231,ENSG00000101306
MYLK3,ENSSSCG00000036874,ENSG00000140795
MYMK,ENSSSCG00000022891,ENSG00000187616
MYNN,ENSSSCG00000026829,ENSG00000085274
MYO10,ENSSSCG00000016794,ENSG00000145555
MYO15B,ENSSSCG00000036248,ENSG00000266714
MYO16,ENSSSCG00000009543,ENSG00000041515
MYO18A,ENSSSCG00000017783,ENSG00000196535
MYO18B,ENSSSCG00000009957,ENSG00000133454
MYO1A,ENSSSCG00000000413,ENSG00000166866
MYO1B,ENSSSCG00000016061,ENSG00000128641
MYO1C,ENSSSCG00000021821,ENSG00000197879
MYO1D,ENSSSCG00000017728,ENSG00000176658
MYO1E,ENSSSCG00000004587,ENSG00000157483
MYO1F,ENSSSCG00000013604,ENSG00000142347
MYO1G,ENSSSCG00000016742,ENSG00000136286
MYO1H,ENSSSCG00000009935,ENSG00000174527
MYO3B,ENSSSCG00000032177,ENSG00000071909
MYO5A,ENSSSCG00000004620,ENSG00000197535
MYO5B,ENSSSCG00000004511,ENSG00000167306
MYO5C,ENSSSCG00000004621,ENSG00000128833
MYO6,ENSSSCG00000004478,ENSG00000196586
MYO7A,ENSSSCG00000014876,ENSG00000137474
MYO7B,ENSSSCG00000015864,ENSG00000169994
MYO9A,ENSSSCG00000004979,ENSG00000066933
MYO9B,ENSSSCG00000013876,ENSG00000099331
MYOC,ENSSSCG00000035066,ENSG00000034971
MYOCD,ENSSSCG00000031988,ENSG00000141052
MYOD1,ENSSSCG00000013375,ENSG00000129152
MYOF,ENSSSCG00000010476,ENSG00000138119
MYOG,ENSSSCG00000034654,ENSG00000122180
MYOM1,ENSSSCG00000003693,ENSG00000101605
MYOM2,ENSSSCG00000015747,ENSG00000036448
MYOM3,ENSSSCG00000036534,ENSG00000142661
MYORG,ENSSSCG00000033196,ENSG00000164976
MYOT,ENSSSCG00000014324,ENSG00000120729
MYOZ1,ENSSSCG00000010304,ENSG00000177791
MYOZ3,ENSSSCG00000035729,ENSG00000164591
MYPN,ENSSSCG00000029311,ENSG00000138347
MYPOP,ENSSSCG00000038739,ENSG00000176182
MYRFL,ENSSSCG00000023936,ENSG00000166268
MYRIP,ENSSSCG00000011269,ENSG00000170011
MYSM1,ENSSSCG00000003830,ENSG00000162601
MYT1,ENSSSCG00000039212,ENSG00000196132
MYT1L,ENSSSCG00000029334,ENSG00000186487
MYZAP,ENSSSCG00000004598,ENSG00000263155
MZB1,ENSSSCG00000029239,ENSG00000170476
MZF1,ENSSSCG00000031562,ENSG00000099326
MZT1,ENSSSCG00000040073,ENSG00000204899
N4BP1,ENSSSCG00000002841,ENSG00000102921
N4BP2,ENSSSCG00000008792,ENSG00000078177
N4BP2L1,ENSSSCG00000040566,ENSG00000139597
N4BP3,ENSSSCG00000014034,ENSG00000145911
NAA10,ENSSSCG00000012791,ENSG00000102030
NAA11,ENSSSCG00000009258,ENSG00000156269
NAA15,ENSSSCG00000009061,ENSG00000164134
NAA20,ENSSSCG00000028132,ENSG00000173418
NAA25,ENSSSCG00000009887,ENSG00000111300
NAA30,ENSSSCG00000031332,ENSG00000139977
NAA35,ENSSSCG00000010956,ENSG00000135040
NAA38,ENSSSCG00000017971,ENSG00000183011
NAA40,ENSSSCG00000022687,ENSG00000110583
NAA50,ENSSSCG00000011917,ENSG00000121579
NAA60,ENSSSCG00000021065,ENSG00000122390
NAA80,ENSSSCG00000011404,ENSG00000243477
NAAA,ENSSSCG00000008973,ENSG00000138744
NAALAD2,ENSSSCG00000014933,ENSG00000077616
NAALADL1,ENSSSCG00000013010,ENSG00000168060
NAALADL2,ENSSSCG00000023871,ENSG00000177694
NAB1,ENSSSCG00000029547,ENSG00000138386
NAB2,ENSSSCG00000000411,ENSG00000166886
NABP1,ENSSSCG00000016062,ENSG00000173559
NABP2,ENSSSCG00000000384,ENSG00000139579
NACA,ENSSSCG00000020830,ENSG00000196531
NACAD,ENSSSCG00000016733,ENSG00000136274
NACC1,ENSSSCG00000013751,ENSG00000160877
NACC2,ENSSSCG00000040967,ENSG00000148411
NADK,ENSSSCG00000038967,ENSG00000008130
NADK2,ENSSSCG00000016836,ENSG00000152620
NADSYN1,ENSSSCG00000012859,ENSG00000172890
NAE1,ENSSSCG00000035639,ENSG00000159593
NAF1,ENSSSCG00000008887,ENSG00000145414
NAGA,ENSSSCG00000000050,ENSG00000198951
NAGK,ENSSSCG00000008316,ENSG00000124357
NAGLU,ENSSSCG00000046466,ENSG00000108784
NAGPA,ENSSSCG00000007925,ENSG00000103174
NAGS,ENSSSCG00000024179,ENSG00000161653
NAIF1,ENSSSCG00000005630,ENSG00000171169
NALCN,ENSSSCG00000038949,ENSG00000102452
NALF1,ENSSSCG00000040130,ENSG00000204442
NALF2,ENSSSCG00000012386,ENSG00000130054
NAMPT,ENSSSCG00000015435,ENSG00000105835
NANOG,ENSSSCG00000040403,ENSG00000111704
NANOS1,ENSSSCG00000040025,ENSG00000188613
NANOS2,ENSSSCG00000003096,ENSG00000188425
NANOS3,ENSSSCG00000013759,ENSG00000187556
NANS,ENSSSCG00000005373,ENSG00000095380
NAP1L1,ENSSSCG00000000522,ENSG00000187109
NAP1L2,ENSSSCG00000012415,ENSG00000186462
NAP1L3,ENSSSCG00000012504,ENSG00000186310
NAP1L4,ENSSSCG00000012856,ENSG00000205531
NAP1L5,ENSSSCG00000009209,ENSG00000177432
NAPA,ENSSSCG00000003120,ENSG00000105402
NAPB,ENSSSCG00000031219,ENSG00000125814
NAPEPLD,ENSSSCG00000022903,ENSG00000161048
NAPG,ENSSSCG00000038533,ENSG00000134265
NAPSA,ENSSSCG00000003212,ENSG00000131400
NARF,ENSSSCG00000017126,ENSG00000141562
NARS1,ENSSSCG00000004542,ENSG00000134440
NARS2,ENSSSCG00000014893,ENSG00000137513
NASP,ENSSSCG00000029573,ENSG00000132780
NAT10,ENSSSCG00000013304,ENSG00000135372
NAT8,ENSSSCG00000021579,ENSG00000144035
NAT8L,ENSSSCG00000033541,ENSG00000185818
NAT9,ENSSSCG00000017231,ENSG00000109065
NAV1,ENSSSCG00000010915,ENSG00000134369
NAV2,ENSSSCG00000013351,ENSG00000166833
NAV3,ENSSSCG00000029249,ENSG00000067798
NAXD,ENSSSCG00000029502,ENSG00000213995
NAXE,ENSSSCG00000006480,ENSG00000163382
NBAS,ENSSSCG00000008621,ENSG00000151779
NBEA,ENSSSCG00000034348,ENSG00000172915
NBEAL1,ENSSSCG00000016118,ENSG00000144426
NBEAL2,ENSSSCG00000011330,ENSG00000160796
NBL1,ENSSSCG00000024669,ENSG00000158747
NBN,ENSSSCG00000006127,ENSG00000104320
NBR1,ENSSSCG00000030211,ENSG00000188554
NCALD,ENSSSCG00000006059,ENSG00000104490
NCAM1,ENSSSCG00000015045,ENSG00000149294
NCAM2,ENSSSCG00000012020,ENSG00000154654
NCAN,ENSSSCG00000032131,ENSG00000130287
NCAPD2,ENSSSCG00000000693,ENSG00000010292
NCAPD3,ENSSSCG00000022192,ENSG00000151503
NCAPG,ENSSSCG00000008747,ENSG00000109805
NCAPG2,ENSSSCG00000028169,ENSG00000146918
NCAPH,ENSSSCG00000008125,ENSG00000121152
NCAPH2,ENSSSCG00000000965,ENSG00000025770
NCBP1,ENSSSCG00000005366,ENSG00000136937
NCBP2,ENSSSCG00000027323,ENSG00000114503
NCBP2L,ENSSSCG00000012562,ENSG00000170935
NCBP3,ENSSSCG00000017870,ENSG00000074356
NCCRP1,ENSSSCG00000026407,ENSG00000188505
NCDN,ENSSSCG00000031786,ENSG00000020129
NCEH1,ENSSSCG00000011755,ENSG00000144959
NCF1,ENSSSCG00000007722,ENSG00000158517
NCF2,ENSSSCG00000015559,ENSG00000116701
NCF4,ENSSSCG00000000137,ENSG00000100365
NCK1,ENSSSCG00000025701,ENSG00000158092
NCK2,ENSSSCG00000008144,ENSG00000071051
NCKAP1,ENSSSCG00000016019,ENSG00000061676
NCKAP1L,ENSSSCG00000000295,ENSG00000123338
NCKAP5,ENSSSCG00000023479,ENSG00000176771
NCKAP5L,ENSSSCG00000000209,ENSG00000167566
NCKIPSD,ENSSSCG00000011364,ENSG00000213672
NCL,ENSSSCG00000016275,ENSG00000115053
NCLN,ENSSSCG00000013475,ENSG00000125912
NCOA1,ENSSSCG00000008581,ENSG00000084676
NCOA2,ENSSSCG00000006194,ENSG00000140396
NCOA3,ENSSSCG00000007458,ENSG00000124151
NCOA4,ENSSSCG00000010399,ENSG00000266412
NCOA5,ENSSSCG00000007438,ENSG00000124160
NCOA6,ENSSSCG00000007284,ENSG00000198646
NCOA7,ENSSSCG00000004222,ENSG00000111912
NCOR1,ENSSSCG00000018039,ENSG00000141027
NCOR2,ENSSSCG00000009761,ENSG00000196498
NCR1,ENSSSCG00000022675,ENSG00000189430
NCR2,ENSSSCG00000001618,ENSG00000096264
NCS1,ENSSSCG00000039311,ENSG00000107130
NCSTN,ENSSSCG00000006385,ENSG00000162736
NDC1,ENSSSCG00000028748,ENSG00000058804
NDC80,ENSSSCG00000003697,ENSG00000080986
NDE1,ENSSSCG00000040479,ENSG00000072864
NDEL1,ENSSSCG00000017986,ENSG00000166579
NDFIP1,ENSSSCG00000025295,ENSG00000131507
NDFIP2,ENSSSCG00000009480,ENSG00000102471
NDN,ENSSSCG00000004834,ENSG00000182636
NDNF,ENSSSCG00000029260,ENSG00000173376
NDOR1,ENSSSCG00000005859,ENSG00000188566
NDP,ENSSSCG00000029656,ENSG00000124479
NDRG1,ENSSSCG00000005944,ENSG00000104419
NDRG2,ENSSSCG00000030309,ENSG00000165795
NDRG3,ENSSSCG00000007322,ENSG00000101079
NDRG4,ENSSSCG00000021911,ENSG00000103034
NDST1,ENSSSCG00000032731,ENSG00000070614
NDST2,ENSSSCG00000010310,ENSG00000166507
NDST3,ENSSSCG00000009115,ENSG00000164100
NDST4,ENSSSCG00000033834,ENSG00000138653
NDUFA10,ENSSSCG00000016349,ENSG00000130414
NDUFA11,ENSSSCG00000027307,ENSG00000174886
NDUFA12,ENSSSCG00000000905,ENSG00000184752
NDUFA2,ENSSSCG00000014371,ENSG00000131495
NDUFA3,ENSSSCG00000003261,ENSG00000170906
NDUFA5,ENSSSCG00000037869,ENSG00000128609
NDUFA7,ENSSSCG00000041220,ENSG00000267855
NDUFA8,ENSSSCG00000005528,ENSG00000119421
NDUFA9,ENSSSCG00000000719,ENSG00000139180
NDUFAB1,ENSSSCG00000010795,ENSG00000004779
NDUFAF1,ENSSSCG00000004748,ENSG00000137806
NDUFAF3,ENSSSCG00000011371,ENSG00000178057
NDUFAF4,ENSSSCG00000004342,ENSG00000123545
NDUFAF5,ENSSSCG00000007076,ENSG00000101247
NDUFAF6,ENSSSCG00000006093,ENSG00000156170
NDUFAF7,ENSSSCG00000008494,ENSG00000003509
NDUFAF8,ENSSSCG00000039183,ENSG00000224877
NDUFB1,ENSSSCG00000002449,ENSG00000183648
NDUFB10,ENSSSCG00000030328,ENSG00000140990
NDUFB11,ENSSSCG00000034487,ENSG00000147123
NDUFB2,ENSSSCG00000032390,ENSG00000090266
NDUFB3,ENSSSCG00000016100,ENSG00000119013
NDUFB4,ENSSSCG00000031913,ENSG00000065518
NDUFB5,ENSSSCG00000011764,ENSG00000136521
NDUFB6,ENSSSCG00000011003,ENSG00000165264
NDUFB7,ENSSSCG00000013778,ENSG00000099795
NDUFB8,ENSSSCG00000006166,ENSG00000166136
NDUFB9,ENSSSCG00000005976,ENSG00000147684
NDUFC2,ENSSSCG00000039494,ENSG00000151366
NDUFS1,ENSSSCG00000016127,ENSG00000023228
NDUFS2,ENSSSCG00000006358,ENSG00000158864
NDUFS3,ENSSSCG00000032081,ENSG00000213619
NDUFS4,ENSSSCG00000016893,ENSG00000164258
NDUFS5,ENSSSCG00000003653,ENSG00000168653
NDUFS6,ENSSSCG00000017114,ENSG00000145494
NDUFS7,ENSSSCG00000024144,ENSG00000115286
NDUFS8,ENSSSCG00000037455,ENSG00000110717
NDUFV1,ENSSSCG00000012896,ENSG00000167792
NDUFV2,ENSSSCG00000038826,ENSG00000178127
NDUFV3,ENSSSCG00000021991,ENSG00000160194
NEB,ENSSSCG00000016397,ENSG00000183091
NEBL,ENSSSCG00000011090,ENSG00000078114
NECAB1,ENSSSCG00000031424,ENSG00000123119
NECAB2,ENSSSCG00000038048,ENSG00000103154
NECAB3,ENSSSCG00000029626,ENSG00000125967
NECAP1,ENSSSCG00000025179,ENSG00000089818
NECAP2,ENSSSCG00000003477,ENSG00000157191
NECTIN1,ENSSSCG00000015125,ENSG00000110400
NECTIN2,ENSSSCG00000003090,ENSG00000130202
NECTIN3,ENSSSCG00000011933,ENSG00000177707
NECTIN4,ENSSSCG00000026861,ENSG00000143217
NEDD1,ENSSSCG00000000890,ENSG00000139350
NEDD4,ENSSSCG00000037499,ENSG00000069869
NEDD4L,ENSSSCG00000004919,ENSG00000049759
NEDD8,ENSSSCG00000031938,ENSG00000129559
NEDD9,ENSSSCG00000023956,ENSG00000111859
NEFH,ENSSSCG00000009979,ENSG00000100285
NEFM,ENSSSCG00000009648,ENSG00000104722
NEGR1,ENSSSCG00000025085,ENSG00000172260
NEIL1,ENSSSCG00000001882,ENSG00000140398
NEIL2,ENSSSCG00000028699,ENSG00000154328
NEIL3,ENSSSCG00000015771,ENSG00000109674
NEK1,ENSSSCG00000009714,ENSG00000137601
NEK10,ENSSSCG00000011217,ENSG00000163491
NEK11,ENSSSCG00000011181,ENSG00000114670
NEK2,ENSSSCG00000015604,ENSG00000117650
NEK3,ENSSSCG00000009379,ENSG00000136098
NEK4,ENSSSCG00000011446,ENSG00000114904
NEK5,ENSSSCG00000009380,ENSG00000197168
NEK6,ENSSSCG00000005587,ENSG00000119408
NEK7,ENSSSCG00000010904,ENSG00000151414
NEK8,ENSSSCG00000017766,ENSG00000160602
NEK9,ENSSSCG00000002381,ENSG00000119638
NELFA,ENSSSCG00000008681,ENSG00000185049
NELFB,ENSSSCG00000005846,ENSG00000188986
NELFCD,ENSSSCG00000007521,ENSG00000101158
NELL1,ENSSSCG00000039940,ENSG00000165973
NELL2,ENSSSCG00000000802,ENSG00000184613
NEMF,ENSSSCG00000005011,ENSG00000165525
NEMP1,ENSSSCG00000025542,ENSG00000166881
NEMP2,ENSSSCG00000016053,ENSG00000189362
NENF,ENSSSCG00000038614,ENSG00000117691
NEO1,ENSSSCG00000001921,ENSG00000067141
NES,ENSSSCG00000006474,ENSG00000132688
NET1,ENSSSCG00000023105,ENSG00000173848
NETO1,ENSSSCG00000027654,ENSG00000166342
NETO2,ENSSSCG00000026318,ENSG00000171208
NEU2,ENSSSCG00000016297,ENSG00000115488
NEU3,ENSSSCG00000021638,ENSG00000162139
NEU4,ENSSSCG00000037090,ENSG00000204099
NEURL1,ENSSSCG00000010603,ENSG00000107954
NEURL1B,ENSSSCG00000016992,ENSG00000214357
NEURL2,ENSSSCG00000007430,ENSG00000124257
NEURL4,ENSSSCG00000017941,ENSG00000215041
NEUROD1,ENSSSCG00000016011,ENSG00000162992
NEUROD2,ENSSSCG00000033583,ENSG00000171532
NEUROD4,ENSSSCG00000035778,ENSG00000123307
NEUROD6,ENSSSCG00000039501,ENSG00000164600
NEUROG1,ENSSSCG00000014309,ENSG00000181965
NEUROG2,ENSSSCG00000033479,ENSG00000178403
NEUROG3,ENSSSCG00000034488,ENSG00000122859
NEXMIF,ENSSSCG00000035689,ENSG00000050030
NEXN,ENSSSCG00000003768,ENSG00000162614
NF1,ENSSSCG00000017748,ENSG00000196712
NF2,ENSSSCG00000028707,ENSG00000186575
NFAM1,ENSSSCG00000037425,ENSG00000235568
NFASC,ENSSSCG00000022951,ENSG00000163531
NFAT5,ENSSSCG00000002755,ENSG00000102908
NFATC1,ENSSSCG00000004856,ENSG00000131196
NFATC2,ENSSSCG00000007477,ENSG00000101096
NFATC2IP,ENSSSCG00000007808,ENSG00000176953
NFATC3,ENSSSCG00000029578,ENSG00000072736
NFATC4,ENSSSCG00000001986,ENSG00000100968
NFE2,ENSSSCG00000000289,ENSG00000123405
NFE2L1,ENSSSCG00000017525,ENSG00000082641
NFE2L2,ENSSSCG00000015987,ENSG00000116044
NFE2L3,ENSSSCG00000026894,ENSG00000050344
NFIA,ENSSSCG00000023243,ENSG00000162599
NFIB,ENSSSCG00000005190,ENSG00000147862
NFIC,ENSSSCG00000036537,ENSG00000141905
NFIL3,ENSSSCG00000009592,ENSG00000165030
NFIX,ENSSSCG00000013742,ENSG00000008441
NFKB1,ENSSSCG00000030957,ENSG00000109320
NFKB2,ENSSSCG00000010580,ENSG00000077150
NFKBIA,ENSSSCG00000001952,ENSG00000100906
NFKBIB,ENSSSCG00000026904,ENSG00000104825
NFKBID,ENSSSCG00000002917,ENSG00000167604
NFKBIE,ENSSSCG00000001703,ENSG00000146232
NFKBIZ,ENSSSCG00000011951,ENSG00000144802
NFRKB,ENSSSCG00000015242,ENSG00000170322
NFS1,ENSSSCG00000007307,ENSG00000244005
NFU1,ENSSSCG00000025007,ENSG00000169599
NFX1,ENSSSCG00000010994,ENSG00000086102
NFXL1,ENSSSCG00000008816,ENSG00000170448
NFYA,ENSSSCG00000001611,ENSG00000001167
NFYB,ENSSSCG00000000844,ENSG00000120837
NFYC,ENSSSCG00000003976,ENSG00000066136
NGB,ENSSSCG00000002399,ENSG00000165553
NGDN,ENSSSCG00000002020,ENSG00000129460
NGEF,ENSSSCG00000016295,ENSG00000066248
NGF,ENSSSCG00000032417,ENSG00000134259
NGFR,ENSSSCG00000017548,ENSG00000064300
NGLY1,ENSSSCG00000011214,ENSG00000151092
NHEJ1,ENSSSCG00000016205,ENSG00000187736
NHERF1,ENSSSCG00000017232,ENSG00000109062
NHERF2,ENSSSCG00000008038,ENSG00000065054
NHERF4,ENSSSCG00000027710,ENSG00000172367
NHLH1,ENSSSCG00000006384,ENSG00000171786
NHLH2,ENSSSCG00000006744,ENSG00000177551
NHLRC1,ENSSSCG00000001072,ENSG00000187566
NHLRC2,ENSSSCG00000010645,ENSG00000196865
NHLRC3,ENSSSCG00000037746,ENSG00000188811
NHP2,ENSSSCG00000039635,ENSG00000145912
NHS,ENSSSCG00000012151,ENSG00000188158
NHSL1,ENSSSCG00000004149,ENSG00000135540
NHSL2,ENSSSCG00000012408,ENSG00000204131
NHSL3,ENSSSCG00000037621,ENSG00000162522
NIBAN1,ENSSSCG00000015567,ENSG00000135842
NIBAN2,ENSSSCG00000005614,ENSG00000136830
NIBAN3,ENSSSCG00000013883,ENSG00000167483
NICN1,ENSSSCG00000031594,ENSG00000145029
NID1,ENSSSCG00000026819,ENSG00000116962
NID2,ENSSSCG00000005030,ENSG00000087303
NIF3L1,ENSSSCG00000039654,ENSG00000196290
NIFK,ENSSSCG00000015730,ENSG00000155438
NIM1K,ENSSSCG00000016873,ENSG00000177453
NIN,ENSSSCG00000005022,ENSG00000100503
NINL,ENSSSCG00000007135,ENSG00000101004
NIP7,ENSSSCG00000033741,ENSG00000132603
NIPA1,ENSSSCG00000040778,ENSG00000170113
NIPA2,ENSSSCG00000036898,ENSG00000140157
NIPAL1,ENSSSCG00000037950,ENSG00000163293
NIPAL2,ENSSSCG00000031267,ENSG00000104361
NIPAL3,ENSSSCG00000003543,ENSG00000001461
NIPAL4,ENSSSCG00000017053,ENSG00000172548
NIPBL,ENSSSCG00000016842,ENSG00000164190
NIPSNAP1,ENSSSCG00000051359,ENSG00000184117
NIPSNAP2,ENSSSCG00000036659,ENSG00000146729
NISCH,ENSSSCG00000011442,ENSG00000010322
NIT1,ENSSSCG00000037793,ENSG00000158793
NIT2,ENSSSCG00000011968,ENSG00000114021
NKAIN1,ENSSSCG00000032193,ENSG00000084628
NKAIN2,ENSSSCG00000036607,ENSG00000188580
NKAIN4,ENSSSCG00000036544,ENSG00000101198
NKAP,ENSSSCG00000012613,ENSG00000101882
NKAPD1,ENSSSCG00000015044,ENSG00000150776
NKAPL,ENSSSCG00000001205,ENSG00000189134
NKD1,ENSSSCG00000039875,ENSG00000140807
NKG7,ENSSSCG00000003231,ENSG00000105374
NKIRAS1,ENSSSCG00000024296,ENSG00000197885
NKIRAS2,ENSSSCG00000017418,ENSG00000168256
NKPD1,ENSSSCG00000035833,ENSG00000179846
NKRF,ENSSSCG00000012620,ENSG00000186416
NKTR,ENSSSCG00000011284,ENSG00000114857
NKX1-1,ENSSSCG00000038573,ENSG00000235608
NKX1-2,ENSSSCG00000010733,ENSG00000229544
NKX2-1,ENSSSCG00000001945,ENSG00000136352
NKX2-2,ENSSSCG00000040017,ENSG00000125820
NKX2-3,ENSSSCG00000010538,ENSG00000119919
NKX2-4,ENSSSCG00000007110,ENSG00000125816
NKX2-5,ENSSSCG00000036285,ENSG00000183072
NKX2-6,ENSSSCG00000028064,ENSG00000180053
NKX2-8,ENSSSCG00000001944,ENSG00000136327
NKX3-1,ENSSSCG00000031924,ENSG00000167034
NKX3-2,ENSSSCG00000034181,ENSG00000109705
NKX6-1,ENSSSCG00000009232,ENSG00000163623
NKX6-2,ENSSSCG00000036098,ENSG00000148826
NKX6-3,ENSSSCG00000033505,ENSG00000165066
NLE1,ENSSSCG00000025796,ENSG00000073536
NLGN1,ENSSSCG00000011756,ENSG00000169760
NLGN3,ENSSSCG00000027465,ENSG00000196338
NLK,ENSSSCG00000017756,ENSG00000087095
NLN,ENSSSCG00000016778,ENSG00000123213
NLRC5,ENSSSCG00000039751,ENSG00000140853
NLRP11,ENSSSCG00000003314,ENSG00000179873
NLRP12,ENSSSCG00000003251,ENSG00000142405
NLRP13,ENSSSCG00000024227,ENSG00000173572
NLRP3,ENSSSCG00000013940,ENSG00000162711
NLRP4,ENSSSCG00000045118,ENSG00000160505
NLRP5,ENSSSCG00000044019,ENSG00000171487
NLRP6,ENSSSCG00000014561,ENSG00000174885
NLRP7,ENSSSCG00000003286,ENSG00000167634
NLRP8,ENSSSCG00000003315,ENSG00000179709
NLRP9,ENSSSCG00000003307,ENSG00000185792
NLRX1,ENSSSCG00000044952,ENSG00000160703
NMB,ENSSSCG00000036907,ENSG00000197696
NMBR,ENSSSCG00000036250,ENSG00000135577
NMD3,ENSSSCG00000022952,ENSG00000169251
NME1,ENSSSCG00000038348,ENSG00000239672
NME2,ENSSSCG00000017591,ENSG00000243678
NME3,ENSSSCG00000008017,ENSG00000103024
NME4,ENSSSCG00000007986,ENSG00000103202
NME6,ENSSSCG00000011347,ENSG00000172113
NME7,ENSSSCG00000006294,ENSG00000143156
NME8,ENSSSCG00000015448,ENSG00000086288
NME9,ENSSSCG00000037044,ENSG00000181322
NMI,ENSSSCG00000022011,ENSG00000123609
NMNAT1,ENSSSCG00000003400,ENSG00000173614
NMNAT2,ENSSSCG00000015557,ENSG00000157064
NMNAT3,ENSSSCG00000031142,ENSG00000163864
NMRAL1,ENSSSCG00000007943,ENSG00000153406
NMRK1,ENSSSCG00000005272,ENSG00000106733
NMRK2,ENSSSCG00000040860,ENSG00000077009
NMT1,ENSSSCG00000017339,ENSG00000136448
NMT2,ENSSSCG00000026499,ENSG00000152465
NMU,ENSSSCG00000027954,ENSG00000109255
NMUR1,ENSSSCG00000016277,ENSG00000171596
NMUR2,ENSSSCG00000017076,ENSG00000132911
NNAT,ENSSSCG00000007336,ENSG00000053438
NNMT,ENSSSCG00000015054,ENSG00000166741
NNT,ENSSSCG00000016877,ENSG00000112992
NOA1,ENSSSCG00000025792,ENSG00000084092
NOB1,ENSSSCG00000002753,ENSG00000141101
NOBOX,ENSSSCG00000024977,ENSG00000106410
NOC2L,ENSSSCG00000023973,ENSG00000188976
NOC3L,ENSSSCG00000010484,ENSG00000173145
NOC4L,ENSSSCG00000009739,ENSG00000184967
NOCT,ENSSSCG00000024596,ENSG00000151014
NOD1,ENSSSCG00000016678,ENSG00000106100
NOD2,ENSSSCG00000038073,ENSG00000167207
NODAL,ENSSSCG00000039399,ENSG00000156574
NOG,ENSSSCG00000036437,ENSG00000183691
NOL10,ENSSSCG00000008635,ENSG00000115761
NOL4,ENSSSCG00000003737,ENSG00000101746
NOL4L,ENSSSCG00000007249,ENSG00000197183
NOL6,ENSSSCG00000010990,ENSG00000165271
NOL7,ENSSSCG00000040816,ENSG00000225921
NOL8,ENSSSCG00000008069,ENSG00000198000
NOL9,ENSSSCG00000030253,ENSG00000162408
NOLC1,ENSSSCG00000010576,ENSG00000166197
NOM1,ENSSSCG00000016411,ENSG00000146909
NONO,ENSSSCG00000023245,ENSG00000147140
NOP10,ENSSSCG00000036960,ENSG00000182117
NOP14,ENSSSCG00000008693,ENSG00000087269
NOP16,ENSSSCG00000014058,ENSG00000048162
NOP2,ENSSSCG00000000696,ENSG00000111641
NOP53,ENSSSCG00000022774,ENSG00000105373
NOP56,ENSSSCG00000027676,ENSG00000101361
NOP58,ENSSSCG00000022225,ENSG00000055044
NOP9,ENSSSCG00000001990,ENSG00000196943
NOPCHAP1,ENSSSCG00000027792,ENSG00000151131
NOS1,ENSSSCG00000009856,ENSG00000089250
NOS2,ENSSSCG00000017755,ENSG00000007171
NOS3,ENSSSCG00000016450,ENSG00000164867
NOSIP,ENSSSCG00000029154,ENSG00000142546
NOSTRIN,ENSSSCG00000015923,ENSG00000163072
NOTCH1,ENSSSCG00000038509,ENSG00000148400
NOTCH2,ENSSSCG00000006709,ENSG00000134250
NOTCH3,ENSSSCG00000025176,ENSG00000074181
NOTUM,ENSSSCG00000039013,ENSG00000185269
NOVA1,ENSSSCG00000024396,ENSG00000139910
NOVA2,ENSSSCG00000035029,ENSG00000104967
NOX1,ENSSSCG00000012485,ENSG00000007952
NOX3,ENSSSCG00000004068,ENSG00000074771
NOX4,ENSSSCG00000014927,ENSG00000086991
NOX5,ENSSSCG00000004966,ENSG00000255346
NOXA1,ENSSSCG00000033685,ENSG00000188747
NOXO1,ENSSSCG00000008034,ENSG00000196408
NOXRED1,ENSSSCG00000030069,ENSG00000165555
NPAP1,ENSSSCG00000043640,ENSG00000185823
NPAS1,ENSSSCG00000003108,ENSG00000130751
NPAS2,ENSSSCG00000008171,ENSG00000170485
NPAS3,ENSSSCG00000001964,ENSG00000151322
NPAS4,ENSSSCG00000012942,ENSG00000174576
NPAT,ENSSSCG00000026959,ENSG00000149308
NPB,ENSSSCG00000035837,ENSG00000183979
NPBWR2,ENSSSCG00000037868,ENSG00000125522
NPC1,ENSSSCG00000003707,ENSG00000141458
NPC1L1,ENSSSCG00000016746,ENSG00000015520
NPC2,ENSSSCG00000002366,ENSG00000119655
NPDC1,ENSSSCG00000034566,ENSG00000107281
NPEPL1,ENSSSCG00000007517,ENSG00000215440
NPEPPS,ENSSSCG00000017513,ENSG00000141279
NPFF,ENSSSCG00000000277,ENSG00000139574
NPFFR1,ENSSSCG00000010266,ENSG00000148734
NPFFR2,ENSSSCG00000008944,ENSG00000056291
NPHP1,ENSSSCG00000008111,ENSG00000144061
NPHP3,ENSSSCG00000011632,ENSG00000113971
NPHP4,ENSSSCG00000029843,ENSG00000131697
NPHS1,ENSSSCG00000029284,ENSG00000161270
NPHS2,ENSSSCG00000015526,ENSG00000116218
NPL,ENSSSCG00000022292,ENSG00000135838
NPLOC4,ENSSSCG00000024235,ENSG00000182446
NPM1,ENSSSCG00000016998,ENSG00000181163
NPM2,ENSSSCG00000009610,ENSG00000158806
NPM3,ENSSSCG00000010568,ENSG00000107833
NPNT,ENSSSCG00000038801,ENSG00000168743
NPPB,ENSSSCG00000003431,ENSG00000120937
NPPC,ENSSSCG00000026852,ENSG00000163273
NPR1,ENSSSCG00000006572,ENSG00000169418
NPR2,ENSSSCG00000005322,ENSG00000159899
NPR3,ENSSSCG00000036201,ENSG00000113389
NPRL3,ENSSSCG00000007981,ENSG00000103148
NPSR1,ENSSSCG00000016664,ENSG00000187258
NPTN,ENSSSCG00000001918,ENSG00000156642
NPTX1,ENSSSCG00000017144,ENSG00000171246
NPTX2,ENSSSCG00000007603,ENSG00000106236
NPTXR,ENSSSCG00000000092,ENSG00000221890
NPVF,ENSSSCG00000036611,ENSG00000105954
NPW,ENSSSCG00000048627,ENSG00000183971
NPY,ENSSSCG00000016718,ENSG00000122585
NPY1R,ENSSSCG00000008888,ENSG00000164128
NPY2R,ENSSSCG00000008993,ENSG00000185149
NPY4R,ENSSSCG00000010369,ENSG00000204174
NPY5R,ENSSSCG00000008889,ENSG00000164129
NQO1,ENSSSCG00000002754,ENSG00000181019
NQO2,ENSSSCG00000020758,ENSG00000124588
NR0B1,ENSSSCG00000012199,ENSG00000169297
NR0B2,ENSSSCG00000003565,ENSG00000131910
NR1D1,ENSSSCG00000036933,ENSG00000126368
NR1D2,ENSSSCG00000027017,ENSG00000174738
NR1H2,ENSSSCG00000003211,ENSG00000131408
NR1H3,ENSSSCG00000013241,ENSG00000025434
NR1H4,ENSSSCG00000000875,ENSG00000012504
NR1I2,ENSSSCG00000011890,ENSG00000144852
NR1I3,ENSSSCG00000006353,ENSG00000143257
NR2C1,ENSSSCG00000000902,ENSG00000120798
NR2C2,ENSSSCG00000011594,ENSG00000177463
NR2C2AP,ENSSSCG00000023658,ENSG00000184162
NR2E1,ENSSSCG00000004384,ENSG00000112333
NR2F1,ENSSSCG00000014157,ENSG00000175745
NR2F2,ENSSSCG00000002254,ENSG00000185551
NR2F6,ENSSSCG00000013873,ENSG00000160113
NR3C1,ENSSSCG00000014401,ENSG00000113580
NR3C2,ENSSSCG00000037766,ENSG00000151623
NR4A1,ENSSSCG00000031321,ENSG00000123358
NR4A2,ENSSSCG00000015871,ENSG00000153234
NR4A3,ENSSSCG00000005385,ENSG00000119508
NR5A1,ENSSSCG00000005588,ENSG00000136931
NR5A2,ENSSSCG00000024975,ENSG00000116833
NR6A1,ENSSSCG00000005589,ENSG00000148200
NRAP,ENSSSCG00000010640,ENSG00000197893
NRARP,ENSSSCG00000005844,ENSG00000198435
NRAS,ENSSSCG00000032477,ENSG00000213281
NRBF2,ENSSSCG00000024081,ENSG00000148572
NRBP1,ENSSSCG00000022454,ENSG00000115216
NRBP2,ENSSSCG00000038025,ENSG00000185189
NRCAM,ENSSSCG00000015445,ENSG00000091129
NRDC,ENSSSCG00000003870,ENSG00000078618
NRDE2,ENSSSCG00000002434,ENSG00000119720
NRF1,ENSSSCG00000016566,ENSG00000106459
NRG1,ENSSSCG00000015839,ENSG00000157168
NRG2,ENSSSCG00000021082,ENSG00000158458
NRG3,ENSSSCG00000010344,ENSG00000185737
NRGN,ENSSSCG00000039322,ENSG00000154146
NRIP1,ENSSSCG00000021038,ENSG00000180530
NRIP2,ENSSSCG00000000741,ENSG00000053702
NRIP3,ENSSSCG00000014570,ENSG00000175352
NRK,ENSSSCG00000012546,ENSG00000123572
NRL,ENSSSCG00000002010,ENSG00000129535
NRN1,ENSSSCG00000026211,ENSG00000124785
NRP1,ENSSSCG00000011102,ENSG00000099250
NRP2,ENSSSCG00000026383,ENSG00000118257
NRROS,ENSSSCG00000023527,ENSG00000174004
NRSN1,ENSSSCG00000021696,ENSG00000152954
NRSN2,ENSSSCG00000031519,ENSG00000125841
NRTN,ENSSSCG00000033413,ENSG00000171119
NRXN1,ENSSSCG00000026180,ENSG00000179915
NRXN3,ENSSSCG00000028942,ENSG00000021645
NSA2,ENSSSCG00000014075,ENSG00000164346
NSD1,ENSSSCG00000014044,ENSG00000165671
NSD2,ENSSSCG00000008682,ENSG00000109685
NSD3,ENSSSCG00000015820,ENSG00000147548
NSDHL,ENSSSCG00000012758,ENSG00000147383
NSF,ENSSSCG00000017316,ENSG00000073969
NSFL1C,ENSSSCG00000007187,ENSG00000088833
NSG1,ENSSSCG00000024892,ENSG00000168824
NSG2,ENSSSCG00000016979,ENSG00000170091
NSL1,ENSSSCG00000015593,ENSG00000117697
NSMAF,ENSSSCG00000006236,ENSG00000035681
NSMCE1,ENSSSCG00000036275,ENSG00000169189
NSMCE2,ENSSSCG00000037755,ENSG00000156831
NSMCE4A,ENSSSCG00000010700,ENSG00000107672
NSMF,ENSSSCG00000037880,ENSG00000165802
NSRP1,ENSSSCG00000017795,ENSG00000126653
NSUN2,ENSSSCG00000017104,ENSG00000037474
NSUN3,ENSSSCG00000027432,ENSG00000178694
NSUN4,ENSSSCG00000038280,ENSG00000117481
NSUN5,ENSSSCG00000007704,ENSG00000130305
NSUN7,ENSSSCG00000024496,ENSG00000179299
NT5C,ENSSSCG00000028210,ENSG00000125458
NT5C1A,ENSSSCG00000003662,ENSG00000116981
NT5C2,ENSSSCG00000010594,ENSG00000076685
NT5C3A,ENSSSCG00000022912,ENSG00000122643
NT5C3B,ENSSSCG00000034779,ENSG00000141698
NT5DC1,ENSSSCG00000004435,ENSG00000178425
NT5DC2,ENSSSCG00000011444,ENSG00000168268
NT5DC3,ENSSSCG00000000853,ENSG00000111696
NT5DC4,ENSSSCG00000008092,ENSG00000144130
NT5E,ENSSSCG00000004291,ENSG00000135318
NT5M,ENSSSCG00000018052,ENSG00000205309
NTAN1,ENSSSCG00000037398,ENSG00000157045
NTAQ1,ENSSSCG00000005982,ENSG00000156795
NTF3,ENSSSCG00000033544,ENSG00000185652
NTF4,ENSSSCG00000003160,ENSG00000225950
NTHL1,ENSSSCG00000008039,ENSG00000065057
NTM,ENSSSCG00000015253,ENSG00000182667
NTMT1,ENSSSCG00000005678,ENSG00000148335
NTMT2,ENSSSCG00000006281,ENSG00000203740
NTN1,ENSSSCG00000017993,ENSG00000065320
NTN3,ENSSSCG00000008054,ENSG00000162068
NTN4,ENSSSCG00000000896,ENSG00000074527
NTN5,ENSSSCG00000003146,ENSG00000142233
NTNG1,ENSSSCG00000006852,ENSG00000162631
NTNG2,ENSSSCG00000005723,ENSG00000196358
NTPCR,ENSSSCG00000010166,ENSG00000135778
NTRK1,ENSSSCG00000006464,ENSG00000198400
NTRK2,ENSSSCG00000010959,ENSG00000148053
NTRK3,ENSSSCG00000005106,ENSG00000140538
NTS,ENSSSCG00000000932,ENSG00000133636
NTSR1,ENSSSCG00000038278,ENSG00000101188
NTSR2,ENSSSCG00000008625,ENSG00000169006
NUAK1,ENSSSCG00000032861,ENSG00000074590
NUAK2,ENSSSCG00000038471,ENSG00000163545
NUB1,ENSSSCG00000016438,ENSG00000013374
NUBP1,ENSSSCG00000024488,ENSG00000103274
NUBP2,ENSSSCG00000008014,ENSG00000095906
NUBPL,ENSSSCG00000001968,ENSG00000151413
NUCB1,ENSSSCG00000003150,ENSG00000104805
NUCB2,ENSSSCG00000013380,ENSG00000070081
NUCKS1,ENSSSCG00000022398,ENSG00000069275
NUDC,ENSSSCG00000003566,ENSG00000090273
NUDCD1,ENSSSCG00000006029,ENSG00000120526
NUDCD2,ENSSSCG00000032806,ENSG00000170584
NUDCD3,ENSSSCG00000016747,ENSG00000015676
NUDT1,ENSSSCG00000033926,ENSG00000106268
NUDT12,ENSSSCG00000014187,ENSG00000112874
NUDT13,ENSSSCG00000025492,ENSG00000166321
NUDT14,ENSSSCG00000002557,ENSG00000183828
NUDT15,ENSSSCG00000027551,ENSG00000136159
NUDT16,ENSSSCG00000032424,ENSG00000198585
NUDT16L1,ENSSSCG00000035999,ENSG00000168101
NUDT17,ENSSSCG00000006690,ENSG00000186364
NUDT19,ENSSSCG00000036294,ENSG00000213965
NUDT2,ENSSSCG00000010981,ENSG00000164978
NUDT21,ENSSSCG00000034521,ENSG00000167005
NUDT22,ENSSSCG00000013039,ENSG00000149761
NUDT3,ENSSSCG00000031593,ENSG00000272325
NUDT4,ENSSSCG00000040056,ENSG00000173598
NUDT5,ENSSSCG00000011113,ENSG00000165609
NUDT6,ENSSSCG00000009085,ENSG00000170917
NUDT7,ENSSSCG00000002697,ENSG00000140876
NUF2,ENSSSCG00000006333,ENSG00000143228
NUFIP1,ENSSSCG00000009420,ENSG00000083635
NUFIP2,ENSSSCG00000017785,ENSG00000108256
NUGGC,ENSSSCG00000009673,ENSG00000189233
NUMA1,ENSSSCG00000014802,ENSG00000137497
NUMB,ENSSSCG00000022178,ENSG00000133961
NUMBL,ENSSSCG00000023228,ENSG00000105245
NUP107,ENSSSCG00000000486,ENSG00000111581
NUP133,ENSSSCG00000010189,ENSG00000069248
NUP153,ENSSSCG00000026034,ENSG00000124789
NUP155,ENSSSCG00000016845,ENSG00000113569
NUP160,ENSSSCG00000013223,ENSG00000030066
NUP188,ENSSSCG00000005667,ENSG00000095319
NUP205,ENSSSCG00000030386,ENSG00000155561
NUP210,ENSSSCG00000011610,ENSG00000132182
NUP210L,ENSSSCG00000038125,ENSG00000143552
NUP214,ENSSSCG00000005711,ENSG00000126883
NUP35,ENSSSCG00000028949,ENSG00000163002
NUP37,ENSSSCG00000000860,ENSG00000075188
NUP42,ENSSSCG00000023793,ENSG00000136243
NUP43,ENSSSCG00000004105,ENSG00000120253
NUP50,ENSSSCG00000000019,ENSG00000093000
NUP54,ENSSSCG00000008979,ENSG00000138750
NUP58,ENSSSCG00000035318,ENSG00000139496
NUP62,ENSSSCG00000040333,ENSG00000213024
NUP62CL,ENSSSCG00000012557,ENSG00000198088
NUP85,ENSSSCG00000017207,ENSG00000125450
NUP88,ENSSSCG00000033706,ENSG00000108559
NUP93,ENSSSCG00000025830,ENSG00000102900
NUP98,ENSSSCG00000014794,ENSG00000110713
NUPR1,ENSSSCG00000040162,ENSG00000176046
NUS1,ENSSSCG00000020885,ENSG00000153989
NUSAP1,ENSSSCG00000035544,ENSG00000137804
NUTF2,ENSSSCG00000030295,ENSG00000102898
NUTM1,ENSSSCG00000002241,ENSG00000184507
NVL,ENSSSCG00000026705,ENSG00000143748
NWD1,ENSSSCG00000013865,ENSG00000188039
NWD2,ENSSSCG00000008770,ENSG00000174145
NXF1,ENSSSCG00000022866,ENSG00000162231
NXN,ENSSSCG00000028720,ENSG00000167693
NXNL1,ENSSSCG00000040328,ENSG00000171773
NXNL2,ENSSSCG00000035269,ENSG00000130045
NXPE3,ENSSSCG00000011950,ENSG00000144815
NXPH1,ENSSSCG00000037207,ENSG00000122584
NXPH2,ENSSSCG00000040715,ENSG00000144227
NXPH3,ENSSSCG00000017552,ENSG00000182575
NXPH4,ENSSSCG00000039966,ENSG00000182379
NXT1,ENSSSCG00000007119,ENSG00000132661
NXT2,ENSSSCG00000012581,ENSG00000101888
NYAP1,ENSSSCG00000030337,ENSG00000166924
NYAP2,ENSSSCG00000016239,ENSG00000144460
NYNRIN,ENSSSCG00000032473,ENSG00000205978
NYX,ENSSSCG00000021460,ENSG00000188937
OAF,ENSSSCG00000036307,ENSG00000184232
OARD1,ENSSSCG00000023366,ENSG00000124596
OAS1,ENSSSCG00000046640,ENSG00000089127
OAS2,ENSSSCG00000009881,ENSG00000111335
OASL,ENSSSCG00000009921,ENSG00000135114
OAT,ENSSSCG00000010734,ENSG00000065154
OAZ1,ENSSSCG00000013460,ENSG00000104904
OAZ2,ENSSSCG00000004550,ENSG00000180304
OAZ3,ENSSSCG00000027091,ENSG00000143450
OBI1,ENSSSCG00000029113,ENSG00000152193
OBP2B,ENSSSCG00000035964,ENSG00000171102
OBSCN,ENSSSCG00000034569,ENSG00000154358
OBSL1,ENSSSCG00000028052,ENSG00000124006
OC90,ENSSSCG00000005954,ENSG00000253117
OCEL1,ENSSSCG00000013874,ENSG00000099330
OCIAD2,ENSSSCG00000008829,ENSG00000145247
OCLN,ENSSSCG00000021514,ENSG00000197822
OCM,ENSSSCG00000007596,ENSG00000122543
OCRL,ENSSSCG00000012650,ENSG00000122126
OCSTAMP,ENSSSCG00000007448,ENSG00000149635
ODAD1,ENSSSCG00000026689,ENSG00000105479
ODAD2,ENSSSCG00000011069,ENSG00000169126
ODAD3,ENSSSCG00000043957,ENSG00000198003
ODAM,ENSSSCG00000009266,ENSG00000109205
ODAPH,ENSSSCG00000034870,ENSG00000174792
ODC1,ENSSSCG00000027121,ENSG00000115758
ODF1,ENSSSCG00000006056,ENSG00000155087
ODF2,ENSSSCG00000005651,ENSG00000136811
ODF2L,ENSSSCG00000006936,ENSG00000122417
ODF4,ENSSSCG00000028166,ENSG00000184650
ODR4,ENSSSCG00000015577,ENSG00000157181
OGA,ENSSSCG00000010569,ENSG00000198408
OGDH,ENSSSCG00000016743,ENSG00000105953
OGDHL,ENSSSCG00000010394,ENSG00000197444
OGFOD1,ENSSSCG00000025953,ENSG00000087263
OGFOD2,ENSSSCG00000009783,ENSG00000111325
OGFOD3,ENSSSCG00000032116,ENSG00000181396
OGFRL1,ENSSSCG00000004279,ENSG00000119900
OGN,ENSSSCG00000034607,ENSG00000106809
OGT,ENSSSCG00000012403,ENSG00000147162
OIP5,ENSSSCG00000004750,ENSG00000104147
OIT3,ENSSSCG00000010293,ENSG00000138315
OLA1,ENSSSCG00000015963,ENSG00000138430
OLFM1,ENSSSCG00000029715,ENSG00000130558
OLFM2,ENSSSCG00000027434,ENSG00000105088
OLFM3,ENSSSCG00000006858,ENSG00000118733
OLFM4,ENSSSCG00000009444,ENSG00000102837
OLFML2A,ENSSSCG00000005593,ENSG00000185585
OLFML2B,ENSSSCG00000006345,ENSG00000162745
OLFML3,ENSSSCG00000045712,ENSG00000116774
OLIG1,ENSSSCG00000012040,ENSG00000184221
OLIG2,ENSSSCG00000012039,ENSG00000205927
OLIG3,ENSSSCG00000004155,ENSG00000177468
OLR1,ENSSSCG00000000647,ENSG00000173391
OMA1,ENSSSCG00000003831,ENSG00000162600
OMD,ENSSSCG00000008073,ENSG00000127083
OMG,ENSSSCG00000017751,ENSG00000126861
ONECUT1,ENSSSCG00000004616,ENSG00000169856
ONECUT2,ENSSSCG00000004540,ENSG00000119547
ONECUT3,ENSSSCG00000013439,ENSG00000205922
OOEP,ENSSSCG00000004285,ENSG00000203907
OPA1,ENSSSCG00000011822,ENSG00000198836
OPALIN,ENSSSCG00000010506,ENSG00000197430
OPCML,ENSSSCG00000037534,ENSG00000183715
OPHN1,ENSSSCG00000022676,ENSG00000079482
OPLAH,ENSSSCG00000005911,ENSG00000178814
OPN1SW,ENSSSCG00000016580,ENSG00000128617
OPN4,ENSSSCG00000010358,ENSG00000122375
OPN5,ENSSSCG00000027863,ENSG00000124818
OPRD1,ENSSSCG00000047080,ENSG00000116329
OPRK1,ENSSSCG00000006264,ENSG00000082556
OPRL1,ENSSSCG00000031228,ENSG00000125510
OPRM1,ENSSSCG00000004074,ENSG00000112038
OPTC,ENSSSCG00000015272,ENSG00000188770
OPTN,ENSSSCG00000023247,ENSG00000123240
OR10A3,ENSSSCG00000042620,ENSG00000170683
OR10A4,ENSSSCG00000014602,ENSG00000170782
OR10A7,ENSSSCG00000038691,ENSG00000179919
OR10AC1,ENSSSCG00000036539,ENSG00000176510
OR10G6,ENSSSCG00000038942,ENSG00000198674
OR10R2,ENSSSCG00000035925,ENSG00000198965
OR11H4,ENSSSCG00000002148,ENSG00000176198
OR11H6,ENSSSCG00000038589,ENSG00000176219
OR13H1,ENSSSCG00000012671,ENSG00000171054
OR2AT4,ENSSSCG00000023029,ENSG00000171561
OR2B6,ENSSSCG00000047304,ENSG00000124657
OR3A1,ENSSSCG00000031932,ENSG00000180090
OR4D5,ENSSSCG00000015152,ENSG00000171014
OR4E2,ENSSSCG00000002106,ENSG00000221977
OR4K17,ENSSSCG00000002187,ENSG00000176230
OR51A7,ENSSSCG00000014752,ENSG00000176895
OR51B5,ENSSSCG00000042866,ENSG00000167355
OR51C1,ENSSSCG00000039411,ENSG00000197674
OR51E2,ENSSSCG00000014764,ENSG00000167332
OR51G2,ENSSSCG00000043251,ENSG00000176893
OR51I1,ENSSSCG00000034777,ENSG00000167359
OR51T1,ENSSSCG00000014754,ENSG00000176900
OR52H1,ENSSSCG00000046657,ENSG00000181616
OR52W1,ENSSSCG00000035041,ENSG00000175485
OR5AU1,ENSSSCG00000032876,ENSG00000169327
OR5C1,ENSSSCG00000005578,ENSG00000148215
OR6A2,ENSSSCG00000014617,ENSG00000184933
OR6K3,ENSSSCG00000041628,ENSG00000203757
OR6T1,ENSSSCG00000015153,ENSG00000181499
OR6X1,ENSSSCG00000015146,ENSG00000221931
OR8D1,ENSSSCG00000037492,ENSG00000196341
OR8D4,ENSSSCG00000015150,ENSG00000181518
OR9I1,ENSSSCG00000035278,ENSG00000172377
ORAI2,ENSSSCG00000023912,ENSG00000160991
ORAI3,ENSSSCG00000007770,ENSG00000175938
ORC1,ENSSSCG00000003861,ENSG00000085840
ORC2,ENSSSCG00000016098,ENSG00000115942
ORC3,ENSSSCG00000004306,ENSG00000135336
ORC4,ENSSSCG00000015668,ENSG00000115947
ORC5,ENSSSCG00000015427,ENSG00000164815
ORC6,ENSSSCG00000024443,ENSG00000091651
ORM1,ENSSSCG00000005488,ENSG00000229314
ORMDL1,ENSSSCG00000016044,ENSG00000128699
ORMDL2,ENSSSCG00000000365,ENSG00000123353
ORMDL3,ENSSSCG00000017492,ENSG00000172057
OS9,ENSSSCG00000035875,ENSG00000135506
OSBP,ENSSSCG00000013125,ENSG00000110048
OSBP2,ENSSSCG00000010015,ENSG00000184792
OSBPL10,ENSSSCG00000011230,ENSG00000144645
OSBPL11,ENSSSCG00000026753,ENSG00000144909
OSBPL1A,ENSSSCG00000003712,ENSG00000141447
OSBPL2,ENSSSCG00000036835,ENSG00000130703
OSBPL3,ENSSSCG00000016715,ENSG00000070882
OSBPL5,ENSSSCG00000012862,ENSG00000021762
OSBPL6,ENSSSCG00000023133,ENSG00000079156
OSBPL7,ENSSSCG00000017518,ENSG00000006025
OSBPL8,ENSSSCG00000027503,ENSG00000091039
OSBPL9,ENSSSCG00000021292,ENSG00000117859
OSCAR,ENSSSCG00000003259,ENSG00000170909
OSCP1,ENSSSCG00000036709,ENSG00000116885
OSER1,ENSSSCG00000022714,ENSG00000132823
OSGEP,ENSSSCG00000002138,ENSG00000092094
OSGEPL1,ENSSSCG00000016043,ENSG00000128694
OSGIN1,ENSSSCG00000032115,ENSG00000140961
OSGIN2,ENSSSCG00000021184,ENSG00000164823
OSMR,ENSSSCG00000016851,ENSG00000145623
OSR2,ENSSSCG00000006073,ENSG00000164920
OSTC,ENSSSCG00000009145,ENSG00000198856
OSTF1,ENSSSCG00000005273,ENSG00000134996
OSTM1,ENSSSCG00000004383,ENSG00000081087
OSTN,ENSSSCG00000031478,ENSG00000188729
OTC,ENSSSCG00000012236,ENSG00000036473
OTOA,ENSSSCG00000007838,ENSG00000155719
OTOF,ENSSSCG00000037751,ENSG00000115155
OTOG,ENSSSCG00000013376,ENSG00000188162
OTOGL,ENSSSCG00000000943,ENSG00000165899
OTOL1,ENSSSCG00000022248,ENSG00000182447
OTOP1,ENSSSCG00000008731,ENSG00000163982
OTOP2,ENSSSCG00000017222,ENSG00000183034
OTOP3,ENSSSCG00000017220,ENSG00000182938
OTOR,ENSSSCG00000007082,ENSG00000125879
OTOS,ENSSSCG00000047413,ENSG00000178602
OTP,ENSSSCG00000014099,ENSG00000171540
OTUB1,ENSSSCG00000013045,ENSG00000167770
OTUB2,ENSSSCG00000002469,ENSG00000089723
OTUD1,ENSSSCG00000011076,ENSG00000165312
OTUD3,ENSSSCG00000039652,ENSG00000169914
OTUD4,ENSSSCG00000009042,ENSG00000164164
OTUD5,ENSSSCG00000021934,ENSG00000068308
OTUD6A,ENSSSCG00000012383,ENSG00000189401
OTUD6B,ENSSSCG00000006120,ENSG00000155100
OTUD7A,ENSSSCG00000004840,ENSG00000169918
OTUD7B,ENSSSCG00000006663,ENSG00000264522
OTULIN,ENSSSCG00000034714,ENSG00000154124
OTULINL,ENSSSCG00000016782,ENSG00000145569
OTX1,ENSSSCG00000037564,ENSG00000115507
OTX2,ENSSSCG00000005063,ENSG00000165588
OVCH1,ENSSSCG00000000540,ENSG00000187950
OVCH2,ENSSSCG00000021619,ENSG00000183378
OVGP1,ENSSSCG00000006791,ENSG00000085465
OVOL1,ENSSSCG00000027361,ENSG00000172818
OVOL2,ENSSSCG00000036377,ENSG00000125850
OVOL3,ENSSSCG00000042327,ENSG00000105261
OXA1L,ENSSSCG00000002042,ENSG00000155463
OXCT1,ENSSSCG00000016863,ENSG00000083720
OXLD1,ENSSSCG00000033788,ENSG00000204237
OXNAD1,ENSSSCG00000011197,ENSG00000154814
OXR1,ENSSSCG00000006037,ENSG00000164830
OXSM,ENSSSCG00000011215,ENSG00000151093
OXSR1,ENSSSCG00000011253,ENSG00000172939
OXT,ENSSSCG00000007164,ENSG00000101405
OXTR,ENSSSCG00000021585,ENSG00000180914
P2RX1,ENSSSCG00000022405,ENSG00000108405
P2RX2,ENSSSCG00000009735,ENSG00000187848
P2RX3,ENSSSCG00000029468,ENSG00000109991
P2RX4,ENSSSCG00000051205,ENSG00000135124
P2RX5,ENSSSCG00000017868,ENSG00000083454
P2RX6,ENSSSCG00000010101,ENSG00000099957
P2RX7,ENSSSCG00000009817,ENSG00000089041
P2RY10,ENSSSCG00000012446,ENSG00000078589
P2RY11,ENSSSCG00000024072,ENSG00000244165
P2RY12,ENSSSCG00000011713,ENSG00000169313
P2RY13,ENSSSCG00000032162,ENSG00000181631
P2RY14,ENSSSCG00000011712,ENSG00000174944
P2RY2,ENSSSCG00000040207,ENSG00000175591
P2RY4,ENSSSCG00000012380,ENSG00000186912
P2RY6,ENSSSCG00000014823,ENSG00000171631
P2RY8,ENSSSCG00000035911,ENSG00000182162
P3H1,ENSSSCG00000023920,ENSG00000117385
P3H2,ENSSSCG00000011813,ENSG00000090530
P3H3,ENSSSCG00000000681,ENSG00000110811
P3H4,ENSSSCG00000017429,ENSG00000141696
P3R3URF,ENSSSCG00000050383,ENSG00000250719
P4HA1,ENSSSCG00000010292,ENSG00000122884
P4HA2,ENSSSCG00000020915,ENSG00000072682
P4HA3,ENSSSCG00000014840,ENSG00000149380
P4HB,ENSSSCG00000039148,ENSG00000185624
P4HTM,ENSSSCG00000011368,ENSG00000178467
PA2G4,ENSSSCG00000000377,ENSG00000170515
PAAF1,ENSSSCG00000014831,ENSG00000175575
PABIR2,ENSSSCG00000012685,ENSG00000156504
PABPC1,ENSSSCG00000006063,ENSG00000070756
PABPC1L,ENSSSCG00000007382,ENSG00000101104
PABPC4,ENSSSCG00000003660,ENSG00000090621
PABPC4L,ENSSSCG00000009067,ENSG00000254535
PABPC5,ENSSSCG00000040194,ENSG00000174740
PABPN1L,ENSSSCG00000036367,ENSG00000205022
PACC1,ENSSSCG00000015598,ENSG00000065600
PACRG,ENSSSCG00000038153,ENSG00000112530
PACRGL,ENSSSCG00000008750,ENSG00000163138
PACS1,ENSSSCG00000012956,ENSG00000175115
PACS2,ENSSSCG00000037671,ENSG00000179364
PACSIN1,ENSSSCG00000027053,ENSG00000124507
PACSIN2,ENSSSCG00000000036,ENSG00000100266
PACSIN3,ENSSSCG00000013244,ENSG00000165912
PADI1,ENSSSCG00000003481,ENSG00000142623
PADI2,ENSSSCG00000026478,ENSG00000117115
PADI3,ENSSSCG00000003482,ENSG00000142619
PADI4,ENSSSCG00000003483,ENSG00000159339
PAEP,ENSSSCG00000040042,ENSG00000122133
PAF1,ENSSSCG00000022442,ENSG00000006712
PAFAH1B1,ENSSSCG00000017836,ENSG00000007168
PAFAH1B2,ENSSSCG00000024027,ENSG00000168092
PAFAH1B3,ENSSSCG00000029070,ENSG00000079462
PAFAH2,ENSSSCG00000038619,ENSG00000158006
PAG1,ENSSSCG00000040208,ENSG00000076641
PAGE2B,ENSSSCG00000012346,ENSG00000238269
PAGE4,ENSSSCG00000012303,ENSG00000101951
PAH,ENSSSCG00000000856,ENSG00000171759
PAICS,ENSSSCG00000008901,ENSG00000128050
PAIP1,ENSSSCG00000016874,ENSG00000172239
PAIP2,ENSSSCG00000026606,ENSG00000120727
PAIP2B,ENSSSCG00000038394,ENSG00000124374
PAK1,ENSSSCG00000014878,ENSG00000149269
PAK1IP1,ENSSSCG00000001041,ENSG00000111845
PAK2,ENSSSCG00000011843,ENSG00000180370
PAK3,ENSSSCG00000025306,ENSG00000077264
PAK4,ENSSSCG00000021333,ENSG00000130669
PAK5,ENSSSCG00000007061,ENSG00000101349
PAK6,ENSSSCG00000004781,ENSG00000137843
PALB2,ENSSSCG00000010794,ENSG00000083093
PALD1,ENSSSCG00000036446,ENSG00000107719
PALLD,ENSSSCG00000029331,ENSG00000129116
PALM,ENSSSCG00000039575,ENSG00000099864
PALM2AKAP2,ENSSSCG00000033120,ENSG00000157654
PALM3,ENSSSCG00000013767,ENSG00000187867
PALMD,ENSSSCG00000006874,ENSG00000099260
PALS1,ENSSSCG00000002287,ENSG00000072415
PALS2,ENSSSCG00000016717,ENSG00000105926
PAM,ENSSSCG00000014184,ENSG00000145730
PAMR1,ENSSSCG00000028338,ENSG00000149090
PAN2,ENSSSCG00000000393,ENSG00000135473
PAN3,ENSSSCG00000009319,ENSG00000152520
PANK1,ENSSSCG00000010456,ENSG00000152782
PANK2,ENSSSCG00000007142,ENSG00000125779
PANK3,ENSSSCG00000017014,ENSG00000120137
PANK4,ENSSSCG00000027299,ENSG00000157881
PANX1,ENSSSCG00000032360,ENSG00000110218
PANX2,ENSSSCG00000000975,ENSG00000073150
PANX3,ENSSSCG00000015194,ENSG00000154143
PAOX,ENSSSCG00000040586,ENSG00000148832
PAPLN,ENSSSCG00000002341,ENSG00000100767
PAPOLA,ENSSSCG00000002505,ENSG00000090060
PAPOLG,ENSSSCG00000008389,ENSG00000115421
PAPPA,ENSSSCG00000005498,ENSG00000182752
PAPPA2,ENSSSCG00000015512,ENSG00000116183
PAPSS1,ENSSSCG00000031901,ENSG00000138801
PAPSS2,ENSSSCG00000010437,ENSG00000198682
PAQR3,ENSSSCG00000009259,ENSG00000163291
PAQR4,ENSSSCG00000026248,ENSG00000162073
PAQR5,ENSSSCG00000004968,ENSG00000137819
PAQR6,ENSSSCG00000006491,ENSG00000160781
PAQR7,ENSSSCG00000003551,ENSG00000182749
PAQR8,ENSSSCG00000001750,ENSG00000170915
PARD3,ENSSSCG00000011103,ENSG00000148498
PARD3B,ENSSSCG00000016123,ENSG00000116117
PARD6A,ENSSSCG00000034863,ENSG00000102981
PARD6B,ENSSSCG00000027206,ENSG00000124171
PARD6G,ENSSSCG00000023376,ENSG00000178184
PARG,ENSSSCG00000010396,ENSG00000227345
PARK7,ENSSSCG00000003385,ENSG00000116288
PARL,ENSSSCG00000033424,ENSG00000175193
PARM1,ENSSSCG00000008966,ENSG00000169116
PARN,ENSSSCG00000007878,ENSG00000140694
PARP1,ENSSSCG00000023660,ENSG00000143799
PARP11,ENSSSCG00000000728,ENSG00000111224
PARP12,ENSSSCG00000016502,ENSG00000059378
PARP14,ENSSSCG00000011874,ENSG00000173193
PARP15,ENSSSCG00000011875,ENSG00000173200
PARP16,ENSSSCG00000004929,ENSG00000138617
PARP2,ENSSSCG00000002143,ENSG00000129484
PARP3,ENSSSCG00000023033,ENSG00000041880
PARP4,ENSSSCG00000022957,ENSG00000102699
PARP8,ENSSSCG00000016882,ENSG00000151883
PARP9,ENSSSCG00000027709,ENSG00000138496
PARPBP,ENSSSCG00000000859,ENSG00000185480
PARS2,ENSSSCG00000003843,ENSG00000162396
PARVA,ENSSSCG00000028827,ENSG00000197702
PARVB,ENSSSCG00000000024,ENSG00000188677
PARVG,ENSSSCG00000000025,ENSG00000138964
PASK,ENSSSCG00000016378,ENSG00000115687
PATE1,ENSSSCG00000040952,ENSG00000171053
PATE2,ENSSSCG00000038721,ENSG00000196844
PATE3,ENSSSCG00000015221,ENSG00000236027
PATJ,ENSSSCG00000039793,ENSG00000132849
PATL1,ENSSSCG00000013124,ENSG00000166889
PATL2,ENSSSCG00000004684,ENSG00000229474
PATZ1,ENSSSCG00000010027,ENSG00000100105
PAWR,ENSSSCG00000036560,ENSG00000177425
PAX1,ENSSSCG00000007112,ENSG00000125813
PAX2,ENSSSCG00000010556,ENSG00000075891
PAX3,ENSSSCG00000028418,ENSG00000135903
PAX4,ENSSSCG00000016591,ENSG00000106331
PAX5,ENSSSCG00000036086,ENSG00000196092
PAX6,ENSSSCG00000013320,ENSG00000007372
PAX7,ENSSSCG00000034627,ENSG00000009709
PAX9,ENSSSCG00000001942,ENSG00000198807
PAXIP1,ENSSSCG00000025221,ENSG00000157212
PBDC1,ENSSSCG00000030577,ENSG00000102390
PBLD,ENSSSCG00000025876,ENSG00000108187
PBRM1,ENSSSCG00000035824,ENSG00000163939
PBX3,ENSSSCG00000005604,ENSG00000167081
PBX4,ENSSSCG00000013933,ENSG00000105717
PBXIP1,ENSSSCG00000006540,ENSG00000163346
PC,ENSSSCG00000012926,ENSG00000173599
PCARE,ENSSSCG00000024725,ENSG00000179270
PCBD1,ENSSSCG00000010275,ENSG00000166228
PCBD2,ENSSSCG00000026229,ENSG00000132570
PCBP2,ENSSSCG00000000274,ENSG00000197111
PCBP3,ENSSSCG00000023041,ENSG00000183570
PCBP4,ENSSSCG00000028446,ENSG00000090097
PCCA,ENSSSCG00000009522,ENSG00000175198
PCCB,ENSSSCG00000011653,ENSG00000114054
PCDH1,ENSSSCG00000022289,ENSG00000156453
PCDH10,ENSSSCG00000036125,ENSG00000138650
PCDH12,ENSSSCG00000014395,ENSG00000113555
PCDH17,ENSSSCG00000009446,ENSG00000118946
PCDH18,ENSSSCG00000032749,ENSG00000189184
PCDH19,ENSSSCG00000012479,ENSG00000165194
PCDH20,ENSSSCG00000031955,ENSG00000197991
PCDH7,ENSSSCG00000008765,ENSG00000169851
PCDH9,ENSSSCG00000038842,ENSG00000184226
PCDHA11,ENSSSCG00000029281,ENSG00000249158
PCDHGA4,ENSSSCG00000027371,ENSG00000262576
PCDHGA6,ENSSSCG00000046808,ENSG00000253731
PCDHGB1,ENSSSCG00000025141,ENSG00000254221
PCED1A,ENSSSCG00000007168,ENSG00000132635
PCED1B,ENSSSCG00000000811,ENSG00000179715
PCF11,ENSSSCG00000014901,ENSG00000165494
PCGF1,ENSSSCG00000033366,ENSG00000115289
PCGF3,ENSSSCG00000029983,ENSG00000185619
PCGF5,ENSSSCG00000036083,ENSG00000180628
PCGF6,ENSSSCG00000020954,ENSG00000156374
PCID2,ENSSSCG00000009557,ENSG00000126226
PCIF1,ENSSSCG00000007433,ENSG00000100982
PCK1,ENSSSCG00000007507,ENSG00000124253
PCK2,ENSSSCG00000002009,ENSG00000100889
PCLAF,ENSSSCG00000004554,ENSG00000166803
PCM1,ENSSSCG00000006994,ENSG00000078674
PCMT1,ENSSSCG00000004103,ENSG00000120265
PCMTD1,ENSSSCG00000006267,ENSG00000168300
PCMTD2,ENSSSCG00000038617,ENSG00000203880
PCNP,ENSSSCG00000036491,ENSG00000081154
PCNX1,ENSSSCG00000002330,ENSG00000100731
PCNX3,ENSSSCG00000012983,ENSG00000197136
PCNX4,ENSSSCG00000005082,ENSG00000126773
PCOLCE,ENSSSCG00000027466,ENSG00000106333
PCOLCE2,ENSSSCG00000011683,ENSG00000163710
PCP2,ENSSSCG00000037188,ENSG00000174788
PCP4,ENSSSCG00000037110,ENSG00000183036
PCP4L1,ENSSSCG00000031579,ENSG00000248485
PCSK1,ENSSSCG00000014169,ENSG00000175426
PCSK1N,ENSSSCG00000021328,ENSG00000102109
PCSK2,ENSSSCG00000007083,ENSG00000125851
PCSK4,ENSSSCG00000024379,ENSG00000115257
PCSK5,ENSSSCG00000023520,ENSG00000099139
PCSK6,ENSSSCG00000005785,ENSG00000140479
PCSK7,ENSSSCG00000015072,ENSG00000160613
PCSK9,ENSSSCG00000025020,ENSG00000169174
PCTP,ENSSSCG00000017608,ENSG00000141179
PCYOX1,ENSSSCG00000029790,ENSG00000116005
PCYOX1L,ENSSSCG00000014433,ENSG00000145882
PCYT1A,ENSSSCG00000011845,ENSG00000161217
PCYT1B,ENSSSCG00000012182,ENSG00000102230
PCYT2,ENSSSCG00000039650,ENSG00000185813
PDAP1,ENSSSCG00000033450,ENSG00000106244
PDC,ENSSSCG00000015578,ENSG00000116703
PDCD1,ENSSSCG00000037319,ENSG00000188389
PDCD10,ENSSSCG00000011739,ENSG00000114209
PDCD11,ENSSSCG00000010599,ENSG00000148843
PDCD1LG2,ENSSSCG00000032561,ENSG00000197646
PDCD2L,ENSSSCG00000002875,ENSG00000126249
PDCD4,ENSSSCG00000010627,ENSG00000150593
PDCD5,ENSSSCG00000002860,ENSG00000105185
PDCD6,ENSSSCG00000032090,ENSG00000249915
PDCD6IP,ENSSSCG00000011237,ENSG00000170248
PDCD7,ENSSSCG00000004926,ENSG00000090470
PDCL,ENSSSCG00000038554,ENSG00000136940
PDCL2,ENSSSCG00000008908,ENSG00000163440
PDCL3,ENSSSCG00000033885,ENSG00000115539
PDE10A,ENSSSCG00000004027,ENSG00000112541
PDE11A,ENSSSCG00000038903,ENSG00000128655
PDE12,ENSSSCG00000011465,ENSG00000174840
PDE1A,ENSSSCG00000023924,ENSG00000115252
PDE1B,ENSSSCG00000000297,ENSG00000123360
PDE1C,ENSSSCG00000016668,ENSG00000154678
PDE2A,ENSSSCG00000029388,ENSG00000186642
PDE3A,ENSSSCG00000028662,ENSG00000172572
PDE3B,ENSSSCG00000013388,ENSG00000152270
PDE4A,ENSSSCG00000013642,ENSG00000065989
PDE4B,ENSSSCG00000003805,ENSG00000184588
PDE4C,ENSSSCG00000036363,ENSG00000105650
PDE4D,ENSSSCG00000016929,ENSG00000113448
PDE5A,ENSSSCG00000009106,ENSG00000138735
PDE6A,ENSSSCG00000014438,ENSG00000132915
PDE6B,ENSSSCG00000036645,ENSG00000133256
PDE6C,ENSSSCG00000010480,ENSG00000095464
PDE6D,ENSSSCG00000016279,ENSG00000156973
PDE7A,ENSSSCG00000006218,ENSG00000205268
PDE7B,ENSSSCG00000004165,ENSG00000171408
PDE8A,ENSSSCG00000001810,ENSG00000073417
PDE8B,ENSSSCG00000014097,ENSG00000113231
PDE9A,ENSSSCG00000030016,ENSG00000160191
PDGFA,ENSSSCG00000007541,ENSG00000197461
PDGFB,ENSSSCG00000033327,ENSG00000100311
PDGFC,ENSSSCG00000024960,ENSG00000145431
PDGFD,ENSSSCG00000014994,ENSG00000170962
PDGFRA,ENSSSCG00000008841,ENSG00000134853
PDGFRB,ENSSSCG00000022741,ENSG00000113721
PDGFRL,ENSSSCG00000006988,ENSG00000104213
PDHA1,ENSSSCG00000023643,ENSG00000131828
PDHB,ENSSSCG00000025881,ENSG00000168291
PDHX,ENSSSCG00000013298,ENSG00000110435
PDIA2,ENSSSCG00000007983,ENSG00000185615
PDIA3,ENSSSCG00000004700,ENSG00000167004
PDIA4,ENSSSCG00000015453,ENSG00000155660
PDIA5,ENSSSCG00000011870,ENSG00000065485
PDIA6,ENSSSCG00000008633,ENSG00000143870
PDIK1L,ENSSSCG00000030660,ENSG00000175087
PDILT,ENSSSCG00000007860,ENSG00000169340
PDK1,ENSSSCG00000015958,ENSG00000152256
PDK2,ENSSSCG00000027198,ENSG00000005882
PDK3,ENSSSCG00000012181,ENSG00000067992
PDK4,ENSSSCG00000015334,ENSG00000004799
PDLIM1,ENSSSCG00000010493,ENSG00000107438
PDLIM2,ENSSSCG00000009625,ENSG00000120913
PDLIM3,ENSSSCG00000015796,ENSG00000154553
PDLIM4,ENSSSCG00000014274,ENSG00000131435
PDLIM5,ENSSSCG00000009192,ENSG00000163110
PDLIM7,ENSSSCG00000040507,ENSG00000196923
PDP1,ENSSSCG00000006107,ENSG00000164951
PDP2,ENSSSCG00000036067,ENSG00000172840
PDPK1,ENSSSCG00000037719,ENSG00000140992
PDPN,ENSSSCG00000003451,ENSG00000162493
PDPR,ENSSSCG00000002724,ENSG00000090857
PDRG1,ENSSSCG00000007237,ENSG00000088356
PDS5A,ENSSSCG00000023112,ENSG00000121892
PDS5B,ENSSSCG00000009345,ENSG00000083642
PDSS1,ENSSSCG00000011061,ENSG00000148459
PDSS2,ENSSSCG00000036168,ENSG00000164494
PDXDC1,ENSSSCG00000039119,ENSG00000179889
PDXK,ENSSSCG00000034758,ENSG00000160209
PDXP,ENSSSCG00000034632,ENSG00000241360
PDYN,ENSSSCG00000037684,ENSG00000101327
PDZD11,ENSSSCG00000012378,ENSG00000120509
PDZD4,ENSSSCG00000012785,ENSG00000067840
PDZD8,ENSSSCG00000010669,ENSG00000165650
PDZD9,ENSSSCG00000026686,ENSG00000155714
PDZK1,ENSSSCG00000006693,ENSG00000174827
PDZRN3,ENSSSCG00000011521,ENSG00000121440
PDZRN4,ENSSSCG00000000791,ENSG00000165966
PEA15,ENSSSCG00000032164,ENSG00000162734
PEAK1,ENSSSCG00000001869,ENSG00000173517
PEAK3,ENSSSCG00000013461,ENSG00000188305
PEAR1,ENSSSCG00000006463,ENSG00000187800
PEBP1,ENSSSCG00000009851,ENSG00000089220
PEBP4,ENSSSCG00000009631,ENSG00000134020
PECAM1,ENSSSCG00000017277,ENSG00000261371
PECR,ENSSSCG00000022758,ENSG00000115425
PEDS1,ENSSSCG00000027287,ENSG00000240849
PEF1,ENSSSCG00000034810,ENSG00000162517
PEG10,ENSSSCG00000036049,ENSG00000242265
PEG3,ENSSSCG00000003326,ENSG00000198300
PELI1,ENSSSCG00000028947,ENSG00000197329
PELI2,ENSSSCG00000033800,ENSG00000139946
PELI3,ENSSSCG00000012944,ENSG00000174516
PELO,ENSSSCG00000016884,ENSG00000152684
PELP1,ENSSSCG00000017924,ENSG00000141456
PEMT,ENSSSCG00000018055,ENSG00000133027
PENK,ENSSSCG00000006243,ENSG00000181195
PEPD,ENSSSCG00000002868,ENSG00000124299
PER1,ENSSSCG00000017983,ENSG00000179094
PER2,ENSSSCG00000016338,ENSG00000132326
PER3,ENSSSCG00000028572,ENSG00000049246
PERM1,ENSSSCG00000033735,ENSG00000187642
PERP,ENSSSCG00000038420,ENSG00000112378
PES1,ENSSSCG00000010010,ENSG00000100029
PET100,ENSSSCG00000034876,ENSG00000229833
PEX1,ENSSSCG00000029967,ENSG00000127980
PEX10,ENSSSCG00000027916,ENSG00000157911
PEX11A,ENSSSCG00000027052,ENSG00000166821
PEX11G,ENSSSCG00000013569,ENSG00000104883
PEX12,ENSSSCG00000017713,ENSG00000108733
PEX14,ENSSSCG00000003405,ENSG00000142655
PEX16,ENSSSCG00000013267,ENSG00000121680
PEX19,ENSSSCG00000023091,ENSG00000162735
PEX2,ENSSSCG00000006168,ENSG00000164751
PEX26,ENSSSCG00000027190,ENSG00000215193
PEX3,ENSSSCG00000004134,ENSG00000034693
PEX5,ENSSSCG00000025252,ENSG00000139197
PEX5L,ENSSSCG00000011766,ENSG00000114757
PEX6,ENSSSCG00000001653,ENSG00000124587
PEX7,ENSSSCG00000004160,ENSG00000112357
PFDN1,ENSSSCG00000038493,ENSG00000113068
PFDN4,ENSSSCG00000007487,ENSG00000101132
PFDN5,ENSSSCG00000000267,ENSG00000123349
PFKFB1,ENSSSCG00000024814,ENSG00000158571
PFKFB2,ENSSSCG00000015660,ENSG00000123836
PFKFB3,ENSSSCG00000011133,ENSG00000170525
PFKFB4,ENSSSCG00000011353,ENSG00000114268
PFKL,ENSSSCG00000028197,ENSG00000141959
PFKM,ENSSSCG00000021129,ENSG00000152556
PFKP,ENSSSCG00000011158,ENSG00000067057
PFN1,ENSSSCG00000017907,ENSG00000108518
PFN2,ENSSSCG00000030260,ENSG00000070087
PFN4,ENSSSCG00000008585,ENSG00000176732
PGA5,ENSSSCG00000013092,ENSG00000256713
PGAM1,ENSSSCG00000010517,ENSG00000171314
PGAM2,ENSSSCG00000016720,ENSG00000164708
PGAM5,ENSSSCG00000035618,ENSG00000247077
PGAP1,ENSSSCG00000016073,ENSG00000197121
PGAP2,ENSSSCG00000035653,ENSG00000148985
PGAP3,ENSSSCG00000017502,ENSG00000161395
PGAP4,ENSSSCG00000029687,ENSG00000165152
PGAP6,ENSSSCG00000007985,ENSG00000129925
PGBD1,ENSSSCG00000001207,ENSG00000137338
PGBD2,ENSSSCG00000033305,ENSG00000185220
PGBD5,ENSSSCG00000021027,ENSG00000177614
PGC,ENSSSCG00000001625,ENSG00000096088
PGCKA1,ENSSSCG00000008771,ENSG00000154274
PGD,ENSSSCG00000003402,ENSG00000142657
PGF,ENSSSCG00000050616,ENSG00000119630
PGGHG,ENSSSCG00000025023,ENSG00000142102
PGGT1B,ENSSSCG00000014215,ENSG00000164219
PGK1,ENSSSCG00000012440,ENSG00000102144
PGK2,ENSSSCG00000001738,ENSG00000170950
PGLS,ENSSSCG00000013878,ENSG00000130313
PGLYRP1,ENSSSCG00000038688,ENSG00000008438
PGLYRP2,ENSSSCG00000025560,ENSG00000161031
PGLYRP3,ENSSSCG00000027322,ENSG00000159527
PGLYRP4,ENSSSCG00000006587,ENSG00000163218
PGM2,ENSSSCG00000008773,ENSG00000169299
PGM2L1,ENSSSCG00000014838,ENSG00000165434
PGM3,ENSSSCG00000004456,ENSG00000013375
PGM5,ENSSSCG00000005243,ENSG00000154330
PGP,ENSSSCG00000036614,ENSG00000184207
PGPEP1,ENSSSCG00000039684,ENSG00000130517
PGPEP1L,ENSSSCG00000004811,ENSG00000183571
PGR,ENSSSCG00000014977,ENSG00000082175
PGRMC1,ENSSSCG00000012625,ENSG00000101856
PGRMC2,ENSSSCG00000009072,ENSG00000164040
PGS1,ENSSSCG00000036308,ENSG00000087157
PHACTR1,ENSSSCG00000001052,ENSG00000112137
PHACTR2,ENSSSCG00000004132,ENSG00000112419
PHACTR3,ENSSSCG00000007528,ENSG00000087495
PHACTR4,ENSSSCG00000028973,ENSG00000204138
PHAF1,ENSSSCG00000040749,ENSG00000125149
PHAX,ENSSSCG00000014244,ENSG00000164902
PHB1,ENSSSCG00000017549,ENSG00000167085
PHB2,ENSSSCG00000024655,ENSG00000215021
PHC1,ENSSSCG00000000661,ENSG00000111752
PHC2,ENSSSCG00000025344,ENSG00000134686
PHC3,ENSSSCG00000030467,ENSG00000173889
PHETA1,ENSSSCG00000009832,ENSG00000198324
PHETA2,ENSSSCG00000038492,ENSG00000177096
PHEX,ENSSSCG00000012167,ENSG00000102174
PHF10,ENSSSCG00000030155,ENSG00000130024
PHF11,ENSSSCG00000009396,ENSG00000136147
PHF12,ENSSSCG00000017779,ENSG00000109118
PHF13,ENSSSCG00000027869,ENSG00000116273
PHF14,ENSSSCG00000026722,ENSG00000106443
PHF19,ENSSSCG00000005510,ENSG00000119403
PHF2,ENSSSCG00000008080,ENSG00000197724
PHF20,ENSSSCG00000007311,ENSG00000025293
PHF20L1,ENSSSCG00000005950,ENSG00000129292
PHF21A,ENSSSCG00000023974,ENSG00000135365
PHF21B,ENSSSCG00000000020,ENSG00000056487
PHF23,ENSSSCG00000017937,ENSG00000040633
PHF24,ENSSSCG00000005296,ENSG00000122733
PHF3,ENSSSCG00000035259,ENSG00000118482
PHF5A,ENSSSCG00000035082,ENSG00000100410
PHF6,ENSSSCG00000022942,ENSG00000156531
PHF7,ENSSSCG00000011439,ENSG00000010318
PHF8,ENSSSCG00000012329,ENSG00000172943
PHGDH,ENSSSCG00000006717,ENSG00000092621
PHIP,ENSSSCG00000004473,ENSG00000146247
PHKA1,ENSSSCG00000012411,ENSG00000067177
PHKA2,ENSSSCG00000012157,ENSG00000044446
PHKB,ENSSSCG00000002844,ENSG00000102893
PHKG1,ENSSSCG00000007744,ENSG00000164776
PHKG2,ENSSSCG00000007788,ENSG00000156873
PHLDA1,ENSSSCG00000044141,ENSG00000139289
PHLDA2,ENSSSCG00000021597,ENSG00000181649
PHLDB1,ENSSSCG00000024578,ENSG00000019144
PHLDB2,ENSSSCG00000022081,ENSG00000144824
PHLDB3,ENSSSCG00000003063,ENSG00000176531
PHLPP1,ENSSSCG00000004896,ENSG00000081913
PHLPP2,ENSSSCG00000002739,ENSG00000040199
PHOSPHO1,ENSSSCG00000026701,ENSG00000173868
PHOSPHO2,ENSSSCG00000015936,ENSG00000144362
PHOX2A,ENSSSCG00000014813,ENSG00000165462
PHOX2B,ENSSSCG00000038488,ENSG00000109132
PHRF1,ENSSSCG00000029723,ENSG00000070047
PHTF1,ENSSSCG00000006766,ENSG00000116793
PHTF2,ENSSSCG00000015410,ENSG00000006576
PHYH,ENSSSCG00000039244,ENSG00000107537
PHYHD1,ENSSSCG00000005665,ENSG00000175287
PHYHIP,ENSSSCG00000009621,ENSG00000168490
PHYHIPL,ENSSSCG00000039215,ENSG00000165443
PHYKPL,ENSSSCG00000014030,ENSG00000175309
PI15,ENSSSCG00000006172,ENSG00000137558
PI16,ENSSSCG00000001570,ENSG00000164530
PI3,ENSSSCG00000035053,ENSG00000124102
PI4K2A,ENSSSCG00000010525,ENSG00000155252
PI4K2B,ENSSSCG00000027340,ENSG00000038210
PI4KA,ENSSSCG00000010092,ENSG00000241973
PI4KB,ENSSSCG00000006626,ENSG00000143393
PIANP,ENSSSCG00000000692,ENSG00000139200
PIAS1,ENSSSCG00000004958,ENSG00000033800
PIAS2,ENSSSCG00000034730,ENSG00000078043
PIAS3,ENSSSCG00000006689,ENSG00000131788
PIAS4,ENSSSCG00000022066,ENSG00000105229
PIBF1,ENSSSCG00000024722,ENSG00000083535
PICALM,ENSSSCG00000014913,ENSG00000073921
PICK1,ENSSSCG00000000114,ENSG00000100151
PID1,ENSSSCG00000035058,ENSG00000153823
PIDD1,ENSSSCG00000012843,ENSG00000177595
PIERCE1,ENSSSCG00000036914,ENSG00000160345
PIEZO1,ENSSSCG00000035230,ENSG00000103335
PIEZO2,ENSSSCG00000034765,ENSG00000154864
PIF1,ENSSSCG00000004548,ENSG00000140451
PIGA,ENSSSCG00000012134,ENSG00000165195
PIGB,ENSSSCG00000032619,ENSG00000069943
PIGC,ENSSSCG00000015486,ENSG00000135845
PIGF,ENSSSCG00000008440,ENSG00000151665
PIGG,ENSSSCG00000039991,ENSG00000174227
PIGH,ENSSSCG00000039351,ENSG00000100564
PIGK,ENSSSCG00000038329,ENSG00000142892
PIGL,ENSSSCG00000035103,ENSG00000108474
PIGN,ENSSSCG00000004901,ENSG00000197563
PIGO,ENSSSCG00000005303,ENSG00000165282
PIGP,ENSSSCG00000012061,ENSG00000185808
PIGQ,ENSSSCG00000007992,ENSG00000007541
PIGR,ENSSSCG00000015657,ENSG00000162896
PIGS,ENSSSCG00000026706,ENSG00000087111
PIGT,ENSSSCG00000021861,ENSG00000124155
PIGU,ENSSSCG00000007282,ENSG00000101464
PIGV,ENSSSCG00000040007,ENSG00000060642
PIGX,ENSSSCG00000026934,ENSG00000163964
PIGZ,ENSSSCG00000029291,ENSG00000119227
PIH1D1,ENSSSCG00000003169,ENSG00000104872
PIH1D2,ENSSSCG00000015031,ENSG00000150773
PIK3AP1,ENSSSCG00000010509,ENSG00000155629
PIK3C2A,ENSSSCG00000025406,ENSG00000011405
PIK3C2B,ENSSSCG00000015283,ENSG00000133056
PIK3C2G,ENSSSCG00000000591,ENSG00000139144
PIK3C3,ENSSSCG00000003749,ENSG00000078142
PIK3CA,ENSSSCG00000030413,ENSG00000121879
PIK3CB,ENSSSCG00000021203,ENSG00000051382
PIK3CD,ENSSSCG00000003395,ENSG00000171608
PIK3CG,ENSSSCG00000027272,ENSG00000105851
PIK3IP1,ENSSSCG00000010026,ENSG00000100100
PIK3R1,ENSSSCG00000016958,ENSG00000145675
PIK3R2,ENSSSCG00000013900,ENSG00000105647
PIK3R4,ENSSSCG00000029094,ENSG00000196455
PIK3R5,ENSSSCG00000017991,ENSG00000141506
PIKFYVE,ENSSSCG00000016147,ENSG00000115020
PILRA,ENSSSCG00000026653,ENSG00000085514
PIM1,ENSSSCG00000001573,ENSG00000137193
PIM2,ENSSSCG00000028964,ENSG00000102096
PIM3,ENSSSCG00000032936,ENSG00000198355
PIMREG,ENSSSCG00000017893,ENSG00000129195
PIN1,ENSSSCG00000039619,ENSG00000127445
PIN4,ENSSSCG00000023312,ENSG00000102309
PINK1,ENSSSCG00000003506,ENSG00000158828
PIP,ENSSSCG00000035033,ENSG00000159763
PIP4K2A,ENSSSCG00000011079,ENSG00000150867
PIP4K2C,ENSSSCG00000000436,ENSG00000166908
PIP4P1,ENSSSCG00000038172,ENSG00000165782
PIP4P2,ENSSSCG00000006121,ENSG00000155099
PIP5K1A,ENSSSCG00000030547,ENSG00000143398
PIP5K1B,ENSSSCG00000027161,ENSG00000107242
PIP5K1C,ENSSSCG00000013490,ENSG00000186111
PIP5KL1,ENSSSCG00000005629,ENSG00000167103
PIPOX,ENSSSCG00000017781,ENSG00000179761
PIR,ENSSSCG00000012136,ENSG00000087842
PIRT,ENSSSCG00000037179,ENSG00000233670
PISD,ENSSSCG00000010032,ENSG00000241878
PITHD1,ENSSSCG00000023495,ENSG00000057757
PITPNA,ENSSSCG00000025248,ENSG00000174238
PITPNB,ENSSSCG00000009967,ENSG00000180957
PITPNC1,ENSSSCG00000017274,ENSG00000154217
PITPNM1,ENSSSCG00000012903,ENSG00000110697
PITPNM2,ENSSSCG00000009781,ENSG00000090975
PITPNM3,ENSSSCG00000017890,ENSG00000091622
PITRM1,ENSSSCG00000011157,ENSG00000107959
PITX2,ENSSSCG00000034708,ENSG00000164093
PITX3,ENSSSCG00000010578,ENSG00000107859
PIWIL1,ENSSSCG00000009749,ENSG00000125207
PIWIL2,ENSSSCG00000030228,ENSG00000197181
PIWIL3,ENSSSCG00000009950,ENSG00000184571
PIWIL4,ENSSSCG00000014959,ENSG00000134627
PJA1,ENSSSCG00000024463,ENSG00000181191
PJA2,ENSSSCG00000022845,ENSG00000198961
PJVK,ENSSSCG00000015998,ENSG00000204311
PKD1,ENSSSCG00000008041,ENSG00000008710
PKD2,ENSSSCG00000009217,ENSG00000118762
PKD2L1,ENSSSCG00000010552,ENSG00000107593
PKD2L2,ENSSSCG00000026421,ENSG00000078795
PKDCC,ENSSSCG00000008468,ENSG00000162878
PKDREJ,ENSSSCG00000035583,ENSG00000130943
PKHD1,ENSSSCG00000001746,ENSG00000170927
PKHD1L1,ENSSSCG00000006025,ENSG00000205038
PKIA,ENSSSCG00000006163,ENSG00000171033
PKIB,ENSSSCG00000004236,ENSG00000135549
PKIG,ENSSSCG00000022998,ENSG00000168734
PKM,ENSSSCG00000001930,ENSG00000067225
PKMYT1,ENSSSCG00000029264,ENSG00000127564
PKN1,ENSSSCG00000013779,ENSG00000123143
PKN2,ENSSSCG00000006927,ENSG00000065243
PKN3,ENSSSCG00000005657,ENSG00000160447
PKNOX1,ENSSSCG00000037663,ENSG00000160199
PKNOX2,ENSSSCG00000015211,ENSG00000165495
PKP1,ENSSSCG00000030694,ENSG00000081277
PKP2,ENSSSCG00000000528,ENSG00000057294
PKP3,ENSSSCG00000027302,ENSG00000184363
PKP4,ENSSSCG00000015878,ENSG00000144283
PLA1A,ENSSSCG00000011895,ENSG00000144837
PLA2G12B,ENSSSCG00000010291,ENSG00000138308
PLA2G1B,ENSSSCG00000029501,ENSG00000170890
PLA2G2A,ENSSSCG00000003494,ENSG00000188257
PLA2G2C,ENSSSCG00000003499,ENSG00000187980
PLA2G2D,ENSSSCG00000031106,ENSG00000117215
PLA2G2E,ENSSSCG00000033887,ENSG00000188784
PLA2G2F,ENSSSCG00000036504,ENSG00000158786
PLA2G3,ENSSSCG00000010023,ENSG00000100078
PLA2G4A,ENSSSCG00000023351,ENSG00000116711
PLA2G4B,ENSSSCG00000004737,ENSG00000243708
PLA2G4D,ENSSSCG00000004733,ENSG00000159337
PLA2G4E,ENSSSCG00000037292,ENSG00000188089
PLA2G4F,ENSSSCG00000004732,ENSG00000168907
PLA2G5,ENSSSCG00000034429,ENSG00000127472
PLA2G6,ENSSSCG00000000110,ENSG00000184381
PLA2G7,ENSSSCG00000001723,ENSG00000146070
PLA2R1,ENSSSCG00000015885,ENSG00000153246
PLAA,ENSSSCG00000005126,ENSG00000137055
PLAAT1,ENSSSCG00000036094,ENSG00000127252
PLAAT3,ENSSSCG00000026914,ENSG00000176485
PLAC1,ENSSSCG00000031207,ENSG00000170965
PLAC8L1,ENSSSCG00000014408,ENSG00000173261
PLAC9,ENSSSCG00000010332,ENSG00000189129
PLAG1,ENSSSCG00000006247,ENSG00000181690
PLAGL1,ENSSSCG00000004127,ENSG00000118495
PLAGL2,ENSSSCG00000007243,ENSG00000126003
PLAT,ENSSSCG00000007032,ENSG00000104368
PLAU,ENSSSCG00000010312,ENSG00000122861
PLAUR,ENSSSCG00000032434,ENSG00000011422
PLB1,ENSSSCG00000034756,ENSG00000163803
PLBD2,ENSSSCG00000009872,ENSG00000151176
PLCB1,ENSSSCG00000007056,ENSG00000182621
PLCB2,ENSSSCG00000004779,ENSG00000137841
PLCB3,ENSSSCG00000013034,ENSG00000149782
PLCB4,ENSSSCG00000007058,ENSG00000101333
PLCD1,ENSSSCG00000027550,ENSG00000187091
PLCD3,ENSSSCG00000017338,ENSG00000161714
PLCD4,ENSSSCG00000016192,ENSG00000115556
PLCE1,ENSSSCG00000010483,ENSG00000138193
PLCG1,ENSSSCG00000007356,ENSG00000124181
PLCG2,ENSSSCG00000002688,ENSG00000197943
PLCH1,ENSSSCG00000026718,ENSG00000114805
PLCH2,ENSSSCG00000029744,ENSG00000149527
PLCL1,ENSSSCG00000016083,ENSG00000115896
PLCL2,ENSSSCG00000029811,ENSG00000154822
PLCXD3,ENSSSCG00000033993,ENSG00000182836
PLCZ1,ENSSSCG00000000590,ENSG00000139151
PLD1,ENSSSCG00000011750,ENSG00000075651
PLD2,ENSSSCG00000017912,ENSG00000129219
PLD3,ENSSSCG00000025109,ENSG00000105223
PLD4,ENSSSCG00000002554,ENSG00000166428
PLD5,ENSSSCG00000021132,ENSG00000180287
PLD6,ENSSSCG00000039878,ENSG00000179598
PLEC,ENSSSCG00000039094,ENSG00000178209
PLEK,ENSSSCG00000008348,ENSG00000115956
PLEK2,ENSSSCG00000002290,ENSG00000100558
PLEKHA1,ENSSSCG00000010702,ENSG00000107679
PLEKHA2,ENSSSCG00000033367,ENSG00000169499
PLEKHA3,ENSSSCG00000049025,ENSG00000116095
PLEKHA4,ENSSSCG00000003137,ENSG00000105559
PLEKHA5,ENSSSCG00000000588,ENSG00000052126
PLEKHA6,ENSSSCG00000015281,ENSG00000143850
PLEKHA7,ENSSSCG00000013382,ENSG00000166689
PLEKHA8,ENSSSCG00000016682,ENSG00000106086
PLEKHB1,ENSSSCG00000014827,ENSG00000021300
PLEKHB2,ENSSSCG00000028679,ENSG00000115762
PLEKHD1,ENSSSCG00000002309,ENSG00000175985
PLEKHF1,ENSSSCG00000002852,ENSG00000166289
PLEKHF2,ENSSSCG00000039549,ENSG00000175895
PLEKHG1,ENSSSCG00000032778,ENSG00000120278
PLEKHG2,ENSSSCG00000030048,ENSG00000090924
PLEKHG3,ENSSSCG00000002276,ENSG00000126822
PLEKHG4,ENSSSCG00000002782,ENSG00000196155
PLEKHG5,ENSSSCG00000003376,ENSG00000171680
PLEKHG6,ENSSSCG00000000709,ENSG00000008323
PLEKHH1,ENSSSCG00000002292,ENSG00000054690
PLEKHH2,ENSSSCG00000008456,ENSG00000152527
PLEKHH3,ENSSSCG00000017391,ENSG00000068137
PLEKHJ1,ENSSSCG00000013453,ENSG00000104886
PLEKHM1,ENSSSCG00000017325,ENSG00000225190
PLEKHM2,ENSSSCG00000003468,ENSG00000116786
PLEKHM3,ENSSSCG00000016141,ENSG00000178385
PLEKHN1,ENSSSCG00000030000,ENSG00000187583
PLEKHO1,ENSSSCG00000022784,ENSG00000023902
PLEKHO2,ENSSSCG00000004547,ENSG00000241839
PLEKHS1,ENSSSCG00000034754,ENSG00000148735
PLET1,ENSSSCG00000032149,ENSG00000188771
PLG,ENSSSCG00000004038,ENSG00000122194
PLGRKT,ENSSSCG00000005212,ENSG00000107020
PLIN1,ENSSSCG00000001844,ENSG00000166819
PLIN2,ENSSSCG00000035863,ENSG00000147872
PLIN3,ENSSSCG00000038954,ENSG00000105355
PLIN4,ENSSSCG00000013512,ENSG00000167676
PLIN5,ENSSSCG00000013513,ENSG00000214456
PLK1,ENSSSCG00000026748,ENSG00000166851
PLK2,ENSSSCG00000016925,ENSG00000145632
PLK3,ENSSSCG00000003928,ENSG00000173846
PLK5,ENSSSCG00000013434,ENSG00000185988
PLLP,ENSSSCG00000002818,ENSG00000102934
PLOD1,ENSSSCG00000003433,ENSG00000083444
PLOD2,ENSSSCG00000011689,ENSG00000152952
PLOD3,ENSSSCG00000028879,ENSG00000106397
PLP1,ENSSSCG00000012536,ENSG00000123560
PLP2,ENSSSCG00000012294,ENSG00000102007
PLPBP,ENSSSCG00000015826,ENSG00000147471
PLPP1,ENSSSCG00000016912,ENSG00000067113
PLPP2,ENSSSCG00000014004,ENSG00000141934
PLPP3,ENSSSCG00000003839,ENSG00000162407
PLPP4,ENSSSCG00000010691,ENSG00000203805
PLPP5,ENSSSCG00000015819,ENSG00000147535
PLPP6,ENSSSCG00000005220,ENSG00000205808
PLPP7,ENSSSCG00000005713,ENSG00000160539
PLPPR1,ENSSSCG00000005393,ENSG00000148123
PLPPR2,ENSSSCG00000045953,ENSG00000105520
PLPPR3,ENSSSCG00000037432,ENSG00000129951
PLPPR4,ENSSSCG00000006875,ENSG00000117600
PLPPR5,ENSSSCG00000006876,ENSG00000117598
PLRG1,ENSSSCG00000008996,ENSG00000171566
PLS1,ENSSSCG00000011680,ENSG00000120756
PLS3,ENSSSCG00000012597,ENSG00000102024
PLSCR1,ENSSSCG00000035634,ENSG00000188313
PLSCR3,ENSSSCG00000029391,ENSG00000187838
PLSCR4,ENSSSCG00000011690,ENSG00000114698
PLSCR5,ENSSSCG00000011691,ENSG00000231213
PLTP,ENSSSCG00000007435,ENSG00000100979
PLVAP,ENSSSCG00000037025,ENSG00000130300
PLXDC1,ENSSSCG00000017511,ENSG00000161381
PLXDC2,ENSSSCG00000032444,ENSG00000120594
PLXNA1,ENSSSCG00000024001,ENSG00000114554
PLXNA2,ENSSSCG00000026412,ENSG00000076356
PLXNA3,ENSSSCG00000023483,ENSG00000130827
PLXNA4,ENSSSCG00000021562,ENSG00000221866
PLXNB1,ENSSSCG00000011346,ENSG00000164050
PLXNB2,ENSSSCG00000035733,ENSG00000196576
PLXNB3,ENSSSCG00000012780,ENSG00000198753
PLXNC1,ENSSSCG00000000907,ENSG00000136040
PLXND1,ENSSSCG00000011592,ENSG00000004399
PM20D1,ENSSSCG00000021041,ENSG00000162877
PM20D2,ENSSSCG00000004314,ENSG00000146281
PMAIP1,ENSSSCG00000026454,ENSG00000141682
PMCH,ENSSSCG00000000858,ENSG00000183395
PMEL,ENSSSCG00000000371,ENSG00000185664
PMEPA1,ENSSSCG00000034259,ENSG00000124225
PMFBP1,ENSSSCG00000002747,ENSG00000118557
PML,ENSSSCG00000001912,ENSG00000140464
PMM1,ENSSSCG00000000061,ENSG00000100417
PMM2,ENSSSCG00000021236,ENSG00000140650
PMP22,ENSSSCG00000037832,ENSG00000109099
PMPCA,ENSSSCG00000031413,ENSG00000165688
PMPCB,ENSSSCG00000015422,ENSG00000105819
PMS1,ENSSSCG00000016045,ENSG00000064933
PMS2,ENSSSCG00000007590,ENSG00000122512
PNCK,ENSSSCG00000012773,ENSG00000130822
PNISR,ENSSSCG00000037594,ENSG00000132424
PNKD,ENSSSCG00000029002,ENSG00000127838
PNKP,ENSSSCG00000003195,ENSG00000039650
PNLDC1,ENSSSCG00000004046,ENSG00000146453
PNLIP,ENSSSCG00000010658,ENSG00000175535
PNLIPRP1,ENSSSCG00000010659,ENSG00000187021
PNLIPRP2,ENSSSCG00000010660,ENSG00000266200
PNLIPRP3,ENSSSCG00000010657,ENSG00000203837
PNMA2,ENSSSCG00000009659,ENSG00000240694
PNMA5,ENSSSCG00000038758,ENSG00000198883
PNMT,ENSSSCG00000017501,ENSG00000141744
PNN,ENSSSCG00000022828,ENSG00000100941
PNO1,ENSSSCG00000008352,ENSG00000115946
PNOC,ENSSSCG00000032600,ENSG00000168081
PNP,ENSSSCG00000002135,ENSG00000198805
PNPLA1,ENSSSCG00000001559,ENSG00000180316
PNPLA2,ENSSSCG00000012841,ENSG00000177666
PNPLA3,ENSSSCG00000027266,ENSG00000100344
PNPLA6,ENSSSCG00000013572,ENSG00000032444
PNPLA7,ENSSSCG00000034978,ENSG00000130653
PNPLA8,ENSSSCG00000015446,ENSG00000135241
PNPO,ENSSSCG00000032782,ENSG00000108439
PNPT1,ENSSSCG00000031882,ENSG00000138035
PNRC1,ENSSSCG00000039953,ENSG00000146278
PNRC2,ENSSSCG00000023326,ENSG00000189266
POC1A,ENSSSCG00000011426,ENSG00000164087
POC1B,ENSSSCG00000000920,ENSG00000139323
POC5,ENSSSCG00000014084,ENSG00000152359
PODN,ENSSSCG00000027114,ENSG00000174348
PODNL1,ENSSSCG00000013762,ENSG00000132000
PODXL,ENSSSCG00000016548,ENSG00000128567
PODXL2,ENSSSCG00000021397,ENSG00000114631
POF1B,ENSSSCG00000012462,ENSG00000124429
POFUT1,ENSSSCG00000007244,ENSG00000101346
POFUT2,ENSSSCG00000012088,ENSG00000186866
POGK,ENSSSCG00000006319,ENSG00000143157
POGLUT1,ENSSSCG00000032313,ENSG00000163389
POGLUT2,ENSSSCG00000009532,ENSG00000134901
POGLUT3,ENSSSCG00000015009,ENSG00000178202
POGZ,ENSSSCG00000006622,ENSG00000143442
POLA1,ENSSSCG00000022240,ENSG00000101868
POLA2,ENSSSCG00000012997,ENSG00000014138
POLB,ENSSSCG00000007031,ENSG00000070501
POLD1,ENSSSCG00000003216,ENSG00000062822
POLD2,ENSSSCG00000016753,ENSG00000106628
POLD3,ENSSSCG00000027506,ENSG00000077514
POLD4,ENSSSCG00000012916,ENSG00000175482
POLDIP2,ENSSSCG00000028920,ENSG00000004142
POLDIP3,ENSSSCG00000000039,ENSG00000100227
POLE,ENSSSCG00000033051,ENSG00000177084
POLE2,ENSSSCG00000005008,ENSG00000100479
POLE3,ENSSSCG00000005478,ENSG00000148229
POLE4,ENSSSCG00000038307,ENSG00000115350
POLG,ENSSSCG00000001838,ENSG00000140521
POLG2,ENSSSCG00000036057,ENSG00000256525
POLH,ENSSSCG00000001683,ENSG00000170734
POLI,ENSSSCG00000004529,ENSG00000101751
POLK,ENSSSCG00000014082,ENSG00000122008
POLL,ENSSSCG00000010564,ENSG00000166169
POLM,ENSSSCG00000016755,ENSG00000122678
POLN,ENSSSCG00000027718,ENSG00000130997
POLQ,ENSSSCG00000036613,ENSG00000051341
POLR1A,ENSSSCG00000008226,ENSG00000068654
POLR1B,ENSSSCG00000008098,ENSG00000125630
POLR1C,ENSSSCG00000028007,ENSG00000171453
POLR1E,ENSSSCG00000005347,ENSG00000137054
POLR1F,ENSSSCG00000025298,ENSG00000105849
POLR1G,ENSSSCG00000020754,ENSG00000117877
POLR2A,ENSSSCG00000028278,ENSG00000181222
POLR2B,ENSSSCG00000022955,ENSG00000047315
POLR2C,ENSSSCG00000025454,ENSG00000102978
POLR2D,ENSSSCG00000039230,ENSG00000144231
POLR2E,ENSSSCG00000021472,ENSG00000099817
POLR2F,ENSSSCG00000000116,ENSG00000100142
POLR2G,ENSSSCG00000025571,ENSG00000168002
POLR2H,ENSSSCG00000022507,ENSG00000163882
POLR2I,ENSSSCG00000039196,ENSG00000105258
POLR2J,ENSSSCG00000007688,ENSG00000005075
POLR2K,ENSSSCG00000021180,ENSG00000147669
POLR2M,ENSSSCG00000030605,ENSG00000255529
POLR3A,ENSSSCG00000010327,ENSG00000148606
POLR3C,ENSSSCG00000006691,ENSG00000186141
POLR3D,ENSSSCG00000009622,ENSG00000168495
POLR3E,ENSSSCG00000007840,ENSG00000058600
POLR3F,ENSSSCG00000007095,ENSG00000132664
POLR3G,ENSSSCG00000026233,ENSG00000113356
POLR3GL,ENSSSCG00000006682,ENSG00000121851
POLR3H,ENSSSCG00000000063,ENSG00000100413
POLR3K,ENSSSCG00000007970,ENSG00000161980
POLRMT,ENSSSCG00000035693,ENSG00000099821
POM121C,ENSSSCG00000007705,ENSG00000272391
POMC,ENSSSCG00000021155,ENSG00000115138
POMGNT1,ENSSSCG00000029145,ENSG00000085998
POMGNT2,ENSSSCG00000011293,ENSG00000144647
POMK,ENSSSCG00000031510,ENSG00000185900
POMP,ENSSSCG00000037170,ENSG00000132963
POMT1,ENSSSCG00000005716,ENSG00000130714
POMT2,ENSSSCG00000002397,ENSG00000009830
PON1,ENSSSCG00000015332,ENSG00000005421
PON2,ENSSSCG00000015331,ENSG00000105854
PON3,ENSSSCG00000029515,ENSG00000105852
POP1,ENSSSCG00000006078,ENSG00000104356
POP4,ENSSSCG00000002854,ENSG00000105171
POP5,ENSSSCG00000009912,ENSG00000167272
POP7,ENSSSCG00000007672,ENSG00000172336
POPDC2,ENSSSCG00000011894,ENSG00000121577
POPDC3,ENSSSCG00000004367,ENSG00000132429
POR,ENSSSCG00000038320,ENSG00000127948
PORCN,ENSSSCG00000024793,ENSG00000102312
POSTN,ENSSSCG00000009361,ENSG00000133110
POT1,ENSSSCG00000016597,ENSG00000128513
POU1F1,ENSSSCG00000011996,ENSG00000064835
POU2AF1,ENSSSCG00000015016,ENSG00000110777
POU2AF2,ENSSSCG00000015018,ENSG00000150750
POU2AF3,ENSSSCG00000015019,ENSG00000214290
POU2F1,ENSSSCG00000006310,ENSG00000143190
POU2F2,ENSSSCG00000037132,ENSG00000028277
POU2F3,ENSSSCG00000028237,ENSG00000137709
POU3F1,ENSSSCG00000003646,ENSG00000185668
POU3F3,ENSSSCG00000022096,ENSG00000198914
POU3F4,ENSSSCG00000012454,ENSG00000196767
POU4F1,ENSSSCG00000025334,ENSG00000152192
POU4F2,ENSSSCG00000026015,ENSG00000151615
POU4F3,ENSSSCG00000014412,ENSG00000091010
POU6F1,ENSSSCG00000000220,ENSG00000184271
POU6F2,ENSSSCG00000037764,ENSG00000106536
PP2D1,ENSSSCG00000027327,ENSG00000183977
PPA1,ENSSSCG00000010261,ENSG00000180817
PPA2,ENSSSCG00000022788,ENSG00000138777
PPAN,ENSSSCG00000013662,ENSG00000130810
PPARA,ENSSSCG00000000006,ENSG00000186951
PPARD,ENSSSCG00000001539,ENSG00000112033
PPARG,ENSSSCG00000011579,ENSG00000132170
PPARGC1A,ENSSSCG00000029275,ENSG00000109819
PPARGC1B,ENSSSCG00000014437,ENSG00000155846
PPAT,ENSSSCG00000008902,ENSG00000128059
PPBP,ENSSSCG00000037579,ENSG00000163736
PPCDC,ENSSSCG00000027478,ENSG00000138621
PPDPF,ENSSSCG00000040118,ENSG00000125534
PPEF1,ENSSSCG00000030274,ENSG00000086717
PPEF2,ENSSSCG00000008972,ENSG00000156194
PPFIA1,ENSSSCG00000037451,ENSG00000131626
PPFIA2,ENSSSCG00000000940,ENSG00000139220
PPFIA3,ENSSSCG00000022324,ENSG00000177380
PPFIA4,ENSSSCG00000015474,ENSG00000143847
PPFIBP1,ENSSSCG00000000549,ENSG00000110841
PPFIBP2,ENSSSCG00000014598,ENSG00000166387
PPHLN1,ENSSSCG00000000793,ENSG00000134283
PPIA,ENSSSCG00000016737,ENSG00000196262
PPIB,ENSSSCG00000034137,ENSG00000166794
PPIC,ENSSSCG00000031128,ENSG00000168938
PPID,ENSSSCG00000008878,ENSG00000171497
PPIE,ENSSSCG00000003664,ENSG00000084072
PPIF,ENSSSCG00000010330,ENSG00000108179
PPIG,ENSSSCG00000031123,ENSG00000138398
PPIH,ENSSSCG00000003964,ENSG00000171960
PPIL1,ENSSSCG00000040984,ENSG00000137168
PPIL2,ENSSSCG00000010083,ENSG00000100023
PPIL3,ENSSSCG00000016096,ENSG00000240344
PPIL4,ENSSSCG00000028867,ENSG00000131013
PPIL6,ENSSSCG00000004413,ENSG00000185250
PPIP5K1,ENSSSCG00000004704,ENSG00000168781
PPIP5K2,ENSSSCG00000024999,ENSG00000145725
PPL,ENSSSCG00000007927,ENSG00000118898
PPM1A,ENSSSCG00000005084,ENSG00000100614
PPM1B,ENSSSCG00000008451,ENSG00000138032
PPM1D,ENSSSCG00000026665,ENSG00000170836
PPM1E,ENSSSCG00000038932,ENSG00000175175
PPM1F,ENSSSCG00000010079,ENSG00000100034
PPM1G,ENSSSCG00000027135,ENSG00000115241
PPM1H,ENSSSCG00000036751,ENSG00000111110
PPM1J,ENSSSCG00000006774,ENSG00000155367
PPM1K,ENSSSCG00000038867,ENSG00000163644
PPM1L,ENSSSCG00000023434,ENSG00000163590
PPM1M,ENSSSCG00000011434,ENSG00000164088
PPM1N,ENSSSCG00000037001,ENSG00000213889
PPME1,ENSSSCG00000020856,ENSG00000214517
PPOX,ENSSSCG00000006361,ENSG00000143224
PPP1CA,ENSSSCG00000012913,ENSG00000172531
PPP1CB,ENSSSCG00000008540,ENSG00000213639
PPP1CC,ENSSSCG00000009828,ENSG00000186298
PPP1R12A,ENSSSCG00000038973,ENSG00000058272
PPP1R12B,ENSSSCG00000010925,ENSG00000077157
PPP1R12C,ENSSSCG00000027189,ENSG00000125503
PPP1R13B,ENSSSCG00000002544,ENSG00000088808
PPP1R13L,ENSSSCG00000036542,ENSG00000104881
PPP1R14A,ENSSSCG00000038077,ENSG00000167641
PPP1R14B,ENSSSCG00000037999,ENSG00000173457
PPP1R14C,ENSSSCG00000004094,ENSG00000198729
PPP1R14D,ENSSSCG00000004760,ENSG00000166143
PPP1R15A,ENSSSCG00000003155,ENSG00000087074
PPP1R15B,ENSSSCG00000015282,ENSG00000158615
PPP1R16A,ENSSSCG00000005901,ENSG00000160972
PPP1R16B,ENSSSCG00000007350,ENSG00000101445
PPP1R1A,ENSSSCG00000000298,ENSG00000135447
PPP1R1B,ENSSSCG00000017498,ENSG00000131771
PPP1R2,ENSSSCG00000039249,ENSG00000184203
PPP1R21,ENSSSCG00000008423,ENSG00000162869
PPP1R26,ENSSSCG00000005761,ENSG00000196422
PPP1R27,ENSSSCG00000037039,ENSG00000182676
PPP1R35,ENSSSCG00000007652,ENSG00000160813
PPP1R36,ENSSSCG00000002275,ENSG00000165807
PPP1R37,ENSSSCG00000037056,ENSG00000104866
PPP1R3A,ENSSSCG00000016640,ENSG00000154415
PPP1R3B,ENSSSCG00000022797,ENSG00000173281
PPP1R3C,ENSSSCG00000010464,ENSG00000119938
PPP1R3D,ENSSSCG00000007530,ENSG00000132825
PPP1R3F,ENSSSCG00000022584,ENSG00000049769
PPP1R3G,ENSSSCG00000000997,ENSG00000219607
PPP1R42,ENSSSCG00000006204,ENSG00000178125
PPP1R7,ENSSSCG00000016376,ENSG00000115685
PPP1R8,ENSSSCG00000021634,ENSG00000117751
PPP1R9A,ENSSSCG00000015329,ENSG00000158528
PPP1R9B,ENSSSCG00000017584,ENSG00000108819
PPP2CA,ENSSSCG00000014298,ENSG00000113575
PPP2CB,ENSSSCG00000015842,ENSG00000104695
PPP2R1A,ENSSSCG00000024413,ENSG00000105568
PPP2R1B,ENSSSCG00000029538,ENSG00000137713
PPP2R2A,ENSSSCG00000009657,ENSG00000221914
PPP2R2B,ENSSSCG00000028976,ENSG00000156475
PPP2R2C,ENSSSCG00000008712,ENSG00000074211
PPP2R3A,ENSSSCG00000033185,ENSG00000073711
PPP2R3B,ENSSSCG00000032029,ENSG00000167393
PPP2R3C,ENSSSCG00000031498,ENSG00000092020
PPP2R5A,ENSSSCG00000015599,ENSG00000066027
PPP2R5B,ENSSSCG00000013016,ENSG00000068971
PPP2R5C,ENSSSCG00000002540,ENSG00000078304
PPP2R5D,ENSSSCG00000001654,ENSG00000112640
PPP2R5E,ENSSSCG00000026382,ENSG00000154001
PPP3CA,ENSSSCG00000009172,ENSG00000138814
PPP3CB,ENSSSCG00000010301,ENSG00000107758
PPP3R1,ENSSSCG00000036115,ENSG00000221823
PPP4C,ENSSSCG00000036817,ENSG00000149923
PPP4R1,ENSSSCG00000003679,ENSG00000154845
PPP4R2,ENSSSCG00000037216,ENSG00000163605
PPP4R3A,ENSSSCG00000002441,ENSG00000100796
PPP4R3C,ENSSSCG00000012191,ENSG00000224960
PPP4R4,ENSSSCG00000002474,ENSG00000119698
PPP5C,ENSSSCG00000003098,ENSG00000011485
PPP6C,ENSSSCG00000005600,ENSG00000119414
PPP6R1,ENSSSCG00000003301,ENSG00000105063
PPP6R2,ENSSSCG00000000970,ENSG00000100239
PPP6R3,ENSSSCG00000012884,ENSG00000110075
PPRC1,ENSSSCG00000010575,ENSG00000148840
PPT1,ENSSSCG00000036673,ENSG00000131238
PPTC7,ENSSSCG00000009825,ENSG00000196850
PPWD1,ENSSSCG00000016945,ENSG00000113593
PPY,ENSSSCG00000017368,ENSG00000108849
PQBP1,ENSSSCG00000025264,ENSG00000102103
PRADC1,ENSSSCG00000008304,ENSG00000135617
PRAME,ENSSSCG00000036408,ENSG00000185686
PRAP1,ENSSSCG00000010792,ENSG00000165828
PRC1,ENSSSCG00000037307,ENSG00000198901
PRCC,ENSSSCG00000006467,ENSG00000143294
PRCD,ENSSSCG00000028604,ENSG00000214140
PRCP,ENSSSCG00000014899,ENSG00000137509
PRDM1,ENSSSCG00000004369,ENSG00000057657
PRDM10,ENSSSCG00000015243,ENSG00000170325
PRDM11,ENSSSCG00000013276,ENSG00000019485
PRDM12,ENSSSCG00000005703,ENSG00000130711
PRDM13,ENSSSCG00000004354,ENSG00000112238
PRDM14,ENSSSCG00000006195,ENSG00000147596
PRDM15,ENSSSCG00000012084,ENSG00000141956
PRDM16,ENSSSCG00000021490,ENSG00000142611
PRDM2,ENSSSCG00000020710,ENSG00000116731
PRDM4,ENSSSCG00000000160,ENSG00000110851
PRDM5,ENSSSCG00000009101,ENSG00000138738
PRDM6,ENSSSCG00000014238,ENSG00000061455
PRDM7,ENSSSCG00000026662,ENSG00000126856
PRDM8,ENSSSCG00000036555,ENSG00000152784
PRDX1,ENSSSCG00000003914,ENSG00000117450
PRDX2,ENSSSCG00000013736,ENSG00000167815
PRDX3,ENSSSCG00000010682,ENSG00000165672
PRDX4,ENSSSCG00000012171,ENSG00000123131
PRDX5,ENSSSCG00000013030,ENSG00000126432
PRDX6,ENSSSCG00000022742,ENSG00000117592
PREB,ENSSSCG00000008553,ENSG00000138073
PRELID1,ENSSSCG00000031182,ENSG00000169230
PRELID2,ENSSSCG00000014406,ENSG00000186314
PRELID3A,ENSSSCG00000036781,ENSG00000141391
PRELID3B,ENSSSCG00000007525,ENSG00000101166
PRELP,ENSSSCG00000015271,ENSG00000188783
PREP,ENSSSCG00000004368,ENSG00000085377
PREPL,ENSSSCG00000008448,ENSG00000138078
PREX1,ENSSSCG00000031118,ENSG00000124126
PREX2,ENSSSCG00000006199,ENSG00000046889
PRF1,ENSSSCG00000010271,ENSG00000180644
PRICKLE1,ENSSSCG00000034491,ENSG00000139174
PRICKLE2,ENSSSCG00000011495,ENSG00000163637
PRICKLE3,ENSSSCG00000012293,ENSG00000012211
PRIM1,ENSSSCG00000026055,ENSG00000198056
PRIM2,ENSSSCG00000001493,ENSG00000146143
PRIMA1,ENSSSCG00000002464,ENSG00000175785
PRIMPOL,ENSSSCG00000015786,ENSG00000164306
PRKAA1,ENSSSCG00000024598,ENSG00000132356
PRKAA2,ENSSSCG00000036145,ENSG00000162409
PRKAB1,ENSSSCG00000009840,ENSG00000111725
PRKAB2,ENSSSCG00000006703,ENSG00000131791
PRKACA,ENSSSCG00000013771,ENSG00000072062
PRKACB,ENSSSCG00000040920,ENSG00000142875
PRKAG1,ENSSSCG00000000185,ENSG00000181929
PRKAG2,ENSSSCG00000016432,ENSG00000106617
PRKAG3,ENSSSCG00000016200,ENSG00000115592
PRKAR1A,ENSSSCG00000017259,ENSG00000108946
PRKAR1B,ENSSSCG00000007542,ENSG00000188191
PRKAR2A,ENSSSCG00000011363,ENSG00000114302
PRKAR2B,ENSSSCG00000037706,ENSG00000005249
PRKCA,ENSSSCG00000017268,ENSG00000154229
PRKCB,ENSSSCG00000033674,ENSG00000166501
PRKCD,ENSSSCG00000023503,ENSG00000163932
PRKCE,ENSSSCG00000008444,ENSG00000171132
PRKCG,ENSSSCG00000003256,ENSG00000126583
PRKCH,ENSSSCG00000005095,ENSG00000027075
PRKCI,ENSSSCG00000011745,ENSG00000163558
PRKCQ,ENSSSCG00000011131,ENSG00000065675
PRKCSH,ENSSSCG00000013627,ENSG00000130175
PRKCZ,ENSSSCG00000030361,ENSG00000067606
PRKD1,ENSSSCG00000001975,ENSG00000184304
PRKD2,ENSSSCG00000026152,ENSG00000105287
PRKD3,ENSSSCG00000008495,ENSG00000115825
PRKDC,ENSSSCG00000006274,ENSG00000253729
PRKG1,ENSSSCG00000010429,ENSG00000185532
PRKG2,ENSSSCG00000009250,ENSG00000138669
PRKN,ENSSSCG00000004032,ENSG00000185345
PRKRA,ENSSSCG00000038254,ENSG00000180228
PRKRIP1,ENSSSCG00000042324,ENSG00000128563
PRKX,ENSSSCG00000038963,ENSG00000183943
PRL,ENSSSCG00000039721,ENSG00000172179
PRLHR,ENSSSCG00000037789,ENSG00000119973
PRLR,ENSSSCG00000016830,ENSG00000113494
PRM1,ENSSSCG00000021337,ENSG00000175646
PRM2,ENSSSCG00000024307,ENSG00000122304
PRMT1,ENSSSCG00000003189,ENSG00000126457
PRMT2,ENSSSCG00000022575,ENSG00000160310
PRMT3,ENSSSCG00000013347,ENSG00000185238
PRMT5,ENSSSCG00000030045,ENSG00000100462
PRMT6,ENSSSCG00000006853,ENSG00000198890
PRMT7,ENSSSCG00000002763,ENSG00000132600
PRMT8,ENSSSCG00000000730,ENSG00000111218
PRMT9,ENSSSCG00000009030,ENSG00000164169
PRND,ENSSSCG00000032923,ENSG00000171864
PRNP,ENSSSCG00000048919,ENSG00000171867
PROB1,ENSSSCG00000014347,ENSG00000228672
PROC,ENSSSCG00000023693,ENSG00000115718
PROCA1,ENSSSCG00000017770,ENSG00000167525
PROCR,ENSSSCG00000026585,ENSG00000101000
PRODH2,ENSSSCG00000002913,ENSG00000250799
PROK2,ENSSSCG00000026200,ENSG00000163421
PROKR1,ENSSSCG00000038148,ENSG00000169618
PROKR2,ENSSSCG00000037063,ENSG00000101292
PROM1,ENSSSCG00000008745,ENSG00000007062
PROM2,ENSSSCG00000008118,ENSG00000155066
PROP1,ENSSSCG00000029569,ENSG00000175325
PRORP,ENSSSCG00000001950,ENSG00000100890
PROS1,ENSSSCG00000025463,ENSG00000184500
PROSER1,ENSSSCG00000040697,ENSG00000120685
PROSER2,ENSSSCG00000022247,ENSG00000148426
PROX1,ENSSSCG00000015584,ENSG00000117707
PROX2,ENSSSCG00000002373,ENSG00000119608
PRP4K,ENSSSCG00000001002,ENSG00000112739
PRPF18,ENSSSCG00000026354,ENSG00000165630
PRPF19,ENSSSCG00000013107,ENSG00000110107
PRPF3,ENSSSCG00000030119,ENSG00000117360
PRPF31,ENSSSCG00000003263,ENSG00000105618
PRPF38A,ENSSSCG00000028288,ENSG00000134748
PRPF39,ENSSSCG00000004997,ENSG00000185246
PRPF4,ENSSSCG00000024648,ENSG00000136875
PRPF40A,ENSSSCG00000015867,ENSG00000196504
PRPF40B,ENSSSCG00000000204,ENSG00000110844
PRPF6,ENSSSCG00000029119,ENSG00000101161
PRPF8,ENSSSCG00000017817,ENSG00000174231
PRPH,ENSSSCG00000000195,ENSG00000135406
PRPH2,ENSSSCG00000031628,ENSG00000112619
PRPS1,ENSSSCG00000012560,ENSG00000147224
PRPSAP1,ENSSSCG00000017184,ENSG00000161542
PRPSAP2,ENSSSCG00000018049,ENSG00000141127
PRR11,ENSSSCG00000024145,ENSG00000068489
PRR13,ENSSSCG00000000273,ENSG00000205352
PRR14,ENSSSCG00000007790,ENSG00000156858
PRR14L,ENSSSCG00000010033,ENSG00000183530
PRR15,ENSSSCG00000016686,ENSG00000176532
PRR16,ENSSSCG00000039760,ENSG00000184838
PRR19,ENSSSCG00000003024,ENSG00000188368
PRR30,ENSSSCG00000008552,ENSG00000186143
PRR32,ENSSSCG00000012647,ENSG00000183631
PRR35,ENSSSCG00000007989,ENSG00000161992
PRR36,ENSSSCG00000013584,ENSG00000183248
PRR5,ENSSSCG00000021748,ENSG00000186654
PRR5L,ENSSSCG00000013292,ENSG00000135362
PRR7,ENSSSCG00000040698,ENSG00000131188
PRR9,ENSSSCG00000046524,ENSG00000203783
PRRC1,ENSSSCG00000014252,ENSG00000164244
PRRC2C,ENSSSCG00000015480,ENSG00000117523
PRRG1,ENSSSCG00000027777,ENSG00000130962
PRRG2,ENSSSCG00000003161,ENSG00000126460
PRRG3,ENSSSCG00000026254,ENSG00000130032
PRRG4,ENSSSCG00000013313,ENSG00000135378
PRRT2,ENSSSCG00000027970,ENSG00000167371
PRRT3,ENSSSCG00000011561,ENSG00000163704
PRRT4,ENSSSCG00000037087,ENSG00000224940
PRRX1,ENSSSCG00000031503,ENSG00000116132
PRRX2,ENSSSCG00000005680,ENSG00000167157
PRSS12,ENSSSCG00000009114,ENSG00000164099
PRSS16,ENSSSCG00000025410,ENSG00000112812
PRSS21,ENSSSCG00000022744,ENSG00000007038
PRSS22,ENSSSCG00000035594,ENSG00000005001
PRSS23,ENSSSCG00000014921,ENSG00000150687
PRSS27,ENSSSCG00000008062,ENSG00000172382
PRSS33,ENSSSCG00000030518,ENSG00000103355
PRSS35,ENSSSCG00000004452,ENSG00000146250
PRSS36,ENSSSCG00000007760,ENSG00000178226
PRSS37,ENSSSCG00000029612,ENSG00000165076
PRSS48,ENSSSCG00000009017,ENSG00000189099
PRSS53,ENSSSCG00000007765,ENSG00000151006
PRSS54,ENSSSCG00000028587,ENSG00000103023
PRSS56,ENSSSCG00000016286,ENSG00000237412
PRSS57,ENSSSCG00000020780,ENSG00000185198
PRSS58,ENSSSCG00000016485,ENSG00000258223
PRSS8,ENSSSCG00000038600,ENSG00000052344
PRTFDC1,ENSSSCG00000028135,ENSG00000099256
PRTG,ENSSSCG00000035798,ENSG00000166450
PRTN3,ENSSSCG00000013417,ENSG00000196415
PRUNE1,ENSSSCG00000006641,ENSG00000143363
PRX,ENSSSCG00000038439,ENSG00000105227
PRXL2A,ENSSSCG00000010340,ENSG00000122378
PRXL2B,ENSSSCG00000026554,ENSG00000157870
PRXL2C,ENSSSCG00000011169,ENSG00000158122
PSAP,ENSSSCG00000010281,ENSG00000197746
PSAT1,ENSSSCG00000005287,ENSG00000135069
PSCA,ENSSSCG00000035372,ENSG00000167653
PSD,ENSSSCG00000010581,ENSG00000059915
PSD2,ENSSSCG00000029541,ENSG00000146005
PSD3,ENSSSCG00000007034,ENSG00000156011
PSEN1,ENSSSCG00000002340,ENSG00000080815
PSEN2,ENSSSCG00000010860,ENSG00000143801
PSENEN,ENSSSCG00000032059,ENSG00000205155
PSIP1,ENSSSCG00000005183,ENSG00000164985
PSKH1,ENSSSCG00000040313,ENSG00000159792
PSMA1,ENSSSCG00000013391,ENSG00000129084
PSMA2,ENSSSCG00000039582,ENSG00000106588
PSMA3,ENSSSCG00000005072,ENSG00000100567
PSMA4,ENSSSCG00000036924,ENSG00000041357
PSMA5,ENSSSCG00000006830,ENSG00000143106
PSMA7,ENSSSCG00000033332,ENSG00000101182
PSMA8,ENSSSCG00000003717,ENSG00000154611
PSMB1,ENSSSCG00000027257,ENSG00000008018
PSMB10,ENSSSCG00000031781,ENSG00000205220
PSMB11,ENSSSCG00000002038,ENSG00000222028
PSMB2,ENSSSCG00000035914,ENSG00000126067
PSMB4,ENSSSCG00000034984,ENSG00000159377
PSMB6,ENSSSCG00000017913,ENSG00000142507
PSMB7,ENSSSCG00000005590,ENSG00000136930
PSMC1,ENSSSCG00000002433,ENSG00000100764
PSMC2,ENSSSCG00000015424,ENSG00000161057
PSMC3,ENSSSCG00000013239,ENSG00000165916
PSMC3IP,ENSSSCG00000017396,ENSG00000131470
PSMC4,ENSSSCG00000039235,ENSG00000013275
PSMC5,ENSSSCG00000017287,ENSG00000087191
PSMC6,ENSSSCG00000005038,ENSG00000100519
PSMD1,ENSSSCG00000016272,ENSG00000173692
PSMD10,ENSSSCG00000033180,ENSG00000101843
PSMD11,ENSSSCG00000017731,ENSG00000108671
PSMD12,ENSSSCG00000017273,ENSG00000197170
PSMD13,ENSSSCG00000014559,ENSG00000185627
PSMD14,ENSSSCG00000015892,ENSG00000115233
PSMD2,ENSSSCG00000046387,ENSG00000175166
PSMD3,ENSSSCG00000017489,ENSG00000108344
PSMD4,ENSSSCG00000006628,ENSG00000159352
PSMD5,ENSSSCG00000005507,ENSG00000095261
PSMD6,ENSSSCG00000011494,ENSG00000163636
PSMD7,ENSSSCG00000032908,ENSG00000103035
PSMD8,ENSSSCG00000036658,ENSG00000099341
PSMD9,ENSSSCG00000036483,ENSG00000110801
PSME1,ENSSSCG00000002006,ENSG00000092010
PSME2,ENSSSCG00000002004,ENSG00000100911
PSME3,ENSSSCG00000017385,ENSG00000131467
PSME3IP1,ENSSSCG00000034414,ENSG00000172775
PSME4,ENSSSCG00000008412,ENSG00000068878
PSMF1,ENSSSCG00000038854,ENSG00000125818
PSMG2,ENSSSCG00000031730,ENSG00000128789
PSMG3,ENSSSCG00000007556,ENSG00000157778
PSPC1,ENSSSCG00000009569,ENSG00000121390
PSPH,ENSSSCG00000007748,ENSG00000146733
PSPN,ENSSSCG00000013540,ENSG00000125650
PSRC1,ENSSSCG00000036975,ENSG00000134222
PSTK,ENSSSCG00000010721,ENSG00000179988
PSTPIP1,ENSSSCG00000001867,ENSG00000140368
PTAFR,ENSSSCG00000031788,ENSG00000169403
PTAR1,ENSSSCG00000005252,ENSG00000188647
PTBP1,ENSSSCG00000013421,ENSG00000011304
PTBP2,ENSSSCG00000006879,ENSG00000117569
PTBP3,ENSSSCG00000005466,ENSG00000119314
PTCD1,ENSSSCG00000007622,ENSG00000106246
PTCD2,ENSSSCG00000016975,ENSG00000049883
PTCD3,ENSSSCG00000008225,ENSG00000132300
PTCH1,ENSSSCG00000027312,ENSG00000185920
PTCH2,ENSSSCG00000031977,ENSG00000117425
PTCHD1,ENSSSCG00000032433,ENSG00000165186
PTCHD4,ENSSSCG00000001729,ENSG00000244694
PTCRA,ENSSSCG00000001650,ENSG00000171611
PTDSS1,ENSSSCG00000006089,ENSG00000156471
PTDSS2,ENSSSCG00000037427,ENSG00000174915
PTEN,ENSSSCG00000010440,ENSG00000171862
PTER,ENSSSCG00000022953,ENSG00000165983
PTF1A,ENSSSCG00000030662,ENSG00000168267
PTGDR2,ENSSSCG00000013106,ENSG00000183134
PTGDS,ENSSSCG00000040080,ENSG00000107317
PTGER1,ENSSSCG00000013782,ENSG00000160951
PTGER2,ENSSSCG00000021862,ENSG00000125384
PTGER3,ENSSSCG00000003788,ENSG00000050628
PTGER4,ENSSSCG00000024439,ENSG00000171522
PTGES,ENSSSCG00000005688,ENSG00000148344
PTGES2,ENSSSCG00000022655,ENSG00000148334
PTGES3,ENSSSCG00000000406,ENSG00000110958
PTGES3L,ENSSSCG00000035199,ENSG00000267060
PTGFR,ENSSSCG00000039548,ENSG00000122420
PTGFRN,ENSSSCG00000006735,ENSG00000134247
PTGIR,ENSSSCG00000026602,ENSG00000160013
PTGIS,ENSSSCG00000007463,ENSG00000124212
PTGR1,ENSSSCG00000021386,ENSG00000106853
PTGR2,ENSSSCG00000002351,ENSG00000140043
PTGR3,ENSSSCG00000032488,ENSG00000180011
PTGS1,ENSSSCG00000005533,ENSG00000095303
PTGS2,ENSSSCG00000015579,ENSG00000073756
PTH,ENSSSCG00000013394,ENSG00000152266
PTH1R,ENSSSCG00000011326,ENSG00000160801
PTH2,ENSSSCG00000003171,ENSG00000142538
PTH2R,ENSSSCG00000016148,ENSG00000144407
PTHLH,ENSSSCG00000036893,ENSG00000087494
PTK2,ENSSSCG00000038397,ENSG00000169398
PTK2B,ENSSSCG00000009664,ENSG00000120899
PTK6,ENSSSCG00000031474,ENSG00000101213
PTK7,ENSSSCG00000001660,ENSG00000112655
PTMA,ENSSSCG00000037274,ENSG00000187514
PTMS,ENSSSCG00000022176,ENSG00000159335
PTN,ENSSSCG00000016522,ENSG00000105894
PTOV1,ENSSSCG00000003196,ENSG00000104960
PTP4A1,ENSSSCG00000025941,ENSG00000112245
PTP4A2,ENSSSCG00000039885,ENSG00000184007
PTP4A3,ENSSSCG00000036569,ENSG00000184489
PTPA,ENSSSCG00000005672,ENSG00000119383
PTPDC1,ENSSSCG00000021704,ENSG00000158079
PTPMT1,ENSSSCG00000013226,ENSG00000110536
PTPN1,ENSSSCG00000007469,ENSG00000196396
PTPN11,ENSSSCG00000030289,ENSG00000179295
PTPN12,ENSSSCG00000015411,ENSG00000127947
PTPN13,ENSSSCG00000026655,ENSG00000163629
PTPN14,ENSSSCG00000015582,ENSG00000152104
PTPN18,ENSSSCG00000015735,ENSG00000072135
PTPN2,ENSSSCG00000021738,ENSG00000175354
PTPN20,ENSSSCG00000010377,ENSG00000204179
PTPN21,ENSSSCG00000002425,ENSG00000070778
PTPN22,ENSSSCG00000006764,ENSG00000134242
PTPN23,ENSSSCG00000032957,ENSG00000076201
PTPN3,ENSSSCG00000005449,ENSG00000070159
PTPN4,ENSSSCG00000015743,ENSG00000088179
PTPN5,ENSSSCG00000013358,ENSG00000110786
PTPN6,ENSSSCG00000025537,ENSG00000111679
PTPN7,ENSSSCG00000037669,ENSG00000143851
PTPN9,ENSSSCG00000001878,ENSG00000169410
PTPRA,ENSSSCG00000007166,ENSG00000132670
PTPRB,ENSSSCG00000000504,ENSG00000127329
PTPRCAP,ENSSSCG00000012909,ENSG00000213402
PTPRD,ENSSSCG00000005194,ENSG00000153707
PTPRE,ENSSSCG00000010755,ENSG00000132334
PTPRF,ENSSSCG00000035849,ENSG00000142949
PTPRG,ENSSSCG00000011485,ENSG00000144724
PTPRH,ENSSSCG00000024567,ENSG00000080031
PTPRJ,ENSSSCG00000023709,ENSG00000149177
PTPRK,ENSSSCG00000004209,ENSG00000152894
PTPRM,ENSSSCG00000028805,ENSG00000173482
PTPRN,ENSSSCG00000016218,ENSG00000054356
PTPRN2,ENSSSCG00000026661,ENSG00000155093
PTPRO,ENSSSCG00000000601,ENSG00000151490
PTPRQ,ENSSSCG00000031716,ENSG00000139304
PTPRR,ENSSSCG00000025969,ENSG00000153233
PTPRS,ENSSSCG00000028612,ENSG00000105426
PTPRT,ENSSSCG00000038990,ENSG00000196090
PTPRU,ENSSSCG00000003590,ENSG00000060656
PTPRZ1,ENSSSCG00000016614,ENSG00000106278
PTRH1,ENSSSCG00000005615,ENSG00000187024
PTRH2,ENSSSCG00000017667,ENSG00000141378
PTS,ENSSSCG00000015040,ENSG00000150787
PTTG1,ENSSSCG00000017032,ENSG00000164611
PTTG1IP,ENSSSCG00000031249,ENSG00000183255
PTX3,ENSSSCG00000011727,ENSG00000163661
PTX4,ENSSSCG00000037262,ENSG00000251692
PUF60,ENSSSCG00000038800,ENSG00000179950
PUM1,ENSSSCG00000003591,ENSG00000134644
PUM2,ENSSSCG00000008600,ENSG00000055917
PUM3,ENSSSCG00000005227,ENSG00000080608
PURA,ENSSSCG00000050498,ENSG00000185129
PURB,ENSSSCG00000032464,ENSG00000146676
PURG,ENSSSCG00000038933,ENSG00000172733
PUS1,ENSSSCG00000009741,ENSG00000177192
PUS10,ENSSSCG00000008385,ENSG00000162927
PUS3,ENSSSCG00000015222,ENSG00000110060
PUS7,ENSSSCG00000015428,ENSG00000091127
PUS7L,ENSSSCG00000000800,ENSG00000129317
PUSL1,ENSSSCG00000003338,ENSG00000169972
PVALB,ENSSSCG00000000138,ENSG00000100362
PVR,ENSSSCG00000003079,ENSG00000073008
PVRIG,ENSSSCG00000007656,ENSG00000213413
PWP1,ENSSSCG00000000161,ENSG00000136045
PWP2,ENSSSCG00000029627,ENSG00000241945
PWWP2A,ENSSSCG00000017038,ENSG00000170234
PWWP2B,ENSSSCG00000023681,ENSG00000171813
PWWP3A,ENSSSCG00000013426,ENSG00000160953
PWWP3B,ENSSSCG00000012548,ENSG00000157502
PXDC1,ENSSSCG00000025582,ENSG00000168994
PXDN,ENSSSCG00000029570,ENSG00000130508
PXK,ENSSSCG00000011474,ENSG00000168297
PXMP2,ENSSSCG00000045726,ENSG00000176894
PXMP4,ENSSSCG00000034625,ENSG00000101417
PXN,ENSSSCG00000040546,ENSG00000089159
PXT1,ENSSSCG00000036420,ENSG00000179165
PXYLP1,ENSSSCG00000011670,ENSG00000155893
PYCARD,ENSSSCG00000040811,ENSG00000103490
PYCR1,ENSSSCG00000034723,ENSG00000183010
PYCR2,ENSSSCG00000010855,ENSG00000143811
PYCR3,ENSSSCG00000032763,ENSG00000104524
PYGB,ENSSSCG00000022815,ENSG00000100994
PYGL,ENSSSCG00000005024,ENSG00000100504
PYGM,ENSSSCG00000013022,ENSG00000068976
PYGO1,ENSSSCG00000004607,ENSG00000171016
PYM1,ENSSSCG00000040825,ENSG00000170473
PYROXD1,ENSSSCG00000000583,ENSG00000121350
PYROXD2,ENSSSCG00000010533,ENSG00000119943
PYY,ENSSSCG00000025414,ENSG00000131096
QARS1,ENSSSCG00000032031,ENSG00000172053
QDPR,ENSSSCG00000034811,ENSG00000151552
QNG1,ENSSSCG00000034203,ENSG00000165118
QPCT,ENSSSCG00000008491,ENSG00000115828
QPCTL,ENSSSCG00000032819,ENSG00000011478
QPRT,ENSSSCG00000027454,ENSG00000103485
QRFP,ENSSSCG00000005705,ENSG00000188710
QRFPR,ENSSSCG00000009098,ENSG00000186867
QRICH2,ENSSSCG00000021342,ENSG00000129646
QRSL1,ENSSSCG00000004374,ENSG00000130348
QSER1,ENSSSCG00000013314,ENSG00000060749
QSOX1,ENSSSCG00000015535,ENSG00000116260
QSOX2,ENSSSCG00000040163,ENSG00000165661
QTRT1,ENSSSCG00000013637,ENSG00000213339
QTRT2,ENSSSCG00000011912,ENSG00000151576
R3HCC1,ENSSSCG00000039915,ENSG00000104679
R3HCC1L,ENSSSCG00000010531,ENSG00000166024
R3HDM1,ENSSSCG00000015692,ENSG00000048991
R3HDM2,ENSSSCG00000026498,ENSG00000179912
R3HDM4,ENSSSCG00000013419,ENSG00000198858
R3HDML,ENSSSCG00000007370,ENSG00000101074
RAB10,ENSSSCG00000008573,ENSG00000084733
RAB11A,ENSSSCG00000032312,ENSG00000103769
RAB11B,ENSSSCG00000013600,ENSG00000185236
RAB11FIP1,ENSSSCG00000015823,ENSG00000156675
RAB11FIP2,ENSSSCG00000010672,ENSG00000107560
RAB11FIP3,ENSSSCG00000035854,ENSG00000090565
RAB11FIP4,ENSSSCG00000017747,ENSG00000131242
RAB11FIP5,ENSSSCG00000022162,ENSG00000135631
RAB12,ENSSSCG00000038026,ENSG00000206418
RAB13,ENSSSCG00000006564,ENSG00000143545
RAB14,ENSSSCG00000005514,ENSG00000119396
RAB15,ENSSSCG00000002280,ENSG00000139998
RAB17,ENSSSCG00000016328,ENSG00000124839
RAB18,ENSSSCG00000028655,ENSG00000099246
RAB19,ENSSSCG00000038693,ENSG00000146955
RAB1A,ENSSSCG00000008359,ENSG00000138069
RAB20,ENSSSCG00000022719,ENSG00000139832
RAB22A,ENSSSCG00000007513,ENSG00000124209
RAB23,ENSSSCG00000029539,ENSG00000112210
RAB24,ENSSSCG00000014043,ENSG00000169228
RAB25,ENSSSCG00000039186,ENSG00000132698
RAB26,ENSSSCG00000033691,ENSG00000167964
RAB27A,ENSSSCG00000004612,ENSG00000069974
RAB27B,ENSSSCG00000035243,ENSG00000041353
RAB28,ENSSSCG00000022358,ENSG00000157869
RAB29,ENSSSCG00000026269,ENSG00000117280
RAB2A,ENSSSCG00000006232,ENSG00000104388
RAB2B,ENSSSCG00000029544,ENSG00000129472
RAB30,ENSSSCG00000014900,ENSG00000137502
RAB31,ENSSSCG00000037264,ENSG00000168461
RAB33A,ENSSSCG00000012658,ENSG00000134594
RAB33B,ENSSSCG00000020711,ENSG00000172007
RAB34,ENSSSCG00000017769,ENSG00000109113
RAB35,ENSSSCG00000033876,ENSG00000111737
RAB37,ENSSSCG00000017233,ENSG00000172794
RAB38,ENSSSCG00000033878,ENSG00000123892
RAB39A,ENSSSCG00000031723,ENSG00000179331
RAB39B,ENSSSCG00000024233,ENSG00000155961
RAB3A,ENSSSCG00000013897,ENSG00000105649
RAB3B,ENSSSCG00000021036,ENSG00000169213
RAB3C,ENSSSCG00000031796,ENSG00000152932
RAB3D,ENSSSCG00000016928,ENSG00000105514
RAB3GAP1,ENSSSCG00000015695,ENSG00000115839
RAB3GAP2,ENSSSCG00000010824,ENSG00000118873
RAB3IL1,ENSSSCG00000013074,ENSG00000167994
RAB3IP,ENSSSCG00000000500,ENSG00000127328
RAB40C,ENSSSCG00000033792,ENSG00000197562
RAB42,ENSSSCG00000030432,ENSG00000188060
RAB43,ENSSSCG00000037568,ENSG00000172780
RAB44,ENSSSCG00000001566,ENSG00000255587
RAB4A,ENSSSCG00000036039,ENSG00000168118
RAB4B,ENSSSCG00000002996,ENSG00000167578
RAB5A,ENSSSCG00000037653,ENSG00000144566
RAB5C,ENSSSCG00000032467,ENSG00000108774
RAB5IF,ENSSSCG00000039201,ENSG00000101084
RAB6A,ENSSSCG00000014828,ENSG00000175582
RAB6B,ENSSSCG00000036503,ENSG00000154917
RAB7A,ENSSSCG00000011615,ENSG00000075785
RAB8A,ENSSSCG00000013848,ENSG00000167461
RAB8B,ENSSSCG00000026571,ENSG00000166128
RAB9A,ENSSSCG00000012123,ENSG00000123595
RAB9B,ENSSSCG00000032672,ENSG00000123570
RABAC1,ENSSSCG00000003046,ENSG00000105404
RABEP1,ENSSSCG00000017895,ENSG00000029725
RABEP2,ENSSSCG00000007806,ENSG00000177548
RABEPK,ENSSSCG00000005599,ENSG00000136933
RABGAP1,ENSSSCG00000020743,ENSG00000011454
RABGAP1L,ENSSSCG00000015499,ENSG00000152061
RABGEF1,ENSSSCG00000007735,ENSG00000154710
RABGGTA,ENSSSCG00000001992,ENSG00000100949
RABL2B,ENSSSCG00000034843,ENSG00000079974
RABL3,ENSSSCG00000035258,ENSG00000144840
RABL6,ENSSSCG00000005841,ENSG00000196642
RAC1,ENSSSCG00000035090,ENSG00000136238
RAC2,ENSSSCG00000021944,ENSG00000128340
RAC3,ENSSSCG00000036973,ENSG00000169750
RACGAP1,ENSSSCG00000000217,ENSG00000161800
RACK1,ENSSSCG00000029724,ENSG00000204628
RAD1,ENSSSCG00000016826,ENSG00000113456
RAD17,ENSSSCG00000016960,ENSG00000152942
RAD18,ENSSSCG00000026158,ENSG00000070950
RAD21,ENSSSCG00000006014,ENSG00000164754
RAD21L1,ENSSSCG00000007191,ENSG00000244588
RAD23A,ENSSSCG00000013747,ENSG00000179262
RAD23B,ENSSSCG00000005436,ENSG00000119318
RAD50,ENSSSCG00000014280,ENSG00000113522
RAD51,ENSSSCG00000004766,ENSG00000051180
RAD51AP1,ENSSSCG00000000722,ENSG00000111247
RAD51AP2,ENSSSCG00000038058,ENSG00000214842
RAD51B,ENSSSCG00000028877,ENSG00000182185
RAD51C,ENSSSCG00000023955,ENSG00000108384
RAD52,ENSSSCG00000000754,ENSG00000002016
RAD54B,ENSSSCG00000024290,ENSG00000197275
RAD54L,ENSSSCG00000003905,ENSG00000085999
RAD54L2,ENSSSCG00000011425,ENSG00000164080
RAD9A,ENSSSCG00000012914,ENSG00000172613
RAD9B,ENSSSCG00000009824,ENSG00000151164
RADIL,ENSSSCG00000007575,ENSG00000157927
RADX,ENSSSCG00000012549,ENSG00000147231
RAE1,ENSSSCG00000007503,ENSG00000101146
RAF1,ENSSSCG00000024453,ENSG00000132155
RAG1,ENSSSCG00000026145,ENSG00000166349
RAG2,ENSSSCG00000034285,ENSG00000175097
RAI1,ENSSSCG00000038164,ENSG00000108557
RAI14,ENSSSCG00000016824,ENSG00000039560
RAI2,ENSSSCG00000012153,ENSG00000131831
RALA,ENSSSCG00000048439,ENSG00000006451
RALB,ENSSSCG00000025455,ENSG00000144118
RALBP1,ENSSSCG00000003680,ENSG00000017797
RALGAPA1,ENSSSCG00000032377,ENSG00000174373
RALGAPA2,ENSSSCG00000026506,ENSG00000188559
RALGAPB,ENSSSCG00000007345,ENSG00000170471
RALGDS,ENSSSCG00000005738,ENSG00000160271
RALGPS1,ENSSSCG00000005607,ENSG00000136828
RALGPS2,ENSSSCG00000015523,ENSG00000116191
RALY,ENSSSCG00000007275,ENSG00000125970
RALYL,ENSSSCG00000006149,ENSG00000184672
RAMAC,ENSSSCG00000038630,ENSG00000169612
RAMP1,ENSSSCG00000016331,ENSG00000132329
RAMP2,ENSSSCG00000017389,ENSG00000131477
RAMP3,ENSSSCG00000031144,ENSG00000122679
RAN,ENSSSCG00000009746,ENSG00000132341
RANBP1,ENSSSCG00000038308,ENSG00000099901
RANBP10,ENSSSCG00000021803,ENSG00000141084
RANBP17,ENSSSCG00000017000,ENSG00000204764
RANBP2,ENSSSCG00000008136,ENSG00000153201
RANBP3,ENSSSCG00000013533,ENSG00000031823
RANBP3L,ENSSSCG00000016838,ENSG00000164188
RANBP6,ENSSSCG00000005204,ENSG00000137040
RANBP9,ENSSSCG00000001056,ENSG00000010017
RANGAP1,ENSSSCG00000028202,ENSG00000100401
RANGRF,ENSSSCG00000038726,ENSG00000108961
RAP1A,ENSSSCG00000006785,ENSG00000116473
RAP1B,ENSSSCG00000032595,ENSG00000127314
RAP1GAP,ENSSSCG00000022029,ENSG00000076864
RAP1GAP2,ENSSSCG00000034858,ENSG00000132359
RAP1GDS1,ENSSSCG00000022353,ENSG00000138698
RAP2A,ENSSSCG00000039812,ENSG00000125249
RAP2B,ENSSSCG00000038366,ENSG00000181467
RAP2C,ENSSSCG00000026301,ENSG00000123728
RAPGEF1,ENSSSCG00000005719,ENSG00000107263
RAPGEF2,ENSSSCG00000008881,ENSG00000109756
RAPGEF3,ENSSSCG00000023526,ENSG00000079337
RAPGEF4,ENSSSCG00000015959,ENSG00000091428
RAPGEF6,ENSSSCG00000014267,ENSG00000158987
RAPGEFL1,ENSSSCG00000017478,ENSG00000108352
RAPH1,ENSSSCG00000016119,ENSG00000173166
RARA,ENSSSCG00000017475,ENSG00000131759
RARB,ENSSSCG00000011212,ENSG00000077092
RARG,ENSSSCG00000000258,ENSG00000172819
RARRES1,ENSSSCG00000028623,ENSG00000118849
RARRES2,ENSSSCG00000035419,ENSG00000106538
RARS1,ENSSSCG00000017015,ENSG00000113643
RARS2,ENSSSCG00000004303,ENSG00000146282
RASA1,ENSSSCG00000014146,ENSG00000145715
RASA2,ENSSSCG00000011672,ENSG00000155903
RASA3,ENSSSCG00000009567,ENSG00000185989
RASA4B,ENSSSCG00000027890,ENSG00000170667
RASAL1,ENSSSCG00000009874,ENSG00000111344
RASAL2,ENSSSCG00000015519,ENSG00000075391
RASAL3,ENSSSCG00000013839,ENSG00000105122
RASD1,ENSSSCG00000034044,ENSG00000108551
RASD2,ENSSSCG00000031155,ENSG00000100302
RASEF,ENSSSCG00000040707,ENSG00000165105
RASGEF1A,ENSSSCG00000010201,ENSG00000198915
RASGEF1B,ENSSSCG00000029507,ENSG00000138670
RASGEF1C,ENSSSCG00000014011,ENSG00000146090
RASGRF1,ENSSSCG00000001771,ENSG00000058335
RASGRF2,ENSSSCG00000014127,ENSG00000113319
RASGRP1,ENSSSCG00000004791,ENSG00000172575
RASGRP2,ENSSSCG00000013023,ENSG00000068831
RASGRP3,ENSSSCG00000008509,ENSG00000152689
RASGRP4,ENSSSCG00000002960,ENSG00000171777
RASIP1,ENSSSCG00000029151,ENSG00000105538
RASL10A,ENSSSCG00000009977,ENSG00000100276
RASL10B,ENSSSCG00000036746,ENSG00000270885
RASL11A,ENSSSCG00000039890,ENSG00000122035
RASL11B,ENSSSCG00000008835,ENSG00000128045
RASL12,ENSSSCG00000038071,ENSG00000103710
RASSF1,ENSSSCG00000011407,ENSG00000068028
RASSF10,ENSSSCG00000022060,ENSG00000189431
RASSF2,ENSSSCG00000032601,ENSG00000101265
RASSF3,ENSSSCG00000039060,ENSG00000153179
RASSF4,ENSSSCG00000029662,ENSG00000107551
RASSF5,ENSSSCG00000031970,ENSG00000266094
RASSF6,ENSSSCG00000008952,ENSG00000169435
RASSF7,ENSSSCG00000012854,ENSG00000099849
RASSF8,ENSSSCG00000000559,ENSG00000123094
RASSF9,ENSSSCG00000034948,ENSG00000198774
RAVER1,ENSSSCG00000013650,ENSG00000161847
RAVER2,ENSSSCG00000025672,ENSG00000162437
RAX,ENSSSCG00000004910,ENSG00000134438
RAX2,ENSSSCG00000032429,ENSG00000173976
RB1,ENSSSCG00000009401,ENSG00000139687
RB1CC1,ENSSSCG00000028902,ENSG00000023287
RBAK,ENSSSCG00000008668,ENSG00000146587
RBBP4,ENSSSCG00000028423,ENSG00000162521
RBBP5,ENSSSCG00000015288,ENSG00000117222
RBBP6,ENSSSCG00000007830,ENSG00000122257
RBBP7,ENSSSCG00000012149,ENSG00000102054
RBBP8,ENSSSCG00000024419,ENSG00000101773
RBBP8NL,ENSSSCG00000007539,ENSG00000130701
RBBP9,ENSSSCG00000029494,ENSG00000089050
RBCK1,ENSSSCG00000007206,ENSG00000125826
RBFOX1,ENSSSCG00000007917,ENSG00000078328
RBFOX2,ENSSSCG00000000152,ENSG00000100320
RBFOX3,ENSSSCG00000039498,ENSG00000167281
RBKS,ENSSSCG00000038001,ENSG00000171174
RBL1,ENSSSCG00000007331,ENSG00000080839
RBL2,ENSSSCG00000032648,ENSG00000103479
RBM10,ENSSSCG00000012271,ENSG00000182872
RBM11,ENSSSCG00000037517,ENSG00000185272
RBM12,ENSSSCG00000047420,ENSG00000244462
RBM12B,ENSSSCG00000006110,ENSG00000183808
RBM14,ENSSSCG00000038008,ENSG00000239306
RBM15,ENSSSCG00000006809,ENSG00000162775
RBM15B,ENSSSCG00000011420,ENSG00000259956
RBM17,ENSSSCG00000011134,ENSG00000134453
RBM18,ENSSSCG00000030089,ENSG00000119446
RBM19,ENSSSCG00000009868,ENSG00000122965
RBM20,ENSSSCG00000010626,ENSG00000203867
RBM22,ENSSSCG00000023231,ENSG00000086589
RBM23,ENSSSCG00000026700,ENSG00000100461
RBM25,ENSSSCG00000028663,ENSG00000119707
RBM26,ENSSSCG00000009479,ENSG00000139746
RBM27,ENSSSCG00000014414,ENSG00000091009
RBM28,ENSSSCG00000031847,ENSG00000106344
RBM3,ENSSSCG00000021591,ENSG00000102317
RBM38,ENSSSCG00000007504,ENSG00000132819
RBM39,ENSSSCG00000007309,ENSG00000131051
RBM41,ENSSSCG00000012556,ENSG00000089682
RBM42,ENSSSCG00000002905,ENSG00000126254
RBM44,ENSSSCG00000016332,ENSG00000177483
RBM45,ENSSSCG00000015996,ENSG00000155636
RBM46,ENSSSCG00000008994,ENSG00000151962
RBM47,ENSSSCG00000008796,ENSG00000163694
RBM48,ENSSSCG00000015315,ENSG00000127993
RBM4B,ENSSSCG00000038304,ENSG00000173914
RBM5,ENSSSCG00000011395,ENSG00000003756
RBM6,ENSSSCG00000011394,ENSG00000004534
RBM7,ENSSSCG00000027905,ENSG00000076053
RBM8A,ENSSSCG00000028509,ENSG00000265241
RBMS1,ENSSSCG00000015888,ENSG00000153250
RBMS2,ENSSSCG00000000402,ENSG00000076067
RBMS3,ENSSSCG00000036381,ENSG00000144642
RBMX,ENSSSCG00000012703,ENSG00000147274
RBMX2,ENSSSCG00000032739,ENSG00000134597
RBP1,ENSSSCG00000011664,ENSG00000114115
RBP2,ENSSSCG00000011663,ENSG00000114113
RBP3,ENSSSCG00000010374,ENSG00000265203
RBP4,ENSSSCG00000010479,ENSG00000138207
RBP7,ENSSSCG00000003399,ENSG00000162444
RBPJ,ENSSSCG00000022155,ENSG00000168214
RBPJL,ENSSSCG00000037156,ENSG00000124232
RBPMS,ENSSSCG00000015846,ENSG00000157110
RBPMS2,ENSSSCG00000004549,ENSG00000166831
RBSN,ENSSSCG00000036643,ENSG00000131381
RBX1,ENSSSCG00000034230,ENSG00000100387
RC3H1,ENSSSCG00000015498,ENSG00000135870
RC3H2,ENSSSCG00000005575,ENSG00000056586
RCAN1,ENSSSCG00000012050,ENSG00000159200
RCAN2,ENSSSCG00000001716,ENSG00000172348
RCAN3,ENSSSCG00000024818,ENSG00000117602
RCBTB1,ENSSSCG00000021060,ENSG00000136144
RCBTB2,ENSSSCG00000009400,ENSG00000136161
RCC1,ENSSSCG00000029097,ENSG00000180198
RCC2,ENSSSCG00000003485,ENSG00000179051
RCCD1,ENSSSCG00000001822,ENSG00000166965
RCE1,ENSSSCG00000012927,ENSG00000173653
RCHY1,ENSSSCG00000008969,ENSG00000163743
RCL1,ENSSSCG00000005217,ENSG00000120158
RCN1,ENSSSCG00000013318,ENSG00000049449
RCN2,ENSSSCG00000001866,ENSG00000117906
RCN3,ENSSSCG00000024823,ENSG00000142552
RCOR1,ENSSSCG00000002526,ENSG00000089902
RCOR2,ENSSSCG00000013049,ENSG00000167771
RCOR3,ENSSSCG00000028293,ENSG00000117625
RCSD1,ENSSSCG00000006307,ENSG00000198771
RCVRN,ENSSSCG00000037991,ENSG00000109047
RD3,ENSSSCG00000035369,ENSG00000198570
RDH10,ENSSSCG00000033669,ENSG00000121039
RDH11,ENSSSCG00000002296,ENSG00000072042
RDH12,ENSSSCG00000002297,ENSG00000139988
RDH13,ENSSSCG00000038287,ENSG00000160439
RDH14,ENSSSCG00000008608,ENSG00000240857
RDH5,ENSSSCG00000000362,ENSG00000135437
RDH8,ENSSSCG00000013666,ENSG00000080511
RDX,ENSSSCG00000015013,ENSG00000137710
REC114,ENSSSCG00000039508,ENSG00000183324
REC8,ENSSSCG00000002001,ENSG00000100918
RECK,ENSSSCG00000005338,ENSG00000122707
RECQL,ENSSSCG00000000580,ENSG00000004700
RECQL4,ENSSSCG00000025736,ENSG00000160957
RECQL5,ENSSSCG00000023978,ENSG00000108469
REDIC1,ENSSSCG00000000782,ENSG00000180116
REELD1,ENSSSCG00000041625,ENSG00000250673
REEP1,ENSSSCG00000023710,ENSG00000068615
REEP2,ENSSSCG00000014335,ENSG00000132563
REEP3,ENSSSCG00000036476,ENSG00000165476
REEP4,ENSSSCG00000009617,ENSG00000168476
REEP5,ENSSSCG00000022048,ENSG00000129625
REEP6,ENSSSCG00000026387,ENSG00000115255
REG3G,ENSSSCG00000031177,ENSG00000143954
REG4,ENSSSCG00000040947,ENSG00000134193
REL,ENSSSCG00000008388,ENSG00000162924
RELA,ENSSSCG00000012981,ENSG00000173039
RELB,ENSSSCG00000038879,ENSG00000104856
RELCH,ENSSSCG00000004899,ENSG00000134444
RELL1,ENSSSCG00000008772,ENSG00000181826
RELL2,ENSSSCG00000014389,ENSG00000164620
RELN,ENSSSCG00000015426,ENSG00000189056
RELT,ENSSSCG00000014825,ENSG00000054967
REM1,ENSSSCG00000028529,ENSG00000088320
REM2,ENSSSCG00000031874,ENSG00000139890
REN,ENSSSCG00000031235,ENSG00000143839
RENBP,ENSSSCG00000012792,ENSG00000102032
REPIN1,ENSSSCG00000033708,ENSG00000214022
REPS1,ENSSSCG00000004146,ENSG00000135597
REPS2,ENSSSCG00000012150,ENSG00000169891
RER1,ENSSSCG00000026626,ENSG00000157916
RERE,ENSSSCG00000033497,ENSG00000142599
RERG,ENSSSCG00000000602,ENSG00000134533
RERGL,ENSSSCG00000040822,ENSG00000111404
RESF1,ENSSSCG00000030616,ENSG00000174718
RESP18,ENSSSCG00000016219,ENSG00000182698
RET,ENSSSCG00000010199,ENSG00000165731
RETN,ENSSSCG00000013575,ENSG00000104918
RETNLB,ENSSSCG00000011939,ENSG00000163515
RETREG1,ENSSSCG00000016792,ENSG00000154153
RETREG2,ENSSSCG00000016207,ENSG00000144567
RETREG3,ENSSSCG00000017395,ENSG00000141699
RETSAT,ENSSSCG00000008237,ENSG00000042445
REV1,ENSSSCG00000008179,ENSG00000135945
REV3L,ENSSSCG00000025703,ENSG00000009413
REX1BD,ENSSSCG00000040666,ENSG00000006015
REXO1,ENSSSCG00000040624,ENSG00000079313
REXO2,ENSSSCG00000015056,ENSG00000076043
REXO4,ENSSSCG00000023173,ENSG00000148300
REXO5,ENSSSCG00000007855,ENSG00000005189
RFC1,ENSSSCG00000008788,ENSG00000035928
RFC2,ENSSSCG00000028504,ENSG00000049541
RFC3,ENSSSCG00000009349,ENSG00000133119
RFC4,ENSSSCG00000011804,ENSG00000163918
RFC5,ENSSSCG00000009854,ENSG00000111445
RFESD,ENSSSCG00000014141,ENSG00000175449
RFFL,ENSSSCG00000032552,ENSG00000092871
RFK,ENSSSCG00000037277,ENSG00000135002
RFLNA,ENSSSCG00000035760,ENSG00000178882
RFLNB,ENSSSCG00000038618,ENSG00000183688
RFNG,ENSSSCG00000040385,ENSG00000169733
RFPL4B,ENSSSCG00000050324,ENSG00000251258
RFT1,ENSSSCG00000034614,ENSG00000163933
RFTN1,ENSSSCG00000011198,ENSG00000131378
RFTN2,ENSSSCG00000037483,ENSG00000162944
RFWD3,ENSSSCG00000002715,ENSG00000168411
RFX1,ENSSSCG00000013764,ENSG00000132005
RFX2,ENSSSCG00000035403,ENSG00000087903
RFX3,ENSSSCG00000005225,ENSG00000080298
RFX5,ENSSSCG00000006625,ENSG00000143390
RFX6,ENSSSCG00000039333,ENSG00000185002
RFX7,ENSSSCG00000004603,ENSG00000181827
RFX8,ENSSSCG00000008165,ENSG00000196460
RFXANK,ENSSSCG00000036310,ENSG00000064490
RFXAP,ENSSSCG00000009356,ENSG00000133111
RGCC,ENSSSCG00000009434,ENSG00000102760
RGL1,ENSSSCG00000015563,ENSG00000143344
RGL3,ENSSSCG00000013625,ENSG00000205517
RGMA,ENSSSCG00000002267,ENSG00000182175
RGMB,ENSSSCG00000014176,ENSG00000174136
RGN,ENSSSCG00000022390,ENSG00000130988
RGP1,ENSSSCG00000005320,ENSG00000107185
RGR,ENSSSCG00000010350,ENSG00000148604
RGS1,ENSSSCG00000032416,ENSG00000090104
RGS10,ENSSSCG00000039838,ENSG00000148908
RGS11,ENSSSCG00000036541,ENSG00000076344
RGS12,ENSSSCG00000008698,ENSG00000159788
RGS13,ENSSSCG00000040300,ENSG00000127074
RGS14,ENSSSCG00000014039,ENSG00000169220
RGS16,ENSSSCG00000015550,ENSG00000143333
RGS17,ENSSSCG00000004075,ENSG00000091844
RGS18,ENSSSCG00000033945,ENSG00000150681
RGS19,ENSSSCG00000034841,ENSG00000171700
RGS2,ENSSSCG00000037241,ENSG00000116741
RGS20,ENSSSCG00000006262,ENSG00000147509
RGS22,ENSSSCG00000006069,ENSG00000132554
RGS3,ENSSSCG00000005480,ENSG00000138835
RGS4,ENSSSCG00000006335,ENSG00000117152
RGS5,ENSSSCG00000037821,ENSG00000143248
RGS6,ENSSSCG00000033093,ENSG00000182732
RGS7,ENSSSCG00000010840,ENSG00000182901
RGS7BP,ENSSSCG00000033581,ENSG00000186479
RGS8,ENSSSCG00000039986,ENSG00000135824
RGS9,ENSSSCG00000035402,ENSG00000108370
RGSL1,ENSSSCG00000015548,ENSG00000121446
RHAG,ENSSSCG00000001735,ENSG00000112077
RHBDD1,ENSSSCG00000016243,ENSG00000144468
RHBDD2,ENSSSCG00000040182,ENSG00000005486
RHBDD3,ENSSSCG00000009973,ENSG00000100263
RHBDF1,ENSSSCG00000007968,ENSG00000007384
RHBDF2,ENSSSCG00000023362,ENSG00000129667
RHBDL1,ENSSSCG00000007998,ENSG00000103269
RHBDL2,ENSSSCG00000003651,ENSG00000158315
RHBDL3,ENSSSCG00000017734,ENSG00000141314
RHBG,ENSSSCG00000035121,ENSG00000132677
RHCE,ENSSSCG00000026791,ENSG00000188672
RHCG,ENSSSCG00000001841,ENSG00000140519
RHEB,ENSSSCG00000016434,ENSG00000106615
RHEBL1,ENSSSCG00000000186,ENSG00000167550
RHEX,ENSSSCG00000015638,ENSG00000263961
RHNO1,ENSSSCG00000000738,ENSG00000171792
RHO,ENSSSCG00000011590,ENSG00000163914
RHOA,ENSSSCG00000022080,ENSG00000067560
RHOB,ENSSSCG00000043781,ENSG00000143878
RHOBTB1,ENSSSCG00000028327,ENSG00000072422
RHOBTB2,ENSSSCG00000009638,ENSG00000008853
RHOBTB3,ENSSSCG00000029805,ENSG00000164292
RHOC,ENSSSCG00000006777,ENSG00000155366
RHOD,ENSSSCG00000022726,ENSG00000173156
RHOF,ENSSSCG00000009807,ENSG00000139725
RHOG,ENSSSCG00000039656,ENSG00000177105
RHOH,ENSSSCG00000008794,ENSG00000168421
RHOJ,ENSSSCG00000022804,ENSG00000126785
RHOQ,ENSSSCG00000031261,ENSG00000119729
RHOT1,ENSSSCG00000017735,ENSG00000126858
RHOU,ENSSSCG00000024418,ENSG00000116574
RHOV,ENSSSCG00000004758,ENSG00000104140
RHPN1,ENSSSCG00000006957,ENSG00000158106
RHPN2,ENSSSCG00000022312,ENSG00000131941
RIBC1,ENSSSCG00000012326,ENSG00000158423
RIBC2,ENSSSCG00000024718,ENSG00000128408
RIC1,ENSSSCG00000005208,ENSG00000107036
RIC3,ENSSSCG00000014580,ENSG00000166405
RIC8A,ENSSSCG00000014557,ENSG00000177963
RIC8B,ENSSSCG00000000167,ENSG00000111785
RICTOR,ENSSSCG00000016853,ENSG00000164327
RIDA,ENSSSCG00000006079,ENSG00000132541
RIF1,ENSSSCG00000016395,ENSG00000080345
RIGI,ENSSSCG00000030408,ENSG00000107201
RIIAD1,ENSSSCG00000041677,ENSG00000178796
RILP,ENSSSCG00000050487,ENSG00000167705
RILPL1,ENSSSCG00000009773,ENSG00000188026
RILPL2,ENSSSCG00000009778,ENSG00000150977
RIMBP2,ENSSSCG00000009748,ENSG00000060709
RIMKLB,ENSSSCG00000000665,ENSG00000166532
RIMOC1,ENSSSCG00000040855,ENSG00000205765
RIMS1,ENSSSCG00000004280,ENSG00000079841
RIMS2,ENSSSCG00000031957,ENSG00000176406
RIMS3,ENSSSCG00000039245,ENSG00000117016
RIMS4,ENSSSCG00000021453,ENSG00000101098
RIN2,ENSSSCG00000028004,ENSG00000132669
RIN3,ENSSSCG00000002451,ENSG00000100599
RINL,ENSSSCG00000022692,ENSG00000187994
RINT1,ENSSSCG00000015430,ENSG00000135249
RIOK1,ENSSSCG00000001024,ENSG00000124784
RIOK3,ENSSSCG00000029518,ENSG00000101782
RIOX2,ENSSSCG00000034501,ENSG00000170854
RIPK1,ENSSSCG00000001009,ENSG00000137275
RIPK2,ENSSSCG00000024096,ENSG00000104312
RIPK3,ENSSSCG00000001987,ENSG00000129465
RIPK4,ENSSSCG00000012083,ENSG00000183421
RIPOR1,ENSSSCG00000002774,ENSG00000039523
RIPOR2,ENSSSCG00000001097,ENSG00000111913
RIPOR3,ENSSSCG00000007470,ENSG00000042062
RIPPLY1,ENSSSCG00000033276,ENSG00000147223
RIT1,ENSSSCG00000023991,ENSG00000143622
RITA1,ENSSSCG00000034479,ENSG00000139405
RLBP1,ENSSSCG00000001836,ENSG00000140522
RLF,ENSSSCG00000003670,ENSG00000117000
RLIG1,ENSSSCG00000000925,ENSG00000133641
RLIM,ENSSSCG00000028538,ENSG00000131263
RLN2,ENSSSCG00000005216,ENSG00000107014
RLN3,ENSSSCG00000013765,ENSG00000171136
RMC1,ENSSSCG00000026851,ENSG00000141452
RMDN1,ENSSSCG00000006136,ENSG00000176623
RMDN2,ENSSSCG00000008488,ENSG00000115841
RMDN3,ENSSSCG00000004765,ENSG00000137824
RMI1,ENSSSCG00000039950,ENSG00000178966
RMI2,ENSSSCG00000022149,ENSG00000175643
RMND1,ENSSSCG00000004089,ENSG00000155906
RMND5A,ENSSSCG00000035478,ENSG00000153561
RMND5B,ENSSSCG00000014033,ENSG00000145916
RNASE1,ENSSSCG00000031649,ENSG00000129538
RNASE10,ENSSSCG00000002134,ENSG00000182545
RNASE12,ENSSSCG00000002131,ENSG00000258436
RNASE4,ENSSSCG00000031538,ENSG00000258818
RNASEH1,ENSSSCG00000025305,ENSG00000171865
RNASEH2A,ENSSSCG00000013737,ENSG00000104889
RNASEH2B,ENSSSCG00000024385,ENSG00000136104
RNASEK,ENSSSCG00000017929,ENSG00000219200
RNASEL,ENSSSCG00000015549,ENSG00000135828
RNASET2,ENSSSCG00000004024,ENSG00000026297
RND1,ENSSSCG00000038562,ENSG00000172602
RND2,ENSSSCG00000029460,ENSG00000108830
RND3,ENSSSCG00000040445,ENSG00000115963
RNF10,ENSSSCG00000009910,ENSG00000022840
RNF103,ENSSSCG00000008218,ENSG00000239305
RNF11,ENSSSCG00000031172,ENSG00000123091
RNF111,ENSSSCG00000004589,ENSG00000157450
RNF112,ENSSSCG00000034609,ENSG00000128482
RNF114,ENSSSCG00000036129,ENSG00000124226
RNF115,ENSSSCG00000037355,ENSG00000265491
RNF121,ENSSSCG00000023796,ENSG00000137522
RNF122,ENSSSCG00000036062,ENSG00000133874
RNF123,ENSSSCG00000011387,ENSG00000164068
RNF125,ENSSSCG00000003729,ENSG00000101695
RNF126,ENSSSCG00000039551,ENSG00000070423
RNF128,ENSSSCG00000012551,ENSG00000133135
RNF13,ENSSSCG00000027459,ENSG00000082996
RNF135,ENSSSCG00000017737,ENSG00000181481
RNF138,ENSSSCG00000003730,ENSG00000134758
RNF139,ENSSSCG00000024412,ENSG00000170881
RNF14,ENSSSCG00000014394,ENSG00000013561
RNF141,ENSSSCG00000036546,ENSG00000110315
RNF144A,ENSSSCG00000008646,ENSG00000151692
RNF144B,ENSSSCG00000001076,ENSG00000137393
RNF145,ENSSSCG00000017043,ENSG00000145860
RNF146,ENSSSCG00000004217,ENSG00000118518
RNF149,ENSSSCG00000008168,ENSG00000163162
RNF150,ENSSSCG00000009053,ENSG00000170153
RNF151,ENSSSCG00000034728,ENSG00000179580
RNF152,ENSSSCG00000004902,ENSG00000176641
RNF157,ENSSSCG00000017186,ENSG00000141576
RNF166,ENSSSCG00000034455,ENSG00000158717
RNF167,ENSSSCG00000017906,ENSG00000108523
RNF168,ENSSSCG00000034711,ENSG00000163961
RNF169,ENSSSCG00000021822,ENSG00000166439
RNF17,ENSSSCG00000009572,ENSG00000132972
RNF170,ENSSSCG00000036001,ENSG00000120925
RNF180,ENSSSCG00000016941,ENSG00000164197
RNF181,ENSSSCG00000008232,ENSG00000168894
RNF182,ENSSSCG00000038290,ENSG00000180537
RNF183,ENSSSCG00000027688,ENSG00000165188
RNF187,ENSSSCG00000032994,ENSG00000168159
RNF19A,ENSSSCG00000006066,ENSG00000034677
RNF19B,ENSSSCG00000025206,ENSG00000116514
RNF2,ENSSSCG00000015568,ENSG00000121481
RNF20,ENSSSCG00000005399,ENSG00000155827
RNF207,ENSSSCG00000003368,ENSG00000158286
RNF208,ENSSSCG00000005858,ENSG00000212864
RNF212,ENSSSCG00000045703,ENSG00000178222
RNF214,ENSSSCG00000015077,ENSG00000167257
RNF215,ENSSSCG00000010005,ENSG00000099999
RNF216,ENSSSCG00000021285,ENSG00000011275
RNF217,ENSSSCG00000021149,ENSG00000146373
RNF220,ENSSSCG00000037341,ENSG00000187147
RNF222,ENSSSCG00000017985,ENSG00000189051
RNF224,ENSSSCG00000005856,ENSG00000233198
RNF25,ENSSSCG00000016202,ENSG00000163481
RNF26,ENSSSCG00000015117,ENSG00000173456
RNF31,ENSSSCG00000002003,ENSG00000092098
RNF32,ENSSSCG00000016414,ENSG00000105982
RNF34,ENSSSCG00000037811,ENSG00000170633
RNF38,ENSSSCG00000005343,ENSG00000137075
RNF4,ENSSSCG00000008690,ENSG00000063978
RNF40,ENSSSCG00000007786,ENSG00000103549
RNF41,ENSSSCG00000000383,ENSG00000181852
RNF43,ENSSSCG00000017640,ENSG00000108375
RNF44,ENSSSCG00000014056,ENSG00000146083
RNF6,ENSSSCG00000024064,ENSG00000127870
RNF7,ENSSSCG00000029774,ENSG00000114125
RNF8,ENSSSCG00000001578,ENSG00000112130
RNFT1,ENSSSCG00000017671,ENSG00000189050
RNFT2,ENSSSCG00000009862,ENSG00000135119
RNGTT,ENSSSCG00000004311,ENSG00000111880
RNH1,ENSSSCG00000032010,ENSG00000023191
RNLS,ENSSSCG00000023141,ENSG00000184719
RNMT,ENSSSCG00000025855,ENSG00000101654
RNPC3,ENSSSCG00000037254,ENSG00000185946
RNPEP,ENSSSCG00000034151,ENSG00000176393
RNPEPL1,ENSSSCG00000016367,ENSG00000142327
RNPS1,ENSSSCG00000008048,ENSG00000205937
RO60,ENSSSCG00000032055,ENSG00000116747
ROBO1,ENSSSCG00000012001,ENSG00000169855
ROBO2,ENSSSCG00000012002,ENSG00000185008
ROBO3,ENSSSCG00000015202,ENSG00000154134
ROBO4,ENSSSCG00000015203,ENSG00000154133
ROCK1,ENSSSCG00000021893,ENSG00000067900
ROCK2,ENSSSCG00000008629,ENSG00000134318
ROGDI,ENSSSCG00000007932,ENSG00000067836
ROM1,ENSSSCG00000033054,ENSG00000149489
ROMO1,ENSSSCG00000007308,ENSG00000125995
ROPN1,ENSSSCG00000028717,ENSG00000065371
ROPN1L,ENSSSCG00000022306,ENSG00000145491
ROR1,ENSSSCG00000003811,ENSG00000185483
ROR2,ENSSSCG00000009593,ENSG00000169071
RORA,ENSSSCG00000004576,ENSG00000069667
RORB,ENSSSCG00000005268,ENSG00000198963
RORC,ENSSSCG00000026427,ENSG00000143365
ROS1,ENSSSCG00000026978,ENSG00000047936
RP1,ENSSSCG00000042752,ENSG00000104237
RP2,ENSSSCG00000027701,ENSG00000102218
RPA1,ENSSSCG00000017822,ENSG00000132383
RPA2,ENSSSCG00000003583,ENSG00000117748
RPA3,ENSSSCG00000023886,ENSG00000106399
RPAIN,ENSSSCG00000036311,ENSG00000129197
RPAP1,ENSSSCG00000004745,ENSG00000103932
RPAP2,ENSSSCG00000006903,ENSG00000122484
RPAP3,ENSSSCG00000021166,ENSG00000005175
RPE,ENSSSCG00000032311,ENSG00000197713
RPE65,ENSSSCG00000003794,ENSG00000116745
RPF1,ENSSSCG00000022145,ENSG00000117133
RPF2,ENSSSCG00000004394,ENSG00000197498
RPGRIP1,ENSSSCG00000002129,ENSG00000092200
RPGRIP1L,ENSSSCG00000031652,ENSG00000103494
RPH3A,ENSSSCG00000009883,ENSG00000089169
RPIA,ENSSSCG00000008207,ENSG00000153574
RPL10,ENSSSCG00000035997,ENSG00000147403
RPL10A,ENSSSCG00000001543,ENSG00000198755
RPL10L,ENSSSCG00000005001,ENSG00000165496
RPL11,ENSSSCG00000024260,ENSG00000142676
RPL12,ENSSSCG00000033019,ENSG00000197958
RPL13,ENSSSCG00000024974,ENSG00000167526
RPL13A,ENSSSCG00000034448,ENSG00000142541
RPL14,ENSSSCG00000011272,ENSG00000188846
RPL15,ENSSSCG00000037030,ENSG00000174748
RPL17,ENSSSCG00000035007,ENSG00000265681
RPL18,ENSSSCG00000025928,ENSG00000063177
RPL18A,ENSSSCG00000013889,ENSG00000105640
RPL19,ENSSSCG00000017509,ENSG00000108298
RPL21,ENSSSCG00000009303,ENSG00000122026
RPL22L1,ENSSSCG00000036114,ENSG00000163584
RPL23,ENSSSCG00000038880,ENSG00000125691
RPL23A,ENSSSCG00000035080,ENSG00000198242
RPL24,ENSSSCG00000011952,ENSG00000114391
RPL26,ENSSSCG00000028850,ENSG00000161970
RPL26L1,ENSSSCG00000016989,ENSG00000037241
RPL27,ENSSSCG00000025507,ENSG00000131469
RPL28,ENSSSCG00000039460,ENSG00000108107
RPL29,ENSSSCG00000027573,ENSG00000162244
RPL3,ENSSSCG00000040494,ENSG00000100316
RPL30,ENSSSCG00000006081,ENSG00000156482
RPL31,ENSSSCG00000008170,ENSG00000071082
RPL32,ENSSSCG00000035811,ENSG00000144713
RPL34,ENSSSCG00000009146,ENSG00000109475
RPL35,ENSSSCG00000034227,ENSG00000136942
RPL35A,ENSSSCG00000040273,ENSG00000182899
RPL36AL,ENSSSCG00000005006,ENSG00000165502
RPL37,ENSSSCG00000033326,ENSG00000145592
RPL37A,ENSSSCG00000036716,ENSG00000197756
RPL38,ENSSSCG00000017239,ENSG00000172809
RPL39,ENSSSCG00000030849,ENSG00000198918
RPL3L,ENSSSCG00000032657,ENSG00000140986
RPL4,ENSSSCG00000004945,ENSG00000174444
RPL5,ENSSSCG00000006899,ENSG00000122406
RPL6,ENSSSCG00000039130,ENSG00000089009
RPL7,ENSSSCG00000032111,ENSG00000147604
RPL7A,ENSSSCG00000035904,ENSG00000148303
RPL7L1,ENSSSCG00000026472,ENSG00000146223
RPL8,ENSSSCG00000029830,ENSG00000161016
RPLP0,ENSSSCG00000036014,ENSG00000089157
RPLP1,ENSSSCG00000004970,ENSG00000137818
RPLP2,ENSSSCG00000012842,ENSG00000177600
RPN1,ENSSSCG00000011612,ENSG00000163902
RPN2,ENSSSCG00000028227,ENSG00000118705
RPP25,ENSSSCG00000001888,ENSG00000178718
RPP25L,ENSSSCG00000010973,ENSG00000164967
RPP30,ENSSSCG00000010460,ENSG00000148688
RPP38,ENSSSCG00000027110,ENSG00000152464
RPP40,ENSSSCG00000000998,ENSG00000124787
RPRD1A,ENSSSCG00000027700,ENSG00000141425
RPRD1B,ENSSSCG00000007342,ENSG00000101413
RPRD2,ENSSSCG00000030291,ENSG00000163125
RPRML,ENSSSCG00000017320,ENSG00000179673
RPS11,ENSSSCG00000003165,ENSG00000142534
RPS12,ENSSSCG00000004177,ENSG00000112306
RPS13,ENSSSCG00000013381,ENSG00000110700
RPS15,ENSSSCG00000033169,ENSG00000115268
RPS15A,ENSSSCG00000035768,ENSG00000134419
RPS16,ENSSSCG00000020817,ENSG00000105193
RPS17,ENSSSCG00000027358,ENSG00000182774
RPS19,ENSSSCG00000003042,ENSG00000105372
RPS2,ENSSSCG00000033697,ENSG00000140988
RPS20,ENSSSCG00000040470,ENSG00000008988
RPS21,ENSSSCG00000021825,ENSG00000171858
RPS23,ENSSSCG00000014133,ENSG00000186468
RPS24,ENSSSCG00000039544,ENSG00000138326
RPS25,ENSSSCG00000036296,ENSG00000118181
RPS27,ENSSSCG00000031838,ENSG00000177954
RPS27A,ENSSSCG00000034617,ENSG00000143947
RPS27L,ENSSSCG00000023158,ENSG00000185088
RPS28,ENSSSCG00000013597,ENSG00000233927
RPS29,ENSSSCG00000038507,ENSG00000213741
RPS3,ENSSSCG00000014855,ENSG00000149273
RPS3A,ENSSSCG00000009019,ENSG00000145425
RPS4X,ENSSSCG00000012405,ENSG00000198034
RPS5,ENSSSCG00000004002,ENSG00000083845
RPS6,ENSSSCG00000005169,ENSG00000137154
RPS6KA1,ENSSSCG00000003558,ENSG00000117676
RPS6KA2,ENSSSCG00000004022,ENSG00000071242
RPS6KA3,ENSSSCG00000012163,ENSG00000177189
RPS6KA4,ENSSSCG00000028806,ENSG00000162302
RPS6KA5,ENSSSCG00000024377,ENSG00000100784
RPS6KA6,ENSSSCG00000012456,ENSG00000072133
RPS6KB1,ENSSSCG00000017670,ENSG00000108443
RPS6KB2,ENSSSCG00000012910,ENSG00000175634
RPS6KC1,ENSSSCG00000015586,ENSG00000136643
RPS6KL1,ENSSSCG00000002375,ENSG00000198208
RPS7,ENSSSCG00000031088,ENSG00000171863
RPS8,ENSSSCG00000003930,ENSG00000142937
RPS9,ENSSSCG00000029785,ENSG00000170889
RPSA,ENSSSCG00000037236,ENSG00000168028
RPTN,ENSSSCG00000006605,ENSG00000215853
RPTOR,ENSSSCG00000017139,ENSG00000141564
RPUSD1,ENSSSCG00000008000,ENSG00000007376
RPUSD2,ENSSSCG00000036700,ENSG00000166133
RPUSD3,ENSSSCG00000011555,ENSG00000156990
RPUSD4,ENSSSCG00000015233,ENSG00000165526
RRAD,ENSSSCG00000036060,ENSG00000166592
RRAGA,ENSSSCG00000005174,ENSG00000155876
RRAGB,ENSSSCG00000037228,ENSG00000083750
RRAGC,ENSSSCG00000003648,ENSG00000116954
RRAGD,ENSSSCG00000004318,ENSG00000025039
RRAS,ENSSSCG00000003183,ENSG00000126458
RRAS2,ENSSSCG00000033786,ENSG00000133818
RRBP1,ENSSSCG00000024692,ENSG00000125844
RRH,ENSSSCG00000009136,ENSG00000180245
RRM1,ENSSSCG00000014791,ENSG00000167325
RRM2,ENSSSCG00000031741,ENSG00000171848
RRM2B,ENSSSCG00000036139,ENSG00000048392
RRN3,ENSSSCG00000033356,ENSG00000085721
RRP1,ENSSSCG00000037061,ENSG00000160214
RRP12,ENSSSCG00000010514,ENSG00000052749
RRP15,ENSSSCG00000027846,ENSG00000067533
RRP1B,ENSSSCG00000021698,ENSG00000160208
RRP36,ENSSSCG00000001656,ENSG00000124541
RRP7A,ENSSSCG00000033983,ENSG00000189306
RRP8,ENSSSCG00000023880,ENSG00000132275
RRP9,ENSSSCG00000023177,ENSG00000114767
RRS1,ENSSSCG00000006214,ENSG00000179041
RS1,ENSSSCG00000026932,ENSG00000102104
RSAD1,ENSSSCG00000017567,ENSG00000136444
RSAD2,ENSSSCG00000008648,ENSG00000134321
RSBN1,ENSSSCG00000030154,ENSG00000081019
RSBN1L,ENSSSCG00000038977,ENSG00000187257
RSC1A1,ENSSSCG00000003461,ENSG00000215695
RSF1,ENSSSCG00000014882,ENSG00000048649
RSL1D1,ENSSSCG00000023984,ENSG00000171490
RSL24D1,ENSSSCG00000024983,ENSG00000137876
RSPH1,ENSSSCG00000040224,ENSG00000160188
RSPH14,ENSSSCG00000010047,ENSG00000100218
RSPH3,ENSSSCG00000004055,ENSG00000130363
RSPH4A,ENSSSCG00000023834,ENSG00000111834
RSPH6A,ENSSSCG00000040714,ENSG00000104941
RSPH9,ENSSSCG00000001691,ENSG00000172426
RSPO1,ENSSSCG00000032240,ENSG00000169218
RSPO2,ENSSSCG00000006034,ENSG00000147655
RSPO3,ENSSSCG00000004218,ENSG00000146374
RSPO4,ENSSSCG00000007197,ENSG00000101282
RSPRY1,ENSSSCG00000002820,ENSG00000159579
RSRC1,ENSSSCG00000027556,ENSG00000174891
RSRC2,ENSSSCG00000009791,ENSG00000111011
RSRP1,ENSSSCG00000034449,ENSG00000117616
RSU1,ENSSSCG00000011042,ENSG00000148484
RTBDN,ENSSSCG00000033304,ENSG00000132026
RTCA,ENSSSCG00000006865,ENSG00000137996
RTCB,ENSSSCG00000000158,ENSG00000100220
RTEL1,ENSSSCG00000039160,ENSG00000258366
RTF1,ENSSSCG00000004747,ENSG00000137815
RTF2,ENSSSCG00000007496,ENSG00000022277
RTKN,ENSSSCG00000008281,ENSG00000114993
RTKN2,ENSSSCG00000039707,ENSG00000182010
RTL1,ENSSSCG00000002573,ENSG00000254656
RTL4,ENSSSCG00000012589,ENSG00000187823
RTL5,ENSSSCG00000020876,ENSG00000242732
RTL6,ENSSSCG00000000022,ENSG00000188636
RTL9,ENSSSCG00000027981,ENSG00000243978
RTN1,ENSSSCG00000025013,ENSG00000139970
RTN2,ENSSSCG00000036870,ENSG00000125744
RTN3,ENSSSCG00000013052,ENSG00000133318
RTN4,ENSSSCG00000032007,ENSG00000115310
RTN4IP1,ENSSSCG00000004373,ENSG00000130347
RTN4R,ENSSSCG00000034656,ENSG00000040608
RTN4RL1,ENSSSCG00000039780,ENSG00000185924
RTN4RL2,ENSSSCG00000040919,ENSG00000186907
RTP1,ENSSSCG00000037108,ENSG00000175077
RTP2,ENSSSCG00000011809,ENSG00000198471
RTP3,ENSSSCG00000045673,ENSG00000163825
RTP5,ENSSSCG00000032511,ENSG00000188011
RTRAF,ENSSSCG00000005029,ENSG00000087302
RTTN,ENSSSCG00000032574,ENSG00000176225
RUBCN,ENSSSCG00000011853,ENSG00000145016
RUBCNL,ENSSSCG00000009410,ENSG00000102445
RUFY1,ENSSSCG00000014023,ENSG00000176783
RUFY2,ENSSSCG00000010239,ENSG00000204130
RUFY3,ENSSSCG00000025514,ENSG00000018189
RUFY4,ENSSSCG00000016182,ENSG00000188282
RUNDC1,ENSSSCG00000035057,ENSG00000198863
RUNDC3A,ENSSSCG00000017359,ENSG00000108309
RUNDC3B,ENSSSCG00000024485,ENSG00000105784
RUNX1,ENSSSCG00000035537,ENSG00000159216
RUNX1T1,ENSSSCG00000006115,ENSG00000079102
RUNX2,ENSSSCG00000001710,ENSG00000124813
RUNX3,ENSSSCG00000032686,ENSG00000020633
RUSC1,ENSSSCG00000006511,ENSG00000160753
RUSC2,ENSSSCG00000005308,ENSG00000198853
RUSF1,ENSSSCG00000007753,ENSG00000140688
RUVBL1,ENSSSCG00000011620,ENSG00000175792
RUVBL2,ENSSSCG00000003152,ENSG00000183207
RWDD1,ENSSSCG00000004446,ENSG00000111832
RWDD2A,ENSSSCG00000029129,ENSG00000013392
RWDD3,ENSSSCG00000036509,ENSG00000122481
RWDD4,ENSSSCG00000015776,ENSG00000182552
RXFP1,ENSSSCG00000008875,ENSG00000171509
RXFP2,ENSSSCG00000009336,ENSG00000133105
RXFP3,ENSSSCG00000032797,ENSG00000182631
RXFP4,ENSSSCG00000006503,ENSG00000173080
RXRA,ENSSSCG00000038220,ENSG00000186350
RXRG,ENSSSCG00000006328,ENSG00000143171
RXYLT1,ENSSSCG00000000462,ENSG00000118600
RYBP,ENSSSCG00000025053,ENSG00000163602
RYK,ENSSSCG00000011642,ENSG00000163785
RYR2,ENSSSCG00000010142,ENSG00000198626
RYR3,ENSSSCG00000033958,ENSG00000198838
S100A1,ENSSSCG00000031053,ENSG00000160678
S100A10,ENSSSCG00000006612,ENSG00000197747
S100A11,ENSSSCG00000006610,ENSG00000163191
S100A12,ENSSSCG00000032857,ENSG00000163221
S100A13,ENSSSCG00000038991,ENSG00000189171
S100A14,ENSSSCG00000006582,ENSG00000189334
S100A16,ENSSSCG00000006581,ENSG00000188643
S100A3,ENSSSCG00000006579,ENSG00000188015
S100A4,ENSSSCG00000006578,ENSG00000196154
S100A5,ENSSSCG00000006577,ENSG00000196420
S100A6,ENSSSCG00000021084,ENSG00000197956
S100A7,ENSSSCG00000006592,ENSG00000143556
S100A8,ENSSSCG00000006590,ENSG00000143546
S100A9,ENSSSCG00000006588,ENSG00000163220
S100B,ENSSSCG00000026140,ENSG00000160307
S100G,ENSSSCG00000012147,ENSG00000169906
S100PBP,ENSSSCG00000022801,ENSG00000116497
S100Z,ENSSSCG00000014092,ENSG00000171643
S1PR1,ENSSSCG00000029849,ENSG00000170989
S1PR2,ENSSSCG00000013658,ENSG00000267534
S1PR3,ENSSSCG00000009580,ENSG00000213694
S1PR4,ENSSSCG00000013474,ENSG00000125910
S1PR5,ENSSSCG00000028460,ENSG00000180739
SAA4,ENSSSCG00000046269,ENSG00000148965
SAAL1,ENSSSCG00000035393,ENSG00000166788
SAC3D1,ENSSSCG00000013011,ENSG00000168061
SACM1L,ENSSSCG00000027176,ENSG00000211456
SACS,ENSSSCG00000035493,ENSG00000151835
SAE1,ENSSSCG00000003111,ENSG00000142230
SAFB,ENSSSCG00000013522,ENSG00000160633
SAFB2,ENSSSCG00000013523,ENSG00000130254
SAG,ENSSSCG00000016301,ENSG00000130561
SALL1,ENSSSCG00000002836,ENSG00000103449
SALL2,ENSSSCG00000022705,ENSG00000165821
SAMD1,ENSSSCG00000033298,ENSG00000141858
SAMD10,ENSSSCG00000034186,ENSG00000130590
SAMD11,ENSSSCG00000033509,ENSG00000187634
SAMD12,ENSSSCG00000036553,ENSG00000177570
SAMD13,ENSSSCG00000026005,ENSG00000203943
SAMD14,ENSSSCG00000017585,ENSG00000167100
SAMD3,ENSSSCG00000004202,ENSG00000164483
SAMD4A,ENSSSCG00000023408,ENSG00000020577
SAMD4B,ENSSSCG00000010706,ENSG00000179134
SAMD5,ENSSSCG00000048240,ENSG00000203727
SAMD7,ENSSSCG00000028497,ENSG00000187033
SAMD8,ENSSSCG00000010319,ENSG00000156671
SAMD9,ENSSSCG00000027372,ENSG00000205413
SAMHD1,ENSSSCG00000027806,ENSG00000101347
SAMM50,ENSSSCG00000028346,ENSG00000100347
SAMSN1,ENSSSCG00000038062,ENSG00000155307
SANBR,ENSSSCG00000008386,ENSG00000162929
SAP130,ENSSSCG00000015859,ENSG00000136715
SAP18,ENSSSCG00000028865,ENSG00000150459
SAP25,ENSSSCG00000046279,ENSG00000205307
SAP30,ENSSSCG00000030118,ENSG00000164105
SAP30BP,ENSSSCG00000017205,ENSG00000161526
SAP30L,ENSSSCG00000033176,ENSG00000164576
SAPCD2,ENSSSCG00000032279,ENSG00000186193
SAR1A,ENSSSCG00000010260,ENSG00000079332
SAR1B,ENSSSCG00000014305,ENSG00000152700
SARAF,ENSSSCG00000033402,ENSG00000133872
SARDH,ENSSSCG00000005740,ENSG00000123453
SARM1,ENSSSCG00000030358,ENSG00000004139
SARNP,ENSSSCG00000000364,ENSG00000205323
SARS1,ENSSSCG00000006835,ENSG00000031698
SARS2,ENSSSCG00000002972,ENSG00000104835
SART1,ENSSSCG00000012963,ENSG00000175467
SART3,ENSSSCG00000009946,ENSG00000075856
SASH1,ENSSSCG00000033175,ENSG00000111961
SASH3,ENSSSCG00000012652,ENSG00000122122
SASS6,ENSSSCG00000028821,ENSG00000156876
SAT1,ENSSSCG00000012173,ENSG00000130066
SAT2,ENSSSCG00000017952,ENSG00000141504
SATB1,ENSSSCG00000011201,ENSG00000182568
SATB2,ENSSSCG00000021657,ENSG00000119042
SAV1,ENSSSCG00000005021,ENSG00000151748
SAXO1,ENSSSCG00000040408,ENSG00000155875
SAXO2,ENSSSCG00000031963,ENSG00000188659
SAXO5,ENSSSCG00000013571,ENSG00000198723
SBDS,ENSSSCG00000007732,ENSG00000126524
SBF1,ENSSSCG00000000968,ENSG00000100241
SBF2,ENSSSCG00000013409,ENSG00000133812
SBNO1,ENSSSCG00000009776,ENSG00000139697
SBNO2,ENSSSCG00000030042,ENSG00000064932
SBSN,ENSSSCG00000033702,ENSG00000189001
SBSPON,ENSSSCG00000006183,ENSG00000164764
SC5D,ENSSSCG00000028517,ENSG00000109929
SCAF1,ENSSSCG00000038807,ENSG00000126461
SCAF11,ENSSSCG00000000806,ENSG00000139218
SCAF4,ENSSSCG00000021023,ENSG00000156304
SCAF8,ENSSSCG00000004070,ENSG00000213079
SCAI,ENSSSCG00000005598,ENSG00000173611
SCAMP1,ENSSSCG00000034795,ENSG00000085365
SCAMP2,ENSSSCG00000001892,ENSG00000140497
SCAMP4,ENSSSCG00000013446,ENSG00000227500
SCAMP5,ENSSSCG00000001887,ENSG00000198794
SCAND1,ENSSSCG00000007312,ENSG00000171222
SCAP,ENSSSCG00000026281,ENSG00000114650
SCAPER,ENSSSCG00000001865,ENSG00000140386
SCARA3,ENSSSCG00000020846,ENSG00000168077
SCARA5,ENSSSCG00000009672,ENSG00000168079
SCARB1,ENSSSCG00000009759,ENSG00000073060
SCARB2,ENSSSCG00000008980,ENSG00000138760
SCARF1,ENSSSCG00000024071,ENSG00000074660
SCARF2,ENSSSCG00000010109,ENSG00000244486
SCARNA10,ENSSSCG00000040520,ENSG00000239002
SCARNA12,ENSSSCG00000026919,ENSG00000238795
SCARNA18,ENSSSCG00000018205,ENSG00000238835
SCCPDH,ENSSSCG00000010866,ENSG00000143653
SCD,ENSSSCG00000010554,ENSG00000099194
SCD5,ENSSSCG00000009245,ENSG00000145284
SCEL,ENSSSCG00000009474,ENSG00000136155
SCFD1,ENSSSCG00000001973,ENSG00000092108
SCFD2,ENSSSCG00000008836,ENSG00000184178
SCG2,ENSSSCG00000023032,ENSG00000171951
SCG3,ENSSSCG00000004630,ENSG00000104112
SCG5,ENSSSCG00000004807,ENSG00000166922
SCGB1A1,ENSSSCG00000013060,ENSG00000149021
SCGB1C1,ENSSSCG00000014554,ENSG00000188076
SCGB1D1,ENSSSCG00000013068,ENSG00000168515
SCGB3A1,ENSSSCG00000014008,ENSG00000161055
SCGB3A2,ENSSSCG00000024111,ENSG00000164265
SCGN,ENSSSCG00000001101,ENSG00000079689
SCIMP,ENSSSCG00000017896,ENSG00000161929
SCIN,ENSSSCG00000015353,ENSG00000006747
SCLT1,ENSSSCG00000029943,ENSG00000151466
SCLY,ENSSSCG00000016334,ENSG00000132330
SCMH1,ENSSSCG00000003971,ENSG00000010803
SCML2,ENSSSCG00000012155,ENSG00000102098
SCML4,ENSSSCG00000033392,ENSG00000146285
SCN10A,ENSSSCG00000011260,ENSG00000185313
SCN11A,ENSSSCG00000029419,ENSG00000168356
SCN1A,ENSSSCG00000024204,ENSG00000144285
SCN1B,ENSSSCG00000023267,ENSG00000105711
SCN2A,ENSSSCG00000015905,ENSG00000136531
SCN2B,ENSSSCG00000021651,ENSG00000149575
SCN3A,ENSSSCG00000015911,ENSG00000153253
SCN4A,ENSSSCG00000017282,ENSG00000007314
SCN5A,ENSSSCG00000011259,ENSG00000183873
SCN7A,ENSSSCG00000015914,ENSG00000136546
SCN8A,ENSSSCG00000000228,ENSG00000196876
SCN9A,ENSSSCG00000015913,ENSG00000169432
SCNM1,ENSSSCG00000006632,ENSG00000163156
SCNN1A,ENSSSCG00000000707,ENSG00000111319
SCNN1B,ENSSSCG00000028923,ENSG00000168447
SCNN1D,ENSSSCG00000027991,ENSG00000162572
SCNN1G,ENSSSCG00000007836,ENSG00000166828
SCO1,ENSSSCG00000018008,ENSG00000133028
SCOC,ENSSSCG00000038550,ENSG00000153130
SCP2D1,ENSSSCG00000007099,ENSG00000132631
SCPEP1,ENSSSCG00000017617,ENSG00000121064
SCRG1,ENSSSCG00000032048,ENSG00000164106
SCRIB,ENSSSCG00000039466,ENSG00000180900
SCRN1,ENSSSCG00000016684,ENSG00000136193
SCRN2,ENSSSCG00000017521,ENSG00000141295
SCRN3,ENSSSCG00000023297,ENSG00000144306
SCRT1,ENSSSCG00000025879,ENSG00000261678
SCRT2,ENSSSCG00000039028,ENSG00000215397
SCT,ENSSSCG00000040951,ENSG00000070031
SCTR,ENSSSCG00000029536,ENSG00000080293
SCUBE1,ENSSSCG00000000029,ENSG00000159307
SCUBE3,ENSSSCG00000001536,ENSG00000146197
SCX,ENSSSCG00000034551,ENSG00000260428
SCYL1,ENSSSCG00000012984,ENSG00000142186
SCYL2,ENSSSCG00000000877,ENSG00000136021
SCYL3,ENSSSCG00000006283,ENSG00000000457
SDAD1,ENSSSCG00000008974,ENSG00000198301
SDC1,ENSSSCG00000008601,ENSG00000115884
SDC2,ENSSSCG00000006088,ENSG00000169439
SDC3,ENSSSCG00000003592,ENSG00000162512
SDC4,ENSSSCG00000038594,ENSG00000124145
SDCBP,ENSSSCG00000006237,ENSG00000137575
SDCBP2,ENSSSCG00000007189,ENSG00000125775
SDCCAG8,ENSSSCG00000035136,ENSG00000054282
SDE2,ENSSSCG00000010858,ENSG00000143751
SDF2,ENSSSCG00000017772,ENSG00000132581
SDF4,ENSSSCG00000003332,ENSG00000078808
SDHA,ENSSSCG00000020686,ENSG00000073578
SDHAF2,ENSSSCG00000013082,ENSG00000167985
SDHB,ENSSSCG00000020926,ENSG00000117118
SDHC,ENSSSCG00000030318,ENSG00000143252
SDHD,ENSSSCG00000015034,ENSG00000204370
SDK1,ENSSSCG00000007574,ENSG00000146555
SDR16C5,ENSSSCG00000006245,ENSG00000170786
SDR39U1,ENSSSCG00000001983,ENSG00000100445
SDR42E1,ENSSSCG00000035182,ENSG00000184860
SDR42E2,ENSSSCG00000007842,ENSG00000183921
SDR9C7,ENSSSCG00000000415,ENSG00000170426
SDS,ENSSSCG00000036865,ENSG00000135094
SDSL,ENSSSCG00000009870,ENSG00000139410
SEC11A,ENSSSCG00000029183,ENSG00000140612
SEC11C,ENSSSCG00000004912,ENSG00000166562
SEC13,ENSSSCG00000011572,ENSG00000157020
SEC14L1,ENSSSCG00000017169,ENSG00000129657
SEC14L2,ENSSSCG00000010006,ENSG00000100003
SEC14L5,ENSSSCG00000007926,ENSG00000103184
SEC16A,ENSSSCG00000034854,ENSG00000148396
SEC16B,ENSSSCG00000039332,ENSG00000120341
SEC22A,ENSSSCG00000024904,ENSG00000121542
SEC22B,ENSSSCG00000020964,ENSG00000265808
SEC22C,ENSSSCG00000034200,ENSG00000093183
SEC23A,ENSSSCG00000001934,ENSG00000100934
SEC23B,ENSSSCG00000007097,ENSG00000101310
SEC23IP,ENSSSCG00000010690,ENSG00000107651
SEC24A,ENSSSCG00000014304,ENSG00000113615
SEC24B,ENSSSCG00000009142,ENSG00000138802
SEC24C,ENSSSCG00000010306,ENSG00000176986
SEC24D,ENSSSCG00000009112,ENSG00000150961
SEC31A,ENSSSCG00000009244,ENSG00000138674
SEC31B,ENSSSCG00000006165,ENSG00000075826
SEC61A1,ENSSSCG00000011621,ENSG00000058262
SEC61A2,ENSSSCG00000011114,ENSG00000065665
SEC61B,ENSSSCG00000038914,ENSG00000106803
SEC62,ENSSSCG00000029608,ENSG00000008952
SEC63,ENSSSCG00000004382,ENSG00000025796
SECISBP2,ENSSSCG00000028033,ENSG00000187742
SECISBP2L,ENSSSCG00000004653,ENSG00000138593
SECTM1,ENSSSCG00000039807,ENSG00000141574
SEH1L,ENSSSCG00000003673,ENSG00000085415
SEL1L,ENSSSCG00000002414,ENSG00000071537
SEL1L2,ENSSSCG00000007078,ENSG00000101251
SEL1L3,ENSSSCG00000022446,ENSG00000091490
SELE,ENSSSCG00000006286,ENSG00000007908
SELENBP1,ENSSSCG00000006624,ENSG00000143416
SELENOF,ENSSSCG00000030125,ENSG00000183291
SELENOH,ENSSSCG00000032364,ENSG00000211450
SELENOI,ENSSSCG00000030643,ENSG00000138018
SELENOM,ENSSSCG00000029781,ENSG00000198832
SELENON,ENSSSCG00000003554,ENSG00000162430
SELENOO,ENSSSCG00000000973,ENSG00000073169
SELENOS,ENSSSCG00000004826,ENSG00000131871
SELENOV,ENSSSCG00000002986,ENSG00000186838
SELENOW,ENSSSCG00000034313,ENSG00000178980
SELL,ENSSSCG00000006287,ENSG00000188404
SELP,ENSSSCG00000006288,ENSG00000174175
SEMA3A,ENSSSCG00000015398,ENSG00000075213
SEMA3C,ENSSSCG00000023784,ENSG00000075223
SEMA3D,ENSSSCG00000015396,ENSG00000153993
SEMA3E,ENSSSCG00000015399,ENSG00000170381
SEMA3F,ENSSSCG00000011398,ENSG00000001617
SEMA3G,ENSSSCG00000011440,ENSG00000010319
SEMA4A,ENSSSCG00000006495,ENSG00000196189
SEMA4B,ENSSSCG00000031719,ENSG00000185033
SEMA4C,ENSSSCG00000008197,ENSG00000168758
SEMA4D,ENSSSCG00000009584,ENSG00000187764
SEMA4F,ENSSSCG00000008262,ENSG00000135622
SEMA4G,ENSSSCG00000029533,ENSG00000095539
SEMA5A,ENSSSCG00000017095,ENSG00000112902
SEMA5B,ENSSSCG00000011872,ENSG00000082684
SEMA6A,ENSSSCG00000014224,ENSG00000092421
SEMA6B,ENSSSCG00000035176,ENSG00000167680
SEMA6C,ENSSSCG00000006635,ENSG00000143434
SEMA6D,ENSSSCG00000004663,ENSG00000137872
SEMA7A,ENSSSCG00000023165,ENSG00000138623
SENP1,ENSSSCG00000000816,ENSG00000079387
SENP2,ENSSSCG00000011794,ENSG00000163904
SENP3,ENSSSCG00000032469,ENSG00000161956
SENP5,ENSSSCG00000011841,ENSG00000119231
SENP6,ENSSSCG00000020702,ENSG00000112701
SENP7,ENSSSCG00000021791,ENSG00000138468
SENP8,ENSSSCG00000025616,ENSG00000166192
SEPHS1,ENSSSCG00000031659,ENSG00000086475
SEPSECS,ENSSSCG00000025315,ENSG00000109618
SEPTIN1,ENSSSCG00000007800,ENSG00000180096
SEPTIN10,ENSSSCG00000023050,ENSG00000186522
SEPTIN11,ENSSSCG00000008986,ENSG00000138758
SEPTIN14,ENSSSCG00000007751,ENSG00000154997
SEPTIN2,ENSSSCG00000016370,ENSG00000168385
SEPTIN3,ENSSSCG00000000040,ENSG00000100167
SEPTIN4,ENSSSCG00000017643,ENSG00000108387
SEPTIN5,ENSSSCG00000010128,ENSG00000184702
SEPTIN6,ENSSSCG00000012619,ENSG00000125354
SEPTIN7,ENSSSCG00000016661,ENSG00000122545
SEPTIN8,ENSSSCG00000014285,ENSG00000164402
SEPTIN9,ENSSSCG00000017168,ENSG00000184640
SERAC1,ENSSSCG00000012314,ENSG00000122335
SERBP1,ENSSSCG00000003798,ENSG00000142864
SERF2,ENSSSCG00000024263,ENSG00000140264
SERGEF,ENSSSCG00000042767,ENSG00000129158
SERHL2,ENSSSCG00000034350,ENSG00000183569
SERINC1,ENSSSCG00000004237,ENSG00000111897
SERINC2,ENSSSCG00000023585,ENSG00000168528
SERINC3,ENSSSCG00000039591,ENSG00000132824
SERINC4,ENSSSCG00000004698,ENSG00000184716
SERINC5,ENSSSCG00000014119,ENSG00000164300
SERP2,ENSSSCG00000040405,ENSG00000151778
SERPINA1,ENSSSCG00000038515,ENSG00000197249
SERPINA11,ENSSSCG00000002479,ENSG00000186910
SERPINA12,ENSSSCG00000002478,ENSG00000165953
SERPINA4,ENSSSCG00000039378,ENSG00000100665
SERPINA5,ENSSSCG00000002481,ENSG00000188488
SERPINA6,ENSSSCG00000002475,ENSG00000170099
SERPINA7,ENSSSCG00000012547,ENSG00000123561
SERPINB1,ENSSSCG00000001011,ENSG00000021355
SERPINB10,ENSSSCG00000004889,ENSG00000242550
SERPINB12,ENSSSCG00000039151,ENSG00000166634
SERPINB13,ENSSSCG00000034519,ENSG00000197641
SERPINB2,ENSSSCG00000004890,ENSG00000197632
SERPINB5,ENSSSCG00000004894,ENSG00000206075
SERPINB7,ENSSSCG00000004891,ENSG00000166396
SERPINB8,ENSSSCG00000004888,ENSG00000166401
SERPINB9,ENSSSCG00000031615,ENSG00000170542
SERPINC1,ENSSSCG00000015493,ENSG00000117601
SERPIND1,ENSSSCG00000010093,ENSG00000099937
SERPINE1,ENSSSCG00000025698,ENSG00000106366
SERPINE2,ENSSSCG00000016233,ENSG00000135919
SERPINE3,ENSSSCG00000009385,ENSG00000253309
SERPINF1,ENSSSCG00000017818,ENSG00000132386
SERPINF2,ENSSSCG00000038745,ENSG00000167711
SERPING1,ENSSSCG00000013181,ENSG00000149131
SERPINH1,ENSSSCG00000039468,ENSG00000149257
SERPINI1,ENSSSCG00000011740,ENSG00000163536
SERPINI2,ENSSSCG00000011737,ENSG00000114204
SERTAD1,ENSSSCG00000026931,ENSG00000197019
SERTAD2,ENSSSCG00000037002,ENSG00000179833
SERTAD3,ENSSSCG00000025448,ENSG00000167565
SERTAD4,ENSSSCG00000026404,ENSG00000082497
SERTM1,ENSSSCG00000040557,ENSG00000180440
SESN1,ENSSSCG00000004390,ENSG00000080546
SESN2,ENSSSCG00000029438,ENSG00000130766
SESN3,ENSSSCG00000037015,ENSG00000149212
SESTD1,ENSSSCG00000016005,ENSG00000187231
SET,ENSSSCG00000005656,ENSG00000119335
SETBP1,ENSSSCG00000004490,ENSG00000152217
SETD1A,ENSSSCG00000007782,ENSG00000099381
SETD1B,ENSSSCG00000051618,ENSG00000139718
SETD2,ENSSSCG00000011332,ENSG00000181555
SETD3,ENSSSCG00000002508,ENSG00000183576
SETD4,ENSSSCG00000028883,ENSG00000185917
SETD5,ENSSSCG00000011540,ENSG00000168137
SETD6,ENSSSCG00000026505,ENSG00000103037
SETD7,ENSSSCG00000030396,ENSG00000145391
SETD9,ENSSSCG00000016919,ENSG00000155542
SETDB1,ENSSSCG00000006645,ENSG00000143379
SETDB2,ENSSSCG00000009395,ENSG00000136169
SETX,ENSSSCG00000005724,ENSG00000107290
SEZ6,ENSSSCG00000035445,ENSG00000063015
SEZ6L,ENSSSCG00000009958,ENSG00000100095
SEZ6L2,ENSSSCG00000029186,ENSG00000174938
SF3A1,ENSSSCG00000010002,ENSG00000099995
SF3A3,ENSSSCG00000003643,ENSG00000183431
SF3B1,ENSSSCG00000016075,ENSG00000115524
SF3B2,ENSSSCG00000012957,ENSG00000087365
SF3B3,ENSSSCG00000025323,ENSG00000189091
SF3B4,ENSSSCG00000006665,ENSG00000143368
SF3B6,ENSSSCG00000008587,ENSG00000115128
SFI1,ENSSSCG00000010031,ENSG00000198089
SFMBT1,ENSSSCG00000011454,ENSG00000163935
SFMBT2,ENSSSCG00000024480,ENSG00000198879
SFPQ,ENSSSCG00000035690,ENSG00000116560
SFR1,ENSSSCG00000010608,ENSG00000156384
SFRP1,ENSSSCG00000025822,ENSG00000104332
SFRP2,ENSSSCG00000009004,ENSG00000145423
SFRP4,ENSSSCG00000035299,ENSG00000106483
SFRP5,ENSSSCG00000010529,ENSG00000120057
SFSWAP,ENSSSCG00000009744,ENSG00000061936
SFT2D1,ENSSSCG00000004020,ENSG00000198818
SFT2D2,ENSSSCG00000031617,ENSG00000213064
SFT2D3,ENSSSCG00000015860,ENSG00000173349
SFTPA1,ENSSSCG00000010336,ENSG00000122852
SFTPB,ENSSSCG00000008229,ENSG00000168878
SFTPC,ENSSSCG00000009619,ENSG00000168484
SFTPD,ENSSSCG00000010334,ENSG00000133661
SFXN1,ENSSSCG00000014063,ENSG00000164466
SFXN2,ENSSSCG00000010589,ENSG00000156398
SFXN3,ENSSSCG00000022005,ENSG00000107819
SFXN4,ENSSSCG00000010681,ENSG00000183605
SFXN5,ENSSSCG00000008307,ENSG00000144040
SGCA,ENSSSCG00000017583,ENSG00000108823
SGCE,ENSSSCG00000015328,ENSG00000127990
SGCG,ENSSSCG00000009281,ENSG00000102683
SGCZ,ENSSSCG00000038257,ENSG00000185053
SGF29,ENSSSCG00000022778,ENSG00000176476
SGIP1,ENSSSCG00000025243,ENSG00000118473
SGK1,ENSSSCG00000021443,ENSG00000118515
SGK2,ENSSSCG00000024325,ENSG00000101049
SGMS1,ENSSSCG00000010433,ENSG00000198964
SGMS2,ENSSSCG00000009152,ENSG00000164023
SGO1,ENSSSCG00000011207,ENSG00000129810
SGO2,ENSSSCG00000016092,ENSG00000163535
SGPL1,ENSSSCG00000010274,ENSG00000166224
SGPP1,ENSSSCG00000028558,ENSG00000126821
SGPP2,ENSSSCG00000025993,ENSG00000163082
SGSH,ENSSSCG00000017152,ENSG00000181523
SGSM1,ENSSSCG00000009951,ENSG00000167037
SGSM2,ENSSSCG00000017829,ENSG00000141258
SGSM3,ENSSSCG00000000076,ENSG00000100359
SGTA,ENSSSCG00000013467,ENSG00000104969
SGTB,ENSSSCG00000040603,ENSG00000197860
SH2B1,ENSSSCG00000007804,ENSG00000178188
SH2B2,ENSSSCG00000007682,ENSG00000160999
SH2B3,ENSSSCG00000009833,ENSG00000111252
SH2D1A,ENSSSCG00000012643,ENSG00000183918
SH2D1B,ENSSSCG00000032108,ENSG00000198574
SH2D2A,ENSSSCG00000006466,ENSG00000027869
SH2D3A,ENSSSCG00000022380,ENSG00000125731
SH2D3C,ENSSSCG00000005620,ENSG00000095370
SH2D4B,ENSSSCG00000010342,ENSG00000178217
SH2D5,ENSSSCG00000003509,ENSG00000189410
SH2D6,ENSSSCG00000008240,ENSG00000152292
SH2D7,ENSSSCG00000001764,ENSG00000183476
SH3BGR,ENSSSCG00000029219,ENSG00000185437
SH3BGRL2,ENSSSCG00000032015,ENSG00000198478
SH3BGRL3,ENSSSCG00000034937,ENSG00000142669
SH3BP1,ENSSSCG00000028531,ENSG00000100092
SH3BP2,ENSSSCG00000022004,ENSG00000087266
SH3BP4,ENSSSCG00000034692,ENSG00000130147
SH3BP5,ENSSSCG00000024938,ENSG00000131370
SH3BP5L,ENSSSCG00000025900,ENSG00000175137
SH3D19,ENSSSCG00000009018,ENSG00000109686
SH3GL1,ENSSSCG00000013508,ENSG00000141985
SH3GL2,ENSSSCG00000005177,ENSG00000107295
SH3GL3,ENSSSCG00000001795,ENSG00000140600
SH3GLB1,ENSSSCG00000006930,ENSG00000097033
SH3GLB2,ENSSSCG00000005668,ENSG00000148341
SH3KBP1,ENSSSCG00000012160,ENSG00000147010
SH3PXD2A,ENSSSCG00000010604,ENSG00000107957
SH3PXD2B,ENSSSCG00000027378,ENSG00000174705
SH3RF1,ENSSSCG00000009716,ENSG00000154447
SH3RF2,ENSSSCG00000014410,ENSG00000156463
SH3RF3,ENSSSCG00000038296,ENSG00000172985
SH3TC1,ENSSSCG00000008722,ENSG00000125089
SH3TC2,ENSSSCG00000023279,ENSG00000169247
SH3YL1,ENSSSCG00000023273,ENSG00000035115
SHANK2,ENSSSCG00000033043,ENSG00000162105
SHANK3,ENSSSCG00000031925,ENSG00000251322
SHARPIN,ENSSSCG00000005914,ENSG00000179526
SHB,ENSSSCG00000005358,ENSG00000107338
SHC1,ENSSSCG00000006539,ENSG00000160691
SHC2,ENSSSCG00000040083,ENSG00000129946
SHC3,ENSSSCG00000039841,ENSG00000148082
SHCBP1,ENSSSCG00000002849,ENSG00000171241
SHCBP1L,ENSSSCG00000026983,ENSG00000157060
SHD,ENSSSCG00000013503,ENSG00000105251
SHE,ENSSSCG00000006547,ENSG00000169291
SHF,ENSSSCG00000004674,ENSG00000138606
SHFL,ENSSSCG00000013664,ENSG00000130813
SHH,ENSSSCG00000016416,ENSG00000164690
SHISA2,ENSSSCG00000030113,ENSG00000180730
SHISA3,ENSSSCG00000040147,ENSG00000178343
SHISA5,ENSSSCG00000011357,ENSG00000164054
SHISA7,ENSSSCG00000035924,ENSG00000187902
SHISA8,ENSSSCG00000035755,ENSG00000234965
SHISA9,ENSSSCG00000032878,ENSG00000237515
SHISAL1,ENSSSCG00000039522,ENSG00000138944
SHISAL2A,ENSSSCG00000034127,ENSG00000182183
SHISAL2B,ENSSSCG00000024514,ENSG00000145642
SHKBP1,ENSSSCG00000033836,ENSG00000160410
SHLD1,ENSSSCG00000039269,ENSG00000171984
SHLD2,ENSSSCG00000027767,ENSG00000122376
SHMT1,ENSSSCG00000036208,ENSG00000176974
SHMT2,ENSSSCG00000037077,ENSG00000182199
SHOC1,ENSSSCG00000005463,ENSG00000165181
SHOC2,ENSSSCG00000010628,ENSG00000108061
SHOX,ENSSSCG00000031933,ENSG00000185960
SHOX2,ENSSSCG00000025238,ENSG00000168779
SHPK,ENSSSCG00000017864,ENSG00000197417
SHPRH,ENSSSCG00000004120,ENSG00000146414
SHQ1,ENSSSCG00000011518,ENSG00000144736
SHROOM1,ENSSSCG00000014287,ENSG00000164403
SHROOM2,ENSSSCG00000012104,ENSG00000146950
SHROOM4,ENSSSCG00000012309,ENSG00000158352
SHTN1,ENSSSCG00000010665,ENSG00000187164
SI,ENSSSCG00000011735,ENSG00000090402
SIAE,ENSSSCG00000015196,ENSG00000110013
SIAH1,ENSSSCG00000037263,ENSG00000196470
SIAH2,ENSSSCG00000031388,ENSG00000181788
SIAH3,ENSSSCG00000038733,ENSG00000215475
SIDT1,ENSSSCG00000024429,ENSG00000072858
SIDT2,ENSSSCG00000015074,ENSG00000149577
SIGIRR,ENSSSCG00000024389,ENSG00000185187
SIGLEC1,ENSSSCG00000007146,ENSG00000088827
SIGLEC10,ENSSSCG00000022906,ENSG00000142512
SIGLEC15,ENSSSCG00000004493,ENSG00000197046
SIGMAR1,ENSSSCG00000037000,ENSG00000147955
SIK1,ENSSSCG00000035037,ENSG00000142178
SIK2,ENSSSCG00000032941,ENSG00000170145
SIK3,ENSSSCG00000015071,ENSG00000160584
SIKE1,ENSSSCG00000006751,ENSG00000052723
SIL1,ENSSSCG00000024189,ENSG00000120725
SIM1,ENSSSCG00000004357,ENSG00000112246
SIMC1,ENSSSCG00000014062,ENSG00000170085
SIN3A,ENSSSCG00000001880,ENSG00000169375
SIN3B,ENSSSCG00000013867,ENSG00000127511
SINHCAF,ENSSSCG00000037732,ENSG00000139146
SIPA1,ENSSSCG00000012982,ENSG00000213445
SIPA1L1,ENSSSCG00000002332,ENSG00000197555
SIPA1L2,ENSSSCG00000010169,ENSG00000116991
SIPA1L3,ENSSSCG00000002950,ENSG00000105738
SIRPA,ENSSSCG00000028461,ENSG00000198053
SIRPB2,ENSSSCG00000007185,ENSG00000196209
SIRT1,ENSSSCG00000010235,ENSG00000096717
SIRT2,ENSSSCG00000026794,ENSG00000068903
SIRT3,ENSSSCG00000014558,ENSG00000142082
SIRT4,ENSSSCG00000009901,ENSG00000089163
SIRT5,ENSSSCG00000031129,ENSG00000124523
SIRT6,ENSSSCG00000013496,ENSG00000077463
SIRT7,ENSSSCG00000034695,ENSG00000187531
SIT1,ENSSSCG00000005312,ENSG00000137078
SIVA1,ENSSSCG00000031132,ENSG00000184990
SIX1,ENSSSCG00000005087,ENSG00000126778
SIX2,ENSSSCG00000008446,ENSG00000170577
SIX3,ENSSSCG00000039283,ENSG00000138083
SIX4,ENSSSCG00000005089,ENSG00000100625
SIX5,ENSSSCG00000035791,ENSG00000177045
SIX6,ENSSSCG00000005086,ENSG00000184302
SKA2,ENSSSCG00000034217,ENSG00000182628
SKA3,ENSSSCG00000028249,ENSG00000165480
SKAP1,ENSSSCG00000017527,ENSG00000141293
SKAP2,ENSSSCG00000016708,ENSG00000005020
SKI,ENSSSCG00000040944,ENSG00000157933
SKIC3,ENSSSCG00000014165,ENSG00000198677
SKIC8,ENSSSCG00000001757,ENSG00000140395
SKIDA1,ENSSSCG00000011087,ENSG00000180592
SKIL,ENSSSCG00000011746,ENSG00000136603
SKOR1,ENSSSCG00000004956,ENSG00000188779
SKOR2,ENSSSCG00000005767,ENSG00000215474
SKP1,ENSSSCG00000038628,ENSG00000113558
SKP2,ENSSSCG00000016835,ENSG00000145604
SLA,ENSSSCG00000005949,ENSG00000155926
SLAIN1,ENSSSCG00000009475,ENSG00000139737
SLAIN2,ENSSSCG00000008821,ENSG00000109171
SLAMF1,ENSSSCG00000006380,ENSG00000117090
SLAMF6,ENSSSCG00000006382,ENSG00000162739
SLAMF7,ENSSSCG00000006378,ENSG00000026751
SLAMF8,ENSSSCG00000006398,ENSG00000158714
SLC10A1,ENSSSCG00000002313,ENSG00000100652
SLC10A2,ENSSSCG00000026317,ENSG00000125255
SLC10A3,ENSSSCG00000025766,ENSG00000126903
SLC10A4,ENSSSCG00000008823,ENSG00000145248
SLC10A6,ENSSSCG00000028952,ENSG00000145283
SLC10A7,ENSSSCG00000009035,ENSG00000120519
SLC11A1,ENSSSCG00000039798,ENSG00000018280
SLC11A2,ENSSSCG00000034039,ENSG00000110911
SLC12A1,ENSSSCG00000004659,ENSG00000074803
SLC12A2,ENSSSCG00000014255,ENSG00000064651
SLC12A3,ENSSSCG00000032643,ENSG00000070915
SLC12A4,ENSSSCG00000028609,ENSG00000124067
SLC12A5,ENSSSCG00000007437,ENSG00000124140
SLC12A6,ENSSSCG00000002243,ENSG00000140199
SLC12A7,ENSSSCG00000034302,ENSG00000113504
SLC12A8,ENSSSCG00000011860,ENSG00000221955
SLC12A9,ENSSSCG00000023619,ENSG00000146828
SLC13A1,ENSSSCG00000016609,ENSG00000081800
SLC13A2,ENSSSCG00000017763,ENSG00000007216
SLC13A3,ENSSSCG00000035906,ENSG00000158296
SLC13A4,ENSSSCG00000016527,ENSG00000164707
SLC13A5,ENSSSCG00000017888,ENSG00000141485
SLC14A1,ENSSSCG00000004492,ENSG00000141469
SLC14A2,ENSSSCG00000004491,ENSG00000132874
SLC15A1,ENSSSCG00000009513,ENSG00000088386
SLC15A2,ENSSSCG00000030305,ENSG00000163406
SLC15A3,ENSSSCG00000013114,ENSG00000110446
SLC15A4,ENSSSCG00000025820,ENSG00000139370
SLC15A5,ENSSSCG00000000598,ENSG00000188991
SLC16A10,ENSSSCG00000004419,ENSG00000112394
SLC16A11,ENSSSCG00000017925,ENSG00000174326
SLC16A12,ENSSSCG00000010455,ENSG00000152779
SLC16A13,ENSSSCG00000017926,ENSG00000174327
SLC16A14,ENSSSCG00000016260,ENSG00000163053
SLC16A2,ENSSSCG00000029458,ENSG00000147100
SLC16A3,ENSSSCG00000024018,ENSG00000141526
SLC16A4,ENSSSCG00000006808,ENSG00000168679
SLC16A5,ENSSSCG00000017215,ENSG00000170190
SLC16A6,ENSSSCG00000017262,ENSG00000108932
SLC16A7,ENSSSCG00000000456,ENSG00000118596
SLC16A8,ENSSSCG00000000113,ENSG00000100156
SLC16A9,ENSSSCG00000010210,ENSG00000165449
SLC17A1,ENSSSCG00000001107,ENSG00000124568
SLC17A2,ENSSSCG00000036191,ENSG00000112337
SLC17A3,ENSSSCG00000037547,ENSG00000124564
SLC17A4,ENSSSCG00000031944,ENSG00000146039
SLC17A5,ENSSSCG00000004486,ENSG00000119899
SLC17A6,ENSSSCG00000013343,ENSG00000091664
SLC17A7,ENSSSCG00000003170,ENSG00000104888
SLC17A8,ENSSSCG00000038946,ENSG00000179520
SLC17A9,ENSSSCG00000040931,ENSG00000101194
SLC18A1,ENSSSCG00000009601,ENSG00000036565
SLC18A2,ENSSSCG00000020671,ENSG00000165646
SLC18A3,ENSSSCG00000022274,ENSG00000187714
SLC18B1,ENSSSCG00000004178,ENSG00000146409
SLC19A1,ENSSSCG00000030696,ENSG00000173638
SLC19A2,ENSSSCG00000006290,ENSG00000117479
SLC19A3,ENSSSCG00000021968,ENSG00000135917
SLC1A1,ENSSSCG00000005222,ENSG00000106688
SLC1A2,ENSSSCG00000013296,ENSG00000110436
SLC1A3,ENSSSCG00000016841,ENSG00000079215
SLC1A4,ENSSSCG00000028282,ENSG00000115902
SLC1A5,ENSSSCG00000003105,ENSG00000105281
SLC1A6,ENSSSCG00000013833,ENSG00000105143
SLC1A7,ENSSSCG00000003852,ENSG00000162383
SLC20A1,ENSSSCG00000032288,ENSG00000144136
SLC20A2,ENSSSCG00000007027,ENSG00000168575
SLC22A1,ENSSSCG00000004041,ENSG00000175003
SLC22A11,ENSSSCG00000020831,ENSG00000168065
SLC22A12,ENSSSCG00000013025,ENSG00000197891
SLC22A13,ENSSSCG00000011256,ENSG00000172940
SLC22A14,ENSSSCG00000011255,ENSG00000144671
SLC22A15,ENSSSCG00000006743,ENSG00000163393
SLC22A16,ENSSSCG00000004399,ENSG00000004809
SLC22A17,ENSSSCG00000002025,ENSG00000092096
SLC22A2,ENSSSCG00000004040,ENSG00000112499
SLC22A23,ENSSSCG00000001004,ENSG00000137266
SLC22A3,ENSSSCG00000004039,ENSG00000146477
SLC22A4,ENSSSCG00000014275,ENSG00000197208
SLC22A6,ENSSSCG00000023571,ENSG00000197901
SLC22A7,ENSSSCG00000027796,ENSG00000137204
SLC22A8,ENSSSCG00000029516,ENSG00000149452
SLC23A1,ENSSSCG00000026423,ENSG00000170482
SLC23A2,ENSSSCG00000026466,ENSG00000089057
SLC23A3,ENSSSCG00000029694,ENSG00000213901
SLC24A1,ENSSSCG00000004937,ENSG00000074621
SLC24A2,ENSSSCG00000005167,ENSG00000155886
SLC24A3,ENSSSCG00000007100,ENSG00000185052
SLC24A4,ENSSSCG00000002450,ENSG00000140090
SLC24A5,ENSSSCG00000004662,ENSG00000188467
SLC25A1,ENSSSCG00000010116,ENSG00000100075
SLC25A10,ENSSSCG00000033620,ENSG00000183048
SLC25A11,ENSSSCG00000032472,ENSG00000108528
SLC25A12,ENSSSCG00000015949,ENSG00000115840
SLC25A13,ENSSSCG00000015336,ENSG00000004864
SLC25A14,ENSSSCG00000012660,ENSG00000102078
SLC25A15,ENSSSCG00000009373,ENSG00000102743
SLC25A16,ENSSSCG00000022303,ENSG00000122912
SLC25A17,ENSSSCG00000000072,ENSG00000100372
SLC25A19,ENSSSCG00000017208,ENSG00000125454
SLC25A20,ENSSSCG00000011366,ENSG00000178537
SLC25A21,ENSSSCG00000039317,ENSG00000183032
SLC25A22,ENSSSCG00000012844,ENSG00000177542
SLC25A23,ENSSSCG00000013550,ENSG00000125648
SLC25A24,ENSSSCG00000006848,ENSG00000085491
SLC25A25,ENSSSCG00000005636,ENSG00000148339
SLC25A26,ENSSSCG00000011498,ENSG00000144741
SLC25A27,ENSSSCG00000001720,ENSG00000153291
SLC25A28,ENSSSCG00000037536,ENSG00000155287
SLC25A3,ENSSSCG00000000886,ENSG00000075415
SLC25A31,ENSSSCG00000009078,ENSG00000151475
SLC25A32,ENSSSCG00000006049,ENSG00000164933
SLC25A33,ENSSSCG00000038006,ENSG00000171612
SLC25A34,ENSSSCG00000032950,ENSG00000162461
SLC25A35,ENSSSCG00000022395,ENSG00000125434
SLC25A36,ENSSSCG00000036855,ENSG00000114120
SLC25A37,ENSSSCG00000033037,ENSG00000147454
SLC25A38,ENSSSCG00000029708,ENSG00000144659
SLC25A39,ENSSSCG00000030167,ENSG00000013306
SLC25A4,ENSSSCG00000015790,ENSG00000151729
SLC25A40,ENSSSCG00000026177,ENSG00000075303
SLC25A41,ENSSSCG00000032785,ENSG00000181240
SLC25A42,ENSSSCG00000013927,ENSG00000181035
SLC25A43,ENSSSCG00000012624,ENSG00000077713
SLC25A44,ENSSSCG00000006494,ENSG00000160785
SLC25A45,ENSSSCG00000012993,ENSG00000162241
SLC25A46,ENSSSCG00000014197,ENSG00000164209
SLC25A47,ENSSSCG00000002515,ENSG00000140107
SLC25A48,ENSSSCG00000014311,ENSG00000145832
SLC25A5,ENSSSCG00000012623,ENSG00000005022
SLC25A51,ENSSSCG00000032554,ENSG00000122696
SLC25A53,ENSSSCG00000012540,ENSG00000269743
SLC25A6,ENSSSCG00000033673,ENSG00000169100
SLC26A1,ENSSSCG00000035739,ENSG00000145217
SLC26A11,ENSSSCG00000021040,ENSG00000181045
SLC26A2,ENSSSCG00000039045,ENSG00000155850
SLC26A3,ENSSSCG00000021813,ENSG00000091138
SLC26A4,ENSSSCG00000028969,ENSG00000091137
SLC26A5,ENSSSCG00000015425,ENSG00000170615
SLC26A6,ENSSSCG00000011361,ENSG00000225697
SLC26A7,ENSSSCG00000006116,ENSG00000147606
SLC26A8,ENSSSCG00000001555,ENSG00000112053
SLC26A9,ENSSSCG00000040720,ENSG00000174502
SLC27A1,ENSSSCG00000013879,ENSG00000130304
SLC27A2,ENSSSCG00000004643,ENSG00000140284
SLC27A4,ENSSSCG00000005648,ENSG00000167114
SLC27A5,ENSSSCG00000031449,ENSG00000083807
SLC27A6,ENSSSCG00000014257,ENSG00000113396
SLC28A1,ENSSSCG00000002632,ENSG00000156222
SLC28A2,ENSSSCG00000004673,ENSG00000137860
SLC28A3,ENSSSCG00000010960,ENSG00000197506
SLC29A1,ENSSSCG00000001700,ENSG00000112759
SLC29A2,ENSSSCG00000012941,ENSG00000174669
SLC29A3,ENSSSCG00000010277,ENSG00000198246
SLC29A4,ENSSSCG00000027768,ENSG00000164638
SLC2A10,ENSSSCG00000007451,ENSG00000197496
SLC2A11,ENSSSCG00000010068,ENSG00000133460
SLC2A12,ENSSSCG00000004172,ENSG00000146411
SLC2A13,ENSSSCG00000000783,ENSG00000151229
SLC2A2,ENSSSCG00000020927,ENSG00000163581
SLC2A3,ENSSSCG00000022925,ENSG00000059804
SLC2A4,ENSSSCG00000023915,ENSG00000181856
SLC2A4RG,ENSSSCG00000037562,ENSG00000125520
SLC2A5,ENSSSCG00000039651,ENSG00000142583
SLC2A6,ENSSSCG00000024166,ENSG00000160326
SLC2A7,ENSSSCG00000003390,ENSG00000197241
SLC2A8,ENSSSCG00000005610,ENSG00000136856
SLC2A9,ENSSSCG00000031700,ENSG00000109667
SLC30A1,ENSSSCG00000039472,ENSG00000170385
SLC30A10,ENSSSCG00000039095,ENSG00000196660
SLC30A2,ENSSSCG00000026386,ENSG00000158014
SLC30A3,ENSSSCG00000021534,ENSG00000115194
SLC30A4,ENSSSCG00000004668,ENSG00000104154
SLC30A5,ENSSSCG00000022430,ENSG00000145740
SLC30A6,ENSSSCG00000008518,ENSG00000152683
SLC30A7,ENSSSCG00000006860,ENSG00000162695
SLC30A8,ENSSSCG00000006011,ENSG00000164756
SLC30A9,ENSSSCG00000008801,ENSG00000014824
SLC31A1,ENSSSCG00000034278,ENSG00000136868
SLC31A2,ENSSSCG00000023714,ENSG00000136867
SLC32A1,ENSSSCG00000007348,ENSG00000101438
SLC33A1,ENSSSCG00000025316,ENSG00000169359
SLC34A1,ENSSSCG00000037535,ENSG00000131183
SLC34A2,ENSSSCG00000008758,ENSG00000157765
SLC34A3,ENSSSCG00000040105,ENSG00000198569
SLC35A1,ENSSSCG00000004304,ENSG00000164414
SLC35A2,ENSSSCG00000024841,ENSG00000102100
SLC35A3,ENSSSCG00000006871,ENSG00000117620
SLC35A4,ENSSSCG00000014367,ENSG00000176087
SLC35A5,ENSSSCG00000011929,ENSG00000138459
SLC35B1,ENSSSCG00000033731,ENSG00000121073
SLC35B2,ENSSSCG00000001702,ENSG00000157593
SLC35B3,ENSSSCG00000001033,ENSG00000124786
SLC35B4,ENSSSCG00000016541,ENSG00000205060
SLC35C1,ENSSSCG00000025647,ENSG00000181830
SLC35D1,ENSSSCG00000032043,ENSG00000116704
SLC35D2,ENSSSCG00000039368,ENSG00000130958
SLC35D3,ENSSSCG00000004159,ENSG00000182747
SLC35E1,ENSSSCG00000013861,ENSG00000127526
SLC35E3,ENSSSCG00000000487,ENSG00000175782
SLC35E4,ENSSSCG00000010012,ENSG00000100036
SLC35F1,ENSSSCG00000004250,ENSG00000196376
SLC35F2,ENSSSCG00000015001,ENSG00000110660
SLC35F3,ENSSSCG00000010162,ENSG00000183780
SLC35F4,ENSSSCG00000005068,ENSG00000151812
SLC35F5,ENSSSCG00000015709,ENSG00000115084
SLC35F6,ENSSSCG00000008562,ENSG00000213699
SLC35G1,ENSSSCG00000027230,ENSG00000176273
SLC35G2,ENSSSCG00000021508,ENSG00000168917
SLC35G6,ENSSSCG00000021258,ENSG00000259224
SLC36A1,ENSSSCG00000035442,ENSG00000123643
SLC36A2,ENSSSCG00000017086,ENSG00000186335
SLC36A3,ENSSSCG00000038877,ENSG00000186334
SLC36A4,ENSSSCG00000024933,ENSG00000180773
SLC37A1,ENSSSCG00000012087,ENSG00000160190
SLC37A2,ENSSSCG00000022536,ENSG00000134955
SLC37A3,ENSSSCG00000032266,ENSG00000157800
SLC37A4,ENSSSCG00000015105,ENSG00000137700
SLC38A1,ENSSSCG00000000807,ENSG00000111371
SLC38A10,ENSSSCG00000022317,ENSG00000157637
SLC38A11,ENSSSCG00000015903,ENSG00000169507
SLC38A2,ENSSSCG00000000808,ENSG00000134294
SLC38A3,ENSSSCG00000011397,ENSG00000188338
SLC38A4,ENSSSCG00000026597,ENSG00000139209
SLC38A5,ENSSSCG00000025981,ENSG00000017483
SLC38A6,ENSSSCG00000005092,ENSG00000139974
SLC38A7,ENSSSCG00000040881,ENSG00000103042
SLC38A8,ENSSSCG00000039218,ENSG00000166558
SLC38A9,ENSSSCG00000030343,ENSG00000177058
SLC39A1,ENSSSCG00000006561,ENSG00000143570
SLC39A10,ENSSSCG00000031954,ENSG00000196950
SLC39A11,ENSSSCG00000037754,ENSG00000133195
SLC39A12,ENSSSCG00000011039,ENSG00000148482
SLC39A13,ENSSSCG00000013238,ENSG00000165915
SLC39A14,ENSSSCG00000032622,ENSG00000104635
SLC39A2,ENSSSCG00000029754,ENSG00000165794
SLC39A4,ENSSSCG00000005905,ENSG00000147804
SLC39A5,ENSSSCG00000000385,ENSG00000139540
SLC39A6,ENSSSCG00000027455,ENSG00000141424
SLC39A8,ENSSSCG00000009169,ENSG00000138821
SLC39A9,ENSSSCG00000028600,ENSG00000029364
SLC3A1,ENSSSCG00000008449,ENSG00000138079
SLC3A2,ENSSSCG00000022404,ENSG00000168003
SLC40A1,ENSSSCG00000027157,ENSG00000138449
SLC41A1,ENSSSCG00000020783,ENSG00000133065
SLC41A2,ENSSSCG00000000838,ENSG00000136052
SLC41A3,ENSSSCG00000001825,ENSG00000114544
SLC43A1,ENSSSCG00000036359,ENSG00000149150
SLC43A2,ENSSSCG00000024108,ENSG00000167703
SLC43A3,ENSSSCG00000033998,ENSG00000134802
SLC44A1,ENSSSCG00000005425,ENSG00000070214
SLC44A2,ENSSSCG00000013639,ENSG00000129353
SLC44A3,ENSSSCG00000006888,ENSG00000143036
SLC44A5,ENSSSCG00000003777,ENSG00000137968
SLC45A1,ENSSSCG00000003388,ENSG00000162426
SLC45A2,ENSSSCG00000016821,ENSG00000164175
SLC45A3,ENSSSCG00000026547,ENSG00000158715
SLC45A4,ENSSSCG00000005930,ENSG00000022567
SLC46A1,ENSSSCG00000023478,ENSG00000076351
SLC46A2,ENSSSCG00000005472,ENSG00000119457
SLC46A3,ENSSSCG00000009322,ENSG00000139508
SLC47A1,ENSSSCG00000033329,ENSG00000142494
SLC47A2,ENSSSCG00000018042,ENSG00000180638
SLC48A1,ENSSSCG00000036775,ENSG00000211584
SLC49A3,ENSSSCG00000026084,ENSG00000169026
SLC49A4,ENSSSCG00000036766,ENSG00000138463
SLC4A1,ENSSSCG00000017358,ENSG00000004939
SLC4A10,ENSSSCG00000015893,ENSG00000144290
SLC4A11,ENSSSCG00000007157,ENSG00000088836
SLC4A1AP,ENSSSCG00000008549,ENSG00000163798
SLC4A2,ENSSSCG00000021475,ENSG00000164889
SLC4A3,ENSSSCG00000022846,ENSG00000114923
SLC4A4,ENSSSCG00000008943,ENSG00000080493
SLC4A5,ENSSSCG00000027320,ENSG00000188687
SLC4A7,ENSSSCG00000011218,ENSG00000033867
SLC4A8,ENSSSCG00000028060,ENSG00000050438
SLC4A9,ENSSSCG00000014363,ENSG00000113073
SLC50A1,ENSSSCG00000006529,ENSG00000169241
SLC51A,ENSSSCG00000011846,ENSG00000163959
SLC51B,ENSSSCG00000004923,ENSG00000186198
SLC52A2,ENSSSCG00000005908,ENSG00000185803
SLC52A3,ENSSSCG00000007199,ENSG00000101276
SLC5A1,ENSSSCG00000010036,ENSG00000100170
SLC5A11,ENSSSCG00000033071,ENSG00000158865
SLC5A12,ENSSSCG00000013338,ENSG00000148942
SLC5A2,ENSSSCG00000024058,ENSG00000140675
SLC5A3,ENSSSCG00000034167,ENSG00000198743
SLC5A4,ENSSSCG00000010039,ENSG00000100191
SLC5A5,ENSSSCG00000013890,ENSG00000105641
SLC5A6,ENSSSCG00000008550,ENSG00000138074
SLC5A7,ENSSSCG00000008140,ENSG00000115665
SLC5A9,ENSSSCG00000003882,ENSG00000117834
SLC66A1,ENSSSCG00000003492,ENSG00000040487
SLC66A2,ENSSSCG00000023171,ENSG00000122490
SLC66A3,ENSSSCG00000008631,ENSG00000162976
SLC6A1,ENSSSCG00000011577,ENSG00000157103
SLC6A11,ENSSSCG00000039850,ENSG00000132164
SLC6A12,ENSSSCG00000000749,ENSG00000111181
SLC6A13,ENSSSCG00000030076,ENSG00000010379
SLC6A14,ENSSSCG00000022372,ENSG00000268104
SLC6A15,ENSSSCG00000000936,ENSG00000072041
SLC6A17,ENSSSCG00000006811,ENSG00000197106
SLC6A18,ENSSSCG00000017117,ENSG00000164363
SLC6A19,ENSSSCG00000017120,ENSG00000174358
SLC6A2,ENSSSCG00000002827,ENSG00000103546
SLC6A20,ENSSSCG00000028643,ENSG00000163817
SLC6A3,ENSSSCG00000017121,ENSG00000142319
SLC6A4,ENSSSCG00000017797,ENSG00000108576
SLC6A5,ENSSSCG00000037705,ENSG00000165970
SLC6A6,ENSSSCG00000011600,ENSG00000131389
SLC6A7,ENSSSCG00000014447,ENSG00000011083
SLC6A8,ENSSSCG00000012771,ENSG00000130821
SLC6A9,ENSSSCG00000039770,ENSG00000196517
SLC7A1,ENSSSCG00000029456,ENSG00000139514
SLC7A10,ENSSSCG00000002864,ENSG00000130876
SLC7A11,ENSSSCG00000022649,ENSG00000151012
SLC7A13,ENSSSCG00000022935,ENSG00000164893
SLC7A14,ENSSSCG00000011748,ENSG00000013293
SLC7A2,ENSSSCG00000006987,ENSG00000003989
SLC7A3,ENSSSCG00000024346,ENSG00000165349
SLC7A4,ENSSSCG00000010102,ENSG00000099960
SLC7A5,ENSSSCG00000032996,ENSG00000103257
SLC7A6OS,ENSSSCG00000033167,ENSG00000103061
SLC7A7,ENSSSCG00000002041,ENSG00000155465
SLC7A8,ENSSSCG00000002032,ENSG00000092068
SLC7A9,ENSSSCG00000022948,ENSG00000021488
SLC8A1,ENSSSCG00000036418,ENSG00000183023
SLC8A2,ENSSSCG00000029567,ENSG00000118160
SLC8A3,ENSSSCG00000002315,ENSG00000100678
SLC8B1,ENSSSCG00000009880,ENSG00000089060
SLC9A1,ENSSSCG00000003569,ENSG00000090020
SLC9A2,ENSSSCG00000008153,ENSG00000115616
SLC9A3,ENSSSCG00000039413,ENSG00000066230
SLC9A4,ENSSSCG00000008155,ENSG00000180251
SLC9A5,ENSSSCG00000002783,ENSG00000135740
SLC9A6,ENSSSCG00000012698,ENSG00000198689
SLC9A7,ENSSSCG00000012266,ENSG00000065923
SLC9A8,ENSSSCG00000007466,ENSG00000197818
SLC9A9,ENSSSCG00000011686,ENSG00000181804
SLC9B1,ENSSSCG00000009162,ENSG00000164037
SLC9B2,ENSSSCG00000028101,ENSG00000164038
SLC9C1,ENSSSCG00000023918,ENSG00000172139
SLCO1A2,ENSSSCG00000000584,ENSG00000084453
SLCO1C1,ENSSSCG00000000585,ENSG00000139155
SLCO2A1,ENSSSCG00000011641,ENSG00000174640
SLCO2B1,ENSSSCG00000014851,ENSG00000137491
SLCO3A1,ENSSSCG00000002263,ENSG00000176463
SLCO4A1,ENSSSCG00000039419,ENSG00000101187
SLCO4C1,ENSSSCG00000014182,ENSG00000173930
SLCO5A1,ENSSSCG00000006196,ENSG00000137571
SLCO6A1,ENSSSCG00000014183,ENSG00000205359
SLF1,ENSSSCG00000014163,ENSG00000133302
SLF2,ENSSSCG00000037592,ENSG00000119906
SLFN11,ENSSSCG00000032652,ENSG00000172716
SLFN14,ENSSSCG00000031114,ENSG00000236320
SLFNL1,ENSSSCG00000003972,ENSG00000171790
SLIRP,ENSSSCG00000028167,ENSG00000119705
SLIT1,ENSSSCG00000010512,ENSG00000187122
SLIT2,ENSSSCG00000008749,ENSG00000145147
SLIT3,ENSSSCG00000017012,ENSG00000184347
SLITRK1,ENSSSCG00000009485,ENSG00000178235
SLITRK2,ENSSSCG00000012724,ENSG00000185985
SLITRK3,ENSSSCG00000011736,ENSG00000121871
SLITRK4,ENSSSCG00000022091,ENSG00000179542
SLITRK5,ENSSSCG00000009488,ENSG00000165300
SLITRK6,ENSSSCG00000009486,ENSG00000184564
SLK,ENSSSCG00000010606,ENSG00000065613
SLMAP,ENSSSCG00000038873,ENSG00000163681
SLN,ENSSSCG00000029651,ENSG00000170290
SLPI,ENSSSCG00000039573,ENSG00000124107
SLTM,ENSSSCG00000004592,ENSG00000137776
SLU7,ENSSSCG00000017033,ENSG00000164609
SLX1A,ENSSSCG00000035561,ENSG00000132207
SLX4,ENSSSCG00000007954,ENSG00000188827
SLX4IP,ENSSSCG00000007066,ENSG00000149346
SLX9,ENSSSCG00000028571,ENSG00000160256
SMAD1,ENSSSCG00000009040,ENSG00000170365
SMAD2,ENSSSCG00000004505,ENSG00000175387
SMAD3,ENSSSCG00000004952,ENSG00000166949
SMAD4,ENSSSCG00000004524,ENSG00000141646
SMAD5,ENSSSCG00000014319,ENSG00000113658
SMAD6,ENSSSCG00000004948,ENSG00000137834
SMAD7,ENSSSCG00000004507,ENSG00000101665
SMAD9,ENSSSCG00000009357,ENSG00000120693
SMAP1,ENSSSCG00000004276,ENSG00000112305
SMAP2,ENSSSCG00000003983,ENSG00000084070
SMARCA1,ENSSSCG00000012649,ENSG00000102038
SMARCA4,ENSSSCG00000013629,ENSG00000127616
SMARCA5,ENSSSCG00000009047,ENSG00000153147
SMARCAD1,ENSSSCG00000009193,ENSG00000163104
SMARCAL1,ENSSSCG00000035501,ENSG00000138375
SMARCB1,ENSSSCG00000010070,ENSG00000099956
SMARCC1,ENSSSCG00000011340,ENSG00000173473
SMARCC2,ENSSSCG00000000382,ENSG00000139613
SMARCD1,ENSSSCG00000000215,ENSG00000066117
SMARCD2,ENSSSCG00000041822,ENSG00000108604
SMARCD3,ENSSSCG00000016435,ENSG00000082014
SMARCE1,ENSSSCG00000039137,ENSG00000073584
SMC1A,ENSSSCG00000012325,ENSG00000072501
SMC1B,ENSSSCG00000032971,ENSG00000077935
SMC2,ENSSSCG00000005403,ENSG00000136824
SMC3,ENSSSCG00000010625,ENSG00000108055
SMC4,ENSSSCG00000011731,ENSG00000113810
SMC5,ENSSSCG00000005255,ENSG00000198887
SMC6,ENSSSCG00000008614,ENSG00000163029
SMCHD1,ENSSSCG00000029030,ENSG00000101596
SMCO1,ENSSSCG00000031614,ENSG00000214097
SMCO2,ENSSSCG00000000550,ENSG00000165935
SMCO3,ENSSSCG00000000610,ENSG00000179256
SMCP,ENSSSCG00000006594,ENSG00000163206
SMCR8,ENSSSCG00000038189,ENSG00000176994
SMG1,ENSSSCG00000032531,ENSG00000157106
SMG5,ENSSSCG00000006490,ENSG00000198952
SMG6,ENSSSCG00000017826,ENSG00000070366
SMG7,ENSSSCG00000015558,ENSG00000116698
SMG8,ENSSSCG00000024411,ENSG00000167447
SMG9,ENSSSCG00000003068,ENSG00000105771
SMIM1,ENSSSCG00000036305,ENSG00000235169
SMIM11,ENSSSCG00000012046,ENSG00000205670
SMIM13,ENSSSCG00000041131,ENSG00000224531
SMIM14,ENSSSCG00000021793,ENSG00000163683
SMIM15,ENSSSCG00000033814,ENSG00000188725
SMIM17,ENSSSCG00000035252,ENSG00000268182
SMIM18,ENSSSCG00000033236,ENSG00000253457
SMIM19,ENSSSCG00000031857,ENSG00000176209
SMIM24,ENSSSCG00000038067,ENSG00000095932
SMIM28,ENSSSCG00000048346,ENSG00000262543
SMIM32,ENSSSCG00000040031,ENSG00000271824
SMIM35,ENSSSCG00000050318,ENSG00000255274
SMIM43,ENSSSCG00000044775,ENSG00000164112
SMIM5,ENSSSCG00000038844,ENSG00000204323
SMIM7,ENSSSCG00000013863,ENSG00000214046
SMIM8,ENSSSCG00000004300,ENSG00000111850
SMLR1,ENSSSCG00000033538,ENSG00000256162
SMN1,ENSSSCG00000016970,ENSG00000172062
SMNDC1,ENSSSCG00000030507,ENSG00000119953
SMO,ENSSSCG00000016569,ENSG00000128602
SMOC1,ENSSSCG00000002314,ENSG00000198732
SMOC2,ENSSSCG00000004013,ENSG00000112562
SMOX,ENSSSCG00000007140,ENSG00000088826
SMPD1,ENSSSCG00000014627,ENSG00000166311
SMPD2,ENSSSCG00000004408,ENSG00000135587
SMPD3,ENSSSCG00000002764,ENSG00000103056
SMPD4,ENSSSCG00000010105,ENSG00000136699
SMPDL3A,ENSSSCG00000004233,ENSG00000172594
SMPDL3B,ENSSSCG00000003582,ENSG00000130768
SMPX,ENSSSCG00000032720,ENSG00000091482
SMS,ENSSSCG00000012166,ENSG00000102172
SMTN,ENSSSCG00000010017,ENSG00000183963
SMTNL2,ENSSSCG00000017885,ENSG00000188176
SMU1,ENSSSCG00000010999,ENSG00000122692
SMUG1,ENSSSCG00000024221,ENSG00000123415
SMURF1,ENSSSCG00000030153,ENSG00000198742
SMURF2,ENSSSCG00000032176,ENSG00000108854
SMYD1,ENSSSCG00000008215,ENSG00000115593
SMYD2,ENSSSCG00000015583,ENSG00000143499
SMYD3,ENSSSCG00000022034,ENSG00000185420
SMYD4,ENSSSCG00000017819,ENSG00000186532
SMYD5,ENSSSCG00000008305,ENSG00000135632
SNAI1,ENSSSCG00000032613,ENSG00000124216
SNAI2,ENSSSCG00000039568,ENSG00000019549
SNAI3,ENSSSCG00000040145,ENSG00000185669
SNAP23,ENSSSCG00000038735,ENSG00000092531
SNAP25,ENSSSCG00000026985,ENSG00000132639
SNAP29,ENSSSCG00000010094,ENSG00000099940
SNAP47,ENSSSCG00000013984,ENSG00000143740
SNAP91,ENSSSCG00000004453,ENSG00000065609
SNAPC1,ENSSSCG00000005097,ENSG00000023608
SNAPC2,ENSSSCG00000013589,ENSG00000104976
SNAPC3,ENSSSCG00000005184,ENSG00000164975
SNAPC4,ENSSSCG00000038262,ENSG00000165684
SNAPC5,ENSSSCG00000038941,ENSG00000174446
SNAPIN,ENSSSCG00000034159,ENSG00000143553
SNCA,ENSSSCG00000009203,ENSG00000145335
SNCB,ENSSSCG00000014053,ENSG00000074317
SNCG,ENSSSCG00000026850,ENSG00000173267
SND1,ENSSSCG00000016590,ENSG00000197157
SNED1,ENSSSCG00000016381,ENSG00000162804
SNF8,ENSSSCG00000021461,ENSG00000159210
SNIP1,ENSSSCG00000029991,ENSG00000163877
SNORA11G,ENSSSCG00000038263,ENSG00000221750
SNORA12,ENSSSCG00000018383,ENSG00000212464
SNORA19,ENSSSCG00000018104,ENSG00000207468
SNORA20,ENSSSCG00000018605,ENSG00000207392
SNORA21,ENSSSCG00000030374,ENSG00000199293
SNORA28,ENSSSCG00000036992,ENSG00000272533
SNORA29,ENSSSCG00000018530,ENSG00000206910
SNORA2B,ENSSSCG00000019264,ENSG00000207313
SNORA2C,ENSSSCG00000020533,ENSG00000221491
SNORA30,ENSSSCG00000019607,ENSG00000206755
SNORA31,ENSSSCG00000020938,ENSG00000199477
SNORA35B,ENSSSCG00000018716,ENSG00000271907
SNORA36A,ENSSSCG00000019396,ENSG00000206948
SNORA36B,ENSSSCG00000018308,ENSG00000222370
SNORA3A,ENSSSCG00000039963,ENSG00000200983
SNORA4,ENSSSCG00000019418,ENSG00000263776
SNORA41,ENSSSCG00000019687,ENSG00000207406
SNORA46,ENSSSCG00000018402,ENSG00000207493
SNORA47,ENSSSCG00000019114,ENSG00000238961
SNORA49,ENSSSCG00000019634,ENSG00000208892
SNORA50B,ENSSSCG00000038223,ENSG00000253007
SNORA52,ENSSSCG00000018538,ENSG00000199785
SNORA53,ENSSSCG00000018262,ENSG00000212443
SNORA55,ENSSSCG00000025504,ENSG00000201457
SNORA57,ENSSSCG00000025282,ENSG00000206597
SNORA58B,ENSSSCG00000040143,ENSG00000201129
SNORA59A,ENSSSCG00000041182,ENSG00000239149
SNORA5A,ENSSSCG00000021904,ENSG00000206838
SNORA5C,ENSSSCG00000019629,ENSG00000201772
SNORA64,ENSSSCG00000026828,ENSG00000207405
SNORA65,ENSSSCG00000018580,ENSG00000201302
SNORA66,ENSSSCG00000018448,ENSG00000207523
SNORA68,ENSSSCG00000018685,ENSG00000207166
SNORA69,ENSSSCG00000019600,ENSG00000206622
SNORA79,ENSSSCG00000019738,ENSG00000221303
SNORA8,ENSSSCG00000019451,ENSG00000207304
SNORA80E,ENSSSCG00000019284,ENSG00000207475
SNORA81,ENSSSCG00000020580,ENSG00000221420
SNORA84,ENSSSCG00000034789,ENSG00000239183
SNORC,ENSSSCG00000016294,ENSG00000182600
SNORD10,ENSSSCG00000019619,ENSG00000238917
SNORD100,ENSSSCG00000018450,ENSG00000221500
SNORD101,ENSSSCG00000018352,ENSG00000206754
SNORD102,ENSSSCG00000019120,ENSG00000207500
SNORD105,ENSSSCG00000018591,ENSG00000209645
SNORD105B,ENSSSCG00000019956,ENSG00000238531
SNORD110,ENSSSCG00000019046,ENSG00000221116
SNORD111,ENSSSCG00000026461,ENSG00000221066
SNORD111B,ENSSSCG00000029850,ENSG00000221514
SNORD113-4,ENSSSCG00000018884,ENSG00000201672
SNORD113-5,ENSSSCG00000018436,ENSG00000272474
SNORD113-6,ENSSSCG00000038498,ENSG00000200215
SNORD113-7,ENSSSCG00000018325,ENSG00000200632
SNORD113-8,ENSSSCG00000018918,ENSG00000200367
SNORD113-9,ENSSSCG00000019064,ENSG00000201950
SNORD11B,ENSSSCG00000019862,ENSG00000271852
SNORD121A,ENSSSCG00000018689,ENSG00000238886
SNORD121B,ENSSSCG00000023577,ENSG00000238300
SNORD124,ENSSSCG00000034694,ENSG00000238793
SNORD125,ENSSSCG00000019402,ENSG00000239127
SNORD126,ENSSSCG00000044313,ENSG00000238344
SNORD127,ENSSSCG00000019885,ENSG00000239043
SNORD17,ENSSSCG00000018309,ENSG00000212232
SNORD19,ENSSSCG00000018540,ENSG00000212493
SNORD19B,ENSSSCG00000019159,ENSG00000238862
SNORD2,ENSSSCG00000018746,ENSG00000238942
SNORD20,ENSSSCG00000018293,ENSG00000207280
SNORD21,ENSSSCG00000018923,ENSG00000206680
SNORD23,ENSSSCG00000020791,ENSG00000221803
SNORD24,ENSSSCG00000019612,ENSG00000206611
SNORD35A,ENSSSCG00000027829,ENSG00000200259
SNORD35B,ENSSSCG00000024521,ENSG00000200530
SNORD37,ENSSSCG00000029719,ENSG00000206775
SNORD38A,ENSSSCG00000032021,ENSG00000202031
SNORD38B,ENSSSCG00000033121,ENSG00000207421
SNORD43,ENSSSCG00000018935,ENSG00000263764
SNORD45A,ENSSSCG00000019290,ENSG00000207241
SNORD45C,ENSSSCG00000019181,ENSG00000206620
SNORD46,ENSSSCG00000018197,ENSG00000200913
SNORD4A,ENSSSCG00000020020,ENSG00000238578
SNORD4B,ENSSSCG00000027915,ENSG00000238597
SNORD51,ENSSSCG00000040898,ENSG00000207047
SNORD53,ENSSSCG00000020875,ENSG00000265145
SNORD53B,ENSSSCG00000029869,ENSG00000265706
SNORD54,ENSSSCG00000018353,ENSG00000238650
SNORD56,ENSSSCG00000018650,ENSG00000229686
SNORD57,ENSSSCG00000018196,ENSG00000226572
SNORD59A,ENSSSCG00000019452,ENSG00000207031
SNORD6,ENSSSCG00000018558,ENSG00000202314
SNORD61,ENSSSCG00000018934,ENSG00000206979
SNORD67,ENSSSCG00000029026,ENSG00000212135
SNORD69,ENSSSCG00000018612,ENSG00000212452
SNORD70B,ENSSSCG00000018574,ENSG00000212309
SNORD71,ENSSSCG00000019395,ENSG00000223224
SNORD72,ENSSSCG00000022062,ENSG00000212296
SNORD8,ENSSSCG00000030175,ENSG00000200785
SNORD82,ENSSSCG00000027560,ENSG00000202400
SNORD83A,ENSSSCG00000018184,ENSG00000209482
SNORD83B,ENSSSCG00000037826,ENSG00000209480
SNORD86,ENSSSCG00000018372,ENSG00000212498
SNORD9,ENSSSCG00000021463,ENSG00000199436
SNORD90,ENSSSCG00000018665,ENSG00000212447
SNORD92,ENSSSCG00000028053,ENSG00000264994
SNORD94,ENSSSCG00000019715,ENSG00000208772
SNORD95,ENSSSCG00000037323,ENSG00000264549
SNORD97,ENSSSCG00000019944,ENSG00000238622
SNPH,ENSSSCG00000039392,ENSG00000101298
SNRK,ENSSSCG00000011295,ENSG00000163788
SNRNP200,ENSSSCG00000008127,ENSG00000144028
SNRNP25,ENSSSCG00000007962,ENSG00000161981
SNRNP27,ENSSSCG00000025674,ENSG00000124380
SNRNP35,ENSSSCG00000022212,ENSG00000184209
SNRNP40,ENSSSCG00000003596,ENSG00000060688
SNRNP48,ENSSSCG00000046358,ENSG00000168566
SNRNP70,ENSSSCG00000023792,ENSG00000104852
SNRPA,ENSSSCG00000002998,ENSG00000077312
SNRPA1,ENSSSCG00000005786,ENSG00000131876
SNRPB,ENSSSCG00000040857,ENSG00000125835
SNRPB2,ENSSSCG00000037602,ENSG00000125870
SNRPC,ENSSSCG00000001531,ENSG00000124562
SNRPD1,ENSSSCG00000003701,ENSG00000167088
SNRPD2,ENSSSCG00000033500,ENSG00000125743
SNRPD3,ENSSSCG00000010058,ENSG00000100028
SNRPE,ENSSSCG00000023562,ENSG00000182004
SNRPF,ENSSSCG00000000895,ENSG00000139343
SNRPG,ENSSSCG00000024776,ENSG00000143977
SNRPN,ENSSSCG00000028124,ENSG00000128739
SNTB1,ENSSSCG00000005994,ENSG00000172164
SNTG1,ENSSSCG00000034495,ENSG00000147481
SNTN,ENSSSCG00000011492,ENSG00000188817
SNU13,ENSSSCG00000000058,ENSG00000100138
SNUPN,ENSSSCG00000001877,ENSG00000169371
SNW1,ENSSSCG00000022932,ENSG00000100603
SNX1,ENSSSCG00000042703,ENSG00000028528
SNX10,ENSSSCG00000037598,ENSG00000086300
SNX11,ENSSSCG00000017528,ENSG00000002919
SNX12,ENSSSCG00000012400,ENSG00000147164
SNX13,ENSSSCG00000024761,ENSG00000071189
SNX14,ENSSSCG00000004293,ENSG00000135317
SNX15,ENSSSCG00000013012,ENSG00000110025
SNX16,ENSSSCG00000006151,ENSG00000104497
SNX17,ENSSSCG00000025363,ENSG00000115234
SNX18,ENSSSCG00000031337,ENSG00000178996
SNX19,ENSSSCG00000015252,ENSG00000120451
SNX2,ENSSSCG00000022790,ENSG00000205302
SNX20,ENSSSCG00000025741,ENSG00000167208
SNX21,ENSSSCG00000007425,ENSG00000124104
SNX22,ENSSSCG00000037275,ENSG00000157734
SNX24,ENSSSCG00000039373,ENSG00000064652
SNX25,ENSSSCG00000015789,ENSG00000109762
SNX27,ENSSSCG00000006619,ENSG00000143376
SNX29,ENSSSCG00000037232,ENSG00000048471
SNX3,ENSSSCG00000004385,ENSG00000112335
SNX30,ENSSSCG00000005471,ENSG00000148158
SNX31,ENSSSCG00000006064,ENSG00000174226
SNX32,ENSSSCG00000012975,ENSG00000172803
SNX33,ENSSSCG00000001875,ENSG00000173548
SNX4,ENSSSCG00000036828,ENSG00000114520
SNX5,ENSSSCG00000007088,ENSG00000089006
SNX6,ENSSSCG00000040912,ENSG00000129515
SNX7,ENSSSCG00000006877,ENSG00000162627
SNX8,ENSSSCG00000040977,ENSG00000106266
SNX9,ENSSSCG00000030535,ENSG00000130340
SOAT1,ENSSSCG00000021464,ENSG00000057252
SOAT2,ENSSSCG00000000260,ENSG00000167780
SOBP,ENSSSCG00000004379,ENSG00000112320
SOCS1,ENSSSCG00000027855,ENSG00000185338
SOCS3,ENSSSCG00000036956,ENSG00000184557
SOCS4,ENSSSCG00000032332,ENSG00000180008
SOCS5,ENSSSCG00000008437,ENSG00000171150
SOCS6,ENSSSCG00000032214,ENSG00000170677
SOD1,ENSSSCG00000021355,ENSG00000142168
SOD3,ENSSSCG00000028814,ENSG00000109610
SOHLH2,ENSSSCG00000026164,ENSG00000120669
SON,ENSSSCG00000023674,ENSG00000159140
SORBS1,ENSSSCG00000010494,ENSG00000095637
SORBS2,ENSSSCG00000036679,ENSG00000154556
SORBS3,ENSSSCG00000009626,ENSG00000120896
SORCS1,ENSSSCG00000030026,ENSG00000108018
SORCS2,ENSSSCG00000037539,ENSG00000184985
SORCS3,ENSSSCG00000010617,ENSG00000156395
SORD,ENSSSCG00000004679,ENSG00000140263
SORL1,ENSSSCG00000015135,ENSG00000137642
SORT1,ENSSSCG00000006831,ENSG00000134243
SOS1,ENSSSCG00000008478,ENSG00000115904
SOS2,ENSSSCG00000005015,ENSG00000100485
SOST,ENSSSCG00000039204,ENSG00000167941
SOSTDC1,ENSSSCG00000021126,ENSG00000171243
SOWAHA,ENSSSCG00000014286,ENSG00000198944
SOWAHB,ENSSSCG00000008985,ENSG00000186212
SOWAHD,ENSSSCG00000012618,ENSG00000187808
SOX10,ENSSSCG00000039315,ENSG00000100146
SOX11,ENSSSCG00000008649,ENSG00000176887
SOX13,ENSSSCG00000015277,ENSG00000143842
SOX14,ENSSSCG00000031721,ENSG00000168875
SOX18,ENSSSCG00000037865,ENSG00000203883
SOX21,ENSSSCG00000009494,ENSG00000125285
SOX3,ENSSSCG00000022501,ENSG00000134595
SOX30,ENSSSCG00000017051,ENSG00000039600
SOX5,ENSSSCG00000000567,ENSG00000134532
SOX6,ENSSSCG00000034191,ENSG00000110693
SOX7,ENSSSCG00000031889,ENSG00000171056
SOX8,ENSSSCG00000037970,ENSG00000005513
SOX9,ENSSSCG00000017251,ENSG00000125398
SP1,ENSSSCG00000000272,ENSG00000185591
SP110,ENSSSCG00000016261,ENSG00000135899
SP2,ENSSSCG00000017516,ENSG00000167182
SP3,ENSSSCG00000015962,ENSG00000172845
SP4,ENSSSCG00000015378,ENSG00000105866
SP5,ENSSSCG00000038355,ENSG00000204335
SP6,ENSSSCG00000017522,ENSG00000189120
SP8,ENSSSCG00000031078,ENSG00000164651
SP9,ENSSSCG00000036172,ENSG00000217236
SPA17,ENSSSCG00000015197,ENSG00000064199
SPACA1,ENSSSCG00000004308,ENSG00000118434
SPACA3,ENSSSCG00000017726,ENSG00000141316
SPACA4,ENSSSCG00000025441,ENSG00000177202
SPACA5,ENSSSCG00000012285,ENSG00000171489
SPACA7,ENSSSCG00000036545,ENSG00000153498
SPACA9,ENSSSCG00000022250,ENSG00000165698
SPAG1,ENSSSCG00000027587,ENSG00000104450
SPAG11B,ENSSSCG00000032248,ENSG00000164871
SPAG16,ENSSSCG00000016166,ENSG00000144451
SPAG17,ENSSSCG00000006726,ENSG00000155761
SPAG4,ENSSSCG00000007305,ENSG00000061656
SPAG5,ENSSSCG00000017758,ENSG00000076382
SPAG6,ENSSSCG00000011080,ENSG00000077327
SPAG8,ENSSSCG00000025842,ENSG00000137098
SPAG9,ENSSSCG00000033228,ENSG00000008294
SPAM1,ENSSSCG00000016601,ENSG00000106304
SPARC,ENSSSCG00000017082,ENSG00000113140
SPARCL1,ENSSSCG00000009222,ENSG00000152583
SPART,ENSSSCG00000024635,ENSG00000133104
SPAST,ENSSSCG00000008517,ENSG00000021574
SPATA16,ENSSSCG00000038177,ENSG00000144962
SPATA17,ENSSSCG00000029778,ENSG00000162814
SPATA18,ENSSSCG00000008834,ENSG00000163071
SPATA19,ENSSSCG00000025612,ENSG00000166118
SPATA2,ENSSSCG00000033324,ENSG00000158480
SPATA20,ENSSSCG00000017565,ENSG00000006282
SPATA21,ENSSSCG00000003476,ENSG00000187144
SPATA22,ENSSSCG00000029709,ENSG00000141255
SPATA24,ENSSSCG00000014348,ENSG00000170469
SPATA25,ENSSSCG00000049990,ENSG00000149634
SPATA2L,ENSSSCG00000029339,ENSG00000158792
SPATA3,ENSSSCG00000016269,ENSG00000173699
SPATA31D1,ENSSSCG00000033805,ENSG00000214929
SPATA31G1,ENSSSCG00000005298,ENSG00000174038
SPATA4,ENSSSCG00000015767,ENSG00000150628
SPATA45,ENSSSCG00000015591,ENSG00000185523
SPATA46,ENSSSCG00000006343,ENSG00000171722
SPATA6,ENSSSCG00000003881,ENSG00000132122
SPATA6L,ENSSSCG00000005221,ENSG00000106686
SPATA7,ENSSSCG00000002424,ENSG00000042317
SPATA9,ENSSSCG00000030114,ENSG00000145757
SPATC1,ENSSSCG00000005923,ENSG00000186583
SPATC1L,ENSSSCG00000029847,ENSG00000160284
SPATS1,ENSSSCG00000039903,ENSG00000249481
SPATS2,ENSSSCG00000000199,ENSG00000123352
SPATS2L,ENSSSCG00000016090,ENSG00000196141
SPC24,ENSSSCG00000033444,ENSG00000161888
SPC25,ENSSSCG00000015924,ENSG00000152253
SPCS1,ENSSSCG00000011447,ENSG00000114902
SPCS2,ENSSSCG00000014850,ENSG00000118363
SPCS3,ENSSSCG00000015769,ENSG00000129128
SPDEF,ENSSSCG00000036573,ENSG00000124664
SPDL1,ENSSSCG00000025965,ENSG00000040275
SPDYA,ENSSSCG00000008538,ENSG00000163806
SPDYC,ENSSSCG00000038112,ENSG00000204710
SPECC1,ENSSSCG00000034364,ENSG00000128487
SPECC1L,ENSSSCG00000010053,ENSG00000100014
SPEF1,ENSSSCG00000007149,ENSG00000101222
SPEF2,ENSSSCG00000016831,ENSG00000152582
SPEM2,ENSSSCG00000024584,ENSG00000184560
SPESP1,ENSSSCG00000032244,ENSG00000258484
SPG21,ENSSSCG00000004544,ENSG00000090487
SPG7,ENSSSCG00000024756,ENSG00000197912
SPHK1,ENSSSCG00000017178,ENSG00000176170
SPHK2,ENSSSCG00000030425,ENSG00000063176
SPHKAP,ENSSSCG00000016256,ENSG00000153820
SPI1,ENSSSCG00000013237,ENSG00000066336
SPIB,ENSSSCG00000034211,ENSG00000269404
SPIC,ENSSSCG00000000867,ENSG00000166211
SPICE1,ENSSSCG00000024663,ENSG00000163611
SPIDR,ENSSSCG00000006277,ENSG00000164808
SPIN1,ENSSSCG00000035901,ENSG00000106723
SPIN4,ENSSSCG00000036647,ENSG00000186767
SPINDOC,ENSSSCG00000013048,ENSG00000168005
SPINK1,ENSSSCG00000034511,ENSG00000164266
SPINK13,ENSSSCG00000047137,ENSG00000214510
SPINK14,ENSSSCG00000033173,ENSG00000196800
SPINK4,ENSSSCG00000010997,ENSG00000122711
SPINK5,ENSSSCG00000014422,ENSG00000133710
SPINK8,ENSSSCG00000045798,ENSG00000229453
SPINK9,ENSSSCG00000014426,ENSG00000204909
SPINT1,ENSSSCG00000004759,ENSG00000166145
SPINT2,ENSSSCG00000002954,ENSG00000167642
SPIRE1,ENSSSCG00000039769,ENSG00000134278
SPIRE2,ENSSSCG00000002635,ENSG00000204991
SPMAP2,ENSSSCG00000014002,ENSG00000105549
SPMAP2L,ENSSSCG00000032353,ENSG00000249693
SPMIP1,ENSSSCG00000023540,ENSG00000272899
SPMIP10,ENSSSCG00000040454,ENSG00000196900
SPMIP11,ENSSSCG00000000174,ENSG00000257987
SPMIP2,ENSSSCG00000037757,ENSG00000164123
SPMIP4,ENSSSCG00000033313,ENSG00000153790
SPMIP6,ENSSSCG00000010980,ENSG00000164972
SPMIP7,ENSSSCG00000015628,ENSG00000164500
SPMIP8,ENSSSCG00000002809,ENSG00000159648
SPMIP9,ENSSSCG00000008209,ENSG00000172073
SPN,ENSSSCG00000035256,ENSG00000197471
SPNS1,ENSSSCG00000007811,ENSG00000169682
SPNS2,ENSSSCG00000017879,ENSG00000183018
SPNS3,ENSSSCG00000017880,ENSG00000182557
SPO11,ENSSSCG00000007502,ENSG00000054796
SPOCD1,ENSSSCG00000003606,ENSG00000134668
SPOCK1,ENSSSCG00000032423,ENSG00000152377
SPOCK2,ENSSSCG00000010283,ENSG00000107742
SPOCK3,ENSSSCG00000009722,ENSG00000196104
SPON1,ENSSSCG00000013393,ENSG00000262655
SPON2,ENSSSCG00000039488,ENSG00000159674
SPOP,ENSSSCG00000020796,ENSG00000121067
SPOPL,ENSSSCG00000032198,ENSG00000144228
SPOUT1,ENSSSCG00000005662,ENSG00000198917
SPP1,ENSSSCG00000009216,ENSG00000118785
SPP2,ENSSSCG00000016315,ENSG00000072080
SPPL2A,ENSSSCG00000004635,ENSG00000138600
SPPL2C,ENSSSCG00000017314,ENSG00000185294
SPPL3,ENSSSCG00000009917,ENSG00000157837
SPR,ENSSSCG00000008309,ENSG00000116096
SPRED1,ENSSSCG00000039393,ENSG00000166068
SPRED2,ENSSSCG00000008357,ENSG00000198369
SPRED3,ENSSSCG00000035216,ENSG00000188766
SPRING1,ENSSSCG00000035873,ENSG00000111412
SPRTN,ENSSSCG00000040087,ENSG00000010072
SPRY1,ENSSSCG00000009083,ENSG00000164056
SPRY2,ENSSSCG00000009482,ENSG00000136158
SPRY3,ENSSSCG00000034345,ENSG00000168939
SPRY4,ENSSSCG00000036322,ENSG00000187678
SPRYD3,ENSSSCG00000000262,ENSG00000167778
SPRYD4,ENSSSCG00000028066,ENSG00000176422
SPRYD7,ENSSSCG00000009390,ENSG00000123178
SPSB1,ENSSSCG00000035940,ENSG00000171621
SPSB2,ENSSSCG00000025460,ENSG00000111671
SPSB3,ENSSSCG00000039024,ENSG00000162032
SPSB4,ENSSSCG00000034369,ENSG00000175093
SPTA1,ENSSSCG00000006431,ENSG00000163554
SPTAN1,ENSSSCG00000005654,ENSG00000197694
SPTB,ENSSSCG00000002277,ENSG00000070182
SPTBN1,ENSSSCG00000040786,ENSG00000115306
SPTBN2,ENSSSCG00000038508,ENSG00000173898
SPTBN4,ENSSSCG00000037494,ENSG00000160460
SPTBN5,ENSSSCG00000004736,ENSG00000137877
SPTLC1,ENSSSCG00000009594,ENSG00000090054
SPTLC2,ENSSSCG00000002404,ENSG00000100596
SPTLC3,ENSSSCG00000007072,ENSG00000172296
SPTSSB,ENSSSCG00000029080,ENSG00000196542
SPTY2D1,ENSSSCG00000013361,ENSG00000179119
SPX,ENSSSCG00000032123,ENSG00000134548
SPZ1,ENSSSCG00000014122,ENSG00000164299
SQLE,ENSSSCG00000005970,ENSG00000104549
SQOR,ENSSSCG00000004666,ENSG00000137767
SQSTM1,ENSSSCG00000014016,ENSG00000161011
SRARP,ENSSSCG00000036026,ENSG00000183888
SRBD1,ENSSSCG00000008445,ENSG00000068784
SRC,ENSSSCG00000007334,ENSG00000197122
SRCAP,ENSSSCG00000007789,ENSG00000080603
SRD5A1,ENSSSCG00000017103,ENSG00000145545
SREBF1,ENSSSCG00000033626,ENSG00000072310
SREBF2,ENSSSCG00000026092,ENSG00000198911
SREK1,ENSSSCG00000032726,ENSG00000153914
SREK1IP1,ENSSSCG00000041202,ENSG00000153006
SRF,ENSSSCG00000001661,ENSG00000112658
SRFBP1,ENSSSCG00000022656,ENSG00000151304
SRGAP1,ENSSSCG00000029815,ENSG00000196935
SRGAP3,ENSSSCG00000033624,ENSG00000196220
SRGN,ENSSSCG00000023374,ENSG00000122862
SRI,ENSSSCG00000015298,ENSG00000075142
SRL,ENSSSCG00000007949,ENSG00000185739
SRMS,ENSSSCG00000036706,ENSG00000125508
SRP14,ENSSSCG00000004785,ENSG00000140319
SRP19,ENSSSCG00000026230,ENSG00000153037
SRP54,ENSSSCG00000001955,ENSG00000100883
SRP68,ENSSSCG00000017191,ENSG00000167881
SRP72,ENSSSCG00000008900,ENSG00000174780
SRP9,ENSSSCG00000031664,ENSG00000143742
SRPK1,ENSSSCG00000001554,ENSG00000096063
SRPK2,ENSSSCG00000026110,ENSG00000135250
SRPK3,ENSSSCG00000024676,ENSG00000184343
SRPRA,ENSSSCG00000015227,ENSG00000182934
SRPRB,ENSSSCG00000011639,ENSG00000144867
SRPX,ENSSSCG00000012234,ENSG00000101955
SRPX2,ENSSSCG00000012482,ENSG00000102359
SRRD,ENSSSCG00000050530,ENSG00000100104
SRRM1,ENSSSCG00000032947,ENSG00000133226
SRRM2,ENSSSCG00000023304,ENSG00000167978
SRRM3,ENSSSCG00000032250,ENSG00000177679
SRRM4,ENSSSCG00000009845,ENSG00000139767
SRRT,ENSSSCG00000024789,ENSG00000087087
SRSF1,ENSSSCG00000017626,ENSG00000136450
SRSF10,ENSSSCG00000036293,ENSG00000188529
SRSF11,ENSSSCG00000003791,ENSG00000116754
SRSF12,ENSSSCG00000032781,ENSG00000154548
SRSF2,ENSSSCG00000036592,ENSG00000161547
SRSF3,ENSSSCG00000001564,ENSG00000112081
SRSF5,ENSSSCG00000032583,ENSG00000100650
SRSF6,ENSSSCG00000007362,ENSG00000124193
SRSF7,ENSSSCG00000008484,ENSG00000115875
SRSF9,ENSSSCG00000009906,ENSG00000111786
SRXN1,ENSSSCG00000023298,ENSG00000271303
SS18,ENSSSCG00000003716,ENSG00000141380
SS18L1,ENSSSCG00000035448,ENSG00000184402
SSB,ENSSSCG00000015938,ENSG00000138385
SSBP2,ENSSSCG00000035757,ENSG00000145687
SSBP3,ENSSSCG00000039594,ENSG00000157216
SSBP4,ENSSSCG00000025955,ENSG00000130511
SSC4D,ENSSSCG00000036391,ENSG00000146700
SSC5D,ENSSSCG00000037450,ENSG00000179954
SSH1,ENSSSCG00000009943,ENSG00000084112
SSH3,ENSSSCG00000027956,ENSG00000172830
SSMEM1,ENSSSCG00000016562,ENSG00000165120
SSNA1,ENSSSCG00000040396,ENSG00000176101
SSPN,ENSSSCG00000025531,ENSG00000123096
SSR1,ENSSSCG00000001022,ENSG00000124783
SSR2,ENSSSCG00000006501,ENSG00000163479
SSR3,ENSSSCG00000030567,ENSG00000114850
SSR4,ENSSSCG00000012784,ENSG00000180879
SSRP1,ENSSSCG00000029059,ENSG00000149136
SST,ENSSSCG00000033815,ENSG00000157005
SSTR1,ENSSSCG00000001938,ENSG00000139874
SSTR2,ENSSSCG00000017249,ENSG00000180616
SSTR5,ENSSSCG00000033234,ENSG00000162009
SSU72,ENSSSCG00000003348,ENSG00000160075
SSUH2,ENSSSCG00000023082,ENSG00000125046
SSX2IP,ENSSSCG00000003757,ENSG00000117155
ST13,ENSSSCG00000000071,ENSG00000100380
ST14,ENSSSCG00000015246,ENSG00000149418
ST18,ENSSSCG00000006266,ENSG00000147488
ST3GAL1,ENSSSCG00000005943,ENSG00000008513
ST3GAL3,ENSSSCG00000034059,ENSG00000126091
ST3GAL4,ENSSSCG00000015232,ENSG00000110080
ST3GAL5,ENSSSCG00000008227,ENSG00000115525
ST3GAL6,ENSSSCG00000034493,ENSG00000064225
ST6GAL1,ENSSSCG00000025770,ENSG00000073849
ST6GAL2,ENSSSCG00000008141,ENSG00000144057
ST6GALNAC1,ENSSSCG00000017172,ENSG00000070526
ST6GALNAC2,ENSSSCG00000017177,ENSG00000070731
ST6GALNAC3,ENSSSCG00000024494,ENSG00000184005
ST6GALNAC4,ENSSSCG00000005628,ENSG00000136840
ST6GALNAC5,ENSSSCG00000033425,ENSG00000117069
ST6GALNAC6,ENSSSCG00000005623,ENSG00000160408
ST7,ENSSSCG00000016629,ENSG00000004866
ST7L,ENSSSCG00000006779,ENSG00000007341
ST8SIA1,ENSSSCG00000031329,ENSG00000111728
ST8SIA2,ENSSSCG00000039271,ENSG00000140557
ST8SIA3,ENSSSCG00000038971,ENSG00000177511
ST8SIA4,ENSSSCG00000035539,ENSG00000113532
ST8SIA5,ENSSSCG00000032053,ENSG00000101638
ST8SIA6,ENSSSCG00000011034,ENSG00000148488
STAB1,ENSSSCG00000011443,ENSG00000010327
STAB2,ENSSSCG00000000854,ENSG00000136011
STAC,ENSSSCG00000048318,ENSG00000144681
STAC2,ENSSSCG00000017508,ENSG00000141750
STAG1,ENSSSCG00000011652,ENSG00000118007
STAG2,ENSSSCG00000012642,ENSG00000101972
STAG3,ENSSSCG00000007650,ENSG00000066923
STAM,ENSSSCG00000011036,ENSG00000136738
STAM2,ENSSSCG00000016399,ENSG00000115145
STAMBP,ENSSSCG00000008300,ENSG00000124356
STAMBPL1,ENSSSCG00000010446,ENSG00000138134
STAP1,ENSSSCG00000008923,ENSG00000035720
STAP2,ENSSSCG00000013506,ENSG00000178078
STAR,ENSSSCG00000034942,ENSG00000147465
STARD10,ENSSSCG00000014818,ENSG00000214530
STARD3,ENSSSCG00000017499,ENSG00000131748
STARD3NL,ENSSSCG00000024028,ENSG00000010270
STARD4,ENSSSCG00000031518,ENSG00000164211
STARD5,ENSSSCG00000001788,ENSG00000172345
STARD6,ENSSSCG00000004530,ENSG00000174448
STARD7,ENSSSCG00000008132,ENSG00000084090
STARD8,ENSSSCG00000012828,ENSG00000130052
STAT1,ENSSSCG00000016057,ENSG00000115415
STAT2,ENSSSCG00000000396,ENSG00000170581
STAT3,ENSSSCG00000017403,ENSG00000168610
STAT4,ENSSSCG00000016059,ENSG00000138378
STAT5A,ENSSSCG00000017402,ENSG00000126561
STAT5B,ENSSSCG00000017406,ENSG00000173757
STAT6,ENSSSCG00000040435,ENSG00000166888
STAU1,ENSSSCG00000027444,ENSG00000124214
STAU2,ENSSSCG00000006179,ENSG00000040341
STC1,ENSSSCG00000009642,ENSG00000159167
STC2,ENSSSCG00000016983,ENSG00000113739
STEAP1,ENSSSCG00000015301,ENSG00000164647
STEAP2,ENSSSCG00000015302,ENSG00000157214
STEAP3,ENSSSCG00000029304,ENSG00000115107
STEAP4,ENSSSCG00000015299,ENSG00000127954
STEEP1,ENSSSCG00000012622,ENSG00000018610
STIL,ENSSSCG00000003888,ENSG00000123473
STIM1,ENSSSCG00000014792,ENSG00000167323
STIM2,ENSSSCG00000008762,ENSG00000109689
STIMATE,ENSSSCG00000033422,ENSG00000213533
STING1,ENSSSCG00000014349,ENSG00000184584
STIP1,ENSSSCG00000021620,ENSG00000168439
STK10,ENSSSCG00000022478,ENSG00000072786
STK11,ENSSSCG00000013429,ENSG00000118046
STK11IP,ENSSSCG00000032964,ENSG00000144589
STK16,ENSSSCG00000016214,ENSG00000115661
STK17A,ENSSSCG00000016758,ENSG00000164543
STK17B,ENSSSCG00000016067,ENSG00000081320
STK24,ENSSSCG00000009511,ENSG00000102572
STK25,ENSSSCG00000016372,ENSG00000115694
STK26,ENSSSCG00000021205,ENSG00000134602
STK3,ENSSSCG00000006074,ENSG00000104375
STK32A,ENSSSCG00000014418,ENSG00000169302
STK32B,ENSSSCG00000035020,ENSG00000152953
STK32C,ENSSSCG00000010761,ENSG00000165752
STK33,ENSSSCG00000030206,ENSG00000130413
STK35,ENSSSCG00000007179,ENSG00000125834
STK36,ENSSSCG00000026964,ENSG00000163482
STK38,ENSSSCG00000001563,ENSG00000112079
STK38L,ENSSSCG00000022288,ENSG00000211455
STK39,ENSSSCG00000022496,ENSG00000198648
STK4,ENSSSCG00000030820,ENSG00000101109
STK40,ENSSSCG00000036832,ENSG00000196182
STKLD1,ENSSSCG00000031407,ENSG00000198870
STMN1,ENSSSCG00000026257,ENSG00000117632
STMN2,ENSSSCG00000006160,ENSG00000104435
STMN3,ENSSSCG00000038405,ENSG00000197457
STMN4,ENSSSCG00000009662,ENSG00000015592
STMND1,ENSSSCG00000001067,ENSG00000230873
STN1,ENSSSCG00000010605,ENSG00000107960
STOM,ENSSSCG00000036639,ENSG00000148175
STOML1,ENSSSCG00000001913,ENSG00000067221
STOML2,ENSSSCG00000039782,ENSG00000165283
STON2,ENSSSCG00000002412,ENSG00000140022
STOX1,ENSSSCG00000010245,ENSG00000165730
STOX2,ENSSSCG00000015780,ENSG00000173320
STPG1,ENSSSCG00000003541,ENSG00000001460
STPG2,ENSSSCG00000009188,ENSG00000163116
STPG3,ENSSSCG00000005847,ENSG00000197768
STRA6,ENSSSCG00000001909,ENSG00000137868
STRA8,ENSSSCG00000016533,ENSG00000146857
STRADA,ENSSSCG00000017290,ENSG00000266173
STRADB,ENSSSCG00000031271,ENSG00000082146
STRAP,ENSSSCG00000021410,ENSG00000023734
STRBP,ENSSSCG00000005582,ENSG00000165209
STRC,ENSSSCG00000004702,ENSG00000242866
STRIP1,ENSSSCG00000006813,ENSG00000143093
STRIP2,ENSSSCG00000016567,ENSG00000128578
STRN,ENSSSCG00000008499,ENSG00000115808
STRN3,ENSSSCG00000040657,ENSG00000196792
STRN4,ENSSSCG00000003104,ENSG00000090372
STT3A,ENSSSCG00000015214,ENSG00000134910
STT3B,ENSSSCG00000011229,ENSG00000163527
STUB1,ENSSSCG00000008008,ENSG00000103266
STUM,ENSSSCG00000024288,ENSG00000203685
STX10,ENSSSCG00000013752,ENSG00000104915
STX11,ENSSSCG00000004125,ENSG00000135604
STX12,ENSSSCG00000024927,ENSG00000117758
STX16,ENSSSCG00000007516,ENSG00000124222
STX17,ENSSSCG00000005386,ENSG00000136874
STX18,ENSSSCG00000038731,ENSG00000168818
STX19,ENSSSCG00000045484,ENSG00000178750
STX1A,ENSSSCG00000007772,ENSG00000106089
STX1B,ENSSSCG00000021238,ENSG00000099365
STX2,ENSSSCG00000009747,ENSG00000111450
STX3,ENSSSCG00000013119,ENSG00000166900
STX4,ENSSSCG00000007768,ENSG00000103496
STX5,ENSSSCG00000026293,ENSG00000162236
STX6,ENSSSCG00000015539,ENSG00000135823
STX7,ENSSSCG00000004190,ENSG00000079950
STX8,ENSSSCG00000034964,ENSG00000170310
STXBP1,ENSSSCG00000005617,ENSG00000136854
STXBP2,ENSSSCG00000013576,ENSG00000076944
STXBP3,ENSSSCG00000006845,ENSG00000116266
STXBP4,ENSSSCG00000017602,ENSG00000166263
STXBP5,ENSSSCG00000004113,ENSG00000164506
STXBP5L,ENSSSCG00000039888,ENSG00000145087
STXBP6,ENSSSCG00000001977,ENSG00000168952
STYK1,ENSSSCG00000000634,ENSG00000060140
STYX,ENSSSCG00000005039,ENSG00000198252
STYXL2,ENSSSCG00000006311,ENSG00000198842
SUB1,ENSSSCG00000032650,ENSG00000113387
SUCLA2,ENSSSCG00000009405,ENSG00000136143
SUCLG1,ENSSSCG00000008247,ENSG00000163541
SUCLG2,ENSSSCG00000011501,ENSG00000172340
SUCNR1,ENSSSCG00000022105,ENSG00000198829
SUCO,ENSSSCG00000015485,ENSG00000094975
SUDS3,ENSSSCG00000009849,ENSG00000111707
SUFU,ENSSSCG00000010586,ENSG00000107882
SUGCT,ENSSSCG00000035581,ENSG00000175600
SUGP1,ENSSSCG00000036970,ENSG00000105705
SUGP2,ENSSSCG00000025839,ENSG00000064607
SUGT1,ENSSSCG00000039338,ENSG00000165416
SULF1,ENSSSCG00000006197,ENSG00000137573
SULF2,ENSSSCG00000007456,ENSG00000196562
SULT1A3,ENSSSCG00000021557,ENSG00000261052
SULT1B1,ENSSSCG00000032374,ENSG00000173597
SULT1C2,ENSSSCG00000022153,ENSG00000198203
SULT1C3,ENSSSCG00000028691,ENSG00000196228
SULT1E1,ENSSSCG00000039341,ENSG00000109193
SULT2A1,ENSSSCG00000033207,ENSG00000105398
SULT2B1,ENSSSCG00000023280,ENSG00000088002
SULT4A1,ENSSSCG00000000026,ENSG00000130540
SULT6B1,ENSSSCG00000038378,ENSG00000138068
SUMF1,ENSSSCG00000011532,ENSG00000144455
SUMF2,ENSSSCG00000007745,ENSG00000129103
SUMO1,ENSSSCG00000035842,ENSG00000116030
SUMO2,ENSSSCG00000017212,ENSG00000188612
SUMO3,ENSSSCG00000035795,ENSG00000184900
SUMO4,ENSSSCG00000009767,ENSG00000177688
SUN1,ENSSSCG00000007544,ENSG00000164828
SUN2,ENSSSCG00000000094,ENSG00000100242
SUN3,ENSSSCG00000022557,ENSG00000164744
SUN5,ENSSSCG00000007256,ENSG00000167098
SUOX,ENSSSCG00000000376,ENSG00000139531
SUPT16H,ENSSSCG00000022900,ENSG00000092201
SUPT20H,ENSSSCG00000009359,ENSG00000102710
SUPT3H,ENSSSCG00000001709,ENSG00000196284
SUPT4H1,ENSSSCG00000034752,ENSG00000213246
SUPT5H,ENSSSCG00000023556,ENSG00000196235
SUPT6H,ENSSSCG00000017773,ENSG00000109111
SUPT7L,ENSSSCG00000008548,ENSG00000119760
SUPV3L1,ENSSSCG00000010251,ENSG00000156502
SURF1,ENSSSCG00000035727,ENSG00000148290
SURF2,ENSSSCG00000038459,ENSG00000148291
SURF4,ENSSSCG00000040710,ENSG00000148248
SURF6,ENSSSCG00000032106,ENSG00000148296
SUSD1,ENSSSCG00000005465,ENSG00000106868
SUSD2,ENSSSCG00000025393,ENSG00000099994
SUSD3,ENSSSCG00000022237,ENSG00000157303
SUSD4,ENSSSCG00000011176,ENSG00000143502
SUSD5,ENSSSCG00000039358,ENSG00000173705
SUSD6,ENSSSCG00000002311,ENSG00000100647
SUV39H1,ENSSSCG00000032453,ENSG00000101945
SUV39H2,ENSSSCG00000011048,ENSG00000152455
SUZ12,ENSSSCG00000017744,ENSG00000178691
SV2A,ENSSSCG00000006666,ENSG00000159164
SV2B,ENSSSCG00000002262,ENSG00000185518
SV2C,ENSSSCG00000034062,ENSG00000122012
SVEP1,ENSSSCG00000005455,ENSG00000165124
SVIL,ENSSSCG00000011022,ENSG00000197321
SVOP,ENSSSCG00000009941,ENSG00000166111
SVOPL,ENSSSCG00000016517,ENSG00000157703
SWAP70,ENSSSCG00000013410,ENSG00000133789
SWI5,ENSSSCG00000032748,ENSG00000175854
SWSAP1,ENSSSCG00000037146,ENSG00000173928
SWT1,ENSSSCG00000015569,ENSG00000116668
SYAP1,ENSSSCG00000012148,ENSG00000169895
SYBU,ENSSSCG00000006023,ENSG00000147642
SYCE1,ENSSSCG00000010779,ENSG00000171772
SYCE1L,ENSSSCG00000002700,ENSG00000205078
SYCE2,ENSSSCG00000013740,ENSG00000161860
SYCE3,ENSSSCG00000000963,ENSG00000217442
SYCN,ENSSSCG00000021959,ENSG00000179751
SYCP1,ENSSSCG00000006750,ENSG00000198765
SYCP2,ENSSSCG00000007529,ENSG00000196074
SYCP2L,ENSSSCG00000051558,ENSG00000153157
SYCP3,ENSSSCG00000000863,ENSG00000139351
SYDE1,ENSSSCG00000013829,ENSG00000105137
SYDE2,ENSSSCG00000006947,ENSG00000097096
SYF2,ENSSSCG00000037481,ENSG00000117614
SYK,ENSSSCG00000009589,ENSG00000165025
SYMPK,ENSSSCG00000003093,ENSG00000125755
SYN1,ENSSSCG00000012276,ENSG00000008056
SYN2,ENSSSCG00000023225,ENSG00000157152
SYN3,ENSSSCG00000040453,ENSG00000185666
SYNC,ENSSSCG00000021232,ENSG00000162520
SYNDIG1,ENSSSCG00000007130,ENSG00000101463
SYNDIG1L,ENSSSCG00000025000,ENSG00000183379
SYNE2,ENSSSCG00000005110,ENSG00000054654
SYNE3,ENSSSCG00000002495,ENSG00000176438
SYNE4,ENSSSCG00000002929,ENSG00000181392
SYNGR1,ENSSSCG00000020873,ENSG00000100321
SYNGR2,ENSSSCG00000031600,ENSG00000108639
SYNGR3,ENSSSCG00000008036,ENSG00000127561
SYNGR4,ENSSSCG00000003131,ENSG00000105467
SYNJ1,ENSSSCG00000012035,ENSG00000159082
SYNJ2,ENSSSCG00000012315,ENSG00000078269
SYNJ2BP,ENSSSCG00000026389,ENSG00000213463
SYNPO,ENSSSCG00000038453,ENSG00000171992
SYNPO2,ENSSSCG00000009111,ENSG00000172403
SYNPO2L,ENSSSCG00000010303,ENSG00000166317
SYNPR,ENSSSCG00000027617,ENSG00000163630
SYP,ENSSSCG00000012292,ENSG00000102003
SYPL2,ENSSSCG00000006829,ENSG00000143028
SYS1,ENSSSCG00000007395,ENSG00000204070
SYT1,ENSSSCG00000000948,ENSG00000067715
SYT10,ENSSSCG00000000527,ENSG00000110975
SYT11,ENSSSCG00000006506,ENSG00000132718
SYT12,ENSSSCG00000024837,ENSG00000173227
SYT13,ENSSSCG00000031590,ENSG00000019505
SYT14,ENSSSCG00000015610,ENSG00000143469
SYT16,ENSSSCG00000005098,ENSG00000139973
SYT17,ENSSSCG00000022200,ENSG00000103528
SYT2,ENSSSCG00000010926,ENSG00000143858
SYT3,ENSSSCG00000003222,ENSG00000213023
SYT4,ENSSSCG00000037079,ENSG00000132872
SYT5,ENSSSCG00000021843,ENSG00000129990
SYT6,ENSSSCG00000006758,ENSG00000134207
SYT7,ENSSSCG00000021906,ENSG00000011347
SYT8,ENSSSCG00000023537,ENSG00000149043
SYT9,ENSSSCG00000014599,ENSG00000170743
SYTL1,ENSSSCG00000003572,ENSG00000142765
SYTL2,ENSSSCG00000014909,ENSG00000137501
SYTL3,ENSSSCG00000004057,ENSG00000164674
SYTL4,ENSSSCG00000012484,ENSG00000102362
SYTL5,ENSSSCG00000012233,ENSG00000147041
SYVN1,ENSSSCG00000039740,ENSG00000162298
SZRD1,ENSSSCG00000031083,ENSG00000055070
SZT2,ENSSSCG00000003941,ENSG00000198198
TAAR2,ENSSSCG00000004183,ENSG00000146378
TAAR5,ENSSSCG00000004185,ENSG00000135569
TAB1,ENSSSCG00000000087,ENSG00000100324
TAB2,ENSSSCG00000004110,ENSG00000055208
TAB3,ENSSSCG00000012203,ENSG00000157625
TAC1,ENSSSCG00000023592,ENSG00000006128
TAC4,ENSSSCG00000038057,ENSG00000176358
TACC1,ENSSSCG00000015814,ENSG00000147526
TACC2,ENSSSCG00000037530,ENSG00000138162
TACO1,ENSSSCG00000036944,ENSG00000136463
TACR1,ENSSSCG00000036008,ENSG00000115353
TACR2,ENSSSCG00000010254,ENSG00000075073
TACR3,ENSSSCG00000009160,ENSG00000169836
TACSTD2,ENSSSCG00000003832,ENSG00000184292
TADA1,ENSSSCG00000006318,ENSG00000152382
TADA2B,ENSSSCG00000029624,ENSG00000173011
TADA3,ENSSSCG00000011551,ENSG00000171148
TAF10,ENSSSCG00000029630,ENSG00000166337
TAF11,ENSSSCG00000001533,ENSG00000064995
TAF12,ENSSSCG00000027530,ENSG00000120656
TAF13,ENSSSCG00000020842,ENSG00000197780
TAF15,ENSSSCG00000017707,ENSG00000270647
TAF1A,ENSSSCG00000010833,ENSG00000143498
TAF1B,ENSSSCG00000008637,ENSG00000115750
TAF1C,ENSSSCG00000002680,ENSG00000103168
TAF1D,ENSSSCG00000038682,ENSG00000166012
TAF2,ENSSSCG00000006000,ENSG00000064313
TAF3,ENSSSCG00000011127,ENSG00000165632
TAF4,ENSSSCG00000024694,ENSG00000130699
TAF4B,ENSSSCG00000003718,ENSG00000141384
TAF5,ENSSSCG00000010597,ENSG00000148835
TAF5L,ENSSSCG00000010187,ENSG00000135801
TAF6,ENSSSCG00000034153,ENSG00000106290
TAF6L,ENSSSCG00000020665,ENSG00000162227
TAF7,ENSSSCG00000028168,ENSG00000178913
TAF7L,ENSSSCG00000012493,ENSG00000102387
TAF8,ENSSSCG00000022224,ENSG00000137413
TAF9B,ENSSSCG00000026714,ENSG00000187325
TAFA1,ENSSSCG00000042118,ENSG00000183662
TAFA2,ENSSSCG00000034686,ENSG00000198673
TAFA4,ENSSSCG00000033199,ENSG00000163377
TAFA5,ENSSSCG00000034776,ENSG00000219438
TAFAZZIN,ENSSSCG00000039655,ENSG00000102125
TAGAP,ENSSSCG00000004053,ENSG00000164691
TAGLN,ENSSSCG00000015073,ENSG00000149591
TAGLN2,ENSSSCG00000006395,ENSG00000158710
TAGLN3,ENSSSCG00000037190,ENSG00000144834
TALDO1,ENSSSCG00000012847,ENSG00000177156
TAMALIN,ENSSSCG00000000234,ENSG00000161835
TAMM41,ENSSSCG00000011578,ENSG00000144559
TANC1,ENSSSCG00000015880,ENSG00000115183
TANC2,ENSSSCG00000017298,ENSG00000170921
TANGO2,ENSSSCG00000010134,ENSG00000183597
TANGO6,ENSSSCG00000051585,ENSG00000103047
TANK,ENSSSCG00000015889,ENSG00000136560
TAOK1,ENSSSCG00000017790,ENSG00000160551
TAOK2,ENSSSCG00000031967,ENSG00000149930
TAOK3,ENSSSCG00000009850,ENSG00000135090
TAPBPL,ENSSSCG00000000704,ENSG00000139192
TAPT1,ENSSSCG00000021828,ENSG00000169762
TARBP1,ENSSSCG00000010160,ENSG00000059588
TARBP2,ENSSSCG00000000276,ENSG00000139546
TARDBP,ENSSSCG00000023126,ENSG00000120948
TARS1,ENSSSCG00000016817,ENSG00000113407
TARS2,ENSSSCG00000026395,ENSG00000143374
TARS3,ENSSSCG00000005781,ENSG00000185418
TAS1R1,ENSSSCG00000003382,ENSG00000173662
TAS1R2,ENSSSCG00000039973,ENSG00000179002
TAS1R3,ENSSSCG00000003341,ENSG00000169962
TAS2R16,ENSSSCG00000037368,ENSG00000128519
TAS2R3,ENSSSCG00000028394,ENSG00000127362
TAS2R39,ENSSSCG00000021954,ENSG00000236398
TAS2R4,ENSSSCG00000021525,ENSG00000127364
TAS2R40,ENSSSCG00000016467,ENSG00000221937
TAS2R41,ENSSSCG00000016457,ENSG00000221855
TAS2R60,ENSSSCG00000016458,ENSG00000185899
TASL,ENSSSCG00000012201,ENSG00000120280
TASOR,ENSSSCG00000024201,ENSG00000163946
TASOR2,ENSSSCG00000011136,ENSG00000108021
TASP1,ENSSSCG00000007074,ENSG00000089123
TAT,ENSSSCG00000002736,ENSG00000198650
TATDN1,ENSSSCG00000030603,ENSG00000147687
TATDN2,ENSSSCG00000011569,ENSG00000157014
TATDN3,ENSSSCG00000015592,ENSG00000203705
TAX1BP1,ENSSSCG00000016692,ENSG00000106052
TAX1BP3,ENSSSCG00000017866,ENSG00000213977
TBATA,ENSSSCG00000010273,ENSG00000166220
TBC1D1,ENSSSCG00000028983,ENSG00000065882
TBC1D10A,ENSSSCG00000009999,ENSG00000099992
TBC1D10B,ENSSSCG00000007798,ENSG00000169221
TBC1D10C,ENSSSCG00000012912,ENSG00000175463
TBC1D12,ENSSSCG00000010485,ENSG00000108239
TBC1D13,ENSSSCG00000005660,ENSG00000107021
TBC1D15,ENSSSCG00000000512,ENSG00000121749
TBC1D17,ENSSSCG00000003193,ENSG00000104946
TBC1D19,ENSSSCG00000008761,ENSG00000109680
TBC1D2,ENSSSCG00000005376,ENSG00000095383
TBC1D20,ENSSSCG00000036081,ENSG00000125875
TBC1D21,ENSSSCG00000001915,ENSG00000167139
TBC1D22A,ENSSSCG00000000955,ENSG00000054611
TBC1D22B,ENSSSCG00000001577,ENSG00000065491
TBC1D23,ENSSSCG00000030486,ENSG00000036054
TBC1D24,ENSSSCG00000027098,ENSG00000162065
TBC1D25,ENSSSCG00000040599,ENSG00000068354
TBC1D2B,ENSSSCG00000027477,ENSG00000167202
TBC1D30,ENSSSCG00000023788,ENSG00000111490
TBC1D31,ENSSSCG00000005987,ENSG00000156787
TBC1D32,ENSSSCG00000004242,ENSG00000146350
TBC1D4,ENSSSCG00000009464,ENSG00000136111
TBC1D5,ENSSSCG00000011199,ENSG00000131374
TBC1D7,ENSSSCG00000001053,ENSG00000145979
TBC1D8,ENSSSCG00000008169,ENSG00000204634
TBC1D8B,ENSSSCG00000022993,ENSG00000133138
TBC1D9,ENSSSCG00000032741,ENSG00000109436
TBC1D9B,ENSSSCG00000014014,ENSG00000197226
TBCA,ENSSSCG00000014100,ENSG00000171530
TBCB,ENSSSCG00000002926,ENSG00000105254
TBCC,ENSSSCG00000026741,ENSG00000124659
TBCCD1,ENSSSCG00000011797,ENSG00000113838
TBCD,ENSSSCG00000017136,ENSG00000141556
TBCK,ENSSSCG00000021784,ENSG00000145348
TBK1,ENSSSCG00000031103,ENSG00000183735
TBL1XR1,ENSSSCG00000011760,ENSG00000177565
TBL2,ENSSSCG00000007709,ENSG00000106638
TBL3,ENSSSCG00000037686,ENSG00000183751
TBPL1,ENSSSCG00000022387,ENSG00000028839
TBPL2,ENSSSCG00000005059,ENSG00000182521
TBR1,ENSSSCG00000015891,ENSG00000136535
TBRG1,ENSSSCG00000025661,ENSG00000154144
TBRG4,ENSSSCG00000016732,ENSG00000136270
TBX1,ENSSSCG00000037762,ENSG00000184058
TBX10,ENSSSCG00000034410,ENSG00000167800
TBX15,ENSSSCG00000006725,ENSG00000092607
TBX18,ENSSSCG00000004290,ENSG00000112837
TBX19,ENSSSCG00000006299,ENSG00000143178
TBX2,ENSSSCG00000027060,ENSG00000121068
TBX20,ENSSSCG00000016662,ENSG00000164532
TBX21,ENSSSCG00000017517,ENSG00000073861
TBX22,ENSSSCG00000012449,ENSG00000122145
TBX3,ENSSSCG00000009865,ENSG00000135111
TBX4,ENSSSCG00000022980,ENSG00000121075
TBX5,ENSSSCG00000009867,ENSG00000089225
TBX6,ENSSSCG00000034774,ENSG00000149922
TBXA2R,ENSSSCG00000033759,ENSG00000006638
TBXAS1,ENSSSCG00000016504,ENSG00000059377
TBXT,ENSSSCG00000036609,ENSG00000164458
TC2N,ENSSSCG00000002443,ENSG00000165929
TCAIM,ENSSSCG00000031304,ENSG00000179152
TCAP,ENSSSCG00000017500,ENSG00000173991
TCEA1,ENSSSCG00000006261,ENSG00000187735
TCEA2,ENSSSCG00000036804,ENSG00000171703
TCEA3,ENSSSCG00000032674,ENSG00000204219
TCEAL1,ENSSSCG00000012532,ENSG00000172465
TCEAL2,ENSSSCG00000012530,ENSG00000184905
TCEAL9,ENSSSCG00000012527,ENSG00000185222
TCEANC,ENSSSCG00000012122,ENSG00000176896
TCERG1,ENSSSCG00000014416,ENSG00000113649
TCERG1L,ENSSSCG00000037698,ENSG00000176769
TCF12,ENSSSCG00000004600,ENSG00000140262
TCF15,ENSSSCG00000036940,ENSG00000125878
TCF21,ENSSSCG00000033258,ENSG00000118526
TCF23,ENSSSCG00000027409,ENSG00000163792
TCF24,ENSSSCG00000049935,ENSG00000261787
TCF25,ENSSSCG00000036102,ENSG00000141002
TCF3,ENSSSCG00000013437,ENSG00000071564
TCF4,ENSSSCG00000004535,ENSG00000196628
TCF7,ENSSSCG00000030680,ENSG00000081059
TCF7L1,ENSSSCG00000008241,ENSG00000152284
TCF7L2,ENSSSCG00000010638,ENSG00000148737
TCFL5,ENSSSCG00000038631,ENSG00000101190
TCHH,ENSSSCG00000038121,ENSG00000159450
TCHHL1,ENSSSCG00000006609,ENSG00000182898
TCHP,ENSSSCG00000009926,ENSG00000139437
TCIM,ENSSSCG00000032320,ENSG00000176907
TCIRG1,ENSSSCG00000012890,ENSG00000110719
TCL1A,ENSSSCG00000002498,ENSG00000100721
TCL1B,ENSSSCG00000002497,ENSG00000213231
TCN1,ENSSSCG00000039252,ENSG00000134827
TCN2,ENSSSCG00000010011,ENSG00000185339
TCOF1,ENSSSCG00000014450,ENSG00000070814
TCP1,ENSSSCG00000004048,ENSG00000120438
TCP10L2,ENSSSCG00000032403,ENSG00000166984
TCP11,ENSSSCG00000001535,ENSG00000124678
TCP11L1,ENSSSCG00000030326,ENSG00000176148
TCP11L2,ENSSSCG00000024881,ENSG00000166046
TCTA,ENSSSCG00000037459,ENSG00000145022
TCTN1,ENSSSCG00000009826,ENSG00000204852
TCTN2,ENSSSCG00000009768,ENSG00000168778
TCTN3,ENSSSCG00000010496,ENSG00000119977
TDG,ENSSSCG00000000847,ENSG00000139372
TDP1,ENSSSCG00000002431,ENSG00000042088
TDP2,ENSSSCG00000001092,ENSG00000111802
TDRD1,ENSSSCG00000021075,ENSG00000095627
TDRD10,ENSSSCG00000006546,ENSG00000163239
TDRD12,ENSSSCG00000002857,ENSG00000173809
TDRD3,ENSSSCG00000009449,ENSG00000083544
TDRD5,ENSSSCG00000015527,ENSG00000162782
TDRD6,ENSSSCG00000021218,ENSG00000180113
TDRD9,ENSSSCG00000002552,ENSG00000156414
TDRKH,ENSSSCG00000027770,ENSG00000182134
TDRP,ENSSSCG00000039562,ENSG00000180190
TEAD1,ENSSSCG00000013399,ENSG00000187079
TEAD2,ENSSSCG00000025568,ENSG00000074219
TEAD3,ENSSSCG00000001544,ENSG00000007866
TEAD4,ENSSSCG00000000736,ENSG00000197905
TEC,ENSSSCG00000008820,ENSG00000135605
TECPR1,ENSSSCG00000007601,ENSG00000205356
TECPR2,ENSSSCG00000002528,ENSG00000196663
TECR,ENSSSCG00000031299,ENSG00000099797
TECRL,ENSSSCG00000024681,ENSG00000205678
TECTA,ENSSSCG00000023728,ENSG00000109927
TECTB,ENSSSCG00000010632,ENSG00000119913
TEDC1,ENSSSCG00000040089,ENSG00000185347
TEDC2,ENSSSCG00000008055,ENSG00000162062
TEDDM1,ENSSSCG00000015546,ENSG00000203730
TEF,ENSSSCG00000035152,ENSG00000167074
TEFM,ENSSSCG00000017741,ENSG00000172171
TEK,ENSSSCG00000005122,ENSG00000120156
TEKT1,ENSSSCG00000017884,ENSG00000167858
TEKT2,ENSSSCG00000003633,ENSG00000092850
TEKT3,ENSSSCG00000018028,ENSG00000125409
TEKT5,ENSSSCG00000007904,ENSG00000153060
TELO2,ENSSSCG00000008022,ENSG00000100726
TEN1,ENSSSCG00000017194,ENSG00000257949
TENM1,ENSSSCG00000012644,ENSG00000009694
TENM2,ENSSSCG00000017018,ENSG00000145934
TENM3,ENSSSCG00000015774,ENSG00000218336
TENM4,ENSSSCG00000014894,ENSG00000149256
TENT2,ENSSSCG00000014114,ENSG00000164329
TENT4A,ENSSSCG00000017102,ENSG00000112941
TENT5A,ENSSSCG00000004464,ENSG00000112773
TENT5B,ENSSSCG00000036755,ENSG00000158246
TENT5C,ENSSSCG00000006729,ENSG00000183508
TENT5D,ENSSSCG00000012450,ENSG00000174016
TEP1,ENSSSCG00000002142,ENSG00000129566
TEPSIN,ENSSSCG00000028593,ENSG00000167302
TERB2,ENSSSCG00000004680,ENSG00000167014
TERF1,ENSSSCG00000006184,ENSG00000147601
TERF2,ENSSSCG00000002762,ENSG00000132604
TERF2IP,ENSSSCG00000002703,ENSG00000166848
TERT,ENSSSCG00000017118,ENSG00000164362
TES,ENSSSCG00000040344,ENSG00000135269
TESC,ENSSSCG00000009859,ENSG00000088992
TESK1,ENSSSCG00000005310,ENSG00000107140
TESK2,ENSSSCG00000003917,ENSG00000070759
TESMIN,ENSSSCG00000012882,ENSG00000132749
TESPA1,ENSSSCG00000000299,ENSG00000135426
TET1,ENSSSCG00000010241,ENSG00000138336
TET3,ENSSSCG00000008292,ENSG00000187605
TEX10,ENSSSCG00000005389,ENSG00000136891
TEX101,ENSSSCG00000003052,ENSG00000131126
TEX11,ENSSSCG00000030850,ENSG00000120498
TEX13B,ENSSSCG00000012565,ENSG00000170925
TEX14,ENSSSCG00000017645,ENSG00000121101
TEX2,ENSSSCG00000017278,ENSG00000136478
TEX22,ENSSSCG00000036444,ENSG00000226174
TEX26,ENSSSCG00000046261,ENSG00000175664
TEX261,ENSSSCG00000008317,ENSG00000144043
TEX264,ENSSSCG00000011424,ENSG00000164081
TEX30,ENSSSCG00000009531,ENSG00000151287
TEX35,ENSSSCG00000031220,ENSG00000240021
TEX36,ENSSSCG00000032832,ENSG00000175018
TEX46,ENSSSCG00000003530,ENSG00000227868
TEX47,ENSSSCG00000021276,ENSG00000164645
TEX50,ENSSSCG00000035315,ENSG00000232113
TEX51,ENSSSCG00000050390,ENSG00000237524
TEX55,ENSSSCG00000011905,ENSG00000163424
TEX9,ENSSSCG00000004602,ENSG00000151575
TF,ENSSSCG00000011640,ENSG00000091513
TFAM,ENSSSCG00000040185,ENSG00000108064
TFAP2A,ENSSSCG00000001036,ENSG00000137203
TFAP2B,ENSSSCG00000025535,ENSG00000008196
TFAP2C,ENSSSCG00000007499,ENSG00000087510
TFAP2D,ENSSSCG00000001744,ENSG00000008197
TFAP2E,ENSSSCG00000040097,ENSG00000116819
TFAP4,ENSSSCG00000040215,ENSG00000090447
TFB1M,ENSSSCG00000024361,ENSG00000029639
TFB2M,ENSSSCG00000023775,ENSG00000162851
TFCP2,ENSSSCG00000031206,ENSG00000135457
TFDP1,ENSSSCG00000009560,ENSG00000198176
TFDP2,ENSSSCG00000037647,ENSG00000114126
TFE3,ENSSSCG00000012287,ENSG00000068323
TFEB,ENSSSCG00000001621,ENSG00000112561
TFEC,ENSSSCG00000038138,ENSG00000105967
TFF1,ENSSSCG00000034731,ENSG00000160182
TFF2,ENSSSCG00000024320,ENSG00000160181
TFF3,ENSSSCG00000022857,ENSG00000160180
TFG,ENSSSCG00000011961,ENSG00000114354
TFIP11,ENSSSCG00000009962,ENSG00000100109
TFPI,ENSSSCG00000016032,ENSG00000003436
TFPI2,ENSSSCG00000015322,ENSG00000105825
TFPT,ENSSSCG00000003262,ENSG00000105619
TFR2,ENSSSCG00000007671,ENSG00000106327
TFRC,ENSSSCG00000011848,ENSG00000072274
TG,ENSSSCG00000005948,ENSG00000042832
TGDS,ENSSSCG00000009491,ENSG00000088451
TGFA,ENSSSCG00000008326,ENSG00000163235
TGFB1,ENSSSCG00000003017,ENSG00000105329
TGFB1I1,ENSSSCG00000035952,ENSG00000140682
TGFB2,ENSSSCG00000010816,ENSG00000092969
TGFB3,ENSSSCG00000002385,ENSG00000119699
TGFBI,ENSSSCG00000014316,ENSG00000120708
TGFBR1,ENSSSCG00000005382,ENSG00000106799
TGFBR2,ENSSSCG00000011226,ENSG00000163513
TGFBR3,ENSSSCG00000006911,ENSG00000069702
TGFBR3L,ENSSSCG00000040598,ENSG00000260001
TGFBRAP1,ENSSSCG00000024636,ENSG00000135966
TGIF1,ENSSSCG00000024174,ENSG00000177426
TGIF2,ENSSSCG00000036002,ENSG00000118707
TGM1,ENSSSCG00000001993,ENSG00000092295
TGM2,ENSSSCG00000023522,ENSG00000198959
TGM3,ENSSSCG00000026043,ENSG00000125780
TGM5,ENSSSCG00000004713,ENSG00000104055
TGM6,ENSSSCG00000034528,ENSG00000166948
TGM7,ENSSSCG00000004712,ENSG00000159495
TGOLN2,ENSSSCG00000050627,ENSG00000152291
TGS1,ENSSSCG00000006251,ENSG00000137574
TH,ENSSSCG00000039767,ENSG00000180176
THAP1,ENSSSCG00000039969,ENSG00000131931
THAP11,ENSSSCG00000002769,ENSG00000168286
THAP12,ENSSSCG00000040639,ENSG00000137492
THAP2,ENSSSCG00000021270,ENSG00000173451
THAP3,ENSSSCG00000036876,ENSG00000041988
THAP4,ENSSSCG00000016374,ENSG00000176946
THAP5,ENSSSCG00000038158,ENSG00000177683
THAP6,ENSSSCG00000029348,ENSG00000174796
THAP7,ENSSSCG00000033301,ENSG00000184436
THAP9,ENSSSCG00000009243,ENSG00000168152
THBS1,ENSSSCG00000004789,ENSG00000137801
THBS2,ENSSSCG00000004012,ENSG00000186340
THBS3,ENSSSCG00000006524,ENSG00000169231
THBS4,ENSSSCG00000014117,ENSG00000113296
THEM5,ENSSSCG00000006614,ENSG00000196407
THEM6,ENSSSCG00000032063,ENSG00000130193
THEMIS,ENSSSCG00000024392,ENSG00000172673
THEMIS2,ENSSSCG00000003584,ENSG00000130775
THG1L,ENSSSCG00000036047,ENSG00000113272
THNSL1,ENSSSCG00000011071,ENSG00000185875
THNSL2,ENSSSCG00000025106,ENSG00000144115
THOC1,ENSSSCG00000025653,ENSG00000079134
THOC2,ENSSSCG00000012639,ENSG00000125676
THOC3,ENSSSCG00000014061,ENSG00000051596
THOC5,ENSSSCG00000009988,ENSG00000100296
THOC6,ENSSSCG00000023315,ENSG00000131652
THOC7,ENSSSCG00000011491,ENSG00000163634
THOP1,ENSSSCG00000013468,ENSG00000172009
THPO,ENSSSCG00000023909,ENSG00000090534
THRA,ENSSSCG00000035969,ENSG00000126351
THRAP3,ENSSSCG00000029954,ENSG00000054118
THRB,ENSSSCG00000036033,ENSG00000151090
THRSP,ENSSSCG00000033822,ENSG00000151365
THSD1,ENSSSCG00000009377,ENSG00000136114
THSD4,ENSSSCG00000004980,ENSG00000187720
THSD7A,ENSSSCG00000015350,ENSG00000005108
THSD7B,ENSSSCG00000040172,ENSG00000144229
THTPA,ENSSSCG00000002016,ENSG00000259431
THUMPD1,ENSSSCG00000024748,ENSG00000066654
THUMPD2,ENSSSCG00000008470,ENSG00000138050
THUMPD3,ENSSSCG00000011542,ENSG00000134077
THYN1,ENSSSCG00000028149,ENSG00000151500
TIA1,ENSSSCG00000023409,ENSG00000116001
TIAL1,ENSSSCG00000010685,ENSG00000151923
TIAM1,ENSSSCG00000012034,ENSG00000156299
TIAM2,ENSSSCG00000004065,ENSG00000146426
TICAM1,ENSSSCG00000024771,ENSG00000127666
TICAM2,ENSSSCG00000038141,ENSG00000243414
TICRR,ENSSSCG00000040355,ENSG00000140534
TIE1,ENSSSCG00000003950,ENSG00000066056
TIFA,ENSSSCG00000009129,ENSG00000145365
TIFAB,ENSSSCG00000038110,ENSG00000255833
TIGAR,ENSSSCG00000024219,ENSG00000078237
TIGD2,ENSSSCG00000032541,ENSG00000180346
TIGD3,ENSSSCG00000012994,ENSG00000173825
TIGD4,ENSSSCG00000038186,ENSG00000169989
TIGD5,ENSSSCG00000040119,ENSG00000179886
TIGD7,ENSSSCG00000037309,ENSG00000140993
TIGIT,ENSSSCG00000029267,ENSG00000181847
TIMCC,ENSSSCG00000026446,ENSG00000035141
TIMD4,ENSSSCG00000017062,ENSG00000145850
TIMELESS,ENSSSCG00000000399,ENSG00000111602
TIMM10,ENSSSCG00000039659,ENSG00000134809
TIMM10B,ENSSSCG00000037299,ENSG00000132286
TIMM13,ENSSSCG00000022757,ENSG00000099800
TIMM17A,ENSSSCG00000037431,ENSG00000134375
TIMM17B,ENSSSCG00000022647,ENSG00000126768
TIMM21,ENSSSCG00000032494,ENSG00000075336
TIMM22,ENSSSCG00000017803,ENSG00000177370
TIMM29,ENSSSCG00000013635,ENSG00000142444
TIMM44,ENSSSCG00000013591,ENSG00000104980
TIMM50,ENSSSCG00000026612,ENSG00000105197
TIMM8A,ENSSSCG00000012494,ENSG00000126953
TIMM8B,ENSSSCG00000023599,ENSG00000150779
TIMM9,ENSSSCG00000027270,ENSG00000100575
TIMMDC1,ENSSSCG00000037639,ENSG00000113845
TIMP1,ENSSSCG00000012277,ENSG00000102265
TIMP2,ENSSSCG00000017164,ENSG00000035862
TIMP3,ENSSSCG00000031866,ENSG00000100234
TIMP4,ENSSSCG00000033000,ENSG00000157150
TINAG,ENSSSCG00000001484,ENSG00000137251
TINAGL1,ENSSSCG00000003600,ENSG00000142910
TINF2,ENSSSCG00000001994,ENSG00000092330
TIPARP,ENSSSCG00000027646,ENSG00000163659
TIPIN,ENSSSCG00000004942,ENSG00000075131
TIPRL,ENSSSCG00000006301,ENSG00000143155
TIRAP,ENSSSCG00000022413,ENSG00000150455
TJAP1,ENSSSCG00000001688,ENSG00000137221
TJP1,ENSSSCG00000004854,ENSG00000104067
TJP2,ENSSSCG00000005247,ENSG00000119139
TJP3,ENSSSCG00000013491,ENSG00000105289
TK1,ENSSSCG00000037120,ENSG00000167900
TK2,ENSSSCG00000038053,ENSG00000166548
TKFC,ENSSSCG00000013087,ENSG00000149476
TKT,ENSSSCG00000021408,ENSG00000163931
TKTL1,ENSSSCG00000029443,ENSG00000007350
TKTL2,ENSSSCG00000026079,ENSG00000151005
TLCD1,ENSSSCG00000038650,ENSG00000160606
TLCD2,ENSSSCG00000040205,ENSG00000185561
TLCD3A,ENSSSCG00000017810,ENSG00000167695
TLCD3B,ENSSSCG00000037193,ENSG00000149926
TLCD4,ENSSSCG00000039854,ENSG00000152078
TLCD5,ENSSSCG00000037406,ENSG00000181264
TLDC2,ENSSSCG00000031690,ENSG00000101342
TLE1,ENSSSCG00000005291,ENSG00000196781
TLE2,ENSSSCG00000028995,ENSG00000065717
TLE3,ENSSSCG00000004971,ENSG00000140332
TLE4,ENSSSCG00000005288,ENSG00000106829
TLE5,ENSSSCG00000032265,ENSG00000104964
TLK1,ENSSSCG00000015944,ENSG00000198586
TLK2,ENSSSCG00000017301,ENSG00000146872
TLL1,ENSSSCG00000008853,ENSG00000038295
TLL2,ENSSSCG00000010507,ENSG00000095587
TLN1,ENSSSCG00000005317,ENSG00000137076
TLN2,ENSSSCG00000024088,ENSG00000171914
TLNRD1,ENSSSCG00000037209,ENSG00000140406
TLR1,ENSSSCG00000026583,ENSG00000174125
TLR10,ENSSSCG00000027877,ENSG00000174123
TLR2,ENSSSCG00000009002,ENSG00000137462
TLR3,ENSSSCG00000015801,ENSG00000164342
TLR4,ENSSSCG00000005503,ENSG00000136869
TLR5,ENSSSCG00000010885,ENSG00000187554
TLR6,ENSSSCG00000026592,ENSG00000174130
TLR7,ENSSSCG00000012117,ENSG00000196664
TLR8,ENSSSCG00000012118,ENSG00000101916
TLR9,ENSSSCG00000011436,ENSG00000239732
TLX1,ENSSSCG00000010561,ENSG00000107807
TLX2,ENSSSCG00000022499,ENSG00000115297
TLX3,ENSSSCG00000016999,ENSG00000164438
TM2D1,ENSSSCG00000038861,ENSG00000162604
TM2D2,ENSSSCG00000028592,ENSG00000169490
TM2D3,ENSSSCG00000005782,ENSG00000184277
TM4SF1,ENSSSCG00000033018,ENSG00000169908
TM4SF18,ENSSSCG00000011701,ENSG00000163762
TM4SF19,ENSSSCG00000028376,ENSG00000145107
TM4SF20,ENSSSCG00000016247,ENSG00000168955
TM4SF4,ENSSSCG00000011703,ENSG00000169903
TM4SF5,ENSSSCG00000031112,ENSG00000142484
TM6SF1,ENSSSCG00000001800,ENSG00000136404
TM7SF2,ENSSSCG00000013004,ENSG00000149809
TM7SF3,ENSSSCG00000000553,ENSG00000064115
TM9SF2,ENSSSCG00000031808,ENSG00000125304
TM9SF3,ENSSSCG00000010508,ENSG00000077147
TM9SF4,ENSSSCG00000007246,ENSG00000101337
TMA16,ENSSSCG00000008890,ENSG00000198498
TMBIM1,ENSSSCG00000016186,ENSG00000135926
TMBIM4,ENSSSCG00000000473,ENSG00000155957
TMBIM6,ENSSSCG00000029652,ENSG00000139644
TMC1,ENSSSCG00000005266,ENSG00000165091
TMC2,ENSSSCG00000007172,ENSG00000149488
TMC3,ENSSSCG00000001789,ENSG00000188869
TMC4,ENSSSCG00000003266,ENSG00000167608
TMC5,ENSSSCG00000007868,ENSG00000103534
TMC6,ENSSSCG00000032562,ENSG00000141524
TMC7,ENSSSCG00000007866,ENSG00000170537
TMC8,ENSSSCG00000033592,ENSG00000167895
TMCC1,ENSSSCG00000011593,ENSG00000172765
TMCC2,ENSSSCG00000015287,ENSG00000133069
TMCC3,ENSSSCG00000000906,ENSG00000057704
TMCO1,ENSSSCG00000037314,ENSG00000143183
TMCO2,ENSSSCG00000036395,ENSG00000188800
TMCO4,ENSSSCG00000027489,ENSG00000162542
TMCO5A,ENSSSCG00000004794,ENSG00000166069
TMCO6,ENSSSCG00000014370,ENSG00000113119
TMED1,ENSSSCG00000038623,ENSG00000099203
TMED10,ENSSSCG00000035684,ENSG00000170348
TMED2,ENSSSCG00000009772,ENSG00000086598
TMED3,ENSSSCG00000001773,ENSG00000166557
TMED4,ENSSSCG00000016744,ENSG00000158604
TMED5,ENSSSCG00000040439,ENSG00000117500
TMED6,ENSSSCG00000002761,ENSG00000157315
TMED7,ENSSSCG00000038156,ENSG00000134970
TMED8,ENSSSCG00000036028,ENSG00000100580
TMED9,ENSSSCG00000014036,ENSG00000184840
TMEFF1,ENSSSCG00000005391,ENSG00000241697
TMEFF2,ENSSSCG00000016064,ENSG00000144339
TMEM100,ENSSSCG00000017607,ENSG00000166292
TMEM101,ENSSSCG00000017371,ENSG00000091947
TMEM102,ENSSSCG00000028725,ENSG00000181284
TMEM106A,ENSSSCG00000025856,ENSG00000184988
TMEM106B,ENSSSCG00000032740,ENSG00000106460
TMEM106C,ENSSSCG00000028397,ENSG00000134291
TMEM107,ENSSSCG00000027528,ENSG00000179029
TMEM108,ENSSSCG00000011635,ENSG00000144868
TMEM109,ENSSSCG00000013110,ENSG00000110108
TMEM11,ENSSSCG00000034040,ENSG00000178307
TMEM114,ENSSSCG00000007915,ENSG00000232258
TMEM115,ENSSSCG00000043195,ENSG00000126062
TMEM116,ENSSSCG00000009893,ENSG00000198270
TMEM117,ENSSSCG00000000801,ENSG00000139173
TMEM120A,ENSSSCG00000021837,ENSG00000189077
TMEM120B,ENSSSCG00000009808,ENSG00000188735
TMEM125,ENSSSCG00000024697,ENSG00000179178
TMEM126A,ENSSSCG00000025187,ENSG00000171202
TMEM126B,ENSSSCG00000014905,ENSG00000171204
TMEM128,ENSSSCG00000034122,ENSG00000132406
TMEM129,ENSSSCG00000008678,ENSG00000168936
TMEM130,ENSSSCG00000007605,ENSG00000166448
TMEM131,ENSSSCG00000008192,ENSG00000075568
TMEM131L,ENSSSCG00000009007,ENSG00000121210
TMEM132A,ENSSSCG00000013113,ENSG00000006118
TMEM132B,ENSSSCG00000009754,ENSG00000139364
TMEM132C,ENSSSCG00000009753,ENSG00000181234
TMEM132D,ENSSSCG00000038915,ENSG00000151952
TMEM132E,ENSSSCG00000022987,ENSG00000181291
TMEM134,ENSSSCG00000012905,ENSG00000172663
TMEM135,ENSSSCG00000035619,ENSG00000166575
TMEM138,ENSSSCG00000037843,ENSG00000149483
TMEM139,ENSSSCG00000031799,ENSG00000178826
TMEM140,ENSSSCG00000040673,ENSG00000146859
TMEM141,ENSSSCG00000005842,ENSG00000244187
TMEM143,ENSSSCG00000030544,ENSG00000161558
TMEM144,ENSSSCG00000008874,ENSG00000164124
TMEM145,ENSSSCG00000003022,ENSG00000167619
TMEM147,ENSSSCG00000040012,ENSG00000105677
TMEM14A,ENSSSCG00000002622,ENSG00000096092
TMEM150A,ENSSSCG00000008233,ENSG00000168890
TMEM150C,ENSSSCG00000026729,ENSG00000249242
TMEM151A,ENSSSCG00000012952,ENSG00000179292
TMEM151B,ENSSSCG00000040047,ENSG00000178233
TMEM154,ENSSSCG00000009012,ENSG00000170006
TMEM156,ENSSSCG00000023785,ENSG00000121895
TMEM158,ENSSSCG00000030575,ENSG00000249992
TMEM160,ENSSSCG00000003109,ENSG00000130748
TMEM161A,ENSSSCG00000033168,ENSG00000064545
TMEM161B,ENSSSCG00000014148,ENSG00000164180
TMEM163,ENSSSCG00000015700,ENSG00000152128
TMEM164,ENSSSCG00000037670,ENSG00000157600
TMEM165,ENSSSCG00000032234,ENSG00000134851
TMEM167B,ENSSSCG00000037816,ENSG00000215717
TMEM168,ENSSSCG00000016643,ENSG00000146802
TMEM17,ENSSSCG00000026713,ENSG00000186889
TMEM170A,ENSSSCG00000028464,ENSG00000166822
TMEM170B,ENSSSCG00000037420,ENSG00000205269
TMEM171,ENSSSCG00000014066,ENSG00000157111
TMEM174,ENSSSCG00000014067,ENSG00000164325
TMEM175,ENSSSCG00000038234,ENSG00000127419
TMEM176A,ENSSSCG00000016443,ENSG00000002933
TMEM176B,ENSSSCG00000016444,ENSG00000106565
TMEM177,ENSSSCG00000015742,ENSG00000144120
TMEM178A,ENSSSCG00000024293,ENSG00000152154
TMEM178B,ENSSSCG00000016493,ENSG00000261115
TMEM179,ENSSSCG00000039537,ENSG00000258986
TMEM179B,ENSSSCG00000032696,ENSG00000185475
TMEM18,ENSSSCG00000036880,ENSG00000151353
TMEM181,ENSSSCG00000024876,ENSG00000146433
TMEM182,ENSSSCG00000008150,ENSG00000170417
TMEM183A,ENSSSCG00000015473,ENSG00000163444
TMEM184A,ENSSSCG00000007560,ENSG00000164855
TMEM184B,ENSSSCG00000000108,ENSG00000198792
TMEM184C,ENSSSCG00000030044,ENSG00000164168
TMEM185A,ENSSSCG00000012739,ENSG00000269556
TMEM185B,ENSSSCG00000038305,ENSG00000226479
TMEM186,ENSSSCG00000033311,ENSG00000184857
TMEM187,ENSSSCG00000050581,ENSG00000177854
TMEM19,ENSSSCG00000000510,ENSG00000139291
TMEM192,ENSSSCG00000020868,ENSG00000170088
TMEM196,ENSSSCG00000015373,ENSG00000173452
TMEM198,ENSSSCG00000027541,ENSG00000188760
TMEM200A,ENSSSCG00000004201,ENSG00000164484
TMEM200C,ENSSSCG00000039627,ENSG00000206432
TMEM201,ENSSSCG00000003393,ENSG00000188807
TMEM202,ENSSSCG00000001926,ENSG00000187806
TMEM203,ENSSSCG00000034562,ENSG00000187713
TMEM204,ENSSSCG00000008021,ENSG00000131634
TMEM205,ENSSSCG00000013622,ENSG00000105518
TMEM207,ENSSSCG00000022341,ENSG00000198398
TMEM208,ENSSSCG00000002790,ENSG00000168701
TMEM209,ENSSSCG00000016563,ENSG00000146842
TMEM210,ENSSSCG00000031168,ENSG00000185863
TMEM212,ENSSSCG00000011751,ENSG00000186329
TMEM213,ENSSSCG00000045348,ENSG00000214128
TMEM214,ENSSSCG00000008559,ENSG00000119777
TMEM215,ENSSSCG00000011002,ENSG00000188133
TMEM216,ENSSSCG00000013084,ENSG00000187049
TMEM217,ENSSSCG00000001576,ENSG00000172738
TMEM220,ENSSSCG00000036454,ENSG00000187824
TMEM222,ENSSSCG00000023636,ENSG00000186501
TMEM223,ENSSSCG00000038711,ENSG00000168569
TMEM225,ENSSSCG00000015151,ENSG00000204300
TMEM225B,ENSSSCG00000043842,ENSG00000244219
TMEM229A,ENSSSCG00000016600,ENSG00000234224
TMEM230,ENSSSCG00000028479,ENSG00000089063
TMEM231,ENSSSCG00000002708,ENSG00000205084
TMEM232,ENSSSCG00000014196,ENSG00000186952
TMEM234,ENSSSCG00000037312,ENSG00000160055
TMEM236,ENSSSCG00000011037,ENSG00000148483
TMEM237,ENSSSCG00000035161,ENSG00000155755
TMEM238,ENSSSCG00000035417,ENSG00000233493
TMEM239,ENSSSCG00000007169,ENSG00000198326
TMEM240,ENSSSCG00000038530,ENSG00000205090
TMEM243,ENSSSCG00000025326,ENSG00000135185
TMEM244,ENSSSCG00000004204,ENSG00000203756
TMEM245,ENSSSCG00000005444,ENSG00000106771
TMEM248,ENSSSCG00000007736,ENSG00000106609
TMEM25,ENSSSCG00000029395,ENSG00000149582
TMEM252,ENSSSCG00000037125,ENSG00000181778
TMEM253,ENSSSCG00000030437,ENSG00000232070
TMEM254,ENSSSCG00000024300,ENSG00000133678
TMEM255A,ENSSSCG00000012607,ENSG00000125355
TMEM255B,ENSSSCG00000009564,ENSG00000184497
TMEM258,ENSSSCG00000027538,ENSG00000134825
TMEM259,ENSSSCG00000027779,ENSG00000182087
TMEM26,ENSSSCG00000023525,ENSG00000196932
TMEM260,ENSSSCG00000005062,ENSG00000070269
TMEM263,ENSSSCG00000038968,ENSG00000151135
TMEM266,ENSSSCG00000001863,ENSG00000169758
TMEM267,ENSSSCG00000032979,ENSG00000151881
TMEM268,ENSSSCG00000032835,ENSG00000157693
TMEM270,ENSSSCG00000007716,ENSG00000175877
TMEM271,ENSSSCG00000043358,ENSG00000273238
TMEM273,ENSSSCG00000036822,ENSG00000204161
TMEM31,ENSSSCG00000046055,ENSG00000179363
TMEM33,ENSSSCG00000037305,ENSG00000109133
TMEM35A,ENSSSCG00000012490,ENSG00000126950
TMEM35B,ENSSSCG00000032660,ENSG00000243749
TMEM37,ENSSSCG00000035189,ENSG00000171227
TMEM38A,ENSSSCG00000013864,ENSG00000072954
TMEM38B,ENSSSCG00000039896,ENSG00000095209
TMEM39A,ENSSSCG00000011901,ENSG00000176142
TMEM39B,ENSSSCG00000032563,ENSG00000121775
TMEM40,ENSSSCG00000011583,ENSG00000088726
TMEM41A,ENSSSCG00000025921,ENSG00000163900
TMEM41B,ENSSSCG00000014579,ENSG00000166471
TMEM42,ENSSSCG00000031576,ENSG00000169964
TMEM43,ENSSSCG00000011603,ENSG00000170876
TMEM44,ENSSSCG00000011826,ENSG00000145014
TMEM45A,ENSSSCG00000011965,ENSG00000181458
TMEM45B,ENSSSCG00000015241,ENSG00000151715
TMEM47,ENSSSCG00000024132,ENSG00000147027
TMEM50A,ENSSSCG00000024267,ENSG00000183726
TMEM51,ENSSSCG00000021026,ENSG00000171729
TMEM52,ENSSSCG00000028530,ENSG00000178821
TMEM52B,ENSSSCG00000032431,ENSG00000165685
TMEM53,ENSSSCG00000027423,ENSG00000126106
TMEM54,ENSSSCG00000026455,ENSG00000121900
TMEM59,ENSSSCG00000034261,ENSG00000116209
TMEM59L,ENSSSCG00000013911,ENSG00000105696
TMEM60,ENSSSCG00000038541,ENSG00000135211
TMEM61,ENSSSCG00000025097,ENSG00000143001
TMEM62,ENSSSCG00000004716,ENSG00000137842
TMEM63A,ENSSSCG00000010854,ENSG00000196187
TMEM63B,ENSSSCG00000001697,ENSG00000137216
TMEM63C,ENSSSCG00000002398,ENSG00000165548
TMEM64,ENSSSCG00000040180,ENSG00000180694
TMEM65,ENSSSCG00000040731,ENSG00000164983
TMEM67,ENSSSCG00000006108,ENSG00000164953
TMEM68,ENSSSCG00000006252,ENSG00000167904
TMEM69,ENSSSCG00000034035,ENSG00000159596
TMEM70,ENSSSCG00000021628,ENSG00000175606
TMEM71,ENSSSCG00000005951,ENSG00000165071
TMEM72,ENSSSCG00000025787,ENSG00000187783
TMEM74,ENSSSCG00000006031,ENSG00000164841
TMEM74B,ENSSSCG00000035262,ENSG00000125895
TMEM79,ENSSSCG00000006489,ENSG00000163472
TMEM80,ENSSSCG00000044406,ENSG00000177042
TMEM81,ENSSSCG00000051647,ENSG00000174529
TMEM82,ENSSSCG00000003466,ENSG00000162460
TMEM86A,ENSSSCG00000013360,ENSG00000151117
TMEM86B,ENSSSCG00000003302,ENSG00000180089
TMEM87A,ENSSSCG00000004730,ENSG00000103978
TMEM87B,ENSSSCG00000026954,ENSG00000153214
TMEM88,ENSSSCG00000037096,ENSG00000167874
TMEM89,ENSSSCG00000011362,ENSG00000183396
TMEM8B,ENSSSCG00000005325,ENSG00000137103
TMEM9,ENSSSCG00000027928,ENSG00000116857
TMEM92,ENSSSCG00000037168,ENSG00000167105
TMEM94,ENSSSCG00000034608,ENSG00000177728
TMEM95,ENSSSCG00000017945,ENSG00000182896
TMEM97,ENSSSCG00000033123,ENSG00000109084
TMEM98,ENSSSCG00000017727,ENSG00000006042
TMEM9B,ENSSSCG00000014577,ENSG00000175348
TMF1,ENSSSCG00000011510,ENSG00000144747
TMIE,ENSSSCG00000038857,ENSG00000181585
TMIGD1,ENSSSCG00000017798,ENSG00000182271
TMLHE,ENSSSCG00000038442,ENSG00000185973
TMOD2,ENSSSCG00000004628,ENSG00000128872
TMOD3,ENSSSCG00000004626,ENSG00000138594
TMOD4,ENSSSCG00000006631,ENSG00000163157
TMPO,ENSSSCG00000038487,ENSG00000120802
TMPPE,ENSSSCG00000037371,ENSG00000188167
TMPRSS11B,ENSSSCG00000008932,ENSG00000185873
TMPRSS11D,ENSSSCG00000008926,ENSG00000153802
TMPRSS11E,ENSSSCG00000022140,ENSG00000087128
TMPRSS11F,ENSSSCG00000008930,ENSG00000198092
TMPRSS12,ENSSSCG00000034783,ENSG00000186452
TMPRSS13,ENSSSCG00000038710,ENSG00000137747
TMPRSS15,ENSSSCG00000012019,ENSG00000154646
TMPRSS2,ENSSSCG00000024336,ENSG00000184012
TMPRSS3,ENSSSCG00000022568,ENSG00000160183
TMPRSS4,ENSSSCG00000015086,ENSG00000137648
TMPRSS6,ENSSSCG00000026067,ENSG00000187045
TMPRSS7,ENSSSCG00000025721,ENSG00000176040
TMPRSS9,ENSSSCG00000028363,ENSG00000178297
TMSB10,ENSSSCG00000008245,ENSG00000034510
TMSB4X,ENSSSCG00000012119,ENSG00000205542
TMT1A,ENSSSCG00000035675,ENSG00000185432
TMT1B,ENSSSCG00000036547,ENSG00000170439
TMTC1,ENSSSCG00000027447,ENSG00000133687
TMTC2,ENSSSCG00000024065,ENSG00000179104
TMTC3,ENSSSCG00000000927,ENSG00000139324
TMTC4,ENSSSCG00000009524,ENSG00000125247
TMUB1,ENSSSCG00000028266,ENSG00000164897
TMUB2,ENSSSCG00000022837,ENSG00000168591
TMX1,ENSSSCG00000038422,ENSG00000139921
TMX2,ENSSSCG00000013176,ENSG00000213593
TMX3,ENSSSCG00000004884,ENSG00000166479
TMX4,ENSSSCG00000021353,ENSG00000125827
TNC,ENSSSCG00000005494,ENSG00000041982
TNFAIP1,ENSSSCG00000024626,ENSG00000109079
TNFAIP2,ENSSSCG00000036612,ENSG00000185215
TNFAIP3,ENSSSCG00000004154,ENSG00000118503
TNFAIP6,ENSSSCG00000023716,ENSG00000123610
TNFAIP8,ENSSSCG00000040617,ENSG00000145779
TNFAIP8L1,ENSSSCG00000034615,ENSG00000185361
TNFAIP8L2,ENSSSCG00000006634,ENSG00000163154
TNFAIP8L3,ENSSSCG00000031794,ENSG00000183578
TNFRSF11A,ENSSSCG00000004898,ENSG00000141655
TNFRSF11B,ENSSSCG00000027762,ENSG00000164761
TNFRSF12A,ENSSSCG00000027130,ENSG00000006327
TNFRSF13B,ENSSSCG00000040134,ENSG00000240505
TNFRSF13C,ENSSSCG00000039074,ENSG00000159958
TNFRSF17,ENSSSCG00000032578,ENSG00000048462
TNFRSF18,ENSSSCG00000038351,ENSG00000186891
TNFRSF19,ENSSSCG00000009283,ENSG00000127863
TNFRSF1A,ENSSSCG00000000708,ENSG00000067182
TNFRSF1B,ENSSSCG00000022208,ENSG00000028137
TNFRSF21,ENSSSCG00000001727,ENSG00000146072
TNFRSF25,ENSSSCG00000040001,ENSG00000215788
TNFRSF4,ENSSSCG00000003331,ENSG00000186827
TNFRSF9,ENSSSCG00000003386,ENSG00000049249
TNFSF10,ENSSSCG00000020906,ENSG00000121858
TNFSF12,ENSSSCG00000040188,ENSG00000239697
TNFSF13,ENSSSCG00000036521,ENSG00000161955
TNFSF13B,ENSSSCG00000009542,ENSG00000102524
TNFSF14,ENSSSCG00000026695,ENSG00000125735
TNFSF18,ENSSSCG00000015487,ENSG00000120337
TNFSF4,ENSSSCG00000015488,ENSG00000117586
TNFSF8,ENSSSCG00000036457,ENSG00000106952
TNFSF9,ENSSSCG00000022370,ENSG00000125657
TNIK,ENSSSCG00000028905,ENSG00000154310
TNIP1,ENSSSCG00000017091,ENSG00000145901
TNIP2,ENSSSCG00000008691,ENSG00000168884
TNIP3,ENSSSCG00000009100,ENSG00000050730
TNK1,ENSSSCG00000026142,ENSG00000174292
TNK2,ENSSSCG00000011849,ENSG00000061938
TNKS,ENSSSCG00000015851,ENSG00000173273
TNKS2,ENSSSCG00000010465,ENSG00000107854
TNMD,ENSSSCG00000012480,ENSG00000000005
TNN,ENSSSCG00000015507,ENSG00000120332
TNNC1,ENSSSCG00000011441,ENSG00000114854
TNNC2,ENSSSCG00000007424,ENSG00000101470
TNNI1,ENSSSCG00000024061,ENSG00000159173
TNNI2,ENSSSCG00000033260,ENSG00000130598
TNNI3K,ENSSSCG00000040109,ENSG00000116783
TNNT1,ENSSSCG00000025353,ENSG00000105048
TNNT2,ENSSSCG00000023031,ENSG00000118194
TNNT3,ENSSSCG00000031903,ENSG00000130595
TNP1,ENSSSCG00000016179,ENSG00000118245
TNP2,ENSSSCG00000027300,ENSG00000178279
TNPO1,ENSSSCG00000027293,ENSG00000083312
TNPO2,ENSSSCG00000013726,ENSG00000105576
TNPO3,ENSSSCG00000016572,ENSG00000064419
TNR,ENSSSCG00000015508,ENSG00000116147
TNRC18,ENSSSCG00000022553,ENSG00000182095
TNRC6A,ENSSSCG00000038870,ENSG00000090905
TNRC6B,ENSSSCG00000000078,ENSG00000100354
TNRC6C,ENSSSCG00000034373,ENSG00000078687
TNS1,ENSSSCG00000027669,ENSG00000079308
TNS2,ENSSSCG00000000263,ENSG00000111077
TNS3,ENSSSCG00000016725,ENSG00000136205
TNS4,ENSSSCG00000017470,ENSG00000131746
TOB1,ENSSSCG00000040773,ENSG00000141232
TOB2,ENSSSCG00000037958,ENSG00000183864
TOE1,ENSSSCG00000003918,ENSG00000132773
TOGARAM1,ENSSSCG00000027765,ENSG00000198718
TOGARAM2,ENSSSCG00000008536,ENSG00000189350
TOLLIP,ENSSSCG00000033033,ENSG00000078902
TOM1,ENSSSCG00000038943,ENSG00000100284
TOM1L1,ENSSSCG00000017601,ENSG00000141198
TOM1L2,ENSSSCG00000038639,ENSG00000175662
TOMM20,ENSSSCG00000010158,ENSG00000173726
TOMM20L,ENSSSCG00000005075,ENSG00000196860
TOMM22,ENSSSCG00000000097,ENSG00000100216
TOMM34,ENSSSCG00000007383,ENSG00000025772
TOMM40,ENSSSCG00000003089,ENSG00000130204
TOMM40L,ENSSSCG00000006354,ENSG00000158882
TOMM7,ENSSSCG00000015384,ENSG00000196683
TOMM70,ENSSSCG00000011963,ENSG00000154174
TONSL,ENSSSCG00000025116,ENSG00000160949
TOP1,ENSSSCG00000007355,ENSG00000198900
TOP1MT,ENSSSCG00000006958,ENSG00000184428
TOP2A,ENSSSCG00000017473,ENSG00000131747
TOP2B,ENSSSCG00000011213,ENSG00000077097
TOP3A,ENSSSCG00000035839,ENSG00000177302
TOP3B,ENSSSCG00000010078,ENSG00000100038
TOP6BL,ENSSSCG00000029902,ENSG00000173715
TOPAZ1,ENSSSCG00000029268,ENSG00000173769
TOPBP1,ENSSSCG00000021966,ENSG00000163781
TOPORS,ENSSSCG00000011004,ENSG00000197579
TOR1A,ENSSSCG00000034518,ENSG00000136827
TOR1AIP1,ENSSSCG00000032621,ENSG00000143337
TOR1AIP2,ENSSSCG00000035741,ENSG00000169905
TOR1B,ENSSSCG00000005683,ENSG00000136816
TOR2A,ENSSSCG00000005619,ENSG00000160404
TOR3A,ENSSSCG00000015525,ENSG00000186283
TOR4A,ENSSSCG00000005845,ENSG00000198113
TOX,ENSSSCG00000006235,ENSG00000198846
TOX2,ENSSSCG00000022202,ENSG00000124191
TOX3,ENSSSCG00000002835,ENSG00000103460
TOX4,ENSSSCG00000029203,ENSG00000092203
TP53,ENSSSCG00000017950,ENSG00000141510
TP53BP1,ENSSSCG00000031949,ENSG00000067369
TP53BP2,ENSSSCG00000010894,ENSG00000143514
TP53I11,ENSSSCG00000031819,ENSG00000175274
TP53I13,ENSSSCG00000017788,ENSG00000167543
TP53I3,ENSSSCG00000008586,ENSG00000115129
TP53INP1,ENSSSCG00000034321,ENSG00000164938
TP53INP2,ENSSSCG00000022099,ENSG00000078804
TP53RK,ENSSSCG00000007452,ENSG00000172315
TP63,ENSSSCG00000025592,ENSG00000073282
TP73,ENSSSCG00000025685,ENSG00000078900
TPBG,ENSSSCG00000004458,ENSG00000146242
TPCN1,ENSSSCG00000009879,ENSG00000186815
TPCN2,ENSSSCG00000012875,ENSG00000162341
TPD52,ENSSSCG00000006156,ENSG00000076554
TPD52L1,ENSSSCG00000004225,ENSG00000111907
TPD52L2,ENSSSCG00000036712,ENSG00000101150
TPD52L3,ENSSSCG00000021136,ENSG00000170777
TPGS2,ENSSSCG00000026953,ENSG00000134779
TPH2,ENSSSCG00000021122,ENSG00000139287
TPI1,ENSSSCG00000000685,ENSG00000111669
TPK1,ENSSSCG00000015462,ENSG00000196511
TPM1,ENSSSCG00000004570,ENSG00000140416
TPM2,ENSSSCG00000005316,ENSG00000198467
TPM3,ENSSSCG00000006556,ENSG00000143549
TPM4,ENSSSCG00000013849,ENSG00000167460
TPMT,ENSSSCG00000001073,ENSG00000137364
TPO,ENSSSCG00000033193,ENSG00000115705
TPP1,ENSSSCG00000023080,ENSG00000166340
TPP2,ENSSSCG00000009528,ENSG00000134900
TPPP,ENSSSCG00000032698,ENSG00000171368
TPPP2,ENSSSCG00000021950,ENSG00000179636
TPPP3,ENSSSCG00000035983,ENSG00000159713
TPR,ENSSSCG00000015576,ENSG00000047410
TPRA1,ENSSSCG00000011623,ENSG00000163870
TPRG1,ENSSSCG00000011812,ENSG00000188001
TPRG1L,ENSSSCG00000003359,ENSG00000158109
TPRKB,ENSSSCG00000008297,ENSG00000144034
TPRN,ENSSSCG00000036027,ENSG00000176058
TPST1,ENSSSCG00000007737,ENSG00000169902
TPST2,ENSSSCG00000009963,ENSG00000128294
TPT1,ENSSSCG00000040929,ENSG00000133112
TPX2,ENSSSCG00000007235,ENSG00000088325
TRA2A,ENSSSCG00000015387,ENSG00000164548
TRA2B,ENSSSCG00000030225,ENSG00000136527
TRABD,ENSSSCG00000000974,ENSG00000170638
TRABD2B,ENSSSCG00000037318,ENSG00000269113
TRADD,ENSSSCG00000036321,ENSG00000102871
TRAF1,ENSSSCG00000005511,ENSG00000056558
TRAF2,ENSSSCG00000005838,ENSG00000127191
TRAF3,ENSSSCG00000002525,ENSG00000131323
TRAF3IP1,ENSSSCG00000025228,ENSG00000204104
TRAF3IP2,ENSSSCG00000004420,ENSG00000056972
TRAF3IP3,ENSSSCG00000032721,ENSG00000009790
TRAF4,ENSSSCG00000032658,ENSG00000076604
TRAF5,ENSSSCG00000021068,ENSG00000082512
TRAF6,ENSSSCG00000038082,ENSG00000175104
TRAF7,ENSSSCG00000008043,ENSG00000131653
TRAFD1,ENSSSCG00000009886,ENSG00000135148
TRAIP,ENSSSCG00000026977,ENSG00000183763
TRAK1,ENSSSCG00000011278,ENSG00000182606
TRAK2,ENSSSCG00000016104,ENSG00000115993
TRAM1,ENSSSCG00000006193,ENSG00000067167
TRAM1L1,ENSSSCG00000036158,ENSG00000174599
TRAM2,ENSSSCG00000038401,ENSG00000065308
TRANK1,ENSSSCG00000011239,ENSG00000168016
TRAP1,ENSSSCG00000007952,ENSG00000126602
TRAPPC10,ENSSSCG00000039085,ENSG00000160218
TRAPPC11,ENSSSCG00000015777,ENSG00000168538
TRAPPC12,ENSSSCG00000024665,ENSG00000171853
TRAPPC13,ENSSSCG00000016949,ENSG00000113597
TRAPPC14,ENSSSCG00000007647,ENSG00000146826
TRAPPC2,ENSSSCG00000012124,ENSG00000196459
TRAPPC2L,ENSSSCG00000002646,ENSG00000167515
TRAPPC3,ENSSSCG00000037213,ENSG00000054116
TRAPPC3L,ENSSSCG00000040660,ENSG00000173626
TRAPPC4,ENSSSCG00000037439,ENSG00000196655
TRAPPC5,ENSSSCG00000013573,ENSG00000181029
TRAPPC6A,ENSSSCG00000035374,ENSG00000007255
TRAPPC6B,ENSSSCG00000004986,ENSG00000182400
TRAPPC8,ENSSSCG00000003728,ENSG00000153339
TRAPPC9,ENSSSCG00000005934,ENSG00000167632
TRARG1,ENSSSCG00000017801,ENSG00000184811
TRAT1,ENSSSCG00000023842,ENSG00000163519
TRAV2,ENSSSCG00000031604,ENSG00000211776
TRAV4,ENSSSCG00000035110,ENSG00000211778
TRAV6,ENSSSCG00000036635,ENSG00000211780
TRBV3-1,ENSSSCG00000047566,ENSG00000237702
TRBV30,ENSSSCG00000034219,ENSG00000237254
TRDMT1,ENSSSCG00000021309,ENSG00000107614
TRDN,ENSSSCG00000027613,ENSG00000186439
TREH,ENSSSCG00000028204,ENSG00000118094
TREM1,ENSSSCG00000033251,ENSG00000124731
TREM2,ENSSSCG00000039270,ENSG00000095970
TREML1,ENSSSCG00000001613,ENSG00000161911
TREML2,ENSSSCG00000001616,ENSG00000112195
TRERF1,ENSSSCG00000001639,ENSG00000124496
TREX1,ENSSSCG00000011358,ENSG00000213689
TRHDE,ENSSSCG00000000515,ENSG00000072657
TRHR,ENSSSCG00000040768,ENSG00000174417
TRIB1,ENSSSCG00000038500,ENSG00000173334
TRIB2,ENSSSCG00000039080,ENSG00000071575
TRIB3,ENSSSCG00000039862,ENSG00000101255
TRIM11,ENSSSCG00000035985,ENSG00000154370
TRIM13,ENSSSCG00000009389,ENSG00000204977
TRIM14,ENSSSCG00000033222,ENSG00000106785
TRIM16,ENSSSCG00000034049,ENSG00000221926
TRIM17,ENSSSCG00000014000,ENSG00000162931
TRIM2,ENSSSCG00000029200,ENSG00000109654
TRIM21,ENSSSCG00000014780,ENSG00000132109
TRIM23,ENSSSCG00000016948,ENSG00000113595
TRIM24,ENSSSCG00000016518,ENSG00000122779
TRIM25,ENSSSCG00000017614,ENSG00000121060
TRIM28,ENSSSCG00000037920,ENSG00000130726
TRIM29,ENSSSCG00000015126,ENSG00000137699
TRIM32,ENSSSCG00000005501,ENSG00000119401
TRIM33,ENSSSCG00000006757,ENSG00000197323
TRIM34,ENSSSCG00000014672,ENSG00000258659
TRIM35,ENSSSCG00000033325,ENSG00000104228
TRIM36,ENSSSCG00000014214,ENSG00000152503
TRIM37,ENSSSCG00000023727,ENSG00000108395
TRIM38,ENSSSCG00000035153,ENSG00000112343
TRIM4,ENSSSCG00000007637,ENSG00000146833
TRIM41,ENSSSCG00000032836,ENSG00000146063
TRIM42,ENSSSCG00000011668,ENSG00000155890
TRIM44,ENSSSCG00000013295,ENSG00000166326
TRIM45,ENSSSCG00000006732,ENSG00000134253
TRIM46,ENSSSCG00000006526,ENSG00000163462
TRIM47,ENSSSCG00000017199,ENSG00000132481
TRIM50,ENSSSCG00000007703,ENSG00000146755
TRIM52,ENSSSCG00000035650,ENSG00000183718
TRIM54,ENSSSCG00000039557,ENSG00000138100
TRIM55,ENSSSCG00000006216,ENSG00000147573
TRIM56,ENSSSCG00000034347,ENSG00000169871
TRIM58,ENSSSCG00000040066,ENSG00000162722
TRIM59,ENSSSCG00000011732,ENSG00000213186
TRIM6,ENSSSCG00000032133,ENSG00000121236
TRIM62,ENSSSCG00000003620,ENSG00000116525
TRIM63,ENSSSCG00000027684,ENSG00000158022
TRIM65,ENSSSCG00000017195,ENSG00000141569
TRIM66,ENSSSCG00000014567,ENSG00000166436
TRIM67,ENSSSCG00000010177,ENSG00000119283
TRIM68,ENSSSCG00000014768,ENSG00000167333
TRIM69,ENSSSCG00000004681,ENSG00000185880
TRIM7,ENSSSCG00000037835,ENSG00000146054
TRIM71,ENSSSCG00000036996,ENSG00000206557
TRIM72,ENSSSCG00000007757,ENSG00000177238
TRIM8,ENSSSCG00000038856,ENSG00000171206
TRIM9,ENSSSCG00000005025,ENSG00000100505
TRIML1,ENSSSCG00000032493,ENSG00000184108
TRIML2,ENSSSCG00000006997,ENSG00000179046
TRIO,ENSSSCG00000016781,ENSG00000038382
TRIOBP,ENSSSCG00000020777,ENSG00000100106
TRIP10,ENSSSCG00000013554,ENSG00000125733
TRIP11,ENSSSCG00000002445,ENSG00000100815
TRIP12,ENSSSCG00000024373,ENSG00000153827
TRIP13,ENSSSCG00000034522,ENSG00000071539
TRIP4,ENSSSCG00000004552,ENSG00000103671
TRIP6,ENSSSCG00000027486,ENSG00000087077
TRIQK,ENSSSCG00000037733,ENSG00000205133
TRIR,ENSSSCG00000013727,ENSG00000123144
TRIT1,ENSSSCG00000003667,ENSG00000043514
TRMO,ENSSSCG00000005371,ENSG00000136932
TRMT1,ENSSSCG00000013744,ENSG00000104907
TRMT10A,ENSSSCG00000009180,ENSG00000145331
TRMT10B,ENSSSCG00000005354,ENSG00000165275
TRMT11,ENSSSCG00000004220,ENSG00000066651
TRMT112,ENSSSCG00000013029,ENSG00000173113
TRMT13,ENSSSCG00000006869,ENSG00000122435
TRMT1L,ENSSSCG00000021393,ENSG00000121486
TRMT2A,ENSSSCG00000010136,ENSG00000099899
TRMT2B,ENSSSCG00000012489,ENSG00000188917
TRMT44,ENSSSCG00000033873,ENSG00000155275
TRMT5,ENSSSCG00000024529,ENSG00000126814
TRMT6,ENSSSCG00000007046,ENSG00000089195
TRMT61A,ENSSSCG00000034738,ENSG00000166166
TRMT61B,ENSSSCG00000030147,ENSG00000171103
TRMT9B,ENSSSCG00000006969,ENSG00000250305
TRMU,ENSSSCG00000000007,ENSG00000100416
TRNAU1AP,ENSSSCG00000030284,ENSG00000180098
TRNP1,ENSSSCG00000027325,ENSG00000253368
TRNT1,ENSSSCG00000011529,ENSG00000072756
TRO,ENSSSCG00000039027,ENSG00000067445
TROAP,ENSSSCG00000023176,ENSG00000135451
TRPA1,ENSSSCG00000006186,ENSG00000104321
TRPC1,ENSSSCG00000011681,ENSG00000144935
TRPC3,ENSSSCG00000009092,ENSG00000138741
TRPC4,ENSSSCG00000009362,ENSG00000133107
TRPC4AP,ENSSSCG00000007289,ENSG00000100991
TRPC5,ENSSSCG00000012587,ENSG00000072315
TRPC6,ENSSSCG00000024022,ENSG00000137672
TRPC7,ENSSSCG00000014318,ENSG00000069018
TRPM1,ENSSSCG00000004843,ENSG00000134160
TRPM2,ENSSSCG00000023762,ENSG00000142185
TRPM3,ENSSSCG00000005257,ENSG00000083067
TRPM4,ENSSSCG00000022672,ENSG00000130529
TRPM5,ENSSSCG00000039644,ENSG00000070985
TRPM6,ENSSSCG00000005269,ENSG00000119121
TRPM7,ENSSSCG00000004636,ENSG00000092439
TRPM8,ENSSSCG00000016314,ENSG00000144481
TRPS1,ENSSSCG00000006018,ENSG00000104447
TRPT1,ENSSSCG00000013040,ENSG00000149743
TRPV1,ENSSSCG00000017863,ENSG00000196689
TRPV2,ENSSSCG00000018032,ENSG00000187688
TRPV3,ENSSSCG00000017862,ENSG00000167723
TRPV4,ENSSSCG00000009929,ENSG00000111199
TRPV6,ENSSSCG00000016469,ENSG00000165125
TRRAP,ENSSSCG00000007606,ENSG00000196367
TRUB1,ENSSSCG00000010653,ENSG00000165832
TRUB2,ENSSSCG00000005645,ENSG00000167112
TSACC,ENSSSCG00000006486,ENSG00000163467
TSC1,ENSSSCG00000046003,ENSG00000165699
TSC2,ENSSSCG00000008040,ENSG00000103197
TSC22D1,ENSSSCG00000009422,ENSG00000102804
TSC22D2,ENSSSCG00000011708,ENSG00000196428
TSEN15,ENSSSCG00000031121,ENSG00000198860
TSEN2,ENSSSCG00000011580,ENSG00000154743
TSEN34,ENSSSCG00000003268,ENSG00000170892
TSEN54,ENSSSCG00000036852,ENSG00000182173
TSFM,ENSSSCG00000037767,ENSG00000123297
TSGA10,ENSSSCG00000008186,ENSG00000135951
TSGA13,ENSSSCG00000016551,ENSG00000213265
TSHB,ENSSSCG00000006749,ENSG00000134200
TSHR,ENSSSCG00000031771,ENSG00000165409
TSHZ1,ENSSSCG00000004861,ENSG00000179981
TSHZ2,ENSSSCG00000007482,ENSG00000182463
TSHZ3,ENSSSCG00000025214,ENSG00000121297
TSKS,ENSSSCG00000003191,ENSG00000126467
TSKU,ENSSSCG00000014871,ENSG00000182704
TSLP,ENSSSCG00000014198,ENSG00000145777
TSN,ENSSSCG00000015729,ENSG00000211460
TSNARE1,ENSSSCG00000036022,ENSG00000171045
TSNAX,ENSSSCG00000010171,ENSG00000116918
TSNAXIP1,ENSSSCG00000002767,ENSG00000102904
TSPAN1,ENSSSCG00000003908,ENSG00000117472
TSPAN11,ENSSSCG00000000734,ENSG00000110900
TSPAN12,ENSSSCG00000016620,ENSG00000106025
TSPAN13,ENSSSCG00000015362,ENSG00000106537
TSPAN14,ENSSSCG00000010341,ENSG00000108219
TSPAN15,ENSSSCG00000036152,ENSG00000099282
TSPAN17,ENSSSCG00000014051,ENSG00000048140
TSPAN18,ENSSSCG00000013278,ENSG00000157570
TSPAN19,ENSSSCG00000040399,ENSG00000231738
TSPAN2,ENSSSCG00000006748,ENSG00000134198
TSPAN3,ENSSSCG00000001868,ENSG00000140391
TSPAN31,ENSSSCG00000036731,ENSG00000135452
TSPAN32,ENSSSCG00000033880,ENSG00000064201
TSPAN33,ENSSSCG00000016570,ENSG00000158457
TSPAN4,ENSSSCG00000012838,ENSG00000214063
TSPAN5,ENSSSCG00000029813,ENSG00000168785
TSPAN6,ENSSSCG00000012481,ENSG00000000003
TSPAN7,ENSSSCG00000012238,ENSG00000156298
TSPAN9,ENSSSCG00000000735,ENSG00000011105
TSPEAR,ENSSSCG00000022988,ENSG00000175894
TSPO,ENSSSCG00000000033,ENSG00000100300
TSPO2,ENSSSCG00000038553,ENSG00000112212
TSPOAP1,ENSSSCG00000017638,ENSG00000005379
TSPYL1,ENSSSCG00000004438,ENSG00000189241
TSPYL2,ENSSSCG00000012323,ENSG00000184205
TSPYL4,ENSSSCG00000047800,ENSG00000187189
TSPYL5,ENSSSCG00000033112,ENSG00000180543
TSR1,ENSSSCG00000038534,ENSG00000167721
TSR2,ENSSSCG00000012334,ENSG00000158526
TSR3,ENSSSCG00000008030,ENSG00000007520
TSSC4,ENSSSCG00000036015,ENSG00000184281
TSSK2,ENSSSCG00000010113,ENSG00000206203
TSSK3,ENSSSCG00000023968,ENSG00000162526
TSSK4,ENSSSCG00000025470,ENSG00000139908
TSSK6,ENSSSCG00000013937,ENSG00000178093
TST,ENSSSCG00000000133,ENSG00000128311
TSTD1,ENSSSCG00000006370,ENSG00000215845
TSTD2,ENSSSCG00000005367,ENSG00000136925
TTBK1,ENSSSCG00000001664,ENSG00000146216
TTBK2,ENSSSCG00000004718,ENSG00000128881
TTC1,ENSSSCG00000040528,ENSG00000113312
TTC12,ENSSSCG00000015047,ENSG00000149292
TTC13,ENSSSCG00000010180,ENSG00000143643
TTC14,ENSSSCG00000011767,ENSG00000163728
TTC16,ENSSSCG00000005616,ENSG00000167094
TTC17,ENSSSCG00000013284,ENSG00000052841
TTC19,ENSSSCG00000023747,ENSG00000011295
TTC21A,ENSSSCG00000011263,ENSG00000168026
TTC21B,ENSSSCG00000015908,ENSG00000123607
TTC23,ENSSSCG00000004813,ENSG00000103852
TTC24,ENSSSCG00000006479,ENSG00000187862
TTC27,ENSSSCG00000008512,ENSG00000018699
TTC28,ENSSSCG00000009968,ENSG00000100154
TTC29,ENSSSCG00000040272,ENSG00000137473
TTC3,ENSSSCG00000012062,ENSG00000182670
TTC31,ENSSSCG00000008275,ENSG00000115282
TTC33,ENSSSCG00000034966,ENSG00000113638
TTC34,ENSSSCG00000034547,ENSG00000215912
TTC38,ENSSSCG00000000003,ENSG00000075234
TTC39A,ENSSSCG00000003875,ENSG00000085831
TTC39B,ENSSSCG00000005186,ENSG00000155158
TTC39C,ENSSSCG00000003710,ENSG00000168234
TTC4,ENSSSCG00000003844,ENSG00000243725
TTC5,ENSSSCG00000002145,ENSG00000136319
TTC6,ENSSSCG00000001939,ENSG00000139865
TTC7A,ENSSSCG00000008434,ENSG00000068724
TTC7B,ENSSSCG00000002436,ENSG00000165914
TTC8,ENSSSCG00000002428,ENSG00000165533
TTC9,ENSSSCG00000020701,ENSG00000133985
TTC9C,ENSSSCG00000035472,ENSG00000162222
TTF1,ENSSSCG00000005725,ENSG00000125482
TTF2,ENSSSCG00000006733,ENSG00000116830
TTI1,ENSSSCG00000007340,ENSG00000101407
TTI2,ENSSSCG00000015833,ENSG00000129696
TTK,ENSSSCG00000004466,ENSG00000112742
TTL,ENSSSCG00000008097,ENSG00000114999
TTLL1,ENSSSCG00000000035,ENSG00000100271
TTLL10,ENSSSCG00000003336,ENSG00000162571
TTLL11,ENSSSCG00000038036,ENSG00000175764
TTLL12,ENSSSCG00000000034,ENSG00000100304
TTLL13,ENSSSCG00000031810,ENSG00000213471
TTLL3,ENSSSCG00000011552,ENSG00000214021
TTLL4,ENSSSCG00000016201,ENSG00000135912
TTLL5,ENSSSCG00000025984,ENSG00000119685
TTLL6,ENSSSCG00000017542,ENSG00000170703
TTLL7,ENSSSCG00000003760,ENSG00000137941
TTLL8,ENSSSCG00000000982,ENSG00000138892
TTLL9,ENSSSCG00000007236,ENSG00000131044
TTPAL,ENSSSCG00000036684,ENSG00000124120
TTR,ENSSSCG00000023686,ENSG00000118271
TTYH1,ENSSSCG00000003271,ENSG00000167614
TTYH2,ENSSSCG00000017238,ENSG00000141540
TTYH3,ENSSSCG00000007565,ENSG00000136295
TUB,ENSSSCG00000014581,ENSG00000166402
TUBA1B,ENSSSCG00000000190,ENSG00000123416
TUBA4A,ENSSSCG00000016216,ENSG00000127824
TUBAL3,ENSSSCG00000029077,ENSG00000178462
TUBB1,ENSSSCG00000007523,ENSG00000101162
TUBB2B,ENSSSCG00000033655,ENSG00000137285
TUBB3,ENSSSCG00000002639,ENSG00000258947
TUBB4A,ENSSSCG00000013545,ENSG00000104833
TUBB4B,ENSSSCG00000037046,ENSG00000188229
TUBB6,ENSSSCG00000038992,ENSG00000176014
TUBD1,ENSSSCG00000017669,ENSG00000108423
TUBE1,ENSSSCG00000004423,ENSG00000074935
TUBG1,ENSSSCG00000036106,ENSG00000131462
TUBGCP2,ENSSSCG00000010773,ENSG00000130640
TUBGCP3,ENSSSCG00000009553,ENSG00000126216
TUBGCP4,ENSSSCG00000004708,ENSG00000137822
TUBGCP6,ENSSSCG00000000972,ENSG00000128159
TUFM,ENSSSCG00000007803,ENSG00000178952
TUFT1,ENSSSCG00000006620,ENSG00000143367
TULP1,ENSSSCG00000035972,ENSG00000112041
TULP2,ENSSSCG00000003149,ENSG00000104804
TULP3,ENSSSCG00000000737,ENSG00000078246
TULP4,ENSSSCG00000031776,ENSG00000130338
TUSC1,ENSSSCG00000005128,ENSG00000198680
TUSC3,ENSSSCG00000021988,ENSG00000104723
TUT1,ENSSSCG00000013063,ENSG00000149016
TUT4,ENSSSCG00000003859,ENSG00000134744
TVP23A,ENSSSCG00000027101,ENSG00000166676
TVP23B,ENSSSCG00000018027,ENSG00000171928
TWF1,ENSSSCG00000000798,ENSG00000151239
TWF2,ENSSSCG00000011435,ENSG00000247596
TWIST2,ENSSSCG00000016343,ENSG00000233608
TWNK,ENSSSCG00000030428,ENSG00000107815
TWSG1,ENSSSCG00000039663,ENSG00000128791
TXK,ENSSSCG00000008819,ENSG00000074966
TXLNA,ENSSSCG00000003617,ENSG00000084652
TXLNB,ENSSSCG00000004143,ENSG00000164440
TXN,ENSSSCG00000005453,ENSG00000136810
TXN2,ENSSSCG00000000144,ENSG00000100348
TXNDC11,ENSSSCG00000007896,ENSG00000153066
TXNDC12,ENSSSCG00000003867,ENSG00000117862
TXNDC15,ENSSSCG00000026106,ENSG00000113621
TXNDC16,ENSSSCG00000035934,ENSG00000087301
TXNDC17,ENSSSCG00000035820,ENSG00000129235
TXNDC5,ENSSSCG00000034131,ENSG00000239264
TXNDC8,ENSSSCG00000005454,ENSG00000204193
TXNDC9,ENSSSCG00000008181,ENSG00000115514
TXNIP,ENSSSCG00000031262,ENSG00000265972
TXNL1,ENSSSCG00000004537,ENSG00000091164
TXNL4A,ENSSSCG00000005777,ENSG00000141759
TXNL4B,ENSSSCG00000025218,ENSG00000140830
TXNRD1,ENSSSCG00000000843,ENSG00000198431
TXNRD2,ENSSSCG00000010131,ENSG00000184470
TXNRD3,ENSSSCG00000023929,ENSG00000197763
TYK2,ENSSSCG00000013648,ENSG00000105397
TYMS,ENSSSCG00000040678,ENSG00000176890
TYR,ENSSSCG00000026409,ENSG00000077498
TYRO3,ENSSSCG00000004744,ENSG00000092445
TYROBP,ENSSSCG00000002919,ENSG00000011600
TYRP1,ENSSSCG00000005193,ENSG00000107165
TYSND1,ENSSSCG00000010259,ENSG00000156521
TYW1,ENSSSCG00000007733,ENSG00000198874
TYW3,ENSSSCG00000003779,ENSG00000162623
TYW5,ENSSSCG00000016087,ENSG00000162971
U2AF1,ENSSSCG00000033653,ENSG00000160201
U2AF1L4,ENSSSCG00000035162,ENSG00000161265
U2AF2,ENSSSCG00000034815,ENSG00000063244
U2SURP,ENSSSCG00000011684,ENSG00000163714
UACA,ENSSSCG00000004973,ENSG00000137831
UAP1,ENSSSCG00000006340,ENSG00000117143
UAP1L1,ENSSSCG00000040003,ENSG00000197355
UBA1,ENSSSCG00000012270,ENSG00000130985
UBA2,ENSSSCG00000031169,ENSG00000126261
UBA3,ENSSSCG00000011506,ENSG00000144744
UBA5,ENSSSCG00000011631,ENSG00000081307
UBA6,ENSSSCG00000008924,ENSG00000033178
UBA7,ENSSSCG00000011393,ENSG00000182179
UBAC1,ENSSSCG00000033162,ENSG00000130560
UBAC2,ENSSSCG00000009516,ENSG00000134882
UBALD1,ENSSSCG00000023603,ENSG00000153443
UBALD2,ENSSSCG00000023423,ENSG00000185262
UBAP1,ENSSSCG00000021761,ENSG00000165006
UBAP1L,ENSSSCG00000035506,ENSG00000246922
UBAP2,ENSSSCG00000010987,ENSG00000137073
UBAP2L,ENSSSCG00000006553,ENSG00000143569
UBASH3A,ENSSSCG00000029511,ENSG00000160185
UBASH3B,ENSSSCG00000015136,ENSG00000154127
UBB,ENSSSCG00000018033,ENSG00000170315
UBC,ENSSSCG00000029226,ENSG00000150991
UBE2A,ENSSSCG00000012621,ENSG00000077721
UBE2B,ENSSSCG00000038953,ENSG00000119048
UBE2C,ENSSSCG00000007423,ENSG00000175063
UBE2D1,ENSSSCG00000033323,ENSG00000072401
UBE2D2,ENSSSCG00000036711,ENSG00000131508
UBE2D3,ENSSSCG00000035622,ENSG00000109332
UBE2D4,ENSSSCG00000016722,ENSG00000078967
UBE2E2,ENSSSCG00000031392,ENSG00000182247
UBE2E3,ENSSSCG00000033987,ENSG00000170035
UBE2F,ENSSSCG00000027723,ENSG00000184182
UBE2G2,ENSSSCG00000027165,ENSG00000184787
UBE2H,ENSSSCG00000016564,ENSG00000186591
UBE2I,ENSSSCG00000021560,ENSG00000103275
UBE2J1,ENSSSCG00000004317,ENSG00000198833
UBE2J2,ENSSSCG00000003334,ENSG00000160087
UBE2K,ENSSSCG00000033602,ENSG00000078140
UBE2L3,ENSSSCG00000037143,ENSG00000185651
UBE2L6,ENSSSCG00000023379,ENSG00000156587
UBE2M,ENSSSCG00000037734,ENSG00000130725
UBE2N,ENSSSCG00000000908,ENSG00000177889
UBE2O,ENSSSCG00000029901,ENSG00000175931
UBE2Q1,ENSSSCG00000006544,ENSG00000160714
UBE2Q2,ENSSSCG00000027457,ENSG00000140367
UBE2QL1,ENSSSCG00000035825,ENSG00000215218
UBE2R2,ENSSSCG00000034725,ENSG00000107341
UBE2S,ENSSSCG00000035344,ENSG00000108106
UBE2T,ENSSSCG00000010923,ENSG00000077152
UBE2V1,ENSSSCG00000030632,ENSG00000244687
UBE2V2,ENSSSCG00000022190,ENSG00000169139
UBE2W,ENSSSCG00000006177,ENSG00000104343
UBE2Z,ENSSSCG00000025638,ENSG00000159202
UBE3A,ENSSSCG00000004832,ENSG00000114062
UBE3B,ENSSSCG00000009933,ENSG00000151148
UBE3C,ENSSSCG00000016409,ENSG00000009335
UBE3D,ENSSSCG00000026346,ENSG00000118420
UBE4A,ENSSSCG00000015095,ENSG00000110344
UBE4B,ENSSSCG00000003398,ENSG00000130939
UBFD1,ENSSSCG00000040265,ENSG00000103353
UBIAD1,ENSSSCG00000037325,ENSG00000120942
UBL3,ENSSSCG00000035992,ENSG00000122042
UBL5,ENSSSCG00000023331,ENSG00000198258
UBL7,ENSSSCG00000001907,ENSG00000138629
UBLCP1,ENSSSCG00000017042,ENSG00000164332
UBN1,ENSSSCG00000007924,ENSG00000118900
UBN2,ENSSSCG00000016510,ENSG00000157741
UBOX5,ENSSSCG00000007162,ENSG00000185019
UBP1,ENSSSCG00000011235,ENSG00000153560
UBQLN1,ENSSSCG00000021005,ENSG00000135018
UBQLN2,ENSSSCG00000035264,ENSG00000188021
UBQLN3,ENSSSCG00000014691,ENSG00000175520
UBQLN4,ENSSSCG00000006500,ENSG00000160803
UBQLNL,ENSSSCG00000014690,ENSG00000175518
UBR1,ENSSSCG00000004717,ENSG00000159459
UBR2,ENSSSCG00000001641,ENSG00000024048
UBR3,ENSSSCG00000015940,ENSG00000144357
UBR4,ENSSSCG00000003488,ENSG00000127481
UBR5,ENSSSCG00000022479,ENSG00000104517
UBR7,ENSSSCG00000002460,ENSG00000012963
UBTD1,ENSSSCG00000010521,ENSG00000165886
UBTD2,ENSSSCG00000023948,ENSG00000168246
UBTF,ENSSSCG00000017360,ENSG00000108312
UBXN1,ENSSSCG00000023110,ENSG00000162191
UBXN10,ENSSSCG00000003498,ENSG00000162543
UBXN11,ENSSSCG00000033546,ENSG00000158062
UBXN2A,ENSSSCG00000033753,ENSG00000173960
UBXN2B,ENSSSCG00000006239,ENSG00000215114
UBXN4,ENSSSCG00000015690,ENSG00000144224
UBXN6,ENSSSCG00000013510,ENSG00000167671
UBXN7,ENSSSCG00000021380,ENSG00000163960
UCHL1,ENSSSCG00000022945,ENSG00000154277
UCHL3,ENSSSCG00000009466,ENSG00000118939
UCHL5,ENSSSCG00000010802,ENSG00000116750
UCK1,ENSSSCG00000005717,ENSG00000130717
UCK2,ENSSSCG00000039867,ENSG00000143179
UCKL1,ENSSSCG00000035939,ENSG00000198276
UCMA,ENSSSCG00000038864,ENSG00000165623
UCN2,ENSSSCG00000036910,ENSG00000145040
UCP2,ENSSSCG00000014833,ENSG00000175567
UCP3,ENSSSCG00000014834,ENSG00000175564
UEVLD,ENSSSCG00000013362,ENSG00000151116
UFC1,ENSSSCG00000006363,ENSG00000143222
UFD1,ENSSSCG00000010121,ENSG00000070010
UFL1,ENSSSCG00000004339,ENSG00000014123
UFSP1,ENSSSCG00000041835,ENSG00000176125
UFSP2,ENSSSCG00000015793,ENSG00000109775
UGCG,ENSSSCG00000022780,ENSG00000148154
UGDH,ENSSSCG00000030150,ENSG00000109814
UGGT1,ENSSSCG00000015857,ENSG00000136731
UGGT2,ENSSSCG00000009502,ENSG00000102595
UGP2,ENSSSCG00000008368,ENSG00000169764
UGT1A6,ENSSSCG00000036274,ENSG00000167165
UGT8,ENSSSCG00000031904,ENSG00000174607
UHMK1,ENSSSCG00000006342,ENSG00000152332
UHRF2,ENSSSCG00000005201,ENSG00000147854
UIMC1,ENSSSCG00000022508,ENSG00000087206
ULBP1,ENSSSCG00000026042,ENSG00000111981
ULK1,ENSSSCG00000009742,ENSG00000177169
ULK2,ENSSSCG00000018045,ENSG00000083290
ULK3,ENSSSCG00000001898,ENSG00000140474
ULK4,ENSSSCG00000025408,ENSG00000168038
UMAD1,ENSSSCG00000036169,ENSG00000219545
UMOD,ENSSSCG00000007859,ENSG00000169344
UMODL1,ENSSSCG00000022290,ENSG00000177398
UMPS,ENSSSCG00000011864,ENSG00000114491
UNC119,ENSSSCG00000017761,ENSG00000109103
UNC13A,ENSSSCG00000013880,ENSG00000130477
UNC13B,ENSSSCG00000005305,ENSG00000198722
UNC13C,ENSSSCG00000004614,ENSG00000137766
UNC13D,ENSSSCG00000017200,ENSG00000092929
UNC45A,ENSSSCG00000001821,ENSG00000140553
UNC45B,ENSSSCG00000017717,ENSG00000141161
UNC50,ENSSSCG00000025010,ENSG00000115446
UNC5A,ENSSSCG00000014049,ENSG00000113763
UNC5B,ENSSSCG00000010276,ENSG00000107731
UNC5C,ENSSSCG00000021874,ENSG00000182168
UNC5CL,ENSSSCG00000027922,ENSG00000124602
UNC5D,ENSSSCG00000015830,ENSG00000156687
UNC79,ENSSSCG00000038851,ENSG00000133958
UNC80,ENSSSCG00000016153,ENSG00000144406
UNC93A,ENSSSCG00000027404,ENSG00000112494
UNC93B1,ENSSSCG00000012893,ENSG00000110057
UNG,ENSSSCG00000009938,ENSG00000076248
UNK,ENSSSCG00000017201,ENSG00000132478
UNKL,ENSSSCG00000022963,ENSG00000059145
UPB1,ENSSSCG00000010060,ENSG00000100024
UPF1,ENSSSCG00000039301,ENSG00000005007
UPF2,ENSSSCG00000011117,ENSG00000151461
UPF3A,ENSSSCG00000024679,ENSG00000169062
UPF3B,ENSSSCG00000012617,ENSG00000125351
UPK1A,ENSSSCG00000002901,ENSG00000105668
UPK1B,ENSSSCG00000011904,ENSG00000114638
UPK2,ENSSSCG00000015100,ENSG00000110375
UPK3A,ENSSSCG00000031423,ENSG00000100373
UPP1,ENSSSCG00000030388,ENSG00000183696
UPP2,ENSSSCG00000021938,ENSG00000007001
UPRT,ENSSSCG00000012425,ENSG00000094841
UQCC1,ENSSSCG00000038237,ENSG00000101019
UQCC3,ENSSSCG00000038370,ENSG00000204922
UQCC4,ENSSSCG00000038882,ENSG00000174109
UQCR10,ENSSSCG00000024550,ENSG00000184076
UQCR11,ENSSSCG00000013436,ENSG00000127540
UQCRC1,ENSSSCG00000011356,ENSG00000010256
UQCRC2,ENSSSCG00000007845,ENSG00000140740
UQCRH,ENSSSCG00000003903,ENSG00000173660
UQCRQ,ENSSSCG00000014289,ENSG00000164405
URAD,ENSSSCG00000009316,ENSG00000183463
URB1,ENSSSCG00000032024,ENSG00000142207
URB2,ENSSSCG00000010186,ENSG00000135763
URGCP,ENSSSCG00000040519,ENSG00000106608
URI1,ENSSSCG00000025912,ENSG00000105176
URM1,ENSSSCG00000005649,ENSG00000167118
UROC1,ENSSSCG00000001823,ENSG00000159650
UROD,ENSSSCG00000003922,ENSG00000126088
UROS,ENSSSCG00000010742,ENSG00000188690
USB1,ENSSSCG00000002807,ENSG00000103005
USE1,ENSSSCG00000013875,ENSG00000053501
USF1,ENSSSCG00000006371,ENSG00000158773
USF2,ENSSSCG00000002885,ENSG00000105698
USF3,ENSSSCG00000011918,ENSG00000176542
USH1C,ENSSSCG00000013377,ENSG00000006611
USH1G,ENSSSCG00000017223,ENSG00000182040
USHBP1,ENSSSCG00000036575,ENSG00000130307
USO1,ENSSSCG00000008971,ENSG00000138768
USP1,ENSSSCG00000003820,ENSG00000162607
USP10,ENSSSCG00000002670,ENSG00000103194
USP11,ENSSSCG00000012273,ENSG00000102226
USP12,ENSSSCG00000009302,ENSG00000152484
USP13,ENSSSCG00000011765,ENSG00000058056
USP14,ENSSSCG00000022559,ENSG00000101557
USP15,ENSSSCG00000000457,ENSG00000135655
USP16,ENSSSCG00000027594,ENSG00000156256
USP18,ENSSSCG00000000774,ENSG00000184979
USP19,ENSSSCG00000011375,ENSG00000172046
USP2,ENSSSCG00000015120,ENSG00000036672
USP20,ENSSSCG00000024341,ENSG00000136878
USP21,ENSSSCG00000006362,ENSG00000143258
USP22,ENSSSCG00000035671,ENSG00000124422
USP24,ENSSSCG00000029633,ENSG00000162402
USP25,ENSSSCG00000024623,ENSG00000155313
USP28,ENSSSCG00000015052,ENSG00000048028
USP3,ENSSSCG00000028737,ENSG00000140455
USP30,ENSSSCG00000032917,ENSG00000135093
USP31,ENSSSCG00000030424,ENSG00000103404
USP32,ENSSSCG00000039473,ENSG00000170832
USP33,ENSSSCG00000040220,ENSG00000077254
USP34,ENSSSCG00000008382,ENSG00000115464
USP35,ENSSSCG00000014892,ENSG00000118369
USP36,ENSSSCG00000017165,ENSG00000055483
USP37,ENSSSCG00000016194,ENSG00000135913
USP38,ENSSSCG00000009049,ENSG00000170185
USP39,ENSSSCG00000030435,ENSG00000168883
USP4,ENSSSCG00000011382,ENSG00000114316
USP40,ENSSSCG00000016306,ENSG00000085982
USP42,ENSSSCG00000032705,ENSG00000106346
USP43,ENSSSCG00000017995,ENSG00000154914
USP44,ENSSSCG00000021307,ENSG00000136014
USP45,ENSSSCG00000004351,ENSG00000123552
USP46,ENSSSCG00000036284,ENSG00000109189
USP47,ENSSSCG00000013402,ENSG00000170242
USP48,ENSSSCG00000024197,ENSG00000090686
USP49,ENSSSCG00000001629,ENSG00000164663
USP5,ENSSSCG00000000684,ENSG00000111667
USP50,ENSSSCG00000004638,ENSG00000170236
USP51,ENSSSCG00000012349,ENSG00000247746
USP53,ENSSSCG00000023174,ENSG00000145390
USP54,ENSSSCG00000010302,ENSG00000166348
USP6NL,ENSSSCG00000011120,ENSG00000148429
USP7,ENSSSCG00000007907,ENSG00000187555
USP8,ENSSSCG00000004639,ENSG00000138592
USP9X,ENSSSCG00000012251,ENSG00000124486
USPL1,ENSSSCG00000028065,ENSG00000132952
UST,ENSSSCG00000028974,ENSG00000111962
UTF1,ENSSSCG00000010771,ENSG00000171794
UTP11,ENSSSCG00000003645,ENSG00000183520
UTP15,ENSSSCG00000014068,ENSG00000164338
UTP18,ENSSSCG00000017593,ENSG00000011260
UTP20,ENSSSCG00000000869,ENSG00000120800
UTP23,ENSSSCG00000030493,ENSG00000147679
UTP25,ENSSSCG00000015611,ENSG00000117597
UTP3,ENSSSCG00000028466,ENSG00000132467
UTP6,ENSSSCG00000017745,ENSG00000108651
UTRN,ENSSSCG00000004123,ENSG00000152818
UTS2,ENSSSCG00000040531,ENSG00000049247
UTS2R,ENSSSCG00000033221,ENSG00000181408
UVRAG,ENSSSCG00000028979,ENSG00000198382
UVSSA,ENSSSCG00000037035,ENSG00000163945
UXS1,ENSSSCG00000008143,ENSG00000115652
UXT,ENSSSCG00000012280,ENSG00000126756
VAC14,ENSSSCG00000002729,ENSG00000103043
VAMP1,ENSSSCG00000000703,ENSG00000139190
VAMP2,ENSSSCG00000034868,ENSG00000220205
VAMP3,ENSSSCG00000035376,ENSG00000049245
VAMP4,ENSSSCG00000015482,ENSG00000117533
VAMP5,ENSSSCG00000033135,ENSG00000168899
VAMP7,ENSSSCG00000029615,ENSG00000124333
VANGL1,ENSSSCG00000006746,ENSG00000173218
VANGL2,ENSSSCG00000006383,ENSG00000162738
VAPA,ENSSSCG00000038465,ENSG00000101558
VAPB,ENSSSCG00000007514,ENSG00000124164
VASH1,ENSSSCG00000002389,ENSG00000071246
VASH2,ENSSSCG00000015589,ENSG00000143494
VASN,ENSSSCG00000025561,ENSG00000168140
VASP,ENSSSCG00000036317,ENSG00000125753
VAT1,ENSSSCG00000024059,ENSG00000108828
VAT1L,ENSSSCG00000002696,ENSG00000171724
VAV1,ENSSSCG00000013553,ENSG00000141968
VAV2,ENSSSCG00000005743,ENSG00000160293
VAX1,ENSSSCG00000010666,ENSG00000148704
VAX2,ENSSSCG00000008318,ENSG00000116035
VBP1,ENSSSCG00000012811,ENSG00000155959
VCAM1,ENSSSCG00000006862,ENSG00000162692
VCAN,ENSSSCG00000014136,ENSG00000038427
VCF1,ENSSSCG00000031686,ENSG00000133193
VCL,ENSSSCG00000010313,ENSG00000035403
VCP,ENSSSCG00000005300,ENSG00000165280
VCPIP1,ENSSSCG00000006209,ENSG00000175073
VCPKMT,ENSSSCG00000036735,ENSG00000100483
VDAC1,ENSSSCG00000014296,ENSG00000213585
VDAC2,ENSSSCG00000010320,ENSG00000165637
VDAC3,ENSSSCG00000007026,ENSG00000078668
VDR,ENSSSCG00000020864,ENSG00000111424
VEGFA,ENSSSCG00000001695,ENSG00000112715
VEGFC,ENSSSCG00000015770,ENSG00000150630
VEGFD,ENSSSCG00000012135,ENSG00000165197
VENTX,ENSSSCG00000033363,ENSG00000151650
VEPH1,ENSSSCG00000011726,ENSG00000197415
VEZF1,ENSSSCG00000017623,ENSG00000136451
VEZT,ENSSSCG00000000900,ENSG00000028203
VGF,ENSSSCG00000039053,ENSG00000128564
VGLL2,ENSSSCG00000004255,ENSG00000170162
VGLL3,ENSSSCG00000032398,ENSG00000206538
VGLL4,ENSSSCG00000030581,ENSG00000144560
VHL,ENSSSCG00000011567,ENSG00000134086
VIL1,ENSSSCG00000016196,ENSG00000127831
VILL,ENSSSCG00000011246,ENSG00000136059
VIM,ENSSSCG00000011033,ENSG00000026025
VIP,ENSSSCG00000004078,ENSG00000146469
VIPAS39,ENSSSCG00000002403,ENSG00000151445
VIPR1,ENSSSCG00000011280,ENSG00000114812
VIPR2,ENSSSCG00000016403,ENSG00000106018
VIRMA,ENSSSCG00000006100,ENSG00000164944
VIT,ENSSSCG00000008501,ENSG00000205221
VKORC1L1,ENSSSCG00000028513,ENSG00000196715
VLDLR,ENSSSCG00000005229,ENSG00000147852
VMAC,ENSSSCG00000031764,ENSG00000187650
VMO1,ENSSSCG00000017915,ENSG00000182853
VMP1,ENSSSCG00000017668,ENSG00000062716
VNN1,ENSSSCG00000004181,ENSG00000112299
VNN2,ENSSSCG00000004179,ENSG00000112303
VOPP1,ENSSSCG00000032734,ENSG00000154978
VPREB1,ENSSSCG00000022467,ENSG00000169575
VPREB3,ENSSSCG00000010076,ENSG00000128218
VPS11,ENSSSCG00000015107,ENSG00000160695
VPS13A,ENSSSCG00000005282,ENSG00000197969
VPS13B,ENSSSCG00000006071,ENSG00000132549
VPS13C,ENSSSCG00000036431,ENSG00000129003
VPS13D,ENSSSCG00000003438,ENSG00000048707
VPS16,ENSSSCG00000007167,ENSG00000215305
VPS18,ENSSSCG00000004757,ENSG00000104142
VPS25,ENSSSCG00000034782,ENSG00000131475
VPS26A,ENSSSCG00000010250,ENSG00000122958
VPS26B,ENSSSCG00000028123,ENSG00000151502
VPS26C,ENSSSCG00000012063,ENSG00000157538
VPS28,ENSSSCG00000005904,ENSG00000160948
VPS29,ENSSSCG00000009823,ENSG00000111237
VPS33A,ENSSSCG00000028005,ENSG00000139719
VPS33B,ENSSSCG00000033954,ENSG00000184056
VPS35,ENSSSCG00000026239,ENSG00000069329
VPS35L,ENSSSCG00000027324,ENSG00000103544
VPS36,ENSSSCG00000035658,ENSG00000136100
VPS37A,ENSSSCG00000006984,ENSG00000155975
VPS37B,ENSSSCG00000028889,ENSG00000139722
VPS37C,ENSSSCG00000028762,ENSG00000167987
VPS37D,ENSSSCG00000033358,ENSG00000176428
VPS39,ENSSSCG00000004731,ENSG00000166887
VPS41,ENSSSCG00000016772,ENSG00000006715
VPS45,ENSSSCG00000006661,ENSG00000136631
VPS4A,ENSSSCG00000025151,ENSG00000132612
VPS4B,ENSSSCG00000004893,ENSG00000119541
VPS50,ENSSSCG00000022982,ENSG00000004766
VPS51,ENSSSCG00000013005,ENSG00000149823
VPS53,ENSSSCG00000017812,ENSG00000141252
VPS54,ENSSSCG00000027509,ENSG00000143952
VPS72,ENSSSCG00000031869,ENSG00000163159
VPS8,ENSSSCG00000011788,ENSG00000156931
VPS9D1,ENSSSCG00000022310,ENSG00000075399
VRK1,ENSSSCG00000002506,ENSG00000100749
VRK2,ENSSSCG00000008395,ENSG00000028116
VRK3,ENSSSCG00000003204,ENSG00000105053
VRTN,ENSSSCG00000002361,ENSG00000133980
VSIG10,ENSSSCG00000009852,ENSG00000176834
VSIG10L,ENSSSCG00000003228,ENSG00000186806
VSIG2,ENSSSCG00000015199,ENSG00000019102
VSIG4,ENSSSCG00000035170,ENSG00000155659
VSIG8,ENSSSCG00000006399,ENSG00000243284
VSIR,ENSSSCG00000010280,ENSG00000107738
VSNL1,ENSSSCG00000008615,ENSG00000163032
VSTM1,ENSSSCG00000033542,ENSG00000189068
VSTM2A,ENSSSCG00000015636,ENSG00000170419
VSTM2B,ENSSSCG00000023921,ENSG00000187135
VSTM2L,ENSSSCG00000007338,ENSG00000132821
VSTM4,ENSSSCG00000010385,ENSG00000165633
VSTM5,ENSSSCG00000014950,ENSG00000214376
VSX1,ENSSSCG00000023887,ENSG00000100987
VSX2,ENSSSCG00000002363,ENSG00000119614
VTA1,ENSSSCG00000004140,ENSG00000009844
VTCN1,ENSSSCG00000006731,ENSG00000134258
VTI1A,ENSSSCG00000032968,ENSG00000151532
VTI1B,ENSSSCG00000002295,ENSG00000100568
VTN,ENSSSCG00000027801,ENSG00000109072
VWA1,ENSSSCG00000003344,ENSG00000179403
VWA2,ENSSSCG00000010649,ENSG00000165816
VWA3A,ENSSSCG00000025266,ENSG00000175267
VWA3B,ENSSSCG00000033394,ENSG00000168658
VWA5A,ENSSSCG00000015175,ENSG00000110002
VWA5B1,ENSSSCG00000003503,ENSG00000158816
VWA5B2,ENSSSCG00000026185,ENSG00000145198
VWA8,ENSSSCG00000029837,ENSG00000102763
VWC2,ENSSSCG00000015626,ENSG00000188730
VWC2L,ENSSSCG00000016168,ENSG00000174453
VWCE,ENSSSCG00000013093,ENSG00000167992
VWDE,ENSSSCG00000022543,ENSG00000146530
VXN,ENSSSCG00000023848,ENSG00000169085
WAC,ENSSSCG00000011013,ENSG00000095787
WAPL,ENSSSCG00000010357,ENSG00000062650
WARS1,ENSSSCG00000002516,ENSG00000140105
WARS2,ENSSSCG00000027153,ENSG00000116874
WAS,ENSSSCG00000036747,ENSG00000015285
WASF1,ENSSSCG00000004404,ENSG00000112290
WASF2,ENSSSCG00000003577,ENSG00000158195
WASF3,ENSSSCG00000009300,ENSG00000132970
WASHC3,ENSSSCG00000036075,ENSG00000120860
WASHC4,ENSSSCG00000000840,ENSG00000136051
WASHC5,ENSSSCG00000005969,ENSG00000164961
WASL,ENSSSCG00000016604,ENSG00000106299
WBP1,ENSSSCG00000035061,ENSG00000239779
WBP11,ENSSSCG00000000611,ENSG00000084463
WBP1L,ENSSSCG00000029594,ENSG00000166272
WBP2,ENSSSCG00000021672,ENSG00000132471
WBP4,ENSSSCG00000031627,ENSG00000120688
WDCP,ENSSSCG00000008589,ENSG00000163026
WDFY1,ENSSSCG00000025174,ENSG00000085449
WDFY2,ENSSSCG00000040538,ENSG00000139668
WDFY3,ENSSSCG00000009230,ENSG00000163625
WDFY4,ENSSSCG00000045502,ENSG00000128815
WDHD1,ENSSSCG00000005052,ENSG00000198554
WDR1,ENSSSCG00000036501,ENSG00000071127
WDR11,ENSSSCG00000010692,ENSG00000120008
WDR12,ENSSSCG00000016116,ENSG00000138442
WDR13,ENSSSCG00000023759,ENSG00000101940
WDR17,ENSSSCG00000015766,ENSG00000150627
WDR18,ENSSSCG00000013423,ENSG00000065268
WDR19,ENSSSCG00000008789,ENSG00000157796
WDR20,ENSSSCG00000002533,ENSG00000140153
WDR24,ENSSSCG00000008007,ENSG00000127580
WDR25,ENSSSCG00000002517,ENSG00000176473
WDR26,ENSSSCG00000010849,ENSG00000162923
WDR27,ENSSSCG00000004008,ENSG00000184465
WDR3,ENSSSCG00000006727,ENSG00000065183
WDR31,ENSSSCG00000020987,ENSG00000148225
WDR33,ENSSSCG00000015861,ENSG00000136709
WDR35,ENSSSCG00000008604,ENSG00000118965
WDR36,ENSSSCG00000014199,ENSG00000134987
WDR37,ENSSSCG00000029602,ENSG00000047056
WDR38,ENSSSCG00000005594,ENSG00000136918
WDR4,ENSSSCG00000023078,ENSG00000160193
WDR43,ENSSSCG00000008534,ENSG00000163811
WDR44,ENSSSCG00000035488,ENSG00000131725
WDR45,ENSSSCG00000012290,ENSG00000196998
WDR45B,ENSSSCG00000017133,ENSG00000141580
WDR47,ENSSSCG00000006840,ENSG00000085433
WDR48,ENSSSCG00000011261,ENSG00000114742
WDR49,ENSSSCG00000011738,ENSG00000174776
WDR5,ENSSSCG00000024912,ENSG00000196363
WDR53,ENSSSCG00000036536,ENSG00000185798
WDR54,ENSSSCG00000008282,ENSG00000005448
WDR55,ENSSSCG00000032062,ENSG00000120314
WDR59,ENSSSCG00000002714,ENSG00000103091
WDR6,ENSSSCG00000011369,ENSG00000178252
WDR62,ENSSSCG00000002923,ENSG00000075702
WDR64,ENSSSCG00000034164,ENSG00000162843
WDR7,ENSSSCG00000004538,ENSG00000091157
WDR70,ENSSSCG00000016846,ENSG00000082068
WDR72,ENSSSCG00000004615,ENSG00000166415
WDR73,ENSSSCG00000022451,ENSG00000177082
WDR74,ENSSSCG00000028025,ENSG00000133316
WDR75,ENSSSCG00000016036,ENSG00000115368
WDR76,ENSSSCG00000004695,ENSG00000092470
WDR77,ENSSSCG00000006790,ENSG00000116455
WDR81,ENSSSCG00000040732,ENSG00000167716
WDR82,ENSSSCG00000011433,ENSG00000164091
WDR83,ENSSSCG00000013722,ENSG00000123154
WDR83OS,ENSSSCG00000013721,ENSG00000105583
WDR86,ENSSSCG00000016437,ENSG00000187260
WDR88,ENSSSCG00000002862,ENSG00000166359
WDR89,ENSSSCG00000005112,ENSG00000140006
WDR90,ENSSSCG00000007991,ENSG00000161996
WDR91,ENSSSCG00000016532,ENSG00000105875
WDR93,ENSSSCG00000001846,ENSG00000140527
WDR97,ENSSSCG00000005916,ENSG00000179698
WDSUB1,ENSSSCG00000035702,ENSG00000196151
WDTC1,ENSSSCG00000003570,ENSG00000142784
WEE1,ENSSSCG00000013411,ENSG00000166483
WFDC1,ENSSSCG00000023837,ENSG00000103175
WFDC2,ENSSSCG00000033003,ENSG00000101443
WFDC3,ENSSSCG00000007421,ENSG00000124116
WFDC8,ENSSSCG00000007407,ENSG00000158901
WFIKKN1,ENSSSCG00000037013,ENSG00000127578
WFIKKN2,ENSSSCG00000017557,ENSG00000173714
WFS1,ENSSSCG00000032452,ENSG00000109501
WHAMM,ENSSSCG00000001805,ENSG00000156232
WHRN,ENSSSCG00000005490,ENSG00000095397
WIF1,ENSSSCG00000030998,ENSG00000156076
WIPF1,ENSSSCG00000027348,ENSG00000115935
WIPF2,ENSSSCG00000017479,ENSG00000171475
WIPF3,ENSSSCG00000016685,ENSG00000122574
WIPI1,ENSSSCG00000017260,ENSG00000070540
WIPI2,ENSSSCG00000007580,ENSG00000157954
WIZ,ENSSSCG00000013836,ENSG00000011451
WLS,ENSSSCG00000003795,ENSG00000116729
WNK1,ENSSSCG00000000753,ENSG00000060237
WNK2,ENSSSCG00000034154,ENSG00000165238
WNK3,ENSSSCG00000012332,ENSG00000196632
WNT1,ENSSSCG00000000183,ENSG00000125084
WNT10A,ENSSSCG00000026958,ENSG00000135925
WNT10B,ENSSSCG00000000182,ENSG00000169884
WNT11,ENSSSCG00000022347,ENSG00000085741
WNT16,ENSSSCG00000016617,ENSG00000002745
WNT2,ENSSSCG00000016628,ENSG00000105989
WNT2B,ENSSSCG00000006780,ENSG00000134245
WNT3,ENSSSCG00000017317,ENSG00000108379
WNT3A,ENSSSCG00000029870,ENSG00000154342
WNT4,ENSSSCG00000003521,ENSG00000162552
WNT5A,ENSSSCG00000035859,ENSG00000114251
WNT5B,ENSSSCG00000000759,ENSG00000111186
WNT6,ENSSSCG00000036932,ENSG00000115596
WNT7A,ENSSSCG00000039010,ENSG00000154764
WNT7B,ENSSSCG00000027365,ENSG00000188064
WNT8A,ENSSSCG00000023647,ENSG00000061492
WNT8B,ENSSSCG00000006164,ENSG00000075290
WNT9A,ENSSSCG00000024671,ENSG00000143816
WNT9B,ENSSSCG00000035524,ENSG00000158955
WRAP53,ENSSSCG00000017949,ENSG00000141499
WRAP73,ENSSSCG00000003360,ENSG00000116213
WRN,ENSSSCG00000015840,ENSG00000165392
WRNIP1,ENSSSCG00000001010,ENSG00000124535
WSB1,ENSSSCG00000017752,ENSG00000109046
WSB2,ENSSSCG00000009853,ENSG00000176871
WSCD1,ENSSSCG00000017894,ENSG00000179314
WSCD2,ENSSSCG00000039261,ENSG00000075035
WT1,ENSSSCG00000013316,ENSG00000184937
WTAP,ENSSSCG00000004050,ENSG00000146457
WTIP,ENSSSCG00000039166,ENSG00000142279
WWC1,ENSSSCG00000035456,ENSG00000113645
WWC2,ENSSSCG00000021731,ENSG00000151718
WWC3,ENSSSCG00000012108,ENSG00000047644
WWOX,ENSSSCG00000027415,ENSG00000186153
WWP1,ENSSSCG00000006137,ENSG00000123124
WWP2,ENSSSCG00000022609,ENSG00000198373
WWTR1,ENSSSCG00000011704,ENSG00000018408
XAB2,ENSSSCG00000013582,ENSG00000076924
XBP1,ENSSSCG00000030996,ENSG00000100219
XCL1,ENSSSCG00000006298,ENSG00000143184
XCR1,ENSSSCG00000026707,ENSG00000173578
XDH,ENSSSCG00000008522,ENSG00000158125
XG,ENSSSCG00000036036,ENSG00000124343
XIAP,ENSSSCG00000025028,ENSG00000101966
XIRP1,ENSSSCG00000034015,ENSG00000168334
XIRP2,ENSSSCG00000015917,ENSG00000163092
XK,ENSSSCG00000031868,ENSG00000047597
XKR4,ENSSSCG00000031813,ENSG00000206579
XKR6,ENSSSCG00000009693,ENSG00000171044
XKR7,ENSSSCG00000007238,ENSG00000260903
XKR8,ENSSSCG00000030623,ENSG00000158156
XKR9,ENSSSCG00000006191,ENSG00000221947
XKRX,ENSSSCG00000012487,ENSG00000182489
XPA,ENSSSCG00000005368,ENSG00000136936
XPC,ENSSSCG00000011602,ENSG00000154767
XPNPEP1,ENSSSCG00000010620,ENSG00000108039
XPNPEP2,ENSSSCG00000012651,ENSG00000122121
XPNPEP3,ENSSSCG00000033823,ENSG00000196236
XPO1,ENSSSCG00000028228,ENSG00000082898
XPO4,ENSSSCG00000009276,ENSG00000132953
XPO5,ENSSSCG00000001679,ENSG00000124571
XPO6,ENSSSCG00000007812,ENSG00000169180
XPO7,ENSSSCG00000009611,ENSG00000130227
XPOT,ENSSSCG00000000466,ENSG00000184575
XPR1,ENSSSCG00000015537,ENSG00000143324
XRCC1,ENSSSCG00000003055,ENSG00000073050
XRCC2,ENSSSCG00000032315,ENSG00000196584
XRCC3,ENSSSCG00000002546,ENSG00000126215
XRCC5,ENSSSCG00000016177,ENSG00000079246
XRCC6,ENSSSCG00000000059,ENSG00000196419
XRN1,ENSSSCG00000011678,ENSG00000114127
XRN2,ENSSSCG00000007109,ENSG00000088930
XRRA1,ENSSSCG00000021702,ENSG00000166435
XXYLT1,ENSSSCG00000035414,ENSG00000173950
XYLB,ENSSSCG00000011254,ENSG00000093217
XYLT1,ENSSSCG00000007872,ENSG00000103489
XYLT2,ENSSSCG00000017573,ENSG00000015532
YAE1,ENSSSCG00000030497,ENSG00000241127
YAF2,ENSSSCG00000031775,ENSG00000015153
YAP1,ENSSSCG00000031429,ENSG00000137693
YARS1,ENSSSCG00000030369,ENSG00000134684
YARS2,ENSSSCG00000027429,ENSG00000139131
YBEY,ENSSSCG00000033116,ENSG00000182362
YBX1,ENSSSCG00000028485,ENSG00000065978
YBX2,ENSSSCG00000017938,ENSG00000006047
YBX3,ENSSSCG00000000633,ENSG00000060138
YDJC,ENSSSCG00000010087,ENSG00000161179
YEATS2,ENSSSCG00000011776,ENSG00000163872
YEATS4,ENSSSCG00000037845,ENSG00000127337
YES1,ENSSSCG00000031942,ENSG00000176105
YIF1A,ENSSSCG00000012953,ENSG00000174851
YIF1B,ENSSSCG00000002952,ENSG00000167645
YIPF1,ENSSSCG00000028506,ENSG00000058799
YIPF2,ENSSSCG00000013634,ENSG00000130733
YIPF3,ENSSSCG00000033627,ENSG00000137207
YIPF4,ENSSSCG00000035747,ENSG00000119820
YIPF5,ENSSSCG00000039309,ENSG00000145817
YIPF6,ENSSSCG00000028336,ENSG00000181704
YJEFN3,ENSSSCG00000013935,ENSG00000250067
YJU2,ENSSSCG00000013499,ENSG00000105248
YJU2B,ENSSSCG00000013755,ENSG00000104957
YKT6,ENSSSCG00000016750,ENSG00000106636
YLPM1,ENSSSCG00000002372,ENSG00000119596
YME1L1,ENSSSCG00000011068,ENSG00000136758
YOD1,ENSSSCG00000015659,ENSG00000180667
YPEL2,ENSSSCG00000035400,ENSG00000175155
YPEL3,ENSSSCG00000035430,ENSG00000090238
YPEL4,ENSSSCG00000037892,ENSG00000166793
YPEL5,ENSSSCG00000008529,ENSG00000119801
YRDC,ENSSSCG00000040425,ENSG00000196449
YTHDC1,ENSSSCG00000035505,ENSG00000083896
YTHDC2,ENSSSCG00000014211,ENSG00000047188
YTHDF1,ENSSSCG00000040086,ENSG00000149658
YTHDF2,ENSSSCG00000027686,ENSG00000198492
YTHDF3,ENSSSCG00000033144,ENSG00000185728
YWHAB,ENSSSCG00000007381,ENSG00000166913
YWHAG,ENSSSCG00000007692,ENSG00000170027
YWHAH,ENSSSCG00000010035,ENSG00000128245
YWHAQ,ENSSSCG00000008638,ENSG00000134308
YWHAZ,ENSSSCG00000006062,ENSG00000164924
YY1,ENSSSCG00000037558,ENSG00000100811
ZACN,ENSSSCG00000017188,ENSG00000186919
ZAR1,ENSSSCG00000008824,ENSG00000182223
ZAR1L,ENSSSCG00000034291,ENSG00000189167
ZBBX,ENSSSCG00000023393,ENSG00000169064
ZBED1,ENSSSCG00000031130,ENSG00000214717
ZBED2,ENSSSCG00000011936,ENSG00000177494
ZBED4,ENSSSCG00000035313,ENSG00000100426
ZBED5,ENSSSCG00000033411,ENSG00000236287
ZBP1,ENSSSCG00000007508,ENSG00000124256
ZBTB1,ENSSSCG00000023724,ENSG00000126804
ZBTB10,ENSSSCG00000006155,ENSG00000205189
ZBTB11,ENSSSCG00000011953,ENSG00000066422
ZBTB14,ENSSSCG00000033032,ENSG00000198081
ZBTB16,ENSSSCG00000030095,ENSG00000109906
ZBTB17,ENSSSCG00000026103,ENSG00000116809
ZBTB2,ENSSSCG00000004090,ENSG00000181472
ZBTB20,ENSSSCG00000026113,ENSG00000181722
ZBTB24,ENSSSCG00000004411,ENSG00000112365
ZBTB25,ENSSSCG00000039616,ENSG00000089775
ZBTB26,ENSSSCG00000032575,ENSG00000171448
ZBTB32,ENSSSCG00000002908,ENSG00000011590
ZBTB33,ENSSSCG00000012608,ENSG00000177485
ZBTB34,ENSSSCG00000031426,ENSG00000177125
ZBTB37,ENSSSCG00000015494,ENSG00000185278
ZBTB38,ENSSSCG00000022073,ENSG00000177311
ZBTB39,ENSSSCG00000037617,ENSG00000166860
ZBTB40,ENSSSCG00000026276,ENSG00000184677
ZBTB41,ENSSSCG00000010897,ENSG00000177888
ZBTB43,ENSSSCG00000032752,ENSG00000169155
ZBTB44,ENSSSCG00000015247,ENSG00000196323
ZBTB45,ENSSSCG00000035664,ENSG00000119574
ZBTB46,ENSSSCG00000040388,ENSG00000130584
ZBTB47,ENSSSCG00000030065,ENSG00000114853
ZBTB48,ENSSSCG00000003383,ENSG00000204859
ZBTB49,ENSSSCG00000008728,ENSG00000168826
ZBTB5,ENSSSCG00000036340,ENSG00000168795
ZBTB6,ENSSSCG00000005576,ENSG00000186130
ZBTB7A,ENSSSCG00000029236,ENSG00000178951
ZBTB7B,ENSSSCG00000028606,ENSG00000160685
ZBTB7C,ENSSSCG00000028076,ENSG00000184828
ZBTB8A,ENSSSCG00000021457,ENSG00000160062
ZBTB8B,ENSSSCG00000022120,ENSG00000273274
ZBTB8OS,ENSSSCG00000029799,ENSG00000176261
ZC2HC1A,ENSSSCG00000006162,ENSG00000104427
ZC2HC1B,ENSSSCG00000004128,ENSG00000118491
ZC2HC1C,ENSSSCG00000002380,ENSG00000119703
ZC3H10,ENSSSCG00000033568,ENSG00000135482
ZC3H12A,ENSSSCG00000037815,ENSG00000163874
ZC3H12B,ENSSSCG00000012367,ENSG00000102053
ZC3H12C,ENSSSCG00000015014,ENSG00000149289
ZC3H12D,ENSSSCG00000004109,ENSG00000178199
ZC3H13,ENSSSCG00000009414,ENSG00000123200
ZC3H14,ENSSSCG00000002426,ENSG00000100722
ZC3H18,ENSSSCG00000035967,ENSG00000158545
ZC3H3,ENSSSCG00000006956,ENSG00000014164
ZC3H4,ENSSSCG00000003110,ENSG00000130749
ZC3H6,ENSSSCG00000008096,ENSG00000188177
ZC3H7A,ENSSSCG00000007895,ENSG00000122299
ZC3H7B,ENSSSCG00000033036,ENSG00000100403
ZC3H8,ENSSSCG00000008099,ENSG00000144161
ZC3HAV1,ENSSSCG00000016512,ENSG00000105939
ZC3HAV1L,ENSSSCG00000032786,ENSG00000146858
ZC3HC1,ENSSSCG00000016565,ENSG00000091732
ZC4H2,ENSSSCG00000027657,ENSG00000126970
ZCCHC13,ENSSSCG00000035737,ENSG00000187969
ZCCHC14,ENSSSCG00000002656,ENSG00000140948
ZCCHC17,ENSSSCG00000031639,ENSG00000121766
ZCCHC2,ENSSSCG00000004897,ENSG00000141664
ZCCHC24,ENSSSCG00000033074,ENSG00000165424
ZCCHC3,ENSSSCG00000047985,ENSG00000247315
ZCCHC4,ENSSSCG00000028581,ENSG00000168228
ZCCHC7,ENSSSCG00000005346,ENSG00000147905
ZCCHC8,ENSSSCG00000009792,ENSG00000033030
ZCCHC9,ENSSSCG00000014129,ENSG00000131732
ZCRB1,ENSSSCG00000034066,ENSG00000139168
ZCWPW1,ENSSSCG00000007659,ENSG00000078487
ZCWPW2,ENSSSCG00000038376,ENSG00000206559
ZDBF2,ENSSSCG00000016130,ENSG00000204186
ZDHHC1,ENSSSCG00000002778,ENSG00000159714
ZDHHC11,ENSSSCG00000040193,ENSG00000188818
ZDHHC13,ENSSSCG00000021688,ENSG00000177054
ZDHHC14,ENSSSCG00000035027,ENSG00000175048
ZDHHC15,ENSSSCG00000012426,ENSG00000102383
ZDHHC16,ENSSSCG00000010519,ENSG00000171307
ZDHHC17,ENSSSCG00000000952,ENSG00000186908
ZDHHC18,ENSSSCG00000003561,ENSG00000204160
ZDHHC19,ENSSSCG00000011847,ENSG00000163958
ZDHHC2,ENSSSCG00000006982,ENSG00000104219
ZDHHC20,ENSSSCG00000026744,ENSG00000180776
ZDHHC21,ENSSSCG00000035730,ENSG00000175893
ZDHHC22,ENSSSCG00000033688,ENSG00000177108
ZDHHC23,ENSSSCG00000011914,ENSG00000184307
ZDHHC24,ENSSSCG00000021891,ENSG00000174165
ZDHHC3,ENSSSCG00000011301,ENSG00000163812
ZDHHC4,ENSSSCG00000039719,ENSG00000136247
ZDHHC5,ENSSSCG00000013178,ENSG00000156599
ZDHHC6,ENSSSCG00000010635,ENSG00000023041
ZDHHC7,ENSSSCG00000002667,ENSG00000153786
ZDHHC8,ENSSSCG00000010138,ENSG00000099904
ZDHHC9,ENSSSCG00000012653,ENSG00000188706
ZEB1,ENSSSCG00000011025,ENSG00000148516
ZER1,ENSSSCG00000005659,ENSG00000160445
ZFAND1,ENSSSCG00000024780,ENSG00000104231
ZFAND2A,ENSSSCG00000007554,ENSG00000178381
ZFAND2B,ENSSSCG00000016208,ENSG00000158552
ZFAND3,ENSSSCG00000039952,ENSG00000156639
ZFAND4,ENSSSCG00000010402,ENSG00000172671
ZFAND5,ENSSSCG00000030268,ENSG00000107372
ZFAND6,ENSSSCG00000001779,ENSG00000086666
ZFAT,ENSSSCG00000030947,ENSG00000066827
ZFC3H1,ENSSSCG00000000509,ENSG00000133858
ZFHX2,ENSSSCG00000040339,ENSG00000136367
ZFHX3,ENSSSCG00000002752,ENSG00000140836
ZFHX4,ENSSSCG00000006169,ENSG00000091656
ZFP1,ENSSSCG00000022668,ENSG00000184517
ZFP14,ENSSSCG00000032673,ENSG00000142065
ZFP28,ENSSSCG00000027774,ENSG00000196867
ZFP30,ENSSSCG00000029408,ENSG00000120784
ZFP36,ENSSSCG00000028056,ENSG00000128016
ZFP36L1,ENSSSCG00000028304,ENSG00000185650
ZFP36L2,ENSSSCG00000038549,ENSG00000152518
ZFP37,ENSSSCG00000005475,ENSG00000136866
ZFP62,ENSSSCG00000014539,ENSG00000196670
ZFP64,ENSSSCG00000007481,ENSG00000020256
ZFP90,ENSSSCG00000032372,ENSG00000184939
ZFP91,ENSSSCG00000013155,ENSG00000186660
ZFP92,ENSSSCG00000012768,ENSG00000189420
ZFPL1,ENSSSCG00000013007,ENSG00000162300
ZFPM1,ENSSSCG00000040875,ENSG00000179588
ZFPM2,ENSSSCG00000006038,ENSG00000169946
ZFR,ENSSSCG00000027681,ENSG00000056097
ZFR2,ENSSSCG00000013495,ENSG00000105278
ZFTRAF1,ENSSSCG00000027076,ENSG00000187954
ZFY,ENSSSCG00000012179,ENSG00000067646
ZFYVE1,ENSSSCG00000002337,ENSG00000165861
ZFYVE16,ENSSSCG00000014121,ENSG00000039319
ZFYVE19,ENSSSCG00000004761,ENSG00000166140
ZFYVE21,ENSSSCG00000040945,ENSG00000100711
ZFYVE26,ENSSSCG00000002298,ENSG00000072121
ZFYVE27,ENSSSCG00000010528,ENSG00000155256
ZFYVE28,ENSSSCG00000008689,ENSG00000159733
ZFYVE9,ENSSSCG00000003863,ENSG00000157077
ZG16B,ENSSSCG00000033610,ENSG00000162078
ZGPAT,ENSSSCG00000036595,ENSG00000197114
ZGRF1,ENSSSCG00000009120,ENSG00000138658
ZHX1,ENSSSCG00000005984,ENSG00000165156
ZHX2,ENSSSCG00000021586,ENSG00000178764
ZHX3,ENSSSCG00000032566,ENSG00000174306
ZIC1,ENSSSCG00000011692,ENSG00000152977
ZIC2,ENSSSCG00000009520,ENSG00000043355
ZIC3,ENSSSCG00000012705,ENSG00000156925
ZIC4,ENSSSCG00000011693,ENSG00000174963
ZIC5,ENSSSCG00000009521,ENSG00000139800
ZKSCAN2,ENSSSCG00000007823,ENSG00000155592
ZKSCAN4,ENSSSCG00000001204,ENSG00000187626
ZKSCAN5,ENSSSCG00000031809,ENSG00000196652
ZKSCAN7,ENSSSCG00000022195,ENSG00000196345
ZKSCAN8,ENSSSCG00000001201,ENSG00000198315
ZMAT1,ENSSSCG00000012512,ENSG00000166432
ZMAT2,ENSSSCG00000029158,ENSG00000146007
ZMAT3,ENSSSCG00000033860,ENSG00000172667
ZMAT4,ENSSSCG00000007010,ENSG00000165061
ZMAT5,ENSSSCG00000024279,ENSG00000100319
ZMIZ1,ENSSSCG00000010329,ENSG00000108175
ZMIZ2,ENSSSCG00000023820,ENSG00000122515
ZMPSTE24,ENSSSCG00000027902,ENSG00000084073
ZMYM1,ENSSSCG00000034292,ENSG00000197056
ZMYM2,ENSSSCG00000021814,ENSG00000121741
ZMYM3,ENSSSCG00000024163,ENSG00000147130
ZMYM4,ENSSSCG00000003627,ENSG00000146463
ZMYM5,ENSSSCG00000009568,ENSG00000132950
ZMYM6,ENSSSCG00000034618,ENSG00000163867
ZMYND10,ENSSSCG00000011408,ENSG00000004838
ZMYND11,ENSSSCG00000011166,ENSG00000015171
ZMYND12,ENSSSCG00000003967,ENSG00000066185
ZMYND15,ENSSSCG00000017921,ENSG00000141497
ZMYND8,ENSSSCG00000007454,ENSG00000101040
ZNF10,ENSSSCG00000033616,ENSG00000256223
ZNF106,ENSSSCG00000004725,ENSG00000103994
ZNF112,ENSSSCG00000003077,ENSG00000062370
ZNF114,ENSSSCG00000020988,ENSG00000178150
ZNF12,ENSSSCG00000034517,ENSG00000164631
ZNF131,ENSSSCG00000040959,ENSG00000172262
ZNF133,ENSSSCG00000007093,ENSG00000125846
ZNF134,ENSSSCG00000003984,ENSG00000213762
ZNF135,ENSSSCG00000021888,ENSG00000176293
ZNF140,ENSSSCG00000032144,ENSG00000196387
ZNF142,ENSSSCG00000016191,ENSG00000115568
ZNF143,ENSSSCG00000022070,ENSG00000166478
ZNF146,ENSSSCG00000025355,ENSG00000167635
ZNF148,ENSSSCG00000011858,ENSG00000163848
ZNF169,ENSSSCG00000032834,ENSG00000175787
ZNF174,ENSSSCG00000007958,ENSG00000103343
ZNF175,ENSSSCG00000003233,ENSG00000105497
ZNF18,ENSSSCG00000018014,ENSG00000154957
ZNF180,ENSSSCG00000026699,ENSG00000167384
ZNF181,ENSSSCG00000002877,ENSG00000197841
ZNF182,ENSSSCG00000012284,ENSG00000147118
ZNF184,ENSSSCG00000001164,ENSG00000096654
ZNF185,ENSSSCG00000012759,ENSG00000147394
ZNF189,ENSSSCG00000034239,ENSG00000136870
ZNF197,ENSSSCG00000011304,ENSG00000186448
ZNF200,ENSSSCG00000007965,ENSG00000010539
ZNF202,ENSSSCG00000015145,ENSG00000166261
ZNF205,ENSSSCG00000029375,ENSG00000122386
ZNF207,ENSSSCG00000017732,ENSG00000010244
ZNF212,ENSSSCG00000016773,ENSG00000170260
ZNF213,ENSSSCG00000007967,ENSG00000085644
ZNF217,ENSSSCG00000007484,ENSG00000171940
ZNF219,ENSSSCG00000038313,ENSG00000165804
ZNF22,ENSSSCG00000042874,ENSG00000165512
ZNF23,ENSSSCG00000002738,ENSG00000167377
ZNF232,ENSSSCG00000022999,ENSG00000167840
ZNF235,ENSSSCG00000022434,ENSG00000159917
ZNF236,ENSSSCG00000023533,ENSG00000130856
ZNF239,ENSSSCG00000029576,ENSG00000196793
ZNF24,ENSSSCG00000023276,ENSG00000172466
ZNF248,ENSSSCG00000037204,ENSG00000198105
ZNF25,ENSSSCG00000010196,ENSG00000175395
ZNF251,ENSSSCG00000022161,ENSG00000198169
ZNF260,ENSSSCG00000002930,ENSG00000254004
ZNF263,ENSSSCG00000007963,ENSG00000006194
ZNF274,ENSSSCG00000003998,ENSG00000171606
ZNF276,ENSSSCG00000029228,ENSG00000158805
ZNF277,ENSSSCG00000025910,ENSG00000198839
ZNF280C,ENSSSCG00000012659,ENSG00000056277
ZNF280D,ENSSSCG00000026960,ENSG00000137871
ZNF281,ENSSSCG00000010911,ENSG00000162702
ZNF283,ENSSSCG00000003072,ENSG00000167637
ZNF286A,ENSSSCG00000018029,ENSG00000187607
ZNF287,ENSSSCG00000018031,ENSG00000141040
ZNF292,ENSSSCG00000035281,ENSG00000188994
ZNF296,ENSSSCG00000031166,ENSG00000170684
ZNF3,ENSSSCG00000037215,ENSG00000166526
ZNF300,ENSSSCG00000021371,ENSG00000145908
ZNF304,ENSSSCG00000034301,ENSG00000131845
ZNF316,ENSSSCG00000023378,ENSG00000205903
ZNF317,ENSSSCG00000032506,ENSG00000130803
ZNF318,ENSSSCG00000001667,ENSG00000171467
ZNF319,ENSSSCG00000002808,ENSG00000166188
ZNF32,ENSSSCG00000010416,ENSG00000169740
ZNF322,ENSSSCG00000001156,ENSG00000181315
ZNF329,ENSSSCG00000023027,ENSG00000181894
ZNF330,ENSSSCG00000009052,ENSG00000109445
ZNF331,ENSSSCG00000031793,ENSG00000130844
ZNF333,ENSSSCG00000013786,ENSG00000160961
ZNF335,ENSSSCG00000007432,ENSG00000198026
ZNF33B,ENSSSCG00000028345,ENSG00000196693
ZNF34,ENSSSCG00000005893,ENSG00000196378
ZNF341,ENSSSCG00000021769,ENSG00000131061
ZNF346,ENSSSCG00000014046,ENSG00000113761
ZNF35,ENSSSCG00000032080,ENSG00000169981
ZNF354B,ENSSSCG00000028295,ENSG00000178338
ZNF354C,ENSSSCG00000021640,ENSG00000177932
ZNF358,ENSSSCG00000025078,ENSG00000198816
ZNF362,ENSSSCG00000032078,ENSG00000160094
ZNF365,ENSSSCG00000010222,ENSG00000138311
ZNF366,ENSSSCG00000016976,ENSG00000178175
ZNF367,ENSSSCG00000028981,ENSG00000165244
ZNF37A,ENSSSCG00000031589,ENSG00000075407
ZNF382,ENSSSCG00000002933,ENSG00000161298
ZNF383,ENSSSCG00000021946,ENSG00000188283
ZNF384,ENSSSCG00000000702,ENSG00000126746
ZNF385A,ENSSSCG00000000292,ENSG00000161642
ZNF385B,ENSSSCG00000023181,ENSG00000144331
ZNF385C,ENSSSCG00000028051,ENSG00000187595
ZNF385D,ENSSSCG00000011208,ENSG00000151789
ZNF391,ENSSSCG00000046879,ENSG00000124613
ZNF395,ENSSSCG00000009676,ENSG00000186918
ZNF396,ENSSSCG00000030018,ENSG00000186496
ZNF398,ENSSSCG00000030294,ENSG00000197024
ZNF404,ENSSSCG00000003071,ENSG00000176222
ZNF408,ENSSSCG00000023097,ENSG00000175213
ZNF41,ENSSSCG00000039997,ENSG00000147124
ZNF410,ENSSSCG00000002352,ENSG00000119725
ZNF414,ENSSSCG00000024810,ENSG00000133250
ZNF423,ENSSSCG00000002838,ENSG00000102935
ZNF428,ENSSSCG00000003059,ENSG00000131116
ZNF432,ENSSSCG00000036656,ENSG00000256087
ZNF436,ENSSSCG00000035332,ENSG00000125945
ZNF438,ENSSSCG00000011023,ENSG00000183621
ZNF444,ENSSSCG00000035770,ENSG00000167685
ZNF445,ENSSSCG00000024556,ENSG00000185219
ZNF446,ENSSSCG00000039930,ENSG00000083838
ZNF449,ENSSSCG00000012691,ENSG00000173275
ZNF45,ENSSSCG00000003070,ENSG00000124459
ZNF451,ENSSSCG00000001497,ENSG00000112200
ZNF462,ENSSSCG00000031592,ENSG00000148143
ZNF467,ENSSSCG00000039041,ENSG00000181444
ZNF470,ENSSSCG00000039914,ENSG00000197016
ZNF471,ENSSSCG00000003324,ENSG00000196263
ZNF473,ENSSSCG00000037710,ENSG00000142528
ZNF48,ENSSSCG00000007801,ENSG00000180035
ZNF483,ENSSSCG00000037744,ENSG00000173258
ZNF484,ENSSSCG00000008066,ENSG00000127081
ZNF488,ENSSSCG00000040893,ENSG00000265763
ZNF496,ENSSSCG00000036756,ENSG00000162714
ZNF503,ENSSSCG00000010322,ENSG00000165655
ZNF507,ENSSSCG00000025139,ENSG00000168813
ZNF510,ENSSSCG00000011168,ENSG00000081386
ZNF511,ENSSSCG00000010774,ENSG00000198546
ZNF512,ENSSSCG00000008545,ENSG00000243943
ZNF513,ENSSSCG00000038626,ENSG00000163795
ZNF514,ENSSSCG00000031072,ENSG00000144026
ZNF516,ENSSSCG00000004859,ENSG00000101493
ZNF518B,ENSSSCG00000029711,ENSG00000178163
ZNF521,ENSSSCG00000003715,ENSG00000198795
ZNF524,ENSSSCG00000024661,ENSG00000171443
ZNF526,ENSSSCG00000028054,ENSG00000167625
ZNF527,ENSSSCG00000021741,ENSG00000189164
ZNF529,ENSSSCG00000029875,ENSG00000186020
ZNF532,ENSSSCG00000034704,ENSG00000074657
ZNF536,ENSSSCG00000029234,ENSG00000198597
ZNF541,ENSSSCG00000003119,ENSG00000118156
ZNF544,ENSSSCG00000034027,ENSG00000198131
ZNF546,ENSSSCG00000002988,ENSG00000187187
ZNF554,ENSSSCG00000038635,ENSG00000172006
ZNF558,ENSSSCG00000029035,ENSG00000167785
ZNF565,ENSSSCG00000002931,ENSG00000196357
ZNF566,ENSSSCG00000029170,ENSG00000186017
ZNF567,ENSSSCG00000002932,ENSG00000189042
ZNF568,ENSSSCG00000002935,ENSG00000198453
ZNF569,ENSSSCG00000029420,ENSG00000196437
ZNF570,ENSSSCG00000031612,ENSG00000171827
ZNF572,ENSSSCG00000005971,ENSG00000180938
ZNF574,ENSSSCG00000003037,ENSG00000105732
ZNF575,ENSSSCG00000003054,ENSG00000176472
ZNF576,ENSSSCG00000036291,ENSG00000124444
ZNF577,ENSSSCG00000038712,ENSG00000161551
ZNF579,ENSSSCG00000025138,ENSG00000218891
ZNF581,ENSSSCG00000040721,ENSG00000171425
ZNF582,ENSSSCG00000003322,ENSG00000018869
ZNF583,ENSSSCG00000032086,ENSG00000198440
ZNF584,ENSSSCG00000004004,ENSG00000171574
ZNF592,ENSSSCG00000034070,ENSG00000166716
ZNF593,ENSSSCG00000045776,ENSG00000142684
ZNF594,ENSSSCG00000017897,ENSG00000180626
ZNF597,ENSSSCG00000033390,ENSG00000167981
ZNF598,ENSSSCG00000023400,ENSG00000167962
ZNF599,ENSSSCG00000035876,ENSG00000153896
ZNF609,ENSSSCG00000004551,ENSG00000180357
ZNF614,ENSSSCG00000003241,ENSG00000142556
ZNF615,ENSSSCG00000031883,ENSG00000197619
ZNF618,ENSSSCG00000005484,ENSG00000157657
ZNF622,ENSSSCG00000016793,ENSG00000173545
ZNF623,ENSSSCG00000039679,ENSG00000183309
ZNF624,ENSSSCG00000025254,ENSG00000197566
ZNF628,ENSSSCG00000025343,ENSG00000197483
ZNF629,ENSSSCG00000007780,ENSG00000102870
ZNF630,ENSSSCG00000012286,ENSG00000221994
ZNF638,ENSSSCG00000022708,ENSG00000075292
ZNF639,ENSSSCG00000038443,ENSG00000121864
ZNF641,ENSSSCG00000021654,ENSG00000167528
ZNF644,ENSSSCG00000022534,ENSG00000122482
ZNF648,ENSSSCG00000015544,ENSG00000179930
ZNF652,ENSSSCG00000017546,ENSG00000198740
ZNF653,ENSSSCG00000013616,ENSG00000161914
ZNF654,ENSSSCG00000036885,ENSG00000175105
ZNF655,ENSSSCG00000007617,ENSG00000197343
ZNF660,ENSSSCG00000011310,ENSG00000144792
ZNF662,ENSSSCG00000011292,ENSG00000182983
ZNF664,ENSSSCG00000032962,ENSG00000179195
ZNF667,ENSSSCG00000024622,ENSG00000198046
ZNF668,ENSSSCG00000007767,ENSG00000167394
ZNF672,ENSSSCG00000013978,ENSG00000171161
ZNF674,ENSSSCG00000012264,ENSG00000251192
ZNF683,ENSSSCG00000040579,ENSG00000176083
ZNF684,ENSSSCG00000003979,ENSG00000117010
ZNF687,ENSSSCG00000006627,ENSG00000143373
ZNF688,ENSSSCG00000037875,ENSG00000229809
ZNF689,ENSSSCG00000033496,ENSG00000156853
ZNF691,ENSSSCG00000040559,ENSG00000164011
ZNF692,ENSSSCG00000030672,ENSG00000171163
ZNF696,ENSSSCG00000006959,ENSG00000185730
ZNF7,ENSSSCG00000005890,ENSG00000147789
ZNF703,ENSSSCG00000015828,ENSG00000183779
ZNF704,ENSSSCG00000022989,ENSG00000164684
ZNF710,ENSSSCG00000021361,ENSG00000140548
ZNF711,ENSSSCG00000021601,ENSG00000147180
ZNF713,ENSSSCG00000029029,ENSG00000178665
ZNF740,ENSSSCG00000036564,ENSG00000139651
ZNF750,ENSSSCG00000017135,ENSG00000141579
ZNF75D,ENSSSCG00000012689,ENSG00000186376
ZNF76,ENSSSCG00000001537,ENSG00000065029
ZNF764,ENSSSCG00000038852,ENSG00000169951
ZNF768,ENSSSCG00000023349,ENSG00000169957
ZNF770,ENSSSCG00000004799,ENSG00000198146
ZNF771,ENSSSCG00000040745,ENSG00000179965
ZNF772,ENSSSCG00000038250,ENSG00000197128
ZNF775,ENSSSCG00000037391,ENSG00000196456
ZNF777,ENSSSCG00000016775,ENSG00000196453
ZNF782,ENSSSCG00000011167,ENSG00000196597
ZNF783,ENSSSCG00000031870,ENSG00000204946
ZNF784,ENSSSCG00000037024,ENSG00000179922
ZNF786,ENSSSCG00000015450,ENSG00000197362
ZNF787,ENSSSCG00000003317,ENSG00000142409
ZNF789,ENSSSCG00000007618,ENSG00000198556
ZNF79,ENSSSCG00000005611,ENSG00000196152
ZNF792,ENSSSCG00000036886,ENSG00000180884
ZNF793,ENSSSCG00000033611,ENSG00000188227
ZNF800,ENSSSCG00000024157,ENSG00000048405
ZNF804A,ENSSSCG00000016022,ENSG00000170396
ZNF804B,ENSSSCG00000015300,ENSG00000182348
ZNF81,ENSSSCG00000012283,ENSG00000197779
ZNF821,ENSSSCG00000002741,ENSG00000102984
ZNF827,ENSSSCG00000009037,ENSG00000151612
ZNF831,ENSSSCG00000007526,ENSG00000124203
ZNF835,ENSSSCG00000040067,ENSG00000127903
ZNF839,ENSSSCG00000002532,ENSG00000022976
ZNF853,ENSSSCG00000037890,ENSG00000236609
ZNF862,ENSSSCG00000040257,ENSG00000106479
ZNF865,ENSSSCG00000029156,ENSG00000261221
ZNF883,ENSSSCG00000047560,ENSG00000228623
ZNF891,ENSSSCG00000037951,ENSG00000214029
ZNFX1,ENSSSCG00000030108,ENSG00000124201
ZNHIT1,ENSSSCG00000033982,ENSG00000106400
ZNHIT2,ENSSSCG00000013003,ENSG00000174276
ZNHIT6,ENSSSCG00000006939,ENSG00000117174
ZNRD2,ENSSSCG00000020737,ENSG00000173465
ZNRF1,ENSSSCG00000031462,ENSG00000186187
ZNRF2,ENSSSCG00000037116,ENSG00000180233
ZNRF3,ENSSSCG00000009971,ENSG00000183579
ZP2,ENSSSCG00000007851,ENSG00000103310
ZP3,ENSSSCG00000007691,ENSG00000188372
ZP4,ENSSSCG00000010141,ENSG00000116996
ZPBP,ENSSSCG00000015627,ENSG00000042813
ZPBP2,ENSSSCG00000017493,ENSG00000186075
ZPLD1,ENSSSCG00000011947,ENSG00000170044
ZPR1,ENSSSCG00000015067,ENSG00000109917
ZRANB1,ENSSSCG00000010738,ENSG00000019995
ZRANB2,ENSSSCG00000003787,ENSG00000132485
ZRANB3,ENSSSCG00000015694,ENSG00000121988
ZRSR2,ENSSSCG00000030283,ENSG00000169249
ZSCAN10,ENSSSCG00000029641,ENSG00000130182
ZSCAN12,ENSSSCG00000001209,ENSG00000158691
ZSCAN16,ENSSSCG00000022664,ENSG00000196812
ZSCAN20,ENSSSCG00000003621,ENSG00000121903
ZSCAN23,ENSSSCG00000037512,ENSG00000187987
ZSCAN25,ENSSSCG00000039842,ENSG00000197037
ZSCAN26,ENSSSCG00000001206,ENSG00000197062
ZSCAN29,ENSSSCG00000004709,ENSG00000140265
ZSCAN30,ENSSSCG00000003740,ENSG00000186814
ZSCAN31,ENSSSCG00000025335,ENSG00000235109
ZSCAN9,ENSSSCG00000001203,ENSG00000137185
ZSWIM1,ENSSSCG00000007428,ENSG00000168612
ZSWIM2,ENSSSCG00000016030,ENSG00000163012
ZSWIM3,ENSSSCG00000007427,ENSG00000132801
ZSWIM4,ENSSSCG00000013758,ENSG00000132003
ZSWIM5,ENSSSCG00000003921,ENSG00000162415
ZSWIM6,ENSSSCG00000025194,ENSG00000130449
ZSWIM7,ENSSSCG00000036482,ENSG00000214941
ZSWIM8,ENSSSCG00000010309,ENSG00000214655
ZSWIM9,ENSSSCG00000003129,ENSG00000185453
ZUP1,ENSSSCG00000004263,ENSG00000153975
ZW10,ENSSSCG00000015050,ENSG00000086827
ZWILCH,ENSSSCG00000004946,ENSG00000174442
ZWINT,ENSSSCG00000027984,ENSG00000122952
ZXDC,ENSSSCG00000001824,ENSG00000070476
ZYG11A,ENSSSCG00000031324,ENSG00000203995
ZYG11B,ENSSSCG00000003857,ENSG00000162378
ZYX,ENSSSCG00000016461,ENSG00000159840
ZZEF1,ENSSSCG00000032049,ENSG00000074755
ZZZ3,ENSSSCG00000003772,ENSG00000036549
