symbol,pig_gene_id,human_gene_id,is_one_to_one,homology_type
A1BG,ENSSSCG00000004001,ENSG00000121410,True,ortholog_one2one
A4GNT,ENSSSCG00000022473,ENSG00000118017,True,ortholog_one2one
AACS,ENSSSCG00000009755,ENSG00000081760,True,ortholog_one2one
AAK1,ENSSSCG00000008337,ENSG00000115977,True,ortholog_one2one
AARS2,ENSSSCG00000001706,ENSG00000124608,True,ortholog_one2one
AARSD1,ENSSSCG00000037979,ENSG00000266967,True,ortholog_one2one
AASDH,ENSSSCG00000027403,ENSG00000157426,True,ortholog_one2one
AASDHPPT,ENSSSCG00000014998,ENSG00000149313,True,ortholog_one2one
AASS,ENSSSCG00000016613,ENSG00000008311,True,ortholog_one2one
ABAT,ENSSSCG00000007909,ENSG00000183044,True,ortholog_one2one
ABCA2,ENSSSCG00000039264,ENSG00000107331,True,ortholog_one2one
ABCA3,ENSSSCG00000008051,ENSG00000167972,True,ortholog_one2one
ABCA5,ENSSSCG00000017255,ENSG00000154265,True,ortholog_one2one
ABCA8,ENSSSCG00000026473,ENSG00000141338,True,ortholog_one2one
ABCA9,ENSSSCG00000017257,ENSG00000154258,True,ortholog_one2one
ABCB7,ENSSSCG00000012424,ENSG00000131269,True,ortholog_one2one
ABCB8,ENSSSCG00000027986,ENSG00000197150,True,ortholog_one2one
ABCB9,ENSSSCG00000009784,ENSG00000150967,True,ortholog_one2one
ABCC1,ENSSSCG00000007874,ENSG00000103222,True,ortholog_one2one
ABCC10,ENSSSCG00000001680,ENSG00000124574,True,ortholog_one2one
ABCC11,ENSSSCG00000032298,ENSG00000121270,True,ortholog_one2one
ABCC12,ENSSSCG00000022813,ENSG00000140798,True,ortholog_one2one
ABCC3,ENSSSCG00000017561,ENSG00000108846,True,ortholog_one2one
ABCC8,ENSSSCG00000013378,ENSG00000006071,True,ortholog_one2one
ABCF2,ENSSSCG00000016441,ENSG00000033050,True,ortholog_one2one
ABCG4,ENSSSCG00000015113,ENSG00000172350,True,ortholog_one2one
ABCG5,ENSSSCG00000035912,ENSG00000138075,True,ortholog_one2one
ABHD1,ENSSSCG00000008554,ENSG00000143994,True,ortholog_one2one
ABHD10,ENSSSCG00000034450,ENSG00000144827,True,ortholog_one2one
ABHD11,ENSSSCG00000007715,ENSG00000106077,True,ortholog_one2one
ABHD14A,ENSSSCG00000030229,ENSG00000248487,True,ortholog_one2one
ABHD17B,ENSSSCG00000021802,ENSG00000107362,True,ortholog_one2one
ABHD18,ENSSSCG00000009074,ENSG00000164074,True,ortholog_one2one
ABHD2,ENSSSCG00000001835,ENSG00000140526,True,ortholog_one2one
ABHD4,ENSSSCG00000002051,ENSG00000100439,True,ortholog_one2one
ABHD5,ENSSSCG00000011297,ENSG00000011198,True,ortholog_one2one
ABLIM3,ENSSSCG00000014430,ENSG00000173210,True,ortholog_one2one
ABT1,ENSSSCG00000038191,ENSG00000146109,True,ortholog_one2one
ABTB1,ENSSSCG00000024827,ENSG00000114626,True,ortholog_one2one
ABTB2,ENSSSCG00000013303,ENSG00000166016,True,ortholog_one2one
ABTB3,ENSSSCG00000000162,ENSG00000151136,True,ortholog_one2one
ACAA1,ENSSSCG00000011250,ENSG00000060971,True,ortholog_one2one
ACAA2,ENSSSCG00000004510,ENSG00000167315,True,ortholog_one2one
ACAD10,ENSSSCG00000009836,ENSG00000111271,True,ortholog_one2one
ACAD11,ENSSSCG00000011629,ENSG00000240303,True,ortholog_one2one
ACAD9,ENSSSCG00000023354,ENSG00000177646,True,ortholog_one2one
ACADL,ENSSSCG00000016156,ENSG00000115361,True,ortholog_one2one
ACADM,ENSSSCG00000003776,ENSG00000117054,True,ortholog_one2one
ACAP1,ENSSSCG00000017943,ENSG00000072818,True,ortholog_one2one
ACAT2,ENSSSCG00000004049,ENSG00000120437,True,ortholog_one2one
ACER2,ENSSSCG00000034213,ENSG00000177076,True,ortholog_one2one
ACER3,ENSSSCG00000032723,ENSG00000078124,True,ortholog_one2one
ACHE,ENSSSCG00000030303,ENSG00000087085,True,ortholog_one2one
ACKR1,ENSSSCG00000036223,ENSG00000213088,True,ortholog_one2one
ACKR2,ENSSSCG00000031154,ENSG00000144648,True,ortholog_one2one
ACLY,ENSSSCG00000017421,ENSG00000131473,True,ortholog_one2one
ACOT6,ENSSSCG00000002348,ENSG00000205669,True,ortholog_one2one
ACOT7,ENSSSCG00000003377,ENSG00000097021,True,ortholog_one2one
ACOT8,ENSSSCG00000007426,ENSG00000101473,True,ortholog_one2one
ACOT9,ENSSSCG00000012172,ENSG00000123130,True,ortholog_one2one
ACOX1,ENSSSCG00000017198,ENSG00000161533,True,ortholog_one2one
ACOX2,ENSSSCG00000011477,ENSG00000168306,True,ortholog_one2one
ACOX3,ENSSSCG00000008724,ENSG00000087008,True,ortholog_one2one
ACOXL,ENSSSCG00000037846,ENSG00000153093,True,ortholog_one2one
ACP1,ENSSSCG00000008659,ENSG00000143727,True,ortholog_one2one
ACSBG1,ENSSSCG00000001760,ENSG00000103740,True,ortholog_one2one
ACSL1,ENSSSCG00000015784,ENSG00000151726,True,ortholog_one2one
ACSL3,ENSSSCG00000016223,ENSG00000123983,True,ortholog_one2one
ACSL4,ENSSSCG00000012583,ENSG00000068366,True,ortholog_one2one
ACSL5,ENSSSCG00000031789,ENSG00000197142,True,ortholog_one2one
ACSL6,ENSSSCG00000014272,ENSG00000164398,True,ortholog_one2one
ACSS2,ENSSSCG00000007286,ENSG00000131069,True,ortholog_one2one
ACTC1,ENSSSCG00000004803,ENSG00000159251,True,ortholog_one2one
ACTG2,ENSSSCG00000008294,ENSG00000163017,True,ortholog_one2one
ACTL8,ENSSSCG00000024062,ENSG00000117148,True,ortholog_one2one
ACTL9,ENSSSCG00000013605,ENSG00000181786,True,ortholog_one2one
ACTMAP,ENSSSCG00000040533,ENSG00000188493,True,ortholog_one2one
ACTN1,ENSSSCG00000036702,ENSG00000072110,True,ortholog_one2one
ACTN2,ENSSSCG00000010144,ENSG00000077522,True,ortholog_one2one
ACTN4,ENSSSCG00000002965,ENSG00000130402,True,ortholog_one2one
ACTR1A,ENSSSCG00000010585,ENSG00000138107,True,ortholog_one2one
ACTR6,ENSSSCG00000025682,ENSG00000075089,True,ortholog_one2one
ACTR8,ENSSSCG00000011458,ENSG00000113812,True,ortholog_one2one
ACTRT2,ENSSSCG00000003357,ENSG00000169717,True,ortholog_one2one
ACVR1B,ENSSSCG00000000233,ENSG00000135503,True,ortholog_one2one
ACVR1C,ENSSSCG00000015873,ENSG00000123612,True,ortholog_one2one
ACVR2A,ENSSSCG00000015669,ENSG00000121989,True,ortholog_one2one
ACVR2B,ENSSSCG00000011257,ENSG00000114739,True,ortholog_one2one
ADAM10,ENSSSCG00000004595,ENSG00000137845,True,ortholog_one2one
ADAM11,ENSSSCG00000017349,ENSG00000073670,True,ortholog_one2one
ADAM17,ENSSSCG00000008641,ENSG00000151694,True,ortholog_one2one
ADAM18,ENSSSCG00000007008,ENSG00000168619,True,ortholog_one2one
ADAM19,ENSSSCG00000017052,ENSG00000135074,True,ortholog_one2one
ADAM2,ENSSSCG00000045907,ENSG00000104755,True,ortholog_one2one
ADAM20,ENSSSCG00000034126,ENSG00000134007,True,ortholog_one2one
ADAM22,ENSSSCG00000015297,ENSG00000008277,True,ortholog_one2one
ADAM23,ENSSSCG00000016131,ENSG00000114948,True,ortholog_one2one
ADAMTS16,ENSSSCG00000017109,ENSG00000145536,True,ortholog_one2one
ADAMTS17,ENSSSCG00000038452,ENSG00000140470,True,ortholog_one2one
ADAMTS18,ENSSSCG00000038627,ENSG00000140873,True,ortholog_one2one
ADAMTS19,ENSSSCG00000014259,ENSG00000145808,True,ortholog_one2one
ADAMTS2,ENSSSCG00000024043,ENSG00000087116,True,ortholog_one2one
ADAMTS20,ENSSSCG00000000795,ENSG00000173157,True,ortholog_one2one
ADAMTS3,ENSSSCG00000038180,ENSG00000156140,True,ortholog_one2one
ADAMTS4,ENSSSCG00000006359,ENSG00000158859,True,ortholog_one2one
ADAP2,ENSSSCG00000017738,ENSG00000184060,True,ortholog_one2one
ADAR,ENSSSCG00000006543,ENSG00000160710,True,ortholog_one2one
ADARB1,ENSSSCG00000012089,ENSG00000197381,True,ortholog_one2one
ADAT1,ENSSSCG00000002706,ENSG00000065457,True,ortholog_one2one
ADAT2,ENSSSCG00000039598,ENSG00000189007,True,ortholog_one2one
ADAT3,ENSSSCG00000038810,ENSG00000213638,True,ortholog_one2one
ADCK1,ENSSSCG00000002408,ENSG00000063761,True,ortholog_one2one
ADCK2,ENSSSCG00000016496,ENSG00000133597,True,ortholog_one2one
ADCY1,ENSSSCG00000016726,ENSG00000164742,True,ortholog_one2one
ADCY4,ENSSSCG00000001988,ENSG00000129467,True,ortholog_one2one
ADCY5,ENSSSCG00000027952,ENSG00000173175,True,ortholog_one2one
ADCY7,ENSSSCG00000039408,ENSG00000121281,True,ortholog_one2one
ADCY8,ENSSSCG00000031717,ENSG00000155897,True,ortholog_one2one
ADD3,ENSSSCG00000010621,ENSG00000148700,True,ortholog_one2one
ADGB,ENSSSCG00000004114,ENSG00000118492,True,ortholog_one2one
ADGRA1,ENSSSCG00000039199,ENSG00000197177,True,ortholog_one2one
ADGRA2,ENSSSCG00000015825,ENSG00000020181,True,ortholog_one2one
ADGRA3,ENSSSCG00000008753,ENSG00000152990,True,ortholog_one2one
ADGRB1,ENSSSCG00000035891,ENSG00000181790,True,ortholog_one2one
ADGRB2,ENSSSCG00000003604,ENSG00000121753,True,ortholog_one2one
ADGRB3,ENSSSCG00000004270,ENSG00000135298,True,ortholog_one2one
ADGRD1,ENSSSCG00000009745,ENSG00000111452,True,ortholog_one2one
ADGRD2,ENSSSCG00000005591,ENSG00000180264,True,ortholog_one2one
ADGRF3,ENSSSCG00000008570,ENSG00000173567,True,ortholog_one2one
ADGRF5,ENSSSCG00000001725,ENSG00000069122,True,ortholog_one2one
ADGRG6,ENSSSCG00000004139,ENSG00000112414,True,ortholog_one2one
ADGRG7,ENSSSCG00000011962,ENSG00000144820,True,ortholog_one2one
ADGRL1,ENSSSCG00000013773,ENSG00000072071,True,ortholog_one2one
ADGRL2,ENSSSCG00000003761,ENSG00000117114,True,ortholog_one2one
ADGRL4,ENSSSCG00000003762,ENSG00000162618,True,ortholog_one2one
ADGRV1,ENSSSCG00000035025,ENSG00000164199,True,ortholog_one2one
ADH4,ENSSSCG00000009184,ENSG00000198099,True,ortholog_one2one
ADHFE1,ENSSSCG00000006213,ENSG00000147576,True,ortholog_one2one
ADNP2,ENSSSCG00000038632,ENSG00000101544,True,ortholog_one2one
ADO,ENSSSCG00000031360,ENSG00000181915,True,ortholog_one2one
ADORA1,ENSSSCG00000021059,ENSG00000163485,True,ortholog_one2one
ADPRH,ENSSSCG00000011896,ENSG00000144843,True,ortholog_one2one
ADPRHL1,ENSSSCG00000024103,ENSG00000153531,True,ortholog_one2one
ADPRS,ENSSSCG00000003634,ENSG00000116863,True,ortholog_one2one
ADRA1A,ENSSSCG00000009661,ENSG00000120907,True,ortholog_one2one
ADRA1B,ENSSSCG00000017041,ENSG00000170214,True,ortholog_one2one
ADSS2,ENSSSCG00000010874,ENSG00000035687,True,ortholog_one2one
AEBP1,ENSSSCG00000016754,ENSG00000106624,True,ortholog_one2one
AEBP2,ENSSSCG00000000587,ENSG00000139154,True,ortholog_one2one
AEN,ENSSSCG00000005102,ENSG00000181026,True,ortholog_one2one
AFAP1,ENSSSCG00000023907,ENSG00000196526,True,ortholog_one2one
AFAP1L1,ENSSSCG00000014431,ENSG00000157510,True,ortholog_one2one
AFF4,ENSSSCG00000014291,ENSG00000072364,True,ortholog_one2one
AFG1L,ENSSSCG00000040199,ENSG00000135537,True,ortholog_one2one
AFG2A,ENSSSCG00000009084,ENSG00000145375,True,ortholog_one2one
AFG2B,ENSSSCG00000004671,ENSG00000171763,True,ortholog_one2one
AFG3L2,ENSSSCG00000022947,ENSG00000141385,True,ortholog_one2one
AFM,ENSSSCG00000008950,ENSG00000079557,True,ortholog_one2one
AGAP1,ENSSSCG00000016317,ENSG00000157985,True,ortholog_one2one
AGAP2,ENSSSCG00000038732,ENSG00000135439,True,ortholog_one2one
AGAP3,ENSSSCG00000025610,ENSG00000133612,True,ortholog_one2one
AGBL2,ENSSSCG00000040838,ENSG00000165923,True,ortholog_one2one
AGBL5,ENSSSCG00000008558,ENSG00000084693,True,ortholog_one2one
AGFG1,ENSSSCG00000016248,ENSG00000173744,True,ortholog_one2one
AGFG2,ENSSSCG00000007664,ENSG00000106351,True,ortholog_one2one
AGPAT3,ENSSSCG00000038081,ENSG00000160216,True,ortholog_one2one
AGPAT4,ENSSSCG00000004033,ENSG00000026652,True,ortholog_one2one
AGPAT5,ENSSSCG00000015755,ENSG00000155189,True,ortholog_one2one
AGR2,ENSSSCG00000015363,ENSG00000106541,True,ortholog_one2one
AGRN,ENSSSCG00000022204,ENSG00000188157,True,ortholog_one2one
AGRP,ENSSSCG00000002775,ENSG00000159723,True,ortholog_one2one
AGT,ENSSSCG00000010184,ENSG00000135744,True,ortholog_one2one
AGTPBP1,ENSSSCG00000010957,ENSG00000135049,True,ortholog_one2one
AGTR1,ENSSSCG00000011695,ENSG00000144891,True,ortholog_one2one
AGTR2,ENSSSCG00000012600,ENSG00000180772,True,ortholog_one2one
AGTRAP,ENSSSCG00000022401,ENSG00000177674,True,ortholog_one2one
AGXT,ENSSSCG00000016402,ENSG00000172482,True,ortholog_one2one
AGXT2,ENSSSCG00000016829,ENSG00000113492,True,ortholog_one2one
AHCTF1,ENSSSCG00000010863,ENSG00000153207,True,ortholog_one2one
AHCY,ENSSSCG00000007278,ENSG00000101444,True,ortholog_one2one
AHCYL1,ENSSSCG00000006816,ENSG00000168710,True,ortholog_one2one
AHCYL2,ENSSSCG00000016568,ENSG00000158467,True,ortholog_one2one
AHDC1,ENSSSCG00000047147,ENSG00000126705,True,ortholog_one2one
AHI1,ENSSSCG00000004166,ENSG00000135541,True,ortholog_one2one
AHNAK,ENSSSCG00000036669,ENSG00000124942,True,ortholog_one2one
AHNAK2,ENSSSCG00000035669,ENSG00000185567,True,ortholog_one2one
AHR,ENSSSCG00000030484,ENSG00000106546,True,ortholog_one2one
AHRR,ENSSSCG00000032843,ENSG00000063438,True,ortholog_one2one
AHSA1,ENSSSCG00000002406,ENSG00000100591,True,ortholog_one2one
AHSG,ENSSSCG00000011799,ENSG00000145192,True,ortholog_one2one
AICDA,ENSSSCG00000000667,ENSG00000111732,True,ortholog_one2one
AIF1L,ENSSSCG00000034178,ENSG00000126878,True,ortholog_one2one
AIPL1,ENSSSCG00000022026,ENSG00000129221,True,ortholog_one2one
AIRE,ENSSSCG00000025294,ENSG00000160224,True,ortholog_one2one
AIRIM,ENSSSCG00000039905,ENSG00000116922,True,ortholog_one2one
AJAP1,ENSSSCG00000031344,ENSG00000196581,True,ortholog_one2one
AJUBA,ENSSSCG00000029201,ENSG00000129474,True,ortholog_one2one
AK1,ENSSSCG00000005627,ENSG00000106992,True,ortholog_one2one
AK3,ENSSSCG00000023595,ENSG00000147853,True,ortholog_one2one
AK5,ENSSSCG00000003773,ENSG00000154027,True,ortholog_one2one
AKAP12,ENSSSCG00000031733,ENSG00000131016,True,ortholog_one2one
AKAP17A,ENSSSCG00000032986,ENSG00000197976,True,ortholog_one2one
AKAP5,ENSSSCG00000002268,ENSG00000179841,True,ortholog_one2one
AKAP7,ENSSSCG00000036790,ENSG00000118507,True,ortholog_one2one
AKAP8,ENSSSCG00000013837,ENSG00000105127,True,ortholog_one2one
AKAP8L,ENSSSCG00000013838,ENSG00000011243,True,ortholog_one2one
AKT1,ENSSSCG00000039139,ENSG00000142208,True,ortholog_one2one
AKT1S1,ENSSSCG00000003194,ENSG00000204673,True,ortholog_one2one
AKT2,ENSSSCG00000002989,ENSG00000105221,True,ortholog_one2one
AKT3,ENSSSCG00000010872,ENSG00000117020,True,ortholog_one2one
ALAD,ENSSSCG00000032787,ENSG00000148218,True,ortholog_one2one
ALAS2,ENSSSCG00000012347,ENSG00000158578,True,ortholog_one2one
ALB,ENSSSCG00000008948,ENSG00000163631,True,ortholog_one2one
ALCAM,ENSSSCG00000011946,ENSG00000170017,True,ortholog_one2one
ALDH1A2,ENSSSCG00000025578,ENSG00000128918,True,ortholog_one2one
ALDH1A3,ENSSSCG00000004822,ENSG00000184254,True,ortholog_one2one
ALDH1L2,ENSSSCG00000000839,ENSG00000136010,True,ortholog_one2one
ALDH2,ENSSSCG00000009889,ENSG00000111275,True,ortholog_one2one
ALDH3A1,ENSSSCG00000018044,ENSG00000108602,True,ortholog_one2one
ALDH3A2,ENSSSCG00000018041,ENSG00000072210,True,ortholog_one2one
ALDH6A1,ENSSSCG00000002357,ENSG00000119711,True,ortholog_one2one
ALDH7A1,ENSSSCG00000014247,ENSG00000164904,True,ortholog_one2one
ALDH8A1,ENSSSCG00000028115,ENSG00000118514,True,ortholog_one2one
ALDOC,ENSSSCG00000017759,ENSG00000109107,True,ortholog_one2one
ALG12,ENSSSCG00000000980,ENSG00000182858,True,ortholog_one2one
ALG13,ENSSSCG00000012586,ENSG00000101901,True,ortholog_one2one
ALG14,ENSSSCG00000006885,ENSG00000172339,True,ortholog_one2one
ALG2,ENSSSCG00000005383,ENSG00000119523,True,ortholog_one2one
ALG3,ENSSSCG00000021319,ENSG00000214160,True,ortholog_one2one
ALG6,ENSSSCG00000003815,ENSG00000088035,True,ortholog_one2one
ALG8,ENSSSCG00000014887,ENSG00000159063,True,ortholog_one2one
ALKAL1,ENSSSCG00000033922,ENSG00000196711,True,ortholog_one2one
ALKBH2,ENSSSCG00000009940,ENSG00000189046,True,ortholog_one2one
ALKBH8,ENSSSCG00000024628,ENSG00000137760,True,ortholog_one2one
ALMS1,ENSSSCG00000037977,ENSG00000116127,True,ortholog_one2one
ALOX12B,ENSSSCG00000017980,ENSG00000179477,True,ortholog_one2one
ALOX15,ENSSSCG00000017923,ENSG00000161905,True,ortholog_one2one
ALOX15B,ENSSSCG00000017978,ENSG00000179593,True,ortholog_one2one
ALOX5,ENSSSCG00000010404,ENSG00000012779,True,ortholog_one2one
ALOX5AP,ENSSSCG00000009330,ENSG00000132965,True,ortholog_one2one
ALOXE3,ENSSSCG00000017981,ENSG00000179148,True,ortholog_one2one
ALPK1,ENSSSCG00000031348,ENSG00000073331,True,ortholog_one2one
ALPK2,ENSSSCG00000004918,ENSG00000198796,True,ortholog_one2one
ALPK3,ENSSSCG00000041322,ENSG00000136383,True,ortholog_one2one
ALX4,ENSSSCG00000040329,ENSG00000052850,True,ortholog_one2one
AMDHD1,ENSSSCG00000000893,ENSG00000139344,True,ortholog_one2one
AMDHD2,ENSSSCG00000008057,ENSG00000162066,True,ortholog_one2one
AMER1,ENSSSCG00000012361,ENSG00000184675,True,ortholog_one2one
AMER2,ENSSSCG00000022678,ENSG00000165566,True,ortholog_one2one
AMER3,ENSSSCG00000016391,ENSG00000178171,True,ortholog_one2one
AMFR,ENSSSCG00000002822,ENSG00000159461,True,ortholog_one2one
AMH,ENSSSCG00000035812,ENSG00000104899,True,ortholog_one2one
AMHR2,ENSSSCG00000000271,ENSG00000135409,True,ortholog_one2one
AMN1,ENSSSCG00000034407,ENSG00000151743,True,ortholog_one2one
AMPD3,ENSSSCG00000022492,ENSG00000133805,True,ortholog_one2one
AMPH,ENSSSCG00000024136,ENSG00000078053,True,ortholog_one2one
AMT,ENSSSCG00000022975,ENSG00000145020,True,ortholog_one2one
AMZ1,ENSSSCG00000007564,ENSG00000174945,True,ortholog_one2one
AMZ2,ENSSSCG00000017264,ENSG00000196704,True,ortholog_one2one
ANAPC1,ENSSSCG00000008105,ENSG00000153107,True,ortholog_one2one
ANAPC10,ENSSSCG00000033871,ENSG00000164162,True,ortholog_one2one
ANAPC2,ENSSSCG00000032828,ENSG00000176248,True,ortholog_one2one
ANAPC5,ENSSSCG00000009814,ENSG00000089053,True,ortholog_one2one
ANAPC7,ENSSSCG00000030222,ENSG00000196510,True,ortholog_one2one
ANGEL1,ENSSSCG00000002390,ENSG00000013523,True,ortholog_one2one
ANGEL2,ENSSSCG00000015588,ENSG00000174606,True,ortholog_one2one
ANGPT1,ENSSSCG00000006035,ENSG00000154188,True,ortholog_one2one
ANGPT2,ENSSSCG00000015753,ENSG00000091879,True,ortholog_one2one
ANGPT4,ENSSSCG00000007198,ENSG00000101280,True,ortholog_one2one
ANGPTL2,ENSSSCG00000005608,ENSG00000136859,True,ortholog_one2one
ANGPTL3,ENSSSCG00000003819,ENSG00000132855,True,ortholog_one2one
ANGPTL7,ENSSSCG00000003414,ENSG00000171819,True,ortholog_one2one
ANGPTL8,ENSSSCG00000036965,ENSG00000130173,True,ortholog_one2one
ANK1,ENSSSCG00000007022,ENSG00000029534,True,ortholog_one2one
ANK2,ENSSSCG00000009125,ENSG00000145362,True,ortholog_one2one
ANKAR,ENSSSCG00000016042,ENSG00000151687,True,ortholog_one2one
ANKEF1,ENSSSCG00000007063,ENSG00000132623,True,ortholog_one2one
ANKH,ENSSSCG00000016784,ENSG00000154122,True,ortholog_one2one
ANKIB1,ENSSSCG00000015314,ENSG00000001629,True,ortholog_one2one
ANKRD12,ENSSSCG00000003682,ENSG00000101745,True,ortholog_one2one
ANKRD13A,ENSSSCG00000009924,ENSG00000076513,True,ortholog_one2one
ANKRD13B,ENSSSCG00000017793,ENSG00000198720,True,ortholog_one2one
ANKRD13C,ENSSSCG00000003790,ENSG00000118454,True,ortholog_one2one
ANKRD13D,ENSSSCG00000012917,ENSG00000172932,True,ortholog_one2one
ANKRD16,ENSSSCG00000028790,ENSG00000134461,True,ortholog_one2one
ANKRD17,ENSSSCG00000024592,ENSG00000132466,True,ortholog_one2one
ANKRD22,ENSSSCG00000010445,ENSG00000152766,True,ortholog_one2one
ANKRD24,ENSSSCG00000013497,ENSG00000089847,True,ortholog_one2one
ANKRD34A,ENSSSCG00000037823,ENSG00000272031,True,ortholog_one2one
ANKRD35,ENSSSCG00000006688,ENSG00000198483,True,ortholog_one2one
ANKRD40,ENSSSCG00000038760,ENSG00000154945,True,ortholog_one2one
ANKRD42,ENSSSCG00000014902,ENSG00000137494,True,ortholog_one2one
ANKRD46,ENSSSCG00000006065,ENSG00000186106,True,ortholog_one2one
ANKRD49,ENSSSCG00000014956,ENSG00000168876,True,ortholog_one2one
ANKRD50,ENSSSCG00000022173,ENSG00000151458,True,ortholog_one2one
ANKRD52,ENSSSCG00000000386,ENSG00000139645,True,ortholog_one2one
ANKRD61,ENSSSCG00000007593,ENSG00000157999,True,ortholog_one2one
ANKS1A,ENSSSCG00000001534,ENSG00000064999,True,ortholog_one2one
ANKS1B,ENSSSCG00000022083,ENSG00000185046,True,ortholog_one2one
ANKS3,ENSSSCG00000007939,ENSG00000168096,True,ortholog_one2one
ANKS4B,ENSSSCG00000007850,ENSG00000175311,True,ortholog_one2one
ANKS6,ENSSSCG00000005378,ENSG00000165138,True,ortholog_one2one
ANKUB1,ENSSSCG00000011706,ENSG00000206199,True,ortholog_one2one
ANKZF1,ENSSSCG00000016212,ENSG00000163516,True,ortholog_one2one
ANLN,ENSSSCG00000016658,ENSG00000011426,True,ortholog_one2one
ANO5,ENSSSCG00000013344,ENSG00000171714,True,ortholog_one2one
ANXA1,ENSSSCG00000005267,ENSG00000135046,True,ortholog_one2one
ANXA11,ENSSSCG00000010331,ENSG00000122359,True,ortholog_one2one
ANXA13,ENSSSCG00000005979,ENSG00000104537,True,ortholog_one2one
ANXA2,ENSSSCG00000004578,ENSG00000182718,True,ortholog_one2one
ANXA4,ENSSSCG00000008336,ENSG00000196975,True,ortholog_one2one
ANXA6,ENSSSCG00000017089,ENSG00000197043,True,ortholog_one2one
ANXA7,ENSSSCG00000010299,ENSG00000138279,True,ortholog_one2one
ANXA9,ENSSSCG00000006643,ENSG00000143412,True,ortholog_one2one
AOX1,ENSSSCG00000029606,ENSG00000138356,True,ortholog_one2one
AP1B1,ENSSSCG00000009978,ENSG00000100280,True,ortholog_one2one
AP1G1,ENSSSCG00000002740,ENSG00000166747,True,ortholog_one2one
AP1G2,ENSSSCG00000002015,ENSG00000213983,True,ortholog_one2one
AP1M2,ENSSSCG00000025838,ENSG00000129354,True,ortholog_one2one
AP1S1,ENSSSCG00000021145,ENSG00000106367,True,ortholog_one2one
AP1S2,ENSSSCG00000036074,ENSG00000182287,True,ortholog_one2one
AP2M1,ENSSSCG00000024437,ENSG00000161203,True,ortholog_one2one
AP2S1,ENSSSCG00000003106,ENSG00000042753,True,ortholog_one2one
AP3B1,ENSSSCG00000014101,ENSG00000132842,True,ortholog_one2one
AP3B2,ENSSSCG00000001807,ENSG00000103723,True,ortholog_one2one
AP3D1,ENSSSCG00000040157,ENSG00000065000,True,ortholog_one2one
AP3M1,ENSSSCG00000010314,ENSG00000185009,True,ortholog_one2one
AP3S2,ENSSSCG00000030174,ENSG00000157823,True,ortholog_one2one
AP5Z1,ENSSSCG00000007577,ENSG00000242802,True,ortholog_one2one
APAF1,ENSSSCG00000000884,ENSG00000120868,True,ortholog_one2one
APBA1,ENSSSCG00000005250,ENSG00000107282,True,ortholog_one2one
APBA2,ENSSSCG00000004849,ENSG00000034053,True,ortholog_one2one
APBA3,ENSSSCG00000013492,ENSG00000011132,True,ortholog_one2one
APBB1,ENSSSCG00000014628,ENSG00000166313,True,ortholog_one2one
APBB1IP,ENSSSCG00000030156,ENSG00000077420,True,ortholog_one2one
APBB2,ENSSSCG00000022168,ENSG00000163697,True,ortholog_one2one
APBB3,ENSSSCG00000014366,ENSG00000113108,True,ortholog_one2one
APLN,ENSSSCG00000048443,ENSG00000171388,True,ortholog_one2one
APLNR,ENSSSCG00000038869,ENSG00000134817,True,ortholog_one2one
APLP1,ENSSSCG00000002916,ENSG00000105290,True,ortholog_one2one
APLP2,ENSSSCG00000015244,ENSG00000084234,True,ortholog_one2one
APMAP,ENSSSCG00000036286,ENSG00000101474,True,ortholog_one2one
APOA1,ENSSSCG00000030921,ENSG00000118137,True,ortholog_one2one
APOA4,ENSSSCG00000040689,ENSG00000110244,True,ortholog_one2one
APOB,ENSSSCG00000008595,ENSG00000084674,True,ortholog_one2one
APOH,ENSSSCG00000040910,ENSG00000091583,True,ortholog_one2one
APOL6,ENSSSCG00000000151,ENSG00000221963,True,ortholog_one2one
APOLD1,ENSSSCG00000036787,ENSG00000178878,True,ortholog_one2one
APOLTP,ENSSSCG00000007899,ENSG00000188897,True,ortholog_one2one
APOO,ENSSSCG00000012174,ENSG00000184831,True,ortholog_one2one
APOOL,ENSSSCG00000012459,ENSG00000155008,True,ortholog_one2one
APP,ENSSSCG00000012022,ENSG00000142192,True,ortholog_one2one
AQP2,ENSSSCG00000021193,ENSG00000167580,True,ortholog_one2one
AQP5,ENSSSCG00000000211,ENSG00000161798,True,ortholog_one2one
AQP8,ENSSSCG00000031865,ENSG00000103375,True,ortholog_one2one
AQP9,ENSSSCG00000004597,ENSG00000103569,True,ortholog_one2one
AQR,ENSSSCG00000004802,ENSG00000021776,True,ortholog_one2one
AR,ENSSSCG00000012371,ENSG00000169083,True,ortholog_one2one
ARAF,ENSSSCG00000012275,ENSG00000078061,True,ortholog_one2one
ARAP1,ENSSSCG00000014817,ENSG00000186635,True,ortholog_one2one
ARAP2,ENSSSCG00000008768,ENSG00000047365,True,ortholog_one2one
ARF4,ENSSSCG00000031791,ENSG00000168374,True,ortholog_one2one
ARFIP2,ENSSSCG00000014625,ENSG00000132254,True,ortholog_one2one
ARFRP1,ENSSSCG00000035304,ENSG00000101246,True,ortholog_one2one
ARG1,ENSSSCG00000004195,ENSG00000118520,True,ortholog_one2one
ARG2,ENSSSCG00000002294,ENSG00000081181,True,ortholog_one2one
ARHGAP1,ENSSSCG00000013256,ENSG00000175220,True,ortholog_one2one
ARHGAP10,ENSSSCG00000009029,ENSG00000071205,True,ortholog_one2one
ARHGAP12,ENSSSCG00000011026,ENSG00000165322,True,ortholog_one2one
ARHGAP15,ENSSSCG00000015671,ENSG00000075884,True,ortholog_one2one
ARHGAP17,ENSSSCG00000031488,ENSG00000140750,True,ortholog_one2one
ARHGAP19,ENSSSCG00000037185,ENSG00000213390,True,ortholog_one2one
ARHGAP20,ENSSSCG00000015015,ENSG00000137727,True,ortholog_one2one
ARHGAP25,ENSSSCG00000008344,ENSG00000163219,True,ortholog_one2one
ARHGAP28,ENSSSCG00000021612,ENSG00000088756,True,ortholog_one2one
ARHGAP29,ENSSSCG00000006889,ENSG00000137962,True,ortholog_one2one
ARHGAP30,ENSSSCG00000006372,ENSG00000186517,True,ortholog_one2one
ARHGAP31,ENSSSCG00000026224,ENSG00000031081,True,ortholog_one2one
ARHGAP32,ENSSSCG00000015238,ENSG00000134909,True,ortholog_one2one
ARHGAP33,ENSSSCG00000039135,ENSG00000004777,True,ortholog_one2one
ARHGAP4,ENSSSCG00000012790,ENSG00000089820,True,ortholog_one2one
ARHGAP42,ENSSSCG00000014976,ENSG00000165895,True,ortholog_one2one
ARHGAP44,ENSSSCG00000018019,ENSG00000006740,True,ortholog_one2one
ARHGDIA,ENSSSCG00000034058,ENSG00000141522,True,ortholog_one2one
ARHGEF1,ENSSSCG00000003040,ENSG00000076928,True,ortholog_one2one
ARHGEF12,ENSSSCG00000015129,ENSG00000196914,True,ortholog_one2one
ARHGEF16,ENSSSCG00000024223,ENSG00000130762,True,ortholog_one2one
ARHGEF18,ENSSSCG00000013568,ENSG00000104880,True,ortholog_one2one
ARHGEF19,ENSSSCG00000003472,ENSG00000142632,True,ortholog_one2one
ARHGEF2,ENSSSCG00000006502,ENSG00000116584,True,ortholog_one2one
ARHGEF25,ENSSSCG00000000435,ENSG00000240771,True,ortholog_one2one
ARHGEF3,ENSSSCG00000030359,ENSG00000163947,True,ortholog_one2one
ARHGEF37,ENSSSCG00000014436,ENSG00000183111,True,ortholog_one2one
ARHGEF6,ENSSSCG00000030460,ENSG00000129675,True,ortholog_one2one
ARHGEF7,ENSSSCG00000009551,ENSG00000102606,True,ortholog_one2one
ARHGEF9,ENSSSCG00000012362,ENSG00000131089,True,ortholog_one2one
ARID1A,ENSSSCG00000003559,ENSG00000117713,True,ortholog_one2one
ARID1B,ENSSSCG00000004064,ENSG00000049618,True,ortholog_one2one
ARID2,ENSSSCG00000030685,ENSG00000189079,True,ortholog_one2one
ARID3B,ENSSSCG00000001905,ENSG00000179361,True,ortholog_one2one
ARK2N,ENSSSCG00000004500,ENSG00000152242,True,ortholog_one2one
ARL10,ENSSSCG00000029985,ENSG00000175414,True,ortholog_one2one
ARL13A,ENSSSCG00000012488,ENSG00000174225,True,ortholog_one2one
ARL13B,ENSSSCG00000027571,ENSG00000169379,True,ortholog_one2one
ARL14EP,ENSSSCG00000039889,ENSG00000152219,True,ortholog_one2one
ARL6IP6,ENSSSCG00000015868,ENSG00000177917,True,ortholog_one2one
ARL8A,ENSSSCG00000036967,ENSG00000143862,True,ortholog_one2one
ARL8B,ENSSSCG00000011535,ENSG00000134108,True,ortholog_one2one
ARL9,ENSSSCG00000008899,ENSG00000196503,True,ortholog_one2one
ARLN,ENSSSCG00000031773,ENSG00000164096,True,ortholog_one2one
ARMC2,ENSSSCG00000004388,ENSG00000118690,True,ortholog_one2one
ARMCX4,ENSSSCG00000034821,ENSG00000196440,True,ortholog_one2one
ARMCX5,ENSSSCG00000012518,ENSG00000125962,True,ortholog_one2one
ARMCX6,ENSSSCG00000012508,ENSG00000198960,True,ortholog_one2one
ARMH1,ENSSSCG00000033259,ENSG00000198520,True,ortholog_one2one
ARMH2,ENSSSCG00000001096,ENSG00000260286,True,ortholog_one2one
ARMH4,ENSSSCG00000005071,ENSG00000139971,True,ortholog_one2one
ARNT,ENSSSCG00000006646,ENSG00000143437,True,ortholog_one2one
ARPC5L,ENSSSCG00000005596,ENSG00000136950,True,ortholog_one2one
ARR3,ENSSSCG00000012379,ENSG00000120500,True,ortholog_one2one
ARRDC1,ENSSSCG00000039824,ENSG00000197070,True,ortholog_one2one
ARRDC2,ENSSSCG00000013893,ENSG00000105643,True,ortholog_one2one
ARRDC3,ENSSSCG00000014156,ENSG00000113369,True,ortholog_one2one
ARRDC4,ENSSSCG00000002252,ENSG00000140450,True,ortholog_one2one
ARRDC5,ENSSSCG00000037183,ENSG00000205784,True,ortholog_one2one
ARSB,ENSSSCG00000038535,ENSG00000113273,True,ortholog_one2one
ARSI,ENSSSCG00000014448,ENSG00000183876,True,ortholog_one2one
ART1,ENSSSCG00000038255,ENSG00000129744,True,ortholog_one2one
ART3,ENSSSCG00000008976,ENSG00000156219,True,ortholog_one2one
ART4,ENSSSCG00000000607,ENSG00000111339,True,ortholog_one2one
ARTN,ENSSSCG00000034778,ENSG00000117407,True,ortholog_one2one
ARV1,ENSSSCG00000010179,ENSG00000173409,True,ortholog_one2one
ARVCF,ENSSSCG00000010133,ENSG00000099889,True,ortholog_one2one
ARX,ENSSSCG00000020801,ENSG00000004848,True,ortholog_one2one
AS3MT,ENSSSCG00000010592,ENSG00000214435,True,ortholog_one2one
ASAH1,ENSSSCG00000006995,ENSG00000104763,True,ortholog_one2one
ASAP1,ENSSSCG00000028759,ENSG00000153317,True,ortholog_one2one
ASAP2,ENSSSCG00000008642,ENSG00000151693,True,ortholog_one2one
ASB1,ENSSSCG00000016340,ENSG00000065802,True,ortholog_one2one
ASB10,ENSSSCG00000029241,ENSG00000146926,True,ortholog_one2one
ASB14,ENSSSCG00000035320,ENSG00000239388,True,ortholog_one2one
ASB15,ENSSSCG00000016606,ENSG00000146809,True,ortholog_one2one
ASB16,ENSSSCG00000039673,ENSG00000161664,True,ortholog_one2one
ASB17,ENSSSCG00000031522,ENSG00000154007,True,ortholog_one2one
ASB2,ENSSSCG00000002467,ENSG00000100628,True,ortholog_one2one
ASB3,ENSSSCG00000008415,ENSG00000115239,True,ortholog_one2one
ASB5,ENSSSCG00000030395,ENSG00000164122,True,ortholog_one2one
ASCC1,ENSSSCG00000023130,ENSG00000138303,True,ortholog_one2one
ASCC2,ENSSSCG00000025186,ENSG00000100325,True,ortholog_one2one
ASCC3,ENSSSCG00000004358,ENSG00000112249,True,ortholog_one2one
ASCL2,ENSSSCG00000033507,ENSG00000183734,True,ortholog_one2one
ASCL4,ENSSSCG00000000159,ENSG00000187855,True,ortholog_one2one
ASF1A,ENSSSCG00000004247,ENSG00000111875,True,ortholog_one2one
ASF1B,ENSSSCG00000013772,ENSG00000105011,True,ortholog_one2one
ASGR1,ENSSSCG00000024926,ENSG00000141505,True,ortholog_one2one
ASIC3,ENSSSCG00000027024,ENSG00000213199,True,ortholog_one2one
ASL,ENSSSCG00000007738,ENSG00000126522,True,ortholog_one2one
ASMTL,ENSSSCG00000037174,ENSG00000169093,True,ortholog_one2one
ASPH,ENSSSCG00000025087,ENSG00000198363,True,ortholog_one2one
ASPHD2,ENSSSCG00000009959,ENSG00000128203,True,ortholog_one2one
ASPRV1,ENSSSCG00000033099,ENSG00000244617,True,ortholog_one2one
ASPSCR1,ENSSSCG00000040727,ENSG00000169696,True,ortholog_one2one
ASTN1,ENSSSCG00000015513,ENSG00000152092,True,ortholog_one2one
ASTN2,ENSSSCG00000005502,ENSG00000148219,True,ortholog_one2one
ASXL1,ENSSSCG00000007248,ENSG00000171456,True,ortholog_one2one
ASXL3,ENSSSCG00000003736,ENSG00000141431,True,ortholog_one2one
ASZ1,ENSSSCG00000016627,ENSG00000154438,True,ortholog_one2one
ATAD2,ENSSSCG00000005983,ENSG00000156802,True,ortholog_one2one
ATF7,ENSSSCG00000000278,ENSG00000170653,True,ortholog_one2one
ATF7IP,ENSSSCG00000000612,ENSG00000171681,True,ortholog_one2one
ATG10,ENSSSCG00000025210,ENSG00000152348,True,ortholog_one2one
ATG101,ENSSSCG00000033687,ENSG00000123395,True,ortholog_one2one
ATG12,ENSSSCG00000033912,ENSG00000145782,True,ortholog_one2one
ATG14,ENSSSCG00000005058,ENSG00000126775,True,ortholog_one2one
ATG16L2,ENSSSCG00000014819,ENSG00000168010,True,ortholog_one2one
ATOSB,ENSSSCG00000005301,ENSG00000005238,True,ortholog_one2one
ATP10D,ENSSSCG00000008812,ENSG00000145246,True,ortholog_one2one
ATP11A,ENSSSCG00000037561,ENSG00000068650,True,ortholog_one2one
ATP11B,ENSSSCG00000011772,ENSG00000058063,True,ortholog_one2one
ATP12A,ENSSSCG00000022638,ENSG00000075673,True,ortholog_one2one
ATP13A1,ENSSSCG00000013930,ENSG00000105726,True,ortholog_one2one
ATP13A3,ENSSSCG00000011825,ENSG00000133657,True,ortholog_one2one
ATP13A4,ENSSSCG00000011821,ENSG00000127249,True,ortholog_one2one
ATP13A5,ENSSSCG00000026260,ENSG00000187527,True,ortholog_one2one
ATP1A1,ENSSSCG00000006740,ENSG00000163399,True,ortholog_one2one
ATP1B1,ENSSSCG00000006296,ENSG00000143153,True,ortholog_one2one
ATP2C2,ENSSSCG00000002671,ENSG00000064270,True,ortholog_one2one
ATP4A,ENSSSCG00000002902,ENSG00000105675,True,ortholog_one2one
ATP4B,ENSSSCG00000009561,ENSG00000186009,True,ortholog_one2one
ATP5F1B,ENSSSCG00000000405,ENSG00000110955,True,ortholog_one2one
ATP5F1C,ENSSSCG00000034086,ENSG00000165629,True,ortholog_one2one
ATP5F1D,ENSSSCG00000035532,ENSG00000099624,True,ortholog_one2one
ATP5IF1,ENSSSCG00000027072,ENSG00000130770,True,ortholog_one2one
ATP5PF,ENSSSCG00000038399,ENSG00000154723,True,ortholog_one2one
ATP6AP1,ENSSSCG00000037310,ENSG00000071553,True,ortholog_one2one
ATP6AP2,ENSSSCG00000012247,ENSG00000182220,True,ortholog_one2one
ATP6V1A,ENSSSCG00000011916,ENSG00000114573,True,ortholog_one2one
ATP6V1B1,ENSSSCG00000008314,ENSG00000116039,True,ortholog_one2one
ATP6V1B2,ENSSSCG00000028694,ENSG00000147416,True,ortholog_one2one
ATP6V1C1,ENSSSCG00000006054,ENSG00000155097,True,ortholog_one2one
ATP6V1C2,ENSSSCG00000008634,ENSG00000143882,True,ortholog_one2one
ATP6V1D,ENSSSCG00000033278,ENSG00000100554,True,ortholog_one2one
ATP6V1E2,ENSSSCG00000008441,ENSG00000250565,True,ortholog_one2one
ATP6V1F,ENSSSCG00000016577,ENSG00000128524,True,ortholog_one2one
ATP6V1H,ENSSSCG00000006263,ENSG00000047249,True,ortholog_one2one
ATPSCKMT,ENSSSCG00000036387,ENSG00000150756,True,ortholog_one2one
ATR,ENSSSCG00000011679,ENSG00000175054,True,ortholog_one2one
ATRAID,ENSSSCG00000022058,ENSG00000138085,True,ortholog_one2one
ATRIP,ENSSSCG00000011359,ENSG00000164053,True,ortholog_one2one
ATRN,ENSSSCG00000007153,ENSG00000088812,True,ortholog_one2one
ATRNL1,ENSSSCG00000010654,ENSG00000107518,True,ortholog_one2one
ATRX,ENSSSCG00000012434,ENSG00000085224,True,ortholog_one2one
ATXN1,ENSSSCG00000001065,ENSG00000124788,True,ortholog_one2one
ATXN1L,ENSSSCG00000038917,ENSG00000224470,True,ortholog_one2one
ATXN2,ENSSSCG00000009834,ENSG00000204842,True,ortholog_one2one
ATXN7L1,ENSSSCG00000015432,ENSG00000146776,True,ortholog_one2one
AURKAIP1,ENSSSCG00000038474,ENSG00000175756,True,ortholog_one2one
AURKB,ENSSSCG00000028924,ENSG00000178999,True,ortholog_one2one
AVEN,ENSSSCG00000029474,ENSG00000169857,True,ortholog_one2one
AVIL,ENSSSCG00000029571,ENSG00000135407,True,ortholog_one2one
AVL9,ENSSSCG00000023445,ENSG00000105778,True,ortholog_one2one
AVP,ENSSSCG00000007163,ENSG00000101200,True,ortholog_one2one
AZGP1,ENSSSCG00000007642,ENSG00000160862,True,ortholog_one2one
AZI2,ENSSSCG00000028258,ENSG00000163512,True,ortholog_one2one
AZIN1,ENSSSCG00000023873,ENSG00000155096,True,ortholog_one2one
AZU1,ENSSSCG00000013415,ENSG00000172232,True,ortholog_one2one
B3GALNT1,ENSSSCG00000021774,ENSG00000169255,True,ortholog_one2one
B3GALNT2,ENSSSCG00000033692,ENSG00000162885,True,ortholog_one2one
B3GAT1,ENSSSCG00000015259,ENSG00000109956,True,ortholog_one2one
B3GNT3,ENSSSCG00000013886,ENSG00000179913,True,ortholog_one2one
B3GNT4,ENSSSCG00000009798,ENSG00000176383,True,ortholog_one2one
B3GNT6,ENSSSCG00000014874,ENSG00000198488,True,ortholog_one2one
B3GNT8,ENSSSCG00000032536,ENSG00000177191,True,ortholog_one2one
B3GNT9,ENSSSCG00000040139,ENSG00000237172,True,ortholog_one2one
B4GALNT1,ENSSSCG00000000433,ENSG00000135454,True,ortholog_one2one
B4GALNT3,ENSSSCG00000033412,ENSG00000139044,True,ortholog_one2one
B4GALNT4,ENSSSCG00000033780,ENSG00000182272,True,ortholog_one2one
B4GALT1,ENSSSCG00000035454,ENSG00000086062,True,ortholog_one2one
B4GALT2,ENSSSCG00000026793,ENSG00000117411,True,ortholog_one2one
B4GALT3,ENSSSCG00000006360,ENSG00000158850,True,ortholog_one2one
B4GALT4,ENSSSCG00000011903,ENSG00000121578,True,ortholog_one2one
B4GALT5,ENSSSCG00000007465,ENSG00000158470,True,ortholog_one2one
B4GALT6,ENSSSCG00000025005,ENSG00000118276,True,ortholog_one2one
B4GALT7,ENSSSCG00000014035,ENSG00000027847,True,ortholog_one2one
B9D1,ENSSSCG00000039681,ENSG00000108641,True,ortholog_one2one
B9D2,ENSSSCG00000003013,ENSG00000123810,True,ortholog_one2one
BAAT,ENSSSCG00000035245,ENSG00000136881,True,ortholog_one2one
BAHCC1,ENSSSCG00000023045,ENSG00000266074,True,ortholog_one2one
BAHD1,ENSSSCG00000004772,ENSG00000140320,True,ortholog_one2one
BAIAP2,ENSSSCG00000017142,ENSG00000175866,True,ortholog_one2one
BAIAP2L1,ENSSSCG00000007602,ENSG00000006453,True,ortholog_one2one
BAIAP2L2,ENSSSCG00000000111,ENSG00000128298,True,ortholog_one2one
BAIAP3,ENSSSCG00000008029,ENSG00000007516,True,ortholog_one2one
BAK1,ENSSSCG00000001516,ENSG00000030110,True,ortholog_one2one
BAMBI,ENSSSCG00000011014,ENSG00000095739,True,ortholog_one2one
BANK1,ENSSSCG00000022361,ENSG00000153064,True,ortholog_one2one
BANP,ENSSSCG00000020678,ENSG00000172530,True,ortholog_one2one
BAP1,ENSSSCG00000011438,ENSG00000163930,True,ortholog_one2one
BATF2,ENSSSCG00000023178,ENSG00000168062,True,ortholog_one2one
BAZ2B,ENSSSCG00000015882,ENSG00000123636,True,ortholog_one2one
BBOF1,ENSSSCG00000002356,ENSG00000119636,True,ortholog_one2one
BBS1,ENSSSCG00000040416,ENSG00000174483,True,ortholog_one2one
BBS10,ENSSSCG00000000523,ENSG00000179941,True,ortholog_one2one
BBS12,ENSSSCG00000026290,ENSG00000181004,True,ortholog_one2one
BBS2,ENSSSCG00000025417,ENSG00000125124,True,ortholog_one2one
BBS4,ENSSSCG00000001924,ENSG00000140463,True,ortholog_one2one
BBS5,ENSSSCG00000015931,ENSG00000163093,True,ortholog_one2one
BBS7,ENSSSCG00000009093,ENSG00000138686,True,ortholog_one2one
BBX,ENSSSCG00000011943,ENSG00000114439,True,ortholog_one2one
BCAP31,ENSSSCG00000012772,ENSG00000185825,True,ortholog_one2one
BCCIP,ENSSSCG00000010743,ENSG00000107949,True,ortholog_one2one
BCDIN3D,ENSSSCG00000040144,ENSG00000186666,True,ortholog_one2one
BCKDHA,ENSSSCG00000028794,ENSG00000248098,True,ortholog_one2one
BCKDHB,ENSSSCG00000004465,ENSG00000083123,True,ortholog_one2one
BCKDK,ENSSSCG00000007763,ENSG00000103507,True,ortholog_one2one
BCL10,ENSSSCG00000025691,ENSG00000142867,True,ortholog_one2one
BCL11A,ENSSSCG00000008392,ENSG00000119866,True,ortholog_one2one
BCL2L10,ENSSSCG00000004623,ENSG00000137875,True,ortholog_one2one
BCL2L14,ENSSSCG00000000623,ENSG00000121380,True,ortholog_one2one
BCL2L2,ENSSSCG00000002023,ENSG00000129473,True,ortholog_one2one
BCL3,ENSSSCG00000027426,ENSG00000069399,True,ortholog_one2one
BCL6,ENSSSCG00000011810,ENSG00000113916,True,ortholog_one2one
BCL6B,ENSSSCG00000017927,ENSG00000161940,True,ortholog_one2one
BCL7A,ENSSSCG00000009801,ENSG00000110987,True,ortholog_one2one
BCL7B,ENSSSCG00000007708,ENSG00000106635,True,ortholog_one2one
BCL7C,ENSSSCG00000007776,ENSG00000099385,True,ortholog_one2one
BDH1,ENSSSCG00000024109,ENSG00000161267,True,ortholog_one2one
BDH2,ENSSSCG00000022282,ENSG00000164039,True,ortholog_one2one
BDKRB2,ENSSSCG00000027030,ENSG00000168398,True,ortholog_one2one
BDNF,ENSSSCG00000013333,ENSG00000176697,True,ortholog_one2one
BDP1,ENSSSCG00000016968,ENSG00000145734,True,ortholog_one2one
BEAN1,ENSSSCG00000033191,ENSG00000166546,True,ortholog_one2one
BECN1,ENSSSCG00000017386,ENSG00000126581,True,ortholog_one2one
BECN2,ENSSSCG00000010868,ENSG00000196289,True,ortholog_one2one
BEGAIN,ENSSSCG00000036589,ENSG00000183092,True,ortholog_one2one
BEX4,ENSSSCG00000022635,ENSG00000102409,True,ortholog_one2one
BEX5,ENSSSCG00000012514,ENSG00000184515,True,ortholog_one2one
BFAR,ENSSSCG00000037673,ENSG00000103429,True,ortholog_one2one
BFSP1,ENSSSCG00000007084,ENSG00000125864,True,ortholog_one2one
BFSP2,ENSSSCG00000011636,ENSG00000170819,True,ortholog_one2one
BGN,ENSSSCG00000012766,ENSG00000182492,True,ortholog_one2one
BHLHA15,ENSSSCG00000038489,ENSG00000180535,True,ortholog_one2one
BHLHA9,ENSSSCG00000017802,ENSG00000205899,True,ortholog_one2one
BHLHE41,ENSSSCG00000028552,ENSG00000123095,True,ortholog_one2one
BHMT,ENSSSCG00000014108,ENSG00000145692,True,ortholog_one2one
BICC1,ENSSSCG00000010204,ENSG00000122870,True,ortholog_one2one
BICDL1,ENSSSCG00000009896,ENSG00000135127,True,ortholog_one2one
BIN2,ENSSSCG00000000223,ENSG00000110934,True,ortholog_one2one
BIRC5,ENSSSCG00000040486,ENSG00000089685,True,ortholog_one2one
BIRC6,ENSSSCG00000008513,ENSG00000115760,True,ortholog_one2one
BLK,ENSSSCG00000027568,ENSG00000136573,True,ortholog_one2one
BLM,ENSSSCG00000001816,ENSG00000197299,True,ortholog_one2one
BLMH,ENSSSCG00000017796,ENSG00000108578,True,ortholog_one2one
BLNK,ENSSSCG00000010504,ENSG00000095585,True,ortholog_one2one
BLOC1S1,ENSSSCG00000000359,ENSG00000135441,True,ortholog_one2one
BLOC1S2,ENSSSCG00000010551,ENSG00000196072,True,ortholog_one2one
BLOC1S5,ENSSSCG00000040593,ENSG00000188428,True,ortholog_one2one
BLOC1S6,ENSSSCG00000037384,ENSG00000104164,True,ortholog_one2one
BLTP1,ENSSSCG00000009090,ENSG00000138688,True,ortholog_one2one
BLZF1,ENSSSCG00000022396,ENSG00000117475,True,ortholog_one2one
BMI1,ENSSSCG00000011081,ENSG00000168283,True,ortholog_one2one
BMP1,ENSSSCG00000009620,ENSG00000168487,True,ortholog_one2one
BMP10,ENSSSCG00000032071,ENSG00000163217,True,ortholog_one2one
BMP15,ENSSSCG00000012310,ENSG00000130385,True,ortholog_one2one
BMP2K,ENSSSCG00000027722,ENSG00000138756,True,ortholog_one2one
BMP3,ENSSSCG00000029061,ENSG00000152785,True,ortholog_one2one
BMP4,ENSSSCG00000005045,ENSG00000125378,True,ortholog_one2one
BMP5,ENSSSCG00000001478,ENSG00000112175,True,ortholog_one2one
BMPER,ENSSSCG00000016665,ENSG00000164619,True,ortholog_one2one
BMPR1B,ENSSSCG00000029621,ENSG00000138696,True,ortholog_one2one
BMPR2,ENSSSCG00000016113,ENSG00000204217,True,ortholog_one2one
BNC2,ENSSSCG00000005180,ENSG00000173068,True,ortholog_one2one
BNIP2,ENSSSCG00000004582,ENSG00000140299,True,ortholog_one2one
BNIP3L,ENSSSCG00000009658,ENSG00000104765,True,ortholog_one2one
BOD1L1,ENSSSCG00000008735,ENSG00000038219,True,ortholog_one2one
BOLA3,ENSSSCG00000040854,ENSG00000163170,True,ortholog_one2one
BOLL,ENSSSCG00000016082,ENSG00000152430,True,ortholog_one2one
BOP1,ENSSSCG00000005920,ENSG00000261236,True,ortholog_one2one
BORA,ENSSSCG00000025120,ENSG00000136122,True,ortholog_one2one
BORCS5,ENSSSCG00000032804,ENSG00000165714,True,ortholog_one2one
BORCS6,ENSSSCG00000028788,ENSG00000196544,True,ortholog_one2one
BPHL,ENSSSCG00000001008,ENSG00000137274,True,ortholog_one2one
BPI,ENSSSCG00000026605,ENSG00000101425,True,ortholog_one2one
BPIFB2,ENSSSCG00000029714,ENSG00000078898,True,ortholog_one2one
BPIFB3,ENSSSCG00000026137,ENSG00000186190,True,ortholog_one2one
BPIFB4,ENSSSCG00000029295,ENSG00000186191,True,ortholog_one2one
BPIFB6,ENSSSCG00000025052,ENSG00000167104,True,ortholog_one2one
BPIFC,ENSSSCG00000000157,ENSG00000184459,True,ortholog_one2one
BPNT1,ENSSSCG00000010822,ENSG00000162813,True,ortholog_one2one
BPNT2,ENSSSCG00000032846,ENSG00000104331,True,ortholog_one2one
BRCA1,ENSSSCG00000022101,ENSG00000012048,True,ortholog_one2one
BRCC3,ENSSSCG00000012813,ENSG00000185515,True,ortholog_one2one
BRD10,ENSSSCG00000005205,ENSG00000183354,True,ortholog_one2one
BRD3,ENSSSCG00000005749,ENSG00000169925,True,ortholog_one2one
BRD4,ENSSSCG00000022227,ENSG00000141867,True,ortholog_one2one
BRD7,ENSSSCG00000021644,ENSG00000166164,True,ortholog_one2one
BRDT,ENSSSCG00000023654,ENSG00000137948,True,ortholog_one2one
BRF1,ENSSSCG00000031710,ENSG00000185024,True,ortholog_one2one
BRF2,ENSSSCG00000040833,ENSG00000104221,True,ortholog_one2one
BRI3,ENSSSCG00000037605,ENSG00000164713,True,ortholog_one2one
BRIP1,ENSSSCG00000021384,ENSG00000136492,True,ortholog_one2one
BRIX1,ENSSSCG00000016827,ENSG00000113460,True,ortholog_one2one
BRME1,ENSSSCG00000013760,ENSG00000132016,True,ortholog_one2one
BRMS1,ENSSSCG00000012939,ENSG00000174744,True,ortholog_one2one
BRMS1L,ENSSSCG00000001947,ENSG00000100916,True,ortholog_one2one
BROX,ENSSSCG00000010836,ENSG00000162819,True,ortholog_one2one
BSCL2,ENSSSCG00000020823,ENSG00000168000,True,ortholog_one2one
BSG,ENSSSCG00000027907,ENSG00000172270,True,ortholog_one2one
BSND,ENSSSCG00000020989,ENSG00000162399,True,ortholog_one2one
BSPH1,ENSSSCG00000003123,ENSG00000188334,True,ortholog_one2one
BSPRY,ENSSSCG00000021173,ENSG00000119411,True,ortholog_one2one
BST2,ENSSSCG00000033453,ENSG00000130303,True,ortholog_one2one
BSX,ENSSSCG00000015139,ENSG00000188909,True,ortholog_one2one
BTAF1,ENSSSCG00000010467,ENSG00000095564,True,ortholog_one2one
BTNL9,ENSSSCG00000028567,ENSG00000165810,True,ortholog_one2one
BTRC,ENSSSCG00000010563,ENSG00000166167,True,ortholog_one2one
BUB1,ENSSSCG00000030469,ENSG00000169679,True,ortholog_one2one
BUB3,ENSSSCG00000010726,ENSG00000154473,True,ortholog_one2one
BUD13,ENSSSCG00000015065,ENSG00000137656,True,ortholog_one2one
BUD31,ENSSSCG00000007623,ENSG00000106245,True,ortholog_one2one
BYSL,ENSSSCG00000026752,ENSG00000112578,True,ortholog_one2one
C11ORF87,ENSSSCG00000036943,ENSG00000185742,True,ortholog_one2one
C14ORF132,ENSSSCG00000033807,ENSG00000227051,True,ortholog_one2one
C15ORF62,ENSSSCG00000032022,ENSG00000188277,True,ortholog_one2one
C16ORF90,ENSSSCG00000007957,ENSG00000215131,True,ortholog_one2one
C17ORF113,ENSSSCG00000017417,ENSG00000267221,True,ortholog_one2one
C18ORF32,ENSSSCG00000034415,ENSG00000177576,True,ortholog_one2one
C1ORF141,ENSSSCG00000003803,ENSG00000203963,True,ortholog_one2one
C1QB,ENSSSCG00000033512,ENSG00000173369,True,ortholog_one2one
C1QC,ENSSSCG00000038706,ENSG00000159189,True,ortholog_one2one
C1QL1,ENSSSCG00000039101,ENSG00000131094,True,ortholog_one2one
C1QL2,ENSSSCG00000015717,ENSG00000144119,True,ortholog_one2one
C1QL3,ENSSSCG00000011043,ENSG00000165985,True,ortholog_one2one
C1QTNF1,ENSSSCG00000035511,ENSG00000173918,True,ortholog_one2one
C1QTNF12,ENSSSCG00000003333,ENSG00000184163,True,ortholog_one2one
C2CD4D,ENSSSCG00000021540,ENSG00000225556,True,ortholog_one2one
C2CD5,ENSSSCG00000000570,ENSG00000111731,True,ortholog_one2one
C2ORF69,ENSSSCG00000016086,ENSG00000178074,True,ortholog_one2one
C3,ENSSSCG00000013551,ENSG00000125730,True,ortholog_one2one
C3AR1,ENSSSCG00000023868,ENSG00000171860,True,ortholog_one2one
C6,ENSSSCG00000016861,ENSG00000039537,True,ortholog_one2one
C7,ENSSSCG00000016859,ENSG00000112936,True,ortholog_one2one
C8A,ENSSSCG00000003835,ENSG00000157131,True,ortholog_one2one
C8B,ENSSSCG00000003834,ENSG00000021852,True,ortholog_one2one
C8G,ENSSSCG00000005840,ENSG00000176919,True,ortholog_one2one
C8ORF58,ENSSSCG00000009627,ENSG00000241852,True,ortholog_one2one
C9,ENSSSCG00000016856,ENSG00000113600,True,ortholog_one2one
CA1,ENSSSCG00000040770,ENSG00000133742,True,ortholog_one2one
CA10,ENSSSCG00000023169,ENSG00000154975,True,ortholog_one2one
CA7,ENSSSCG00000038785,ENSG00000168748,True,ortholog_one2one
CA8,ENSSSCG00000006233,ENSG00000178538,True,ortholog_one2one
CAB39,ENSSSCG00000016266,ENSG00000135932,True,ortholog_one2one
CAB39L,ENSSSCG00000009397,ENSG00000102547,True,ortholog_one2one
CABCOCO1,ENSSSCG00000033268,ENSG00000183346,True,ortholog_one2one
CABIN1,ENSSSCG00000010062,ENSG00000099991,True,ortholog_one2one
CABP5,ENSSSCG00000003126,ENSG00000105507,True,ortholog_one2one
CABYR,ENSSSCG00000003711,ENSG00000154040,True,ortholog_one2one
CACFD1,ENSSSCG00000040709,ENSG00000160325,True,ortholog_one2one
CACHD1,ENSSSCG00000004829,ENSG00000158966,True,ortholog_one2one
CACNA1A,ENSSSCG00000013754,ENSG00000141837,True,ortholog_one2one
CACNA1B,ENSSSCG00000033493,ENSG00000148408,True,ortholog_one2one
CACNA1C,ENSSSCG00000041764,ENSG00000151067,True,ortholog_one2one
CACNA1D,ENSSSCG00000011455,ENSG00000157388,True,ortholog_one2one
CACNA1G,ENSSSCG00000017562,ENSG00000006283,True,ortholog_one2one
CACNA2D1,ENSSSCG00000015402,ENSG00000153956,True,ortholog_one2one
CACNA2D3,ENSSSCG00000027019,ENSG00000157445,True,ortholog_one2one
CACNA2D4,ENSSSCG00000026537,ENSG00000151062,True,ortholog_one2one
CACNB1,ENSSSCG00000017510,ENSG00000067191,True,ortholog_one2one
CACNB2,ENSSSCG00000011040,ENSG00000165995,True,ortholog_one2one
CACNB3,ENSSSCG00000032967,ENSG00000167535,True,ortholog_one2one
CACNB4,ENSSSCG00000029073,ENSG00000182389,True,ortholog_one2one
CACNG1,ENSSSCG00000017271,ENSG00000108878,True,ortholog_one2one
CACNG2,ENSSSCG00000033551,ENSG00000166862,True,ortholog_one2one
CACNG3,ENSSSCG00000036255,ENSG00000006116,True,ortholog_one2one
CACTIN,ENSSSCG00000032085,ENSG00000105298,True,ortholog_one2one
CACYBP,ENSSSCG00000015504,ENSG00000116161,True,ortholog_one2one
CAD,ENSSSCG00000028978,ENSG00000084774,True,ortholog_one2one
CADM1,ENSSSCG00000031831,ENSG00000182985,True,ortholog_one2one
CADM2,ENSSSCG00000011999,ENSG00000175161,True,ortholog_one2one
CADM3,ENSSSCG00000006415,ENSG00000162706,True,ortholog_one2one
CADM4,ENSSSCG00000003061,ENSG00000105767,True,ortholog_one2one
CADPS2,ENSSSCG00000016611,ENSG00000081803,True,ortholog_one2one
CALCOCO1,ENSSSCG00000028481,ENSG00000012822,True,ortholog_one2one
CALCOCO2,ENSSSCG00000017543,ENSG00000136436,True,ortholog_one2one
CALCR,ENSSSCG00000015320,ENSG00000004948,True,ortholog_one2one
CALCRL,ENSSSCG00000016031,ENSG00000064989,True,ortholog_one2one
CALD1,ENSSSCG00000016535,ENSG00000122786,True,ortholog_one2one
CALHM3,ENSSSCG00000034671,ENSG00000183128,True,ortholog_one2one
CALHM4,ENSSSCG00000004445,ENSG00000164451,True,ortholog_one2one
CALHM6,ENSSSCG00000036064,ENSG00000188820,True,ortholog_one2one
CALML5,ENSSSCG00000011141,ENSG00000178372,True,ortholog_one2one
CALR3,ENSSSCG00000013858,ENSG00000269058,True,ortholog_one2one
CAMK2A,ENSSSCG00000014443,ENSG00000070808,True,ortholog_one2one
CAMK2B,ENSSSCG00000039535,ENSG00000058404,True,ortholog_one2one
CAMK2D,ENSSSCG00000009123,ENSG00000145349,True,ortholog_one2one
CAMK2G,ENSSSCG00000010311,ENSG00000148660,True,ortholog_one2one
CAMK2N1,ENSSSCG00000024009,ENSG00000162545,True,ortholog_one2one
CAMK4,ENSSSCG00000037019,ENSG00000152495,True,ortholog_one2one
CAMKK1,ENSSSCG00000017873,ENSG00000004660,True,ortholog_one2one
CAMKV,ENSSSCG00000025416,ENSG00000164076,True,ortholog_one2one
CAMSAP1,ENSSSCG00000005753,ENSG00000130559,True,ortholog_one2one
CAMSAP2,ENSSSCG00000027314,ENSG00000118200,True,ortholog_one2one
CAMSAP3,ENSSSCG00000013583,ENSG00000076826,True,ortholog_one2one
CAP1,ENSSSCG00000003672,ENSG00000131236,True,ortholog_one2one
CAP2,ENSSSCG00000001068,ENSG00000112186,True,ortholog_one2one
CAPG,ENSSSCG00000008239,ENSG00000042493,True,ortholog_one2one
CAPN1,ENSSSCG00000012999,ENSG00000014216,True,ortholog_one2one
CAPN10,ENSSSCG00000037779,ENSG00000142330,True,ortholog_one2one
CAPN11,ENSSSCG00000001698,ENSG00000137225,True,ortholog_one2one
CAPN12,ENSSSCG00000002967,ENSG00000182472,True,ortholog_one2one
CAPN13,ENSSSCG00000020986,ENSG00000162949,True,ortholog_one2one
CAPN14,ENSSSCG00000024781,ENSG00000214711,True,ortholog_one2one
CAPN15,ENSSSCG00000007993,ENSG00000103326,True,ortholog_one2one
CAPRIN2,ENSSSCG00000022611,ENSG00000110888,True,ortholog_one2one
CAPS,ENSSSCG00000013532,ENSG00000105519,True,ortholog_one2one
CAPS2,ENSSSCG00000000517,ENSG00000180881,True,ortholog_one2one
CAPSL,ENSSSCG00000031959,ENSG00000152611,True,ortholog_one2one
CAPZA1,ENSSSCG00000006775,ENSG00000116489,True,ortholog_one2one
CAPZA2,ENSSSCG00000028113,ENSG00000198898,True,ortholog_one2one
CAPZA3,ENSSSCG00000000589,ENSG00000177938,True,ortholog_one2one
CAPZB,ENSSSCG00000003493,ENSG00000077549,True,ortholog_one2one
CARD10,ENSSSCG00000025260,ENSG00000100065,True,ortholog_one2one
CARD11,ENSSSCG00000034390,ENSG00000198286,True,ortholog_one2one
CARMIL1,ENSSSCG00000001100,ENSG00000079691,True,ortholog_one2one
CARTPT,ENSSSCG00000016972,ENSG00000164326,True,ortholog_one2one
CASC3,ENSSSCG00000017477,ENSG00000108349,True,ortholog_one2one
CASK,ENSSSCG00000012253,ENSG00000147044,True,ortholog_one2one
CASKIN1,ENSSSCG00000033059,ENSG00000167971,True,ortholog_one2one
CASKIN2,ENSSSCG00000040578,ENSG00000177303,True,ortholog_one2one
CASQ1,ENSSSCG00000006390,ENSG00000143318,True,ortholog_one2one
CASTOR1,ENSSSCG00000009998,ENSG00000239282,True,ortholog_one2one
CAT,ENSSSCG00000013302,ENSG00000121691,True,ortholog_one2one
CATIP,ENSSSCG00000016187,ENSG00000158428,True,ortholog_one2one
CATSPER1,ENSSSCG00000012959,ENSG00000175294,True,ortholog_one2one
CATSPER2,ENSSSCG00000004701,ENSG00000166762,True,ortholog_one2one
CATSPER3,ENSSSCG00000028294,ENSG00000152705,True,ortholog_one2one
CATSPER4,ENSSSCG00000026526,ENSG00000188782,True,ortholog_one2one
CATSPERB,ENSSSCG00000002442,ENSG00000133962,True,ortholog_one2one
CBFB,ENSSSCG00000033811,ENSG00000067955,True,ortholog_one2one
CBLB,ENSSSCG00000022486,ENSG00000114423,True,ortholog_one2one
CBLC,ENSSSCG00000003083,ENSG00000142273,True,ortholog_one2one
CBLIF,ENSSSCG00000013117,ENSG00000134812,True,ortholog_one2one
CBLL1,ENSSSCG00000028585,ENSG00000105879,True,ortholog_one2one
CBLN1,ENSSSCG00000040652,ENSG00000102924,True,ortholog_one2one
CBR3,ENSSSCG00000012053,ENSG00000159231,True,ortholog_one2one
CBR4,ENSSSCG00000009717,ENSG00000145439,True,ortholog_one2one
CBS,ENSSSCG00000040779,ENSG00000160200,True,ortholog_one2one
CBX1,ENSSSCG00000017529,ENSG00000108468,True,ortholog_one2one
CBX3,ENSSSCG00000016711,ENSG00000122565,True,ortholog_one2one
CBX5,ENSSSCG00000039191,ENSG00000094916,True,ortholog_one2one
CBX6,ENSSSCG00000040334,ENSG00000183741,True,ortholog_one2one
CBX8,ENSSSCG00000034146,ENSG00000141570,True,ortholog_one2one
CCAR2,ENSSSCG00000009628,ENSG00000158941,True,ortholog_one2one
CCDC112,ENSSSCG00000029866,ENSG00000164221,True,ortholog_one2one
CCDC117,ENSSSCG00000032261,ENSG00000159873,True,ortholog_one2one
CCDC12,ENSSSCG00000011329,ENSG00000160799,True,ortholog_one2one
CCDC120,ENSSSCG00000012288,ENSG00000147144,True,ortholog_one2one
CCDC124,ENSSSCG00000013891,ENSG00000007080,True,ortholog_one2one
CCDC126,ENSSSCG00000029174,ENSG00000169193,True,ortholog_one2one
CCDC136,ENSSSCG00000016579,ENSG00000128596,True,ortholog_one2one
CCDC14,ENSSSCG00000025349,ENSG00000175455,True,ortholog_one2one
CCDC146,ENSSSCG00000015412,ENSG00000135205,True,ortholog_one2one
CCDC149,ENSSSCG00000023001,ENSG00000181982,True,ortholog_one2one
CCDC150,ENSSSCG00000016069,ENSG00000144395,True,ortholog_one2one
CCDC152,ENSSSCG00000016867,ENSG00000198865,True,ortholog_one2one
CCDC160,ENSSSCG00000031011,ENSG00000203952,True,ortholog_one2one
CCDC172,ENSSSCG00000010656,ENSG00000182645,True,ortholog_one2one
CCDC178,ENSSSCG00000038703,ENSG00000166960,True,ortholog_one2one
CCDC179,ENSSSCG00000049079,ENSG00000255359,True,ortholog_one2one
CCDC190,ENSSSCG00000006336,ENSG00000185860,True,ortholog_one2one
CCDC198,ENSSSCG00000005067,ENSG00000100557,True,ortholog_one2one
CCDC22,ENSSSCG00000012297,ENSG00000101997,True,ortholog_one2one
CCDC25,ENSSSCG00000024972,ENSG00000147419,True,ortholog_one2one
CCDC27,ENSSSCG00000039233,ENSG00000162592,True,ortholog_one2one
CCDC28A,ENSSSCG00000004148,ENSG00000024862,True,ortholog_one2one
CCDC28B,ENSSSCG00000031514,ENSG00000160050,True,ortholog_one2one
CCDC34,ENSSSCG00000013336,ENSG00000109881,True,ortholog_one2one
CCDC40,ENSSSCG00000017158,ENSG00000141519,True,ortholog_one2one
CCDC42,ENSSSCG00000017988,ENSG00000161973,True,ortholog_one2one
CCDC57,ENSSSCG00000029553,ENSG00000176155,True,ortholog_one2one
CCDC70,ENSSSCG00000009383,ENSG00000123171,True,ortholog_one2one
CCDC71,ENSSSCG00000011378,ENSG00000177352,True,ortholog_one2one
CCDC73,ENSSSCG00000026433,ENSG00000186714,True,ortholog_one2one
CCDC77,ENSSSCG00000000751,ENSG00000120647,True,ortholog_one2one
CCDC78,ENSSSCG00000050615,ENSG00000162004,True,ortholog_one2one
CCDC8,ENSSSCG00000033830,ENSG00000169515,True,ortholog_one2one
CCDC81,ENSSSCG00000014917,ENSG00000149201,True,ortholog_one2one
CCDC82,ENSSSCG00000014972,ENSG00000149231,True,ortholog_one2one
CCDC83,ENSSSCG00000014912,ENSG00000150676,True,ortholog_one2one
CCDC85C,ENSSSCG00000037284,ENSG00000205476,True,ortholog_one2one
CCDC91,ENSSSCG00000024232,ENSG00000123106,True,ortholog_one2one
CCDC92,ENSSSCG00000009764,ENSG00000119242,True,ortholog_one2one
CCDC9B,ENSSSCG00000023975,ENSG00000188549,True,ortholog_one2one
CCER1,ENSSSCG00000039400,ENSG00000197651,True,ortholog_one2one
CCER2,ENSSSCG00000047060,ENSG00000262484,True,ortholog_one2one
CCIN,ENSSSCG00000005340,ENSG00000185972,True,ortholog_one2one
CCL2,ENSSSCG00000017723,ENSG00000108691,True,ortholog_one2one
CCL26,ENSSSCG00000039874,ENSG00000006606,True,ortholog_one2one
CCN1,ENSSSCG00000006940,ENSG00000142871,True,ortholog_one2one
CCN2,ENSSSCG00000004192,ENSG00000118523,True,ortholog_one2one
CCN3,ENSSSCG00000006002,ENSG00000136999,True,ortholog_one2one
CCN5,ENSSSCG00000031648,ENSG00000064205,True,ortholog_one2one
CCNB1,ENSSSCG00000029326,ENSG00000134057,True,ortholog_one2one
CCNG1,ENSSSCG00000017024,ENSG00000113328,True,ortholog_one2one
CCNG2,ENSSSCG00000008988,ENSG00000138764,True,ortholog_one2one
CCNI,ENSSSCG00000008987,ENSG00000118816,True,ortholog_one2one
CCNL1,ENSSSCG00000029352,ENSG00000163660,True,ortholog_one2one
CCNL2,ENSSSCG00000003354,ENSG00000221978,True,ortholog_one2one
CCNP,ENSSSCG00000002990,ENSG00000105219,True,ortholog_one2one
CCNQ,ENSSSCG00000012770,ENSG00000262919,True,ortholog_one2one
CCNT2,ENSSSCG00000015697,ENSG00000082258,True,ortholog_one2one
CCNYL1,ENSSSCG00000024696,ENSG00000163249,True,ortholog_one2one
CCR5,ENSSSCG00000024344,ENSG00000160791,True,ortholog_one2one
CCR6,ENSSSCG00000024562,ENSG00000112486,True,ortholog_one2one
CCR9,ENSSSCG00000011316,ENSG00000173585,True,ortholog_one2one
CCRL2,ENSSSCG00000023557,ENSG00000121797,True,ortholog_one2one
CCS,ENSSSCG00000012934,ENSG00000173992,True,ortholog_one2one
CCSAP,ENSSSCG00000023776,ENSG00000154429,True,ortholog_one2one
CCT2,ENSSSCG00000000496,ENSG00000166226,True,ortholog_one2one
CCT3,ENSSSCG00000006487,ENSG00000163468,True,ortholog_one2one
CD109,ENSSSCG00000004485,ENSG00000156535,True,ortholog_one2one
CD163,ENSSSCG00000033146,ENSG00000177575,True,ortholog_one2one
CD164,ENSSSCG00000004414,ENSG00000135535,True,ortholog_one2one
CD1E,ENSSSCG00000006450,ENSG00000158488,True,ortholog_one2one
CD200,ENSSSCG00000027820,ENSG00000091972,True,ortholog_one2one
CD207,ENSSSCG00000008319,ENSG00000116031,True,ortholog_one2one
CD276,ENSSSCG00000001917,ENSG00000103855,True,ortholog_one2one
CD28,ENSSSCG00000028561,ENSG00000178562,True,ortholog_one2one
CD2AP,ENSSSCG00000030197,ENSG00000198087,True,ortholog_one2one
CD2BP2,ENSSSCG00000007791,ENSG00000169217,True,ortholog_one2one
CD300LB,ENSSSCG00000017237,ENSG00000178789,True,ortholog_one2one
CD3D,ENSSSCG00000015093,ENSG00000167286,True,ortholog_one2one
CD53,ENSSSCG00000006800,ENSG00000143119,True,ortholog_one2one
CD58,ENSSSCG00000006738,ENSG00000116815,True,ortholog_one2one
CD59,ENSSSCG00000024791,ENSG00000085063,True,ortholog_one2one
CD6,ENSSSCG00000013111,ENSG00000013725,True,ortholog_one2one
CD70,ENSSSCG00000031115,ENSG00000125726,True,ortholog_one2one
CD79B,ENSSSCG00000017283,ENSG00000007312,True,ortholog_one2one
CD80,ENSSSCG00000011899,ENSG00000121594,True,ortholog_one2one
CD81,ENSSSCG00000039243,ENSG00000110651,True,ortholog_one2one
CD83,ENSSSCG00000021576,ENSG00000112149,True,ortholog_one2one
CD84,ENSSSCG00000006381,ENSG00000066294,True,ortholog_one2one
CD86,ENSSSCG00000011877,ENSG00000114013,True,ortholog_one2one
CD8A,ENSSSCG00000008217,ENSG00000153563,True,ortholog_one2one
CD99L2,ENSSSCG00000012744,ENSG00000102181,True,ortholog_one2one
CDAN1,ENSSSCG00000004719,ENSG00000140326,True,ortholog_one2one
CDC123,ENSSSCG00000011112,ENSG00000151465,True,ortholog_one2one
CDC14A,ENSSSCG00000006864,ENSG00000079335,True,ortholog_one2one
CDC16,ENSSSCG00000020899,ENSG00000130177,True,ortholog_one2one
CDC20B,ENSSSCG00000048484,ENSG00000164287,True,ortholog_one2one
CDC23,ENSSSCG00000014325,ENSG00000094880,True,ortholog_one2one
CDC25A,ENSSSCG00000021494,ENSG00000164045,True,ortholog_one2one
CDC37L1,ENSSSCG00000005219,ENSG00000106993,True,ortholog_one2one
CDC42BPG,ENSSSCG00000013018,ENSG00000171219,True,ortholog_one2one
CDC42EP1,ENSSSCG00000026108,ENSG00000128283,True,ortholog_one2one
CDC42EP2,ENSSSCG00000012996,ENSG00000149798,True,ortholog_one2one
CDC42EP3,ENSSSCG00000021359,ENSG00000163171,True,ortholog_one2one
CDC42EP4,ENSSSCG00000017245,ENSG00000179604,True,ortholog_one2one
CDC42EP5,ENSSSCG00000039922,ENSG00000167617,True,ortholog_one2one
CDC42SE1,ENSSSCG00000031881,ENSG00000197622,True,ortholog_one2one
CDC42SE2,ENSSSCG00000036686,ENSG00000158985,True,ortholog_one2one
CDC45,ENSSSCG00000010122,ENSG00000093009,True,ortholog_one2one
CDC5L,ENSSSCG00000001708,ENSG00000096401,True,ortholog_one2one
CDC7,ENSSSCG00000027251,ENSG00000097046,True,ortholog_one2one
CDCA7L,ENSSSCG00000015380,ENSG00000164649,True,ortholog_one2one
CDCA8,ENSSSCG00000032909,ENSG00000134690,True,ortholog_one2one
CDCP1,ENSSSCG00000011298,ENSG00000163814,True,ortholog_one2one
CDCP2,ENSSSCG00000030538,ENSG00000157211,True,ortholog_one2one
CDH15,ENSSSCG00000002642,ENSG00000129910,True,ortholog_one2one
CDH17,ENSSSCG00000006106,ENSG00000079112,True,ortholog_one2one
CDH19,ENSSSCG00000004885,ENSG00000071991,True,ortholog_one2one
CDH2,ENSSSCG00000003722,ENSG00000170558,True,ortholog_one2one
CDH20,ENSSSCG00000004903,ENSG00000101542,True,ortholog_one2one
CDH22,ENSSSCG00000007439,ENSG00000149654,True,ortholog_one2one
CDH24,ENSSSCG00000002037,ENSG00000139880,True,ortholog_one2one
CDH3,ENSSSCG00000023162,ENSG00000062038,True,ortholog_one2one
CDH4,ENSSSCG00000025784,ENSG00000179242,True,ortholog_one2one
CDHR2,ENSSSCG00000014055,ENSG00000074276,True,ortholog_one2one
CDHR3,ENSSSCG00000015433,ENSG00000128536,True,ortholog_one2one
CDHR4,ENSSSCG00000011391,ENSG00000187492,True,ortholog_one2one
CDHR5,ENSSSCG00000012852,ENSG00000099834,True,ortholog_one2one
CDIN1,ENSSSCG00000026900,ENSG00000186073,True,ortholog_one2one
CDIP1,ENSSSCG00000007941,ENSG00000089486,True,ortholog_one2one
CDIPT,ENSSSCG00000027629,ENSG00000103502,True,ortholog_one2one
CDK1,ENSSSCG00000010214,ENSG00000170312,True,ortholog_one2one
CDK10,ENSSSCG00000025401,ENSG00000185324,True,ortholog_one2one
CDK12,ENSSSCG00000017504,ENSG00000167258,True,ortholog_one2one
CDK14,ENSSSCG00000015307,ENSG00000058091,True,ortholog_one2one
CDK2,ENSSSCG00000037597,ENSG00000123374,True,ortholog_one2one
CDK2AP1,ENSSSCG00000009775,ENSG00000111328,True,ortholog_one2one
CDK3,ENSSSCG00000017193,ENSG00000250506,True,ortholog_one2one
CDK4,ENSSSCG00000025092,ENSG00000135446,True,ortholog_one2one
CDK5R1,ENSSSCG00000017730,ENSG00000176749,True,ortholog_one2one
CDK5RAP1,ENSSSCG00000007264,ENSG00000101391,True,ortholog_one2one
CDKL2,ENSSSCG00000008970,ENSG00000138769,True,ortholog_one2one
CDKL3,ENSSSCG00000014302,ENSG00000006837,True,ortholog_one2one
CDKL5,ENSSSCG00000012156,ENSG00000008086,True,ortholog_one2one
CDKN1A,ENSSSCG00000001565,ENSG00000124762,True,ortholog_one2one
CDKN1B,ENSSSCG00000037144,ENSG00000111276,True,ortholog_one2one
CDKN1C,ENSSSCG00000040461,ENSG00000129757,True,ortholog_one2one
CDKN2A,ENSSSCG00000005134,ENSG00000147889,True,ortholog_one2one
CDKN2AIP,ENSSSCG00000015779,ENSG00000168564,True,ortholog_one2one
CDKN2B,ENSSSCG00000034120,ENSG00000147883,True,ortholog_one2one
CDKN2C,ENSSSCG00000003876,ENSG00000123080,True,ortholog_one2one
CDKN3,ENSSSCG00000005047,ENSG00000100526,True,ortholog_one2one
CDPF1,ENSSSCG00000000005,ENSG00000205643,True,ortholog_one2one
CDS1,ENSSSCG00000009231,ENSG00000163624,True,ortholog_one2one
CDS2,ENSSSCG00000030123,ENSG00000101290,True,ortholog_one2one
CDT1,ENSSSCG00000002651,ENSG00000167513,True,ortholog_one2one
CDX2,ENSSSCG00000009317,ENSG00000165556,True,ortholog_one2one
CDX4,ENSSSCG00000021225,ENSG00000131264,True,ortholog_one2one
CEBPZ,ENSSSCG00000008493,ENSG00000115816,True,ortholog_one2one
CECR2,ENSSSCG00000000766,ENSG00000099954,True,ortholog_one2one
CELF1,ENSSSCG00000013233,ENSG00000149187,True,ortholog_one2one
CELF3,ENSSSCG00000006618,ENSG00000159409,True,ortholog_one2one
CELF4,ENSSSCG00000003748,ENSG00000101489,True,ortholog_one2one
CENPC,ENSSSCG00000008921,ENSG00000145241,True,ortholog_one2one
CENPI,ENSSSCG00000012491,ENSG00000102384,True,ortholog_one2one
CENPL,ENSSSCG00000015496,ENSG00000120334,True,ortholog_one2one
CENPM,ENSSSCG00000035991,ENSG00000100162,True,ortholog_one2one
CENPN,ENSSSCG00000039216,ENSG00000166451,True,ortholog_one2one
CENPP,ENSSSCG00000008070,ENSG00000188312,True,ortholog_one2one
CENPQ,ENSSSCG00000001731,ENSG00000031691,True,ortholog_one2one
CENPT,ENSSSCG00000002768,ENSG00000102901,True,ortholog_one2one
CENPU,ENSSSCG00000015785,ENSG00000151725,True,ortholog_one2one
CENPV,ENSSSCG00000018034,ENSG00000166582,True,ortholog_one2one
CEP135,ENSSSCG00000022283,ENSG00000174799,True,ortholog_one2one
CEP164,ENSSSCG00000015080,ENSG00000110274,True,ortholog_one2one
CEP170,ENSSSCG00000030502,ENSG00000143702,True,ortholog_one2one
CEP170B,ENSSSCG00000002558,ENSG00000099814,True,ortholog_one2one
CEP20,ENSSSCG00000033377,ENSG00000133393,True,ortholog_one2one
CEP290,ENSSSCG00000000926,ENSG00000198707,True,ortholog_one2one
CEP83,ENSSSCG00000024563,ENSG00000173588,True,ortholog_one2one
CEP85,ENSSSCG00000026731,ENSG00000130695,True,ortholog_one2one
CEP85L,ENSSSCG00000004249,ENSG00000111860,True,ortholog_one2one
CEP89,ENSSSCG00000025152,ENSG00000121289,True,ortholog_one2one
CEP95,ENSSSCG00000028925,ENSG00000258890,True,ortholog_one2one
CEP97,ENSSSCG00000011949,ENSG00000182504,True,ortholog_one2one
CER1,ENSSSCG00000039169,ENSG00000147869,True,ortholog_one2one
CERS6,ENSSSCG00000032715,ENSG00000172292,True,ortholog_one2one
CERT1,ENSSSCG00000014081,ENSG00000113163,True,ortholog_one2one
CES3,ENSSSCG00000024476,ENSG00000172828,True,ortholog_one2one
CETN1,ENSSSCG00000028613,ENSG00000177143,True,ortholog_one2one
CETN2,ENSSSCG00000012757,ENSG00000147400,True,ortholog_one2one
CETN3,ENSSSCG00000014151,ENSG00000153140,True,ortholog_one2one
CFAP100,ENSSSCG00000001826,ENSG00000163885,True,ortholog_one2one
CFAP107,ENSSSCG00000003442,ENSG00000157330,True,ortholog_one2one
CFAP119,ENSSSCG00000007778,ENSG00000196118,True,ortholog_one2one
CFAP126,ENSSSCG00000023957,ENSG00000188931,True,ortholog_one2one
CFAP20DC,ENSSSCG00000011482,ENSG00000163689,True,ortholog_one2one
CFAP210,ENSSSCG00000015935,ENSG00000154479,True,ortholog_one2one
CFAP263,ENSSSCG00000002803,ENSG00000103021,True,ortholog_one2one
CFAP276,ENSSSCG00000033292,ENSG00000179902,True,ortholog_one2one
CFAP299,ENSSSCG00000037723,ENSG00000197826,True,ortholog_one2one
CFAP36,ENSSSCG00000008400,ENSG00000163001,True,ortholog_one2one
CFAP43,ENSSSCG00000010609,ENSG00000197748,True,ortholog_one2one
CFAP57,ENSSSCG00000023904,ENSG00000243710,True,ortholog_one2one
CFAP58,ENSSSCG00000010614,ENSG00000120051,True,ortholog_one2one
CFAP61,ENSSSCG00000038858,ENSG00000089101,True,ortholog_one2one
CFAP65,ENSSSCG00000016203,ENSG00000181378,True,ortholog_one2one
CFAP74,ENSSSCG00000030513,ENSG00000142609,True,ortholog_one2one
CFAP91,ENSSSCG00000011892,ENSG00000183833,True,ortholog_one2one
CFI,ENSSSCG00000009138,ENSG00000205403,True,ortholog_one2one
CFL2,ENSSSCG00000001959,ENSG00000165410,True,ortholog_one2one
CFLAR,ENSSSCG00000016101,ENSG00000003402,True,ortholog_one2one
CFTR,ENSSSCG00000016626,ENSG00000001626,True,ortholog_one2one
CHAC1,ENSSSCG00000038521,ENSG00000128965,True,ortholog_one2one
CHAC2,ENSSSCG00000037577,ENSG00000143942,True,ortholog_one2one
CHADL,ENSSSCG00000000067,ENSG00000100399,True,ortholog_one2one
CHAF1A,ENSSSCG00000013509,ENSG00000167670,True,ortholog_one2one
CHAF1B,ENSSSCG00000012056,ENSG00000159259,True,ortholog_one2one
CHAT,ENSSSCG00000010392,ENSG00000070748,True,ortholog_one2one
CHCHD2,ENSSSCG00000007743,ENSG00000106153,True,ortholog_one2one
CHCHD6,ENSSSCG00000031557,ENSG00000159685,True,ortholog_one2one
CHCT1,ENSSSCG00000017679,ENSG00000141371,True,ortholog_one2one
CHD1,ENSSSCG00000014177,ENSG00000153922,True,ortholog_one2one
CHD1L,ENSSSCG00000006701,ENSG00000131778,True,ortholog_one2one
CHD2,ENSSSCG00000002266,ENSG00000173575,True,ortholog_one2one
CHD4,ENSSSCG00000000697,ENSG00000111642,True,ortholog_one2one
CHD5,ENSSSCG00000003366,ENSG00000116254,True,ortholog_one2one
CHD6,ENSSSCG00000007360,ENSG00000124177,True,ortholog_one2one
CHD9,ENSSSCG00000033591,ENSG00000177200,True,ortholog_one2one
CHGA,ENSSSCG00000002456,ENSG00000100604,True,ortholog_one2one
CHGB,ENSSSCG00000039779,ENSG00000089199,True,ortholog_one2one
CHIA,ENSSSCG00000023706,ENSG00000134216,True,ortholog_one2one
CHIC1,ENSSSCG00000012416,ENSG00000204116,True,ortholog_one2one
CHIC2,ENSSSCG00000032645,ENSG00000109220,True,ortholog_one2one
CHID1,ENSSSCG00000012837,ENSG00000177830,True,ortholog_one2one
CHKA,ENSSSCG00000012889,ENSG00000110721,True,ortholog_one2one
CHL1,ENSSSCG00000011524,ENSG00000134121,True,ortholog_one2one
CHLSN,ENSSSCG00000038777,ENSG00000146540,True,ortholog_one2one
CHML,ENSSSCG00000031212,ENSG00000203668,True,ortholog_one2one
CHPF2,ENSSSCG00000016436,ENSG00000033100,True,ortholog_one2one
CHRD,ENSSSCG00000025270,ENSG00000090539,True,ortholog_one2one
CHRDL2,ENSSSCG00000014843,ENSG00000054938,True,ortholog_one2one
CHRM2,ENSSSCG00000032532,ENSG00000181072,True,ortholog_one2one
CHRM3,ENSSSCG00000026176,ENSG00000133019,True,ortholog_one2one
CHRM4,ENSSSCG00000013261,ENSG00000180720,True,ortholog_one2one
CHRM5,ENSSSCG00000036662,ENSG00000184984,True,ortholog_one2one
CHRNA1,ENSSSCG00000015969,ENSG00000138435,True,ortholog_one2one
CHRNA2,ENSSSCG00000009665,ENSG00000120903,True,ortholog_one2one
CHRNA3,ENSSSCG00000001752,ENSG00000080644,True,ortholog_one2one
CHRNA5,ENSSSCG00000001751,ENSG00000169684,True,ortholog_one2one
CHRNA9,ENSSSCG00000024428,ENSG00000174343,True,ortholog_one2one
CHRNB2,ENSSSCG00000006545,ENSG00000160716,True,ortholog_one2one
CHST3,ENSSSCG00000023662,ENSG00000122863,True,ortholog_one2one
CHST7,ENSSSCG00000012265,ENSG00000147119,True,ortholog_one2one
CHST8,ENSSSCG00000035222,ENSG00000124302,True,ortholog_one2one
CHST9,ENSSSCG00000003721,ENSG00000154080,True,ortholog_one2one
CHSY1,ENSSSCG00000004825,ENSG00000131873,True,ortholog_one2one
CHSY3,ENSSSCG00000035069,ENSG00000198108,True,ortholog_one2one
CHTF18,ENSSSCG00000008010,ENSG00000127586,True,ortholog_one2one
CHTOP,ENSSSCG00000022107,ENSG00000160679,True,ortholog_one2one
CHUK,ENSSSCG00000010548,ENSG00000213341,True,ortholog_one2one
CHURC1,ENSSSCG00000022147,ENSG00000258289,True,ortholog_one2one
CIAO2A,ENSSSCG00000034124,ENSG00000166797,True,ortholog_one2one
CIAO2B,ENSSSCG00000033027,ENSG00000166595,True,ortholog_one2one
CIAO3,ENSSSCG00000008002,ENSG00000103245,True,ortholog_one2one
CIC,ENSSSCG00000003030,ENSG00000079432,True,ortholog_one2one
CIDEB,ENSSSCG00000001989,ENSG00000136305,True,ortholog_one2one
CIDEC,ENSSSCG00000011557,ENSG00000187288,True,ortholog_one2one
CIITA,ENSSSCG00000007901,ENSG00000179583,True,ortholog_one2one
CILK1,ENSSSCG00000002628,ENSG00000112144,True,ortholog_one2one
CILP2,ENSSSCG00000013934,ENSG00000160161,True,ortholog_one2one
CIMAP1A,ENSSSCG00000014555,ENSG00000177947,True,ortholog_one2one
CIMIP2B,ENSSSCG00000005309,ENSG00000215187,True,ortholog_one2one
CIMIP2C,ENSSSCG00000008565,ENSG00000173557,True,ortholog_one2one
CIMIP4,ENSSSCG00000000132,ENSG00000185264,True,ortholog_one2one
CINP,ENSSSCG00000002530,ENSG00000100865,True,ortholog_one2one
CIP2A,ENSSSCG00000033593,ENSG00000163507,True,ortholog_one2one
CIPC,ENSSSCG00000029760,ENSG00000198894,True,ortholog_one2one
CKAP2L,ENSSSCG00000008089,ENSG00000169607,True,ortholog_one2one
CKAP5,ENSSSCG00000013249,ENSG00000175216,True,ortholog_one2one
CKLF,ENSSSCG00000031161,ENSG00000217555,True,ortholog_one2one
CKM,ENSSSCG00000036132,ENSG00000104879,True,ortholog_one2one
CKMT2,ENSSSCG00000014128,ENSG00000131730,True,ortholog_one2one
CKS2,ENSSSCG00000021161,ENSG00000123975,True,ortholog_one2one
CLCF1,ENSSSCG00000012915,ENSG00000175505,True,ortholog_one2one
CLCN2,ENSSSCG00000021581,ENSG00000114859,True,ortholog_one2one
CLCN3,ENSSSCG00000009713,ENSG00000109572,True,ortholog_one2one
CLCN4,ENSSSCG00000024809,ENSG00000073464,True,ortholog_one2one
CLCN5,ENSSSCG00000023026,ENSG00000171365,True,ortholog_one2one
CLCN6,ENSSSCG00000003429,ENSG00000011021,True,ortholog_one2one
CLDN1,ENSSSCG00000040904,ENSG00000163347,True,ortholog_one2one
CLDN10,ENSSSCG00000009500,ENSG00000134873,True,ortholog_one2one
CLDN4,ENSSSCG00000007718,ENSG00000189143,True,ortholog_one2one
CLDN5,ENSSSCG00000041667,ENSG00000184113,True,ortholog_one2one
CLDN6,ENSSSCG00000023743,ENSG00000184697,True,ortholog_one2one
CLDN7,ENSSSCG00000017934,ENSG00000181885,True,ortholog_one2one
CLDN8,ENSSSCG00000012030,ENSG00000156284,True,ortholog_one2one
CLDN9,ENSSSCG00000021536,ENSG00000213937,True,ortholog_one2one
CLDND1,ENSSSCG00000011980,ENSG00000080822,True,ortholog_one2one
CLEC1B,ENSSSCG00000000650,ENSG00000165682,True,ortholog_one2one
CLEC2B,ENSSSCG00000000656,ENSG00000110852,True,ortholog_one2one
CLEC2L,ENSSSCG00000038147,ENSG00000236279,True,ortholog_one2one
CLEC3A,ENSSSCG00000034604,ENSG00000166509,True,ortholog_one2one
CLEC3B,ENSSSCG00000011299,ENSG00000163815,True,ortholog_one2one
CLEC4F,ENSSSCG00000023258,ENSG00000152672,True,ortholog_one2one
CLEC5A,ENSSSCG00000021933,ENSG00000258227,True,ortholog_one2one
CLIC4,ENSSSCG00000038994,ENSG00000169504,True,ortholog_one2one
CLINT1,ENSSSCG00000017047,ENSG00000113282,True,ortholog_one2one
CLIP1,ENSSSCG00000009793,ENSG00000130779,True,ortholog_one2one
CLIP3,ENSSSCG00000002921,ENSG00000105270,True,ortholog_one2one
CLK1,ENSSSCG00000016095,ENSG00000013441,True,ortholog_one2one
CLK3,ENSSSCG00000001904,ENSG00000179335,True,ortholog_one2one
CLK4,ENSSSCG00000014028,ENSG00000113240,True,ortholog_one2one
CLPB,ENSSSCG00000036887,ENSG00000162129,True,ortholog_one2one
CLPP,ENSSSCG00000038079,ENSG00000125656,True,ortholog_one2one
CLPS,ENSSSCG00000001552,ENSG00000137392,True,ortholog_one2one
CLPSL2,ENSSSCG00000001551,ENSG00000196748,True,ortholog_one2one
CLPTM1,ENSSSCG00000003085,ENSG00000104853,True,ortholog_one2one
CLPTM1L,ENSSSCG00000017119,ENSG00000049656,True,ortholog_one2one
CLSPN,ENSSSCG00000003628,ENSG00000092853,True,ortholog_one2one
CLTC,ENSSSCG00000022659,ENSG00000141367,True,ortholog_one2one
CLTRN,ENSSSCG00000035893,ENSG00000147003,True,ortholog_one2one
CLU,ENSSSCG00000009668,ENSG00000120885,True,ortholog_one2one
CLUAP1,ENSSSCG00000007955,ENSG00000103351,True,ortholog_one2one
CLUL1,ENSSSCG00000039398,ENSG00000079101,True,ortholog_one2one
CMAS,ENSSSCG00000034733,ENSG00000111726,True,ortholog_one2one
CMBL,ENSSSCG00000039763,ENSG00000164237,True,ortholog_one2one
CMC1,ENSSSCG00000041813,ENSG00000187118,True,ortholog_one2one
CMIP,ENSSSCG00000002689,ENSG00000153815,True,ortholog_one2one
CMKLR1,ENSSSCG00000031346,ENSG00000174600,True,ortholog_one2one
CMKLR2,ENSSSCG00000016129,ENSG00000183671,True,ortholog_one2one
CMTM8,ENSSSCG00000022618,ENSG00000170293,True,ortholog_one2one
CMTR2,ENSSSCG00000033156,ENSG00000180917,True,ortholog_one2one
CMYA5,ENSSSCG00000026098,ENSG00000164309,True,ortholog_one2one
CNBD1,ENSSSCG00000036161,ENSG00000176571,True,ortholog_one2one
CNBD2,ENSSSCG00000007313,ENSG00000149646,True,ortholog_one2one
CNBP,ENSSSCG00000040879,ENSG00000169714,True,ortholog_one2one
CNDP1,ENSSSCG00000004869,ENSG00000150656,True,ortholog_one2one
CNDP2,ENSSSCG00000004870,ENSG00000133313,True,ortholog_one2one
CNEP1R1,ENSSSCG00000036005,ENSG00000205423,True,ortholog_one2one
CNFN,ENSSSCG00000027022,ENSG00000105427,True,ortholog_one2one
CNGA1,ENSSSCG00000038160,ENSG00000198515,True,ortholog_one2one
CNGA2,ENSSSCG00000012753,ENSG00000183862,True,ortholog_one2one
CNGA3,ENSSSCG00000027113,ENSG00000144191,True,ortholog_one2one
CNGB3,ENSSSCG00000006134,ENSG00000170289,True,ortholog_one2one
CNIH1,ENSSSCG00000027256,ENSG00000100528,True,ortholog_one2one
CNKSR1,ENSSSCG00000028387,ENSG00000142675,True,ortholog_one2one
CNKSR2,ENSSSCG00000012164,ENSG00000149970,True,ortholog_one2one
CNKSR3,ENSSSCG00000004071,ENSG00000153721,True,ortholog_one2one
CNMD,ENSSSCG00000009442,ENSG00000136110,True,ortholog_one2one
CNN1,ENSSSCG00000013614,ENSG00000130176,True,ortholog_one2one
CNN2,ENSSSCG00000039542,ENSG00000064666,True,ortholog_one2one
CNN3,ENSSSCG00000006887,ENSG00000117519,True,ortholog_one2one
CNNM1,ENSSSCG00000010536,ENSG00000119946,True,ortholog_one2one
CNNM2,ENSSSCG00000010593,ENSG00000148842,True,ortholog_one2one
CNNM3,ENSSSCG00000008201,ENSG00000168763,True,ortholog_one2one
CNNM4,ENSSSCG00000008202,ENSG00000158158,True,ortholog_one2one
CNOT6L,ENSSSCG00000008989,ENSG00000138767,True,ortholog_one2one
CNOT7,ENSSSCG00000006983,ENSG00000198791,True,ortholog_one2one
CNOT8,ENSSSCG00000017067,ENSG00000155508,True,ortholog_one2one
CNP,ENSSSCG00000017420,ENSG00000173786,True,ortholog_one2one
CNPPD1,ENSSSCG00000016206,ENSG00000115649,True,ortholog_one2one
CNPY2,ENSSSCG00000000394,ENSG00000257727,True,ortholog_one2one
CNPY3,ENSSSCG00000001651,ENSG00000137161,True,ortholog_one2one
CNPY4,ENSSSCG00000032054,ENSG00000166997,True,ortholog_one2one
CNR1,ENSSSCG00000004309,ENSG00000118432,True,ortholog_one2one
CNTROB,ENSSSCG00000017968,ENSG00000170037,True,ortholog_one2one
COA1,ENSSSCG00000027491,ENSG00000106603,True,ortholog_one2one
COA4,ENSSSCG00000014830,ENSG00000181924,True,ortholog_one2one
COA6,ENSSSCG00000010161,ENSG00000168275,True,ortholog_one2one
COA7,ENSSSCG00000027119,ENSG00000162377,True,ortholog_one2one
COASY,ENSSSCG00000017398,ENSG00000068120,True,ortholog_one2one
COBLL1,ENSSSCG00000025598,ENSG00000082438,True,ortholog_one2one
COG1,ENSSSCG00000017248,ENSG00000166685,True,ortholog_one2one
COG2,ENSSSCG00000010183,ENSG00000135775,True,ortholog_one2one
COG3,ENSSSCG00000023738,ENSG00000136152,True,ortholog_one2one
COG4,ENSSSCG00000027973,ENSG00000103051,True,ortholog_one2one
COG5,ENSSSCG00000037556,ENSG00000164597,True,ortholog_one2one
COG6,ENSSSCG00000009369,ENSG00000133103,True,ortholog_one2one
COIL,ENSSSCG00000017613,ENSG00000121058,True,ortholog_one2one
COL12A1,ENSSSCG00000004484,ENSG00000111799,True,ortholog_one2one
COL13A1,ENSSSCG00000010256,ENSG00000197467,True,ortholog_one2one
COL14A1,ENSSSCG00000005997,ENSG00000187955,True,ortholog_one2one
COL15A1,ENSSSCG00000005380,ENSG00000204291,True,ortholog_one2one
COL16A1,ENSSSCG00000003603,ENSG00000084636,True,ortholog_one2one
COL21A1,ENSSSCG00000001500,ENSG00000124749,True,ortholog_one2one
COL22A1,ENSSSCG00000005938,ENSG00000169436,True,ortholog_one2one
COL23A1,ENSSSCG00000014029,ENSG00000050767,True,ortholog_one2one
COL24A1,ENSSSCG00000031738,ENSG00000171502,True,ortholog_one2one
COL28A1,ENSSSCG00000015342,ENSG00000215018,True,ortholog_one2one
COL4A2,ENSSSCG00000009545,ENSG00000134871,True,ortholog_one2one
COL4A6,ENSSSCG00000012571,ENSG00000197565,True,ortholog_one2one
COL5A1,ENSSSCG00000005751,ENSG00000130635,True,ortholog_one2one
COL5A2,ENSSSCG00000016035,ENSG00000204262,True,ortholog_one2one
COL5A3,ENSSSCG00000013667,ENSG00000080573,True,ortholog_one2one
COL6A2,ENSSSCG00000028022,ENSG00000142173,True,ortholog_one2one
COL6A3,ENSSSCG00000027331,ENSG00000163359,True,ortholog_one2one
COLEC11,ENSSSCG00000025629,ENSG00000118004,True,ortholog_one2one
COLEC12,ENSSSCG00000040397,ENSG00000158270,True,ortholog_one2one
COLGALT2,ENSSSCG00000030217,ENSG00000198756,True,ortholog_one2one
COMMD1,ENSSSCG00000008376,ENSG00000173163,True,ortholog_one2one
COMMD10,ENSSSCG00000014223,ENSG00000145781,True,ortholog_one2one
COMMD2,ENSSSCG00000011705,ENSG00000114744,True,ortholog_one2one
COMMD3,ENSSSCG00000011082,ENSG00000148444,True,ortholog_one2one
COMMD4,ENSSSCG00000001884,ENSG00000140365,True,ortholog_one2one
COMMD5,ENSSSCG00000035123,ENSG00000170619,True,ortholog_one2one
COMMD8,ENSSSCG00000033373,ENSG00000169019,True,ortholog_one2one
COMMD9,ENSSSCG00000013293,ENSG00000110442,True,ortholog_one2one
COMP,ENSSSCG00000013916,ENSG00000105664,True,ortholog_one2one
COMT,ENSSSCG00000010132,ENSG00000093010,True,ortholog_one2one
COMTD1,ENSSSCG00000037237,ENSG00000165644,True,ortholog_one2one
COPS7B,ENSSSCG00000033334,ENSG00000144524,True,ortholog_one2one
COPS8,ENSSSCG00000016323,ENSG00000198612,True,ortholog_one2one
COPS9,ENSSSCG00000020790,ENSG00000172428,True,ortholog_one2one
COPZ1,ENSSSCG00000000290,ENSG00000111481,True,ortholog_one2one
COPZ2,ENSSSCG00000017526,ENSG00000005243,True,ortholog_one2one
COQ10A,ENSSSCG00000025190,ENSG00000135469,True,ortholog_one2one
COQ10B,ENSSSCG00000016076,ENSG00000115520,True,ortholog_one2one
COQ2,ENSSSCG00000009238,ENSG00000173085,True,ortholog_one2one
COQ4,ENSSSCG00000005646,ENSG00000167113,True,ortholog_one2one
COQ7,ENSSSCG00000034655,ENSG00000167186,True,ortholog_one2one
CORO1B,ENSSSCG00000012920,ENSG00000172725,True,ortholog_one2one
CORO1C,ENSSSCG00000009944,ENSG00000110880,True,ortholog_one2one
CORO2A,ENSSSCG00000005375,ENSG00000106789,True,ortholog_one2one
CORO2B,ENSSSCG00000004962,ENSG00000103647,True,ortholog_one2one
CORO6,ENSSSCG00000017792,ENSG00000167549,True,ortholog_one2one
CORT,ENSSSCG00000027822,ENSG00000241563,True,ortholog_one2one
COTL1,ENSSSCG00000037645,ENSG00000103187,True,ortholog_one2one
COX11,ENSSSCG00000031433,ENSG00000166260,True,ortholog_one2one
COX16,ENSSSCG00000002316,ENSG00000133983,True,ortholog_one2one
COX17,ENSSSCG00000011893,ENSG00000138495,True,ortholog_one2one
COX5A,ENSSSCG00000024316,ENSG00000178741,True,ortholog_one2one
COX6A1,ENSSSCG00000039265,ENSG00000111775,True,ortholog_one2one
COX6A2,ENSSSCG00000036789,ENSG00000156885,True,ortholog_one2one
COX6B2,ENSSSCG00000035612,ENSG00000160471,True,ortholog_one2one
COX7A1,ENSSSCG00000037792,ENSG00000161281,True,ortholog_one2one
COX7A2,ENSSSCG00000004480,ENSG00000112695,True,ortholog_one2one
COX7A2L,ENSSSCG00000008466,ENSG00000115944,True,ortholog_one2one
COX8A,ENSSSCG00000013046,ENSG00000176340,True,ortholog_one2one
CPEB1,ENSSSCG00000001808,ENSG00000214575,True,ortholog_one2one
CPEB3,ENSSSCG00000010468,ENSG00000107864,True,ortholog_one2one
CPEB4,ENSSSCG00000016981,ENSG00000113742,True,ortholog_one2one
CPLANE1,ENSSSCG00000016843,ENSG00000197603,True,ortholog_one2one
CPLANE2,ENSSSCG00000003473,ENSG00000132881,True,ortholog_one2one
CPLX1,ENSSSCG00000037527,ENSG00000168993,True,ortholog_one2one
CPLX2,ENSSSCG00000033682,ENSG00000145920,True,ortholog_one2one
CPLX4,ENSSSCG00000004909,ENSG00000166569,True,ortholog_one2one
CPM,ENSSSCG00000023630,ENSG00000135678,True,ortholog_one2one
CPN1,ENSSSCG00000010545,ENSG00000120054,True,ortholog_one2one
CPN2,ENSSSCG00000025128,ENSG00000178772,True,ortholog_one2one
CPOX,ENSSSCG00000011978,ENSG00000080819,True,ortholog_one2one
CPSF4,ENSSSCG00000026896,ENSG00000160917,True,ortholog_one2one
CPT1A,ENSSSCG00000012880,ENSG00000110090,True,ortholog_one2one
CPT1C,ENSSSCG00000024872,ENSG00000169169,True,ortholog_one2one
CPT2,ENSSSCG00000003851,ENSG00000157184,True,ortholog_one2one
CPVL,ENSSSCG00000016688,ENSG00000106066,True,ortholog_one2one
CPXM1,ENSSSCG00000007170,ENSG00000088882,True,ortholog_one2one
CPZ,ENSSSCG00000032151,ENSG00000109625,True,ortholog_one2one
CRABP2,ENSSSCG00000006472,ENSG00000143320,True,ortholog_one2one
CREB1,ENSSSCG00000034395,ENSG00000118260,True,ortholog_one2one
CREB3,ENSSSCG00000005318,ENSG00000107175,True,ortholog_one2one
CREB3L1,ENSSSCG00000013263,ENSG00000157613,True,ortholog_one2one
CREB3L2,ENSSSCG00000016520,ENSG00000182158,True,ortholog_one2one
CREB3L3,ENSSSCG00000013501,ENSG00000060566,True,ortholog_one2one
CREB5,ENSSSCG00000016690,ENSG00000146592,True,ortholog_one2one
CREBBP,ENSSSCG00000007951,ENSG00000005339,True,ortholog_one2one
CREBL2,ENSSSCG00000034418,ENSG00000111269,True,ortholog_one2one
CREBRF,ENSSSCG00000016986,ENSG00000164463,True,ortholog_one2one
CRIP3,ENSSSCG00000001672,ENSG00000146215,True,ortholog_one2one
CRISP1,ENSSSCG00000001739,ENSG00000124812,True,ortholog_one2one
CRISP2,ENSSSCG00000001736,ENSG00000124490,True,ortholog_one2one
CRISP3,ENSSSCG00000024347,ENSG00000096006,True,ortholog_one2one
CRISPLD1,ENSSSCG00000006171,ENSG00000121005,True,ortholog_one2one
CRK,ENSSSCG00000038989,ENSG00000167193,True,ortholog_one2one
CRKL,ENSSSCG00000010095,ENSG00000099942,True,ortholog_one2one
CRLF1,ENSSSCG00000013909,ENSG00000006016,True,ortholog_one2one
CRLF3,ENSSSCG00000017743,ENSG00000176390,True,ortholog_one2one
CROT,ENSSSCG00000015391,ENSG00000005469,True,ortholog_one2one
CRP,ENSSSCG00000006403,ENSG00000132693,True,ortholog_one2one
CRPPA,ENSSSCG00000015358,ENSG00000214960,True,ortholog_one2one
CRTAC1,ENSSSCG00000010530,ENSG00000095713,True,ortholog_one2one
CRTAM,ENSSSCG00000015137,ENSG00000109943,True,ortholog_one2one
CRTC1,ENSSSCG00000013915,ENSG00000105662,True,ortholog_one2one
CRTC3,ENSSSCG00000034090,ENSG00000140577,True,ortholog_one2one
CRX,ENSSSCG00000003124,ENSG00000105392,True,ortholog_one2one
CRY2,ENSSSCG00000013270,ENSG00000121671,True,ortholog_one2one
CRYAA,ENSSSCG00000038816,ENSG00000160202,True,ortholog_one2one
CRYBB1,ENSSSCG00000009964,ENSG00000100122,True,ortholog_one2one
CRYBB2,ENSSSCG00000009955,ENSG00000244752,True,ortholog_one2one
CRYBB3,ENSSSCG00000009954,ENSG00000100053,True,ortholog_one2one
CRYBG1,ENSSSCG00000004371,ENSG00000112297,True,ortholog_one2one
CRYBG2,ENSSSCG00000033539,ENSG00000176092,True,ortholog_one2one
CRYBG3,ENSSSCG00000022895,ENSG00000080200,True,ortholog_one2one
CRYGN,ENSSSCG00000038413,ENSG00000127377,True,ortholog_one2one
CRYGS,ENSSSCG00000040431,ENSG00000213139,True,ortholog_one2one
CRYL1,ENSSSCG00000009268,ENSG00000165475,True,ortholog_one2one
CRYM,ENSSSCG00000007849,ENSG00000103316,True,ortholog_one2one
CSDC2,ENSSSCG00000000062,ENSG00000172346,True,ortholog_one2one
CSDE1,ENSSSCG00000006752,ENSG00000009307,True,ortholog_one2one
CSF1,ENSSSCG00000037449,ENSG00000184371,True,ortholog_one2one
CSF2RB,ENSSSCG00000000136,ENSG00000100368,True,ortholog_one2one
CSF3,ENSSSCG00000017488,ENSG00000108342,True,ortholog_one2one
CSN1S1,ENSSSCG00000009262,ENSG00000126545,True,ortholog_one2one
CSN2,ENSSSCG00000009261,ENSG00000135222,True,ortholog_one2one
CSN3,ENSSSCG00000009267,ENSG00000171209,True,ortholog_one2one
CSNK1A1,ENSSSCG00000014435,ENSG00000113712,True,ortholog_one2one
CSNK1D,ENSSSCG00000035852,ENSG00000141551,True,ortholog_one2one
CSNK1E,ENSSSCG00000000107,ENSG00000213923,True,ortholog_one2one
CSNK1G3,ENSSSCG00000014240,ENSG00000151292,True,ortholog_one2one
CSRNP1,ENSSSCG00000011264,ENSG00000144655,True,ortholog_one2one
CSRNP3,ENSSSCG00000015906,ENSG00000178662,True,ortholog_one2one
CSRP1,ENSSSCG00000020976,ENSG00000159176,True,ortholog_one2one
CSRP2,ENSSSCG00000000951,ENSG00000175183,True,ortholog_one2one
CSRP3,ENSSSCG00000013354,ENSG00000129170,True,ortholog_one2one
CST11,ENSSSCG00000007122,ENSG00000125831,True,ortholog_one2one
CST3,ENSSSCG00000037360,ENSG00000101439,True,ortholog_one2one
CST6,ENSSSCG00000012960,ENSG00000175315,True,ortholog_one2one
CST7,ENSSSCG00000007131,ENSG00000077984,True,ortholog_one2one
CST8,ENSSSCG00000007124,ENSG00000125815,True,ortholog_one2one
CTBP2,ENSSSCG00000010739,ENSG00000175029,True,ortholog_one2one
CTBS,ENSSSCG00000003758,ENSG00000117151,True,ortholog_one2one
CTC1,ENSSSCG00000026818,ENSG00000178971,True,ortholog_one2one
CTCF,ENSSSCG00000024253,ENSG00000102974,True,ortholog_one2one
CTCFL,ENSSSCG00000007505,ENSG00000124092,True,ortholog_one2one
CTDNEP1,ENSSSCG00000017935,ENSG00000175826,True,ortholog_one2one
CTDP1,ENSSSCG00000005787,ENSG00000060069,True,ortholog_one2one
CTNNB1,ENSSSCG00000011274,ENSG00000168036,True,ortholog_one2one
CTNNBIP1,ENSSSCG00000036868,ENSG00000178585,True,ortholog_one2one
CTNND1,ENSSSCG00000013174,ENSG00000198561,True,ortholog_one2one
CTNND2,ENSSSCG00000016780,ENSG00000169862,True,ortholog_one2one
CTNS,ENSSSCG00000017865,ENSG00000040531,True,ortholog_one2one
CTSF,ENSSSCG00000038918,ENSG00000174080,True,ortholog_one2one
CTSH,ENSSSCG00000001770,ENSG00000103811,True,ortholog_one2one
CTSL,ENSSSCG00000010948,ENSG00000135047,True,ortholog_one2one
CTSS,ENSSSCG00000006648,ENSG00000163131,True,ortholog_one2one
CTSV,ENSSSCG00000011171,ENSG00000136943,True,ortholog_one2one
CTSW,ENSSSCG00000012970,ENSG00000172543,True,ortholog_one2one
CTTN,ENSSSCG00000031769,ENSG00000085733,True,ortholog_one2one
CTTNBP2,ENSSSCG00000016625,ENSG00000077063,True,ortholog_one2one
CUL1,ENSSSCG00000015455,ENSG00000055130,True,ortholog_one2one
CUL3,ENSSSCG00000016234,ENSG00000036257,True,ortholog_one2one
CUL4A,ENSSSCG00000009556,ENSG00000139842,True,ortholog_one2one
CUL4B,ENSSSCG00000029478,ENSG00000158290,True,ortholog_one2one
CUL5,ENSSSCG00000029198,ENSG00000166266,True,ortholog_one2one
CUL7,ENSSSCG00000001657,ENSG00000044090,True,ortholog_one2one
CUL9,ENSSSCG00000030196,ENSG00000112659,True,ortholog_one2one
CWC27,ENSSSCG00000016942,ENSG00000153015,True,ortholog_one2one
CX3CR1,ENSSSCG00000024024,ENSG00000168329,True,ortholog_one2one
CXADR,ENSSSCG00000032702,ENSG00000154639,True,ortholog_one2one
CXCL10,ENSSSCG00000032474,ENSG00000169245,True,ortholog_one2one
CXCL11,ENSSSCG00000008978,ENSG00000169248,True,ortholog_one2one
CXCL12,ENSSSCG00000034973,ENSG00000107562,True,ortholog_one2one
CXCL14,ENSSSCG00000014310,ENSG00000145824,True,ortholog_one2one
CXCL16,ENSSSCG00000017920,ENSG00000161921,True,ortholog_one2one
CXCR5,ENSSSCG00000015098,ENSG00000160683,True,ortholog_one2one
CXCR6,ENSSSCG00000011318,ENSG00000172215,True,ortholog_one2one
CXORF38,ENSSSCG00000012249,ENSG00000185753,True,ortholog_one2one
CXXC1,ENSSSCG00000004517,ENSG00000154832,True,ortholog_one2one
CYB5R1,ENSSSCG00000010929,ENSG00000159348,True,ortholog_one2one
CYB5R3,ENSSSCG00000000038,ENSG00000100243,True,ortholog_one2one
CYB5R4,ENSSSCG00000022994,ENSG00000065615,True,ortholog_one2one
CYB5RL,ENSSSCG00000020677,ENSG00000215883,True,ortholog_one2one
CYBA,ENSSSCG00000031493,ENSG00000051523,True,ortholog_one2one
CYBB,ENSSSCG00000036246,ENSG00000165168,True,ortholog_one2one
CYLC2,ENSSSCG00000005401,ENSG00000155833,True,ortholog_one2one
CYLD,ENSSSCG00000040286,ENSG00000083799,True,ortholog_one2one
CYP1A1,ENSSSCG00000001906,ENSG00000140465,True,ortholog_one2one
CYP1A2,ENSSSCG00000001901,ENSG00000140505,True,ortholog_one2one
CYP1B1,ENSSSCG00000033844,ENSG00000138061,True,ortholog_one2one
CYP24A1,ENSSSCG00000007486,ENSG00000019186,True,ortholog_one2one
CYP26B1,ENSSSCG00000008311,ENSG00000003137,True,ortholog_one2one
CYP26C1,ENSSSCG00000010474,ENSG00000187553,True,ortholog_one2one
CYP27A1,ENSSSCG00000016199,ENSG00000135929,True,ortholog_one2one
CYP27B1,ENSSSCG00000028637,ENSG00000111012,True,ortholog_one2one
CYP2E1,ENSSSCG00000010780,ENSG00000130649,True,ortholog_one2one
CYP51A1,ENSSSCG00000015311,ENSG00000001630,True,ortholog_one2one
CYSTM1,ENSSSCG00000014361,ENSG00000120306,True,ortholog_one2one
CYTH1,ENSSSCG00000017167,ENSG00000108669,True,ortholog_one2one
CYTH3,ENSSSCG00000034768,ENSG00000008256,True,ortholog_one2one
CYTH4,ENSSSCG00000000130,ENSG00000100055,True,ortholog_one2one
CYTL1,ENSSSCG00000008725,ENSG00000170891,True,ortholog_one2one
CYYR1,ENSSSCG00000037935,ENSG00000166265,True,ortholog_one2one
CZIB,ENSSSCG00000003850,ENSG00000162384,True,ortholog_one2one
D2HGDH,ENSSSCG00000034101,ENSG00000180902,True,ortholog_one2one
DAAM1,ENSSSCG00000005078,ENSG00000100592,True,ortholog_one2one
DAAM2,ENSSSCG00000001595,ENSG00000146122,True,ortholog_one2one
DAB1,ENSSSCG00000003833,ENSG00000173406,True,ortholog_one2one
DACH2,ENSSSCG00000036515,ENSG00000126733,True,ortholog_one2one
DAP,ENSSSCG00000032942,ENSG00000112977,True,ortholog_one2one
DAPK2,ENSSSCG00000021588,ENSG00000035664,True,ortholog_one2one
DAPL1,ENSSSCG00000015879,ENSG00000163331,True,ortholog_one2one
DAPP1,ENSSSCG00000039327,ENSG00000070190,True,ortholog_one2one
DARS1,ENSSSCG00000015689,ENSG00000115866,True,ortholog_one2one
DARS2,ENSSSCG00000015492,ENSG00000117593,True,ortholog_one2one
DAW1,ENSSSCG00000016255,ENSG00000123977,True,ortholog_one2one
DAZAP2,ENSSSCG00000022674,ENSG00000183283,True,ortholog_one2one
DBF4B,ENSSSCG00000037238,ENSG00000161692,True,ortholog_one2one
DBH,ENSSSCG00000005742,ENSG00000123454,True,ortholog_one2one
DBT,ENSSSCG00000006866,ENSG00000137992,True,ortholog_one2one
DBX1,ENSSSCG00000013350,ENSG00000109851,True,ortholog_one2one
DBX2,ENSSSCG00000035938,ENSG00000185610,True,ortholog_one2one
DCAF1,ENSSSCG00000011417,ENSG00000145041,True,ortholog_one2one
DCAF10,ENSSSCG00000005356,ENSG00000122741,True,ortholog_one2one
DCAF11,ENSSSCG00000002008,ENSG00000100897,True,ortholog_one2one
DCAF12,ENSSSCG00000024384,ENSG00000198876,True,ortholog_one2one
DCAF12L2,ENSSSCG00000012645,ENSG00000198354,True,ortholog_one2one
DCAF13,ENSSSCG00000006048,ENSG00000164934,True,ortholog_one2one
DCAF15,ENSSSCG00000013763,ENSG00000132017,True,ortholog_one2one
DCAF16,ENSSSCG00000040393,ENSG00000163257,True,ortholog_one2one
DCAF17,ENSSSCG00000015947,ENSG00000115827,True,ortholog_one2one
DCC,ENSSSCG00000040836,ENSG00000187323,True,ortholog_one2one
DCLK3,ENSSSCG00000011241,ENSG00000163673,True,ortholog_one2one
DCLRE1A,ENSSSCG00000010644,ENSG00000198924,True,ortholog_one2one
DCLRE1B,ENSSSCG00000006761,ENSG00000118655,True,ortholog_one2one
DCLRE1C,ENSSSCG00000011049,ENSG00000152457,True,ortholog_one2one
DCN,ENSSSCG00000000915,ENSG00000011465,True,ortholog_one2one
DCP1A,ENSSSCG00000022616,ENSG00000272886,True,ortholog_one2one
DCP1B,ENSSSCG00000023976,ENSG00000151065,True,ortholog_one2one
DCP2,ENSSSCG00000014204,ENSG00000172795,True,ortholog_one2one
DCPS,ENSSSCG00000015231,ENSG00000110063,True,ortholog_one2one
DCST1,ENSSSCG00000035071,ENSG00000163357,True,ortholog_one2one
DCSTAMP,ENSSSCG00000006043,ENSG00000164935,True,ortholog_one2one
DCT,ENSSSCG00000009490,ENSG00000080166,True,ortholog_one2one
DCTPP1,ENSSSCG00000007795,ENSG00000179958,True,ortholog_one2one
DCUN1D3,ENSSSCG00000007854,ENSG00000188215,True,ortholog_one2one
DCUN1D5,ENSSSCG00000014989,ENSG00000137692,True,ortholog_one2one
DCX,ENSSSCG00000012585,ENSG00000077279,True,ortholog_one2one
DDA1,ENSSSCG00000031251,ENSG00000130311,True,ortholog_one2one
DDB1,ENSSSCG00000013094,ENSG00000167986,True,ortholog_one2one
DDB2,ENSSSCG00000013243,ENSG00000134574,True,ortholog_one2one
DDHD2,ENSSSCG00000015818,ENSG00000085788,True,ortholog_one2one
DDO,ENSSSCG00000004401,ENSG00000203797,True,ortholog_one2one
DDX1,ENSSSCG00000008619,ENSG00000079785,True,ortholog_one2one
DDX11,ENSSSCG00000000745,ENSG00000013573,True,ortholog_one2one
DDX19B,ENSSSCG00000002722,ENSG00000157349,True,ortholog_one2one
DDX20,ENSSSCG00000006783,ENSG00000064703,True,ortholog_one2one
DDX24,ENSSSCG00000002470,ENSG00000089737,True,ortholog_one2one
DDX42,ENSSSCG00000017289,ENSG00000198231,True,ortholog_one2one
DDX46,ENSSSCG00000026644,ENSG00000145833,True,ortholog_one2one
DDX47,ENSSSCG00000033149,ENSG00000213782,True,ortholog_one2one
DDX49,ENSSSCG00000025329,ENSG00000105671,True,ortholog_one2one
DDX50,ENSSSCG00000010246,ENSG00000107625,True,ortholog_one2one
DEAF1,ENSSSCG00000012850,ENSG00000177030,True,ortholog_one2one
DECR1,ENSSSCG00000006126,ENSG00000104325,True,ortholog_one2one
DECR2,ENSSSCG00000007987,ENSG00000242612,True,ortholog_one2one
DEDD,ENSSSCG00000006365,ENSG00000158796,True,ortholog_one2one
DEDD2,ENSSSCG00000030182,ENSG00000160570,True,ortholog_one2one
DEF6,ENSSSCG00000001538,ENSG00000023892,True,ortholog_one2one
DEFB116,ENSSSCG00000007215,ENSG00000215545,True,ortholog_one2one
DEFB127,ENSSSCG00000035759,ENSG00000088782,True,ortholog_one2one
DEFB129,ENSSSCG00000007218,ENSG00000125903,True,ortholog_one2one
DELE1,ENSSSCG00000014396,ENSG00000081791,True,ortholog_one2one
DENND1A,ENSSSCG00000005585,ENSG00000119522,True,ortholog_one2one
DENND1B,ENSSSCG00000010900,ENSG00000213047,True,ortholog_one2one
DENND1C,ENSSSCG00000013546,ENSG00000205744,True,ortholog_one2one
DENND5A,ENSSSCG00000014578,ENSG00000184014,True,ortholog_one2one
DENND5B,ENSSSCG00000022636,ENSG00000170456,True,ortholog_one2one
DEPDC5,ENSSSCG00000010034,ENSG00000100150,True,ortholog_one2one
DEPP1,ENSSSCG00000022256,ENSG00000165507,True,ortholog_one2one
DEPTOR,ENSSSCG00000049630,ENSG00000155792,True,ortholog_one2one
DERL2,ENSSSCG00000031530,ENSG00000072849,True,ortholog_one2one
DERL3,ENSSSCG00000039626,ENSG00000099958,True,ortholog_one2one
DES,ENSSSCG00000020785,ENSG00000175084,True,ortholog_one2one
DESI2,ENSSSCG00000010876,ENSG00000121644,True,ortholog_one2one
DEUP1,ENSSSCG00000014943,ENSG00000165325,True,ortholog_one2one
DFFA,ENSSSCG00000003404,ENSG00000160049,True,ortholog_one2one
DFFB,ENSSSCG00000021436,ENSG00000169598,True,ortholog_one2one
DGAT2L6,ENSSSCG00000012381,ENSG00000184210,True,ortholog_one2one
DGCR8,ENSSSCG00000010135,ENSG00000128191,True,ortholog_one2one
DGKA,ENSSSCG00000000370,ENSG00000065357,True,ortholog_one2one
DGKD,ENSSSCG00000009432,ENSG00000077044,True,ortholog_one2one
DGKE,ENSSSCG00000017615,ENSG00000153933,True,ortholog_one2one
DGKG,ENSSSCG00000022550,ENSG00000058866,True,ortholog_one2one
DGKQ,ENSSSCG00000027286,ENSG00000145214,True,ortholog_one2one
DHDDS,ENSSSCG00000033516,ENSG00000117682,True,ortholog_one2one
DHDH,ENSSSCG00000003144,ENSG00000104808,True,ortholog_one2one
DHH,ENSSSCG00000000188,ENSG00000139549,True,ortholog_one2one
DHPS,ENSSSCG00000013723,ENSG00000095059,True,ortholog_one2one
DHRS1,ENSSSCG00000001991,ENSG00000157379,True,ortholog_one2one
DHRS13,ENSSSCG00000017778,ENSG00000167536,True,ortholog_one2one
DHRS3,ENSSSCG00000003439,ENSG00000162496,True,ortholog_one2one
DHX30,ENSSSCG00000011342,ENSG00000132153,True,ortholog_one2one
DHX34,ENSSSCG00000003114,ENSG00000134815,True,ortholog_one2one
DHX35,ENSSSCG00000007352,ENSG00000101452,True,ortholog_one2one
DHX36,ENSSSCG00000024916,ENSG00000174953,True,ortholog_one2one
DHX38,ENSSSCG00000002748,ENSG00000140829,True,ortholog_one2one
DIAPH3,ENSSSCG00000009448,ENSG00000139734,True,ortholog_one2one
DIO1,ENSSSCG00000028896,ENSG00000211452,True,ortholog_one2one
DIO2,ENSSSCG00000040638,ENSG00000211448,True,ortholog_one2one
DIO3,ENSSSCG00000036990,ENSG00000197406,True,ortholog_one2one
DIP2A,ENSSSCG00000035657,ENSG00000160305,True,ortholog_one2one
DIP2B,ENSSSCG00000029196,ENSG00000066084,True,ortholog_one2one
DIPK2A,ENSSSCG00000036206,ENSG00000181744,True,ortholog_one2one
DIPK2B,ENSSSCG00000026984,ENSG00000147113,True,ortholog_one2one
DIS3L,ENSSSCG00000004941,ENSG00000166938,True,ortholog_one2one
DIS3L2,ENSSSCG00000022177,ENSG00000144535,True,ortholog_one2one
DISC1,ENSSSCG00000010170,ENSG00000162946,True,ortholog_one2one
DISP1,ENSSSCG00000035479,ENSG00000154309,True,ortholog_one2one
DLD,ENSSSCG00000015443,ENSG00000091140,True,ortholog_one2one
DLEU7,ENSSSCG00000009387,ENSG00000186047,True,ortholog_one2one
DLG1,ENSSSCG00000011833,ENSG00000075711,True,ortholog_one2one
DLG2,ENSSSCG00000014904,ENSG00000150672,True,ortholog_one2one
DLG3,ENSSSCG00000012375,ENSG00000082458,True,ortholog_one2one
DLG4,ENSSSCG00000024285,ENSG00000132535,True,ortholog_one2one
DLG5,ENSSSCG00000026268,ENSG00000151208,True,ortholog_one2one
DLX3,ENSSSCG00000017589,ENSG00000064195,True,ortholog_one2one
DLX4,ENSSSCG00000034653,ENSG00000108813,True,ortholog_one2one
DLX5,ENSSSCG00000038838,ENSG00000105880,True,ortholog_one2one
DLX6,ENSSSCG00000033314,ENSG00000006377,True,ortholog_one2one
DMAC1,ENSSSCG00000005196,ENSG00000137038,True,ortholog_one2one
DMAC2,ENSSSCG00000032711,ENSG00000105341,True,ortholog_one2one
DMAC2L,ENSSSCG00000031354,ENSG00000125375,True,ortholog_one2one
DMAP1,ENSSSCG00000034096,ENSG00000178028,True,ortholog_one2one
DMRT1,ENSSSCG00000005236,ENSG00000137090,True,ortholog_one2one
DMRTB1,ENSSSCG00000003847,ENSG00000143006,True,ortholog_one2one
DMTN,ENSSSCG00000009613,ENSG00000158856,True,ortholog_one2one
DMXL1,ENSSSCG00000027857,ENSG00000172869,True,ortholog_one2one
DMXL2,ENSSSCG00000032517,ENSG00000104093,True,ortholog_one2one
DNA2,ENSSSCG00000010240,ENSG00000138346,True,ortholog_one2one
DNAAF1,ENSSSCG00000002675,ENSG00000154099,True,ortholog_one2one
DNAAF8,ENSSSCG00000007935,ENSG00000166246,True,ortholog_one2one
DNAH17,ENSSSCG00000036056,ENSG00000187775,True,ortholog_one2one
DNAH5,ENSSSCG00000032827,ENSG00000039139,True,ortholog_one2one
DNAH6,ENSSSCG00000045529,ENSG00000115423,True,ortholog_one2one
DNAH7,ENSSSCG00000032814,ENSG00000118997,True,ortholog_one2one
DNAI1,ENSSSCG00000039342,ENSG00000122735,True,ortholog_one2one
DNAI2,ENSSSCG00000024357,ENSG00000171595,True,ortholog_one2one
DNAI3,ENSSSCG00000006950,ENSG00000162643,True,ortholog_one2one
DNAJB5,ENSSSCG00000005297,ENSG00000137094,True,ortholog_one2one
DNAJC10,ENSSSCG00000016017,ENSG00000077232,True,ortholog_one2one
DNAJC11,ENSSSCG00000003384,ENSG00000007923,True,ortholog_one2one
DNAJC12,ENSSSCG00000035600,ENSG00000108176,True,ortholog_one2one
DNAJC13,ENSSSCG00000011628,ENSG00000138246,True,ortholog_one2one
DNAJC14,ENSSSCG00000000366,ENSG00000135392,True,ortholog_one2one
DNAJC16,ENSSSCG00000003464,ENSG00000116138,True,ortholog_one2one
DNAJC22,ENSSSCG00000000198,ENSG00000178401,True,ortholog_one2one
DNAJC3,ENSSSCG00000026082,ENSG00000102580,True,ortholog_one2one
DNAJC6,ENSSSCG00000003807,ENSG00000116675,True,ortholog_one2one
DNAJC8,ENSSSCG00000038907,ENSG00000126698,True,ortholog_one2one
DNAJC9,ENSSSCG00000023482,ENSG00000213551,True,ortholog_one2one
DNAL1,ENSSSCG00000039469,ENSG00000119661,True,ortholog_one2one
DNASE1L1,ENSSSCG00000037032,ENSG00000013563,True,ortholog_one2one
DNASE1L2,ENSSSCG00000024587,ENSG00000167968,True,ortholog_one2one
DNASE2,ENSSSCG00000013731,ENSG00000105612,True,ortholog_one2one
DNASE2B,ENSSSCG00000026532,ENSG00000137976,True,ortholog_one2one
DND1,ENSSSCG00000014374,ENSG00000256453,True,ortholog_one2one
DNLZ,ENSSSCG00000034732,ENSG00000213221,True,ortholog_one2one
DNM2,ENSSSCG00000013630,ENSG00000079805,True,ortholog_one2one
DNPEP,ENSSSCG00000016220,ENSG00000123992,True,ortholog_one2one
DNPH1,ENSSSCG00000026568,ENSG00000112667,True,ortholog_one2one
DNTTIP1,ENSSSCG00000007422,ENSG00000101457,True,ortholog_one2one
DOCK11,ENSSSCG00000012634,ENSG00000147251,True,ortholog_one2one
DOCK7,ENSSSCG00000003818,ENSG00000116641,True,ortholog_one2one
DOHH,ENSSSCG00000013478,ENSG00000129932,True,ortholog_one2one
DOK2,ENSSSCG00000009612,ENSG00000147443,True,ortholog_one2one
DOK4,ENSSSCG00000029165,ENSG00000125170,True,ortholog_one2one
DOK5,ENSSSCG00000007488,ENSG00000101134,True,ortholog_one2one
DOLK,ENSSSCG00000005666,ENSG00000175283,True,ortholog_one2one
DOLPP1,ENSSSCG00000031669,ENSG00000167130,True,ortholog_one2one
DPF1,ENSSSCG00000025160,ENSG00000011332,True,ortholog_one2one
DPF3,ENSSSCG00000002333,ENSG00000205683,True,ortholog_one2one
DPH6,ENSSSCG00000035254,ENSG00000134146,True,ortholog_one2one
DPH7,ENSSSCG00000031630,ENSG00000148399,True,ortholog_one2one
DPM1,ENSSSCG00000034952,ENSG00000000419,True,ortholog_one2one
DPM2,ENSSSCG00000032481,ENSG00000136908,True,ortholog_one2one
DPP10,ENSSSCG00000015711,ENSG00000175497,True,ortholog_one2one
DPP3,ENSSSCG00000030415,ENSG00000254986,True,ortholog_one2one
DPP4,ENSSSCG00000015894,ENSG00000197635,True,ortholog_one2one
DPP6,ENSSSCG00000016423,ENSG00000130226,True,ortholog_one2one
DPP7,ENSSSCG00000033991,ENSG00000176978,True,ortholog_one2one
DPP8,ENSSSCG00000004934,ENSG00000074603,True,ortholog_one2one
DPP9,ENSSSCG00000026063,ENSG00000142002,True,ortholog_one2one
DPPA2,ENSSSCG00000031524,ENSG00000163530,True,ortholog_one2one
DPPA4,ENSSSCG00000044778,ENSG00000121570,True,ortholog_one2one
DPPA5,ENSSSCG00000004283,ENSG00000203909,True,ortholog_one2one
DPRX,ENSSSCG00000046881,ENSG00000204595,True,ortholog_one2one
DPT,ENSSSCG00000035937,ENSG00000143196,True,ortholog_one2one
DPY19L1,ENSSSCG00000027063,ENSG00000173852,True,ortholog_one2one
DPY19L2,ENSSSCG00000016663,ENSG00000177990,True,ortholog_one2one
DPY19L3,ENSSSCG00000022521,ENSG00000178904,True,ortholog_one2one
DPY19L4,ENSSSCG00000006098,ENSG00000156162,True,ortholog_one2one
DPY30,ENSSSCG00000008516,ENSG00000162961,True,ortholog_one2one
DPYD,ENSSSCG00000006878,ENSG00000188641,True,ortholog_one2one
DPYSL2,ENSSSCG00000030130,ENSG00000092964,True,ortholog_one2one
DPYSL3,ENSSSCG00000036549,ENSG00000113657,True,ortholog_one2one
DPYSL5,ENSSSCG00000008560,ENSG00000157851,True,ortholog_one2one
DRD4,ENSSSCG00000012851,ENSG00000069696,True,ortholog_one2one
DRD5,ENSSSCG00000008730,ENSG00000169676,True,ortholog_one2one
DRG1,ENSSSCG00000010029,ENSG00000185721,True,ortholog_one2one
DRG2,ENSSSCG00000036328,ENSG00000108591,True,ortholog_one2one
DRGX,ENSSSCG00000037404,ENSG00000165606,True,ortholog_one2one
DROSHA,ENSSSCG00000016809,ENSG00000113360,True,ortholog_one2one
DRP2,ENSSSCG00000012492,ENSG00000102385,True,ortholog_one2one
DSC1,ENSSSCG00000003726,ENSG00000134765,True,ortholog_one2one
DSCAM,ENSSSCG00000012072,ENSG00000171587,True,ortholog_one2one
DSP,ENSSSCG00000001025,ENSG00000096696,True,ortholog_one2one
DTD1,ENSSSCG00000007098,ENSG00000125821,True,ortholog_one2one
DTNBP1,ENSSSCG00000001062,ENSG00000047579,True,ortholog_one2one
DTWD1,ENSSSCG00000004647,ENSG00000104047,True,ortholog_one2one
DTWD2,ENSSSCG00000014225,ENSG00000169570,True,ortholog_one2one
DTX1,ENSSSCG00000009873,ENSG00000135144,True,ortholog_one2one
DTX3,ENSSSCG00000000449,ENSG00000178498,True,ortholog_one2one
DTX4,ENSSSCG00000013145,ENSG00000110042,True,ortholog_one2one
DUSP11,ENSSSCG00000008298,ENSG00000144048,True,ortholog_one2one
DUSP12,ENSSSCG00000006347,ENSG00000081721,True,ortholog_one2one
DUSP13B,ENSSSCG00000035105,ENSG00000079393,True,ortholog_one2one
DUSP16,ENSSSCG00000032097,ENSG00000111266,True,ortholog_one2one
DUSP2,ENSSSCG00000035971,ENSG00000158050,True,ortholog_one2one
DUSP22,ENSSSCG00000031489,ENSG00000112679,True,ortholog_one2one
DUSP23,ENSSSCG00000033585,ENSG00000158716,True,ortholog_one2one
DUSP29,ENSSSCG00000010317,ENSG00000188716,True,ortholog_one2one
DUSP3,ENSSSCG00000020744,ENSG00000108861,True,ortholog_one2one
DUSP4,ENSSSCG00000015850,ENSG00000120875,True,ortholog_one2one
DUSP6,ENSSSCG00000037910,ENSG00000139318,True,ortholog_one2one
DYNAP,ENSSSCG00000042812,ENSG00000178690,True,ortholog_one2one
DYNC1H1,ENSSSCG00000040738,ENSG00000197102,True,ortholog_one2one
DYNC1I1,ENSSSCG00000015335,ENSG00000158560,True,ortholog_one2one
DYNC1I2,ENSSSCG00000015948,ENSG00000077380,True,ortholog_one2one
DYNC1LI2,ENSSSCG00000036210,ENSG00000135720,True,ortholog_one2one
DYNC2LI1,ENSSSCG00000038383,ENSG00000138036,True,ortholog_one2one
DYNLRB2,ENSSSCG00000031421,ENSG00000168589,True,ortholog_one2one
DYNLT1,ENSSSCG00000033107,ENSG00000146425,True,ortholog_one2one
DYNLT2,ENSSSCG00000004009,ENSG00000184786,True,ortholog_one2one
DYNLT3,ENSSSCG00000028908,ENSG00000165169,True,ortholog_one2one
DYNLT4,ENSSSCG00000037270,ENSG00000188396,True,ortholog_one2one
DYNLT5,ENSSSCG00000031352,ENSG00000152760,True,ortholog_one2one
DYRK1A,ENSSSCG00000030480,ENSG00000157540,True,ortholog_one2one
DYRK1B,ENSSSCG00000027197,ENSG00000105204,True,ortholog_one2one
DYRK2,ENSSSCG00000000958,ENSG00000127334,True,ortholog_one2one
DYRK4,ENSSSCG00000000721,ENSG00000010219,True,ortholog_one2one
DYSF,ENSSSCG00000008312,ENSG00000135636,True,ortholog_one2one
DZANK1,ENSSSCG00000007094,ENSG00000089091,True,ortholog_one2one
DZIP1,ENSSSCG00000009501,ENSG00000134874,True,ortholog_one2one
DZIP1L,ENSSSCG00000027467,ENSG00000158163,True,ortholog_one2one
E2F1,ENSSSCG00000007268,ENSG00000101412,True,ortholog_one2one
E2F4,ENSSSCG00000002787,ENSG00000205250,True,ortholog_one2one
E2F5,ENSSSCG00000006145,ENSG00000133740,True,ortholog_one2one
E2F6,ENSSSCG00000026161,ENSG00000169016,True,ortholog_one2one
E2F7,ENSSSCG00000000950,ENSG00000165891,True,ortholog_one2one
EBAG9,ENSSSCG00000006024,ENSG00000147654,True,ortholog_one2one
ECE1,ENSSSCG00000003513,ENSG00000117298,True,ortholog_one2one
ECH1,ENSSSCG00000028943,ENSG00000104823,True,ortholog_one2one
ECHDC1,ENSSSCG00000004216,ENSG00000093144,True,ortholog_one2one
ECHDC2,ENSSSCG00000003854,ENSG00000121310,True,ortholog_one2one
ECHDC3,ENSSSCG00000011119,ENSG00000134463,True,ortholog_one2one
EDA,ENSSSCG00000021647,ENSG00000158813,True,ortholog_one2one
EDAR,ENSSSCG00000008134,ENSG00000135960,True,ortholog_one2one
EDC3,ENSSSCG00000001903,ENSG00000179151,True,ortholog_one2one
EDC4,ENSSSCG00000002771,ENSG00000038358,True,ortholog_one2one
EDF1,ENSSSCG00000038203,ENSG00000107223,True,ortholog_one2one
EDN1,ENSSSCG00000035598,ENSG00000078401,True,ortholog_one2one
EDN2,ENSSSCG00000037856,ENSG00000127129,True,ortholog_one2one
EDN3,ENSSSCG00000007527,ENSG00000124205,True,ortholog_one2one
EED,ENSSSCG00000014915,ENSG00000074266,True,ortholog_one2one
EEF1D,ENSSSCG00000006954,ENSG00000104529,True,ortholog_one2one
EEF1E1,ENSSSCG00000036257,ENSG00000124802,True,ortholog_one2one
EEF2,ENSSSCG00000025675,ENSG00000167658,True,ortholog_one2one
EEF2K,ENSSSCG00000007839,ENSG00000103319,True,ortholog_one2one
EFCAB12,ENSSSCG00000011587,ENSG00000172771,True,ortholog_one2one
EFEMP1,ENSSSCG00000008397,ENSG00000115380,True,ortholog_one2one
EFEMP2,ENSSSCG00000012971,ENSG00000172638,True,ortholog_one2one
EFHC1,ENSSSCG00000002620,ENSG00000096093,True,ortholog_one2one
EFHD1,ENSSSCG00000016290,ENSG00000115468,True,ortholog_one2one
EFHD2,ENSSSCG00000003458,ENSG00000142634,True,ortholog_one2one
EFL1,ENSSSCG00000001792,ENSG00000140598,True,ortholog_one2one
EFNA1,ENSSSCG00000006530,ENSG00000169242,True,ortholog_one2one
EFNA2,ENSSSCG00000038701,ENSG00000099617,True,ortholog_one2one
EFNA5,ENSSSCG00000036520,ENSG00000184349,True,ortholog_one2one
EFNB1,ENSSSCG00000032728,ENSG00000090776,True,ortholog_one2one
EFR3A,ENSSSCG00000005955,ENSG00000132294,True,ortholog_one2one
EFS,ENSSSCG00000002026,ENSG00000100842,True,ortholog_one2one
EFTUD2,ENSSSCG00000017346,ENSG00000108883,True,ortholog_one2one
EGF,ENSSSCG00000009134,ENSG00000138798,True,ortholog_one2one
EGFL6,ENSSSCG00000012121,ENSG00000198759,True,ortholog_one2one
EGFL7,ENSSSCG00000005828,ENSG00000172889,True,ortholog_one2one
EGFLAM,ENSSSCG00000016848,ENSG00000164318,True,ortholog_one2one
EGFR,ENSSSCG00000022126,ENSG00000146648,True,ortholog_one2one
EGLN2,ENSSSCG00000002995,ENSG00000269858,True,ortholog_one2one
EHD3,ENSSSCG00000035987,ENSG00000013016,True,ortholog_one2one
EHD4,ENSSSCG00000020666,ENSG00000103966,True,ortholog_one2one
EHF,ENSSSCG00000013300,ENSG00000135373,True,ortholog_one2one
EHHADH,ENSSSCG00000040296,ENSG00000113790,True,ortholog_one2one
EHMT1,ENSSSCG00000038437,ENSG00000181090,True,ortholog_one2one
EI24,ENSSSCG00000015213,ENSG00000149547,True,ortholog_one2one
EIF1,ENSSSCG00000017430,ENSG00000173812,True,ortholog_one2one
EIF2B2,ENSSSCG00000002377,ENSG00000119718,True,ortholog_one2one
EIF2B3,ENSSSCG00000029808,ENSG00000070785,True,ortholog_one2one
EIF2B4,ENSSSCG00000023140,ENSG00000115211,True,ortholog_one2one
EIF2B5,ENSSSCG00000011783,ENSG00000145191,True,ortholog_one2one
EIF2D,ENSSSCG00000015648,ENSG00000143486,True,ortholog_one2one
EIF3A,ENSSSCG00000010679,ENSG00000107581,True,ortholog_one2one
EIF3E,ENSSSCG00000006033,ENSG00000104408,True,ortholog_one2one
EIF3F,ENSSSCG00000039647,ENSG00000175390,True,ortholog_one2one
EIF3G,ENSSSCG00000013661,ENSG00000130811,True,ortholog_one2one
EIF3H,ENSSSCG00000006016,ENSG00000147677,True,ortholog_one2one
EIF3K,ENSSSCG00000002963,ENSG00000178982,True,ortholog_one2one
EIF4E3,ENSSSCG00000011516,ENSG00000163412,True,ortholog_one2one
EIF4EBP1,ENSSSCG00000022301,ENSG00000187840,True,ortholog_one2one
EIF4EBP2,ENSSSCG00000034444,ENSG00000148730,True,ortholog_one2one
EIF4ENIF1,ENSSSCG00000010030,ENSG00000184708,True,ortholog_one2one
EIF4G1,ENSSSCG00000030255,ENSG00000114867,True,ortholog_one2one
EIF4G2,ENSSSCG00000013405,ENSG00000110321,True,ortholog_one2one
EIF4G3,ENSSSCG00000003512,ENSG00000075151,True,ortholog_one2one
EIF5A2,ENSSSCG00000040946,ENSG00000163577,True,ortholog_one2one
ELAC2,ENSSSCG00000028465,ENSG00000006744,True,ortholog_one2one
ELAVL1,ENSSSCG00000013592,ENSG00000066044,True,ortholog_one2one
ELAVL2,ENSSSCG00000005130,ENSG00000107105,True,ortholog_one2one
ELAVL3,ENSSSCG00000013617,ENSG00000196361,True,ortholog_one2one
ELAVL4,ENSSSCG00000037291,ENSG00000162374,True,ortholog_one2one
ELF1,ENSSSCG00000009440,ENSG00000120690,True,ortholog_one2one
ELF2,ENSSSCG00000029920,ENSG00000109381,True,ortholog_one2one
ELF3,ENSSSCG00000010922,ENSG00000163435,True,ortholog_one2one
ELF5,ENSSSCG00000013301,ENSG00000135374,True,ortholog_one2one
ELOVL2,ENSSSCG00000001045,ENSG00000197977,True,ortholog_one2one
ELOVL3,ENSSSCG00000010577,ENSG00000119915,True,ortholog_one2one
ELOVL4,ENSSSCG00000028080,ENSG00000118402,True,ortholog_one2one
ELOVL6,ENSSSCG00000036236,ENSG00000170522,True,ortholog_one2one
EMC10,ENSSSCG00000039372,ENSG00000161671,True,ortholog_one2one
EMC7,ENSSSCG00000027051,ENSG00000134153,True,ortholog_one2one
EMC8,ENSSSCG00000045808,ENSG00000131148,True,ortholog_one2one
EMC9,ENSSSCG00000002005,ENSG00000100908,True,ortholog_one2one
EMCN,ENSSSCG00000038080,ENSG00000164035,True,ortholog_one2one
EMD,ENSSSCG00000037777,ENSG00000102119,True,ortholog_one2one
EME1,ENSSSCG00000017571,ENSG00000154920,True,ortholog_one2one
EMID1,ENSSSCG00000009975,ENSG00000186998,True,ortholog_one2one
EML3,ENSSSCG00000013061,ENSG00000149499,True,ortholog_one2one
EML6,ENSSSCG00000026559,ENSG00000214595,True,ortholog_one2one
EMP2,ENSSSCG00000037065,ENSG00000213853,True,ortholog_one2one
EMP3,ENSSSCG00000023377,ENSG00000142227,True,ortholog_one2one
EMSY,ENSSSCG00000014868,ENSG00000158636,True,ortholog_one2one
EMX1,ENSSSCG00000008308,ENSG00000135638,True,ortholog_one2one
EMX2,ENSSSCG00000032558,ENSG00000170370,True,ortholog_one2one
EN1,ENSSSCG00000015715,ENSG00000163064,True,ortholog_one2one
EN2,ENSSSCG00000035324,ENSG00000164778,True,ortholog_one2one
ENAM,ENSSSCG00000008938,ENSG00000132464,True,ortholog_one2one
ENKD1,ENSSSCG00000028661,ENSG00000124074,True,ortholog_one2one
ENKUR,ENSSSCG00000032929,ENSG00000151023,True,ortholog_one2one
ENO1,ENSSSCG00000022343,ENSG00000074800,True,ortholog_one2one
ENO2,ENSSSCG00000028373,ENSG00000111674,True,ortholog_one2one
ENO3,ENSSSCG00000017904,ENSG00000108515,True,ortholog_one2one
ENO4,ENSSSCG00000010664,ENSG00000188316,True,ortholog_one2one
ENOPH1,ENSSSCG00000009246,ENSG00000145293,True,ortholog_one2one
ENOX1,ENSSSCG00000021818,ENSG00000120658,True,ortholog_one2one
ENOX2,ENSSSCG00000012663,ENSG00000165675,True,ortholog_one2one
ENPP1,ENSSSCG00000004193,ENSG00000197594,True,ortholog_one2one
ENPP7,ENSSSCG00000017163,ENSG00000182156,True,ortholog_one2one
ENSA,ENSSSCG00000006653,ENSG00000143420,True,ortholog_one2one
ENTHD1,ENSSSCG00000000081,ENSG00000176177,True,ortholog_one2one
ENTPD1,ENSSSCG00000010497,ENSG00000138185,True,ortholog_one2one
ENTPD2,ENSSSCG00000032303,ENSG00000054179,True,ortholog_one2one
ENTPD3,ENSSSCG00000025783,ENSG00000168032,True,ortholog_one2one
ENTPD4,ENSSSCG00000031871,ENSG00000197217,True,ortholog_one2one
ENTPD5,ENSSSCG00000002355,ENSG00000187097,True,ortholog_one2one
ENTPD8,ENSSSCG00000005852,ENSG00000188833,True,ortholog_one2one
ENTR1,ENSSSCG00000035221,ENSG00000165689,True,ortholog_one2one
ENTREP1,ENSSSCG00000005249,ENSG00000135063,True,ortholog_one2one
ENTREP2,ENSSSCG00000004850,ENSG00000104059,True,ortholog_one2one
ENY2,ENSSSCG00000038444,ENSG00000120533,True,ortholog_one2one
EOGT,ENSSSCG00000011504,ENSG00000163378,True,ortholog_one2one
EOMES,ENSSSCG00000040057,ENSG00000163508,True,ortholog_one2one
EP300,ENSSSCG00000000068,ENSG00000100393,True,ortholog_one2one
EP400,ENSSSCG00000028018,ENSG00000183495,True,ortholog_one2one
EPAS1,ENSSSCG00000008443,ENSG00000116016,True,ortholog_one2one
EPB41,ENSSSCG00000003586,ENSG00000159023,True,ortholog_one2one
EPB41L1,ENSSSCG00000007314,ENSG00000088367,True,ortholog_one2one
EPB41L3,ENSSSCG00000003687,ENSG00000082397,True,ortholog_one2one
EPB41L4A,ENSSSCG00000029860,ENSG00000129595,True,ortholog_one2one
EPB41L4B,ENSSSCG00000005446,ENSG00000095203,True,ortholog_one2one
EPB41L5,ENSSSCG00000039185,ENSG00000115109,True,ortholog_one2one
EPB42,ENSSSCG00000004714,ENSG00000166947,True,ortholog_one2one
EPC1,ENSSSCG00000011028,ENSG00000120616,True,ortholog_one2one
EPC2,ENSSSCG00000027211,ENSG00000135999,True,ortholog_one2one
EPCAM,ENSSSCG00000008429,ENSG00000119888,True,ortholog_one2one
EPDR1,ENSSSCG00000020963,ENSG00000086289,True,ortholog_one2one
EPG5,ENSSSCG00000021072,ENSG00000152223,True,ortholog_one2one
EPHA1,ENSSSCG00000016459,ENSG00000146904,True,ortholog_one2one
EPHA10,ENSSSCG00000038675,ENSG00000183317,True,ortholog_one2one
EPHA2,ENSSSCG00000003471,ENSG00000142627,True,ortholog_one2one
EPHA6,ENSSSCG00000033898,ENSG00000080224,True,ortholog_one2one
EPHB1,ENSSSCG00000024492,ENSG00000154928,True,ortholog_one2one
EPHB2,ENSSSCG00000003527,ENSG00000133216,True,ortholog_one2one
EPHB6,ENSSSCG00000016473,ENSG00000106123,True,ortholog_one2one
EPHX1,ENSSSCG00000010853,ENSG00000143819,True,ortholog_one2one
EPHX2,ENSSSCG00000009666,ENSG00000120915,True,ortholog_one2one
EPHX3,ENSSSCG00000028144,ENSG00000105131,True,ortholog_one2one
EPHX4,ENSSSCG00000032057,ENSG00000172031,True,ortholog_one2one
EPM2AIP1,ENSSSCG00000030247,ENSG00000178567,True,ortholog_one2one
EPN1,ENSSSCG00000039670,ENSG00000063245,True,ortholog_one2one
EPN2,ENSSSCG00000040457,ENSG00000072134,True,ortholog_one2one
EPN3,ENSSSCG00000027226,ENSG00000049283,True,ortholog_one2one
EPO,ENSSSCG00000007673,ENSG00000130427,True,ortholog_one2one
EPPIN,ENSSSCG00000033572,ENSG00000101448,True,ortholog_one2one
EPRS1,ENSSSCG00000010821,ENSG00000136628,True,ortholog_one2one
EPS15,ENSSSCG00000003872,ENSG00000085832,True,ortholog_one2one
EPS15L1,ENSSSCG00000013857,ENSG00000127527,True,ortholog_one2one
EPYC,ENSSSCG00000000918,ENSG00000083782,True,ortholog_one2one
ERAL1,ENSSSCG00000017776,ENSG00000132591,True,ortholog_one2one
ERAP1,ENSSSCG00000014171,ENSG00000164307,True,ortholog_one2one
ERAS,ENSSSCG00000042563,ENSG00000187682,True,ortholog_one2one
ERBB2,ENSSSCG00000017497,ENSG00000141736,True,ortholog_one2one
ERBB3,ENSSSCG00000020725,ENSG00000065361,True,ortholog_one2one
ERBB4,ENSSSCG00000016160,ENSG00000178568,True,ortholog_one2one
ERBIN,ENSSSCG00000016954,ENSG00000112851,True,ortholog_one2one
ERC1,ENSSSCG00000000755,ENSG00000082805,True,ortholog_one2one
ERC2,ENSSSCG00000024417,ENSG00000187672,True,ortholog_one2one
ERCC2,ENSSSCG00000039929,ENSG00000104884,True,ortholog_one2one
ERCC3,ENSSSCG00000015721,ENSG00000163161,True,ortholog_one2one
ERCC6L,ENSSSCG00000021834,ENSG00000186871,True,ortholog_one2one
ERCC6L2,ENSSSCG00000010941,ENSG00000182150,True,ortholog_one2one
ERF,ENSSSCG00000032154,ENSG00000105722,True,ortholog_one2one
ERFE,ENSSSCG00000016337,ENSG00000178752,True,ortholog_one2one
ERG28,ENSSSCG00000036494,ENSG00000133935,True,ortholog_one2one
ERGIC1,ENSSSCG00000016988,ENSG00000113719,True,ortholog_one2one
ERGIC2,ENSSSCG00000000536,ENSG00000087502,True,ortholog_one2one
ERGIC3,ENSSSCG00000034045,ENSG00000125991,True,ortholog_one2one
ERH,ENSSSCG00000002307,ENSG00000100632,True,ortholog_one2one
ERI1,ENSSSCG00000033634,ENSG00000104626,True,ortholog_one2one
ERI2,ENSSSCG00000034074,ENSG00000196678,True,ortholog_one2one
ERI3,ENSSSCG00000036909,ENSG00000117419,True,ortholog_one2one
ERICH1,ENSSSCG00000028195,ENSG00000104714,True,ortholog_one2one
ERICH4,ENSSSCG00000040022,ENSG00000204978,True,ortholog_one2one
ERICH6,ENSSSCG00000022706,ENSG00000163645,True,ortholog_one2one
ERLEC1,ENSSSCG00000008414,ENSG00000068912,True,ortholog_one2one
ERMAP,ENSSSCG00000021745,ENSG00000164010,True,ortholog_one2one
ERMN,ENSSSCG00000034503,ENSG00000136541,True,ortholog_one2one
ERMP1,ENSSSCG00000005207,ENSG00000099219,True,ortholog_one2one
ERN1,ENSSSCG00000039909,ENSG00000178607,True,ortholog_one2one
ERN2,ENSSSCG00000040637,ENSG00000134398,True,ortholog_one2one
ERO1A,ENSSSCG00000005037,ENSG00000197930,True,ortholog_one2one
ERO1B,ENSSSCG00000010148,ENSG00000086619,True,ortholog_one2one
ERP27,ENSSSCG00000000605,ENSG00000139055,True,ortholog_one2one
ERP29,ENSSSCG00000009888,ENSG00000089248,True,ortholog_one2one
ERP44,ENSSSCG00000040634,ENSG00000023318,True,ortholog_one2one
ERRFI1,ENSSSCG00000035774,ENSG00000116285,True,ortholog_one2one
ESAM,ENSSSCG00000015200,ENSG00000149564,True,ortholog_one2one
ESCO1,ENSSSCG00000003700,ENSG00000141446,True,ortholog_one2one
ESCO2,ENSSSCG00000009670,ENSG00000171320,True,ortholog_one2one
ESD,ENSSSCG00000009407,ENSG00000139684,True,ortholog_one2one
ESF1,ENSSSCG00000007077,ENSG00000089048,True,ortholog_one2one
ESM1,ENSSSCG00000016900,ENSG00000164283,True,ortholog_one2one
ESPL1,ENSSSCG00000000265,ENSG00000135476,True,ortholog_one2one
ESPN,ENSSSCG00000003374,ENSG00000187017,True,ortholog_one2one
ESRP1,ENSSSCG00000006099,ENSG00000104413,True,ortholog_one2one
ESRP2,ENSSSCG00000035227,ENSG00000103067,True,ortholog_one2one
ESRRA,ENSSSCG00000013028,ENSG00000173153,True,ortholog_one2one
ESRRB,ENSSSCG00000002388,ENSG00000119715,True,ortholog_one2one
ESRRG,ENSSSCG00000010814,ENSG00000196482,True,ortholog_one2one
ESS2,ENSSSCG00000010114,ENSG00000100056,True,ortholog_one2one
ESYT1,ENSSSCG00000000379,ENSG00000139641,True,ortholog_one2one
ESYT2,ENSSSCG00000016406,ENSG00000117868,True,ortholog_one2one
ESYT3,ENSSSCG00000027505,ENSG00000158220,True,ortholog_one2one
ETAA1,ENSSSCG00000023908,ENSG00000143971,True,ortholog_one2one
ETF1,ENSSSCG00000014337,ENSG00000120705,True,ortholog_one2one
ETFA,ENSSSCG00000001862,ENSG00000140374,True,ortholog_one2one
ETFB,ENSSSCG00000003229,ENSG00000105379,True,ortholog_one2one
ETFDH,ENSSSCG00000008877,ENSG00000171503,True,ortholog_one2one
ETFRF1,ENSSSCG00000033843,ENSG00000205707,True,ortholog_one2one
ETNPPL,ENSSSCG00000009144,ENSG00000164089,True,ortholog_one2one
ETS1,ENSSSCG00000015235,ENSG00000134954,True,ortholog_one2one
ETS2,ENSSSCG00000038948,ENSG00000157557,True,ortholog_one2one
ETV1,ENSSSCG00000024591,ENSG00000006468,True,ortholog_one2one
ETV2,ENSSSCG00000002906,ENSG00000105672,True,ortholog_one2one
ETV3,ENSSSCG00000024970,ENSG00000117036,True,ortholog_one2one
ETV4,ENSSSCG00000017379,ENSG00000175832,True,ortholog_one2one
ETV5,ENSSSCG00000023229,ENSG00000244405,True,ortholog_one2one
ETV6,ENSSSCG00000024152,ENSG00000139083,True,ortholog_one2one
ETV7,ENSSSCG00000001561,ENSG00000010030,True,ortholog_one2one
EVA1A,ENSSSCG00000035958,ENSG00000115363,True,ortholog_one2one
EVA1B,ENSSSCG00000033892,ENSG00000142694,True,ortholog_one2one
EVA1C,ENSSSCG00000021598,ENSG00000166979,True,ortholog_one2one
EVC,ENSSSCG00000032637,ENSG00000072840,True,ortholog_one2one
EVC2,ENSSSCG00000024399,ENSG00000173040,True,ortholog_one2one
EVI2A,ENSSSCG00000017749,ENSG00000126860,True,ortholog_one2one
EVI2B,ENSSSCG00000017750,ENSG00000185862,True,ortholog_one2one
EVI5,ENSSSCG00000006901,ENSG00000067208,True,ortholog_one2one
EVI5L,ENSSSCG00000013585,ENSG00000142459,True,ortholog_one2one
EVL,ENSSSCG00000037105,ENSG00000196405,True,ortholog_one2one
EVPL,ENSSSCG00000017192,ENSG00000167880,True,ortholog_one2one
EVX1,ENSSSCG00000016696,ENSG00000106038,True,ortholog_one2one
EVX2,ENSSSCG00000023146,ENSG00000174279,True,ortholog_one2one
EWSR1,ENSSSCG00000009974,ENSG00000182944,True,ortholog_one2one
EXD1,ENSSSCG00000004752,ENSG00000178997,True,ortholog_one2one
EXD3,ENSSSCG00000005855,ENSG00000187609,True,ortholog_one2one
EXO1,ENSSSCG00000010865,ENSG00000174371,True,ortholog_one2one
EXO5,ENSSSCG00000003980,ENSG00000164002,True,ortholog_one2one
EXOC1,ENSSSCG00000023269,ENSG00000090989,True,ortholog_one2one
EXOC2,ENSSSCG00000000985,ENSG00000112685,True,ortholog_one2one
EXOC3,ENSSSCG00000039607,ENSG00000180104,True,ortholog_one2one
EXOC3L1,ENSSSCG00000002788,ENSG00000179044,True,ortholog_one2one
EXOC3L4,ENSSSCG00000036871,ENSG00000205436,True,ortholog_one2one
EXOC4,ENSSSCG00000016543,ENSG00000131558,True,ortholog_one2one
EXOC5,ENSSSCG00000005066,ENSG00000070367,True,ortholog_one2one
EXOC6,ENSSSCG00000010473,ENSG00000138190,True,ortholog_one2one
EXOC6B,ENSSSCG00000008310,ENSG00000144036,True,ortholog_one2one
EXOC7,ENSSSCG00000017190,ENSG00000182473,True,ortholog_one2one
EXOC8,ENSSSCG00000010174,ENSG00000116903,True,ortholog_one2one
EXOG,ENSSSCG00000011258,ENSG00000157036,True,ortholog_one2one
EXTL2,ENSSSCG00000006861,ENSG00000162694,True,ortholog_one2one
EYA3,ENSSSCG00000003580,ENSG00000158161,True,ortholog_one2one
EYA4,ENSSSCG00000034139,ENSG00000112319,True,ortholog_one2one
EZH1,ENSSSCG00000017382,ENSG00000108799,True,ortholog_one2one
EZH2,ENSSSCG00000028840,ENSG00000106462,True,ortholog_one2one
EZR,ENSSSCG00000004058,ENSG00000092820,True,ortholog_one2one
F10,ENSSSCG00000009558,ENSG00000126218,True,ortholog_one2one
F11,ENSSSCG00000032653,ENSG00000088926,True,ortholog_one2one
F11R,ENSSSCG00000006369,ENSG00000158769,True,ortholog_one2one
F12,ENSSSCG00000031274,ENSG00000131187,True,ortholog_one2one
F13A1,ENSSSCG00000024310,ENSG00000124491,True,ortholog_one2one
F13B,ENSSSCG00000023301,ENSG00000143278,True,ortholog_one2one
F2,ENSSSCG00000013252,ENSG00000180210,True,ortholog_one2one
F2R,ENSSSCG00000035355,ENSG00000181104,True,ortholog_one2one
F2RL1,ENSSSCG00000014091,ENSG00000164251,True,ortholog_one2one
F2RL2,ENSSSCG00000037582,ENSG00000164220,True,ortholog_one2one
F2RL3,ENSSSCG00000013868,ENSG00000127533,True,ortholog_one2one
F3,ENSSSCG00000022447,ENSG00000117525,True,ortholog_one2one
F9,ENSSSCG00000012711,ENSG00000101981,True,ortholog_one2one
FAAH,ENSSSCG00000003901,ENSG00000117480,True,ortholog_one2one
FAAP100,ENSSSCG00000029616,ENSG00000185504,True,ortholog_one2one
FAAP20,ENSSSCG00000032903,ENSG00000162585,True,ortholog_one2one
FAAP24,ENSSSCG00000040905,ENSG00000131944,True,ortholog_one2one
FABP2,ENSSSCG00000037272,ENSG00000145384,True,ortholog_one2one
FABP4,ENSSSCG00000040681,ENSG00000170323,True,ortholog_one2one
FABP5,ENSSSCG00000006153,ENSG00000164687,True,ortholog_one2one
FABP6,ENSSSCG00000017037,ENSG00000170231,True,ortholog_one2one
FABP7,ENSSSCG00000004234,ENSG00000164434,True,ortholog_one2one
FADS1,ENSSSCG00000024015,ENSG00000149485,True,ortholog_one2one
FADS2,ENSSSCG00000013072,ENSG00000134824,True,ortholog_one2one
FADS3,ENSSSCG00000013073,ENSG00000221968,True,ortholog_one2one
FADS6,ENSSSCG00000017226,ENSG00000172782,True,ortholog_one2one
FAM110D,ENSSSCG00000031074,ENSG00000197245,True,ortholog_one2one
FAM111A,ENSSSCG00000033703,ENSG00000166801,True,ortholog_one2one
FAM114A1,ENSSSCG00000008785,ENSG00000197712,True,ortholog_one2one
FAM117A,ENSSSCG00000017551,ENSG00000121104,True,ortholog_one2one
FAM117B,ENSSSCG00000016114,ENSG00000138439,True,ortholog_one2one
FAM120A,ENSSSCG00000008079,ENSG00000048828,True,ortholog_one2one
FAM120B,ENSSSCG00000029697,ENSG00000112584,True,ortholog_one2one
FAM120C,ENSSSCG00000035822,ENSG00000184083,True,ortholog_one2one
FAM124A,ENSSSCG00000029598,ENSG00000150510,True,ortholog_one2one
FAM124B,ENSSSCG00000021852,ENSG00000124019,True,ortholog_one2one
FAM131B,ENSSSCG00000028274,ENSG00000159784,True,ortholog_one2one
FAM131C,ENSSSCG00000003470,ENSG00000185519,True,ortholog_one2one
FAM133A,ENSSSCG00000031033,ENSG00000179083,True,ortholog_one2one
FAM133B,ENSSSCG00000045005,ENSG00000234545,True,ortholog_one2one
FAM135A,ENSSSCG00000004275,ENSG00000082269,True,ortholog_one2one
FAM162A,ENSSSCG00000026990,ENSG00000114023,True,ortholog_one2one
FAM168B,ENSSSCG00000033126,ENSG00000152102,True,ortholog_one2one
FAM169A,ENSSSCG00000014076,ENSG00000198780,True,ortholog_one2one
FAM170A,ENSSSCG00000014228,ENSG00000164334,True,ortholog_one2one
FAM170B,ENSSSCG00000010387,ENSG00000172538,True,ortholog_one2one
FAM171A1,ENSSSCG00000011047,ENSG00000148468,True,ortholog_one2one
FAM174A,ENSSSCG00000014179,ENSG00000174132,True,ortholog_one2one
FAM174B,ENSSSCG00000002265,ENSG00000185442,True,ortholog_one2one
FAM177A1,ENSSSCG00000034753,ENSG00000151327,True,ortholog_one2one
FAM177B,ENSSSCG00000010837,ENSG00000197520,True,ortholog_one2one
FAM180B,ENSSSCG00000013230,ENSG00000196666,True,ortholog_one2one
FAM181B,ENSSSCG00000014897,ENSG00000182103,True,ortholog_one2one
FAM184A,ENSSSCG00000004245,ENSG00000111879,True,ortholog_one2one
FAM184B,ENSSSCG00000026232,ENSG00000047662,True,ortholog_one2one
FAM186A,ENSSSCG00000026061,ENSG00000185958,True,ortholog_one2one
FAM187A,ENSSSCG00000017344,ENSG00000214447,True,ortholog_one2one
FAM200A,ENSSSCG00000029175,ENSG00000221909,True,ortholog_one2one
FAM200C,ENSSSCG00000038662,ENSG00000221886,True,ortholog_one2one
FAM20B,ENSSSCG00000015524,ENSG00000116199,True,ortholog_one2one
FAM20C,ENSSSCG00000020813,ENSG00000177706,True,ortholog_one2one
FAM216A,ENSSSCG00000009822,ENSG00000204856,True,ortholog_one2one
FAM216B,ENSSSCG00000009428,ENSG00000179813,True,ortholog_one2one
FAM217B,ENSSSCG00000007531,ENSG00000196227,True,ortholog_one2one
FAM221A,ENSSSCG00000038792,ENSG00000188732,True,ortholog_one2one
FAM221B,ENSSSCG00000005324,ENSG00000204930,True,ortholog_one2one
FAM222A,ENSSSCG00000009927,ENSG00000139438,True,ortholog_one2one
FAM222B,ENSSSCG00000039321,ENSG00000173065,True,ortholog_one2one
FAM227A,ENSSSCG00000035577,ENSG00000184949,True,ortholog_one2one
FAM227B,ENSSSCG00000004648,ENSG00000166262,True,ortholog_one2one
FAM228A,ENSSSCG00000008582,ENSG00000186453,True,ortholog_one2one
FAM229B,ENSSSCG00000036621,ENSG00000203778,True,ortholog_one2one
FAM241B,ENSSSCG00000040498,ENSG00000171224,True,ortholog_one2one
FAM50A,ENSSSCG00000025303,ENSG00000071859,True,ortholog_one2one
FAM53C,ENSSSCG00000021092,ENSG00000120709,True,ortholog_one2one
FAM78A,ENSSSCG00000028172,ENSG00000126882,True,ortholog_one2one
FAM78B,ENSSSCG00000006321,ENSG00000188859,True,ortholog_one2one
FAM81A,ENSSSCG00000004586,ENSG00000157470,True,ortholog_one2one
FAM81B,ENSSSCG00000026175,ENSG00000153347,True,ortholog_one2one
FAM89A,ENSSSCG00000038765,ENSG00000182118,True,ortholog_one2one
FAM89B,ENSSSCG00000035604,ENSG00000176973,True,ortholog_one2one
FAM8A1,ENSSSCG00000001070,ENSG00000137414,True,ortholog_one2one
FAM91A1,ENSSSCG00000024424,ENSG00000176853,True,ortholog_one2one
FAM98A,ENSSSCG00000008508,ENSG00000119812,True,ortholog_one2one
FAM98B,ENSSSCG00000004792,ENSG00000171262,True,ortholog_one2one
FAM98C,ENSSSCG00000002959,ENSG00000130244,True,ortholog_one2one
FAN1,ENSSSCG00000004845,ENSG00000198690,True,ortholog_one2one
FANCA,ENSSSCG00000024687,ENSG00000187741,True,ortholog_one2one
FARSA,ENSSSCG00000013745,ENSG00000179115,True,ortholog_one2one
FASN,ENSSSCG00000029944,ENSG00000169710,True,ortholog_one2one
FASTKD1,ENSSSCG00000015933,ENSG00000138399,True,ortholog_one2one
FASTKD2,ENSSSCG00000016134,ENSG00000118246,True,ortholog_one2one
FASTKD3,ENSSSCG00000017099,ENSG00000124279,True,ortholog_one2one
FASTKD5,ENSSSCG00000045134,ENSG00000215251,True,ortholog_one2one
FAT2,ENSSSCG00000017084,ENSG00000086570,True,ortholog_one2one
FAT4,ENSSSCG00000036155,ENSG00000196159,True,ortholog_one2one
FBF1,ENSSSCG00000017197,ENSG00000188878,True,ortholog_one2one
FBH1,ENSSSCG00000030030,ENSG00000134452,True,ortholog_one2one
FBL,ENSSSCG00000030510,ENSG00000105202,True,ortholog_one2one
FBLIM1,ENSSSCG00000003465,ENSG00000162458,True,ortholog_one2one
FBLN1,ENSSSCG00000000010,ENSG00000077942,True,ortholog_one2one
FBLN5,ENSSSCG00000002444,ENSG00000140092,True,ortholog_one2one
FBN3,ENSSSCG00000013594,ENSG00000142449,True,ortholog_one2one
FBXL16,ENSSSCG00000008006,ENSG00000127585,True,ortholog_one2one
FBXL17,ENSSSCG00000014190,ENSG00000145743,True,ortholog_one2one
FBXL18,ENSSSCG00000038526,ENSG00000155034,True,ortholog_one2one
FBXL19,ENSSSCG00000028186,ENSG00000099364,True,ortholog_one2one
FBXL2,ENSSSCG00000039802,ENSG00000153558,True,ortholog_one2one
FBXL20,ENSSSCG00000017506,ENSG00000108306,True,ortholog_one2one
FBXL22,ENSSSCG00000038786,ENSG00000197361,True,ortholog_one2one
FBXL3,ENSSSCG00000009472,ENSG00000005812,True,ortholog_one2one
FBXL5,ENSSSCG00000008740,ENSG00000118564,True,ortholog_one2one
FBXL6,ENSSSCG00000005909,ENSG00000182325,True,ortholog_one2one
FBXL8,ENSSSCG00000002793,ENSG00000135722,True,ortholog_one2one
FBXO10,ENSSSCG00000005350,ENSG00000147912,True,ortholog_one2one
FBXO11,ENSSSCG00000029485,ENSG00000138081,True,ortholog_one2one
FBXO15,ENSSSCG00000004873,ENSG00000141665,True,ortholog_one2one
FBXO17,ENSSSCG00000038805,ENSG00000269190,True,ortholog_one2one
FBXO4,ENSSSCG00000016865,ENSG00000151876,True,ortholog_one2one
FBXO40,ENSSSCG00000011885,ENSG00000163833,True,ortholog_one2one
FBXO41,ENSSSCG00000008302,ENSG00000163013,True,ortholog_one2one
FBXO42,ENSSSCG00000024794,ENSG00000037637,True,ortholog_one2one
FBXO45,ENSSSCG00000033030,ENSG00000174013,True,ortholog_one2one
FBXO46,ENSSSCG00000038367,ENSG00000177051,True,ortholog_one2one
FBXO47,ENSSSCG00000036532,ENSG00000204952,True,ortholog_one2one
FBXO48,ENSSSCG00000008347,ENSG00000204923,True,ortholog_one2one
FBXO7,ENSSSCG00000000156,ENSG00000100225,True,ortholog_one2one
FBXO8,ENSSSCG00000009702,ENSG00000164117,True,ortholog_one2one
FBXO9,ENSSSCG00000002629,ENSG00000112146,True,ortholog_one2one
FBXW11,ENSSSCG00000023307,ENSG00000072803,True,ortholog_one2one
FBXW4,ENSSSCG00000010566,ENSG00000107829,True,ortholog_one2one
FCHSD2,ENSSSCG00000014820,ENSG00000137478,True,ortholog_one2one
FCMR,ENSSSCG00000015656,ENSG00000162894,True,ortholog_one2one
FCRL5,ENSSSCG00000026210,ENSG00000143297,True,ortholog_one2one
FCRL6,ENSSSCG00000006397,ENSG00000181036,True,ortholog_one2one
FCRLA,ENSSSCG00000030246,ENSG00000132185,True,ortholog_one2one
FCRLB,ENSSSCG00000006348,ENSG00000162746,True,ortholog_one2one
FCSK,ENSSSCG00000025425,ENSG00000157353,True,ortholog_one2one
FDFT1,ENSSSCG00000026044,ENSG00000079459,True,ortholog_one2one
FDPS,ENSSSCG00000006512,ENSG00000160752,True,ortholog_one2one
FDX1,ENSSSCG00000035945,ENSG00000137714,True,ortholog_one2one
FDXACB1,ENSSSCG00000021871,ENSG00000255561,True,ortholog_one2one
FDXR,ENSSSCG00000017227,ENSG00000161513,True,ortholog_one2one
FECH,ENSSSCG00000004541,ENSG00000066926,True,ortholog_one2one
FEM1A,ENSSSCG00000037153,ENSG00000141965,True,ortholog_one2one
FEM1C,ENSSSCG00000014217,ENSG00000145780,True,ortholog_one2one
FER,ENSSSCG00000027074,ENSG00000151422,True,ortholog_one2one
FGD5,ENSSSCG00000011598,ENSG00000154783,True,ortholog_one2one
FGD6,ENSSSCG00000000901,ENSG00000180263,True,ortholog_one2one
FGF1,ENSSSCG00000024954,ENSG00000113578,True,ortholog_one2one
FGF10,ENSSSCG00000016878,ENSG00000070193,True,ortholog_one2one
FGF11,ENSSSCG00000051794,ENSG00000161958,True,ortholog_one2one
FGF12,ENSSSCG00000038584,ENSG00000114279,True,ortholog_one2one
FGF14,ENSSSCG00000009527,ENSG00000102466,True,ortholog_one2one
FGF17,ENSSSCG00000009609,ENSG00000158815,True,ortholog_one2one
FGF18,ENSSSCG00000016997,ENSG00000156427,True,ortholog_one2one
FGF19,ENSSSCG00000012871,ENSG00000162344,True,ortholog_one2one
FGF2,ENSSSCG00000036213,ENSG00000138685,True,ortholog_one2one
FGF20,ENSSSCG00000006980,ENSG00000078579,True,ortholog_one2one
FGF21,ENSSSCG00000003140,ENSG00000105550,True,ortholog_one2one
FGF22,ENSSSCG00000039236,ENSG00000070388,True,ortholog_one2one
FGF9,ENSSSCG00000009278,ENSG00000102678,True,ortholog_one2one
FGFBP1,ENSSSCG00000008741,ENSG00000137440,True,ortholog_one2one
FGG,ENSSSCG00000024314,ENSG00000171557,True,ortholog_one2one
FGGY,ENSSSCG00000003828,ENSG00000172456,True,ortholog_one2one
FGL1,ENSSSCG00000035335,ENSG00000104760,True,ortholog_one2one
FGR,ENSSSCG00000003578,ENSG00000000938,True,ortholog_one2one
FH,ENSSSCG00000028178,ENSG00000091483,True,ortholog_one2one
FHDC1,ENSSSCG00000009011,ENSG00000137460,True,ortholog_one2one
FHIP1A,ENSSSCG00000020717,ENSG00000164142,True,ortholog_one2one
FHIP2A,ENSSSCG00000010652,ENSG00000151553,True,ortholog_one2one
FHIP2B,ENSSSCG00000009614,ENSG00000158863,True,ortholog_one2one
FHIT,ENSSSCG00000035818,ENSG00000189283,True,ortholog_one2one
FHL1,ENSSSCG00000012699,ENSG00000022267,True,ortholog_one2one
FHL2,ENSSSCG00000008147,ENSG00000115641,True,ortholog_one2one
FHL3,ENSSSCG00000003644,ENSG00000183386,True,ortholog_one2one
FHL5,ENSSSCG00000004340,ENSG00000112214,True,ortholog_one2one
FHOD3,ENSSSCG00000027935,ENSG00000134775,True,ortholog_one2one
FIBCD1,ENSSSCG00000005707,ENSG00000130720,True,ortholog_one2one
FILIP1,ENSSSCG00000004479,ENSG00000118407,True,ortholog_one2one
FKBP2,ENSSSCG00000033757,ENSG00000173486,True,ortholog_one2one
FKBP4,ENSSSCG00000000743,ENSG00000004478,True,ortholog_one2one
FKBP5,ENSSSCG00000001549,ENSG00000096060,True,ortholog_one2one
FKBP6,ENSSSCG00000007702,ENSG00000077800,True,ortholog_one2one
FKBP7,ENSSSCG00000015999,ENSG00000079150,True,ortholog_one2one
FKBP8,ENSSSCG00000013905,ENSG00000105701,True,ortholog_one2one
FKBP9,ENSSSCG00000021250,ENSG00000122642,True,ortholog_one2one
FKRP,ENSSSCG00000003103,ENSG00000181027,True,ortholog_one2one
FKTN,ENSSSCG00000005426,ENSG00000106692,True,ortholog_one2one
FLACC1,ENSSSCG00000016105,ENSG00000155749,True,ortholog_one2one
FLI1,ENSSSCG00000015237,ENSG00000151702,True,ortholog_one2one
FLII,ENSSSCG00000039324,ENSG00000177731,True,ortholog_one2one
FLNB,ENSSSCG00000011471,ENSG00000136068,True,ortholog_one2one
FLNC,ENSSSCG00000016578,ENSG00000128591,True,ortholog_one2one
FLRT1,ENSSSCG00000013044,ENSG00000126500,True,ortholog_one2one
FLT3,ENSSSCG00000009314,ENSG00000122025,True,ortholog_one2one
FLVCR1,ENSSSCG00000015590,ENSG00000162769,True,ortholog_one2one
FMO1,ENSSSCG00000015268,ENSG00000010932,True,ortholog_one2one
FMO2,ENSSSCG00000015267,ENSG00000094963,True,ortholog_one2one
FMO3,ENSSSCG00000023472,ENSG00000007933,True,ortholog_one2one
FMO4,ENSSSCG00000015266,ENSG00000076258,True,ortholog_one2one
FMO5,ENSSSCG00000006702,ENSG00000131781,True,ortholog_one2one
FMOD,ENSSSCG00000015270,ENSG00000122176,True,ortholog_one2one
FN1,ENSSSCG00000016174,ENSG00000115414,True,ortholog_one2one
FN3K,ENSSSCG00000017131,ENSG00000167363,True,ortholog_one2one
FN3KRP,ENSSSCG00000017134,ENSG00000141560,True,ortholog_one2one
FNBP1,ENSSSCG00000005689,ENSG00000187239,True,ortholog_one2one
FNBP4,ENSSSCG00000030610,ENSG00000109920,True,ortholog_one2one
FNDC1,ENSSSCG00000004052,ENSG00000164694,True,ortholog_one2one
FNDC11,ENSSSCG00000038651,ENSG00000125531,True,ortholog_one2one
FNDC3A,ENSSSCG00000022159,ENSG00000102531,True,ortholog_one2one
FNTB,ENSSSCG00000002281,ENSG00000257365,True,ortholog_one2one
FOS,ENSSSCG00000002383,ENSG00000170345,True,ortholog_one2one
FOSB,ENSSSCG00000031616,ENSG00000125740,True,ortholog_one2one
FOSL1,ENSSSCG00000012967,ENSG00000175592,True,ortholog_one2one
FOSL2,ENSSSCG00000032527,ENSG00000075426,True,ortholog_one2one
FOXA1,ENSSSCG00000037634,ENSG00000129514,True,ortholog_one2one
FOXA3,ENSSSCG00000003092,ENSG00000170608,True,ortholog_one2one
FOXB1,ENSSSCG00000035244,ENSG00000171956,True,ortholog_one2one
FOXB2,ENSSSCG00000005279,ENSG00000204612,True,ortholog_one2one
FOXC1,ENSSSCG00000039756,ENSG00000054598,True,ortholog_one2one
FOXC2,ENSSSCG00000029296,ENSG00000176692,True,ortholog_one2one
FOXD1,ENSSSCG00000035878,ENSG00000251493,True,ortholog_one2one
FOXD3,ENSSSCG00000032215,ENSG00000187140,True,ortholog_one2one
FOXE1,ENSSSCG00000005369,ENSG00000178919,True,ortholog_one2one
FOXE3,ENSSSCG00000003884,ENSG00000186790,True,ortholog_one2one
FOXM1,ENSSSCG00000000739,ENSG00000111206,True,ortholog_one2one
FOXN2,ENSSSCG00000029593,ENSG00000170802,True,ortholog_one2one
FOXN3,ENSSSCG00000002429,ENSG00000053254,True,ortholog_one2one
FOXO3,ENSSSCG00000004387,ENSG00000118689,True,ortholog_one2one
FOXO4,ENSSSCG00000012399,ENSG00000184481,True,ortholog_one2one
FOXO6,ENSSSCG00000035074,ENSG00000204060,True,ortholog_one2one
FOXP1,ENSSSCG00000027675,ENSG00000114861,True,ortholog_one2one
FOXP2,ENSSSCG00000016639,ENSG00000128573,True,ortholog_one2one
FOXP3,ENSSSCG00000012300,ENSG00000049768,True,ortholog_one2one
FOXQ1,ENSSSCG00000000991,ENSG00000164379,True,ortholog_one2one
FOXR1,ENSSSCG00000015101,ENSG00000176302,True,ortholog_one2one
FOXRED1,ENSSSCG00000030017,ENSG00000110074,True,ortholog_one2one
FPGT,ENSSSCG00000003783,ENSG00000254685,True,ortholog_one2one
FRA10AC1,ENSSSCG00000024359,ENSG00000148690,True,ortholog_one2one
FRMD3,ENSSSCG00000010962,ENSG00000172159,True,ortholog_one2one
FRMD5,ENSSSCG00000004694,ENSG00000171877,True,ortholog_one2one
FRMD7,ENSSSCG00000023618,ENSG00000165694,True,ortholog_one2one
FRMPD2,ENSSSCG00000010379,ENSG00000170324,True,ortholog_one2one
FRMPD3,ENSSSCG00000012561,ENSG00000147234,True,ortholog_one2one
FRMPD4,ENSSSCG00000030877,ENSG00000169933,True,ortholog_one2one
FRRS1,ENSSSCG00000006873,ENSG00000156869,True,ortholog_one2one
FRRS1L,ENSSSCG00000038824,ENSG00000260230,True,ortholog_one2one
FRS2,ENSSSCG00000000493,ENSG00000166225,True,ortholog_one2one
FRYL,ENSSSCG00000008826,ENSG00000075539,True,ortholog_one2one
FRZB,ENSSSCG00000016018,ENSG00000162998,True,ortholog_one2one
FSD1,ENSSSCG00000013505,ENSG00000105255,True,ortholog_one2one
FSD2,ENSSSCG00000001806,ENSG00000186628,True,ortholog_one2one
FSHB,ENSSSCG00000013328,ENSG00000131808,True,ortholog_one2one
FTCD,ENSSSCG00000027926,ENSG00000160282,True,ortholog_one2one
FTO,ENSSSCG00000035949,ENSG00000140718,True,ortholog_one2one
FUBP1,ENSSSCG00000003771,ENSG00000162613,True,ortholog_one2one
FUBP3,ENSSSCG00000005702,ENSG00000107164,True,ortholog_one2one
FUNDC1,ENSSSCG00000012258,ENSG00000069509,True,ortholog_one2one
FUNDC2,ENSSSCG00000012817,ENSG00000165775,True,ortholog_one2one
FUOM,ENSSSCG00000010791,ENSG00000148803,True,ortholog_one2one
FUS,ENSSSCG00000030798,ENSG00000089280,True,ortholog_one2one
FUT1,ENSSSCG00000038580,ENSG00000174951,True,ortholog_one2one
FUT2,ENSSSCG00000003145,ENSG00000176920,True,ortholog_one2one
FUT7,ENSSSCG00000037554,ENSG00000180549,True,ortholog_one2one
FUT9,ENSSSCG00000004338,ENSG00000172461,True,ortholog_one2one
FUZ,ENSSSCG00000003198,ENSG00000010361,True,ortholog_one2one
FXR1,ENSSSCG00000011769,ENSG00000114416,True,ortholog_one2one
FXYD2,ENSSSCG00000015084,ENSG00000137731,True,ortholog_one2one
FZD1,ENSSSCG00000036436,ENSG00000157240,True,ortholog_one2one
FZD4,ENSSSCG00000014920,ENSG00000174804,True,ortholog_one2one
FZD5,ENSSSCG00000016140,ENSG00000163251,True,ortholog_one2one
FZD6,ENSSSCG00000006052,ENSG00000164930,True,ortholog_one2one
FZD7,ENSSSCG00000016111,ENSG00000155760,True,ortholog_one2one
FZD9,ENSSSCG00000023004,ENSG00000188763,True,ortholog_one2one
FZR1,ENSSSCG00000013481,ENSG00000105325,True,ortholog_one2one
G2E3,ENSSSCG00000001974,ENSG00000092140,True,ortholog_one2one
G3BP1,ENSSSCG00000035676,ENSG00000145907,True,ortholog_one2one
G3BP2,ENSSSCG00000022940,ENSG00000138757,True,ortholog_one2one
G6PC1,ENSSSCG00000036449,ENSG00000131482,True,ortholog_one2one
G6PC2,ENSSSCG00000015925,ENSG00000152254,True,ortholog_one2one
G6PC3,ENSSSCG00000017365,ENSG00000141349,True,ortholog_one2one
G6PD,ENSSSCG00000025108,ENSG00000160211,True,ortholog_one2one
GAA,ENSSSCG00000017156,ENSG00000171298,True,ortholog_one2one
GAB1,ENSSSCG00000009048,ENSG00000109458,True,ortholog_one2one
GABARAPL2,ENSSSCG00000002707,ENSG00000034713,True,ortholog_one2one
GABRA6,ENSSSCG00000017027,ENSG00000145863,True,ortholog_one2one
GABRB1,ENSSSCG00000035621,ENSG00000163288,True,ortholog_one2one
GABRB2,ENSSSCG00000033558,ENSG00000145864,True,ortholog_one2one
GABRB3,ENSSSCG00000038547,ENSG00000166206,True,ortholog_one2one
GABRD,ENSSSCG00000035018,ENSG00000187730,True,ortholog_one2one
GABRE,ENSSSCG00000012754,ENSG00000102287,True,ortholog_one2one
GABRG1,ENSSSCG00000008809,ENSG00000163285,True,ortholog_one2one
GABRG2,ENSSSCG00000017025,ENSG00000113327,True,ortholog_one2one
GABRG3,ENSSSCG00000035584,ENSG00000182256,True,ortholog_one2one
GABRP,ENSSSCG00000021902,ENSG00000094755,True,ortholog_one2one
GABRQ,ENSSSCG00000012755,ENSG00000268089,True,ortholog_one2one
GABRR1,ENSSSCG00000024249,ENSG00000146276,True,ortholog_one2one
GABRR3,ENSSSCG00000032124,ENSG00000183185,True,ortholog_one2one
GAD1,ENSSSCG00000022233,ENSG00000128683,True,ortholog_one2one
GAD2,ENSSSCG00000011060,ENSG00000136750,True,ortholog_one2one
GADD45A,ENSSSCG00000037066,ENSG00000116717,True,ortholog_one2one
GADD45B,ENSSSCG00000022689,ENSG00000099860,True,ortholog_one2one
GALNT1,ENSSSCG00000003743,ENSG00000141429,True,ortholog_one2one
GALNT10,ENSSSCG00000017072,ENSG00000164574,True,ortholog_one2one
GALNT11,ENSSSCG00000016430,ENSG00000178234,True,ortholog_one2one
GALNT12,ENSSSCG00000005379,ENSG00000119514,True,ortholog_one2one
GALNT13,ENSSSCG00000022671,ENSG00000144278,True,ortholog_one2one
GALNT14,ENSSSCG00000008524,ENSG00000158089,True,ortholog_one2one
GALNT16,ENSSSCG00000002306,ENSG00000100626,True,ortholog_one2one
GALNT17,ENSSSCG00000026457,ENSG00000185274,True,ortholog_one2one
GALNT18,ENSSSCG00000013403,ENSG00000110328,True,ortholog_one2one
GALNT2,ENSSSCG00000010185,ENSG00000143641,True,ortholog_one2one
GALNT3,ENSSSCG00000015907,ENSG00000115339,True,ortholog_one2one
GALNT4,ENSSSCG00000043102,ENSG00000257594,True,ortholog_one2one
GALNT5,ENSSSCG00000026146,ENSG00000136542,True,ortholog_one2one
GALNT6,ENSSSCG00000026890,ENSG00000139629,True,ortholog_one2one
GAMT,ENSSSCG00000023142,ENSG00000130005,True,ortholog_one2one
GAN,ENSSSCG00000002690,ENSG00000261609,True,ortholog_one2one
GAPDH,ENSSSCG00000000694,ENSG00000111640,True,ortholog_one2one
GAREM1,ENSSSCG00000003731,ENSG00000141441,True,ortholog_one2one
GAREM2,ENSSSCG00000008572,ENSG00000157833,True,ortholog_one2one
GARIN1A,ENSSSCG00000016583,ENSG00000205085,True,ortholog_one2one
GARIN1B,ENSSSCG00000016582,ENSG00000135248,True,ortholog_one2one
GARIN2,ENSSSCG00000002286,ENSG00000172717,True,ortholog_one2one
GARIN3,ENSSSCG00000017057,ENSG00000170613,True,ortholog_one2one
GARIN5A,ENSSSCG00000003219,ENSG00000142530,True,ortholog_one2one
GARIN5B,ENSSSCG00000051187,ENSG00000180043,True,ortholog_one2one
GARNL3,ENSSSCG00000005609,ENSG00000136895,True,ortholog_one2one
GARRE1,ENSSSCG00000002872,ENSG00000166398,True,ortholog_one2one
GARS1,ENSSSCG00000016677,ENSG00000106105,True,ortholog_one2one
GAS2,ENSSSCG00000031940,ENSG00000148935,True,ortholog_one2one
GAS2L1,ENSSSCG00000025564,ENSG00000185340,True,ortholog_one2one
GAS2L2,ENSSSCG00000039395,ENSG00000270765,True,ortholog_one2one
GAS2L3,ENSSSCG00000000874,ENSG00000139354,True,ortholog_one2one
GAS6,ENSSSCG00000009565,ENSG00000183087,True,ortholog_one2one
GAS7,ENSSSCG00000039056,ENSG00000007237,True,ortholog_one2one
GASK1A,ENSSSCG00000011294,ENSG00000144649,True,ortholog_one2one
GASK1B,ENSSSCG00000008873,ENSG00000164125,True,ortholog_one2one
GAST,ENSSSCG00000021910,ENSG00000184502,True,ortholog_one2one
GATA1,ENSSSCG00000027237,ENSG00000102145,True,ortholog_one2one
GATA2,ENSSSCG00000011618,ENSG00000179348,True,ortholog_one2one
GATA3,ENSSSCG00000011125,ENSG00000107485,True,ortholog_one2one
GATA4,ENSSSCG00000022383,ENSG00000136574,True,ortholog_one2one
GATA5,ENSSSCG00000007538,ENSG00000130700,True,ortholog_one2one
GATA6,ENSSSCG00000003702,ENSG00000141448,True,ortholog_one2one
GATAD1,ENSSSCG00000031835,ENSG00000157259,True,ortholog_one2one
GATAD2A,ENSSSCG00000013938,ENSG00000167491,True,ortholog_one2one
GATC,ENSSSCG00000032747,ENSG00000257218,True,ortholog_one2one
GATD1,ENSSSCG00000012846,ENSG00000177225,True,ortholog_one2one
GATD3,ENSSSCG00000025525,ENSG00000160221,True,ortholog_one2one
GATM,ENSSSCG00000004672,ENSG00000171766,True,ortholog_one2one
GBA2,ENSSSCG00000005319,ENSG00000070610,True,ortholog_one2one
GBE1,ENSSSCG00000012000,ENSG00000114480,True,ortholog_one2one
GBF1,ENSSSCG00000010579,ENSG00000107862,True,ortholog_one2one
GBGT1,ENSSSCG00000031532,ENSG00000148288,True,ortholog_one2one
GBP1,ENSSSCG00000024973,ENSG00000117228,True,ortholog_one2one
GBX1,ENSSSCG00000032249,ENSG00000164900,True,ortholog_one2one
GBX2,ENSSSCG00000016319,ENSG00000168505,True,ortholog_one2one
GCA,ENSSSCG00000027472,ENSG00000115271,True,ortholog_one2one
GCC2,ENSSSCG00000008138,ENSG00000135968,True,ortholog_one2one
GCM2,ENSSSCG00000035562,ENSG00000124827,True,ortholog_one2one
GCN1,ENSSSCG00000009898,ENSG00000089154,True,ortholog_one2one
GCNT1,ENSSSCG00000005277,ENSG00000187210,True,ortholog_one2one
GCNT3,ENSSSCG00000004584,ENSG00000140297,True,ortholog_one2one
GDAP1,ENSSSCG00000006173,ENSG00000104381,True,ortholog_one2one
GDAP1L1,ENSSSCG00000007373,ENSG00000124194,True,ortholog_one2one
GDAP2,ENSSSCG00000006728,ENSG00000196505,True,ortholog_one2one
GDE1,ENSSSCG00000029212,ENSG00000006007,True,ortholog_one2one
GDF10,ENSSSCG00000010376,ENSG00000266524,True,ortholog_one2one
GDF11,ENSSSCG00000000363,ENSG00000135414,True,ortholog_one2one
GDF2,ENSSSCG00000010375,ENSG00000263761,True,ortholog_one2one
GDF5,ENSSSCG00000023261,ENSG00000125965,True,ortholog_one2one
GDF6,ENSSSCG00000034943,ENSG00000156466,True,ortholog_one2one
GDF7,ENSSSCG00000028931,ENSG00000143869,True,ortholog_one2one
GDF9,ENSSSCG00000014288,ENSG00000164404,True,ortholog_one2one
GDPD2,ENSSSCG00000012376,ENSG00000130055,True,ortholog_one2one
GEMIN2,ENSSSCG00000004985,ENSG00000092208,True,ortholog_one2one
GEMIN5,ENSSSCG00000017066,ENSG00000082516,True,ortholog_one2one
GEMIN6,ENSSSCG00000008482,ENSG00000152147,True,ortholog_one2one
GEMIN7,ENSSSCG00000033194,ENSG00000142252,True,ortholog_one2one
GEN1,ENSSSCG00000008613,ENSG00000178295,True,ortholog_one2one
GET1,ENSSSCG00000037381,ENSG00000182093,True,ortholog_one2one
GET3,ENSSSCG00000038776,ENSG00000198356,True,ortholog_one2one
GET4,ENSSSCG00000040103,ENSG00000239857,True,ortholog_one2one
GFAP,ENSSSCG00000017343,ENSG00000131095,True,ortholog_one2one
GFER,ENSSSCG00000008035,ENSG00000127554,True,ortholog_one2one
GFI1B,ENSSSCG00000005737,ENSG00000165702,True,ortholog_one2one
GFM1,ENSSSCG00000025651,ENSG00000168827,True,ortholog_one2one
GFM2,ENSSSCG00000014074,ENSG00000164347,True,ortholog_one2one
GFOD1,ENSSSCG00000035867,ENSG00000145990,True,ortholog_one2one
GFRAL,ENSSSCG00000001480,ENSG00000187871,True,ortholog_one2one
GGCT,ENSSSCG00000016679,ENSG00000006625,True,ortholog_one2one
GGN,ENSSSCG00000002957,ENSG00000179168,True,ortholog_one2one
GGPS1,ENSSSCG00000031680,ENSG00000152904,True,ortholog_one2one
GGT5,ENSSSCG00000010055,ENSG00000099998,True,ortholog_one2one
GGT6,ENSSSCG00000017883,ENSG00000167741,True,ortholog_one2one
GGT7,ENSSSCG00000007285,ENSG00000131067,True,ortholog_one2one
GHDC,ENSSSCG00000017407,ENSG00000167925,True,ortholog_one2one
GHITM,ENSSSCG00000010345,ENSG00000165678,True,ortholog_one2one
GHR,ENSSSCG00000016866,ENSG00000112964,True,ortholog_one2one
GHRH,ENSSSCG00000007332,ENSG00000118702,True,ortholog_one2one
GHRHR,ENSSSCG00000016673,ENSG00000106128,True,ortholog_one2one
GHRL,ENSSSCG00000011568,ENSG00000157017,True,ortholog_one2one
GID4,ENSSSCG00000037336,ENSG00000141034,True,ortholog_one2one
GID8,ENSSSCG00000034173,ENSG00000101193,True,ortholog_one2one
GINM1,ENSSSCG00000030067,ENSG00000055211,True,ortholog_one2one
GINS4,ENSSSCG00000037513,ENSG00000147536,True,ortholog_one2one
GIP,ENSSSCG00000026330,ENSG00000159224,True,ortholog_one2one
GIPC1,ENSSSCG00000032842,ENSG00000123159,True,ortholog_one2one
GIPC2,ENSSSCG00000035582,ENSG00000137960,True,ortholog_one2one
GIPR,ENSSSCG00000021053,ENSG00000010310,True,ortholog_one2one
GIT2,ENSSSCG00000009925,ENSG00000139436,True,ortholog_one2one
GJA1,ENSSSCG00000004241,ENSG00000152661,True,ortholog_one2one
GJA10,ENSSSCG00000004330,ENSG00000135355,True,ortholog_one2one
GJA3,ENSSSCG00000036798,ENSG00000121743,True,ortholog_one2one
GJA4,ENSSSCG00000039983,ENSG00000187513,True,ortholog_one2one
GJA5,ENSSSCG00000006696,ENSG00000265107,True,ortholog_one2one
GJA8,ENSSSCG00000036239,ENSG00000121634,True,ortholog_one2one
GJA9,ENSSSCG00000003650,ENSG00000131233,True,ortholog_one2one
GJB1,ENSSSCG00000012394,ENSG00000169562,True,ortholog_one2one
GJE1,ENSSSCG00000034307,ENSG00000203733,True,ortholog_one2one
GK2,ENSSSCG00000009257,ENSG00000196475,True,ortholog_one2one
GK5,ENSSSCG00000011677,ENSG00000175066,True,ortholog_one2one
GKAP1,ENSSSCG00000026087,ENSG00000165113,True,ortholog_one2one
GKN1,ENSSSCG00000035529,ENSG00000169605,True,ortholog_one2one
GKN2,ENSSSCG00000038802,ENSG00000183607,True,ortholog_one2one
GLA,ENSSSCG00000038423,ENSG00000102393,True,ortholog_one2one
GLB1L,ENSSSCG00000016213,ENSG00000163521,True,ortholog_one2one
GLB1L2,ENSSSCG00000015258,ENSG00000149328,True,ortholog_one2one
GLCE,ENSSSCG00000026078,ENSG00000138604,True,ortholog_one2one
GLDC,ENSSSCG00000005199,ENSG00000178445,True,ortholog_one2one
GLDN,ENSSSCG00000004632,ENSG00000186417,True,ortholog_one2one
GLE1,ENSSSCG00000005652,ENSG00000119392,True,ortholog_one2one
GLI2,ENSSSCG00000015733,ENSG00000074047,True,ortholog_one2one
GLI3,ENSSSCG00000016763,ENSG00000106571,True,ortholog_one2one
GLI4,ENSSSCG00000039881,ENSG00000250571,True,ortholog_one2one
GLIPR1,ENSSSCG00000000519,ENSG00000139278,True,ortholog_one2one
GLIPR1L1,ENSSSCG00000022055,ENSG00000173401,True,ortholog_one2one
GLIS2,ENSSSCG00000023653,ENSG00000126603,True,ortholog_one2one
GLP2R,ENSSSCG00000017998,ENSG00000065325,True,ortholog_one2one
GLRA1,ENSSSCG00000017078,ENSG00000145888,True,ortholog_one2one
GLRA2,ENSSSCG00000012129,ENSG00000101958,True,ortholog_one2one
GLRA3,ENSSSCG00000009698,ENSG00000145451,True,ortholog_one2one
GLRB,ENSSSCG00000032722,ENSG00000109738,True,ortholog_one2one
GLRX2,ENSSSCG00000031991,ENSG00000023572,True,ortholog_one2one
GLRX3,ENSSSCG00000010759,ENSG00000108010,True,ortholog_one2one
GLS,ENSSSCG00000016056,ENSG00000115419,True,ortholog_one2one
GLT1D1,ENSSSCG00000033067,ENSG00000151948,True,ortholog_one2one
GLT8D1,ENSSSCG00000011448,ENSG00000016864,True,ortholog_one2one
GLT8D2,ENSSSCG00000000848,ENSG00000120820,True,ortholog_one2one
GLTP,ENSSSCG00000039012,ENSG00000139433,True,ortholog_one2one
GM2A,ENSSSCG00000017087,ENSG00000196743,True,ortholog_one2one
GMIP,ENSSSCG00000013931,ENSG00000089639,True,ortholog_one2one
GMNN,ENSSSCG00000001095,ENSG00000112312,True,ortholog_one2one
GMPPA,ENSSSCG00000023935,ENSG00000144591,True,ortholog_one2one
GMPR,ENSSSCG00000001064,ENSG00000137198,True,ortholog_one2one
GMPS,ENSSSCG00000028855,ENSG00000163655,True,ortholog_one2one
GNA11,ENSSSCG00000029279,ENSG00000088256,True,ortholog_one2one
GNA13,ENSSSCG00000039336,ENSG00000120063,True,ortholog_one2one
GNA14,ENSSSCG00000005284,ENSG00000156049,True,ortholog_one2one
GNA15,ENSSSCG00000013473,ENSG00000060558,True,ortholog_one2one
GNAI1,ENSSSCG00000015407,ENSG00000127955,True,ortholog_one2one
GNAI2,ENSSSCG00000011399,ENSG00000114353,True,ortholog_one2one
GNAL,ENSSSCG00000022163,ENSG00000141404,True,ortholog_one2one
GNAT1,ENSSSCG00000042718,ENSG00000114349,True,ortholog_one2one
GNAT3,ENSSSCG00000015406,ENSG00000214415,True,ortholog_one2one
GNG10,ENSSSCG00000046439,ENSG00000242616,True,ortholog_one2one
GNG4,ENSSSCG00000033307,ENSG00000168243,True,ortholog_one2one
GNG7,ENSSSCG00000033949,ENSG00000176533,True,ortholog_one2one
GNG8,ENSSSCG00000022068,ENSG00000167414,True,ortholog_one2one
GNGT1,ENSSSCG00000015323,ENSG00000127928,True,ortholog_one2one
GNL2,ENSSSCG00000031631,ENSG00000134697,True,ortholog_one2one
GNL3,ENSSSCG00000011449,ENSG00000163938,True,ortholog_one2one
GNL3L,ENSSSCG00000012336,ENSG00000130119,True,ortholog_one2one
GNLY,ENSSSCG00000008228,ENSG00000115523,True,ortholog_one2one
GNMT,ENSSSCG00000033214,ENSG00000124713,True,ortholog_one2one
GNPAT,ENSSSCG00000010175,ENSG00000116906,True,ortholog_one2one
GNPDA1,ENSSSCG00000038940,ENSG00000113552,True,ortholog_one2one
GNPNAT1,ENSSSCG00000005040,ENSG00000100522,True,ortholog_one2one
GNPTAB,ENSSSCG00000000862,ENSG00000111670,True,ortholog_one2one
GNPTG,ENSSSCG00000008031,ENSG00000090581,True,ortholog_one2one
GNRH2,ENSSSCG00000043185,ENSG00000125787,True,ortholog_one2one
GOLGA4,ENSSSCG00000011243,ENSG00000144674,True,ortholog_one2one
GOLGA7,ENSSSCG00000020715,ENSG00000147533,True,ortholog_one2one
GOPC,ENSSSCG00000004253,ENSG00000047932,True,ortholog_one2one
GORASP1,ENSSSCG00000034916,ENSG00000114745,True,ortholog_one2one
GORASP2,ENSSSCG00000015943,ENSG00000115806,True,ortholog_one2one
GOSR2,ENSSSCG00000030183,ENSG00000108433,True,ortholog_one2one
GOT1,ENSSSCG00000010537,ENSG00000120053,True,ortholog_one2one
GOT1L1,ENSSSCG00000038325,ENSG00000169154,True,ortholog_one2one
GOT2,ENSSSCG00000032985,ENSG00000125166,True,ortholog_one2one
GP1BB,ENSSSCG00000030732,ENSG00000203618,True,ortholog_one2one
GP2,ENSSSCG00000007861,ENSG00000169347,True,ortholog_one2one
GP5,ENSSSCG00000031035,ENSG00000178732,True,ortholog_one2one
GP6,ENSSSCG00000026365,ENSG00000088053,True,ortholog_one2one
GP9,ENSSSCG00000031176,ENSG00000169704,True,ortholog_one2one
GPA33,ENSSSCG00000006312,ENSG00000143167,True,ortholog_one2one
GPAA1,ENSSSCG00000005912,ENSG00000197858,True,ortholog_one2one
GPATCH1,ENSSSCG00000002865,ENSG00000076650,True,ortholog_one2one
GPATCH11,ENSSSCG00000008497,ENSG00000152133,True,ortholog_one2one
GPATCH4,ENSSSCG00000006481,ENSG00000160818,True,ortholog_one2one
GPBAR1,ENSSSCG00000022483,ENSG00000179921,True,ortholog_one2one
GPBP1,ENSSSCG00000016922,ENSG00000062194,True,ortholog_one2one
GPBP1L1,ENSSSCG00000028097,ENSG00000159592,True,ortholog_one2one
GPC1,ENSSSCG00000016364,ENSG00000063660,True,ortholog_one2one
GPC2,ENSSSCG00000007649,ENSG00000213420,True,ortholog_one2one
GPC3,ENSSSCG00000012680,ENSG00000147257,True,ortholog_one2one
GPC4,ENSSSCG00000012679,ENSG00000076716,True,ortholog_one2one
GPC5,ENSSSCG00000031946,ENSG00000179399,True,ortholog_one2one
GPC6,ENSSSCG00000009489,ENSG00000183098,True,ortholog_one2one
GPCPD1,ENSSSCG00000007043,ENSG00000125772,True,ortholog_one2one
GPD1,ENSSSCG00000000214,ENSG00000167588,True,ortholog_one2one
GPD2,ENSSSCG00000015872,ENSG00000115159,True,ortholog_one2one
GPER1,ENSSSCG00000026422,ENSG00000164850,True,ortholog_one2one
GPM6A,ENSSSCG00000023328,ENSG00000150625,True,ortholog_one2one
GPR101,ENSSSCG00000040432,ENSG00000165370,True,ortholog_one2one
GPR119,ENSSSCG00000012661,ENSG00000147262,True,ortholog_one2one
GPR12,ENSSSCG00000009301,ENSG00000132975,True,ortholog_one2one
GPR135,ENSSSCG00000032928,ENSG00000181619,True,ortholog_one2one
GPR137,ENSSSCG00000013032,ENSG00000173264,True,ortholog_one2one
GPR137B,ENSSSCG00000038853,ENSG00000077585,True,ortholog_one2one
GPR137C,ENSSSCG00000005036,ENSG00000180998,True,ortholog_one2one
GPR139,ENSSSCG00000007862,ENSG00000180269,True,ortholog_one2one
GPR142,ENSSSCG00000027923,ENSG00000257008,True,ortholog_one2one
GPR150,ENSSSCG00000014140,ENSG00000178015,True,ortholog_one2one
GPR151,ENSSSCG00000014415,ENSG00000173250,True,ortholog_one2one
GPR153,ENSSSCG00000003371,ENSG00000158292,True,ortholog_one2one
GPR156,ENSSSCG00000011888,ENSG00000175697,True,ortholog_one2one
GPR158,ENSSSCG00000038536,ENSG00000151025,True,ortholog_one2one
GPR22,ENSSSCG00000015442,ENSG00000172209,True,ortholog_one2one
GPR26,ENSSSCG00000010727,ENSG00000154478,True,ortholog_one2one
GPR27,ENSSSCG00000036580,ENSG00000170837,True,ortholog_one2one
GPR3,ENSSSCG00000003576,ENSG00000181773,True,ortholog_one2one
GPR33,ENSSSCG00000025131,ENSG00000214943,True,ortholog_one2one
GPR34,ENSSSCG00000022309,ENSG00000171659,True,ortholog_one2one
GPR35,ENSSSCG00000040095,ENSG00000178623,True,ortholog_one2one
GPR37,ENSSSCG00000016599,ENSG00000170775,True,ortholog_one2one
GPR37L1,ENSSSCG00000038768,ENSG00000170075,True,ortholog_one2one
GPR39,ENSSSCG00000015707,ENSG00000183840,True,ortholog_one2one
GPR4,ENSSSCG00000037184,ENSG00000177464,True,ortholog_one2one
GPR45,ENSSSCG00000025772,ENSG00000135973,True,ortholog_one2one
GPR50,ENSSSCG00000023462,ENSG00000102195,True,ortholog_one2one
GPR52,ENSSSCG00000040789,ENSG00000203737,True,ortholog_one2one
GPR55,ENSSSCG00000035592,ENSG00000135898,True,ortholog_one2one
GPRC5B,ENSSSCG00000007864,ENSG00000167191,True,ortholog_one2one
GPRIN1,ENSSSCG00000014054,ENSG00000169258,True,ortholog_one2one
GPS2,ENSSSCG00000017940,ENSG00000132522,True,ortholog_one2one
GPSM1,ENSSSCG00000039487,ENSG00000160360,True,ortholog_one2one
GPSM2,ENSSSCG00000021440,ENSG00000121957,True,ortholog_one2one
GPT2,ENSSSCG00000002847,ENSG00000166123,True,ortholog_one2one
GPX2,ENSSSCG00000002279,ENSG00000176153,True,ortholog_one2one
GPX3,ENSSSCG00000036438,ENSG00000211445,True,ortholog_one2one
GPX4,ENSSSCG00000024052,ENSG00000167468,True,ortholog_one2one
GPX6,ENSSSCG00000001213,ENSG00000198704,True,ortholog_one2one
GPX7,ENSSSCG00000038094,ENSG00000116157,True,ortholog_one2one
GPX8,ENSSSCG00000021973,ENSG00000164294,True,ortholog_one2one
GRAMD2B,ENSSSCG00000022402,ENSG00000155324,True,ortholog_one2one
GRAMD4,ENSSSCG00000031441,ENSG00000075240,True,ortholog_one2one
GRB7,ENSSSCG00000017495,ENSG00000141738,True,ortholog_one2one
GRIA3,ENSSSCG00000012638,ENSG00000125675,True,ortholog_one2one
GRID1,ENSSSCG00000010352,ENSG00000182771,True,ortholog_one2one
GRID2IP,ENSSSCG00000037070,ENSG00000215045,True,ortholog_one2one
GRIK1,ENSSSCG00000025119,ENSG00000171189,True,ortholog_one2one
GRIK2,ENSSSCG00000004361,ENSG00000164418,True,ortholog_one2one
GRIK3,ENSSSCG00000003640,ENSG00000163873,True,ortholog_one2one
GRIK5,ENSSSCG00000003038,ENSG00000105737,True,ortholog_one2one
GRIN1,ENSSSCG00000039834,ENSG00000176884,True,ortholog_one2one
GRIN2C,ENSSSCG00000023151,ENSG00000161509,True,ortholog_one2one
GRIN2D,ENSSSCG00000003133,ENSG00000105464,True,ortholog_one2one
GRIN3A,ENSSSCG00000005400,ENSG00000198785,True,ortholog_one2one
GRIN3B,ENSSSCG00000029635,ENSG00000116032,True,ortholog_one2one
GRINA,ENSSSCG00000032796,ENSG00000178719,True,ortholog_one2one
GRIP1,ENSSSCG00000000478,ENSG00000155974,True,ortholog_one2one
GRIPAP1,ENSSSCG00000021106,ENSG00000068400,True,ortholog_one2one
GRK1,ENSSSCG00000009562,ENSG00000185974,True,ortholog_one2one
GRM1,ENSSSCG00000004119,ENSG00000152822,True,ortholog_one2one
GRM3,ENSSSCG00000015395,ENSG00000198822,True,ortholog_one2one
GRM4,ENSSSCG00000001523,ENSG00000124493,True,ortholog_one2one
GRM5,ENSSSCG00000029865,ENSG00000168959,True,ortholog_one2one
GRM6,ENSSSCG00000014027,ENSG00000113262,True,ortholog_one2one
GRM7,ENSSSCG00000023891,ENSG00000196277,True,ortholog_one2one
GRM8,ENSSSCG00000022865,ENSG00000179603,True,ortholog_one2one
GRN,ENSSSCG00000017355,ENSG00000030582,True,ortholog_one2one
GRP,ENSSSCG00000037300,ENSG00000134443,True,ortholog_one2one
GRPEL2,ENSSSCG00000014432,ENSG00000164284,True,ortholog_one2one
GRPR,ENSSSCG00000012144,ENSG00000126010,True,ortholog_one2one
GRSF1,ENSSSCG00000008940,ENSG00000132463,True,ortholog_one2one
GRTP1,ENSSSCG00000009554,ENSG00000139835,True,ortholog_one2one
GRWD1,ENSSSCG00000003134,ENSG00000105447,True,ortholog_one2one
GSDME,ENSSSCG00000016716,ENSG00000105928,True,ortholog_one2one
GSE1,ENSSSCG00000002664,ENSG00000131149,True,ortholog_one2one
GSN,ENSSSCG00000037508,ENSG00000148180,True,ortholog_one2one
GSTCD,ENSSSCG00000023548,ENSG00000138780,True,ortholog_one2one
GSTM3,ENSSSCG00000006821,ENSG00000134202,True,ortholog_one2one
GSTO2,ENSSSCG00000030271,ENSG00000065621,True,ortholog_one2one
GSTZ1,ENSSSCG00000002396,ENSG00000100577,True,ortholog_one2one
GSX1,ENSSSCG00000009313,ENSG00000169840,True,ortholog_one2one
GSX2,ENSSSCG00000008840,ENSG00000180613,True,ortholog_one2one
GTF2A1,ENSSSCG00000002411,ENSG00000165417,True,ortholog_one2one
GTF2A1L,ENSSSCG00000033106,ENSG00000242441,True,ortholog_one2one
GTF2A2,ENSSSCG00000004583,ENSG00000140307,True,ortholog_one2one
GTF2E2,ENSSSCG00000015845,ENSG00000197265,True,ortholog_one2one
GTF2F1,ENSSSCG00000013539,ENSG00000125651,True,ortholog_one2one
GTF2F2,ENSSSCG00000034156,ENSG00000188342,True,ortholog_one2one
GTF2H3,ENSSSCG00000009769,ENSG00000111358,True,ortholog_one2one
GTF2H5,ENSSSCG00000024019,ENSG00000272047,True,ortholog_one2one
GTF3C1,ENSSSCG00000007815,ENSG00000077235,True,ortholog_one2one
GTF3C4,ENSSSCG00000005731,ENSG00000125484,True,ortholog_one2one
GTF3C6,ENSSSCG00000004393,ENSG00000155115,True,ortholog_one2one
GTPBP1,ENSSSCG00000000095,ENSG00000100226,True,ortholog_one2one
GTPBP10,ENSSSCG00000015305,ENSG00000105793,True,ortholog_one2one
GTPBP3,ENSSSCG00000038440,ENSG00000130299,True,ortholog_one2one
GTPBP4,ENSSSCG00000028602,ENSG00000107937,True,ortholog_one2one
GTPBP8,ENSSSCG00000036952,ENSG00000163607,True,ortholog_one2one
GTSE1,ENSSSCG00000000002,ENSG00000075218,True,ortholog_one2one
GTSF1,ENSSSCG00000026333,ENSG00000170627,True,ortholog_one2one
GTSF1L,ENSSSCG00000007367,ENSG00000124196,True,ortholog_one2one
GUCA1A,ENSSSCG00000001636,ENSG00000048545,True,ortholog_one2one
GUCA1B,ENSSSCG00000001637,ENSG00000112599,True,ortholog_one2one
GUCD1,ENSSSCG00000010059,ENSG00000138867,True,ortholog_one2one
GUCY1B1,ENSSSCG00000008870,ENSG00000061918,True,ortholog_one2one
GYG1,ENSSSCG00000011698,ENSG00000163754,True,ortholog_one2one
GZMH,ENSSSCG00000001978,ENSG00000100450,True,ortholog_one2one
GZMK,ENSSSCG00000016901,ENSG00000113088,True,ortholog_one2one
GZMM,ENSSSCG00000032810,ENSG00000197540,True,ortholog_one2one
H1-0,ENSSSCG00000039348,ENSG00000189060,True,ortholog_one2one
H1-3,ENSSSCG00000001137,ENSG00000124575,True,ortholog_one2one
H1-7,ENSSSCG00000000820,ENSG00000187166,True,ortholog_one2one
H1-8,ENSSSCG00000011591,ENSG00000178804,True,ortholog_one2one
H2AC20,ENSSSCG00000034598,ENSG00000184260,True,ortholog_one2one
H2AC25,ENSSSCG00000047900,ENSG00000181218,True,ortholog_one2one
H2AZ2,ENSSSCG00000016738,ENSG00000105968,True,ortholog_one2one
HACD4,ENSSSCG00000005164,ENSG00000188921,True,ortholog_one2one
HACE1,ENSSSCG00000004364,ENSG00000085382,True,ortholog_one2one
HACL1,ENSSSCG00000011192,ENSG00000131373,True,ortholog_one2one
HADH,ENSSSCG00000009150,ENSG00000138796,True,ortholog_one2one
HADHA,ENSSSCG00000008571,ENSG00000084754,True,ortholog_one2one
HADHB,ENSSSCG00000008569,ENSG00000138029,True,ortholog_one2one
HAGH,ENSSSCG00000008012,ENSG00000063854,True,ortholog_one2one
HAGHL,ENSSSCG00000008003,ENSG00000103253,True,ortholog_one2one
HAL,ENSSSCG00000000892,ENSG00000084110,True,ortholog_one2one
HAMP,ENSSSCG00000035436,ENSG00000105697,True,ortholog_one2one
HAO1,ENSSSCG00000027439,ENSG00000101323,True,ortholog_one2one
HAO2,ENSSSCG00000006720,ENSG00000116882,True,ortholog_one2one
HAP1,ENSSSCG00000017427,ENSG00000173805,True,ortholog_one2one
HAPLN1,ENSSSCG00000014137,ENSG00000145681,True,ortholog_one2one
HAPLN2,ENSSSCG00000006478,ENSG00000132702,True,ortholog_one2one
HAT1,ENSSSCG00000015952,ENSG00000128708,True,ortholog_one2one
HAUS5,ENSSSCG00000002904,ENSG00000249115,True,ortholog_one2one
HAUS6,ENSSSCG00000005173,ENSG00000147874,True,ortholog_one2one
HAVCR1,ENSSSCG00000017061,ENSG00000113249,True,ortholog_one2one
HAX1,ENSSSCG00000006552,ENSG00000143575,True,ortholog_one2one
HBEGF,ENSSSCG00000014362,ENSG00000113070,True,ortholog_one2one
HBM,ENSSSCG00000007977,ENSG00000206177,True,ortholog_one2one
HBP1,ENSSSCG00000035673,ENSG00000105856,True,ortholog_one2one
HBQ1,ENSSSCG00000038804,ENSG00000086506,True,ortholog_one2one
HBS1L,ENSSSCG00000004169,ENSG00000112339,True,ortholog_one2one
HBZ,ENSSSCG00000007975,ENSG00000130656,True,ortholog_one2one
HCCS,ENSSSCG00000012111,ENSG00000004961,True,ortholog_one2one
HCFC1,ENSSSCG00000012793,ENSG00000172534,True,ortholog_one2one
HCK,ENSSSCG00000007240,ENSG00000101336,True,ortholog_one2one
HDAC1,ENSSSCG00000003613,ENSG00000116478,True,ortholog_one2one
HDDC2,ENSSSCG00000004224,ENSG00000111906,True,ortholog_one2one
HDGF,ENSSSCG00000006468,ENSG00000143321,True,ortholog_one2one
HDGFL2,ENSSSCG00000013511,ENSG00000167674,True,ortholog_one2one
HDGFL3,ENSSSCG00000035432,ENSG00000166503,True,ortholog_one2one
HDHD2,ENSSSCG00000005771,ENSG00000167220,True,ortholog_one2one
HDHD3,ENSSSCG00000039861,ENSG00000119431,True,ortholog_one2one
HDHD5,ENSSSCG00000000764,ENSG00000069998,True,ortholog_one2one
HDLBP,ENSSSCG00000016379,ENSG00000115677,True,ortholog_one2one
HDX,ENSSSCG00000038744,ENSG00000165259,True,ortholog_one2one
HEATR1,ENSSSCG00000010145,ENSG00000119285,True,ortholog_one2one
HEATR5B,ENSSSCG00000008498,ENSG00000008869,True,ortholog_one2one
HEATR6,ENSSSCG00000038478,ENSG00000068097,True,ortholog_one2one
HEBP2,ENSSSCG00000004150,ENSG00000051620,True,ortholog_one2one
HECTD1,ENSSSCG00000001971,ENSG00000092148,True,ortholog_one2one
HECTD2,ENSSSCG00000020912,ENSG00000165338,True,ortholog_one2one
HELT,ENSSSCG00000038390,ENSG00000187821,True,ortholog_one2one
HELZ2,ENSSSCG00000003306,ENSG00000130589,True,ortholog_one2one
HEMK1,ENSSSCG00000025272,ENSG00000114735,True,ortholog_one2one
HENMT1,ENSSSCG00000006846,ENSG00000162639,True,ortholog_one2one
HEPACAM,ENSSSCG00000015205,ENSG00000165478,True,ortholog_one2one
HEPACAM2,ENSSSCG00000025870,ENSG00000188175,True,ortholog_one2one
HEPH,ENSSSCG00000012363,ENSG00000089472,True,ortholog_one2one
HEPHL1,ENSSSCG00000030461,ENSG00000181333,True,ortholog_one2one
HERC2,ENSSSCG00000015853,ENSG00000128731,True,ortholog_one2one
HERC3,ENSSSCG00000009208,ENSG00000138641,True,ortholog_one2one
HERC4,ENSSSCG00000038913,ENSG00000148634,True,ortholog_one2one
HERC5,ENSSSCG00000030548,ENSG00000138646,True,ortholog_one2one
HERC6,ENSSSCG00000021712,ENSG00000138642,True,ortholog_one2one
HERPUD1,ENSSSCG00000040663,ENSG00000051108,True,ortholog_one2one
HERPUD2,ENSSSCG00000027389,ENSG00000122557,True,ortholog_one2one
HES1,ENSSSCG00000031356,ENSG00000114315,True,ortholog_one2one
HES2,ENSSSCG00000034297,ENSG00000069812,True,ortholog_one2one
HEXIM1,ENSSSCG00000017336,ENSG00000186834,True,ortholog_one2one
HEXIM2,ENSSSCG00000017335,ENSG00000168517,True,ortholog_one2one
HHIP,ENSSSCG00000009045,ENSG00000164161,True,ortholog_one2one
HHIPL2,ENSSSCG00000010832,ENSG00000143512,True,ortholog_one2one
HHLA1,ENSSSCG00000022257,ENSG00000132297,True,ortholog_one2one
HHLA2,ENSSSCG00000027275,ENSG00000114455,True,ortholog_one2one
HIBADH,ENSSSCG00000016695,ENSG00000106049,True,ortholog_one2one
HIBCH,ENSSSCG00000016049,ENSG00000198130,True,ortholog_one2one
HIC2,ENSSSCG00000036472,ENSG00000169635,True,ortholog_one2one
HID1,ENSSSCG00000017219,ENSG00000167861,True,ortholog_one2one
HIF1A,ENSSSCG00000005096,ENSG00000100644,True,ortholog_one2one
HIF1AN,ENSSSCG00000010555,ENSG00000166135,True,ortholog_one2one
HIGD1A,ENSSSCG00000011290,ENSG00000181061,True,ortholog_one2one
HIGD1B,ENSSSCG00000017347,ENSG00000131097,True,ortholog_one2one
HIGD1C,ENSSSCG00000035326,ENSG00000214511,True,ortholog_one2one
HINT1,ENSSSCG00000014264,ENSG00000169567,True,ortholog_one2one
HIRA,ENSSSCG00000010118,ENSG00000100084,True,ortholog_one2one
HIRIP3,ENSSSCG00000030122,ENSG00000149929,True,ortholog_one2one
HIVEP1,ENSSSCG00000001049,ENSG00000095951,True,ortholog_one2one
HIVEP2,ENSSSCG00000004138,ENSG00000010818,True,ortholog_one2one
HJURP,ENSSSCG00000016313,ENSG00000123485,True,ortholog_one2one
HK1,ENSSSCG00000010253,ENSG00000156515,True,ortholog_one2one
HK2,ENSSSCG00000008261,ENSG00000159399,True,ortholog_one2one
HK3,ENSSSCG00000014048,ENSG00000160883,True,ortholog_one2one
HLCS,ENSSSCG00000012059,ENSG00000159267,True,ortholog_one2one
HLF,ENSSSCG00000017604,ENSG00000108924,True,ortholog_one2one
HLTF,ENSSSCG00000025293,ENSG00000071794,True,ortholog_one2one
HLX,ENSSSCG00000032644,ENSG00000136630,True,ortholog_one2one
HM13,ENSSSCG00000007228,ENSG00000101294,True,ortholog_one2one
HMBS,ENSSSCG00000015108,ENSG00000256269,True,ortholog_one2one
HMCES,ENSSSCG00000011611,ENSG00000183624,True,ortholog_one2one
HMG20A,ENSSSCG00000001871,ENSG00000140382,True,ortholog_one2one
HMGCLL1,ENSSSCG00000001479,ENSG00000146151,True,ortholog_one2one
HMGCS1,ENSSSCG00000016872,ENSG00000112972,True,ortholog_one2one
HMGN1,ENSSSCG00000033733,ENSG00000205581,True,ortholog_one2one
HMGN3,ENSSSCG00000004470,ENSG00000118418,True,ortholog_one2one
HMGN4,ENSSSCG00000020696,ENSG00000182952,True,ortholog_one2one
HMGXB3,ENSSSCG00000014440,ENSG00000113716,True,ortholog_one2one
HMGXB4,ENSSSCG00000025780,ENSG00000100281,True,ortholog_one2one
HMMR,ENSSSCG00000017022,ENSG00000072571,True,ortholog_one2one
HMOX1,ENSSSCG00000039745,ENSG00000100292,True,ortholog_one2one
HMX1,ENSSSCG00000008720,ENSG00000215612,True,ortholog_one2one
HMX3,ENSSSCG00000010724,ENSG00000188620,True,ortholog_one2one
HNF4A,ENSSSCG00000007371,ENSG00000101076,True,ortholog_one2one
HNMT,ENSSSCG00000035195,ENSG00000150540,True,ortholog_one2one
HNRNPD,ENSSSCG00000009249,ENSG00000138668,True,ortholog_one2one
HNRNPLL,ENSSSCG00000020878,ENSG00000143889,True,ortholog_one2one
HNRNPM,ENSSSCG00000013602,ENSG00000099783,True,ortholog_one2one
HNRNPR,ENSSSCG00000023761,ENSG00000125944,True,ortholog_one2one
HNRNPU,ENSSSCG00000010877,ENSG00000153187,True,ortholog_one2one
HNRNPUL1,ENSSSCG00000030049,ENSG00000105323,True,ortholog_one2one
HNRNPUL2,ENSSSCG00000028542,ENSG00000214753,True,ortholog_one2one
HOATZ,ENSSSCG00000015021,ENSG00000183644,True,ortholog_one2one
HOGA1,ENSSSCG00000010523,ENSG00000241935,True,ortholog_one2one
HOMER1,ENSSSCG00000014113,ENSG00000152413,True,ortholog_one2one
HOMER2,ENSSSCG00000001804,ENSG00000103942,True,ortholog_one2one
HOMER3,ENSSSCG00000013919,ENSG00000051128,True,ortholog_one2one
HOOK2,ENSSSCG00000013734,ENSG00000095066,True,ortholog_one2one
HOXA10,ENSSSCG00000021204,ENSG00000253293,True,ortholog_one2one
HOXA2,ENSSSCG00000016706,ENSG00000105996,True,ortholog_one2one
HOXB1,ENSSSCG00000017532,ENSG00000120094,True,ortholog_one2one
HOXB13,ENSSSCG00000017541,ENSG00000159184,True,ortholog_one2one
HOXB2,ENSSSCG00000017533,ENSG00000173917,True,ortholog_one2one
HOXB3,ENSSSCG00000017534,ENSG00000120093,True,ortholog_one2one
HOXB4,ENSSSCG00000017535,ENSG00000182742,True,ortholog_one2one
HOXB5,ENSSSCG00000017540,ENSG00000120075,True,ortholog_one2one
HOXB6,ENSSSCG00000017539,ENSG00000108511,True,ortholog_one2one
HOXB7,ENSSSCG00000017538,ENSG00000260027,True,ortholog_one2one
HOXB8,ENSSSCG00000017537,ENSG00000120068,True,ortholog_one2one
HOXC10,ENSSSCG00000022728,ENSG00000180818,True,ortholog_one2one
HOXC12,ENSSSCG00000000281,ENSG00000123407,True,ortholog_one2one
HOXC13,ENSSSCG00000000279,ENSG00000123364,True,ortholog_one2one
HOXC4,ENSSSCG00000038993,ENSG00000198353,True,ortholog_one2one
HOXC5,ENSSSCG00000040798,ENSG00000172789,True,ortholog_one2one
HOXD11,ENSSSCG00000034741,ENSG00000128713,True,ortholog_one2one
HOXD12,ENSSSCG00000015980,ENSG00000170178,True,ortholog_one2one
HP1BP3,ENSSSCG00000003511,ENSG00000127483,True,ortholog_one2one
HPCA,ENSSSCG00000032664,ENSG00000121905,True,ortholog_one2one
HPCAL1,ENSSSCG00000003663,ENSG00000115756,True,ortholog_one2one
HPCAL4,ENSSSCG00000023460,ENSG00000116983,True,ortholog_one2one
HPD,ENSSSCG00000009805,ENSG00000158104,True,ortholog_one2one
HPDL,ENSSSCG00000003920,ENSG00000186603,True,ortholog_one2one
HPF1,ENSSSCG00000009711,ENSG00000056050,True,ortholog_one2one
HPGD,ENSSSCG00000009699,ENSG00000164120,True,ortholog_one2one
HPGDS,ENSSSCG00000009194,ENSG00000163106,True,ortholog_one2one
HPN,ENSSSCG00000021867,ENSG00000105707,True,ortholog_one2one
HPRT1,ENSSSCG00000034896,ENSG00000165704,True,ortholog_one2one
HPS1,ENSSSCG00000010534,ENSG00000107521,True,ortholog_one2one
HPS4,ENSSSCG00000009960,ENSG00000100099,True,ortholog_one2one
HPX,ENSSSCG00000014626,ENSG00000110169,True,ortholog_one2one
HRC,ENSSSCG00000003156,ENSG00000130528,True,ortholog_one2one
HS3ST1,ENSSSCG00000021515,ENSG00000002587,True,ortholog_one2one
HS3ST2,ENSSSCG00000036475,ENSG00000122254,True,ortholog_one2one
HS3ST3A1,ENSSSCG00000038622,ENSG00000153976,True,ortholog_one2one
HS3ST3B1,ENSSSCG00000039318,ENSG00000125430,True,ortholog_one2one
HS3ST4,ENSSSCG00000036837,ENSG00000182601,True,ortholog_one2one
HS3ST5,ENSSSCG00000004433,ENSG00000249853,True,ortholog_one2one
HS3ST6,ENSSSCG00000031216,ENSG00000162040,True,ortholog_one2one
HS6ST1,ENSSSCG00000022197,ENSG00000136720,True,ortholog_one2one
HS6ST2,ENSSSCG00000021375,ENSG00000171004,True,ortholog_one2one
HS6ST3,ENSSSCG00000009503,ENSG00000185352,True,ortholog_one2one
HSBP1L1,ENSSSCG00000005778,ENSG00000226742,True,ortholog_one2one
HSCB,ENSSSCG00000034860,ENSG00000100209,True,ortholog_one2one
HSD11B1L,ENSSSCG00000030546,ENSG00000167733,True,ortholog_one2one
HSD11B2,ENSSSCG00000002777,ENSG00000176387,True,ortholog_one2one
HSD3B7,ENSSSCG00000032369,ENSG00000099377,True,ortholog_one2one
HSF2,ENSSSCG00000004238,ENSG00000025156,True,ortholog_one2one
HSF2BP,ENSSSCG00000022164,ENSG00000160207,True,ortholog_one2one
HSF5,ENSSSCG00000017641,ENSG00000176160,True,ortholog_one2one
HSP90AB1,ENSSSCG00000001701,ENSG00000096384,True,ortholog_one2one
HSP90B1,ENSSSCG00000000849,ENSG00000166598,True,ortholog_one2one
HSPA12B,ENSSSCG00000007147,ENSG00000132622,True,ortholog_one2one
HSPA13,ENSSSCG00000012007,ENSG00000155304,True,ortholog_one2one
HSPA14,ENSSSCG00000011051,ENSG00000187522,True,ortholog_one2one
HSPA4,ENSSSCG00000014292,ENSG00000170606,True,ortholog_one2one
HSPA4L,ENSSSCG00000009077,ENSG00000164070,True,ortholog_one2one
HSPA5,ENSSSCG00000005601,ENSG00000044574,True,ortholog_one2one
HSPA6,ENSSSCG00000047932,ENSG00000173110,True,ortholog_one2one
HSPA8,ENSSSCG00000015140,ENSG00000109971,True,ortholog_one2one
HSPA9,ENSSSCG00000014338,ENSG00000113013,True,ortholog_one2one
HSPH1,ENSSSCG00000009334,ENSG00000120694,True,ortholog_one2one
HTATSF1,ENSSSCG00000023062,ENSG00000102241,True,ortholog_one2one
HTR1E,ENSSSCG00000035251,ENSG00000168830,True,ortholog_one2one
HTR1F,ENSSSCG00000030227,ENSG00000179097,True,ortholog_one2one
HTR2A,ENSSSCG00000037452,ENSG00000102468,True,ortholog_one2one
HTR2B,ENSSSCG00000016273,ENSG00000135914,True,ortholog_one2one
HTR3A,ENSSSCG00000024497,ENSG00000166736,True,ortholog_one2one
HTR3B,ENSSSCG00000015053,ENSG00000149305,True,ortholog_one2one
HTR4,ENSSSCG00000014428,ENSG00000164270,True,ortholog_one2one
HTR7,ENSSSCG00000010459,ENSG00000148680,True,ortholog_one2one
HTRA1,ENSSSCG00000010703,ENSG00000166033,True,ortholog_one2one
HTRA2,ENSSSCG00000039882,ENSG00000115317,True,ortholog_one2one
HTRA3,ENSSSCG00000008723,ENSG00000170801,True,ortholog_one2one
HTT,ENSSSCG00000008697,ENSG00000197386,True,ortholog_one2one
HUNK,ENSSSCG00000029392,ENSG00000142149,True,ortholog_one2one
HUS1,ENSSSCG00000028523,ENSG00000136273,True,ortholog_one2one
HYKK,ENSSSCG00000001755,ENSG00000188266,True,ortholog_one2one
IARS2,ENSSSCG00000010823,ENSG00000067704,True,ortholog_one2one
IBTK,ENSSSCG00000004460,ENSG00000005700,True,ortholog_one2one
ICA1,ENSSSCG00000015346,ENSG00000003147,True,ortholog_one2one
ICA1L,ENSSSCG00000016115,ENSG00000163596,True,ortholog_one2one
ICAM1,ENSSSCG00000013655,ENSG00000090339,True,ortholog_one2one
ICAM3,ENSSSCG00000013649,ENSG00000076662,True,ortholog_one2one
ICAM4,ENSSSCG00000013654,ENSG00000105371,True,ortholog_one2one
ICAM5,ENSSSCG00000013653,ENSG00000105376,True,ortholog_one2one
ICMT,ENSSSCG00000003369,ENSG00000116237,True,ortholog_one2one
ICOS,ENSSSCG00000025042,ENSG00000163600,True,ortholog_one2one
ICOSLG,ENSSSCG00000022246,ENSG00000160223,True,ortholog_one2one
ID2,ENSSSCG00000008645,ENSG00000115738,True,ortholog_one2one
ID3,ENSSSCG00000039514,ENSG00000117318,True,ortholog_one2one
IDO2,ENSSSCG00000023054,ENSG00000188676,True,ortholog_one2one
IDS,ENSSSCG00000012731,ENSG00000010404,True,ortholog_one2one
IDUA,ENSSSCG00000032262,ENSG00000127415,True,ortholog_one2one
IER2,ENSSSCG00000013753,ENSG00000160888,True,ortholog_one2one
IER5,ENSSSCG00000015541,ENSG00000162783,True,ortholog_one2one
IFFO1,ENSSSCG00000000695,ENSG00000010295,True,ortholog_one2one
IFFO2,ENSSSCG00000022839,ENSG00000169991,True,ortholog_one2one
IFI30,ENSSSCG00000013901,ENSG00000216490,True,ortholog_one2one
IFI35,ENSSSCG00000029763,ENSG00000068079,True,ortholog_one2one
IFI44,ENSSSCG00000003763,ENSG00000137965,True,ortholog_one2one
IFI44L,ENSSSCG00000027660,ENSG00000137959,True,ortholog_one2one
IFIH1,ENSSSCG00000015897,ENSG00000115267,True,ortholog_one2one
IFIT1,ENSSSCG00000010452,ENSG00000185745,True,ortholog_one2one
IFIT2,ENSSSCG00000010451,ENSG00000119922,True,ortholog_one2one
IFIT5,ENSSSCG00000010454,ENSG00000152778,True,ortholog_one2one
IFITM5,ENSSSCG00000040278,ENSG00000206013,True,ortholog_one2one
IFNAR2,ENSSSCG00000036556,ENSG00000159110,True,ortholog_one2one
IFNK,ENSSSCG00000011011,ENSG00000147896,True,ortholog_one2one
IFNLR1,ENSSSCG00000032860,ENSG00000185436,True,ortholog_one2one
IFT27,ENSSSCG00000000139,ENSG00000100360,True,ortholog_one2one
IFT46,ENSSSCG00000029649,ENSG00000118096,True,ortholog_one2one
IFT52,ENSSSCG00000007364,ENSG00000101052,True,ortholog_one2one
IFT56,ENSSSCG00000016511,ENSG00000105948,True,ortholog_one2one
IFT57,ENSSSCG00000011941,ENSG00000114446,True,ortholog_one2one
IFT74,ENSSSCG00000005124,ENSG00000096872,True,ortholog_one2one
IFT80,ENSSSCG00000011733,ENSG00000068885,True,ortholog_one2one
IFT81,ENSSSCG00000009818,ENSG00000122970,True,ortholog_one2one
IFT88,ENSSSCG00000009270,ENSG00000032742,True,ortholog_one2one
IGF1R,ENSSSCG00000030560,ENSG00000140443,True,ortholog_one2one
IGF2,ENSSSCG00000035293,ENSG00000167244,True,ortholog_one2one
IGF2BP1,ENSSSCG00000023128,ENSG00000159217,True,ortholog_one2one
IGF2BP2,ENSSSCG00000011795,ENSG00000073792,True,ortholog_one2one
IGF2BP3,ENSSSCG00000036695,ENSG00000136231,True,ortholog_one2one
IGFBP7,ENSSSCG00000008913,ENSG00000163453,True,ortholog_one2one
IGSF1,ENSSSCG00000012667,ENSG00000147255,True,ortholog_one2one
IGSF10,ENSSSCG00000011717,ENSG00000152580,True,ortholog_one2one
IGSF11,ENSSSCG00000011906,ENSG00000144847,True,ortholog_one2one
IGSF21,ENSSSCG00000020992,ENSG00000117154,True,ortholog_one2one
IGSF23,ENSSSCG00000003080,ENSG00000216588,True,ortholog_one2one
IGSF3,ENSSSCG00000006737,ENSG00000143061,True,ortholog_one2one
IGSF6,ENSSSCG00000027967,ENSG00000140749,True,ortholog_one2one
IGSF8,ENSSSCG00000006392,ENSG00000162729,True,ortholog_one2one
IGSF9,ENSSSCG00000006396,ENSG00000085552,True,ortholog_one2one
IHH,ENSSSCG00000016204,ENSG00000163501,True,ortholog_one2one
IHO1,ENSSSCG00000011376,ENSG00000173421,True,ortholog_one2one
IK,ENSSSCG00000014372,ENSG00000113141,True,ortholog_one2one
IKBKB,ENSSSCG00000007030,ENSG00000104365,True,ortholog_one2one
IKZF4,ENSSSCG00000031139,ENSG00000123411,True,ortholog_one2one
IL10RA,ENSSSCG00000015085,ENSG00000110324,True,ortholog_one2one
IL12B,ENSSSCG00000017044,ENSG00000113302,True,ortholog_one2one
IL12RB1,ENSSSCG00000013894,ENSG00000096996,True,ortholog_one2one
IL17A,ENSSSCG00000001748,ENSG00000112115,True,ortholog_one2one
IL17B,ENSSSCG00000014434,ENSG00000127743,True,ortholog_one2one
IL17D,ENSSSCG00000025308,ENSG00000172458,True,ortholog_one2one
IL17RB,ENSSSCG00000037914,ENSG00000056736,True,ortholog_one2one
IL17RD,ENSSSCG00000011463,ENSG00000144730,True,ortholog_one2one
IL17REL,ENSSSCG00000000983,ENSG00000188263,True,ortholog_one2one
IL18,ENSSSCG00000015037,ENSG00000150782,True,ortholog_one2one
IL18R1,ENSSSCG00000008159,ENSG00000115604,True,ortholog_one2one
IL18RAP,ENSSSCG00000008157,ENSG00000115607,True,ortholog_one2one
IL19,ENSSSCG00000015653,ENSG00000142224,True,ortholog_one2one
IL1A,ENSSSCG00000008090,ENSG00000115008,True,ortholog_one2one
IL1R1,ENSSSCG00000008162,ENSG00000115594,True,ortholog_one2one
IL1R2,ENSSSCG00000028331,ENSG00000115590,True,ortholog_one2one
IL1RAPL1,ENSSSCG00000012196,ENSG00000169306,True,ortholog_one2one
IL22RA1,ENSSSCG00000038848,ENSG00000142677,True,ortholog_one2one
IL22RA2,ENSSSCG00000004158,ENSG00000164485,True,ortholog_one2one
IL23A,ENSSSCG00000033520,ENSG00000110944,True,ortholog_one2one
IL23R,ENSSSCG00000003801,ENSG00000162594,True,ortholog_one2one
IL24,ENSSSCG00000015655,ENSG00000162892,True,ortholog_one2one
IL27,ENSSSCG00000039300,ENSG00000197272,True,ortholog_one2one
IL27RA,ENSSSCG00000013766,ENSG00000104998,True,ortholog_one2one
IL2RA,ENSSSCG00000022849,ENSG00000134460,True,ortholog_one2one
IL2RB,ENSSSCG00000029668,ENSG00000100385,True,ortholog_one2one
IL2RG,ENSSSCG00000012397,ENSG00000147168,True,ortholog_one2one
IL31RA,ENSSSCG00000016915,ENSG00000164509,True,ortholog_one2one
IL4,ENSSSCG00000014282,ENSG00000113520,True,ortholog_one2one
IL4I1,ENSSSCG00000003192,ENSG00000104951,True,ortholog_one2one
IL4R,ENSSSCG00000007817,ENSG00000077238,True,ortholog_one2one
IL7R,ENSSSCG00000016832,ENSG00000168685,True,ortholog_one2one
IL9,ENSSSCG00000025818,ENSG00000145839,True,ortholog_one2one
ILDR2,ENSSSCG00000035124,ENSG00000143195,True,ortholog_one2one
ILF2,ENSSSCG00000028553,ENSG00000143621,True,ortholog_one2one
ILRUN,ENSSSCG00000001527,ENSG00000196821,True,ortholog_one2one
IMMP1L,ENSSSCG00000013322,ENSG00000148950,True,ortholog_one2one
IMMT,ENSSSCG00000024564,ENSG00000132305,True,ortholog_one2one
IMP3,ENSSSCG00000042572,ENSG00000177971,True,ortholog_one2one
IMP4,ENSSSCG00000015734,ENSG00000136718,True,ortholog_one2one
IMPA1,ENSSSCG00000033791,ENSG00000133731,True,ortholog_one2one
IMPA2,ENSSSCG00000024162,ENSG00000141401,True,ortholog_one2one
IMPDH1,ENSSSCG00000016585,ENSG00000106348,True,ortholog_one2one
IMPDH2,ENSSSCG00000011373,ENSG00000178035,True,ortholog_one2one
IMPG1,ENSSSCG00000004477,ENSG00000112706,True,ortholog_one2one
IMPG2,ENSSSCG00000031273,ENSG00000081148,True,ortholog_one2one
ING2,ENSSSCG00000024555,ENSG00000168556,True,ortholog_one2one
INHBC,ENSSSCG00000037446,ENSG00000175189,True,ortholog_one2one
INIP,ENSSSCG00000026194,ENSG00000148153,True,ortholog_one2one
INKA1,ENSSSCG00000049797,ENSG00000185614,True,ortholog_one2one
INKA2,ENSSSCG00000036030,ENSG00000197852,True,ortholog_one2one
INO80,ENSSSCG00000004753,ENSG00000128908,True,ortholog_one2one
INO80B,ENSSSCG00000008287,ENSG00000115274,True,ortholog_one2one
INO80C,ENSSSCG00000038859,ENSG00000153391,True,ortholog_one2one
INO80D,ENSSSCG00000016125,ENSG00000114933,True,ortholog_one2one
INO80E,ENSSSCG00000032921,ENSG00000169592,True,ortholog_one2one
INPP1,ENSSSCG00000016050,ENSG00000151689,True,ortholog_one2one
INPP4A,ENSSSCG00000008190,ENSG00000040933,True,ortholog_one2one
INPP4B,ENSSSCG00000009050,ENSG00000109452,True,ortholog_one2one
INPP5B,ENSSSCG00000003642,ENSG00000204084,True,ortholog_one2one
INPP5D,ENSSSCG00000016298,ENSG00000168918,True,ortholog_one2one
INPP5E,ENSSSCG00000040869,ENSG00000148384,True,ortholog_one2one
INSRR,ENSSSCG00000006465,ENSG00000027644,True,ortholog_one2one
INTS1,ENSSSCG00000007558,ENSG00000164880,True,ortholog_one2one
INTS11,ENSSSCG00000003339,ENSG00000127054,True,ortholog_one2one
INTS15,ENSSSCG00000036192,ENSG00000146576,True,ortholog_one2one
INTS2,ENSSSCG00000017673,ENSG00000108506,True,ortholog_one2one
INTS5,ENSSSCG00000028275,ENSG00000185085,True,ortholog_one2one
INTS6,ENSSSCG00000009384,ENSG00000102786,True,ortholog_one2one
INTS6L,ENSSSCG00000012695,ENSG00000165359,True,ortholog_one2one
INTS7,ENSSSCG00000015602,ENSG00000143493,True,ortholog_one2one
INTS8,ENSSSCG00000006096,ENSG00000164941,True,ortholog_one2one
INTS9,ENSSSCG00000009681,ENSG00000104299,True,ortholog_one2one
INTU,ENSSSCG00000009079,ENSG00000164066,True,ortholog_one2one
IP6K1,ENSSSCG00000011390,ENSG00000176095,True,ortholog_one2one
IP6K2,ENSSSCG00000040922,ENSG00000068745,True,ortholog_one2one
IP6K3,ENSSSCG00000039272,ENSG00000161896,True,ortholog_one2one
IQCB1,ENSSSCG00000011881,ENSG00000173226,True,ortholog_one2one
IQCE,ENSSSCG00000007568,ENSG00000106012,True,ortholog_one2one
IQCK,ENSSSCG00000034720,ENSG00000174628,True,ortholog_one2one
IQGAP1,ENSSSCG00000001814,ENSG00000140575,True,ortholog_one2one
IQGAP2,ENSSSCG00000014088,ENSG00000145703,True,ortholog_one2one
IQGAP3,ENSSSCG00000006475,ENSG00000183856,True,ortholog_one2one
IQSEC1,ENSSSCG00000027812,ENSG00000144711,True,ortholog_one2one
IQSEC2,ENSSSCG00000012324,ENSG00000124313,True,ortholog_one2one
IQUB,ENSSSCG00000016608,ENSG00000164675,True,ortholog_one2one
IRAG1,ENSSSCG00000020720,ENSG00000072952,True,ortholog_one2one
IRAK1,ENSSSCG00000012795,ENSG00000184216,True,ortholog_one2one
IRAK1BP1,ENSSSCG00000004472,ENSG00000146243,True,ortholog_one2one
IRAK3,ENSSSCG00000000475,ENSG00000090376,True,ortholog_one2one
IRAK4,ENSSSCG00000000799,ENSG00000198001,True,ortholog_one2one
IREB2,ENSSSCG00000001756,ENSG00000136381,True,ortholog_one2one
IRF1,ENSSSCG00000014277,ENSG00000125347,True,ortholog_one2one
IRX5,ENSSSCG00000032145,ENSG00000176842,True,ortholog_one2one
ISCU,ENSSSCG00000023380,ENSG00000136003,True,ortholog_one2one
ISG20,ENSSSCG00000024867,ENSG00000172183,True,ortholog_one2one
ISG20L2,ENSSSCG00000006471,ENSG00000143319,True,ortholog_one2one
ISL1,ENSSSCG00000016883,ENSG00000016082,True,ortholog_one2one
ISL2,ENSSSCG00000033348,ENSG00000159556,True,ortholog_one2one
ISLR,ENSSSCG00000001910,ENSG00000129009,True,ortholog_one2one
ISLR2,ENSSSCG00000036011,ENSG00000167178,True,ortholog_one2one
ISOC2,ENSSSCG00000003289,ENSG00000063241,True,ortholog_one2one
IST1,ENSSSCG00000002743,ENSG00000182149,True,ortholog_one2one
ISX,ENSSSCG00000040934,ENSG00000175329,True,ortholog_one2one
ISYNA1,ENSSSCG00000040524,ENSG00000105655,True,ortholog_one2one
ITFG1,ENSSSCG00000033527,ENSG00000129636,True,ortholog_one2one
ITFG2,ENSSSCG00000000742,ENSG00000111203,True,ortholog_one2one
ITGA1,ENSSSCG00000016885,ENSG00000213949,True,ortholog_one2one
ITGA10,ENSSSCG00000006687,ENSG00000143127,True,ortholog_one2one
ITGA11,ENSSSCG00000004961,ENSG00000137809,True,ortholog_one2one
ITGA6,ENSSSCG00000015955,ENSG00000091409,True,ortholog_one2one
ITGA8,ENSSSCG00000011046,ENSG00000077943,True,ortholog_one2one
ITGA9,ENSSSCG00000011245,ENSG00000144668,True,ortholog_one2one
ITGAL,ENSSSCG00000007797,ENSG00000005844,True,ortholog_one2one
ITGAM,ENSSSCG00000007754,ENSG00000169896,True,ortholog_one2one
ITGAV,ENSSSCG00000016027,ENSG00000138448,True,ortholog_one2one
ITGB1,ENSSSCG00000011101,ENSG00000150093,True,ortholog_one2one
ITGB1BP1,ENSSSCG00000029313,ENSG00000119185,True,ortholog_one2one
ITGB1BP2,ENSSSCG00000022209,ENSG00000147166,True,ortholog_one2one
ITGB2,ENSSSCG00000025133,ENSG00000160255,True,ortholog_one2one
ITGB3,ENSSSCG00000017306,ENSG00000259207,True,ortholog_one2one
ITGB4,ENSSSCG00000017204,ENSG00000132470,True,ortholog_one2one
ITGB5,ENSSSCG00000037905,ENSG00000082781,True,ortholog_one2one
ITGB6,ENSSSCG00000015886,ENSG00000115221,True,ortholog_one2one
ITGB7,ENSSSCG00000000257,ENSG00000139626,True,ortholog_one2one
ITIH5,ENSSSCG00000011129,ENSG00000123243,True,ortholog_one2one
ITPA,ENSSSCG00000035995,ENSG00000125877,True,ortholog_one2one
ITPRIP,ENSSSCG00000010613,ENSG00000148841,True,ortholog_one2one
ITSN2,ENSSSCG00000008583,ENSG00000198399,True,ortholog_one2one
IVD,ENSSSCG00000004774,ENSG00000128928,True,ortholog_one2one
IVNS1ABP,ENSSSCG00000015570,ENSG00000116679,True,ortholog_one2one
IWS1,ENSSSCG00000035410,ENSG00000163166,True,ortholog_one2one
IYD,ENSSSCG00000004093,ENSG00000009765,True,ortholog_one2one
IZUMO1,ENSSSCG00000003142,ENSG00000182264,True,ortholog_one2one
IZUMO1R,ENSSSCG00000014952,ENSG00000183560,True,ortholog_one2one
IZUMO2,ENSSSCG00000003207,ENSG00000161652,True,ortholog_one2one
IZUMO3,ENSSSCG00000005129,ENSG00000205442,True,ortholog_one2one
JADE1,ENSSSCG00000009071,ENSG00000077684,True,ortholog_one2one
JADE2,ENSSSCG00000014303,ENSG00000043143,True,ortholog_one2one
JADE3,ENSSSCG00000012267,ENSG00000102221,True,ortholog_one2one
JAG1,ENSSSCG00000007067,ENSG00000101384,True,ortholog_one2one
JAZF1,ENSSSCG00000016691,ENSG00000153814,True,ortholog_one2one
JCHAIN,ENSSSCG00000035379,ENSG00000132465,True,ortholog_one2one
JMJD1C,ENSSSCG00000010226,ENSG00000171988,True,ortholog_one2one
JMY,ENSSSCG00000014112,ENSG00000152409,True,ortholog_one2one
JOSD1,ENSSSCG00000039555,ENSG00000100221,True,ortholog_one2one
JOSD2,ENSSSCG00000003217,ENSG00000161677,True,ortholog_one2one
JPH1,ENSSSCG00000006174,ENSG00000104369,True,ortholog_one2one
JPH4,ENSSSCG00000002014,ENSG00000092051,True,ortholog_one2one
JPT1,ENSSSCG00000017213,ENSG00000189159,True,ortholog_one2one
JPT2,ENSSSCG00000008019,ENSG00000206053,True,ortholog_one2one
JSRP1,ENSSSCG00000031899,ENSG00000167476,True,ortholog_one2one
JUN,ENSSSCG00000031912,ENSG00000177606,True,ortholog_one2one
JUNB,ENSSSCG00000013735,ENSG00000171223,True,ortholog_one2one
JUP,ENSSSCG00000017428,ENSG00000173801,True,ortholog_one2one
KARS1,ENSSSCG00000002704,ENSG00000065427,True,ortholog_one2one
KAT5,ENSSSCG00000012980,ENSG00000172977,True,ortholog_one2one
KAT7,ENSSSCG00000017553,ENSG00000136504,True,ortholog_one2one
KAT8,ENSSSCG00000031247,ENSG00000103510,True,ortholog_one2one
KATNA1,ENSSSCG00000004104,ENSG00000186625,True,ortholog_one2one
KATNAL1,ENSSSCG00000009326,ENSG00000102781,True,ortholog_one2one
KATNAL2,ENSSSCG00000022643,ENSG00000167216,True,ortholog_one2one
KATNB1,ENSSSCG00000002813,ENSG00000140854,True,ortholog_one2one
KATNBL1,ENSSSCG00000002245,ENSG00000134152,True,ortholog_one2one
KATNIP,ENSSSCG00000007814,ENSG00000047578,True,ortholog_one2one
KAZALD1,ENSSSCG00000022429,ENSG00000107821,True,ortholog_one2one
KAZN,ENSSSCG00000037676,ENSG00000189337,True,ortholog_one2one
KBTBD11,ENSSSCG00000029796,ENSG00000176595,True,ortholog_one2one
KBTBD12,ENSSSCG00000011622,ENSG00000187715,True,ortholog_one2one
KBTBD13,ENSSSCG00000035667,ENSG00000234438,True,ortholog_one2one
KBTBD2,ENSSSCG00000022464,ENSG00000170852,True,ortholog_one2one
KBTBD8,ENSSSCG00000011500,ENSG00000163376,True,ortholog_one2one
KCNA1,ENSSSCG00000000716,ENSG00000111262,True,ortholog_one2one
KCNA10,ENSSSCG00000006803,ENSG00000143105,True,ortholog_one2one
KCNA2,ENSSSCG00000037709,ENSG00000177301,True,ortholog_one2one
KCNA3,ENSSSCG00000006802,ENSG00000177272,True,ortholog_one2one
KCNA4,ENSSSCG00000013330,ENSG00000182255,True,ortholog_one2one
KCNA7,ENSSSCG00000003159,ENSG00000104848,True,ortholog_one2one
KCNAB1,ENSSSCG00000025810,ENSG00000169282,True,ortholog_one2one
KCNAB2,ENSSSCG00000020749,ENSG00000069424,True,ortholog_one2one
KCNAB3,ENSSSCG00000037973,ENSG00000170049,True,ortholog_one2one
KCNB1,ENSSSCG00000007462,ENSG00000158445,True,ortholog_one2one
KCNB2,ENSSSCG00000006185,ENSG00000182674,True,ortholog_one2one
KCNC1,ENSSSCG00000013374,ENSG00000129159,True,ortholog_one2one
KCNC2,ENSSSCG00000000516,ENSG00000166006,True,ortholog_one2one
KCNC3,ENSSSCG00000003214,ENSG00000131398,True,ortholog_one2one
KCNC4,ENSSSCG00000006810,ENSG00000116396,True,ortholog_one2one
KCND1,ENSSSCG00000028284,ENSG00000102057,True,ortholog_one2one
KCNH4,ENSSSCG00000017411,ENSG00000089558,True,ortholog_one2one
KCNH5,ENSSSCG00000034726,ENSG00000140015,True,ortholog_one2one
KCNH8,ENSSSCG00000011204,ENSG00000183960,True,ortholog_one2one
KCNIP1,ENSSSCG00000017003,ENSG00000182132,True,ortholog_one2one
KCNIP2,ENSSSCG00000010570,ENSG00000120049,True,ortholog_one2one
KCNIP3,ENSSSCG00000008119,ENSG00000115041,True,ortholog_one2one
KCNIP4,ENSSSCG00000023934,ENSG00000185774,True,ortholog_one2one
KCNJ10,ENSSSCG00000031858,ENSG00000177807,True,ortholog_one2one
KCNJ11,ENSSSCG00000042162,ENSG00000187486,True,ortholog_one2one
KCNJ14,ENSSSCG00000003135,ENSG00000182324,True,ortholog_one2one
KCNJ16,ENSSSCG00000034358,ENSG00000153822,True,ortholog_one2one
KCNJ2,ENSSSCG00000039947,ENSG00000123700,True,ortholog_one2one
KCNJ9,ENSSSCG00000006393,ENSG00000162728,True,ortholog_one2one
KCNK2,ENSSSCG00000023451,ENSG00000082482,True,ortholog_one2one
KCNK5,ENSSSCG00000025423,ENSG00000164626,True,ortholog_one2one
KCNK9,ENSSSCG00000033397,ENSG00000169427,True,ortholog_one2one
KCNMA1,ENSSSCG00000010325,ENSG00000156113,True,ortholog_one2one
KCNMB1,ENSSSCG00000017005,ENSG00000145936,True,ortholog_one2one
KCNMB2,ENSSSCG00000011761,ENSG00000197584,True,ortholog_one2one
KCNMB3,ENSSSCG00000029240,ENSG00000171121,True,ortholog_one2one
KCNMB4,ENSSSCG00000031173,ENSG00000135643,True,ortholog_one2one
KCNN1,ENSSSCG00000013892,ENSG00000105642,True,ortholog_one2one
KCNN2,ENSSSCG00000014213,ENSG00000080709,True,ortholog_one2one
KCNN3,ENSSSCG00000006542,ENSG00000143603,True,ortholog_one2one
KCNN4,ENSSSCG00000003069,ENSG00000104783,True,ortholog_one2one
KCNQ1,ENSSSCG00000039556,ENSG00000053918,True,ortholog_one2one
KCNQ2,ENSSSCG00000031746,ENSG00000075043,True,ortholog_one2one
KCNQ3,ENSSSCG00000005953,ENSG00000184156,True,ortholog_one2one
KCTD1,ENSSSCG00000003719,ENSG00000134504,True,ortholog_one2one
KCTD10,ENSSSCG00000009934,ENSG00000110906,True,ortholog_one2one
KCTD11,ENSSSCG00000042089,ENSG00000213859,True,ortholog_one2one
KCTD19,ENSSSCG00000002781,ENSG00000168676,True,ortholog_one2one
KCTD2,ENSSSCG00000031958,ENSG00000180901,True,ortholog_one2one
KCTD20,ENSSSCG00000001562,ENSG00000112078,True,ortholog_one2one
KCTD21,ENSSSCG00000033506,ENSG00000188997,True,ortholog_one2one
KCTD3,ENSSSCG00000010811,ENSG00000136636,True,ortholog_one2one
KCTD4,ENSSSCG00000022868,ENSG00000180332,True,ortholog_one2one
KCTD5,ENSSSCG00000008058,ENSG00000167977,True,ortholog_one2one
KCTD6,ENSSSCG00000022131,ENSG00000168301,True,ortholog_one2one
KCTD7,ENSSSCG00000040985,ENSG00000243335,True,ortholog_one2one
KCTD9,ENSSSCG00000009652,ENSG00000104756,True,ortholog_one2one
KDELR1,ENSSSCG00000003132,ENSG00000105438,True,ortholog_one2one
KDELR2,ENSSSCG00000031432,ENSG00000136240,True,ortholog_one2one
KDELR3,ENSSSCG00000000105,ENSG00000100196,True,ortholog_one2one
KDSR,ENSSSCG00000025744,ENSG00000119537,True,ortholog_one2one
KEAP1,ENSSSCG00000023667,ENSG00000079999,True,ortholog_one2one
KEL,ENSSSCG00000016472,ENSG00000197993,True,ortholog_one2one
KERA,ENSSSCG00000000917,ENSG00000139330,True,ortholog_one2one
KGD4,ENSSSCG00000037463,ENSG00000134056,True,ortholog_one2one
KHDC4,ENSSSCG00000006504,ENSG00000132680,True,ortholog_one2one
KHDRBS1,ENSSSCG00000023122,ENSG00000121774,True,ortholog_one2one
KHDRBS2,ENSSSCG00000001490,ENSG00000112232,True,ortholog_one2one
KHDRBS3,ENSSSCG00000005941,ENSG00000131773,True,ortholog_one2one
KHNYN,ENSSSCG00000001984,ENSG00000100441,True,ortholog_one2one
KHSRP,ENSSSCG00000013538,ENSG00000088247,True,ortholog_one2one
KIAA0040,ENSSSCG00000040719,ENSG00000235750,True,ortholog_one2one
KIAA0319,ENSSSCG00000001091,ENSG00000137261,True,ortholog_one2one
KIAA0319L,ENSSSCG00000037121,ENSG00000142687,True,ortholog_one2one
KIAA0408,ENSSSCG00000004215,ENSG00000189367,True,ortholog_one2one
KIAA0586,ENSSSCG00000005076,ENSG00000100578,True,ortholog_one2one
KIAA2012,ENSSSCG00000016110,ENSG00000182329,True,ortholog_one2one
KIAA2013,ENSSSCG00000003432,ENSG00000116685,True,ortholog_one2one
KICS2,ENSSSCG00000039258,ENSG00000174206,True,ortholog_one2one
KIDINS220,ENSSSCG00000008644,ENSG00000134313,True,ortholog_one2one
KIF11,ENSSSCG00000010471,ENSG00000138160,True,ortholog_one2one
KIF12,ENSSSCG00000005486,ENSG00000136883,True,ortholog_one2one
KIF13A,ENSSSCG00000020858,ENSG00000137177,True,ortholog_one2one
KIF13B,ENSSSCG00000009683,ENSG00000197892,True,ortholog_one2one
KIF14,ENSSSCG00000010912,ENSG00000118193,True,ortholog_one2one
KIF15,ENSSSCG00000011309,ENSG00000163808,True,ortholog_one2one
KIF16B,ENSSSCG00000007080,ENSG00000089177,True,ortholog_one2one
KIF18A,ENSSSCG00000013332,ENSG00000121621,True,ortholog_one2one
KIF18B,ENSSSCG00000017342,ENSG00000186185,True,ortholog_one2one
KIF19,ENSSSCG00000021724,ENSG00000196169,True,ortholog_one2one
KIF1A,ENSSSCG00000016401,ENSG00000130294,True,ortholog_one2one
KIF1B,ENSSSCG00000003401,ENSG00000054523,True,ortholog_one2one
KIF26A,ENSSSCG00000035093,ENSG00000066735,True,ortholog_one2one
KIF27,ENSSSCG00000021571,ENSG00000165115,True,ortholog_one2one
KIF2A,ENSSSCG00000030186,ENSG00000068796,True,ortholog_one2one
KIF2B,ENSSSCG00000017599,ENSG00000141200,True,ortholog_one2one
KIF3A,ENSSSCG00000014283,ENSG00000131437,True,ortholog_one2one
KIF3C,ENSSSCG00000008574,ENSG00000084731,True,ortholog_one2one
KIF4A,ENSSSCG00000012377,ENSG00000090889,True,ortholog_one2one
KIF5A,ENSSSCG00000000439,ENSG00000155980,True,ortholog_one2one
KIF5B,ENSSSCG00000011027,ENSG00000170759,True,ortholog_one2one
KIF5C,ENSSSCG00000022919,ENSG00000168280,True,ortholog_one2one
KIF6,ENSSSCG00000001594,ENSG00000164627,True,ortholog_one2one
KIF7,ENSSSCG00000001840,ENSG00000166813,True,ortholog_one2one
KIFAP3,ENSSSCG00000006282,ENSG00000075945,True,ortholog_one2one
KIFBP,ENSSSCG00000010248,ENSG00000198954,True,ortholog_one2one
KIFC2,ENSSSCG00000026924,ENSG00000167702,True,ortholog_one2one
KIFC3,ENSSSCG00000002812,ENSG00000140859,True,ortholog_one2one
KIRREL2,ENSSSCG00000002915,ENSG00000126259,True,ortholog_one2one
KLC1,ENSSSCG00000002547,ENSG00000126214,True,ortholog_one2one
KLC2,ENSSSCG00000012955,ENSG00000174996,True,ortholog_one2one
KLC3,ENSSSCG00000039864,ENSG00000104892,True,ortholog_one2one
KLC4,ENSSSCG00000001659,ENSG00000137171,True,ortholog_one2one
KLF1,ENSSSCG00000013730,ENSG00000105610,True,ortholog_one2one
KLF10,ENSSSCG00000027480,ENSG00000155090,True,ortholog_one2one
KLF11,ENSSSCG00000038643,ENSG00000172059,True,ortholog_one2one
KLF12,ENSSSCG00000025130,ENSG00000118922,True,ortholog_one2one
KLF13,ENSSSCG00000026006,ENSG00000169926,True,ortholog_one2one
KLF14,ENSSSCG00000016550,ENSG00000266265,True,ortholog_one2one
KLF15,ENSSSCG00000036742,ENSG00000163884,True,ortholog_one2one
KLF2,ENSSSCG00000038911,ENSG00000127528,True,ortholog_one2one
KLF3,ENSSSCG00000036488,ENSG00000109787,True,ortholog_one2one
KLF4,ENSSSCG00000005437,ENSG00000136826,True,ortholog_one2one
KLHDC1,ENSSSCG00000032489,ENSG00000197776,True,ortholog_one2one
KLHDC3,ENSSSCG00000022901,ENSG00000124702,True,ortholog_one2one
KLHDC4,ENSSSCG00000002652,ENSG00000104731,True,ortholog_one2one
KLHDC7A,ENSSSCG00000023732,ENSG00000179023,True,ortholog_one2one
KLHDC8A,ENSSSCG00000023441,ENSG00000162873,True,ortholog_one2one
KLHDC8B,ENSSSCG00000011379,ENSG00000185909,True,ortholog_one2one
KLHL10,ENSSSCG00000033629,ENSG00000161594,True,ortholog_one2one
KLHL11,ENSSSCG00000032404,ENSG00000178502,True,ortholog_one2one
KLHL12,ENSSSCG00000022787,ENSG00000117153,True,ortholog_one2one
KLHL13,ENSSSCG00000012637,ENSG00000003096,True,ortholog_one2one
KLHL14,ENSSSCG00000003733,ENSG00000197705,True,ortholog_one2one
KLHL15,ENSSSCG00000027652,ENSG00000174010,True,ortholog_one2one
KLHL17,ENSSSCG00000030505,ENSG00000187961,True,ortholog_one2one
KLHL18,ENSSSCG00000024513,ENSG00000114648,True,ortholog_one2one
KLHL2,ENSSSCG00000008858,ENSG00000109466,True,ortholog_one2one
KLHL23,ENSSSCG00000015937,ENSG00000213160,True,ortholog_one2one
KLHL26,ENSSSCG00000013913,ENSG00000167487,True,ortholog_one2one
KLHL29,ENSSSCG00000008593,ENSG00000119771,True,ortholog_one2one
KLHL31,ENSSSCG00000001487,ENSG00000124743,True,ortholog_one2one
KLHL32,ENSSSCG00000027002,ENSG00000186231,True,ortholog_one2one
KLHL33,ENSSSCG00000002140,ENSG00000185271,True,ortholog_one2one
KLHL34,ENSSSCG00000033979,ENSG00000185915,True,ortholog_one2one
KLHL36,ENSSSCG00000038285,ENSG00000135686,True,ortholog_one2one
KLHL38,ENSSSCG00000035521,ENSG00000175946,True,ortholog_one2one
KLHL4,ENSSSCG00000012467,ENSG00000102271,True,ortholog_one2one
KLHL40,ENSSSCG00000011286,ENSG00000157119,True,ortholog_one2one
KLHL42,ENSSSCG00000000545,ENSG00000087448,True,ortholog_one2one
KLHL5,ENSSSCG00000008787,ENSG00000109790,True,ortholog_one2one
KLHL7,ENSSSCG00000038469,ENSG00000122550,True,ortholog_one2one
KLHL9,ENSSSCG00000005150,ENSG00000198642,True,ortholog_one2one
KLK9,ENSSSCG00000033192,ENSG00000213022,True,ortholog_one2one
KMT2E,ENSSSCG00000029082,ENSG00000005483,True,ortholog_one2one
KMT5A,ENSSSCG00000009777,ENSG00000183955,True,ortholog_one2one
KMT5B,ENSSSCG00000031459,ENSG00000110066,True,ortholog_one2one
KMT5C,ENSSSCG00000035829,ENSG00000133247,True,ortholog_one2one
KNG1,ENSSSCG00000011802,ENSG00000113889,True,ortholog_one2one
KNL1,ENSSSCG00000042522,ENSG00000137812,True,ortholog_one2one
KNOP1,ENSSSCG00000025203,ENSG00000103550,True,ortholog_one2one
KNTC1,ENSSSCG00000039546,ENSG00000184445,True,ortholog_one2one
KPLCE,ENSSSCG00000006599,ENSG00000198854,True,ortholog_one2one
KPNA1,ENSSSCG00000028475,ENSG00000114030,True,ortholog_one2one
KPNA3,ENSSSCG00000024125,ENSG00000102753,True,ortholog_one2one
KPNA4,ENSSSCG00000031077,ENSG00000186432,True,ortholog_one2one
KPNA7,ENSSSCG00000007607,ENSG00000185467,True,ortholog_one2one
KPTN,ENSSSCG00000003121,ENSG00000118162,True,ortholog_one2one
KRAS,ENSSSCG00000026969,ENSG00000133703,True,ortholog_one2one
KRI1,ENSSSCG00000013644,ENSG00000129347,True,ortholog_one2one
KRIT1,ENSSSCG00000015313,ENSG00000001631,True,ortholog_one2one
KRR1,ENSSSCG00000033524,ENSG00000111615,True,ortholog_one2one
KRT1,ENSSSCG00000000251,ENSG00000167768,True,ortholog_one2one
KRT10,ENSSSCG00000028522,ENSG00000186395,True,ortholog_one2one
KRT15,ENSSSCG00000017444,ENSG00000171346,True,ortholog_one2one
KRT18,ENSSSCG00000000253,ENSG00000111057,True,ortholog_one2one
KRT2,ENSSSCG00000037806,ENSG00000172867,True,ortholog_one2one
KRT222,ENSSSCG00000036089,ENSG00000213424,True,ortholog_one2one
KRT26,ENSSSCG00000017463,ENSG00000186393,True,ortholog_one2one
KRT27,ENSSSCG00000017462,ENSG00000171446,True,ortholog_one2one
KRT28,ENSSSCG00000017461,ENSG00000173908,True,ortholog_one2one
KRT3,ENSSSCG00000023254,ENSG00000186442,True,ortholog_one2one
KRT35,ENSSSCG00000017438,ENSG00000197079,True,ortholog_one2one
KRT36,ENSSSCG00000017437,ENSG00000126337,True,ortholog_one2one
KRT72,ENSSSCG00000000249,ENSG00000170486,True,ortholog_one2one
KRT75,ENSSSCG00000000236,ENSG00000170454,True,ortholog_one2one
KRT78,ENSSSCG00000036791,ENSG00000170423,True,ortholog_one2one
KRT8,ENSSSCG00000000252,ENSG00000170421,True,ortholog_one2one
KRT80,ENSSSCG00000040636,ENSG00000167767,True,ortholog_one2one
KRT82,ENSSSCG00000000235,ENSG00000161850,True,ortholog_one2one
KRT84,ENSSSCG00000000241,ENSG00000161849,True,ortholog_one2one
KRTAP11-1,ENSSSCG00000038131,ENSG00000182591,True,ortholog_one2one
KRTAP19-6,ENSSSCG00000043474,ENSG00000186925,True,ortholog_one2one
KRTAP24-1,ENSSSCG00000021804,ENSG00000188694,True,ortholog_one2one
KRTAP27-1,ENSSSCG00000029297,ENSG00000206107,True,ortholog_one2one
KRTAP6-2,ENSSSCG00000048455,ENSG00000186930,True,ortholog_one2one
KRTCAP2,ENSSSCG00000006527,ENSG00000163463,True,ortholog_one2one
KRTCAP3,ENSSSCG00000040062,ENSG00000157992,True,ortholog_one2one
KRTDAP,ENSSSCG00000002882,ENSG00000188508,True,ortholog_one2one
KSR1,ENSSSCG00000017753,ENSG00000141068,True,ortholog_one2one
KYNU,ENSSSCG00000015673,ENSG00000115919,True,ortholog_one2one
L3MBTL2,ENSSSCG00000000066,ENSG00000100395,True,ortholog_one2one
L3MBTL3,ENSSSCG00000004203,ENSG00000198945,True,ortholog_one2one
LACC1,ENSSSCG00000009425,ENSG00000179630,True,ortholog_one2one
LACTB2,ENSSSCG00000006192,ENSG00000147592,True,ortholog_one2one
LACTBL1,ENSSSCG00000003529,ENSG00000215906,True,ortholog_one2one
LAD1,ENSSSCG00000021624,ENSG00000159166,True,ortholog_one2one
LAG3,ENSSSCG00000000688,ENSG00000089692,True,ortholog_one2one
LALBA,ENSSSCG00000024573,ENSG00000167531,True,ortholog_one2one
LAMA3,ENSSSCG00000003709,ENSG00000053747,True,ortholog_one2one
LAMA4,ENSSSCG00000004425,ENSG00000112769,True,ortholog_one2one
LAMB1,ENSSSCG00000015444,ENSG00000091136,True,ortholog_one2one
LAMB2,ENSSSCG00000011377,ENSG00000172037,True,ortholog_one2one
LAMB3,ENSSSCG00000015618,ENSG00000196878,True,ortholog_one2one
LAMP1,ENSSSCG00000009555,ENSG00000185896,True,ortholog_one2one
LAMTOR1,ENSSSCG00000014804,ENSG00000149357,True,ortholog_one2one
LAMTOR2,ENSSSCG00000006499,ENSG00000116586,True,ortholog_one2one
LANCL2,ENSSSCG00000023801,ENSG00000132434,True,ortholog_one2one
LAP3,ENSSSCG00000023604,ENSG00000002549,True,ortholog_one2one
LAPTM4A,ENSSSCG00000008602,ENSG00000068697,True,ortholog_one2one
LAPTM4B,ENSSSCG00000006083,ENSG00000104341,True,ortholog_one2one
LAPTM5,ENSSSCG00000025034,ENSG00000162511,True,ortholog_one2one
LARGE1,ENSSSCG00000000959,ENSG00000133424,True,ortholog_one2one
LARGE2,ENSSSCG00000013266,ENSG00000165905,True,ortholog_one2one
LARP1,ENSSSCG00000017069,ENSG00000155506,True,ortholog_one2one
LARP1B,ENSSSCG00000034280,ENSG00000138709,True,ortholog_one2one
LARP4,ENSSSCG00000028516,ENSG00000161813,True,ortholog_one2one
LARP4B,ENSSSCG00000011162,ENSG00000107929,True,ortholog_one2one
LARP6,ENSSSCG00000004974,ENSG00000166173,True,ortholog_one2one
LARP7,ENSSSCG00000009119,ENSG00000174720,True,ortholog_one2one
LARS2,ENSSSCG00000011312,ENSG00000011376,True,ortholog_one2one
LAS1L,ENSSSCG00000012366,ENSG00000001497,True,ortholog_one2one
LASP1,ENSSSCG00000040642,ENSG00000002834,True,ortholog_one2one
LBR,ENSSSCG00000032397,ENSG00000143815,True,ortholog_one2one
LCA5,ENSSSCG00000004469,ENSG00000135338,True,ortholog_one2one
LCE6A,ENSSSCG00000051521,ENSG00000235942,True,ortholog_one2one
LCK,ENSSSCG00000003608,ENSG00000182866,True,ortholog_one2one
LCLAT1,ENSSSCG00000025901,ENSG00000172954,True,ortholog_one2one
LCN10,ENSSSCG00000005836,ENSG00000187922,True,ortholog_one2one
LCN12,ENSSSCG00000040164,ENSG00000184925,True,ortholog_one2one
LCN2,ENSSSCG00000005638,ENSG00000148346,True,ortholog_one2one
LCN6,ENSSSCG00000005835,ENSG00000267206,True,ortholog_one2one
LCN8,ENSSSCG00000021963,ENSG00000204001,True,ortholog_one2one
LCORL,ENSSSCG00000008748,ENSG00000178177,True,ortholog_one2one
LCP1,ENSSSCG00000009412,ENSG00000136167,True,ortholog_one2one
LDB1,ENSSSCG00000010574,ENSG00000198728,True,ortholog_one2one
LDB2,ENSSSCG00000029227,ENSG00000169744,True,ortholog_one2one
LDHC,ENSSSCG00000013363,ENSG00000166796,True,ortholog_one2one
LDLR,ENSSSCG00000028512,ENSG00000130164,True,ortholog_one2one
LDLRAD1,ENSSSCG00000027641,ENSG00000203985,True,ortholog_one2one
LDLRAD4,ENSSSCG00000027417,ENSG00000168675,True,ortholog_one2one
LDLRAP1,ENSSSCG00000003549,ENSG00000157978,True,ortholog_one2one
LEAP2,ENSSSCG00000040998,ENSG00000164406,True,ortholog_one2one
LECT2,ENSSSCG00000014315,ENSG00000145826,True,ortholog_one2one
LEF1,ENSSSCG00000009148,ENSG00000138795,True,ortholog_one2one
LEKR1,ENSSSCG00000026579,ENSG00000197980,True,ortholog_one2one
LEMD1,ENSSSCG00000015291,ENSG00000186007,True,ortholog_one2one
LEMD2,ENSSSCG00000001520,ENSG00000161904,True,ortholog_one2one
LEMD3,ENSSSCG00000000469,ENSG00000174106,True,ortholog_one2one
LENG1,ENSSSCG00000003265,ENSG00000105617,True,ortholog_one2one
LENG8,ENSSSCG00000030857,ENSG00000167615,True,ortholog_one2one
LEPROTL1,ENSSSCG00000038085,ENSG00000104660,True,ortholog_one2one
LFNG,ENSSSCG00000007572,ENSG00000106003,True,ortholog_one2one
LGALS12,ENSSSCG00000013056,ENSG00000133317,True,ortholog_one2one
LGALS3,ENSSSCG00000005055,ENSG00000131981,True,ortholog_one2one
LGALS3BP,ENSSSCG00000036383,ENSG00000108679,True,ortholog_one2one
LGALS8,ENSSSCG00000010146,ENSG00000116977,True,ortholog_one2one
LGALSL,ENSSSCG00000030005,ENSG00000119862,True,ortholog_one2one
LGI1,ENSSSCG00000010481,ENSG00000108231,True,ortholog_one2one
LGI2,ENSSSCG00000028927,ENSG00000153012,True,ortholog_one2one
LGI4,ENSSSCG00000025126,ENSG00000153902,True,ortholog_one2one
LGMN,ENSSSCG00000002452,ENSG00000100600,True,ortholog_one2one
LGR4,ENSSSCG00000013335,ENSG00000205213,True,ortholog_one2one
LGR5,ENSSSCG00000030511,ENSG00000139292,True,ortholog_one2one
LGR6,ENSSSCG00000044583,ENSG00000133067,True,ortholog_one2one
LGSN,ENSSSCG00000004450,ENSG00000146166,True,ortholog_one2one
LHX6,ENSSSCG00000005530,ENSG00000106852,True,ortholog_one2one
LHX8,ENSSSCG00000003778,ENSG00000162624,True,ortholog_one2one
LHX9,ENSSSCG00000010903,ENSG00000143355,True,ortholog_one2one
LIAS,ENSSSCG00000029385,ENSG00000121897,True,ortholog_one2one
LIAT1,ENSSSCG00000017814,ENSG00000187624,True,ortholog_one2one
LIF,ENSSSCG00000040961,ENSG00000128342,True,ortholog_one2one
LIFR,ENSSSCG00000016850,ENSG00000113594,True,ortholog_one2one
LIG1,ENSSSCG00000003128,ENSG00000105486,True,ortholog_one2one
LIG3,ENSSSCG00000024770,ENSG00000005156,True,ortholog_one2one
LIG4,ENSSSCG00000009540,ENSG00000174405,True,ortholog_one2one
LIM2,ENSSSCG00000003232,ENSG00000105370,True,ortholog_one2one
LIMA1,ENSSSCG00000032269,ENSG00000050405,True,ortholog_one2one
LIMCH1,ENSSSCG00000008799,ENSG00000064042,True,ortholog_one2one
LIMD2,ENSSSCG00000040509,ENSG00000136490,True,ortholog_one2one
LIN28B,ENSSSCG00000037612,ENSG00000187772,True,ortholog_one2one
LIN9,ENSSSCG00000021310,ENSG00000183814,True,ortholog_one2one
LIPM,ENSSSCG00000010444,ENSG00000173239,True,ortholog_one2one
LIPT2,ENSSSCG00000024060,ENSG00000175536,True,ortholog_one2one
LIX1L,ENSSSCG00000026502,ENSG00000271601,True,ortholog_one2one
LKAAEAR1,ENSSSCG00000033548,ENSG00000171695,True,ortholog_one2one
LLGL1,ENSSSCG00000040859,ENSG00000131899,True,ortholog_one2one
LLGL2,ENSSSCG00000033518,ENSG00000073350,True,ortholog_one2one
LLPH,ENSSSCG00000031580,ENSG00000139233,True,ortholog_one2one
LMAN1,ENSSSCG00000004908,ENSG00000074695,True,ortholog_one2one
LMAN1L,ENSSSCG00000001899,ENSG00000140506,True,ortholog_one2one
LMAN2,ENSSSCG00000014040,ENSG00000169223,True,ortholog_one2one
LMAN2L,ENSSSCG00000026939,ENSG00000114988,True,ortholog_one2one
LMBR1,ENSSSCG00000016412,ENSG00000105983,True,ortholog_one2one
LMBR1L,ENSSSCG00000000189,ENSG00000139636,True,ortholog_one2one
LMO3,ENSSSCG00000036499,ENSG00000048540,True,ortholog_one2one
LMTK2,ENSSSCG00000007599,ENSG00000164715,True,ortholog_one2one
LMX1B,ENSSSCG00000035968,ENSG00000136944,True,ortholog_one2one
LNP1,ENSSSCG00000011964,ENSG00000206535,True,ortholog_one2one
LNPEP,ENSSSCG00000014173,ENSG00000113441,True,ortholog_one2one
LNPK,ENSSSCG00000015976,ENSG00000144320,True,ortholog_one2one
LNX1,ENSSSCG00000008838,ENSG00000072201,True,ortholog_one2one
LNX2,ENSSSCG00000009308,ENSG00000139517,True,ortholog_one2one
LONP2,ENSSSCG00000023391,ENSG00000102910,True,ortholog_one2one
LONRF1,ENSSSCG00000006968,ENSG00000154359,True,ortholog_one2one
LONRF2,ENSSSCG00000008176,ENSG00000170500,True,ortholog_one2one
LONRF3,ENSSSCG00000012631,ENSG00000175556,True,ortholog_one2one
LORICRIN,ENSSSCG00000037666,ENSG00000203782,True,ortholog_one2one
LOX,ENSSSCG00000014232,ENSG00000113083,True,ortholog_one2one
LOXL1,ENSSSCG00000001914,ENSG00000129038,True,ortholog_one2one
LOXL2,ENSSSCG00000033608,ENSG00000134013,True,ortholog_one2one
LPIN2,ENSSSCG00000038494,ENSG00000101577,True,ortholog_one2one
LRCH1,ENSSSCG00000009408,ENSG00000136141,True,ortholog_one2one
LRCH4,ENSSSCG00000007667,ENSG00000077454,True,ortholog_one2one
LRFN1,ENSSSCG00000032407,ENSG00000128011,True,ortholog_one2one
LRFN2,ENSSSCG00000001597,ENSG00000156564,True,ortholog_one2one
LRFN3,ENSSSCG00000002927,ENSG00000126243,True,ortholog_one2one
LRFN4,ENSSSCG00000039360,ENSG00000173621,True,ortholog_one2one
LRFN5,ENSSSCG00000004990,ENSG00000165379,True,ortholog_one2one
LRGUK,ENSSSCG00000016542,ENSG00000155530,True,ortholog_one2one
LRIG1,ENSSSCG00000011499,ENSG00000144749,True,ortholog_one2one
LRIG2,ENSSSCG00000034581,ENSG00000198799,True,ortholog_one2one
LRIG3,ENSSSCG00000000455,ENSG00000139263,True,ortholog_one2one
LRIT2,ENSSSCG00000010347,ENSG00000204033,True,ortholog_one2one
LRIT3,ENSSSCG00000009135,ENSG00000183423,True,ortholog_one2one
LRMDA,ENSSSCG00000034308,ENSG00000148655,True,ortholog_one2one
LRP10,ENSSSCG00000034465,ENSG00000197324,True,ortholog_one2one
LRP1B,ENSSSCG00000023746,ENSG00000168702,True,ortholog_one2one
LRP2,ENSSSCG00000040746,ENSG00000081479,True,ortholog_one2one
LRRC10B,ENSSSCG00000013088,ENSG00000204950,True,ortholog_one2one
LRRC14,ENSSSCG00000030451,ENSG00000160959,True,ortholog_one2one
LRRC14B,ENSSSCG00000033375,ENSG00000185028,True,ortholog_one2one
LRRC15,ENSSSCG00000026868,ENSG00000172061,True,ortholog_one2one
LRRC17,ENSSSCG00000036452,ENSG00000128606,True,ortholog_one2one
LRRC18,ENSSSCG00000010384,ENSG00000165383,True,ortholog_one2one
LRRC19,ENSSSCG00000005125,ENSG00000184434,True,ortholog_one2one
LRRC2,ENSSSCG00000026945,ENSG00000163827,True,ortholog_one2one
LRRC20,ENSSSCG00000010267,ENSG00000172731,True,ortholog_one2one
LRRC23,ENSSSCG00000000679,ENSG00000010626,True,ortholog_one2one
LRRC25,ENSSSCG00000036963,ENSG00000175489,True,ortholog_one2one
LRRC26,ENSSSCG00000032509,ENSG00000184709,True,ortholog_one2one
LRRC27,ENSSSCG00000010764,ENSG00000148814,True,ortholog_one2one
LRRC3C,ENSSSCG00000017484,ENSG00000204913,True,ortholog_one2one
LRRC4,ENSSSCG00000016589,ENSG00000128594,True,ortholog_one2one
LRRC47,ENSSSCG00000039516,ENSG00000130764,True,ortholog_one2one
LRRC49,ENSSSCG00000004976,ENSG00000137821,True,ortholog_one2one
LRRC4B,ENSSSCG00000029960,ENSG00000131409,True,ortholog_one2one
LRRC4C,ENSSSCG00000013286,ENSG00000148948,True,ortholog_one2one
LRRC51,ENSSSCG00000014803,ENSG00000184154,True,ortholog_one2one
LRRC52,ENSSSCG00000029977,ENSG00000162763,True,ortholog_one2one
LRRC55,ENSSSCG00000039445,ENSG00000183908,True,ortholog_one2one
LRRC56,ENSSSCG00000027045,ENSG00000161328,True,ortholog_one2one
LRRC57,ENSSSCG00000004726,ENSG00000180979,True,ortholog_one2one
LRRC58,ENSSSCG00000034616,ENSG00000163428,True,ortholog_one2one
LRRC59,ENSSSCG00000028019,ENSG00000108829,True,ortholog_one2one
LRRC63,ENSSSCG00000009411,ENSG00000173988,True,ortholog_one2one
LRRC7,ENSSSCG00000003793,ENSG00000033122,True,ortholog_one2one
LRRC70,ENSSSCG00000037608,ENSG00000186105,True,ortholog_one2one
LRRC72,ENSSSCG00000015361,ENSG00000205858,True,ortholog_one2one
LRRC8B,ENSSSCG00000037101,ENSG00000197147,True,ortholog_one2one
LRRC8D,ENSSSCG00000038417,ENSG00000171492,True,ortholog_one2one
LRRC8E,ENSSSCG00000013586,ENSG00000171017,True,ortholog_one2one
LRRC9,ENSSSCG00000005081,ENSG00000131951,True,ortholog_one2one
LRRCC1,ENSSSCG00000006146,ENSG00000133739,True,ortholog_one2one
LRRD1,ENSSSCG00000029092,ENSG00000240720,True,ortholog_one2one
LRRFIP1,ENSSSCG00000016330,ENSG00000124831,True,ortholog_one2one
LRRFIP2,ENSSSCG00000027738,ENSG00000093167,True,ortholog_one2one
LRRIQ1,ENSSSCG00000000934,ENSG00000133640,True,ortholog_one2one
LRRIQ3,ENSSSCG00000003784,ENSG00000162620,True,ortholog_one2one
LRRIQ4,ENSSSCG00000023679,ENSG00000188306,True,ortholog_one2one
LRRK1,ENSSSCG00000004823,ENSG00000154237,True,ortholog_one2one
LRRK2,ENSSSCG00000000784,ENSG00000188906,True,ortholog_one2one
LRRN1,ENSSSCG00000023806,ENSG00000175928,True,ortholog_one2one
LRRN2,ENSSSCG00000015285,ENSG00000170382,True,ortholog_one2one
LRTM1,ENSSSCG00000011461,ENSG00000144771,True,ortholog_one2one
LSM14B,ENSSSCG00000026052,ENSG00000149657,True,ortholog_one2one
LSM3,ENSSSCG00000011601,ENSG00000170860,True,ortholog_one2one
LSM4,ENSSSCG00000034314,ENSG00000130520,True,ortholog_one2one
LSM7,ENSSSCG00000013463,ENSG00000130332,True,ortholog_one2one
LSMEM2,ENSSSCG00000011401,ENSG00000179564,True,ortholog_one2one
LSP1,ENSSSCG00000031487,ENSG00000130592,True,ortholog_one2one
LSR,ENSSSCG00000002884,ENSG00000105699,True,ortholog_one2one
LSS,ENSSSCG00000021418,ENSG00000160285,True,ortholog_one2one
LTA4H,ENSSSCG00000000891,ENSG00000111144,True,ortholog_one2one
LTB4R2,ENSSSCG00000020941,ENSG00000213906,True,ortholog_one2one
LTBP2,ENSSSCG00000002368,ENSG00000119681,True,ortholog_one2one
LTBP3,ENSSSCG00000012985,ENSG00000168056,True,ortholog_one2one
LTBP4,ENSSSCG00000033760,ENSG00000090006,True,ortholog_one2one
LTBR,ENSSSCG00000000706,ENSG00000111321,True,ortholog_one2one
LTC4S,ENSSSCG00000028488,ENSG00000213316,True,ortholog_one2one
LY6D,ENSSSCG00000037524,ENSG00000167656,True,ortholog_one2one
LY6E,ENSSSCG00000040535,ENSG00000160932,True,ortholog_one2one
LY6H,ENSSSCG00000033353,ENSG00000176956,True,ortholog_one2one
LY6K,ENSSSCG00000033594,ENSG00000160886,True,ortholog_one2one
LY96,ENSSSCG00000006175,ENSG00000154589,True,ortholog_one2one
LYAR,ENSSSCG00000008729,ENSG00000145220,True,ortholog_one2one
LYL1,ENSSSCG00000024549,ENSG00000104903,True,ortholog_one2one
LYNX1,ENSSSCG00000031724,ENSG00000180155,True,ortholog_one2one
LYPD1,ENSSSCG00000035102,ENSG00000150551,True,ortholog_one2one
LYPD3,ENSSSCG00000003062,ENSG00000124466,True,ortholog_one2one
LYPD4,ENSSSCG00000003044,ENSG00000273111,True,ortholog_one2one
LYPD5,ENSSSCG00000003073,ENSG00000159871,True,ortholog_one2one
LYPD6,ENSSSCG00000023627,ENSG00000187123,True,ortholog_one2one
LYPD6B,ENSSSCG00000015677,ENSG00000150556,True,ortholog_one2one
LYPD8,ENSSSCG00000013973,ENSG00000259823,True,ortholog_one2one
LYPLA2,ENSSSCG00000023191,ENSG00000011009,True,ortholog_one2one
LYPLAL1,ENSSSCG00000010817,ENSG00000143353,True,ortholog_one2one
LYSMD1,ENSSSCG00000020965,ENSG00000163155,True,ortholog_one2one
LYSMD2,ENSSSCG00000004629,ENSG00000140280,True,ortholog_one2one
LYSMD3,ENSSSCG00000024193,ENSG00000176018,True,ortholog_one2one
LYSMD4,ENSSSCG00000030487,ENSG00000183060,True,ortholog_one2one
LYST,ENSSSCG00000010151,ENSG00000143669,True,ortholog_one2one
LYVE1,ENSSSCG00000029886,ENSG00000133800,True,ortholog_one2one
LYZ,ENSSSCG00000000492,ENSG00000090382,True,ortholog_one2one
LZIC,ENSSSCG00000033257,ENSG00000162441,True,ortholog_one2one
LZTFL1,ENSSSCG00000011314,ENSG00000163818,True,ortholog_one2one
LZTR1,ENSSSCG00000010097,ENSG00000099949,True,ortholog_one2one
LZTS1,ENSSSCG00000028559,ENSG00000061337,True,ortholog_one2one
LZTS2,ENSSSCG00000021798,ENSG00000107816,True,ortholog_one2one
LZTS3,ENSSSCG00000007161,ENSG00000088899,True,ortholog_one2one
M6PR,ENSSSCG00000040743,ENSG00000003056,True,ortholog_one2one
MAB21L1,ENSSSCG00000009351,ENSG00000180660,True,ortholog_one2one
MACC1,ENSSSCG00000024802,ENSG00000183742,True,ortholog_one2one
MACF1,ENSSSCG00000003654,ENSG00000127603,True,ortholog_one2one
MAD1L1,ENSSSCG00000038766,ENSG00000002822,True,ortholog_one2one
MADCAM1,ENSSSCG00000039500,ENSG00000099866,True,ortholog_one2one
MADD,ENSSSCG00000013235,ENSG00000110514,True,ortholog_one2one
MAEA,ENSSSCG00000032304,ENSG00000090316,True,ortholog_one2one
MAEL,ENSSSCG00000006316,ENSG00000143194,True,ortholog_one2one
MAF,ENSSSCG00000040607,ENSG00000178573,True,ortholog_one2one
MAF1,ENSSSCG00000005915,ENSG00000179632,True,ortholog_one2one
MAFA,ENSSSCG00000034820,ENSG00000182759,True,ortholog_one2one
MAFF,ENSSSCG00000030165,ENSG00000185022,True,ortholog_one2one
MAFG,ENSSSCG00000035253,ENSG00000197063,True,ortholog_one2one
MAG,ENSSSCG00000002887,ENSG00000105695,True,ortholog_one2one
MAGEA10,ENSSSCG00000037866,ENSG00000124260,True,ortholog_one2one
MAGEB10,ENSSSCG00000012193,ENSG00000177689,True,ortholog_one2one
MAGEB18,ENSSSCG00000012186,ENSG00000176774,True,ortholog_one2one
MAGEB3,ENSSSCG00000012198,ENSG00000198798,True,ortholog_one2one
MAGED1,ENSSSCG00000012318,ENSG00000179222,True,ortholog_one2one
MAGI1,ENSSSCG00000011497,ENSG00000151276,True,ortholog_one2one
MAGIX,ENSSSCG00000012295,ENSG00000269313,True,ortholog_one2one
MAGT1,ENSSSCG00000012435,ENSG00000102158,True,ortholog_one2one
MAK16,ENSSSCG00000036947,ENSG00000198042,True,ortholog_one2one
MAL2,ENSSSCG00000006003,ENSG00000147676,True,ortholog_one2one
MALRD1,ENSSSCG00000040615,ENSG00000204740,True,ortholog_one2one
MALSU1,ENSSSCG00000036722,ENSG00000156928,True,ortholog_one2one
MALT1,ENSSSCG00000004917,ENSG00000172175,True,ortholog_one2one
MAMDC2,ENSSSCG00000030655,ENSG00000165072,True,ortholog_one2one
MAMDC4,ENSSSCG00000005832,ENSG00000177943,True,ortholog_one2one
MAML1,ENSSSCG00000014019,ENSG00000161021,True,ortholog_one2one
MAML2,ENSSSCG00000034879,ENSG00000184384,True,ortholog_one2one
MAML3,ENSSSCG00000009060,ENSG00000196782,True,ortholog_one2one
MAMLD1,ENSSSCG00000012741,ENSG00000013619,True,ortholog_one2one
MAN2A1,ENSSSCG00000014195,ENSG00000112893,True,ortholog_one2one
MAN2C1,ENSSSCG00000001881,ENSG00000140400,True,ortholog_one2one
MAP1LC3A,ENSSSCG00000007281,ENSG00000101460,True,ortholog_one2one
MAP1S,ENSSSCG00000013884,ENSG00000130479,True,ortholog_one2one
MAP2,ENSSSCG00000016151,ENSG00000078018,True,ortholog_one2one
MAP2K1,ENSSSCG00000004943,ENSG00000169032,True,ortholog_one2one
MAP2K2,ENSSSCG00000027127,ENSG00000126934,True,ortholog_one2one
MAP2K3,ENSSSCG00000034379,ENSG00000034152,True,ortholog_one2one
MAP2K4,ENSSSCG00000018016,ENSG00000065559,True,ortholog_one2one
MAP2K5,ENSSSCG00000004955,ENSG00000137764,True,ortholog_one2one
MAP2K6,ENSSSCG00000017254,ENSG00000108984,True,ortholog_one2one
MAP2K7,ENSSSCG00000013588,ENSG00000076984,True,ortholog_one2one
MAP3K1,ENSSSCG00000016918,ENSG00000095015,True,ortholog_one2one
MAP3K10,ENSSSCG00000028036,ENSG00000130758,True,ortholog_one2one
MAP3K15,ENSSSCG00000020735,ENSG00000180815,True,ortholog_one2one
MAP3K3,ENSSSCG00000024813,ENSG00000198909,True,ortholog_one2one
MAP3K7CL,ENSSSCG00000038281,ENSG00000156265,True,ortholog_one2one
MAP3K8,ENSSSCG00000020705,ENSG00000107968,True,ortholog_one2one
MAP4K1,ENSSSCG00000002962,ENSG00000104814,True,ortholog_one2one
MAP4K2,ENSSSCG00000013020,ENSG00000168067,True,ortholog_one2one
MAP4K3,ENSSSCG00000008475,ENSG00000011566,True,ortholog_one2one
MAP4K4,ENSSSCG00000008164,ENSG00000071054,True,ortholog_one2one
MAP4K5,ENSSSCG00000036634,ENSG00000012983,True,ortholog_one2one
MAP6,ENSSSCG00000014860,ENSG00000171533,True,ortholog_one2one
MAP6D1,ENSSSCG00000032328,ENSG00000180834,True,ortholog_one2one
MAP7,ENSSSCG00000039049,ENSG00000135525,True,ortholog_one2one
MAP7D1,ENSSSCG00000003637,ENSG00000116871,True,ortholog_one2one
MAP9,ENSSSCG00000008852,ENSG00000164114,True,ortholog_one2one
MAPK1,ENSSSCG00000010081,ENSG00000100030,True,ortholog_one2one
MAPK10,ENSSSCG00000009228,ENSG00000109339,True,ortholog_one2one
MAPK12,ENSSSCG00000032693,ENSG00000188130,True,ortholog_one2one
MAPKAP1,ENSSSCG00000029169,ENSG00000119487,True,ortholog_one2one
MAPKAPK5,ENSSSCG00000009890,ENSG00000089022,True,ortholog_one2one
MAPKBP1,ENSSSCG00000004738,ENSG00000137802,True,ortholog_one2one
MAPRE1,ENSSSCG00000007253,ENSG00000101367,True,ortholog_one2one
MAPRE2,ENSSSCG00000003738,ENSG00000166974,True,ortholog_one2one
MAPRE3,ENSSSCG00000029185,ENSG00000084764,True,ortholog_one2one
MAPT,ENSSSCG00000017311,ENSG00000186868,True,ortholog_one2one
MARCHF1,ENSSSCG00000039175,ENSG00000145416,True,ortholog_one2one
MARCHF10,ENSSSCG00000017299,ENSG00000173838,True,ortholog_one2one
MARCHF11,ENSSSCG00000031525,ENSG00000183654,True,ortholog_one2one
MARCHF2,ENSSSCG00000013601,ENSG00000099785,True,ortholog_one2one
MARCHF4,ENSSSCG00000016176,ENSG00000144583,True,ortholog_one2one
MARCHF5,ENSSSCG00000039887,ENSG00000198060,True,ortholog_one2one
MARCHF6,ENSSSCG00000017094,ENSG00000145495,True,ortholog_one2one
MARCHF7,ENSSSCG00000015883,ENSG00000136536,True,ortholog_one2one
MARCHF9,ENSSSCG00000033013,ENSG00000139266,True,ortholog_one2one
MARVELD1,ENSSSCG00000010527,ENSG00000155254,True,ortholog_one2one
MARVELD2,ENSSSCG00000016959,ENSG00000152939,True,ortholog_one2one
MARVELD3,ENSSSCG00000002734,ENSG00000140832,True,ortholog_one2one
MAST1,ENSSSCG00000013732,ENSG00000105613,True,ortholog_one2one
MAST2,ENSSSCG00000003913,ENSG00000086015,True,ortholog_one2one
MAST3,ENSSSCG00000013895,ENSG00000099308,True,ortholog_one2one
MASTL,ENSSSCG00000011065,ENSG00000120539,True,ortholog_one2one
MAT1A,ENSSSCG00000010337,ENSG00000151224,True,ortholog_one2one
MAT2A,ENSSSCG00000022300,ENSG00000168906,True,ortholog_one2one
MAT2B,ENSSSCG00000021229,ENSG00000038274,True,ortholog_one2one
MATCAP1,ENSSSCG00000032443,ENSG00000196123,True,ortholog_one2one
MATCAP2,ENSSSCG00000016659,ENSG00000164542,True,ortholog_one2one
MATK,ENSSSCG00000013494,ENSG00000007264,True,ortholog_one2one
MATN1,ENSSSCG00000022554,ENSG00000162510,True,ortholog_one2one
MATN2,ENSSSCG00000006082,ENSG00000132561,True,ortholog_one2one
MATN3,ENSSSCG00000008603,ENSG00000132031,True,ortholog_one2one
MATN4,ENSSSCG00000007391,ENSG00000124159,True,ortholog_one2one
MATR3,ENSSSCG00000014343,ENSG00000015479,True,ortholog_one2one
MAU2,ENSSSCG00000021664,ENSG00000129933,True,ortholog_one2one
MB21D2,ENSSSCG00000011819,ENSG00000180611,True,ortholog_one2one
MBD1,ENSSSCG00000004516,ENSG00000141644,True,ortholog_one2one
MBD2,ENSSSCG00000004528,ENSG00000134046,True,ortholog_one2one
MBD3,ENSSSCG00000013435,ENSG00000071655,True,ortholog_one2one
MBD4,ENSSSCG00000033303,ENSG00000129071,True,ortholog_one2one
MBD5,ENSSSCG00000015667,ENSG00000204406,True,ortholog_one2one
MBD6,ENSSSCG00000000431,ENSG00000166987,True,ortholog_one2one
MBIP,ENSSSCG00000001946,ENSG00000151332,True,ortholog_one2one
MBL2,ENSSSCG00000010427,ENSG00000165471,True,ortholog_one2one
MBLAC1,ENSSSCG00000034092,ENSG00000214309,True,ortholog_one2one
MBLAC2,ENSSSCG00000014152,ENSG00000176055,True,ortholog_one2one
MBNL1,ENSSSCG00000011720,ENSG00000152601,True,ortholog_one2one
MBNL2,ENSSSCG00000009505,ENSG00000139793,True,ortholog_one2one
MBNL3,ENSSSCG00000012676,ENSG00000076770,True,ortholog_one2one
MBOAT1,ENSSSCG00000001078,ENSG00000172197,True,ortholog_one2one
MBOAT2,ENSSSCG00000023539,ENSG00000143797,True,ortholog_one2one
MBOAT4,ENSSSCG00000015847,ENSG00000177669,True,ortholog_one2one
MBP,ENSSSCG00000038767,ENSG00000197971,True,ortholog_one2one
MBTD1,ENSSSCG00000017592,ENSG00000011258,True,ortholog_one2one
MBTPS1,ENSSSCG00000002682,ENSG00000140943,True,ortholog_one2one
MC1R,ENSSSCG00000020924,ENSG00000258839,True,ortholog_one2one
MC2R,ENSSSCG00000039227,ENSG00000185231,True,ortholog_one2one
MC3R,ENSSSCG00000007491,ENSG00000124089,True,ortholog_one2one
MC4R,ENSSSCG00000051798,ENSG00000166603,True,ortholog_one2one
MC5R,ENSSSCG00000028411,ENSG00000176136,True,ortholog_one2one
MCAM,ENSSSCG00000015116,ENSG00000076706,True,ortholog_one2one
MCAT,ENSSSCG00000000031,ENSG00000100294,True,ortholog_one2one
MCC,ENSSSCG00000014203,ENSG00000171444,True,ortholog_one2one
MCCC1,ENSSSCG00000025942,ENSG00000078070,True,ortholog_one2one
MCCC2,ENSSSCG00000016971,ENSG00000131844,True,ortholog_one2one
MCEE,ENSSSCG00000035696,ENSG00000124370,True,ortholog_one2one
MCEMP1,ENSSSCG00000033183,ENSG00000183019,True,ortholog_one2one
MCF2,ENSSSCG00000012712,ENSG00000101977,True,ortholog_one2one
MCF2L,ENSSSCG00000021158,ENSG00000126217,True,ortholog_one2one
MCF2L2,ENSSSCG00000021749,ENSG00000053524,True,ortholog_one2one
MCFD2,ENSSSCG00000021325,ENSG00000180398,True,ortholog_one2one
MCHR1,ENSSSCG00000000074,ENSG00000128285,True,ortholog_one2one
MCHR2,ENSSSCG00000004356,ENSG00000152034,True,ortholog_one2one
MCIDAS,ENSSSCG00000036183,ENSG00000234602,True,ortholog_one2one
MCL1,ENSSSCG00000039314,ENSG00000143384,True,ortholog_one2one
MCM10,ENSSSCG00000035059,ENSG00000065328,True,ortholog_one2one
MCM2,ENSSSCG00000011624,ENSG00000073111,True,ortholog_one2one
MCM4,ENSSSCG00000006273,ENSG00000104738,True,ortholog_one2one
MCM5,ENSSSCG00000022823,ENSG00000100297,True,ortholog_one2one
MCM8,ENSSSCG00000007047,ENSG00000125885,True,ortholog_one2one
MCOLN3,ENSSSCG00000023745,ENSG00000055732,True,ortholog_one2one
MCPH1,ENSSSCG00000015754,ENSG00000147316,True,ortholog_one2one
MCRIP1,ENSSSCG00000039424,ENSG00000225663,True,ortholog_one2one
MCRIP2,ENSSSCG00000007995,ENSG00000172366,True,ortholog_one2one
MCRS1,ENSSSCG00000000202,ENSG00000187778,True,ortholog_one2one
MCTP1,ENSSSCG00000025286,ENSG00000175471,True,ortholog_one2one
MCTP2,ENSSSCG00000002257,ENSG00000140563,True,ortholog_one2one
MCTS1,ENSSSCG00000030833,ENSG00000232119,True,ortholog_one2one
MCUB,ENSSSCG00000009141,ENSG00000005059,True,ortholog_one2one
MDFI,ENSSSCG00000001620,ENSG00000112559,True,ortholog_one2one
MDFIC,ENSSSCG00000021885,ENSG00000135272,True,ortholog_one2one
MDGA1,ENSSSCG00000001582,ENSG00000112139,True,ortholog_one2one
MDH1,ENSSSCG00000025751,ENSG00000014641,True,ortholog_one2one
ME1,ENSSSCG00000004454,ENSG00000065833,True,ortholog_one2one
MECOM,ENSSSCG00000011743,ENSG00000085276,True,ortholog_one2one
MECR,ENSSSCG00000003589,ENSG00000116353,True,ortholog_one2one
MED1,ENSSSCG00000017505,ENSG00000125686,True,ortholog_one2one
MED10,ENSSSCG00000017106,ENSG00000133398,True,ortholog_one2one
MED11,ENSSSCG00000017919,ENSG00000161920,True,ortholog_one2one
MED12,ENSSSCG00000012396,ENSG00000184634,True,ortholog_one2one
MED12L,ENSSSCG00000011714,ENSG00000144893,True,ortholog_one2one
MED13,ENSSSCG00000017672,ENSG00000108510,True,ortholog_one2one
MED13L,ENSSSCG00000009864,ENSG00000123066,True,ortholog_one2one
MED14,ENSSSCG00000012250,ENSG00000180182,True,ortholog_one2one
MED15,ENSSSCG00000010107,ENSG00000099917,True,ortholog_one2one
MED16,ENSSSCG00000013416,ENSG00000175221,True,ortholog_one2one
MED19,ENSSSCG00000013177,ENSG00000156603,True,ortholog_one2one
MED20,ENSSSCG00000038520,ENSG00000124641,True,ortholog_one2one
MED22,ENSSSCG00000031941,ENSG00000148297,True,ortholog_one2one
MED27,ENSSSCG00000005720,ENSG00000160563,True,ortholog_one2one
MED6,ENSSSCG00000034290,ENSG00000133997,True,ortholog_one2one
MEDAG,ENSSSCG00000009331,ENSG00000102802,True,ortholog_one2one
MEF2B,ENSSSCG00000030351,ENSG00000213999,True,ortholog_one2one
MEF2C,ENSSSCG00000014149,ENSG00000081189,True,ortholog_one2one
MEF2D,ENSSSCG00000006482,ENSG00000116604,True,ortholog_one2one
MEGF10,ENSSSCG00000032877,ENSG00000145794,True,ortholog_one2one
MEGF11,ENSSSCG00000004939,ENSG00000157890,True,ortholog_one2one
MEGF9,ENSSSCG00000005506,ENSG00000106780,True,ortholog_one2one
MEI1,ENSSSCG00000034405,ENSG00000167077,True,ortholog_one2one
MEI4,ENSSSCG00000034152,ENSG00000269964,True,ortholog_one2one
MEIKIN,ENSSSCG00000014271,ENSG00000239642,True,ortholog_one2one
MEIOC,ENSSSCG00000017351,ENSG00000180336,True,ortholog_one2one
MEIOSIN,ENSSSCG00000039916,ENSG00000237452,True,ortholog_one2one
MEIS2,ENSSSCG00000004795,ENSG00000134138,True,ortholog_one2one
MESD,ENSSSCG00000021587,ENSG00000117899,True,ortholog_one2one
MEST,ENSSSCG00000016554,ENSG00000106484,True,ortholog_one2one
MET,ENSSSCG00000024351,ENSG00000105976,True,ortholog_one2one
METAP1D,ENSSSCG00000015951,ENSG00000172878,True,ortholog_one2one
METAP2,ENSSSCG00000030608,ENSG00000111142,True,ortholog_one2one
METRNL,ENSSSCG00000017137,ENSG00000176845,True,ortholog_one2one
METTL13,ENSSSCG00000015483,ENSG00000010165,True,ortholog_one2one
METTL14,ENSSSCG00000009113,ENSG00000145388,True,ortholog_one2one
METTL15,ENSSSCG00000013331,ENSG00000169519,True,ortholog_one2one
METTL16,ENSSSCG00000017832,ENSG00000127804,True,ortholog_one2one
METTL17,ENSSSCG00000021718,ENSG00000165792,True,ortholog_one2one
METTL18,ENSSSCG00000006285,ENSG00000171806,True,ortholog_one2one
METTL21A,ENSSSCG00000036466,ENSG00000144401,True,ortholog_one2one
METTL22,ENSSSCG00000007914,ENSG00000067365,True,ortholog_one2one
METTL23,ENSSSCG00000023139,ENSG00000181038,True,ortholog_one2one
METTL24,ENSSSCG00000004402,ENSG00000053328,True,ortholog_one2one
METTL9,ENSSSCG00000030373,ENSG00000197006,True,ortholog_one2one
MFAP1,ENSSSCG00000040383,ENSG00000140259,True,ortholog_one2one
MFAP3L,ENSSSCG00000009709,ENSG00000198948,True,ortholog_one2one
MFN2,ENSSSCG00000003434,ENSG00000116688,True,ortholog_one2one
MFNG,ENSSSCG00000030209,ENSG00000100060,True,ortholog_one2one
MFSD1,ENSSSCG00000026018,ENSG00000118855,True,ortholog_one2one
MFSD11,ENSSSCG00000029343,ENSG00000092931,True,ortholog_one2one
MFSD12,ENSSSCG00000026169,ENSG00000161091,True,ortholog_one2one
MFSD2A,ENSSSCG00000003669,ENSG00000168389,True,ortholog_one2one
MFSD2B,ENSSSCG00000008590,ENSG00000205639,True,ortholog_one2one
MFSD8,ENSSSCG00000009075,ENSG00000164073,True,ortholog_one2one
MGA,ENSSSCG00000004739,ENSG00000174197,True,ortholog_one2one
MGAM,ENSSSCG00000034639,ENSG00000257335,True,ortholog_one2one
MGAM2,ENSSSCG00000016487,ENSG00000257743,True,ortholog_one2one
MGARP,ENSSSCG00000009062,ENSG00000137463,True,ortholog_one2one
MGAT5,ENSSSCG00000015701,ENSG00000152127,True,ortholog_one2one
MGST1,ENSSSCG00000032580,ENSG00000008394,True,ortholog_one2one
MIA3,ENSSSCG00000010834,ENSG00000154305,True,ortholog_one2one
MIB1,ENSSSCG00000025478,ENSG00000101752,True,ortholog_one2one
MIB2,ENSSSCG00000003350,ENSG00000197530,True,ortholog_one2one
MICAL2,ENSSSCG00000031706,ENSG00000133816,True,ortholog_one2one
MICAL3,ENSSSCG00000000770,ENSG00000243156,True,ortholog_one2one
MICALL1,ENSSSCG00000000118,ENSG00000100139,True,ortholog_one2one
MICALL2,ENSSSCG00000007557,ENSG00000164877,True,ortholog_one2one
MICOS10,ENSSSCG00000028414,ENSG00000173436,True,ortholog_one2one
MICOS13,ENSSSCG00000013524,ENSG00000174917,True,ortholog_one2one
MICU1,ENSSSCG00000010289,ENSG00000107745,True,ortholog_one2one
MICU2,ENSSSCG00000024667,ENSG00000165487,True,ortholog_one2one
MICU3,ENSSSCG00000006981,ENSG00000155970,True,ortholog_one2one
MID1,ENSSSCG00000012110,ENSG00000101871,True,ortholog_one2one
MID1IP1,ENSSSCG00000025447,ENSG00000165175,True,ortholog_one2one
MIDEAS,ENSSSCG00000002350,ENSG00000156030,True,ortholog_one2one
MILR1,ENSSSCG00000032612,ENSG00000271605,True,ortholog_one2one
MINAR1,ENSSSCG00000001775,ENSG00000169330,True,ortholog_one2one
MINDY3,ENSSSCG00000011045,ENSG00000148481,True,ortholog_one2one
MINDY4,ENSSSCG00000016674,ENSG00000106125,True,ortholog_one2one
MINDY4B,ENSSSCG00000047943,ENSG00000214237,True,ortholog_one2one
MINK1,ENSSSCG00000017917,ENSG00000141503,True,ortholog_one2one
MINPP1,ENSSSCG00000010435,ENSG00000107789,True,ortholog_one2one
MIOS,ENSSSCG00000015343,ENSG00000164654,True,ortholog_one2one
MIOX,ENSSSCG00000023749,ENSG00000100253,True,ortholog_one2one
MIP,ENSSSCG00000000400,ENSG00000135517,True,ortholog_one2one
MIPEP,ENSSSCG00000009290,ENSG00000027001,True,ortholog_one2one
MIPOL1,ENSSSCG00000039714,ENSG00000151338,True,ortholog_one2one
MIR100,ENSSSCG00000019317,ENSG00000207994,True,ortholog_one2one
MIR107,ENSSSCG00000019740,ENSG00000198997,True,ortholog_one2one
MIR124-3,ENSSSCG00000034439,ENSG00000207598,True,ortholog_one2one
MIR1296,ENSSSCG00000018370,ENSG00000221063,True,ortholog_one2one
MIR133B,ENSSSCG00000018805,ENSG00000199080,True,ortholog_one2one
MIR135B,ENSSSCG00000035140,ENSG00000199059,True,ortholog_one2one
MIR136,ENSSSCG00000018419,ENSG00000207942,True,ortholog_one2one
MIR138-2,ENSSSCG00000022561,ENSG00000207649,True,ortholog_one2one
MIR139,ENSSSCG00000018907,ENSG00000272036,True,ortholog_one2one
MIR140,ENSSSCG00000028710,ENSG00000208017,True,ortholog_one2one
MIR152,ENSSSCG00000018912,ENSG00000207947,True,ortholog_one2one
MIR153-1,ENSSSCG00000018628,ENSG00000207647,True,ortholog_one2one
MIR15B,ENSSSCG00000019020,ENSG00000207779,True,ortholog_one2one
MIR184,ENSSSCG00000019343,ENSG00000207695,True,ortholog_one2one
MIR193A,ENSSSCG00000019050,ENSG00000207614,True,ortholog_one2one
MIR199B,ENSSSCG00000019744,ENSG00000207581,True,ortholog_one2one
MIR204,ENSSSCG00000019666,ENSG00000207935,True,ortholog_one2one
MIR208A,ENSSSCG00000019541,ENSG00000199157,True,ortholog_one2one
MIR208B,ENSSSCG00000019225,ENSG00000215991,True,ortholog_one2one
MIR212,ENSSSCG00000019896,ENSG00000267195,True,ortholog_one2one
MIR23A,ENSSSCG00000019823,ENSG00000207980,True,ortholog_one2one
MIR23B,ENSSSCG00000019456,ENSG00000207563,True,ortholog_one2one
MIR26B,ENSSSCG00000022650,ENSG00000199121,True,ortholog_one2one
MIR27A,ENSSSCG00000043220,ENSG00000207808,True,ortholog_one2one
MIR27B,ENSSSCG00000019359,ENSG00000207864,True,ortholog_one2one
MIR28,ENSSSCG00000019404,ENSG00000207651,True,ortholog_one2one
MIR30E,ENSSSCG00000019493,ENSG00000198974,True,ortholog_one2one
MIR31,ENSSSCG00000018175,ENSG00000199177,True,ortholog_one2one
MIR32,ENSSSCG00000028093,ENSG00000207698,True,ortholog_one2one
MIR342,ENSSSCG00000033639,ENSG00000199082,True,ortholog_one2one
MIR361,ENSSSCG00000019895,ENSG00000199051,True,ortholog_one2one
MIR370,ENSSSCG00000032651,ENSG00000199005,True,ortholog_one2one
MIR375,ENSSSCG00000026963,ENSG00000198973,True,ortholog_one2one
MIR381,ENSSSCG00000025684,ENSG00000199020,True,ortholog_one2one
MIR383,ENSSSCG00000020959,ENSG00000199127,True,ortholog_one2one
MIR425,ENSSSCG00000018173,ENSG00000199032,True,ortholog_one2one
MIR431,ENSSSCG00000019314,ENSG00000208001,True,ortholog_one2one
MIR432,ENSSSCG00000019450,ENSG00000272458,True,ortholog_one2one
MIR454,ENSSSCG00000018920,ENSG00000211514,True,ortholog_one2one
MIR455,ENSSSCG00000018765,ENSG00000207726,True,ortholog_one2one
MIR532,ENSSSCG00000029677,ENSG00000207758,True,ortholog_one2one
MIR582,ENSSSCG00000018875,ENSG00000202601,True,ortholog_one2one
MIR652,ENSSSCG00000029520,ENSG00000208013,True,ortholog_one2one
MIR708,ENSSSCG00000019199,ENSG00000211997,True,ortholog_one2one
MIR744,ENSSSCG00000019009,ENSG00000266297,True,ortholog_one2one
MIR874,ENSSSCG00000018618,ENSG00000216009,True,ortholog_one2one
MIR885,ENSSSCG00000018670,ENSG00000216135,True,ortholog_one2one
MIR96,ENSSSCG00000018762,ENSG00000199158,True,ortholog_one2one
MIR98,ENSSSCG00000019546,ENSG00000271886,True,ortholog_one2one
MIRLET7G,ENSSSCG00000019306,ENSG00000199150,True,ortholog_one2one
MIS12,ENSSSCG00000034958,ENSG00000167842,True,ortholog_one2one
MIS18A,ENSSSCG00000034229,ENSG00000159055,True,ortholog_one2one
MITD1,ENSSSCG00000008185,ENSG00000158411,True,ortholog_one2one
MIXL1,ENSSSCG00000030675,ENSG00000185155,True,ortholog_one2one
MKNK1,ENSSSCG00000003898,ENSG00000079277,True,ortholog_one2one
MKNK2,ENSSSCG00000013448,ENSG00000099875,True,ortholog_one2one
MKS1,ENSSSCG00000017635,ENSG00000011143,True,ortholog_one2one
MLANA,ENSSSCG00000005206,ENSG00000120215,True,ortholog_one2one
MLC1,ENSSSCG00000000978,ENSG00000100427,True,ortholog_one2one
MLEC,ENSSSCG00000009914,ENSG00000110917,True,ortholog_one2one
MLF2,ENSSSCG00000000690,ENSG00000089693,True,ortholog_one2one
MLIP,ENSSSCG00000001485,ENSG00000146147,True,ortholog_one2one
MLKL,ENSSSCG00000002716,ENSG00000168404,True,ortholog_one2one
MLLT1,ENSSSCG00000013534,ENSG00000130382,True,ortholog_one2one
MLLT10,ENSSSCG00000011085,ENSG00000078403,True,ortholog_one2one
MLLT11,ENSSSCG00000030278,ENSG00000213190,True,ortholog_one2one
MLLT3,ENSSSCG00000005166,ENSG00000171843,True,ortholog_one2one
MLN,ENSSSCG00000001521,ENSG00000096395,True,ortholog_one2one
MLNR,ENSSSCG00000022064,ENSG00000102539,True,ortholog_one2one
MLPH,ENSSSCG00000032849,ENSG00000115648,True,ortholog_one2one
MMACHC,ENSSSCG00000037354,ENSG00000132763,True,ortholog_one2one
MMD2,ENSSSCG00000007578,ENSG00000136297,True,ortholog_one2one
MMP1,ENSSSCG00000014985,ENSG00000196611,True,ortholog_one2one
MMP11,ENSSSCG00000010071,ENSG00000099953,True,ortholog_one2one
MMP12,ENSSSCG00000014987,ENSG00000262406,True,ortholog_one2one
MMP13,ENSSSCG00000014988,ENSG00000137745,True,ortholog_one2one
MMP15,ENSSSCG00000002806,ENSG00000102996,True,ortholog_one2one
MMP16,ENSSSCG00000006132,ENSG00000156103,True,ortholog_one2one
MMP17,ENSSSCG00000024236,ENSG00000198598,True,ortholog_one2one
MMP19,ENSSSCG00000000368,ENSG00000123342,True,ortholog_one2one
MMP2,ENSSSCG00000002829,ENSG00000087245,True,ortholog_one2one
MMP20,ENSSSCG00000014983,ENSG00000137674,True,ortholog_one2one
MMP24,ENSSSCG00000040160,ENSG00000125966,True,ortholog_one2one
MMP25,ENSSSCG00000021569,ENSG00000008516,True,ortholog_one2one
MMRN1,ENSSSCG00000009202,ENSG00000138722,True,ortholog_one2one
MMUT,ENSSSCG00000001732,ENSG00000146085,True,ortholog_one2one
MNX1,ENSSSCG00000016410,ENSG00000130675,True,ortholog_one2one
MOB1A,ENSSSCG00000039221,ENSG00000114978,True,ortholog_one2one
MOB2,ENSSSCG00000037847,ENSG00000182208,True,ortholog_one2one
MOB3A,ENSSSCG00000032366,ENSG00000172081,True,ortholog_one2one
MOB3B,ENSSSCG00000038811,ENSG00000120162,True,ortholog_one2one
MOB3C,ENSSSCG00000003897,ENSG00000142961,True,ortholog_one2one
MOCOS,ENSSSCG00000003744,ENSG00000075643,True,ortholog_one2one
MOCS2,ENSSSCG00000016888,ENSG00000164172,True,ortholog_one2one
MOGS,ENSSSCG00000022786,ENSG00000115275,True,ortholog_one2one
MOK,ENSSSCG00000002531,ENSG00000080823,True,ortholog_one2one
MON1A,ENSSSCG00000025791,ENSG00000164077,True,ortholog_one2one
MON1B,ENSSSCG00000002701,ENSG00000103111,True,ortholog_one2one
MPC1L,ENSSSCG00000012248,ENSG00000238205,True,ortholog_one2one
MPC2,ENSSSCG00000006304,ENSG00000143158,True,ortholog_one2one
MPDZ,ENSSSCG00000005191,ENSG00000107186,True,ortholog_one2one
MPEG1,ENSSSCG00000050458,ENSG00000197629,True,ortholog_one2one
MPG,ENSSSCG00000007982,ENSG00000103152,True,ortholog_one2one
MPHOSPH10,ENSSSCG00000004847,ENSG00000124383,True,ortholog_one2one
MPHOSPH8,ENSSSCG00000009570,ENSG00000196199,True,ortholog_one2one
MPHOSPH9,ENSSSCG00000009779,ENSG00000051825,True,ortholog_one2one
MPI,ENSSSCG00000024990,ENSG00000178802,True,ortholog_one2one
MPLKIP,ENSSSCG00000016768,ENSG00000168303,True,ortholog_one2one
MPND,ENSSSCG00000013507,ENSG00000008382,True,ortholog_one2one
MPP2,ENSSSCG00000017367,ENSG00000108852,True,ortholog_one2one
MPP3,ENSSSCG00000017372,ENSG00000161647,True,ortholog_one2one
MPP4,ENSSSCG00000026184,ENSG00000082126,True,ortholog_one2one
MPP7,ENSSSCG00000011070,ENSG00000150054,True,ortholog_one2one
MPPE1,ENSSSCG00000028126,ENSG00000154889,True,ortholog_one2one
MPV17L,ENSSSCG00000032056,ENSG00000156968,True,ortholog_one2one
MRC2,ENSSSCG00000017300,ENSG00000011028,True,ortholog_one2one
MRE11,ENSSSCG00000014955,ENSG00000020922,True,ortholog_one2one
MREG,ENSSSCG00000016175,ENSG00000118242,True,ortholog_one2one
MRGPRF,ENSSSCG00000034441,ENSG00000172935,True,ortholog_one2one
MRI1,ENSSSCG00000013756,ENSG00000037757,True,ortholog_one2one
MRM2,ENSSSCG00000036247,ENSG00000122687,True,ortholog_one2one
MRM3,ENSSSCG00000017806,ENSG00000171861,True,ortholog_one2one
MRNIP,ENSSSCG00000014015,ENSG00000161010,True,ortholog_one2one
MRO,ENSSSCG00000004521,ENSG00000134042,True,ortholog_one2one
MROH1,ENSSSCG00000005924,ENSG00000179832,True,ortholog_one2one
MROH2A,ENSSSCG00000016305,ENSG00000185038,True,ortholog_one2one
MROH6,ENSSSCG00000006948,ENSG00000204839,True,ortholog_one2one
MROH7,ENSSSCG00000003845,ENSG00000184313,True,ortholog_one2one
MROH9,ENSSSCG00000026160,ENSG00000117501,True,ortholog_one2one
MRPL20,ENSSSCG00000033374,ENSG00000242485,True,ortholog_one2one
MRPL24,ENSSSCG00000006469,ENSG00000143314,True,ortholog_one2one
MRPL28,ENSSSCG00000007984,ENSG00000086504,True,ortholog_one2one
MRPL3,ENSSSCG00000011179,ENSG00000114686,True,ortholog_one2one
MRPL33,ENSSSCG00000034129,ENSG00000243147,True,ortholog_one2one
MRPL34,ENSSSCG00000039295,ENSG00000130312,True,ortholog_one2one
MRPL35,ENSSSCG00000021746,ENSG00000132313,True,ortholog_one2one
MRPL36,ENSSSCG00000040154,ENSG00000171421,True,ortholog_one2one
MRPL37,ENSSSCG00000032083,ENSG00000116221,True,ortholog_one2one
MRPL38,ENSSSCG00000017196,ENSG00000204316,True,ortholog_one2one
MRPL4,ENSSSCG00000013656,ENSG00000105364,True,ortholog_one2one
MRPL40,ENSSSCG00000034014,ENSG00000185608,True,ortholog_one2one
MRPL46,ENSSSCG00000005105,ENSG00000259494,True,ortholog_one2one
MRPL47,ENSSSCG00000011763,ENSG00000136522,True,ortholog_one2one
MRPL48,ENSSSCG00000014829,ENSG00000175581,True,ortholog_one2one
MRPL57,ENSSSCG00000031280,ENSG00000173141,True,ortholog_one2one
MRPS18A,ENSSSCG00000001692,ENSG00000096080,True,ortholog_one2one
MRPS18C,ENSSSCG00000038042,ENSG00000163319,True,ortholog_one2one
MRPS2,ENSSSCG00000005759,ENSG00000122140,True,ortholog_one2one
MRPS22,ENSSSCG00000035771,ENSG00000175110,True,ortholog_one2one
MRPS23,ENSSSCG00000035193,ENSG00000181610,True,ortholog_one2one
MRPS24,ENSSSCG00000016724,ENSG00000062582,True,ortholog_one2one
MRPS25,ENSSSCG00000034318,ENSG00000131368,True,ortholog_one2one
MRPS26,ENSSSCG00000007165,ENSG00000125901,True,ortholog_one2one
MRPS27,ENSSSCG00000023818,ENSG00000113048,True,ortholog_one2one
MRPS31,ENSSSCG00000009372,ENSG00000102738,True,ortholog_one2one
MRPS34,ENSSSCG00000008016,ENSG00000074071,True,ortholog_one2one
MRPS5,ENSSSCG00000008113,ENSG00000144029,True,ortholog_one2one
MRPS6,ENSSSCG00000026981,ENSG00000243927,True,ortholog_one2one
MRS2,ENSSSCG00000001087,ENSG00000124532,True,ortholog_one2one
MS4A2,ENSSSCG00000034506,ENSG00000149534,True,ortholog_one2one
MSH2,ENSSSCG00000008428,ENSG00000095002,True,ortholog_one2one
MSH3,ENSSSCG00000014126,ENSG00000113318,True,ortholog_one2one
MSH4,ENSSSCG00000003775,ENSG00000057468,True,ortholog_one2one
MSH6,ENSSSCG00000020931,ENSG00000116062,True,ortholog_one2one
MSI1,ENSSSCG00000029365,ENSG00000135097,True,ortholog_one2one
MSI2,ENSSSCG00000038505,ENSG00000153944,True,ortholog_one2one
MSL2,ENSSSCG00000011650,ENSG00000174579,True,ortholog_one2one
MSMB,ENSSSCG00000010400,ENSG00000263639,True,ortholog_one2one
MSMP,ENSSSCG00000038905,ENSG00000215183,True,ortholog_one2one
MSR1,ENSSSCG00000006979,ENSG00000038945,True,ortholog_one2one
MSRA,ENSSSCG00000009684,ENSG00000175806,True,ortholog_one2one
MSRB1,ENSSSCG00000032932,ENSG00000198736,True,ortholog_one2one
MSS51,ENSSSCG00000010300,ENSG00000166343,True,ortholog_one2one
MST1,ENSSSCG00000011386,ENSG00000173531,True,ortholog_one2one
MST1R,ENSSSCG00000027992,ENSG00000164078,True,ortholog_one2one
MTAP,ENSSSCG00000005135,ENSG00000099810,True,ortholog_one2one
MTARC1,ENSSSCG00000010829,ENSG00000186205,True,ortholog_one2one
MTARC2,ENSSSCG00000010826,ENSG00000117791,True,ortholog_one2one
MTBP,ENSSSCG00000005995,ENSG00000172167,True,ortholog_one2one
MTCH1,ENSSSCG00000001571,ENSG00000137409,True,ortholog_one2one
MTCL1,ENSSSCG00000003684,ENSG00000168502,True,ortholog_one2one
MTCL2,ENSSSCG00000007324,ENSG00000149639,True,ortholog_one2one
MTCL3,ENSSSCG00000038602,ENSG00000214338,True,ortholog_one2one
MTCP1,ENSSSCG00000012816,ENSG00000214827,True,ortholog_one2one
MTERF1,ENSSSCG00000015309,ENSG00000127989,True,ortholog_one2one
MTERF2,ENSSSCG00000039109,ENSG00000120832,True,ortholog_one2one
MTERF3,ENSSSCG00000006090,ENSG00000156469,True,ortholog_one2one
MTF1,ENSSSCG00000037516,ENSG00000188786,True,ortholog_one2one
MTG2,ENSSSCG00000037369,ENSG00000101181,True,ortholog_one2one
MTHFD1L,ENSSSCG00000004092,ENSG00000120254,True,ortholog_one2one
MTHFD2L,ENSSSCG00000008961,ENSG00000163738,True,ortholog_one2one
MTHFR,ENSSSCG00000003428,ENSG00000177000,True,ortholog_one2one
MTIF2,ENSSSCG00000008404,ENSG00000085760,True,ortholog_one2one
MTIF3,ENSSSCG00000037313,ENSG00000122033,True,ortholog_one2one
MTMR10,ENSSSCG00000004844,ENSG00000166912,True,ortholog_one2one
MTMR11,ENSSSCG00000006664,ENSG00000014914,True,ortholog_one2one
MTMR12,ENSSSCG00000031509,ENSG00000150712,True,ortholog_one2one
MTMR14,ENSSSCG00000011546,ENSG00000163719,True,ortholog_one2one
MTMR2,ENSSSCG00000014970,ENSG00000087053,True,ortholog_one2one
MTMR3,ENSSSCG00000009994,ENSG00000100330,True,ortholog_one2one
MTMR4,ENSSSCG00000017642,ENSG00000108389,True,ortholog_one2one
MTMR7,ENSSSCG00000036785,ENSG00000003987,True,ortholog_one2one
MTMR8,ENSSSCG00000023862,ENSG00000102043,True,ortholog_one2one
MTNR1A,ENSSSCG00000007002,ENSG00000168412,True,ortholog_one2one
MTO1,ENSSSCG00000004487,ENSG00000135297,True,ortholog_one2one
MTTP,ENSSSCG00000009179,ENSG00000138823,True,ortholog_one2one
MTX1,ENSSSCG00000006523,ENSG00000173171,True,ortholog_one2one
MTX3,ENSSSCG00000014116,ENSG00000177034,True,ortholog_one2one
MUC13,ENSSSCG00000011862,ENSG00000173702,True,ortholog_one2one
MUC15,ENSSSCG00000013340,ENSG00000169550,True,ortholog_one2one
MUC2,ENSSSCG00000040035,ENSG00000198788,True,ortholog_one2one
MUC20,ENSSSCG00000011851,ENSG00000176945,True,ortholog_one2one
MUC4,ENSSSCG00000011850,ENSG00000145113,True,ortholog_one2one
MUC5AC,ENSSSCG00000033382,ENSG00000215182,True,ortholog_one2one
MUC5B,ENSSSCG00000033452,ENSG00000117983,True,ortholog_one2one
MUC6,ENSSSCG00000012835,ENSG00000184956,True,ortholog_one2one
MUS81,ENSSSCG00000012973,ENSG00000172732,True,ortholog_one2one
MUSK,ENSSSCG00000005456,ENSG00000030304,True,ortholog_one2one
MUTYH,ENSSSCG00000003919,ENSG00000132781,True,ortholog_one2one
MVB12B,ENSSSCG00000036926,ENSG00000196814,True,ortholog_one2one
MVK,ENSSSCG00000009931,ENSG00000110921,True,ortholog_one2one
MXD3,ENSSSCG00000014041,ENSG00000213347,True,ortholog_one2one
MYADML2,ENSSSCG00000032974,ENSG00000185105,True,ortholog_one2one
MYB,ENSSSCG00000004167,ENSG00000118513,True,ortholog_one2one
MYBBP1A,ENSSSCG00000017882,ENSG00000132382,True,ortholog_one2one
MYBL1,ENSSSCG00000027872,ENSG00000185697,True,ortholog_one2one
MYBPC1,ENSSSCG00000000866,ENSG00000196091,True,ortholog_one2one
MYBPC2,ENSSSCG00000003218,ENSG00000086967,True,ortholog_one2one
MYBPC3,ENSSSCG00000013236,ENSG00000134571,True,ortholog_one2one
MYBPH,ENSSSCG00000030681,ENSG00000133055,True,ortholog_one2one
MYBPHL,ENSSSCG00000006834,ENSG00000221986,True,ortholog_one2one
MYC,ENSSSCG00000005965,ENSG00000136997,True,ortholog_one2one
MYCBP2,ENSSSCG00000009473,ENSG00000005810,True,ortholog_one2one
MYCBPAP,ENSSSCG00000017563,ENSG00000136449,True,ortholog_one2one
MYCT1,ENSSSCG00000031536,ENSG00000120279,True,ortholog_one2one
MYH8,ENSSSCG00000018005,ENSG00000133020,True,ortholog_one2one
MYL1,ENSSSCG00000016157,ENSG00000168530,True,ortholog_one2one
MYL10,ENSSSCG00000007680,ENSG00000106436,True,ortholog_one2one
MYL11,ENSSSCG00000007799,ENSG00000180209,True,ortholog_one2one
MYL2,ENSSSCG00000039710,ENSG00000111245,True,ortholog_one2one
MYL3,ENSSSCG00000011325,ENSG00000160808,True,ortholog_one2one
MYL4,ENSSSCG00000017307,ENSG00000198336,True,ortholog_one2one
MYL5,ENSSSCG00000027502,ENSG00000215375,True,ortholog_one2one
MYL6,ENSSSCG00000039506,ENSG00000092841,True,ortholog_one2one
MYLIP,ENSSSCG00000001063,ENSG00000007944,True,ortholog_one2one
MYLK,ENSSSCG00000011867,ENSG00000065534,True,ortholog_one2one
MYLK3,ENSSSCG00000036874,ENSG00000140795,True,ortholog_one2one
MYMK,ENSSSCG00000022891,ENSG00000187616,True,ortholog_one2one
MYNN,ENSSSCG00000026829,ENSG00000085274,True,ortholog_one2one
MYO10,ENSSSCG00000016794,ENSG00000145555,True,ortholog_one2one
MYO15B,ENSSSCG00000036248,ENSG00000266714,True,ortholog_one2one
MYO1C,ENSSSCG00000021821,ENSG00000197879,True,ortholog_one2one
MYO5C,ENSSSCG00000004621,ENSG00000128833,True,ortholog_one2one
MYO6,ENSSSCG00000004478,ENSG00000196586,True,ortholog_one2one
MYO7A,ENSSSCG00000014876,ENSG00000137474,True,ortholog_one2one
MYO7B,ENSSSCG00000015864,ENSG00000169994,True,ortholog_one2one
MYO9A,ENSSSCG00000004979,ENSG00000066933,True,ortholog_one2one
MYO9B,ENSSSCG00000013876,ENSG00000099331,True,ortholog_one2one
MYOC,ENSSSCG00000035066,ENSG00000034971,True,ortholog_one2one
MYOCD,ENSSSCG00000031988,ENSG00000141052,True,ortholog_one2one
MYOD1,ENSSSCG00000013375,ENSG00000129152,True,ortholog_one2one
MYOM1,ENSSSCG00000003693,ENSG00000101605,True,ortholog_one2one
MYOM2,ENSSSCG00000015747,ENSG00000036448,True,ortholog_one2one
MYOM3,ENSSSCG00000036534,ENSG00000142661,True,ortholog_one2one
MYORG,ENSSSCG00000033196,ENSG00000164976,True,ortholog_one2one
MYOT,ENSSSCG00000014324,ENSG00000120729,True,ortholog_one2one
MYPOP,ENSSSCG00000038739,ENSG00000176182,True,ortholog_one2one
NAA20,ENSSSCG00000028132,ENSG00000173418,True,ortholog_one2one
NAA25,ENSSSCG00000009887,ENSG00000111300,True,ortholog_one2one
NAA35,ENSSSCG00000010956,ENSG00000135040,True,ortholog_one2one
NAA38,ENSSSCG00000017971,ENSG00000183011,True,ortholog_one2one
NAA40,ENSSSCG00000022687,ENSG00000110583,True,ortholog_one2one
NAA50,ENSSSCG00000011917,ENSG00000121579,True,ortholog_one2one
NAA60,ENSSSCG00000021065,ENSG00000122390,True,ortholog_one2one
NAA80,ENSSSCG00000011404,ENSG00000243477,True,ortholog_one2one
NAALAD2,ENSSSCG00000014933,ENSG00000077616,True,ortholog_one2one
NAB1,ENSSSCG00000029547,ENSG00000138386,True,ortholog_one2one
NAB2,ENSSSCG00000000411,ENSG00000166886,True,ortholog_one2one
NABP1,ENSSSCG00000016062,ENSG00000173559,True,ortholog_one2one
NABP2,ENSSSCG00000000384,ENSG00000139579,True,ortholog_one2one
NACA,ENSSSCG00000020830,ENSG00000196531,True,ortholog_one2one
NACAD,ENSSSCG00000016733,ENSG00000136274,True,ortholog_one2one
NAGK,ENSSSCG00000008316,ENSG00000124357,True,ortholog_one2one
NAGS,ENSSSCG00000024179,ENSG00000161653,True,ortholog_one2one
NALCN,ENSSSCG00000038949,ENSG00000102452,True,ortholog_one2one
NALF1,ENSSSCG00000040130,ENSG00000204442,True,ortholog_one2one
NAMPT,ENSSSCG00000015435,ENSG00000105835,True,ortholog_one2one
NANOS1,ENSSSCG00000040025,ENSG00000188613,True,ortholog_one2one
NANOS2,ENSSSCG00000003096,ENSG00000188425,True,ortholog_one2one
NANOS3,ENSSSCG00000013759,ENSG00000187556,True,ortholog_one2one
NANS,ENSSSCG00000005373,ENSG00000095380,True,ortholog_one2one
NAP1L1,ENSSSCG00000000522,ENSG00000187109,True,ortholog_one2one
NAP1L2,ENSSSCG00000012415,ENSG00000186462,True,ortholog_one2one
NAP1L3,ENSSSCG00000012504,ENSG00000186310,True,ortholog_one2one
NAP1L4,ENSSSCG00000012856,ENSG00000205531,True,ortholog_one2one
NAXE,ENSSSCG00000006480,ENSG00000163382,True,ortholog_one2one
NBEAL1,ENSSSCG00000016118,ENSG00000144426,True,ortholog_one2one
NBN,ENSSSCG00000006127,ENSG00000104320,True,ortholog_one2one
NBR1,ENSSSCG00000030211,ENSG00000188554,True,ortholog_one2one
NCALD,ENSSSCG00000006059,ENSG00000104490,True,ortholog_one2one
NCAM1,ENSSSCG00000015045,ENSG00000149294,True,ortholog_one2one
NCAN,ENSSSCG00000032131,ENSG00000130287,True,ortholog_one2one
NCAPD3,ENSSSCG00000022192,ENSG00000151503,True,ortholog_one2one
NCAPG,ENSSSCG00000008747,ENSG00000109805,True,ortholog_one2one
NCAPG2,ENSSSCG00000028169,ENSG00000146918,True,ortholog_one2one
NCAPH,ENSSSCG00000008125,ENSG00000121152,True,ortholog_one2one
NCAPH2,ENSSSCG00000000965,ENSG00000025770,True,ortholog_one2one
NCBP1,ENSSSCG00000005366,ENSG00000136937,True,ortholog_one2one
NCBP2,ENSSSCG00000027323,ENSG00000114503,True,ortholog_one2one
NCBP2L,ENSSSCG00000012562,ENSG00000170935,True,ortholog_one2one
NCCRP1,ENSSSCG00000026407,ENSG00000188505,True,ortholog_one2one
NCF1,ENSSSCG00000007722,ENSG00000158517,True,ortholog_one2one
NCKAP5,ENSSSCG00000023479,ENSG00000176771,True,ortholog_one2one
NCLN,ENSSSCG00000013475,ENSG00000125912,True,ortholog_one2one
NCOA4,ENSSSCG00000010399,ENSG00000266412,True,ortholog_one2one
NCOA5,ENSSSCG00000007438,ENSG00000124160,True,ortholog_one2one
NCOA6,ENSSSCG00000007284,ENSG00000198646,True,ortholog_one2one
NCOA7,ENSSSCG00000004222,ENSG00000111912,True,ortholog_one2one
NCOR1,ENSSSCG00000018039,ENSG00000141027,True,ortholog_one2one
NCOR2,ENSSSCG00000009761,ENSG00000196498,True,ortholog_one2one
NCR1,ENSSSCG00000022675,ENSG00000189430,True,ortholog_one2one
NCR2,ENSSSCG00000001618,ENSG00000096264,True,ortholog_one2one
NDC1,ENSSSCG00000028748,ENSG00000058804,True,ortholog_one2one
NDC80,ENSSSCG00000003697,ENSG00000080986,True,ortholog_one2one
NDEL1,ENSSSCG00000017986,ENSG00000166579,True,ortholog_one2one
NDFIP1,ENSSSCG00000025295,ENSG00000131507,True,ortholog_one2one
NDFIP2,ENSSSCG00000009480,ENSG00000102471,True,ortholog_one2one
NDNF,ENSSSCG00000029260,ENSG00000173376,True,ortholog_one2one
NDOR1,ENSSSCG00000005859,ENSG00000188566,True,ortholog_one2one
NDRG1,ENSSSCG00000005944,ENSG00000104419,True,ortholog_one2one
NDST2,ENSSSCG00000010310,ENSG00000166507,True,ortholog_one2one
NDUFA2,ENSSSCG00000014371,ENSG00000131495,True,ortholog_one2one
NDUFA7,ENSSSCG00000041220,ENSG00000267855,True,ortholog_one2one
NDUFA9,ENSSSCG00000000719,ENSG00000139180,True,ortholog_one2one
NDUFAB1,ENSSSCG00000010795,ENSG00000004779,True,ortholog_one2one
NDUFAF1,ENSSSCG00000004748,ENSG00000137806,True,ortholog_one2one
NDUFAF3,ENSSSCG00000011371,ENSG00000178057,True,ortholog_one2one
NDUFAF4,ENSSSCG00000004342,ENSG00000123545,True,ortholog_one2one
NDUFAF5,ENSSSCG00000007076,ENSG00000101247,True,ortholog_one2one
NDUFAF7,ENSSSCG00000008494,ENSG00000003509,True,ortholog_one2one
NDUFB10,ENSSSCG00000030328,ENSG00000140990,True,ortholog_one2one
NDUFB5,ENSSSCG00000011764,ENSG00000136521,True,ortholog_one2one
NDUFS8,ENSSSCG00000037455,ENSG00000110717,True,ortholog_one2one
NDUFV1,ENSSSCG00000012896,ENSG00000167792,True,ortholog_one2one
NDUFV2,ENSSSCG00000038826,ENSG00000178127,True,ortholog_one2one
NDUFV3,ENSSSCG00000021991,ENSG00000160194,True,ortholog_one2one
NEB,ENSSSCG00000016397,ENSG00000183091,True,ortholog_one2one
NEBL,ENSSSCG00000011090,ENSG00000078114,True,ortholog_one2one
NECAB1,ENSSSCG00000031424,ENSG00000123119,True,ortholog_one2one
NECAB3,ENSSSCG00000029626,ENSG00000125967,True,ortholog_one2one
NECAP1,ENSSSCG00000025179,ENSG00000089818,True,ortholog_one2one
NECTIN1,ENSSSCG00000015125,ENSG00000110400,True,ortholog_one2one
NECTIN2,ENSSSCG00000003090,ENSG00000130202,True,ortholog_one2one
NECTIN3,ENSSSCG00000011933,ENSG00000177707,True,ortholog_one2one
NECTIN4,ENSSSCG00000026861,ENSG00000143217,True,ortholog_one2one
NEDD1,ENSSSCG00000000890,ENSG00000139350,True,ortholog_one2one
NEK3,ENSSSCG00000009379,ENSG00000136098,True,ortholog_one2one
NEK6,ENSSSCG00000005587,ENSG00000119408,True,ortholog_one2one
NEK7,ENSSSCG00000010904,ENSG00000151414,True,ortholog_one2one
NEK8,ENSSSCG00000017766,ENSG00000160602,True,ortholog_one2one
NEK9,ENSSSCG00000002381,ENSG00000119638,True,ortholog_one2one
NELFA,ENSSSCG00000008681,ENSG00000185049,True,ortholog_one2one
NELFB,ENSSSCG00000005846,ENSG00000188986,True,ortholog_one2one
NELFCD,ENSSSCG00000007521,ENSG00000101158,True,ortholog_one2one
NELL1,ENSSSCG00000039940,ENSG00000165973,True,ortholog_one2one
NELL2,ENSSSCG00000000802,ENSG00000184613,True,ortholog_one2one
NEMF,ENSSSCG00000005011,ENSG00000165525,True,ortholog_one2one
NEMP1,ENSSSCG00000025542,ENSG00000166881,True,ortholog_one2one
NEMP2,ENSSSCG00000016053,ENSG00000189362,True,ortholog_one2one
NEO1,ENSSSCG00000001921,ENSG00000067141,True,ortholog_one2one
NES,ENSSSCG00000006474,ENSG00000132688,True,ortholog_one2one
NET1,ENSSSCG00000023105,ENSG00000173848,True,ortholog_one2one
NEURL1,ENSSSCG00000010603,ENSG00000107954,True,ortholog_one2one
NEURL4,ENSSSCG00000017941,ENSG00000215041,True,ortholog_one2one
NEUROG3,ENSSSCG00000034488,ENSG00000122859,True,ortholog_one2one
NEXMIF,ENSSSCG00000035689,ENSG00000050030,True,ortholog_one2one
NEXN,ENSSSCG00000003768,ENSG00000162614,True,ortholog_one2one
NF1,ENSSSCG00000017748,ENSG00000196712,True,ortholog_one2one
NF2,ENSSSCG00000028707,ENSG00000186575,True,ortholog_one2one
NFAM1,ENSSSCG00000037425,ENSG00000235568,True,ortholog_one2one
NFASC,ENSSSCG00000022951,ENSG00000163531,True,ortholog_one2one
NFAT5,ENSSSCG00000002755,ENSG00000102908,True,ortholog_one2one
NFATC1,ENSSSCG00000004856,ENSG00000131196,True,ortholog_one2one
NFATC2,ENSSSCG00000007477,ENSG00000101096,True,ortholog_one2one
NFATC2IP,ENSSSCG00000007808,ENSG00000176953,True,ortholog_one2one
NFATC4,ENSSSCG00000001986,ENSG00000100968,True,ortholog_one2one
NFE2,ENSSSCG00000000289,ENSG00000123405,True,ortholog_one2one
NFE2L1,ENSSSCG00000017525,ENSG00000082641,True,ortholog_one2one
NFE2L3,ENSSSCG00000026894,ENSG00000050344,True,ortholog_one2one
NFKBID,ENSSSCG00000002917,ENSG00000167604,True,ortholog_one2one
NFKBIE,ENSSSCG00000001703,ENSG00000146232,True,ortholog_one2one
NFKBIZ,ENSSSCG00000011951,ENSG00000144802,True,ortholog_one2one
NFRKB,ENSSSCG00000015242,ENSG00000170322,True,ortholog_one2one
NFS1,ENSSSCG00000007307,ENSG00000244005,True,ortholog_one2one
NFU1,ENSSSCG00000025007,ENSG00000169599,True,ortholog_one2one
NFX1,ENSSSCG00000010994,ENSG00000086102,True,ortholog_one2one
NFXL1,ENSSSCG00000008816,ENSG00000170448,True,ortholog_one2one
NFYA,ENSSSCG00000001611,ENSG00000001167,True,ortholog_one2one
NFYB,ENSSSCG00000000844,ENSG00000120837,True,ortholog_one2one
NFYC,ENSSSCG00000003976,ENSG00000066136,True,ortholog_one2one
NGB,ENSSSCG00000002399,ENSG00000165553,True,ortholog_one2one
NGEF,ENSSSCG00000016295,ENSG00000066248,True,ortholog_one2one
NGF,ENSSSCG00000032417,ENSG00000134259,True,ortholog_one2one
NGFR,ENSSSCG00000017548,ENSG00000064300,True,ortholog_one2one
NGLY1,ENSSSCG00000011214,ENSG00000151092,True,ortholog_one2one
NHERF2,ENSSSCG00000008038,ENSG00000065054,True,ortholog_one2one
NIBAN3,ENSSSCG00000013883,ENSG00000167483,True,ortholog_one2one
NICN1,ENSSSCG00000031594,ENSG00000145029,True,ortholog_one2one
NID1,ENSSSCG00000026819,ENSG00000116962,True,ortholog_one2one
NID2,ENSSSCG00000005030,ENSG00000087303,True,ortholog_one2one
NIF3L1,ENSSSCG00000039654,ENSG00000196290,True,ortholog_one2one
NIFK,ENSSSCG00000015730,ENSG00000155438,True,ortholog_one2one
NIM1K,ENSSSCG00000016873,ENSG00000177453,True,ortholog_one2one
NIN,ENSSSCG00000005022,ENSG00000100503,True,ortholog_one2one
NINL,ENSSSCG00000007135,ENSG00000101004,True,ortholog_one2one
NIP7,ENSSSCG00000033741,ENSG00000132603,True,ortholog_one2one
NIPA1,ENSSSCG00000040778,ENSG00000170113,True,ortholog_one2one
NIPA2,ENSSSCG00000036898,ENSG00000140157,True,ortholog_one2one
NIPAL1,ENSSSCG00000037950,ENSG00000163293,True,ortholog_one2one
NIPBL,ENSSSCG00000016842,ENSG00000164190,True,ortholog_one2one
NIT1,ENSSSCG00000037793,ENSG00000158793,True,ortholog_one2one
NKAIN1,ENSSSCG00000032193,ENSG00000084628,True,ortholog_one2one
NKG7,ENSSSCG00000003231,ENSG00000105374,True,ortholog_one2one
NKIRAS1,ENSSSCG00000024296,ENSG00000197885,True,ortholog_one2one
NKIRAS2,ENSSSCG00000017418,ENSG00000168256,True,ortholog_one2one
NKPD1,ENSSSCG00000035833,ENSG00000179846,True,ortholog_one2one
NKTR,ENSSSCG00000011284,ENSG00000114857,True,ortholog_one2one
NKX1-1,ENSSSCG00000038573,ENSG00000235608,True,ortholog_one2one
NKX1-2,ENSSSCG00000010733,ENSG00000229544,True,ortholog_one2one
NKX2-1,ENSSSCG00000001945,ENSG00000136352,True,ortholog_one2one
NKX2-2,ENSSSCG00000040017,ENSG00000125820,True,ortholog_one2one
NKX2-3,ENSSSCG00000010538,ENSG00000119919,True,ortholog_one2one
NKX2-4,ENSSSCG00000007110,ENSG00000125816,True,ortholog_one2one
NKX2-5,ENSSSCG00000036285,ENSG00000183072,True,ortholog_one2one
NKX2-6,ENSSSCG00000028064,ENSG00000180053,True,ortholog_one2one
NKX6-3,ENSSSCG00000033505,ENSG00000165066,True,ortholog_one2one
NLE1,ENSSSCG00000025796,ENSG00000073536,True,ortholog_one2one
NLRP12,ENSSSCG00000003251,ENSG00000142405,True,ortholog_one2one
NLRP3,ENSSSCG00000013940,ENSG00000162711,True,ortholog_one2one
NLRP4,ENSSSCG00000045118,ENSG00000160505,True,ortholog_one2one
NLRP6,ENSSSCG00000014561,ENSG00000174885,True,ortholog_one2one
NLRP8,ENSSSCG00000003315,ENSG00000179709,True,ortholog_one2one
NLRP9,ENSSSCG00000003307,ENSG00000185792,True,ortholog_one2one
NLRX1,ENSSSCG00000044952,ENSG00000160703,True,ortholog_one2one
NMB,ENSSSCG00000036907,ENSG00000197696,True,ortholog_one2one
NMBR,ENSSSCG00000036250,ENSG00000135577,True,ortholog_one2one
NMD3,ENSSSCG00000022952,ENSG00000169251,True,ortholog_one2one
NME1,ENSSSCG00000038348,ENSG00000239672,True,ortholog_one2one
NME3,ENSSSCG00000008017,ENSG00000103024,True,ortholog_one2one
NOA1,ENSSSCG00000025792,ENSG00000084092,True,ortholog_one2one
NOBOX,ENSSSCG00000024977,ENSG00000106410,True,ortholog_one2one
NOC2L,ENSSSCG00000023973,ENSG00000188976,True,ortholog_one2one
NOC3L,ENSSSCG00000010484,ENSG00000173145,True,ortholog_one2one
NOC4L,ENSSSCG00000009739,ENSG00000184967,True,ortholog_one2one
NOCT,ENSSSCG00000024596,ENSG00000151014,True,ortholog_one2one
NOD2,ENSSSCG00000038073,ENSG00000167207,True,ortholog_one2one
NOG,ENSSSCG00000036437,ENSG00000183691,True,ortholog_one2one
NOL10,ENSSSCG00000008635,ENSG00000115761,True,ortholog_one2one
NOL4,ENSSSCG00000003737,ENSG00000101746,True,ortholog_one2one
NOL4L,ENSSSCG00000007249,ENSG00000197183,True,ortholog_one2one
NOL6,ENSSSCG00000010990,ENSG00000165271,True,ortholog_one2one
NOL7,ENSSSCG00000040816,ENSG00000225921,True,ortholog_one2one
NOL8,ENSSSCG00000008069,ENSG00000198000,True,ortholog_one2one
NOLC1,ENSSSCG00000010576,ENSG00000166197,True,ortholog_one2one
NOP56,ENSSSCG00000027676,ENSG00000101361,True,ortholog_one2one
NOP9,ENSSSCG00000001990,ENSG00000196943,True,ortholog_one2one
NOS3,ENSSSCG00000016450,ENSG00000164867,True,ortholog_one2one
NOSTRIN,ENSSSCG00000015923,ENSG00000163072,True,ortholog_one2one
NOTCH1,ENSSSCG00000038509,ENSG00000148400,True,ortholog_one2one
NOTCH3,ENSSSCG00000025176,ENSG00000074181,True,ortholog_one2one
NOVA1,ENSSSCG00000024396,ENSG00000139910,True,ortholog_one2one
NOVA2,ENSSSCG00000035029,ENSG00000104967,True,ortholog_one2one
NOX1,ENSSSCG00000012485,ENSG00000007952,True,ortholog_one2one
NOX3,ENSSSCG00000004068,ENSG00000074771,True,ortholog_one2one
NOX4,ENSSSCG00000014927,ENSG00000086991,True,ortholog_one2one
NOX5,ENSSSCG00000004966,ENSG00000255346,True,ortholog_one2one
NOXA1,ENSSSCG00000033685,ENSG00000188747,True,ortholog_one2one
NOXO1,ENSSSCG00000008034,ENSG00000196408,True,ortholog_one2one
NOXRED1,ENSSSCG00000030069,ENSG00000165555,True,ortholog_one2one
NPAS2,ENSSSCG00000008171,ENSG00000170485,True,ortholog_one2one
NPB,ENSSSCG00000035837,ENSG00000183979,True,ortholog_one2one
NPFF,ENSSSCG00000000277,ENSG00000139574,True,ortholog_one2one
NPFFR1,ENSSSCG00000010266,ENSG00000148734,True,ortholog_one2one
NPFFR2,ENSSSCG00000008944,ENSG00000056291,True,ortholog_one2one
NPHP1,ENSSSCG00000008111,ENSG00000144061,True,ortholog_one2one
NPHP3,ENSSSCG00000011632,ENSG00000113971,True,ortholog_one2one
NPHP4,ENSSSCG00000029843,ENSG00000131697,True,ortholog_one2one
NPHS1,ENSSSCG00000029284,ENSG00000161270,True,ortholog_one2one
NPHS2,ENSSSCG00000015526,ENSG00000116218,True,ortholog_one2one
NPL,ENSSSCG00000022292,ENSG00000135838,True,ortholog_one2one
NPM1,ENSSSCG00000016998,ENSG00000181163,True,ortholog_one2one
NPM2,ENSSSCG00000009610,ENSG00000158806,True,ortholog_one2one
NPM3,ENSSSCG00000010568,ENSG00000107833,True,ortholog_one2one
NPNT,ENSSSCG00000038801,ENSG00000168743,True,ortholog_one2one
NPPB,ENSSSCG00000003431,ENSG00000120937,True,ortholog_one2one
NPPC,ENSSSCG00000026852,ENSG00000163273,True,ortholog_one2one
NPW,ENSSSCG00000048627,ENSG00000183971,True,ortholog_one2one
NPY1R,ENSSSCG00000008888,ENSG00000164128,True,ortholog_one2one
NPY5R,ENSSSCG00000008889,ENSG00000164129,True,ortholog_one2one
NR0B1,ENSSSCG00000012199,ENSG00000169297,True,ortholog_one2one
NR0B2,ENSSSCG00000003565,ENSG00000131910,True,ortholog_one2one
NR1D1,ENSSSCG00000036933,ENSG00000126368,True,ortholog_one2one
NR1D2,ENSSSCG00000027017,ENSG00000174738,True,ortholog_one2one
NR1H3,ENSSSCG00000013241,ENSG00000025434,True,ortholog_one2one
NR1H4,ENSSSCG00000000875,ENSG00000012504,True,ortholog_one2one
NR1I2,ENSSSCG00000011890,ENSG00000144852,True,ortholog_one2one
NR1I3,ENSSSCG00000006353,ENSG00000143257,True,ortholog_one2one
NR2C1,ENSSSCG00000000902,ENSG00000120798,True,ortholog_one2one
NR2C2AP,ENSSSCG00000023658,ENSG00000184162,True,ortholog_one2one
NR2E1,ENSSSCG00000004384,ENSG00000112333,True,ortholog_one2one
NR2F2,ENSSSCG00000002254,ENSG00000185551,True,ortholog_one2one
NR2F6,ENSSSCG00000013873,ENSG00000160113,True,ortholog_one2one
NR3C1,ENSSSCG00000014401,ENSG00000113580,True,ortholog_one2one
NR3C2,ENSSSCG00000037766,ENSG00000151623,True,ortholog_one2one
NRARP,ENSSSCG00000005844,ENSG00000198435,True,ortholog_one2one
NRBP2,ENSSSCG00000038025,ENSG00000185189,True,ortholog_one2one
NRDC,ENSSSCG00000003870,ENSG00000078618,True,ortholog_one2one
NRDE2,ENSSSCG00000002434,ENSG00000119720,True,ortholog_one2one
NRF1,ENSSSCG00000016566,ENSG00000106459,True,ortholog_one2one
NRG1,ENSSSCG00000015839,ENSG00000157168,True,ortholog_one2one
NRG2,ENSSSCG00000021082,ENSG00000158458,True,ortholog_one2one
NRG3,ENSSSCG00000010344,ENSG00000185737,True,ortholog_one2one
NRGN,ENSSSCG00000039322,ENSG00000154146,True,ortholog_one2one
NRIP1,ENSSSCG00000021038,ENSG00000180530,True,ortholog_one2one
NRIP2,ENSSSCG00000000741,ENSG00000053702,True,ortholog_one2one
NRIP3,ENSSSCG00000014570,ENSG00000175352,True,ortholog_one2one
NRK,ENSSSCG00000012546,ENSG00000123572,True,ortholog_one2one
NSFL1C,ENSSSCG00000007187,ENSG00000088833,True,ortholog_one2one
NSL1,ENSSSCG00000015593,ENSG00000117697,True,ortholog_one2one
NSMAF,ENSSSCG00000006236,ENSG00000035681,True,ortholog_one2one
NSMCE1,ENSSSCG00000036275,ENSG00000169189,True,ortholog_one2one
NSMCE2,ENSSSCG00000037755,ENSG00000156831,True,ortholog_one2one
NSMF,ENSSSCG00000037880,ENSG00000165802,True,ortholog_one2one
NSRP1,ENSSSCG00000017795,ENSG00000126653,True,ortholog_one2one
NSUN2,ENSSSCG00000017104,ENSG00000037474,True,ortholog_one2one
NSUN3,ENSSSCG00000027432,ENSG00000178694,True,ortholog_one2one
NSUN4,ENSSSCG00000038280,ENSG00000117481,True,ortholog_one2one
NSUN7,ENSSSCG00000024496,ENSG00000179299,True,ortholog_one2one
NT5C,ENSSSCG00000028210,ENSG00000125458,True,ortholog_one2one
NT5C1A,ENSSSCG00000003662,ENSG00000116981,True,ortholog_one2one
NT5C2,ENSSSCG00000010594,ENSG00000076685,True,ortholog_one2one
NT5C3A,ENSSSCG00000022912,ENSG00000122643,True,ortholog_one2one
NT5DC2,ENSSSCG00000011444,ENSG00000168268,True,ortholog_one2one
NTAN1,ENSSSCG00000037398,ENSG00000157045,True,ortholog_one2one
NTF3,ENSSSCG00000033544,ENSG00000185652,True,ortholog_one2one
NTHL1,ENSSSCG00000008039,ENSG00000065057,True,ortholog_one2one
NTMT2,ENSSSCG00000006281,ENSG00000203740,True,ortholog_one2one
NTN1,ENSSSCG00000017993,ENSG00000065320,True,ortholog_one2one
NTN3,ENSSSCG00000008054,ENSG00000162068,True,ortholog_one2one
NTN4,ENSSSCG00000000896,ENSG00000074527,True,ortholog_one2one
NTN5,ENSSSCG00000003146,ENSG00000142233,True,ortholog_one2one
NTNG1,ENSSSCG00000006852,ENSG00000162631,True,ortholog_one2one
NTNG2,ENSSSCG00000005723,ENSG00000196358,True,ortholog_one2one
NTPCR,ENSSSCG00000010166,ENSG00000135778,True,ortholog_one2one
NTRK2,ENSSSCG00000010959,ENSG00000148053,True,ortholog_one2one
NTRK3,ENSSSCG00000005106,ENSG00000140538,True,ortholog_one2one
NTSR1,ENSSSCG00000038278,ENSG00000101188,True,ortholog_one2one
NTSR2,ENSSSCG00000008625,ENSG00000169006,True,ortholog_one2one
NUAK2,ENSSSCG00000038471,ENSG00000163545,True,ortholog_one2one
NUB1,ENSSSCG00000016438,ENSG00000013374,True,ortholog_one2one
NUBPL,ENSSSCG00000001968,ENSG00000151413,True,ortholog_one2one
NUDCD1,ENSSSCG00000006029,ENSG00000120526,True,ortholog_one2one
NUDCD2,ENSSSCG00000032806,ENSG00000170584,True,ortholog_one2one
NUDCD3,ENSSSCG00000016747,ENSG00000015676,True,ortholog_one2one
NUDT1,ENSSSCG00000033926,ENSG00000106268,True,ortholog_one2one
NUDT12,ENSSSCG00000014187,ENSG00000112874,True,ortholog_one2one
NUDT13,ENSSSCG00000025492,ENSG00000166321,True,ortholog_one2one
NUDT14,ENSSSCG00000002557,ENSG00000183828,True,ortholog_one2one
NUDT16,ENSSSCG00000032424,ENSG00000198585,True,ortholog_one2one
NUDT16L1,ENSSSCG00000035999,ENSG00000168101,True,ortholog_one2one
NUDT17,ENSSSCG00000006690,ENSG00000186364,True,ortholog_one2one
NUDT19,ENSSSCG00000036294,ENSG00000213965,True,ortholog_one2one
NUDT2,ENSSSCG00000010981,ENSG00000164978,True,ortholog_one2one
NUP107,ENSSSCG00000000486,ENSG00000111581,True,ortholog_one2one
NUP133,ENSSSCG00000010189,ENSG00000069248,True,ortholog_one2one
NUP188,ENSSSCG00000005667,ENSG00000095319,True,ortholog_one2one
NUP37,ENSSSCG00000000860,ENSG00000075188,True,ortholog_one2one
NUP42,ENSSSCG00000023793,ENSG00000136243,True,ortholog_one2one
NUP43,ENSSSCG00000004105,ENSG00000120253,True,ortholog_one2one
NUP50,ENSSSCG00000000019,ENSG00000093000,True,ortholog_one2one
NUP58,ENSSSCG00000035318,ENSG00000139496,True,ortholog_one2one
NUP62,ENSSSCG00000040333,ENSG00000213024,True,ortholog_one2one
NUP85,ENSSSCG00000017207,ENSG00000125450,True,ortholog_one2one
NUP93,ENSSSCG00000025830,ENSG00000102900,True,ortholog_one2one
NUP98,ENSSSCG00000014794,ENSG00000110713,True,ortholog_one2one
NUPR1,ENSSSCG00000040162,ENSG00000176046,True,ortholog_one2one
NUS1,ENSSSCG00000020885,ENSG00000153989,True,ortholog_one2one
NUTF2,ENSSSCG00000030295,ENSG00000102898,True,ortholog_one2one
NUTM1,ENSSSCG00000002241,ENSG00000184507,True,ortholog_one2one
NXN,ENSSSCG00000028720,ENSG00000167693,True,ortholog_one2one
NYAP1,ENSSSCG00000030337,ENSG00000166924,True,ortholog_one2one
NYAP2,ENSSSCG00000016239,ENSG00000144460,True,ortholog_one2one
NYNRIN,ENSSSCG00000032473,ENSG00000205978,True,ortholog_one2one
NYX,ENSSSCG00000021460,ENSG00000188937,True,ortholog_one2one
OAF,ENSSSCG00000036307,ENSG00000184232,True,ortholog_one2one
OARD1,ENSSSCG00000023366,ENSG00000124596,True,ortholog_one2one
OAS1,ENSSSCG00000046640,ENSG00000089127,True,ortholog_one2one
OAS2,ENSSSCG00000009881,ENSG00000111335,True,ortholog_one2one
OASL,ENSSSCG00000009921,ENSG00000135114,True,ortholog_one2one
OAT,ENSSSCG00000010734,ENSG00000065154,True,ortholog_one2one
OAZ1,ENSSSCG00000013460,ENSG00000104904,True,ortholog_one2one
OAZ2,ENSSSCG00000004550,ENSG00000180304,True,ortholog_one2one
OAZ3,ENSSSCG00000027091,ENSG00000143450,True,ortholog_one2one
OBSCN,ENSSSCG00000034569,ENSG00000154358,True,ortholog_one2one
ODAD3,ENSSSCG00000043957,ENSG00000198003,True,ortholog_one2one
ODC1,ENSSSCG00000027121,ENSG00000115758,True,ortholog_one2one
ODF1,ENSSSCG00000006056,ENSG00000155087,True,ortholog_one2one
ODF2,ENSSSCG00000005651,ENSG00000136811,True,ortholog_one2one
ODF2L,ENSSSCG00000006936,ENSG00000122417,True,ortholog_one2one
ODR4,ENSSSCG00000015577,ENSG00000157181,True,ortholog_one2one
OGA,ENSSSCG00000010569,ENSG00000198408,True,ortholog_one2one
OGDH,ENSSSCG00000016743,ENSG00000105953,True,ortholog_one2one
OGDHL,ENSSSCG00000010394,ENSG00000197444,True,ortholog_one2one
OGFOD1,ENSSSCG00000025953,ENSG00000087263,True,ortholog_one2one
OGFOD2,ENSSSCG00000009783,ENSG00000111325,True,ortholog_one2one
OGFOD3,ENSSSCG00000032116,ENSG00000181396,True,ortholog_one2one
OGFRL1,ENSSSCG00000004279,ENSG00000119900,True,ortholog_one2one
OGN,ENSSSCG00000034607,ENSG00000106809,True,ortholog_one2one
OGT,ENSSSCG00000012403,ENSG00000147162,True,ortholog_one2one
OLFM1,ENSSSCG00000029715,ENSG00000130558,True,ortholog_one2one
OLFM4,ENSSSCG00000009444,ENSG00000102837,True,ortholog_one2one
OLFML2A,ENSSSCG00000005593,ENSG00000185585,True,ortholog_one2one
OLIG1,ENSSSCG00000012040,ENSG00000184221,True,ortholog_one2one
ONECUT2,ENSSSCG00000004540,ENSG00000119547,True,ortholog_one2one
ONECUT3,ENSSSCG00000013439,ENSG00000205922,True,ortholog_one2one
OOEP,ENSSSCG00000004285,ENSG00000203907,True,ortholog_one2one
OPA1,ENSSSCG00000011822,ENSG00000198836,True,ortholog_one2one
OPALIN,ENSSSCG00000010506,ENSG00000197430,True,ortholog_one2one
OPCML,ENSSSCG00000037534,ENSG00000183715,True,ortholog_one2one
OPHN1,ENSSSCG00000022676,ENSG00000079482,True,ortholog_one2one
OPLAH,ENSSSCG00000005911,ENSG00000178814,True,ortholog_one2one
OPN1SW,ENSSSCG00000016580,ENSG00000128617,True,ortholog_one2one
OPN4,ENSSSCG00000010358,ENSG00000122375,True,ortholog_one2one
OPRD1,ENSSSCG00000047080,ENSG00000116329,True,ortholog_one2one
OPRK1,ENSSSCG00000006264,ENSG00000082556,True,ortholog_one2one
OR51A7,ENSSSCG00000014752,ENSG00000176895,True,ortholog_one2one
OR51E2,ENSSSCG00000014764,ENSG00000167332,True,ortholog_one2one
OR52W1,ENSSSCG00000035041,ENSG00000175485,True,ortholog_one2one
OR5AU1,ENSSSCG00000032876,ENSG00000169327,True,ortholog_one2one
OR5C1,ENSSSCG00000005578,ENSG00000148215,True,ortholog_one2one
OR6A2,ENSSSCG00000014617,ENSG00000184933,True,ortholog_one2one
OR6K3,ENSSSCG00000041628,ENSG00000203757,True,ortholog_one2one
OR6T1,ENSSSCG00000015153,ENSG00000181499,True,ortholog_one2one
OR6X1,ENSSSCG00000015146,ENSG00000221931,True,ortholog_one2one
OR8D1,ENSSSCG00000037492,ENSG00000196341,True,ortholog_one2one
OR8D4,ENSSSCG00000015150,ENSG00000181518,True,ortholog_one2one
ORAI3,ENSSSCG00000007770,ENSG00000175938,True,ortholog_one2one
ORC1,ENSSSCG00000003861,ENSG00000085840,True,ortholog_one2one
ORC2,ENSSSCG00000016098,ENSG00000115942,True,ortholog_one2one
ORC3,ENSSSCG00000004306,ENSG00000135336,True,ortholog_one2one
ORC4,ENSSSCG00000015668,ENSG00000115947,True,ortholog_one2one
OSBPL7,ENSSSCG00000017518,ENSG00000006025,True,ortholog_one2one
OSBPL8,ENSSSCG00000027503,ENSG00000091039,True,ortholog_one2one
OSBPL9,ENSSSCG00000021292,ENSG00000117859,True,ortholog_one2one
OSCAR,ENSSSCG00000003259,ENSG00000170909,True,ortholog_one2one
OSCP1,ENSSSCG00000036709,ENSG00000116885,True,ortholog_one2one
OSGEP,ENSSSCG00000002138,ENSG00000092094,True,ortholog_one2one
OSGEPL1,ENSSSCG00000016043,ENSG00000128694,True,ortholog_one2one
OSGIN1,ENSSSCG00000032115,ENSG00000140961,True,ortholog_one2one
OSGIN2,ENSSSCG00000021184,ENSG00000164823,True,ortholog_one2one
OSMR,ENSSSCG00000016851,ENSG00000145623,True,ortholog_one2one
OSR2,ENSSSCG00000006073,ENSG00000164920,True,ortholog_one2one
OSTC,ENSSSCG00000009145,ENSG00000198856,True,ortholog_one2one
OSTF1,ENSSSCG00000005273,ENSG00000134996,True,ortholog_one2one
OSTM1,ENSSSCG00000004383,ENSG00000081087,True,ortholog_one2one
OSTN,ENSSSCG00000031478,ENSG00000188729,True,ortholog_one2one
OTC,ENSSSCG00000012236,ENSG00000036473,True,ortholog_one2one
OTOF,ENSSSCG00000037751,ENSG00000115155,True,ortholog_one2one
OTOP2,ENSSSCG00000017222,ENSG00000183034,True,ortholog_one2one
OTOP3,ENSSSCG00000017220,ENSG00000182938,True,ortholog_one2one
OTUD4,ENSSSCG00000009042,ENSG00000164164,True,ortholog_one2one
OTUD5,ENSSSCG00000021934,ENSG00000068308,True,ortholog_one2one
OTUD6A,ENSSSCG00000012383,ENSG00000189401,True,ortholog_one2one
OTUD6B,ENSSSCG00000006120,ENSG00000155100,True,ortholog_one2one
OTUD7B,ENSSSCG00000006663,ENSG00000264522,True,ortholog_one2one
OTULIN,ENSSSCG00000034714,ENSG00000154124,True,ortholog_one2one
OTULINL,ENSSSCG00000016782,ENSG00000145569,True,ortholog_one2one
OTX1,ENSSSCG00000037564,ENSG00000115507,True,ortholog_one2one
OTX2,ENSSSCG00000005063,ENSG00000165588,True,ortholog_one2one
OVGP1,ENSSSCG00000006791,ENSG00000085465,True,ortholog_one2one
OVOL3,ENSSSCG00000042327,ENSG00000105261,True,ortholog_one2one
OXA1L,ENSSSCG00000002042,ENSG00000155463,True,ortholog_one2one
OXCT1,ENSSSCG00000016863,ENSG00000083720,True,ortholog_one2one
OXLD1,ENSSSCG00000033788,ENSG00000204237,True,ortholog_one2one
OXR1,ENSSSCG00000006037,ENSG00000164830,True,ortholog_one2one
P2RX1,ENSSSCG00000022405,ENSG00000108405,True,ortholog_one2one
P2RX2,ENSSSCG00000009735,ENSG00000187848,True,ortholog_one2one
P2RX3,ENSSSCG00000029468,ENSG00000109991,True,ortholog_one2one
P2RX4,ENSSSCG00000051205,ENSG00000135124,True,ortholog_one2one
P2RX5,ENSSSCG00000017868,ENSG00000083454,True,ortholog_one2one
P2RX6,ENSSSCG00000010101,ENSG00000099957,True,ortholog_one2one
P2RX7,ENSSSCG00000009817,ENSG00000089041,True,ortholog_one2one
P2RY10,ENSSSCG00000012446,ENSG00000078589,True,ortholog_one2one
P2RY11,ENSSSCG00000024072,ENSG00000244165,True,ortholog_one2one
P2RY12,ENSSSCG00000011713,ENSG00000169313,True,ortholog_one2one
P2RY13,ENSSSCG00000032162,ENSG00000181631,True,ortholog_one2one
P2RY4,ENSSSCG00000012380,ENSG00000186912,True,ortholog_one2one
P2RY8,ENSSSCG00000035911,ENSG00000182162,True,ortholog_one2one
PABIR2,ENSSSCG00000012685,ENSG00000156504,True,ortholog_one2one
PABPC1,ENSSSCG00000006063,ENSG00000070756,True,ortholog_one2one
PABPC4,ENSSSCG00000003660,ENSG00000090621,True,ortholog_one2one
PABPC4L,ENSSSCG00000009067,ENSG00000254535,True,ortholog_one2one
PABPC5,ENSSSCG00000040194,ENSG00000174740,True,ortholog_one2one
PABPN1L,ENSSSCG00000036367,ENSG00000205022,True,ortholog_one2one
PACC1,ENSSSCG00000015598,ENSG00000065600,True,ortholog_one2one
PACRG,ENSSSCG00000038153,ENSG00000112530,True,ortholog_one2one
PACRGL,ENSSSCG00000008750,ENSG00000163138,True,ortholog_one2one
PACS1,ENSSSCG00000012956,ENSG00000175115,True,ortholog_one2one
PACSIN1,ENSSSCG00000027053,ENSG00000124507,True,ortholog_one2one
PACSIN2,ENSSSCG00000000036,ENSG00000100266,True,ortholog_one2one
PACSIN3,ENSSSCG00000013244,ENSG00000165912,True,ortholog_one2one
PADI1,ENSSSCG00000003481,ENSG00000142623,True,ortholog_one2one
PADI2,ENSSSCG00000026478,ENSG00000117115,True,ortholog_one2one
PADI3,ENSSSCG00000003482,ENSG00000142619,True,ortholog_one2one
PADI4,ENSSSCG00000003483,ENSG00000159339,True,ortholog_one2one
PAEP,ENSSSCG00000040042,ENSG00000122133,True,ortholog_one2one
PAFAH1B2,ENSSSCG00000024027,ENSG00000168092,True,ortholog_one2one
PAFAH1B3,ENSSSCG00000029070,ENSG00000079462,True,ortholog_one2one
PAFAH2,ENSSSCG00000038619,ENSG00000158006,True,ortholog_one2one
PAG1,ENSSSCG00000040208,ENSG00000076641,True,ortholog_one2one
PAGE4,ENSSSCG00000012303,ENSG00000101951,True,ortholog_one2one
PAH,ENSSSCG00000000856,ENSG00000171759,True,ortholog_one2one
PAICS,ENSSSCG00000008901,ENSG00000128050,True,ortholog_one2one
PAIP1,ENSSSCG00000016874,ENSG00000172239,True,ortholog_one2one
PAIP2,ENSSSCG00000026606,ENSG00000120727,True,ortholog_one2one
PAIP2B,ENSSSCG00000038394,ENSG00000124374,True,ortholog_one2one
PAK1,ENSSSCG00000014878,ENSG00000149269,True,ortholog_one2one
PAK3,ENSSSCG00000025306,ENSG00000077264,True,ortholog_one2one
PALB2,ENSSSCG00000010794,ENSG00000083093,True,ortholog_one2one
PANK2,ENSSSCG00000007142,ENSG00000125779,True,ortholog_one2one
PANX1,ENSSSCG00000032360,ENSG00000110218,True,ortholog_one2one
PANX2,ENSSSCG00000000975,ENSG00000073150,True,ortholog_one2one
PANX3,ENSSSCG00000015194,ENSG00000154143,True,ortholog_one2one
PAOX,ENSSSCG00000040586,ENSG00000148832,True,ortholog_one2one
PAPLN,ENSSSCG00000002341,ENSG00000100767,True,ortholog_one2one
PAPOLA,ENSSSCG00000002505,ENSG00000090060,True,ortholog_one2one
PAPOLG,ENSSSCG00000008389,ENSG00000115421,True,ortholog_one2one
PAPPA,ENSSSCG00000005498,ENSG00000182752,True,ortholog_one2one
PAPPA2,ENSSSCG00000015512,ENSG00000116183,True,ortholog_one2one
PAPSS1,ENSSSCG00000031901,ENSG00000138801,True,ortholog_one2one
PAPSS2,ENSSSCG00000010437,ENSG00000198682,True,ortholog_one2one
PAQR3,ENSSSCG00000009259,ENSG00000163291,True,ortholog_one2one
PAQR5,ENSSSCG00000004968,ENSG00000137819,True,ortholog_one2one
PARD6B,ENSSSCG00000027206,ENSG00000124171,True,ortholog_one2one
PARD6G,ENSSSCG00000023376,ENSG00000178184,True,ortholog_one2one
PARK7,ENSSSCG00000003385,ENSG00000116288,True,ortholog_one2one
PARM1,ENSSSCG00000008966,ENSG00000169116,True,ortholog_one2one
PARN,ENSSSCG00000007878,ENSG00000140694,True,ortholog_one2one
PARP1,ENSSSCG00000023660,ENSG00000143799,True,ortholog_one2one
PARP11,ENSSSCG00000000728,ENSG00000111224,True,ortholog_one2one
PARP14,ENSSSCG00000011874,ENSG00000173193,True,ortholog_one2one
PARP15,ENSSSCG00000011875,ENSG00000173200,True,ortholog_one2one
PARP16,ENSSSCG00000004929,ENSG00000138617,True,ortholog_one2one
PARP2,ENSSSCG00000002143,ENSG00000129484,True,ortholog_one2one
PARP3,ENSSSCG00000023033,ENSG00000041880,True,ortholog_one2one
PARP4,ENSSSCG00000022957,ENSG00000102699,True,ortholog_one2one
PARP8,ENSSSCG00000016882,ENSG00000151883,True,ortholog_one2one
PARP9,ENSSSCG00000027709,ENSG00000138496,True,ortholog_one2one
PARPBP,ENSSSCG00000000859,ENSG00000185480,True,ortholog_one2one
PARS2,ENSSSCG00000003843,ENSG00000162396,True,ortholog_one2one
PAX3,ENSSSCG00000028418,ENSG00000135903,True,ortholog_one2one
PAX4,ENSSSCG00000016591,ENSG00000106331,True,ortholog_one2one
PAX5,ENSSSCG00000036086,ENSG00000196092,True,ortholog_one2one
PAX6,ENSSSCG00000013320,ENSG00000007372,True,ortholog_one2one
PAXIP1,ENSSSCG00000025221,ENSG00000157212,True,ortholog_one2one
PBDC1,ENSSSCG00000030577,ENSG00000102390,True,ortholog_one2one
PBLD,ENSSSCG00000025876,ENSG00000108187,True,ortholog_one2one
PBRM1,ENSSSCG00000035824,ENSG00000163939,True,ortholog_one2one
PBX3,ENSSSCG00000005604,ENSG00000167081,True,ortholog_one2one
PBX4,ENSSSCG00000013933,ENSG00000105717,True,ortholog_one2one
PBXIP1,ENSSSCG00000006540,ENSG00000163346,True,ortholog_one2one
PC,ENSSSCG00000012926,ENSG00000173599,True,ortholog_one2one
PCARE,ENSSSCG00000024725,ENSG00000179270,True,ortholog_one2one
PCBD1,ENSSSCG00000010275,ENSG00000166228,True,ortholog_one2one
PCDH1,ENSSSCG00000022289,ENSG00000156453,True,ortholog_one2one
PCDH12,ENSSSCG00000014395,ENSG00000113555,True,ortholog_one2one
PCDH7,ENSSSCG00000008765,ENSG00000169851,True,ortholog_one2one
PCDHGB1,ENSSSCG00000025141,ENSG00000254221,True,ortholog_one2one
PCED1A,ENSSSCG00000007168,ENSG00000132635,True,ortholog_one2one
PCED1B,ENSSSCG00000000811,ENSG00000179715,True,ortholog_one2one
PCF11,ENSSSCG00000014901,ENSG00000165494,True,ortholog_one2one
PCGF3,ENSSSCG00000029983,ENSG00000185619,True,ortholog_one2one
PCID2,ENSSSCG00000009557,ENSG00000126226,True,ortholog_one2one
PCK1,ENSSSCG00000007507,ENSG00000124253,True,ortholog_one2one
PCK2,ENSSSCG00000002009,ENSG00000100889,True,ortholog_one2one
PCLAF,ENSSSCG00000004554,ENSG00000166803,True,ortholog_one2one
PCMT1,ENSSSCG00000004103,ENSG00000120265,True,ortholog_one2one
PCSK5,ENSSSCG00000023520,ENSG00000099139,True,ortholog_one2one
PCSK9,ENSSSCG00000025020,ENSG00000169174,True,ortholog_one2one
PCYOX1,ENSSSCG00000029790,ENSG00000116005,True,ortholog_one2one
PCYOX1L,ENSSSCG00000014433,ENSG00000145882,True,ortholog_one2one
PCYT1B,ENSSSCG00000012182,ENSG00000102230,True,ortholog_one2one
PCYT2,ENSSSCG00000039650,ENSG00000185813,True,ortholog_one2one
PDC,ENSSSCG00000015578,ENSG00000116703,True,ortholog_one2one
PDCD1,ENSSSCG00000037319,ENSG00000188389,True,ortholog_one2one
PDCD10,ENSSSCG00000011739,ENSG00000114209,True,ortholog_one2one
PDCD11,ENSSSCG00000010599,ENSG00000148843,True,ortholog_one2one
PDCD1LG2,ENSSSCG00000032561,ENSG00000197646,True,ortholog_one2one
PDCD2L,ENSSSCG00000002875,ENSG00000126249,True,ortholog_one2one
PDCD4,ENSSSCG00000010627,ENSG00000150593,True,ortholog_one2one
PDCD5,ENSSSCG00000002860,ENSG00000105185,True,ortholog_one2one
PDCD6,ENSSSCG00000032090,ENSG00000249915,True,ortholog_one2one
PDE10A,ENSSSCG00000004027,ENSG00000112541,True,ortholog_one2one
PDE11A,ENSSSCG00000038903,ENSG00000128655,True,ortholog_one2one
PDE12,ENSSSCG00000011465,ENSG00000174840,True,ortholog_one2one
PDE1A,ENSSSCG00000023924,ENSG00000115252,True,ortholog_one2one
PDE1C,ENSSSCG00000016668,ENSG00000154678,True,ortholog_one2one
PDE3B,ENSSSCG00000013388,ENSG00000152270,True,ortholog_one2one
PDE4A,ENSSSCG00000013642,ENSG00000065989,True,ortholog_one2one
PDE4B,ENSSSCG00000003805,ENSG00000184588,True,ortholog_one2one
PDE4D,ENSSSCG00000016929,ENSG00000113448,True,ortholog_one2one
PDE5A,ENSSSCG00000009106,ENSG00000138735,True,ortholog_one2one
PDE6A,ENSSSCG00000014438,ENSG00000132915,True,ortholog_one2one
PDE6B,ENSSSCG00000036645,ENSG00000133256,True,ortholog_one2one
PDE6C,ENSSSCG00000010480,ENSG00000095464,True,ortholog_one2one
PDE6D,ENSSSCG00000016279,ENSG00000156973,True,ortholog_one2one
PDE7A,ENSSSCG00000006218,ENSG00000205268,True,ortholog_one2one
PDE7B,ENSSSCG00000004165,ENSG00000171408,True,ortholog_one2one
PDE9A,ENSSSCG00000030016,ENSG00000160191,True,ortholog_one2one
PDGFRA,ENSSSCG00000008841,ENSG00000134853,True,ortholog_one2one
PDHA1,ENSSSCG00000023643,ENSG00000131828,True,ortholog_one2one
PDHX,ENSSSCG00000013298,ENSG00000110435,True,ortholog_one2one
PDIA2,ENSSSCG00000007983,ENSG00000185615,True,ortholog_one2one
PDIA3,ENSSSCG00000004700,ENSG00000167004,True,ortholog_one2one
PDIA4,ENSSSCG00000015453,ENSG00000155660,True,ortholog_one2one
PDIA5,ENSSSCG00000011870,ENSG00000065485,True,ortholog_one2one
PDIA6,ENSSSCG00000008633,ENSG00000143870,True,ortholog_one2one
PDIK1L,ENSSSCG00000030660,ENSG00000175087,True,ortholog_one2one
PDILT,ENSSSCG00000007860,ENSG00000169340,True,ortholog_one2one
PDK1,ENSSSCG00000015958,ENSG00000152256,True,ortholog_one2one
PDK2,ENSSSCG00000027198,ENSG00000005882,True,ortholog_one2one
PDK3,ENSSSCG00000012181,ENSG00000067992,True,ortholog_one2one
PDK4,ENSSSCG00000015334,ENSG00000004799,True,ortholog_one2one
PDS5A,ENSSSCG00000023112,ENSG00000121892,True,ortholog_one2one
PDZD9,ENSSSCG00000026686,ENSG00000155714,True,ortholog_one2one
PDZK1,ENSSSCG00000006693,ENSG00000174827,True,ortholog_one2one
PDZRN3,ENSSSCG00000011521,ENSG00000121440,True,ortholog_one2one
PDZRN4,ENSSSCG00000000791,ENSG00000165966,True,ortholog_one2one
PEA15,ENSSSCG00000032164,ENSG00000162734,True,ortholog_one2one
PEAK1,ENSSSCG00000001869,ENSG00000173517,True,ortholog_one2one
PEAK3,ENSSSCG00000013461,ENSG00000188305,True,ortholog_one2one
PEAR1,ENSSSCG00000006463,ENSG00000187800,True,ortholog_one2one
PEBP4,ENSSSCG00000009631,ENSG00000134020,True,ortholog_one2one
PECAM1,ENSSSCG00000017277,ENSG00000261371,True,ortholog_one2one
PECR,ENSSSCG00000022758,ENSG00000115425,True,ortholog_one2one
PEDS1,ENSSSCG00000027287,ENSG00000240849,True,ortholog_one2one
PEG10,ENSSSCG00000036049,ENSG00000242265,True,ortholog_one2one
PEG3,ENSSSCG00000003326,ENSG00000198300,True,ortholog_one2one
PELI1,ENSSSCG00000028947,ENSG00000197329,True,ortholog_one2one
PELI2,ENSSSCG00000033800,ENSG00000139946,True,ortholog_one2one
PELO,ENSSSCG00000016884,ENSG00000152684,True,ortholog_one2one
PER1,ENSSSCG00000017983,ENSG00000179094,True,ortholog_one2one
PER2,ENSSSCG00000016338,ENSG00000132326,True,ortholog_one2one
PERP,ENSSSCG00000038420,ENSG00000112378,True,ortholog_one2one
PES1,ENSSSCG00000010010,ENSG00000100029,True,ortholog_one2one
PET100,ENSSSCG00000034876,ENSG00000229833,True,ortholog_one2one
PEX1,ENSSSCG00000029967,ENSG00000127980,True,ortholog_one2one
PEX10,ENSSSCG00000027916,ENSG00000157911,True,ortholog_one2one
PEX11A,ENSSSCG00000027052,ENSG00000166821,True,ortholog_one2one
PEX11G,ENSSSCG00000013569,ENSG00000104883,True,ortholog_one2one
PEX12,ENSSSCG00000017713,ENSG00000108733,True,ortholog_one2one
PEX14,ENSSSCG00000003405,ENSG00000142655,True,ortholog_one2one
PEX16,ENSSSCG00000013267,ENSG00000121680,True,ortholog_one2one
PEX19,ENSSSCG00000023091,ENSG00000162735,True,ortholog_one2one
PFDN1,ENSSSCG00000038493,ENSG00000113068,True,ortholog_one2one
PFDN5,ENSSSCG00000000267,ENSG00000123349,True,ortholog_one2one
PFKL,ENSSSCG00000028197,ENSG00000141959,True,ortholog_one2one
PFN4,ENSSSCG00000008585,ENSG00000176732,True,ortholog_one2one
PGAM2,ENSSSCG00000016720,ENSG00000164708,True,ortholog_one2one
PGAM5,ENSSSCG00000035618,ENSG00000247077,True,ortholog_one2one
PGAP1,ENSSSCG00000016073,ENSG00000197121,True,ortholog_one2one
PGAP2,ENSSSCG00000035653,ENSG00000148985,True,ortholog_one2one
PGAP3,ENSSSCG00000017502,ENSG00000161395,True,ortholog_one2one
PGAP4,ENSSSCG00000029687,ENSG00000165152,True,ortholog_one2one
PGBD1,ENSSSCG00000001207,ENSG00000137338,True,ortholog_one2one
PGBD5,ENSSSCG00000021027,ENSG00000177614,True,ortholog_one2one
PGC,ENSSSCG00000001625,ENSG00000096088,True,ortholog_one2one
PGD,ENSSSCG00000003402,ENSG00000142657,True,ortholog_one2one
PGK2,ENSSSCG00000001738,ENSG00000170950,True,ortholog_one2one
PGM2L1,ENSSSCG00000014838,ENSG00000165434,True,ortholog_one2one
PGM3,ENSSSCG00000004456,ENSG00000013375,True,ortholog_one2one
PGM5,ENSSSCG00000005243,ENSG00000154330,True,ortholog_one2one
PGP,ENSSSCG00000036614,ENSG00000184207,True,ortholog_one2one
PGPEP1,ENSSSCG00000039684,ENSG00000130517,True,ortholog_one2one
PGR,ENSSSCG00000014977,ENSG00000082175,True,ortholog_one2one
PGRMC1,ENSSSCG00000012625,ENSG00000101856,True,ortholog_one2one
PGRMC2,ENSSSCG00000009072,ENSG00000164040,True,ortholog_one2one
PGS1,ENSSSCG00000036308,ENSG00000087157,True,ortholog_one2one
PHACTR1,ENSSSCG00000001052,ENSG00000112137,True,ortholog_one2one
PHACTR2,ENSSSCG00000004132,ENSG00000112419,True,ortholog_one2one
PHACTR4,ENSSSCG00000028973,ENSG00000204138,True,ortholog_one2one
PHAF1,ENSSSCG00000040749,ENSG00000125149,True,ortholog_one2one
PHAX,ENSSSCG00000014244,ENSG00000164902,True,ortholog_one2one
PHF20,ENSSSCG00000007311,ENSG00000025293,True,ortholog_one2one
PHF20L1,ENSSSCG00000005950,ENSG00000129292,True,ortholog_one2one
PHF21A,ENSSSCG00000023974,ENSG00000135365,True,ortholog_one2one
PHF21B,ENSSSCG00000000020,ENSG00000056487,True,ortholog_one2one
PHF8,ENSSSCG00000012329,ENSG00000172943,True,ortholog_one2one
PHGDH,ENSSSCG00000006717,ENSG00000092621,True,ortholog_one2one
PHIP,ENSSSCG00000004473,ENSG00000146247,True,ortholog_one2one
PHKA1,ENSSSCG00000012411,ENSG00000067177,True,ortholog_one2one
PHKB,ENSSSCG00000002844,ENSG00000102893,True,ortholog_one2one
PHKG2,ENSSSCG00000007788,ENSG00000156873,True,ortholog_one2one
PHLDA1,ENSSSCG00000044141,ENSG00000139289,True,ortholog_one2one
PHLDA2,ENSSSCG00000021597,ENSG00000181649,True,ortholog_one2one
PHLDB1,ENSSSCG00000024578,ENSG00000019144,True,ortholog_one2one
PHLPP1,ENSSSCG00000004896,ENSG00000081913,True,ortholog_one2one
PHLPP2,ENSSSCG00000002739,ENSG00000040199,True,ortholog_one2one
PHTF1,ENSSSCG00000006766,ENSG00000116793,True,ortholog_one2one
PHYHIP,ENSSSCG00000009621,ENSG00000168490,True,ortholog_one2one
PHYHIPL,ENSSSCG00000039215,ENSG00000165443,True,ortholog_one2one
PHYKPL,ENSSSCG00000014030,ENSG00000175309,True,ortholog_one2one
PI15,ENSSSCG00000006172,ENSG00000137558,True,ortholog_one2one
PI16,ENSSSCG00000001570,ENSG00000164530,True,ortholog_one2one
PI4K2A,ENSSSCG00000010525,ENSG00000155252,True,ortholog_one2one
PI4K2B,ENSSSCG00000027340,ENSG00000038210,True,ortholog_one2one
PI4KB,ENSSSCG00000006626,ENSG00000143393,True,ortholog_one2one
PIANP,ENSSSCG00000000692,ENSG00000139200,True,ortholog_one2one
PIAS1,ENSSSCG00000004958,ENSG00000033800,True,ortholog_one2one
PIAS2,ENSSSCG00000034730,ENSG00000078043,True,ortholog_one2one
PIAS3,ENSSSCG00000006689,ENSG00000131788,True,ortholog_one2one
PIAS4,ENSSSCG00000022066,ENSG00000105229,True,ortholog_one2one
PIBF1,ENSSSCG00000024722,ENSG00000083535,True,ortholog_one2one
PIERCE1,ENSSSCG00000036914,ENSG00000160345,True,ortholog_one2one
PIGP,ENSSSCG00000012061,ENSG00000185808,True,ortholog_one2one
PIGT,ENSSSCG00000021861,ENSG00000124155,True,ortholog_one2one
PIGU,ENSSSCG00000007282,ENSG00000101464,True,ortholog_one2one
PIGV,ENSSSCG00000040007,ENSG00000060642,True,ortholog_one2one
PIGX,ENSSSCG00000026934,ENSG00000163964,True,ortholog_one2one
PIH1D1,ENSSSCG00000003169,ENSG00000104872,True,ortholog_one2one
PIH1D2,ENSSSCG00000015031,ENSG00000150773,True,ortholog_one2one
PIK3AP1,ENSSSCG00000010509,ENSG00000155629,True,ortholog_one2one
PIK3C2A,ENSSSCG00000025406,ENSG00000011405,True,ortholog_one2one
PIK3C2G,ENSSSCG00000000591,ENSG00000139144,True,ortholog_one2one
PIK3C3,ENSSSCG00000003749,ENSG00000078142,True,ortholog_one2one
PIK3CA,ENSSSCG00000030413,ENSG00000121879,True,ortholog_one2one
PIK3CB,ENSSSCG00000021203,ENSG00000051382,True,ortholog_one2one
PIK3CD,ENSSSCG00000003395,ENSG00000171608,True,ortholog_one2one
PIP4P2,ENSSSCG00000006121,ENSG00000155099,True,ortholog_one2one
PIP5K1A,ENSSSCG00000030547,ENSG00000143398,True,ortholog_one2one
PIP5K1B,ENSSSCG00000027161,ENSG00000107242,True,ortholog_one2one
PIP5K1C,ENSSSCG00000013490,ENSG00000186111,True,ortholog_one2one
PIP5KL1,ENSSSCG00000005629,ENSG00000167103,True,ortholog_one2one
PIR,ENSSSCG00000012136,ENSG00000087842,True,ortholog_one2one
PIRT,ENSSSCG00000037179,ENSG00000233670,True,ortholog_one2one
PISD,ENSSSCG00000010032,ENSG00000241878,True,ortholog_one2one
PITHD1,ENSSSCG00000023495,ENSG00000057757,True,ortholog_one2one
PITPNA,ENSSSCG00000025248,ENSG00000174238,True,ortholog_one2one
PITPNB,ENSSSCG00000009967,ENSG00000180957,True,ortholog_one2one
PITPNM1,ENSSSCG00000012903,ENSG00000110697,True,ortholog_one2one
PITPNM3,ENSSSCG00000017890,ENSG00000091622,True,ortholog_one2one
PITX2,ENSSSCG00000034708,ENSG00000164093,True,ortholog_one2one
PIWIL1,ENSSSCG00000009749,ENSG00000125207,True,ortholog_one2one
PIWIL2,ENSSSCG00000030228,ENSG00000197181,True,ortholog_one2one
PKD1,ENSSSCG00000008041,ENSG00000008710,True,ortholog_one2one
PKDCC,ENSSSCG00000008468,ENSG00000162878,True,ortholog_one2one
PKHD1,ENSSSCG00000001746,ENSG00000170927,True,ortholog_one2one
PKHD1L1,ENSSSCG00000006025,ENSG00000205038,True,ortholog_one2one
PKIA,ENSSSCG00000006163,ENSG00000171033,True,ortholog_one2one
PKIB,ENSSSCG00000004236,ENSG00000135549,True,ortholog_one2one
PKIG,ENSSSCG00000022998,ENSG00000168734,True,ortholog_one2one
PKM,ENSSSCG00000001930,ENSG00000067225,True,ortholog_one2one
PKN1,ENSSSCG00000013779,ENSG00000123143,True,ortholog_one2one
PKN2,ENSSSCG00000006927,ENSG00000065243,True,ortholog_one2one
PKN3,ENSSSCG00000005657,ENSG00000160447,True,ortholog_one2one
PKNOX1,ENSSSCG00000037663,ENSG00000160199,True,ortholog_one2one
PKNOX2,ENSSSCG00000015211,ENSG00000165495,True,ortholog_one2one
PKP2,ENSSSCG00000000528,ENSG00000057294,True,ortholog_one2one
PLA2G4B,ENSSSCG00000004737,ENSG00000243708,True,ortholog_one2one
PLA2G4E,ENSSSCG00000037292,ENSG00000188089,True,ortholog_one2one
PLA2G4F,ENSSSCG00000004732,ENSG00000168907,True,ortholog_one2one
PLA2G5,ENSSSCG00000034429,ENSG00000127472,True,ortholog_one2one
PLA2G7,ENSSSCG00000001723,ENSG00000146070,True,ortholog_one2one
PLA2R1,ENSSSCG00000015885,ENSG00000153246,True,ortholog_one2one
PLAA,ENSSSCG00000005126,ENSG00000137055,True,ortholog_one2one
PLAAT1,ENSSSCG00000036094,ENSG00000127252,True,ortholog_one2one
PLAAT3,ENSSSCG00000026914,ENSG00000176485,True,ortholog_one2one
PLAC1,ENSSSCG00000031207,ENSG00000170965,True,ortholog_one2one
PLAC8L1,ENSSSCG00000014408,ENSG00000173261,True,ortholog_one2one
PLAC9,ENSSSCG00000010332,ENSG00000189129,True,ortholog_one2one
PLAG1,ENSSSCG00000006247,ENSG00000181690,True,ortholog_one2one
PLAGL1,ENSSSCG00000004127,ENSG00000118495,True,ortholog_one2one
PLAUR,ENSSSCG00000032434,ENSG00000011422,True,ortholog_one2one
PLB1,ENSSSCG00000034756,ENSG00000163803,True,ortholog_one2one
PLCG1,ENSSSCG00000007356,ENSG00000124181,True,ortholog_one2one
PLCG2,ENSSSCG00000002688,ENSG00000197943,True,ortholog_one2one
PLCH1,ENSSSCG00000026718,ENSG00000114805,True,ortholog_one2one
PLCH2,ENSSSCG00000029744,ENSG00000149527,True,ortholog_one2one
PLCL1,ENSSSCG00000016083,ENSG00000115896,True,ortholog_one2one
PLCL2,ENSSSCG00000029811,ENSG00000154822,True,ortholog_one2one
PLCXD3,ENSSSCG00000033993,ENSG00000182836,True,ortholog_one2one
PLCZ1,ENSSSCG00000000590,ENSG00000139151,True,ortholog_one2one
PLD1,ENSSSCG00000011750,ENSG00000075651,True,ortholog_one2one
PLD2,ENSSSCG00000017912,ENSG00000129219,True,ortholog_one2one
PLD3,ENSSSCG00000025109,ENSG00000105223,True,ortholog_one2one
PLD4,ENSSSCG00000002554,ENSG00000166428,True,ortholog_one2one
PLD6,ENSSSCG00000039878,ENSG00000179598,True,ortholog_one2one
PLEC,ENSSSCG00000039094,ENSG00000178209,True,ortholog_one2one
PLEK,ENSSSCG00000008348,ENSG00000115956,True,ortholog_one2one
PLEKHA1,ENSSSCG00000010702,ENSG00000107679,True,ortholog_one2one
PLEKHA2,ENSSSCG00000033367,ENSG00000169499,True,ortholog_one2one
PLEKHG3,ENSSSCG00000002276,ENSG00000126822,True,ortholog_one2one
PLEKHG4,ENSSSCG00000002782,ENSG00000196155,True,ortholog_one2one
PLEKHG5,ENSSSCG00000003376,ENSG00000171680,True,ortholog_one2one
PLEKHG6,ENSSSCG00000000709,ENSG00000008323,True,ortholog_one2one
PLEKHH1,ENSSSCG00000002292,ENSG00000054690,True,ortholog_one2one
PLEKHH2,ENSSSCG00000008456,ENSG00000152527,True,ortholog_one2one
PLEKHH3,ENSSSCG00000017391,ENSG00000068137,True,ortholog_one2one
PLEKHJ1,ENSSSCG00000013453,ENSG00000104886,True,ortholog_one2one
PLEKHM1,ENSSSCG00000017325,ENSG00000225190,True,ortholog_one2one
PLEKHM2,ENSSSCG00000003468,ENSG00000116786,True,ortholog_one2one
PLEKHM3,ENSSSCG00000016141,ENSG00000178385,True,ortholog_one2one
PLEKHN1,ENSSSCG00000030000,ENSG00000187583,True,ortholog_one2one
PLEKHO1,ENSSSCG00000022784,ENSG00000023902,True,ortholog_one2one
PLEKHO2,ENSSSCG00000004547,ENSG00000241839,True,ortholog_one2one
PLET1,ENSSSCG00000032149,ENSG00000188771,True,ortholog_one2one
PLLP,ENSSSCG00000002818,ENSG00000102934,True,ortholog_one2one
PLPBP,ENSSSCG00000015826,ENSG00000147471,True,ortholog_one2one
PLPP1,ENSSSCG00000016912,ENSG00000067113,True,ortholog_one2one
PLPP2,ENSSSCG00000014004,ENSG00000141934,True,ortholog_one2one
PLPP3,ENSSSCG00000003839,ENSG00000162407,True,ortholog_one2one
PLPP4,ENSSSCG00000010691,ENSG00000203805,True,ortholog_one2one
PLPP5,ENSSSCG00000015819,ENSG00000147535,True,ortholog_one2one
PLPP6,ENSSSCG00000005220,ENSG00000205808,True,ortholog_one2one
PLPP7,ENSSSCG00000005713,ENSG00000160539,True,ortholog_one2one
PLPPR1,ENSSSCG00000005393,ENSG00000148123,True,ortholog_one2one
PLPPR3,ENSSSCG00000037432,ENSG00000129951,True,ortholog_one2one
PLPPR5,ENSSSCG00000006876,ENSG00000117598,True,ortholog_one2one
PLS1,ENSSSCG00000011680,ENSG00000120756,True,ortholog_one2one
PLS3,ENSSSCG00000012597,ENSG00000102024,True,ortholog_one2one
PLSCR1,ENSSSCG00000035634,ENSG00000188313,True,ortholog_one2one
PLXNA2,ENSSSCG00000026412,ENSG00000076356,True,ortholog_one2one
PLXNB1,ENSSSCG00000011346,ENSG00000164050,True,ortholog_one2one
PM20D2,ENSSSCG00000004314,ENSG00000146281,True,ortholog_one2one
PMAIP1,ENSSSCG00000026454,ENSG00000141682,True,ortholog_one2one
PMEL,ENSSSCG00000000371,ENSG00000185664,True,ortholog_one2one
PMEPA1,ENSSSCG00000034259,ENSG00000124225,True,ortholog_one2one
PMFBP1,ENSSSCG00000002747,ENSG00000118557,True,ortholog_one2one
PML,ENSSSCG00000001912,ENSG00000140464,True,ortholog_one2one
PMM1,ENSSSCG00000000061,ENSG00000100417,True,ortholog_one2one
PMP22,ENSSSCG00000037832,ENSG00000109099,True,ortholog_one2one
PMPCB,ENSSSCG00000015422,ENSG00000105819,True,ortholog_one2one
PMS1,ENSSSCG00000016045,ENSG00000064933,True,ortholog_one2one
PMS2,ENSSSCG00000007590,ENSG00000122512,True,ortholog_one2one
PNISR,ENSSSCG00000037594,ENSG00000132424,True,ortholog_one2one
PNMT,ENSSSCG00000017501,ENSG00000141744,True,ortholog_one2one
PNN,ENSSSCG00000022828,ENSG00000100941,True,ortholog_one2one
PNPLA1,ENSSSCG00000001559,ENSG00000180316,True,ortholog_one2one
PNPLA2,ENSSSCG00000012841,ENSG00000177666,True,ortholog_one2one
PNPLA3,ENSSSCG00000027266,ENSG00000100344,True,ortholog_one2one
PNPLA6,ENSSSCG00000013572,ENSG00000032444,True,ortholog_one2one
PNPLA7,ENSSSCG00000034978,ENSG00000130653,True,ortholog_one2one
PNPLA8,ENSSSCG00000015446,ENSG00000135241,True,ortholog_one2one
PNPO,ENSSSCG00000032782,ENSG00000108439,True,ortholog_one2one
PNPT1,ENSSSCG00000031882,ENSG00000138035,True,ortholog_one2one
PNRC1,ENSSSCG00000039953,ENSG00000146278,True,ortholog_one2one
PNRC2,ENSSSCG00000023326,ENSG00000189266,True,ortholog_one2one
POC1A,ENSSSCG00000011426,ENSG00000164087,True,ortholog_one2one
POC1B,ENSSSCG00000000920,ENSG00000139323,True,ortholog_one2one
POC5,ENSSSCG00000014084,ENSG00000152359,True,ortholog_one2one
PODNL1,ENSSSCG00000013762,ENSG00000132000,True,ortholog_one2one
POF1B,ENSSSCG00000012462,ENSG00000124429,True,ortholog_one2one
POFUT1,ENSSSCG00000007244,ENSG00000101346,True,ortholog_one2one
POFUT2,ENSSSCG00000012088,ENSG00000186866,True,ortholog_one2one
POLD4,ENSSSCG00000012916,ENSG00000175482,True,ortholog_one2one
POLDIP2,ENSSSCG00000028920,ENSG00000004142,True,ortholog_one2one
POLDIP3,ENSSSCG00000000039,ENSG00000100227,True,ortholog_one2one
POLE,ENSSSCG00000033051,ENSG00000177084,True,ortholog_one2one
POLE2,ENSSSCG00000005008,ENSG00000100479,True,ortholog_one2one
POLE3,ENSSSCG00000005478,ENSG00000148229,True,ortholog_one2one
POLE4,ENSSSCG00000038307,ENSG00000115350,True,ortholog_one2one
POLG,ENSSSCG00000001838,ENSG00000140521,True,ortholog_one2one
POLG2,ENSSSCG00000036057,ENSG00000256525,True,ortholog_one2one
POLH,ENSSSCG00000001683,ENSG00000170734,True,ortholog_one2one
POLI,ENSSSCG00000004529,ENSG00000101751,True,ortholog_one2one
POLK,ENSSSCG00000014082,ENSG00000122008,True,ortholog_one2one
POLR2A,ENSSSCG00000028278,ENSG00000181222,True,ortholog_one2one
POLR2B,ENSSSCG00000022955,ENSG00000047315,True,ortholog_one2one
POLR2D,ENSSSCG00000039230,ENSG00000144231,True,ortholog_one2one
POLR2F,ENSSSCG00000000116,ENSG00000100142,True,ortholog_one2one
POLR2G,ENSSSCG00000025571,ENSG00000168002,True,ortholog_one2one
POLR2H,ENSSSCG00000022507,ENSG00000163882,True,ortholog_one2one
POLR2K,ENSSSCG00000021180,ENSG00000147669,True,ortholog_one2one
POLR2M,ENSSSCG00000030605,ENSG00000255529,True,ortholog_one2one
POLR3A,ENSSSCG00000010327,ENSG00000148606,True,ortholog_one2one
POLR3C,ENSSSCG00000006691,ENSG00000186141,True,ortholog_one2one
POLR3D,ENSSSCG00000009622,ENSG00000168495,True,ortholog_one2one
POLR3E,ENSSSCG00000007840,ENSG00000058600,True,ortholog_one2one
POLR3F,ENSSSCG00000007095,ENSG00000132664,True,ortholog_one2one
POLR3H,ENSSSCG00000000063,ENSG00000100413,True,ortholog_one2one
PON3,ENSSSCG00000029515,ENSG00000105852,True,ortholog_one2one
POP4,ENSSSCG00000002854,ENSG00000105171,True,ortholog_one2one
POPDC3,ENSSSCG00000004367,ENSG00000132429,True,ortholog_one2one
POR,ENSSSCG00000038320,ENSG00000127948,True,ortholog_one2one
PORCN,ENSSSCG00000024793,ENSG00000102312,True,ortholog_one2one
POSTN,ENSSSCG00000009361,ENSG00000133110,True,ortholog_one2one
POT1,ENSSSCG00000016597,ENSG00000128513,True,ortholog_one2one
POU1F1,ENSSSCG00000011996,ENSG00000064835,True,ortholog_one2one
POU2AF2,ENSSSCG00000015018,ENSG00000150750,True,ortholog_one2one
POU2F1,ENSSSCG00000006310,ENSG00000143190,True,ortholog_one2one
POU2F2,ENSSSCG00000037132,ENSG00000028277,True,ortholog_one2one
POU3F1,ENSSSCG00000003646,ENSG00000185668,True,ortholog_one2one
POU3F3,ENSSSCG00000022096,ENSG00000198914,True,ortholog_one2one
POU3F4,ENSSSCG00000012454,ENSG00000196767,True,ortholog_one2one
POU4F1,ENSSSCG00000025334,ENSG00000152192,True,ortholog_one2one
PP2D1,ENSSSCG00000027327,ENSG00000183977,True,ortholog_one2one
PPARGC1B,ENSSSCG00000014437,ENSG00000155846,True,ortholog_one2one
PPCDC,ENSSSCG00000027478,ENSG00000138621,True,ortholog_one2one
PPEF2,ENSSSCG00000008972,ENSG00000156194,True,ortholog_one2one
PPFIA1,ENSSSCG00000037451,ENSG00000131626,True,ortholog_one2one
PPFIA2,ENSSSCG00000000940,ENSG00000139220,True,ortholog_one2one
PPFIA3,ENSSSCG00000022324,ENSG00000177380,True,ortholog_one2one
PPFIA4,ENSSSCG00000015474,ENSG00000143847,True,ortholog_one2one
PPFIBP1,ENSSSCG00000000549,ENSG00000110841,True,ortholog_one2one
PPFIBP2,ENSSSCG00000014598,ENSG00000166387,True,ortholog_one2one
PPHLN1,ENSSSCG00000000793,ENSG00000134283,True,ortholog_one2one
PPIC,ENSSSCG00000031128,ENSG00000168938,True,ortholog_one2one
PPID,ENSSSCG00000008878,ENSG00000171497,True,ortholog_one2one
PPIE,ENSSSCG00000003664,ENSG00000084072,True,ortholog_one2one
PPIF,ENSSSCG00000010330,ENSG00000108179,True,ortholog_one2one
PPIG,ENSSSCG00000031123,ENSG00000138398,True,ortholog_one2one
PPM1A,ENSSSCG00000005084,ENSG00000100614,True,ortholog_one2one
PPM1F,ENSSSCG00000010079,ENSG00000100034,True,ortholog_one2one
PPM1G,ENSSSCG00000027135,ENSG00000115241,True,ortholog_one2one
PPM1H,ENSSSCG00000036751,ENSG00000111110,True,ortholog_one2one
PPM1J,ENSSSCG00000006774,ENSG00000155367,True,ortholog_one2one
PPM1K,ENSSSCG00000038867,ENSG00000163644,True,ortholog_one2one
PPM1L,ENSSSCG00000023434,ENSG00000163590,True,ortholog_one2one
PPM1M,ENSSSCG00000011434,ENSG00000164088,True,ortholog_one2one
PPM1N,ENSSSCG00000037001,ENSG00000213889,True,ortholog_one2one
PPP1CA,ENSSSCG00000012913,ENSG00000172531,True,ortholog_one2one
PPP1CB,ENSSSCG00000008540,ENSG00000213639,True,ortholog_one2one
PPP1R12A,ENSSSCG00000038973,ENSG00000058272,True,ortholog_one2one
PPP1R12B,ENSSSCG00000010925,ENSG00000077157,True,ortholog_one2one
PPP1R13B,ENSSSCG00000002544,ENSG00000088808,True,ortholog_one2one
PPP1R14D,ENSSSCG00000004760,ENSG00000166143,True,ortholog_one2one
PPP1R1A,ENSSSCG00000000298,ENSG00000135447,True,ortholog_one2one
PPP1R26,ENSSSCG00000005761,ENSG00000196422,True,ortholog_one2one
PPP1R35,ENSSSCG00000007652,ENSG00000160813,True,ortholog_one2one
PPP1R36,ENSSSCG00000002275,ENSG00000165807,True,ortholog_one2one
PPP1R37,ENSSSCG00000037056,ENSG00000104866,True,ortholog_one2one
PPP1R3A,ENSSSCG00000016640,ENSG00000154415,True,ortholog_one2one
PPP1R3B,ENSSSCG00000022797,ENSG00000173281,True,ortholog_one2one
PPP1R3C,ENSSSCG00000010464,ENSG00000119938,True,ortholog_one2one
PPP1R3D,ENSSSCG00000007530,ENSG00000132825,True,ortholog_one2one
PPP1R3F,ENSSSCG00000022584,ENSG00000049769,True,ortholog_one2one
PPP1R3G,ENSSSCG00000000997,ENSG00000219607,True,ortholog_one2one
PPP1R42,ENSSSCG00000006204,ENSG00000178125,True,ortholog_one2one
PPP1R7,ENSSSCG00000016376,ENSG00000115685,True,ortholog_one2one
PPP1R8,ENSSSCG00000021634,ENSG00000117751,True,ortholog_one2one
PPP1R9A,ENSSSCG00000015329,ENSG00000158528,True,ortholog_one2one
PPP2R3B,ENSSSCG00000032029,ENSG00000167393,True,ortholog_one2one
PPP2R5E,ENSSSCG00000026382,ENSG00000154001,True,ortholog_one2one
PPP3CA,ENSSSCG00000009172,ENSG00000138814,True,ortholog_one2one
PPP3R1,ENSSSCG00000036115,ENSG00000221823,True,ortholog_one2one
PPP4C,ENSSSCG00000036817,ENSG00000149923,True,ortholog_one2one
PPP4R1,ENSSSCG00000003679,ENSG00000154845,True,ortholog_one2one
PPP4R2,ENSSSCG00000037216,ENSG00000163605,True,ortholog_one2one
PPP4R3A,ENSSSCG00000002441,ENSG00000100796,True,ortholog_one2one
PPP4R3C,ENSSSCG00000012191,ENSG00000224960,True,ortholog_one2one
PPP4R4,ENSSSCG00000002474,ENSG00000119698,True,ortholog_one2one
PPP5C,ENSSSCG00000003098,ENSG00000011485,True,ortholog_one2one
PPP6R1,ENSSSCG00000003301,ENSG00000105063,True,ortholog_one2one
PPP6R2,ENSSSCG00000000970,ENSG00000100239,True,ortholog_one2one
PPP6R3,ENSSSCG00000012884,ENSG00000110075,True,ortholog_one2one
PPRC1,ENSSSCG00000010575,ENSG00000148840,True,ortholog_one2one
PPT1,ENSSSCG00000036673,ENSG00000131238,True,ortholog_one2one
PPWD1,ENSSSCG00000016945,ENSG00000113593,True,ortholog_one2one
PPY,ENSSSCG00000017368,ENSG00000108849,True,ortholog_one2one
PRCD,ENSSSCG00000028604,ENSG00000214140,True,ortholog_one2one
PRCP,ENSSSCG00000014899,ENSG00000137509,True,ortholog_one2one
PRDM1,ENSSSCG00000004369,ENSG00000057657,True,ortholog_one2one
PRDM10,ENSSSCG00000015243,ENSG00000170325,True,ortholog_one2one
PRDM11,ENSSSCG00000013276,ENSG00000019485,True,ortholog_one2one
PRDM12,ENSSSCG00000005703,ENSG00000130711,True,ortholog_one2one
PRDM13,ENSSSCG00000004354,ENSG00000112238,True,ortholog_one2one
PRDM14,ENSSSCG00000006195,ENSG00000147596,True,ortholog_one2one
PRDM15,ENSSSCG00000012084,ENSG00000141956,True,ortholog_one2one
PRDM4,ENSSSCG00000000160,ENSG00000110851,True,ortholog_one2one
PRDM5,ENSSSCG00000009101,ENSG00000138738,True,ortholog_one2one
PRDM6,ENSSSCG00000014238,ENSG00000061455,True,ortholog_one2one
PRDM7,ENSSSCG00000026662,ENSG00000126856,True,ortholog_one2one
PRDM8,ENSSSCG00000036555,ENSG00000152784,True,ortholog_one2one
PRDX1,ENSSSCG00000003914,ENSG00000117450,True,ortholog_one2one
PRDX3,ENSSSCG00000010682,ENSG00000165672,True,ortholog_one2one
PRELID3A,ENSSSCG00000036781,ENSG00000141391,True,ortholog_one2one
PRELP,ENSSSCG00000015271,ENSG00000188783,True,ortholog_one2one
PREP,ENSSSCG00000004368,ENSG00000085377,True,ortholog_one2one
PREPL,ENSSSCG00000008448,ENSG00000138078,True,ortholog_one2one
PREX1,ENSSSCG00000031118,ENSG00000124126,True,ortholog_one2one
PREX2,ENSSSCG00000006199,ENSG00000046889,True,ortholog_one2one
PRF1,ENSSSCG00000010271,ENSG00000180644,True,ortholog_one2one
PRICKLE1,ENSSSCG00000034491,ENSG00000139174,True,ortholog_one2one
PRICKLE2,ENSSSCG00000011495,ENSG00000163637,True,ortholog_one2one
PRICKLE3,ENSSSCG00000012293,ENSG00000012211,True,ortholog_one2one
PRIM1,ENSSSCG00000026055,ENSG00000198056,True,ortholog_one2one
PRIM2,ENSSSCG00000001493,ENSG00000146143,True,ortholog_one2one
PRIMPOL,ENSSSCG00000015786,ENSG00000164306,True,ortholog_one2one
PRKAA1,ENSSSCG00000024598,ENSG00000132356,True,ortholog_one2one
PRKAR1A,ENSSSCG00000017259,ENSG00000108946,True,ortholog_one2one
PRKAR1B,ENSSSCG00000007542,ENSG00000188191,True,ortholog_one2one
PRKAR2A,ENSSSCG00000011363,ENSG00000114302,True,ortholog_one2one
PRKAR2B,ENSSSCG00000037706,ENSG00000005249,True,ortholog_one2one
PRKCA,ENSSSCG00000017268,ENSG00000154229,True,ortholog_one2one
PRKCB,ENSSSCG00000033674,ENSG00000166501,True,ortholog_one2one
PRKCD,ENSSSCG00000023503,ENSG00000163932,True,ortholog_one2one
PRKCE,ENSSSCG00000008444,ENSG00000171132,True,ortholog_one2one
PRKCH,ENSSSCG00000005095,ENSG00000027075,True,ortholog_one2one
PRKCI,ENSSSCG00000011745,ENSG00000163558,True,ortholog_one2one
PRKCQ,ENSSSCG00000011131,ENSG00000065675,True,ortholog_one2one
PRKCSH,ENSSSCG00000013627,ENSG00000130175,True,ortholog_one2one
PRKCZ,ENSSSCG00000030361,ENSG00000067606,True,ortholog_one2one
PRKD1,ENSSSCG00000001975,ENSG00000184304,True,ortholog_one2one
PRKD2,ENSSSCG00000026152,ENSG00000105287,True,ortholog_one2one
PRMT3,ENSSSCG00000013347,ENSG00000185238,True,ortholog_one2one
PRND,ENSSSCG00000032923,ENSG00000171864,True,ortholog_one2one
PRNP,ENSSSCG00000048919,ENSG00000171867,True,ortholog_one2one
PROC,ENSSSCG00000023693,ENSG00000115718,True,ortholog_one2one
PROCA1,ENSSSCG00000017770,ENSG00000167525,True,ortholog_one2one
PRODH2,ENSSSCG00000002913,ENSG00000250799,True,ortholog_one2one
PROK2,ENSSSCG00000026200,ENSG00000163421,True,ortholog_one2one
PROKR1,ENSSSCG00000038148,ENSG00000169618,True,ortholog_one2one
PROKR2,ENSSSCG00000037063,ENSG00000101292,True,ortholog_one2one
PROM1,ENSSSCG00000008745,ENSG00000007062,True,ortholog_one2one
PROM2,ENSSSCG00000008118,ENSG00000155066,True,ortholog_one2one
PROP1,ENSSSCG00000029569,ENSG00000175325,True,ortholog_one2one
PRORP,ENSSSCG00000001950,ENSG00000100890,True,ortholog_one2one
PROS1,ENSSSCG00000025463,ENSG00000184500,True,ortholog_one2one
PROSER1,ENSSSCG00000040697,ENSG00000120685,True,ortholog_one2one
PROSER2,ENSSSCG00000022247,ENSG00000148426,True,ortholog_one2one
PROX2,ENSSSCG00000002373,ENSG00000119608,True,ortholog_one2one
PRPH,ENSSSCG00000000195,ENSG00000135406,True,ortholog_one2one
PRPH2,ENSSSCG00000031628,ENSG00000112619,True,ortholog_one2one
PRPS1,ENSSSCG00000012560,ENSG00000147224,True,ortholog_one2one
PRPSAP1,ENSSSCG00000017184,ENSG00000161542,True,ortholog_one2one
PRPSAP2,ENSSSCG00000018049,ENSG00000141127,True,ortholog_one2one
PRR11,ENSSSCG00000024145,ENSG00000068489,True,ortholog_one2one
PRR13,ENSSSCG00000000273,ENSG00000205352,True,ortholog_one2one
PRR14,ENSSSCG00000007790,ENSG00000156858,True,ortholog_one2one
PRR14L,ENSSSCG00000010033,ENSG00000183530,True,ortholog_one2one
PRR15,ENSSSCG00000016686,ENSG00000176532,True,ortholog_one2one
PRR16,ENSSSCG00000039760,ENSG00000184838,True,ortholog_one2one
PRR19,ENSSSCG00000003024,ENSG00000188368,True,ortholog_one2one
PRR36,ENSSSCG00000013584,ENSG00000183248,True,ortholog_one2one
PRR5L,ENSSSCG00000013292,ENSG00000135362,True,ortholog_one2one
PRRC2C,ENSSSCG00000015480,ENSG00000117523,True,ortholog_one2one
PRRX1,ENSSSCG00000031503,ENSG00000116132,True,ortholog_one2one
PRSS21,ENSSSCG00000022744,ENSG00000007038,True,ortholog_one2one
PRSS22,ENSSSCG00000035594,ENSG00000005001,True,ortholog_one2one
PRSS23,ENSSSCG00000014921,ENSG00000150687,True,ortholog_one2one
PRSS27,ENSSSCG00000008062,ENSG00000172382,True,ortholog_one2one
PRSS33,ENSSSCG00000030518,ENSG00000103355,True,ortholog_one2one
PRSS35,ENSSSCG00000004452,ENSG00000146250,True,ortholog_one2one
PRSS36,ENSSSCG00000007760,ENSG00000178226,True,ortholog_one2one
PRSS37,ENSSSCG00000029612,ENSG00000165076,True,ortholog_one2one
PRSS48,ENSSSCG00000009017,ENSG00000189099,True,ortholog_one2one
PRSS53,ENSSSCG00000007765,ENSG00000151006,True,ortholog_one2one
PRSS54,ENSSSCG00000028587,ENSG00000103023,True,ortholog_one2one
PRSS57,ENSSSCG00000020780,ENSG00000185198,True,ortholog_one2one
PRSS8,ENSSSCG00000038600,ENSG00000052344,True,ortholog_one2one
PSAT1,ENSSSCG00000005287,ENSG00000135069,True,ortholog_one2one
PSEN1,ENSSSCG00000002340,ENSG00000080815,True,ortholog_one2one
PSEN2,ENSSSCG00000010860,ENSG00000143801,True,ortholog_one2one
PSENEN,ENSSSCG00000032059,ENSG00000205155,True,ortholog_one2one
PSIP1,ENSSSCG00000005183,ENSG00000164985,True,ortholog_one2one
PSKH1,ENSSSCG00000040313,ENSG00000159792,True,ortholog_one2one
PSMA1,ENSSSCG00000013391,ENSG00000129084,True,ortholog_one2one
PSMA2,ENSSSCG00000039582,ENSG00000106588,True,ortholog_one2one
PSMA3,ENSSSCG00000005072,ENSG00000100567,True,ortholog_one2one
PSMA4,ENSSSCG00000036924,ENSG00000041357,True,ortholog_one2one
PSMA5,ENSSSCG00000006830,ENSG00000143106,True,ortholog_one2one
PSMA7,ENSSSCG00000033332,ENSG00000101182,True,ortholog_one2one
PSMB10,ENSSSCG00000031781,ENSG00000205220,True,ortholog_one2one
PSMB11,ENSSSCG00000002038,ENSG00000222028,True,ortholog_one2one
PSMB2,ENSSSCG00000035914,ENSG00000126067,True,ortholog_one2one
PSMB4,ENSSSCG00000034984,ENSG00000159377,True,ortholog_one2one
PSMB6,ENSSSCG00000017913,ENSG00000142507,True,ortholog_one2one
PSMB7,ENSSSCG00000005590,ENSG00000136930,True,ortholog_one2one
PSMD13,ENSSSCG00000014559,ENSG00000185627,True,ortholog_one2one
PSMD6,ENSSSCG00000011494,ENSG00000163636,True,ortholog_one2one
PSMD7,ENSSSCG00000032908,ENSG00000103035,True,ortholog_one2one
PSMD8,ENSSSCG00000036658,ENSG00000099341,True,ortholog_one2one
PSMD9,ENSSSCG00000036483,ENSG00000110801,True,ortholog_one2one
PSME1,ENSSSCG00000002006,ENSG00000092010,True,ortholog_one2one
PSME2,ENSSSCG00000002004,ENSG00000100911,True,ortholog_one2one
PSME3,ENSSSCG00000017385,ENSG00000131467,True,ortholog_one2one
PSME3IP1,ENSSSCG00000034414,ENSG00000172775,True,ortholog_one2one
PSME4,ENSSSCG00000008412,ENSG00000068878,True,ortholog_one2one
PSPC1,ENSSSCG00000009569,ENSG00000121390,True,ortholog_one2one
PSPH,ENSSSCG00000007748,ENSG00000146733,True,ortholog_one2one
PSPN,ENSSSCG00000013540,ENSG00000125650,True,ortholog_one2one
PSRC1,ENSSSCG00000036975,ENSG00000134222,True,ortholog_one2one
PTCD3,ENSSSCG00000008225,ENSG00000132300,True,ortholog_one2one
PTDSS1,ENSSSCG00000006089,ENSG00000156471,True,ortholog_one2one
PTDSS2,ENSSSCG00000037427,ENSG00000174915,True,ortholog_one2one
PTER,ENSSSCG00000022953,ENSG00000165983,True,ortholog_one2one
PTF1A,ENSSSCG00000030662,ENSG00000168267,True,ortholog_one2one
PTGDR2,ENSSSCG00000013106,ENSG00000183134,True,ortholog_one2one
PTGER1,ENSSSCG00000013782,ENSG00000160951,True,ortholog_one2one
PTGER2,ENSSSCG00000021862,ENSG00000125384,True,ortholog_one2one
PTGER3,ENSSSCG00000003788,ENSG00000050628,True,ortholog_one2one
PTGER4,ENSSSCG00000024439,ENSG00000171522,True,ortholog_one2one
PTGES,ENSSSCG00000005688,ENSG00000148344,True,ortholog_one2one
PTGES2,ENSSSCG00000022655,ENSG00000148334,True,ortholog_one2one
PTGES3,ENSSSCG00000000406,ENSG00000110958,True,ortholog_one2one
PTGES3L,ENSSSCG00000035199,ENSG00000267060,True,ortholog_one2one
PTGFR,ENSSSCG00000039548,ENSG00000122420,True,ortholog_one2one
PTGIR,ENSSSCG00000026602,ENSG00000160013,True,ortholog_one2one
PTGIS,ENSSSCG00000007463,ENSG00000124212,True,ortholog_one2one
PTGR1,ENSSSCG00000021386,ENSG00000106853,True,ortholog_one2one
PTH,ENSSSCG00000013394,ENSG00000152266,True,ortholog_one2one
PTH1R,ENSSSCG00000011326,ENSG00000160801,True,ortholog_one2one
PTH2,ENSSSCG00000003171,ENSG00000142538,True,ortholog_one2one
PTH2R,ENSSSCG00000016148,ENSG00000144407,True,ortholog_one2one
PTHLH,ENSSSCG00000036893,ENSG00000087494,True,ortholog_one2one
PTK2,ENSSSCG00000038397,ENSG00000169398,True,ortholog_one2one
PTK2B,ENSSSCG00000009664,ENSG00000120899,True,ortholog_one2one
PTK7,ENSSSCG00000001660,ENSG00000112655,True,ortholog_one2one
PTMA,ENSSSCG00000037274,ENSG00000187514,True,ortholog_one2one
PTMS,ENSSSCG00000022176,ENSG00000159335,True,ortholog_one2one
PTN,ENSSSCG00000016522,ENSG00000105894,True,ortholog_one2one
PTOV1,ENSSSCG00000003196,ENSG00000104960,True,ortholog_one2one
PTP4A1,ENSSSCG00000025941,ENSG00000112245,True,ortholog_one2one
PTP4A2,ENSSSCG00000039885,ENSG00000184007,True,ortholog_one2one
PTP4A3,ENSSSCG00000036569,ENSG00000184489,True,ortholog_one2one
PTPA,ENSSSCG00000005672,ENSG00000119383,True,ortholog_one2one
PTPDC1,ENSSSCG00000021704,ENSG00000158079,True,ortholog_one2one
PTPMT1,ENSSSCG00000013226,ENSG00000110536,True,ortholog_one2one
PTPN1,ENSSSCG00000007469,ENSG00000196396,True,ortholog_one2one
PTPN11,ENSSSCG00000030289,ENSG00000179295,True,ortholog_one2one
PTPN12,ENSSSCG00000015411,ENSG00000127947,True,ortholog_one2one
PTPN13,ENSSSCG00000026655,ENSG00000163629,True,ortholog_one2one
PTPN14,ENSSSCG00000015582,ENSG00000152104,True,ortholog_one2one
PTPN18,ENSSSCG00000015735,ENSG00000072135,True,ortholog_one2one
PTPN2,ENSSSCG00000021738,ENSG00000175354,True,ortholog_one2one
PTPN20,ENSSSCG00000010377,ENSG00000204179,True,ortholog_one2one
PTPN21,ENSSSCG00000002425,ENSG00000070778,True,ortholog_one2one
PTPN22,ENSSSCG00000006764,ENSG00000134242,True,ortholog_one2one
PTPN23,ENSSSCG00000032957,ENSG00000076201,True,ortholog_one2one
PTPN3,ENSSSCG00000005449,ENSG00000070159,True,ortholog_one2one
PTPN4,ENSSSCG00000015743,ENSG00000088179,True,ortholog_one2one
PTPN9,ENSSSCG00000001878,ENSG00000169410,True,ortholog_one2one
PTPRA,ENSSSCG00000007166,ENSG00000132670,True,ortholog_one2one
PTPRB,ENSSSCG00000000504,ENSG00000127329,True,ortholog_one2one
PTPRCAP,ENSSSCG00000012909,ENSG00000213402,True,ortholog_one2one
PTPRD,ENSSSCG00000005194,ENSG00000153707,True,ortholog_one2one
PTPRE,ENSSSCG00000010755,ENSG00000132334,True,ortholog_one2one
PTPRF,ENSSSCG00000035849,ENSG00000142949,True,ortholog_one2one
PTPRG,ENSSSCG00000011485,ENSG00000144724,True,ortholog_one2one
PTPRH,ENSSSCG00000024567,ENSG00000080031,True,ortholog_one2one
PTPRJ,ENSSSCG00000023709,ENSG00000149177,True,ortholog_one2one
PTPRK,ENSSSCG00000004209,ENSG00000152894,True,ortholog_one2one
PTPRM,ENSSSCG00000028805,ENSG00000173482,True,ortholog_one2one
PTPRN2,ENSSSCG00000026661,ENSG00000155093,True,ortholog_one2one
PTPRO,ENSSSCG00000000601,ENSG00000151490,True,ortholog_one2one
PTPRR,ENSSSCG00000025969,ENSG00000153233,True,ortholog_one2one
PTPRT,ENSSSCG00000038990,ENSG00000196090,True,ortholog_one2one
PTPRU,ENSSSCG00000003590,ENSG00000060656,True,ortholog_one2one
PTPRZ1,ENSSSCG00000016614,ENSG00000106278,True,ortholog_one2one
PTRH1,ENSSSCG00000005615,ENSG00000187024,True,ortholog_one2one
PTRH2,ENSSSCG00000017667,ENSG00000141378,True,ortholog_one2one
PTS,ENSSSCG00000015040,ENSG00000150787,True,ortholog_one2one
PTX3,ENSSSCG00000011727,ENSG00000163661,True,ortholog_one2one
PTX4,ENSSSCG00000037262,ENSG00000251692,True,ortholog_one2one
PUF60,ENSSSCG00000038800,ENSG00000179950,True,ortholog_one2one
PUM1,ENSSSCG00000003591,ENSG00000134644,True,ortholog_one2one
PUM2,ENSSSCG00000008600,ENSG00000055917,True,ortholog_one2one
PUM3,ENSSSCG00000005227,ENSG00000080608,True,ortholog_one2one
PVRIG,ENSSSCG00000007656,ENSG00000213413,True,ortholog_one2one
PWP2,ENSSSCG00000029627,ENSG00000241945,True,ortholog_one2one
PXDN,ENSSSCG00000029570,ENSG00000130508,True,ortholog_one2one
PXK,ENSSSCG00000011474,ENSG00000168297,True,ortholog_one2one
PXMP2,ENSSSCG00000045726,ENSG00000176894,True,ortholog_one2one
PXMP4,ENSSSCG00000034625,ENSG00000101417,True,ortholog_one2one
PXN,ENSSSCG00000040546,ENSG00000089159,True,ortholog_one2one
PXYLP1,ENSSSCG00000011670,ENSG00000155893,True,ortholog_one2one
PYCR1,ENSSSCG00000034723,ENSG00000183010,True,ortholog_one2one
PYCR2,ENSSSCG00000010855,ENSG00000143811,True,ortholog_one2one
PYCR3,ENSSSCG00000032763,ENSG00000104524,True,ortholog_one2one
PYGL,ENSSSCG00000005024,ENSG00000100504,True,ortholog_one2one
PYGM,ENSSSCG00000013022,ENSG00000068976,True,ortholog_one2one
PYGO1,ENSSSCG00000004607,ENSG00000171016,True,ortholog_one2one
PYM1,ENSSSCG00000040825,ENSG00000170473,True,ortholog_one2one
PYROXD1,ENSSSCG00000000583,ENSG00000121350,True,ortholog_one2one
PYROXD2,ENSSSCG00000010533,ENSG00000119943,True,ortholog_one2one
QRFP,ENSSSCG00000005705,ENSG00000188710,True,ortholog_one2one
QTRT1,ENSSSCG00000013637,ENSG00000213339,True,ortholog_one2one
R3HCC1L,ENSSSCG00000010531,ENSG00000166024,True,ortholog_one2one
R3HDM1,ENSSSCG00000015692,ENSG00000048991,True,ortholog_one2one
R3HDM2,ENSSSCG00000026498,ENSG00000179912,True,ortholog_one2one
R3HDM4,ENSSSCG00000013419,ENSG00000198858,True,ortholog_one2one
R3HDML,ENSSSCG00000007370,ENSG00000101074,True,ortholog_one2one
RAB11A,ENSSSCG00000032312,ENSG00000103769,True,ortholog_one2one
RAB11FIP1,ENSSSCG00000015823,ENSG00000156675,True,ortholog_one2one
RAB11FIP2,ENSSSCG00000010672,ENSG00000107560,True,ortholog_one2one
RAB11FIP3,ENSSSCG00000035854,ENSG00000090565,True,ortholog_one2one
RAB11FIP4,ENSSSCG00000017747,ENSG00000131242,True,ortholog_one2one
RAB11FIP5,ENSSSCG00000022162,ENSG00000135631,True,ortholog_one2one
RAB12,ENSSSCG00000038026,ENSG00000206418,True,ortholog_one2one
RAB23,ENSSSCG00000029539,ENSG00000112210,True,ortholog_one2one
RAB26,ENSSSCG00000033691,ENSG00000167964,True,ortholog_one2one
RAB27B,ENSSSCG00000035243,ENSG00000041353,True,ortholog_one2one
RAB29,ENSSSCG00000026269,ENSG00000117280,True,ortholog_one2one
RAB30,ENSSSCG00000014900,ENSG00000137502,True,ortholog_one2one
RAB31,ENSSSCG00000037264,ENSG00000168461,True,ortholog_one2one
RAB33A,ENSSSCG00000012658,ENSG00000134594,True,ortholog_one2one
RAB33B,ENSSSCG00000020711,ENSG00000172007,True,ortholog_one2one
RAB34,ENSSSCG00000017769,ENSG00000109113,True,ortholog_one2one
RAB35,ENSSSCG00000033876,ENSG00000111737,True,ortholog_one2one
RAB38,ENSSSCG00000033878,ENSG00000123892,True,ortholog_one2one
RAB39A,ENSSSCG00000031723,ENSG00000179331,True,ortholog_one2one
RAB39B,ENSSSCG00000024233,ENSG00000155961,True,ortholog_one2one
RAB3A,ENSSSCG00000013897,ENSG00000105649,True,ortholog_one2one
RAB3B,ENSSSCG00000021036,ENSG00000169213,True,ortholog_one2one
RAB6A,ENSSSCG00000014828,ENSG00000175582,True,ortholog_one2one
RAB9B,ENSSSCG00000032672,ENSG00000123570,True,ortholog_one2one
RABEP1,ENSSSCG00000017895,ENSG00000029725,True,ortholog_one2one
RABEP2,ENSSSCG00000007806,ENSG00000177548,True,ortholog_one2one
RABEPK,ENSSSCG00000005599,ENSG00000136933,True,ortholog_one2one
RABGAP1,ENSSSCG00000020743,ENSG00000011454,True,ortholog_one2one
RABGAP1L,ENSSSCG00000015499,ENSG00000152061,True,ortholog_one2one
RABGEF1,ENSSSCG00000007735,ENSG00000154710,True,ortholog_one2one
RABGGTA,ENSSSCG00000001992,ENSG00000100949,True,ortholog_one2one
RABL3,ENSSSCG00000035258,ENSG00000144840,True,ortholog_one2one
RABL6,ENSSSCG00000005841,ENSG00000196642,True,ortholog_one2one
RAC1,ENSSSCG00000035090,ENSG00000136238,True,ortholog_one2one
RAC3,ENSSSCG00000036973,ENSG00000169750,True,ortholog_one2one
RACK1,ENSSSCG00000029724,ENSG00000204628,True,ortholog_one2one
RAD1,ENSSSCG00000016826,ENSG00000113456,True,ortholog_one2one
RAD17,ENSSSCG00000016960,ENSG00000152942,True,ortholog_one2one
RAD50,ENSSSCG00000014280,ENSG00000113522,True,ortholog_one2one
RAD51AP2,ENSSSCG00000038058,ENSG00000214842,True,ortholog_one2one
RAD51C,ENSSSCG00000023955,ENSG00000108384,True,ortholog_one2one
RAD54L,ENSSSCG00000003905,ENSG00000085999,True,ortholog_one2one
RAD9A,ENSSSCG00000012914,ENSG00000172613,True,ortholog_one2one
RADIL,ENSSSCG00000007575,ENSG00000157927,True,ortholog_one2one
RADX,ENSSSCG00000012549,ENSG00000147231,True,ortholog_one2one
RAE1,ENSSSCG00000007503,ENSG00000101146,True,ortholog_one2one
RAF1,ENSSSCG00000024453,ENSG00000132155,True,ortholog_one2one
RAG1,ENSSSCG00000026145,ENSG00000166349,True,ortholog_one2one
RAG2,ENSSSCG00000034285,ENSG00000175097,True,ortholog_one2one
RAI1,ENSSSCG00000038164,ENSG00000108557,True,ortholog_one2one
RAI14,ENSSSCG00000016824,ENSG00000039560,True,ortholog_one2one
RAI2,ENSSSCG00000012153,ENSG00000131831,True,ortholog_one2one
RALA,ENSSSCG00000048439,ENSG00000006451,True,ortholog_one2one
RALGAPA2,ENSSSCG00000026506,ENSG00000188559,True,ortholog_one2one
RALY,ENSSSCG00000007275,ENSG00000125970,True,ortholog_one2one
RANBP1,ENSSSCG00000038308,ENSG00000099901,True,ortholog_one2one
RANBP3L,ENSSSCG00000016838,ENSG00000164188,True,ortholog_one2one
RANBP6,ENSSSCG00000005204,ENSG00000137040,True,ortholog_one2one
RANBP9,ENSSSCG00000001056,ENSG00000010017,True,ortholog_one2one
RANGAP1,ENSSSCG00000028202,ENSG00000100401,True,ortholog_one2one
RANGRF,ENSSSCG00000038726,ENSG00000108961,True,ortholog_one2one
RAP1A,ENSSSCG00000006785,ENSG00000116473,True,ortholog_one2one
RAP1B,ENSSSCG00000032595,ENSG00000127314,True,ortholog_one2one
RAP1GAP,ENSSSCG00000022029,ENSG00000076864,True,ortholog_one2one
RAP1GAP2,ENSSSCG00000034858,ENSG00000132359,True,ortholog_one2one
RAP1GDS1,ENSSSCG00000022353,ENSG00000138698,True,ortholog_one2one
RAP2A,ENSSSCG00000039812,ENSG00000125249,True,ortholog_one2one
RAP2B,ENSSSCG00000038366,ENSG00000181467,True,ortholog_one2one
RAPGEF1,ENSSSCG00000005719,ENSG00000107263,True,ortholog_one2one
RAPGEFL1,ENSSSCG00000017478,ENSG00000108352,True,ortholog_one2one
RARRES1,ENSSSCG00000028623,ENSG00000118849,True,ortholog_one2one
RARS2,ENSSSCG00000004303,ENSG00000146282,True,ortholog_one2one
RASA1,ENSSSCG00000014146,ENSG00000145715,True,ortholog_one2one
RASAL1,ENSSSCG00000009874,ENSG00000111344,True,ortholog_one2one
RASAL2,ENSSSCG00000015519,ENSG00000075391,True,ortholog_one2one
RASAL3,ENSSSCG00000013839,ENSG00000105122,True,ortholog_one2one
RASD1,ENSSSCG00000034044,ENSG00000108551,True,ortholog_one2one
RASEF,ENSSSCG00000040707,ENSG00000165105,True,ortholog_one2one
RASGEF1A,ENSSSCG00000010201,ENSG00000198915,True,ortholog_one2one
RASGEF1B,ENSSSCG00000029507,ENSG00000138670,True,ortholog_one2one
RASGEF1C,ENSSSCG00000014011,ENSG00000146090,True,ortholog_one2one
RASGRF1,ENSSSCG00000001771,ENSG00000058335,True,ortholog_one2one
RASGRP2,ENSSSCG00000013023,ENSG00000068831,True,ortholog_one2one
RASSF2,ENSSSCG00000032601,ENSG00000101265,True,ortholog_one2one
RASSF4,ENSSSCG00000029662,ENSG00000107551,True,ortholog_one2one
RASSF5,ENSSSCG00000031970,ENSG00000266094,True,ortholog_one2one
RASSF6,ENSSSCG00000008952,ENSG00000169435,True,ortholog_one2one
RASSF7,ENSSSCG00000012854,ENSG00000099849,True,ortholog_one2one
RASSF8,ENSSSCG00000000559,ENSG00000123094,True,ortholog_one2one
RASSF9,ENSSSCG00000034948,ENSG00000198774,True,ortholog_one2one
RAVER1,ENSSSCG00000013650,ENSG00000161847,True,ortholog_one2one
RAVER2,ENSSSCG00000025672,ENSG00000162437,True,ortholog_one2one
RAX,ENSSSCG00000004910,ENSG00000134438,True,ortholog_one2one
RAX2,ENSSSCG00000032429,ENSG00000173976,True,ortholog_one2one
RB1,ENSSSCG00000009401,ENSG00000139687,True,ortholog_one2one
RB1CC1,ENSSSCG00000028902,ENSG00000023287,True,ortholog_one2one
RBAK,ENSSSCG00000008668,ENSG00000146587,True,ortholog_one2one
RBBP6,ENSSSCG00000007830,ENSG00000122257,True,ortholog_one2one
RBBP8NL,ENSSSCG00000007539,ENSG00000130701,True,ortholog_one2one
RBL1,ENSSSCG00000007331,ENSG00000080839,True,ortholog_one2one
RBM10,ENSSSCG00000012271,ENSG00000182872,True,ortholog_one2one
RBM11,ENSSSCG00000037517,ENSG00000185272,True,ortholog_one2one
RBM12,ENSSSCG00000047420,ENSG00000244462,True,ortholog_one2one
RBM12B,ENSSSCG00000006110,ENSG00000183808,True,ortholog_one2one
RBM14,ENSSSCG00000038008,ENSG00000239306,True,ortholog_one2one
RBM15,ENSSSCG00000006809,ENSG00000162775,True,ortholog_one2one
RBM15B,ENSSSCG00000011420,ENSG00000259956,True,ortholog_one2one
RBM17,ENSSSCG00000011134,ENSG00000134453,True,ortholog_one2one
RBM18,ENSSSCG00000030089,ENSG00000119446,True,ortholog_one2one
RBM19,ENSSSCG00000009868,ENSG00000122965,True,ortholog_one2one
RBM20,ENSSSCG00000010626,ENSG00000203867,True,ortholog_one2one
RBM25,ENSSSCG00000028663,ENSG00000119707,True,ortholog_one2one
RBM26,ENSSSCG00000009479,ENSG00000139746,True,ortholog_one2one
RBM27,ENSSSCG00000014414,ENSG00000091009,True,ortholog_one2one
RBM28,ENSSSCG00000031847,ENSG00000106344,True,ortholog_one2one
RBM3,ENSSSCG00000021591,ENSG00000102317,True,ortholog_one2one
RBM44,ENSSSCG00000016332,ENSG00000177483,True,ortholog_one2one
RBM45,ENSSSCG00000015996,ENSG00000155636,True,ortholog_one2one
RBM46,ENSSSCG00000008994,ENSG00000151962,True,ortholog_one2one
RBM47,ENSSSCG00000008796,ENSG00000163694,True,ortholog_one2one
RBM48,ENSSSCG00000015315,ENSG00000127993,True,ortholog_one2one
RBM5,ENSSSCG00000011395,ENSG00000003756,True,ortholog_one2one
RBM6,ENSSSCG00000011394,ENSG00000004534,True,ortholog_one2one
RBM7,ENSSSCG00000027905,ENSG00000076053,True,ortholog_one2one
RBM8A,ENSSSCG00000028509,ENSG00000265241,True,ortholog_one2one
RBMS1,ENSSSCG00000015888,ENSG00000153250,True,ortholog_one2one
RBMS2,ENSSSCG00000000402,ENSG00000076067,True,ortholog_one2one
RBMS3,ENSSSCG00000036381,ENSG00000144642,True,ortholog_one2one
RBMX2,ENSSSCG00000032739,ENSG00000134597,True,ortholog_one2one
RCE1,ENSSSCG00000012927,ENSG00000173653,True,ortholog_one2one
RCHY1,ENSSSCG00000008969,ENSG00000163743,True,ortholog_one2one
RCN1,ENSSSCG00000013318,ENSG00000049449,True,ortholog_one2one
RCN3,ENSSSCG00000024823,ENSG00000142552,True,ortholog_one2one
RCOR1,ENSSSCG00000002526,ENSG00000089902,True,ortholog_one2one
RCOR2,ENSSSCG00000013049,ENSG00000167771,True,ortholog_one2one
RCOR3,ENSSSCG00000028293,ENSG00000117625,True,ortholog_one2one
RCSD1,ENSSSCG00000006307,ENSG00000198771,True,ortholog_one2one
RCVRN,ENSSSCG00000037991,ENSG00000109047,True,ortholog_one2one
RD3,ENSSSCG00000035369,ENSG00000198570,True,ortholog_one2one
RDH10,ENSSSCG00000033669,ENSG00000121039,True,ortholog_one2one
RDH11,ENSSSCG00000002296,ENSG00000072042,True,ortholog_one2one
RDH12,ENSSSCG00000002297,ENSG00000139988,True,ortholog_one2one
RDH13,ENSSSCG00000038287,ENSG00000160439,True,ortholog_one2one
RECQL,ENSSSCG00000000580,ENSG00000004700,True,ortholog_one2one
RECQL4,ENSSSCG00000025736,ENSG00000160957,True,ortholog_one2one
RECQL5,ENSSSCG00000023978,ENSG00000108469,True,ortholog_one2one
REDIC1,ENSSSCG00000000782,ENSG00000180116,True,ortholog_one2one
REELD1,ENSSSCG00000041625,ENSG00000250673,True,ortholog_one2one
REEP1,ENSSSCG00000023710,ENSG00000068615,True,ortholog_one2one
REEP2,ENSSSCG00000014335,ENSG00000132563,True,ortholog_one2one
REEP3,ENSSSCG00000036476,ENSG00000165476,True,ortholog_one2one
REEP4,ENSSSCG00000009617,ENSG00000168476,True,ortholog_one2one
REEP5,ENSSSCG00000022048,ENSG00000129625,True,ortholog_one2one
REG4,ENSSSCG00000040947,ENSG00000134193,True,ortholog_one2one
REL,ENSSSCG00000008388,ENSG00000162924,True,ortholog_one2one
RELA,ENSSSCG00000012981,ENSG00000173039,True,ortholog_one2one
RELB,ENSSSCG00000038879,ENSG00000104856,True,ortholog_one2one
RELCH,ENSSSCG00000004899,ENSG00000134444,True,ortholog_one2one
RELL1,ENSSSCG00000008772,ENSG00000181826,True,ortholog_one2one
REPS2,ENSSSCG00000012150,ENSG00000169891,True,ortholog_one2one
RERG,ENSSSCG00000000602,ENSG00000134533,True,ortholog_one2one
RETREG1,ENSSSCG00000016792,ENSG00000154153,True,ortholog_one2one
RETREG2,ENSSSCG00000016207,ENSG00000144567,True,ortholog_one2one
RETREG3,ENSSSCG00000017395,ENSG00000141699,True,ortholog_one2one
RETSAT,ENSSSCG00000008237,ENSG00000042445,True,ortholog_one2one
REV1,ENSSSCG00000008179,ENSG00000135945,True,ortholog_one2one
REX1BD,ENSSSCG00000040666,ENSG00000006015,True,ortholog_one2one
REXO1,ENSSSCG00000040624,ENSG00000079313,True,ortholog_one2one
REXO2,ENSSSCG00000015056,ENSG00000076043,True,ortholog_one2one
REXO4,ENSSSCG00000023173,ENSG00000148300,True,ortholog_one2one
REXO5,ENSSSCG00000007855,ENSG00000005189,True,ortholog_one2one
RFC1,ENSSSCG00000008788,ENSG00000035928,True,ortholog_one2one
RFC2,ENSSSCG00000028504,ENSG00000049541,True,ortholog_one2one
RFX5,ENSSSCG00000006625,ENSG00000143390,True,ortholog_one2one
RFX6,ENSSSCG00000039333,ENSG00000185002,True,ortholog_one2one
RFX7,ENSSSCG00000004603,ENSG00000181827,True,ortholog_one2one
RFX8,ENSSSCG00000008165,ENSG00000196460,True,ortholog_one2one
RFXANK,ENSSSCG00000036310,ENSG00000064490,True,ortholog_one2one
RGCC,ENSSSCG00000009434,ENSG00000102760,True,ortholog_one2one
RGL1,ENSSSCG00000015563,ENSG00000143344,True,ortholog_one2one
RGL3,ENSSSCG00000013625,ENSG00000205517,True,ortholog_one2one
RGMA,ENSSSCG00000002267,ENSG00000182175,True,ortholog_one2one
RGMB,ENSSSCG00000014176,ENSG00000174136,True,ortholog_one2one
RGN,ENSSSCG00000022390,ENSG00000130988,True,ortholog_one2one
RGP1,ENSSSCG00000005320,ENSG00000107185,True,ortholog_one2one
RGR,ENSSSCG00000010350,ENSG00000148604,True,ortholog_one2one
RGS10,ENSSSCG00000039838,ENSG00000148908,True,ortholog_one2one
RGS11,ENSSSCG00000036541,ENSG00000076344,True,ortholog_one2one
RGS12,ENSSSCG00000008698,ENSG00000159788,True,ortholog_one2one
RGS5,ENSSSCG00000037821,ENSG00000143248,True,ortholog_one2one
RGS6,ENSSSCG00000033093,ENSG00000182732,True,ortholog_one2one
RGS7,ENSSSCG00000010840,ENSG00000182901,True,ortholog_one2one
RGS7BP,ENSSSCG00000033581,ENSG00000186479,True,ortholog_one2one
RGS8,ENSSSCG00000039986,ENSG00000135824,True,ortholog_one2one
RGS9,ENSSSCG00000035402,ENSG00000108370,True,ortholog_one2one
RHAG,ENSSSCG00000001735,ENSG00000112077,True,ortholog_one2one
RHBDD1,ENSSSCG00000016243,ENSG00000144468,True,ortholog_one2one
RHBDD2,ENSSSCG00000040182,ENSG00000005486,True,ortholog_one2one
RHBDD3,ENSSSCG00000009973,ENSG00000100263,True,ortholog_one2one
RHBDF1,ENSSSCG00000007968,ENSG00000007384,True,ortholog_one2one
RHBDF2,ENSSSCG00000023362,ENSG00000129667,True,ortholog_one2one
RHBDL2,ENSSSCG00000003651,ENSG00000158315,True,ortholog_one2one
RHBDL3,ENSSSCG00000017734,ENSG00000141314,True,ortholog_one2one
RHCG,ENSSSCG00000001841,ENSG00000140519,True,ortholog_one2one
RHEX,ENSSSCG00000015638,ENSG00000263961,True,ortholog_one2one
RHOBTB3,ENSSSCG00000029805,ENSG00000164292,True,ortholog_one2one
RHOC,ENSSSCG00000006777,ENSG00000155366,True,ortholog_one2one
RHOF,ENSSSCG00000009807,ENSG00000139725,True,ortholog_one2one
RHOG,ENSSSCG00000039656,ENSG00000177105,True,ortholog_one2one
RHOH,ENSSSCG00000008794,ENSG00000168421,True,ortholog_one2one
RHOJ,ENSSSCG00000022804,ENSG00000126785,True,ortholog_one2one
RHOQ,ENSSSCG00000031261,ENSG00000119729,True,ortholog_one2one
RHOT1,ENSSSCG00000017735,ENSG00000126858,True,ortholog_one2one
RHOU,ENSSSCG00000024418,ENSG00000116574,True,ortholog_one2one
RHOV,ENSSSCG00000004758,ENSG00000104140,True,ortholog_one2one
RHPN1,ENSSSCG00000006957,ENSG00000158106,True,ortholog_one2one
RHPN2,ENSSSCG00000022312,ENSG00000131941,True,ortholog_one2one
RIBC1,ENSSSCG00000012326,ENSG00000158423,True,ortholog_one2one
RIC8A,ENSSSCG00000014557,ENSG00000177963,True,ortholog_one2one
RIIAD1,ENSSSCG00000041677,ENSG00000178796,True,ortholog_one2one
RILPL2,ENSSSCG00000009778,ENSG00000150977,True,ortholog_one2one
RIMKLB,ENSSSCG00000000665,ENSG00000166532,True,ortholog_one2one
RIMS3,ENSSSCG00000039245,ENSG00000117016,True,ortholog_one2one
RIMS4,ENSSSCG00000021453,ENSG00000101098,True,ortholog_one2one
RIN2,ENSSSCG00000028004,ENSG00000132669,True,ortholog_one2one
RIN3,ENSSSCG00000002451,ENSG00000100599,True,ortholog_one2one
RINL,ENSSSCG00000022692,ENSG00000187994,True,ortholog_one2one
RINT1,ENSSSCG00000015430,ENSG00000135249,True,ortholog_one2one
RIOK1,ENSSSCG00000001024,ENSG00000124784,True,ortholog_one2one
RIOK3,ENSSSCG00000029518,ENSG00000101782,True,ortholog_one2one
RIOX2,ENSSSCG00000034501,ENSG00000170854,True,ortholog_one2one
RIPK1,ENSSSCG00000001009,ENSG00000137275,True,ortholog_one2one
RIPK2,ENSSSCG00000024096,ENSG00000104312,True,ortholog_one2one
RIPK3,ENSSSCG00000001987,ENSG00000129465,True,ortholog_one2one
RIPK4,ENSSSCG00000012083,ENSG00000183421,True,ortholog_one2one
RIPOR1,ENSSSCG00000002774,ENSG00000039523,True,ortholog_one2one
RIPOR2,ENSSSCG00000001097,ENSG00000111913,True,ortholog_one2one
RMND5A,ENSSSCG00000035478,ENSG00000153561,True,ortholog_one2one
RMND5B,ENSSSCG00000014033,ENSG00000145916,True,ortholog_one2one
RNASE1,ENSSSCG00000031649,ENSG00000129538,True,ortholog_one2one
RNASE10,ENSSSCG00000002134,ENSG00000182545,True,ortholog_one2one
RNASE12,ENSSSCG00000002131,ENSG00000258436,True,ortholog_one2one
RNASE4,ENSSSCG00000031538,ENSG00000258818,True,ortholog_one2one
RNASEH1,ENSSSCG00000025305,ENSG00000171865,True,ortholog_one2one
RNASEH2A,ENSSSCG00000013737,ENSG00000104889,True,ortholog_one2one
RNASEK,ENSSSCG00000017929,ENSG00000219200,True,ortholog_one2one
RNASEL,ENSSSCG00000015549,ENSG00000135828,True,ortholog_one2one
RNASET2,ENSSSCG00000004024,ENSG00000026297,True,ortholog_one2one
RND1,ENSSSCG00000038562,ENSG00000172602,True,ortholog_one2one
RND2,ENSSSCG00000029460,ENSG00000108830,True,ortholog_one2one
RND3,ENSSSCG00000040445,ENSG00000115963,True,ortholog_one2one
RNF103,ENSSSCG00000008218,ENSG00000239305,True,ortholog_one2one
RNF125,ENSSSCG00000003729,ENSG00000101695,True,ortholog_one2one
RNF126,ENSSSCG00000039551,ENSG00000070423,True,ortholog_one2one
RNF13,ENSSSCG00000027459,ENSG00000082996,True,ortholog_one2one
RNF135,ENSSSCG00000017737,ENSG00000181481,True,ortholog_one2one
RNF138,ENSSSCG00000003730,ENSG00000134758,True,ortholog_one2one
RNF14,ENSSSCG00000014394,ENSG00000013561,True,ortholog_one2one
RNF141,ENSSSCG00000036546,ENSG00000110315,True,ortholog_one2one
RNF144A,ENSSSCG00000008646,ENSG00000151692,True,ortholog_one2one
RNF144B,ENSSSCG00000001076,ENSG00000137393,True,ortholog_one2one
RNF145,ENSSSCG00000017043,ENSG00000145860,True,ortholog_one2one
RNF146,ENSSSCG00000004217,ENSG00000118518,True,ortholog_one2one
RNF150,ENSSSCG00000009053,ENSG00000170153,True,ortholog_one2one
RNF151,ENSSSCG00000034728,ENSG00000179580,True,ortholog_one2one
RNF157,ENSSSCG00000017186,ENSG00000141576,True,ortholog_one2one
RNF17,ENSSSCG00000009572,ENSG00000132972,True,ortholog_one2one
RNF170,ENSSSCG00000036001,ENSG00000120925,True,ortholog_one2one
RNF187,ENSSSCG00000032994,ENSG00000168159,True,ortholog_one2one
RNF217,ENSSSCG00000021149,ENSG00000146373,True,ortholog_one2one
RNF220,ENSSSCG00000037341,ENSG00000187147,True,ortholog_one2one
RNF222,ENSSSCG00000017985,ENSG00000189051,True,ortholog_one2one
RNF224,ENSSSCG00000005856,ENSG00000233198,True,ortholog_one2one
RNF25,ENSSSCG00000016202,ENSG00000163481,True,ortholog_one2one
RNF26,ENSSSCG00000015117,ENSG00000173456,True,ortholog_one2one
RNF31,ENSSSCG00000002003,ENSG00000092098,True,ortholog_one2one
RNF32,ENSSSCG00000016414,ENSG00000105982,True,ortholog_one2one
RNF34,ENSSSCG00000037811,ENSG00000170633,True,ortholog_one2one
RNF38,ENSSSCG00000005343,ENSG00000137075,True,ortholog_one2one
RNF4,ENSSSCG00000008690,ENSG00000063978,True,ortholog_one2one
RNF40,ENSSSCG00000007786,ENSG00000103549,True,ortholog_one2one
RNF41,ENSSSCG00000000383,ENSG00000181852,True,ortholog_one2one
RNF43,ENSSSCG00000017640,ENSG00000108375,True,ortholog_one2one
RNF7,ENSSSCG00000029774,ENSG00000114125,True,ortholog_one2one
RNPC3,ENSSSCG00000037254,ENSG00000185946,True,ortholog_one2one
RNPEP,ENSSSCG00000034151,ENSG00000176393,True,ortholog_one2one
RNPEPL1,ENSSSCG00000016367,ENSG00000142327,True,ortholog_one2one
RNPS1,ENSSSCG00000008048,ENSG00000205937,True,ortholog_one2one
RO60,ENSSSCG00000032055,ENSG00000116747,True,ortholog_one2one
ROBO1,ENSSSCG00000012001,ENSG00000169855,True,ortholog_one2one
ROBO2,ENSSSCG00000012002,ENSG00000185008,True,ortholog_one2one
ROBO3,ENSSSCG00000015202,ENSG00000154134,True,ortholog_one2one
ROCK1,ENSSSCG00000021893,ENSG00000067900,True,ortholog_one2one
ROCK2,ENSSSCG00000008629,ENSG00000134318,True,ortholog_one2one
ROGDI,ENSSSCG00000007932,ENSG00000067836,True,ortholog_one2one
ROM1,ENSSSCG00000033054,ENSG00000149489,True,ortholog_one2one
ROMO1,ENSSSCG00000007308,ENSG00000125995,True,ortholog_one2one
RORB,ENSSSCG00000005268,ENSG00000198963,True,ortholog_one2one
RP2,ENSSSCG00000027701,ENSG00000102218,True,ortholog_one2one
RPAIN,ENSSSCG00000036311,ENSG00000129197,True,ortholog_one2one
RPF2,ENSSSCG00000004394,ENSG00000197498,True,ortholog_one2one
RPGRIP1,ENSSSCG00000002129,ENSG00000092200,True,ortholog_one2one
RPGRIP1L,ENSSSCG00000031652,ENSG00000103494,True,ortholog_one2one
RPH3A,ENSSSCG00000009883,ENSG00000089169,True,ortholog_one2one
RPIA,ENSSSCG00000008207,ENSG00000153574,True,ortholog_one2one
RPL10A,ENSSSCG00000001543,ENSG00000198755,True,ortholog_one2one
RPL10L,ENSSSCG00000005001,ENSG00000165496,True,ortholog_one2one
RPL11,ENSSSCG00000024260,ENSG00000142676,True,ortholog_one2one
RPL15,ENSSSCG00000037030,ENSG00000174748,True,ortholog_one2one
RPL28,ENSSSCG00000039460,ENSG00000108107,True,ortholog_one2one
RPL37A,ENSSSCG00000036716,ENSG00000197756,True,ortholog_one2one
RPL38,ENSSSCG00000017239,ENSG00000172809,True,ortholog_one2one
RPL39,ENSSSCG00000030849,ENSG00000198918,True,ortholog_one2one
RPL3L,ENSSSCG00000032657,ENSG00000140986,True,ortholog_one2one
RPL4,ENSSSCG00000004945,ENSG00000174444,True,ortholog_one2one
RPL6,ENSSSCG00000039130,ENSG00000089009,True,ortholog_one2one
RPL7,ENSSSCG00000032111,ENSG00000147604,True,ortholog_one2one
RPL7L1,ENSSSCG00000026472,ENSG00000146223,True,ortholog_one2one
RPN2,ENSSSCG00000028227,ENSG00000118705,True,ortholog_one2one
RPRD2,ENSSSCG00000030291,ENSG00000163125,True,ortholog_one2one
RPS21,ENSSSCG00000021825,ENSG00000171858,True,ortholog_one2one
RPS23,ENSSSCG00000014133,ENSG00000186468,True,ortholog_one2one
RPS25,ENSSSCG00000036296,ENSG00000118181,True,ortholog_one2one
RPS27A,ENSSSCG00000034617,ENSG00000143947,True,ortholog_one2one
RPS27L,ENSSSCG00000023158,ENSG00000185088,True,ortholog_one2one
RPS3A,ENSSSCG00000009019,ENSG00000145425,True,ortholog_one2one
RPS6KA2,ENSSSCG00000004022,ENSG00000071242,True,ortholog_one2one
RPS6KB1,ENSSSCG00000017670,ENSG00000108443,True,ortholog_one2one
RPS6KC1,ENSSSCG00000015586,ENSG00000136643,True,ortholog_one2one
RPS6KL1,ENSSSCG00000002375,ENSG00000198208,True,ortholog_one2one
RPS7,ENSSSCG00000031088,ENSG00000171863,True,ortholog_one2one
RPS8,ENSSSCG00000003930,ENSG00000142937,True,ortholog_one2one
RPS9,ENSSSCG00000029785,ENSG00000170889,True,ortholog_one2one
RPTN,ENSSSCG00000006605,ENSG00000215853,True,ortholog_one2one
RPTOR,ENSSSCG00000017139,ENSG00000141564,True,ortholog_one2one
RPUSD1,ENSSSCG00000008000,ENSG00000007376,True,ortholog_one2one
RPUSD3,ENSSSCG00000011555,ENSG00000156990,True,ortholog_one2one
RPUSD4,ENSSSCG00000015233,ENSG00000165526,True,ortholog_one2one
RRAD,ENSSSCG00000036060,ENSG00000166592,True,ortholog_one2one
RRAGA,ENSSSCG00000005174,ENSG00000155876,True,ortholog_one2one
RRAGC,ENSSSCG00000003648,ENSG00000116954,True,ortholog_one2one
RRAGD,ENSSSCG00000004318,ENSG00000025039,True,ortholog_one2one
RRP8,ENSSSCG00000023880,ENSG00000132275,True,ortholog_one2one
RRP9,ENSSSCG00000023177,ENSG00000114767,True,ortholog_one2one
RS1,ENSSSCG00000026932,ENSG00000102104,True,ortholog_one2one
RSBN1L,ENSSSCG00000038977,ENSG00000187257,True,ortholog_one2one
RSC1A1,ENSSSCG00000003461,ENSG00000215695,True,ortholog_one2one
RSF1,ENSSSCG00000014882,ENSG00000048649,True,ortholog_one2one
RSL1D1,ENSSSCG00000023984,ENSG00000171490,True,ortholog_one2one
RSL24D1,ENSSSCG00000024983,ENSG00000137876,True,ortholog_one2one
RSPH1,ENSSSCG00000040224,ENSG00000160188,True,ortholog_one2one
RSPH14,ENSSSCG00000010047,ENSG00000100218,True,ortholog_one2one
RSPH3,ENSSSCG00000004055,ENSG00000130363,True,ortholog_one2one
RSPH4A,ENSSSCG00000023834,ENSG00000111834,True,ortholog_one2one
RSPH6A,ENSSSCG00000040714,ENSG00000104941,True,ortholog_one2one
RSPH9,ENSSSCG00000001691,ENSG00000172426,True,ortholog_one2one
RSPO1,ENSSSCG00000032240,ENSG00000169218,True,ortholog_one2one
RSPO3,ENSSSCG00000004218,ENSG00000146374,True,ortholog_one2one
RTKN2,ENSSSCG00000039707,ENSG00000182010,True,ortholog_one2one
RTL4,ENSSSCG00000012589,ENSG00000187823,True,ortholog_one2one
RTL5,ENSSSCG00000020876,ENSG00000242732,True,ortholog_one2one
RTL6,ENSSSCG00000000022,ENSG00000188636,True,ortholog_one2one
RTL9,ENSSSCG00000027981,ENSG00000243978,True,ortholog_one2one
RTN1,ENSSSCG00000025013,ENSG00000139970,True,ortholog_one2one
RTN2,ENSSSCG00000036870,ENSG00000125744,True,ortholog_one2one
RTN3,ENSSSCG00000013052,ENSG00000133318,True,ortholog_one2one
RTN4,ENSSSCG00000032007,ENSG00000115310,True,ortholog_one2one
RTN4R,ENSSSCG00000034656,ENSG00000040608,True,ortholog_one2one
RTN4RL1,ENSSSCG00000039780,ENSG00000185924,True,ortholog_one2one
RTN4RL2,ENSSSCG00000040919,ENSG00000186907,True,ortholog_one2one
RTP1,ENSSSCG00000037108,ENSG00000175077,True,ortholog_one2one
RTP2,ENSSSCG00000011809,ENSG00000198471,True,ortholog_one2one
RTP3,ENSSSCG00000045673,ENSG00000163825,True,ortholog_one2one
RTTN,ENSSSCG00000032574,ENSG00000176225,True,ortholog_one2one
RUBCN,ENSSSCG00000011853,ENSG00000145016,True,ortholog_one2one
RUNX1,ENSSSCG00000035537,ENSG00000159216,True,ortholog_one2one
RUNX3,ENSSSCG00000032686,ENSG00000020633,True,ortholog_one2one
RUSC1,ENSSSCG00000006511,ENSG00000160753,True,ortholog_one2one
RUSC2,ENSSSCG00000005308,ENSG00000198853,True,ortholog_one2one
RUSF1,ENSSSCG00000007753,ENSG00000140688,True,ortholog_one2one
RUVBL2,ENSSSCG00000003152,ENSG00000183207,True,ortholog_one2one
RWDD2A,ENSSSCG00000029129,ENSG00000013392,True,ortholog_one2one
RWDD3,ENSSSCG00000036509,ENSG00000122481,True,ortholog_one2one
RWDD4,ENSSSCG00000015776,ENSG00000182552,True,ortholog_one2one
RXFP1,ENSSSCG00000008875,ENSG00000171509,True,ortholog_one2one
RXFP2,ENSSSCG00000009336,ENSG00000133105,True,ortholog_one2one
RXFP4,ENSSSCG00000006503,ENSG00000173080,True,ortholog_one2one
RXRA,ENSSSCG00000038220,ENSG00000186350,True,ortholog_one2one
S100A10,ENSSSCG00000006612,ENSG00000197747,True,ortholog_one2one
S100A13,ENSSSCG00000038991,ENSG00000189171,True,ortholog_one2one
S100A4,ENSSSCG00000006578,ENSG00000196154,True,ortholog_one2one
S100A5,ENSSSCG00000006577,ENSG00000196420,True,ortholog_one2one
S100A6,ENSSSCG00000021084,ENSG00000197956,True,ortholog_one2one
S100A8,ENSSSCG00000006590,ENSG00000143546,True,ortholog_one2one
S100A9,ENSSSCG00000006588,ENSG00000163220,True,ortholog_one2one
S100G,ENSSSCG00000012147,ENSG00000169906,True,ortholog_one2one
S100PBP,ENSSSCG00000022801,ENSG00000116497,True,ortholog_one2one
S100Z,ENSSSCG00000014092,ENSG00000171643,True,ortholog_one2one
S1PR1,ENSSSCG00000029849,ENSG00000170989,True,ortholog_one2one
S1PR2,ENSSSCG00000013658,ENSG00000267534,True,ortholog_one2one
S1PR3,ENSSSCG00000009580,ENSG00000213694,True,ortholog_one2one
S1PR4,ENSSSCG00000013474,ENSG00000125910,True,ortholog_one2one
S1PR5,ENSSSCG00000028460,ENSG00000180739,True,ortholog_one2one
SAAL1,ENSSSCG00000035393,ENSG00000166788,True,ortholog_one2one
SAC3D1,ENSSSCG00000013011,ENSG00000168061,True,ortholog_one2one
SACM1L,ENSSSCG00000027176,ENSG00000211456,True,ortholog_one2one
SACS,ENSSSCG00000035493,ENSG00000151835,True,ortholog_one2one
SAE1,ENSSSCG00000003111,ENSG00000142230,True,ortholog_one2one
SAFB,ENSSSCG00000013522,ENSG00000160633,True,ortholog_one2one
SAFB2,ENSSSCG00000013523,ENSG00000130254,True,ortholog_one2one
SAG,ENSSSCG00000016301,ENSG00000130561,True,ortholog_one2one
SALL1,ENSSSCG00000002836,ENSG00000103449,True,ortholog_one2one
SALL2,ENSSSCG00000022705,ENSG00000165821,True,ortholog_one2one
SAMD10,ENSSSCG00000034186,ENSG00000130590,True,ortholog_one2one
SAMD11,ENSSSCG00000033509,ENSG00000187634,True,ortholog_one2one
SAMD12,ENSSSCG00000036553,ENSG00000177570,True,ortholog_one2one
SAMD13,ENSSSCG00000026005,ENSG00000203943,True,ortholog_one2one
SAMD14,ENSSSCG00000017585,ENSG00000167100,True,ortholog_one2one
SAMD3,ENSSSCG00000004202,ENSG00000164483,True,ortholog_one2one
SAMD4A,ENSSSCG00000023408,ENSG00000020577,True,ortholog_one2one
SAMD4B,ENSSSCG00000010706,ENSG00000179134,True,ortholog_one2one
SAMD7,ENSSSCG00000028497,ENSG00000187033,True,ortholog_one2one
SAMD8,ENSSSCG00000010319,ENSG00000156671,True,ortholog_one2one
SAMD9,ENSSSCG00000027372,ENSG00000205413,True,ortholog_one2one
SAMHD1,ENSSSCG00000027806,ENSG00000101347,True,ortholog_one2one
SAMM50,ENSSSCG00000028346,ENSG00000100347,True,ortholog_one2one
SAMSN1,ENSSSCG00000038062,ENSG00000155307,True,ortholog_one2one
SAP25,ENSSSCG00000046279,ENSG00000205307,True,ortholog_one2one
SARS1,ENSSSCG00000006835,ENSG00000031698,True,ortholog_one2one
SASH1,ENSSSCG00000033175,ENSG00000111961,True,ortholog_one2one
SASH3,ENSSSCG00000012652,ENSG00000122122,True,ortholog_one2one
SAT1,ENSSSCG00000012173,ENSG00000130066,True,ortholog_one2one
SAT2,ENSSSCG00000017952,ENSG00000141504,True,ortholog_one2one
SATB2,ENSSSCG00000021657,ENSG00000119042,True,ortholog_one2one
SAV1,ENSSSCG00000005021,ENSG00000151748,True,ortholog_one2one
SAXO1,ENSSSCG00000040408,ENSG00000155875,True,ortholog_one2one
SAXO2,ENSSSCG00000031963,ENSG00000188659,True,ortholog_one2one
SBDS,ENSSSCG00000007732,ENSG00000126524,True,ortholog_one2one
SBF1,ENSSSCG00000000968,ENSG00000100241,True,ortholog_one2one
SBF2,ENSSSCG00000013409,ENSG00000133812,True,ortholog_one2one
SBNO2,ENSSSCG00000030042,ENSG00000064932,True,ortholog_one2one
SBSN,ENSSSCG00000033702,ENSG00000189001,True,ortholog_one2one
SBSPON,ENSSSCG00000006183,ENSG00000164764,True,ortholog_one2one
SCAMP5,ENSSSCG00000001887,ENSG00000198794,True,ortholog_one2one
SCAND1,ENSSSCG00000007312,ENSG00000171222,True,ortholog_one2one
SCAP,ENSSSCG00000026281,ENSG00000114650,True,ortholog_one2one
SCAPER,ENSSSCG00000001865,ENSG00000140386,True,ortholog_one2one
SCARA5,ENSSSCG00000009672,ENSG00000168079,True,ortholog_one2one
SCARB1,ENSSSCG00000009759,ENSG00000073060,True,ortholog_one2one
SCARB2,ENSSSCG00000008980,ENSG00000138760,True,ortholog_one2one
SCARF1,ENSSSCG00000024071,ENSG00000074660,True,ortholog_one2one
SCARF2,ENSSSCG00000010109,ENSG00000244486,True,ortholog_one2one
SCARNA10,ENSSSCG00000040520,ENSG00000239002,True,ortholog_one2one
SCARNA12,ENSSSCG00000026919,ENSG00000238795,True,ortholog_one2one
SCARNA18,ENSSSCG00000018205,ENSG00000238835,True,ortholog_one2one
SCD,ENSSSCG00000010554,ENSG00000099194,True,ortholog_one2one
SCD5,ENSSSCG00000009245,ENSG00000145284,True,ortholog_one2one
SCFD1,ENSSSCG00000001973,ENSG00000092108,True,ortholog_one2one
SCG2,ENSSSCG00000023032,ENSG00000171951,True,ortholog_one2one
SCMH1,ENSSSCG00000003971,ENSG00000010803,True,ortholog_one2one
SCML4,ENSSSCG00000033392,ENSG00000146285,True,ortholog_one2one
SCN1A,ENSSSCG00000024204,ENSG00000144285,True,ortholog_one2one
SCN1B,ENSSSCG00000023267,ENSG00000105711,True,ortholog_one2one
SCN2A,ENSSSCG00000015905,ENSG00000136531,True,ortholog_one2one
SCN2B,ENSSSCG00000021651,ENSG00000149575,True,ortholog_one2one
SCN3A,ENSSSCG00000015911,ENSG00000153253,True,ortholog_one2one
SCN4A,ENSSSCG00000017282,ENSG00000007314,True,ortholog_one2one
SCN5A,ENSSSCG00000011259,ENSG00000183873,True,ortholog_one2one
SCN7A,ENSSSCG00000015914,ENSG00000136546,True,ortholog_one2one
SCN8A,ENSSSCG00000000228,ENSG00000196876,True,ortholog_one2one
SCN9A,ENSSSCG00000015913,ENSG00000169432,True,ortholog_one2one
SCNM1,ENSSSCG00000006632,ENSG00000163156,True,ortholog_one2one
SCNN1A,ENSSSCG00000000707,ENSG00000111319,True,ortholog_one2one
SCNN1B,ENSSSCG00000028923,ENSG00000168447,True,ortholog_one2one
SCX,ENSSSCG00000034551,ENSG00000260428,True,ortholog_one2one
SDC1,ENSSSCG00000008601,ENSG00000115884,True,ortholog_one2one
SDC4,ENSSSCG00000038594,ENSG00000124145,True,ortholog_one2one
SDCBP,ENSSSCG00000006237,ENSG00000137575,True,ortholog_one2one
SDCCAG8,ENSSSCG00000035136,ENSG00000054282,True,ortholog_one2one
SDF2,ENSSSCG00000017772,ENSG00000132581,True,ortholog_one2one
SDF4,ENSSSCG00000003332,ENSG00000078808,True,ortholog_one2one
SDHA,ENSSSCG00000020686,ENSG00000073578,True,ortholog_one2one
SDHB,ENSSSCG00000020926,ENSG00000117118,True,ortholog_one2one
SDHC,ENSSSCG00000030318,ENSG00000143252,True,ortholog_one2one
SDR16C5,ENSSSCG00000006245,ENSG00000170786,True,ortholog_one2one
SDR42E1,ENSSSCG00000035182,ENSG00000184860,True,ortholog_one2one
SDR42E2,ENSSSCG00000007842,ENSG00000183921,True,ortholog_one2one
SDR9C7,ENSSSCG00000000415,ENSG00000170426,True,ortholog_one2one
SDS,ENSSSCG00000036865,ENSG00000135094,True,ortholog_one2one
SDSL,ENSSSCG00000009870,ENSG00000139410,True,ortholog_one2one
SEC23IP,ENSSSCG00000010690,ENSG00000107651,True,ortholog_one2one
SEC24A,ENSSSCG00000014304,ENSG00000113615,True,ortholog_one2one
SEC24C,ENSSSCG00000010306,ENSG00000176986,True,ortholog_one2one
SEC24D,ENSSSCG00000009112,ENSG00000150961,True,ortholog_one2one
SEC31A,ENSSSCG00000009244,ENSG00000138674,True,ortholog_one2one
SEC61A1,ENSSSCG00000011621,ENSG00000058262,True,ortholog_one2one
SEC61A2,ENSSSCG00000011114,ENSG00000065665,True,ortholog_one2one
SEC61B,ENSSSCG00000038914,ENSG00000106803,True,ortholog_one2one
SEC62,ENSSSCG00000029608,ENSG00000008952,True,ortholog_one2one
SEC63,ENSSSCG00000004382,ENSG00000025796,True,ortholog_one2one
SECISBP2,ENSSSCG00000028033,ENSG00000187742,True,ortholog_one2one
SECISBP2L,ENSSSCG00000004653,ENSG00000138593,True,ortholog_one2one
SECTM1,ENSSSCG00000039807,ENSG00000141574,True,ortholog_one2one
SEH1L,ENSSSCG00000003673,ENSG00000085415,True,ortholog_one2one
SEL1L,ENSSSCG00000002414,ENSG00000071537,True,ortholog_one2one
SEL1L2,ENSSSCG00000007078,ENSG00000101251,True,ortholog_one2one
SELENOM,ENSSSCG00000029781,ENSG00000198832,True,ortholog_one2one
SELENON,ENSSSCG00000003554,ENSG00000162430,True,ortholog_one2one
SELENOS,ENSSSCG00000004826,ENSG00000131871,True,ortholog_one2one
SELENOV,ENSSSCG00000002986,ENSG00000186838,True,ortholog_one2one
SELL,ENSSSCG00000006287,ENSG00000188404,True,ortholog_one2one
SELP,ENSSSCG00000006288,ENSG00000174175,True,ortholog_one2one
SEMA3A,ENSSSCG00000015398,ENSG00000075213,True,ortholog_one2one
SEMA3C,ENSSSCG00000023784,ENSG00000075223,True,ortholog_one2one
SEMA3E,ENSSSCG00000015399,ENSG00000170381,True,ortholog_one2one
SEMA3F,ENSSSCG00000011398,ENSG00000001617,True,ortholog_one2one
SEMA3G,ENSSSCG00000011440,ENSG00000010319,True,ortholog_one2one
SEMA4A,ENSSSCG00000006495,ENSG00000196189,True,ortholog_one2one
SEMA4B,ENSSSCG00000031719,ENSG00000185033,True,ortholog_one2one
SEMA4C,ENSSSCG00000008197,ENSG00000168758,True,ortholog_one2one
SEMA4D,ENSSSCG00000009584,ENSG00000187764,True,ortholog_one2one
SENP3,ENSSSCG00000032469,ENSG00000161956,True,ortholog_one2one
SENP5,ENSSSCG00000011841,ENSG00000119231,True,ortholog_one2one
SENP6,ENSSSCG00000020702,ENSG00000112701,True,ortholog_one2one
SENP7,ENSSSCG00000021791,ENSG00000138468,True,ortholog_one2one
SENP8,ENSSSCG00000025616,ENSG00000166192,True,ortholog_one2one
SEPHS1,ENSSSCG00000031659,ENSG00000086475,True,ortholog_one2one
SEPSECS,ENSSSCG00000025315,ENSG00000109618,True,ortholog_one2one
SEPTIN1,ENSSSCG00000007800,ENSG00000180096,True,ortholog_one2one
SEPTIN10,ENSSSCG00000023050,ENSG00000186522,True,ortholog_one2one
SEPTIN11,ENSSSCG00000008986,ENSG00000138758,True,ortholog_one2one
SEPTIN14,ENSSSCG00000007751,ENSG00000154997,True,ortholog_one2one
SEPTIN2,ENSSSCG00000016370,ENSG00000168385,True,ortholog_one2one
SEPTIN3,ENSSSCG00000000040,ENSG00000100167,True,ortholog_one2one
SEPTIN5,ENSSSCG00000010128,ENSG00000184702,True,ortholog_one2one
SEPTIN7,ENSSSCG00000016661,ENSG00000122545,True,ortholog_one2one
SERINC4,ENSSSCG00000004698,ENSG00000184716,True,ortholog_one2one
SERPINA11,ENSSSCG00000002479,ENSG00000186910,True,ortholog_one2one
SERPINA12,ENSSSCG00000002478,ENSG00000165953,True,ortholog_one2one
SERPINB10,ENSSSCG00000004889,ENSG00000242550,True,ortholog_one2one
SERPINB12,ENSSSCG00000039151,ENSG00000166634,True,ortholog_one2one
SERPINB13,ENSSSCG00000034519,ENSG00000197641,True,ortholog_one2one
SERPINB2,ENSSSCG00000004890,ENSG00000197632,True,ortholog_one2one
SERPINB5,ENSSSCG00000004894,ENSG00000206075,True,ortholog_one2one
SERPINB7,ENSSSCG00000004891,ENSG00000166396,True,ortholog_one2one
SERPINB8,ENSSSCG00000004888,ENSG00000166401,True,ortholog_one2one
SERPINB9,ENSSSCG00000031615,ENSG00000170542,True,ortholog_one2one
SERPINC1,ENSSSCG00000015493,ENSG00000117601,True,ortholog_one2one
SERPIND1,ENSSSCG00000010093,ENSG00000099937,True,ortholog_one2one
SERPINE1,ENSSSCG00000025698,ENSG00000106366,True,ortholog_one2one
SERPINF1,ENSSSCG00000017818,ENSG00000132386,True,ortholog_one2one
SERPINF2,ENSSSCG00000038745,ENSG00000167711,True,ortholog_one2one
SERPING1,ENSSSCG00000013181,ENSG00000149131,True,ortholog_one2one
SESN2,ENSSSCG00000029438,ENSG00000130766,True,ortholog_one2one
SETD1B,ENSSSCG00000051618,ENSG00000139718,True,ortholog_one2one
SETD2,ENSSSCG00000011332,ENSG00000181555,True,ortholog_one2one
SETD3,ENSSSCG00000002508,ENSG00000183576,True,ortholog_one2one
SETD4,ENSSSCG00000028883,ENSG00000185917,True,ortholog_one2one
SETD5,ENSSSCG00000011540,ENSG00000168137,True,ortholog_one2one
SETD6,ENSSSCG00000026505,ENSG00000103037,True,ortholog_one2one
SETD7,ENSSSCG00000030396,ENSG00000145391,True,ortholog_one2one
SETD9,ENSSSCG00000016919,ENSG00000155542,True,ortholog_one2one
SETDB2,ENSSSCG00000009395,ENSG00000136169,True,ortholog_one2one
SEZ6L,ENSSSCG00000009958,ENSG00000100095,True,ortholog_one2one
SEZ6L2,ENSSSCG00000029186,ENSG00000174938,True,ortholog_one2one
SF3A1,ENSSSCG00000010002,ENSG00000099995,True,ortholog_one2one
SF3A3,ENSSSCG00000003643,ENSG00000183431,True,ortholog_one2one
SFR1,ENSSSCG00000010608,ENSG00000156384,True,ortholog_one2one
SFRP1,ENSSSCG00000025822,ENSG00000104332,True,ortholog_one2one
SFRP5,ENSSSCG00000010529,ENSG00000120057,True,ortholog_one2one
SFT2D1,ENSSSCG00000004020,ENSG00000198818,True,ortholog_one2one
SFT2D2,ENSSSCG00000031617,ENSG00000213064,True,ortholog_one2one
SFT2D3,ENSSSCG00000015860,ENSG00000173349,True,ortholog_one2one
SFTPB,ENSSSCG00000008229,ENSG00000168878,True,ortholog_one2one
SFTPC,ENSSSCG00000009619,ENSG00000168484,True,ortholog_one2one
SFTPD,ENSSSCG00000010334,ENSG00000133661,True,ortholog_one2one
SFXN2,ENSSSCG00000010589,ENSG00000156398,True,ortholog_one2one
SFXN3,ENSSSCG00000022005,ENSG00000107819,True,ortholog_one2one
SFXN4,ENSSSCG00000010681,ENSG00000183605,True,ortholog_one2one
SFXN5,ENSSSCG00000008307,ENSG00000144040,True,ortholog_one2one
SGCA,ENSSSCG00000017583,ENSG00000108823,True,ortholog_one2one
SGCG,ENSSSCG00000009281,ENSG00000102683,True,ortholog_one2one
SGMS1,ENSSSCG00000010433,ENSG00000198964,True,ortholog_one2one
SGMS2,ENSSSCG00000009152,ENSG00000164023,True,ortholog_one2one
SGPP1,ENSSSCG00000028558,ENSG00000126821,True,ortholog_one2one
SGSM1,ENSSSCG00000009951,ENSG00000167037,True,ortholog_one2one
SGSM2,ENSSSCG00000017829,ENSG00000141258,True,ortholog_one2one
SGSM3,ENSSSCG00000000076,ENSG00000100359,True,ortholog_one2one
SGTB,ENSSSCG00000040603,ENSG00000197860,True,ortholog_one2one
SH2B1,ENSSSCG00000007804,ENSG00000178188,True,ortholog_one2one
SH2B2,ENSSSCG00000007682,ENSG00000160999,True,ortholog_one2one
SH2D1A,ENSSSCG00000012643,ENSG00000183918,True,ortholog_one2one
SH2D3A,ENSSSCG00000022380,ENSG00000125731,True,ortholog_one2one
SH2D3C,ENSSSCG00000005620,ENSG00000095370,True,ortholog_one2one
SH2D5,ENSSSCG00000003509,ENSG00000189410,True,ortholog_one2one
SH3BGRL2,ENSSSCG00000032015,ENSG00000198478,True,ortholog_one2one
SH3BGRL3,ENSSSCG00000034937,ENSG00000142669,True,ortholog_one2one
SH3BP1,ENSSSCG00000028531,ENSG00000100092,True,ortholog_one2one
SH3BP2,ENSSSCG00000022004,ENSG00000087266,True,ortholog_one2one
SH3BP4,ENSSSCG00000034692,ENSG00000130147,True,ortholog_one2one
SH3GLB1,ENSSSCG00000006930,ENSG00000097033,True,ortholog_one2one
SH3GLB2,ENSSSCG00000005668,ENSG00000148341,True,ortholog_one2one
SH3KBP1,ENSSSCG00000012160,ENSG00000147010,True,ortholog_one2one
SH3PXD2A,ENSSSCG00000010604,ENSG00000107957,True,ortholog_one2one
SH3PXD2B,ENSSSCG00000027378,ENSG00000174705,True,ortholog_one2one
SH3RF1,ENSSSCG00000009716,ENSG00000154447,True,ortholog_one2one
SH3RF2,ENSSSCG00000014410,ENSG00000156463,True,ortholog_one2one
SH3RF3,ENSSSCG00000038296,ENSG00000172985,True,ortholog_one2one
SH3TC1,ENSSSCG00000008722,ENSG00000125089,True,ortholog_one2one
SH3TC2,ENSSSCG00000023279,ENSG00000169247,True,ortholog_one2one
SH3YL1,ENSSSCG00000023273,ENSG00000035115,True,ortholog_one2one
SHC3,ENSSSCG00000039841,ENSG00000148082,True,ortholog_one2one
SHCBP1,ENSSSCG00000002849,ENSG00000171241,True,ortholog_one2one
SHF,ENSSSCG00000004674,ENSG00000138606,True,ortholog_one2one
SHFL,ENSSSCG00000013664,ENSG00000130813,True,ortholog_one2one
SHISA2,ENSSSCG00000030113,ENSG00000180730,True,ortholog_one2one
SHISA8,ENSSSCG00000035755,ENSG00000234965,True,ortholog_one2one
SHISA9,ENSSSCG00000032878,ENSG00000237515,True,ortholog_one2one
SHISAL1,ENSSSCG00000039522,ENSG00000138944,True,ortholog_one2one
SHISAL2A,ENSSSCG00000034127,ENSG00000182183,True,ortholog_one2one
SHISAL2B,ENSSSCG00000024514,ENSG00000145642,True,ortholog_one2one
SHKBP1,ENSSSCG00000033836,ENSG00000160410,True,ortholog_one2one
SHLD1,ENSSSCG00000039269,ENSG00000171984,True,ortholog_one2one
SHLD2,ENSSSCG00000027767,ENSG00000122376,True,ortholog_one2one
SHMT1,ENSSSCG00000036208,ENSG00000176974,True,ortholog_one2one
SHMT2,ENSSSCG00000037077,ENSG00000182199,True,ortholog_one2one
SHOC1,ENSSSCG00000005463,ENSG00000165181,True,ortholog_one2one
SIAH3,ENSSSCG00000038733,ENSG00000215475,True,ortholog_one2one
SIGLEC15,ENSSSCG00000004493,ENSG00000197046,True,ortholog_one2one
SIGMAR1,ENSSSCG00000037000,ENSG00000147955,True,ortholog_one2one
SIK2,ENSSSCG00000032941,ENSG00000170145,True,ortholog_one2one
SIL1,ENSSSCG00000024189,ENSG00000120725,True,ortholog_one2one
SIM1,ENSSSCG00000004357,ENSG00000112246,True,ortholog_one2one
SIMC1,ENSSSCG00000014062,ENSG00000170085,True,ortholog_one2one
SIN3B,ENSSSCG00000013867,ENSG00000127511,True,ortholog_one2one
SIPA1L1,ENSSSCG00000002332,ENSG00000197555,True,ortholog_one2one
SIPA1L3,ENSSSCG00000002950,ENSG00000105738,True,ortholog_one2one
SIRPB2,ENSSSCG00000007185,ENSG00000196209,True,ortholog_one2one
SIRT1,ENSSSCG00000010235,ENSG00000096717,True,ortholog_one2one
SIRT2,ENSSSCG00000026794,ENSG00000068903,True,ortholog_one2one
SIRT3,ENSSSCG00000014558,ENSG00000142082,True,ortholog_one2one
SIRT4,ENSSSCG00000009901,ENSG00000089163,True,ortholog_one2one
SIX4,ENSSSCG00000005089,ENSG00000100625,True,ortholog_one2one
SIX5,ENSSSCG00000035791,ENSG00000177045,True,ortholog_one2one
SKA2,ENSSSCG00000034217,ENSG00000182628,True,ortholog_one2one
SKA3,ENSSSCG00000028249,ENSG00000165480,True,ortholog_one2one
SKAP1,ENSSSCG00000017527,ENSG00000141293,True,ortholog_one2one
SKI,ENSSSCG00000040944,ENSG00000157933,True,ortholog_one2one
SKIC8,ENSSSCG00000001757,ENSG00000140395,True,ortholog_one2one
SKIDA1,ENSSSCG00000011087,ENSG00000180592,True,ortholog_one2one
SKIL,ENSSSCG00000011746,ENSG00000136603,True,ortholog_one2one
SKOR1,ENSSSCG00000004956,ENSG00000188779,True,ortholog_one2one
SKP2,ENSSSCG00000016835,ENSG00000145604,True,ortholog_one2one
SLA,ENSSSCG00000005949,ENSG00000155926,True,ortholog_one2one
SLAIN2,ENSSSCG00000008821,ENSG00000109171,True,ortholog_one2one
SLAMF1,ENSSSCG00000006380,ENSG00000117090,True,ortholog_one2one
SLAMF6,ENSSSCG00000006382,ENSG00000162739,True,ortholog_one2one
SLAMF7,ENSSSCG00000006378,ENSG00000026751,True,ortholog_one2one
SLAMF8,ENSSSCG00000006398,ENSG00000158714,True,ortholog_one2one
SLC10A6,ENSSSCG00000028952,ENSG00000145283,True,ortholog_one2one
SLC10A7,ENSSSCG00000009035,ENSG00000120519,True,ortholog_one2one
SLC11A1,ENSSSCG00000039798,ENSG00000018280,True,ortholog_one2one
SLC11A2,ENSSSCG00000034039,ENSG00000110911,True,ortholog_one2one
SLC12A1,ENSSSCG00000004659,ENSG00000074803,True,ortholog_one2one
SLC12A2,ENSSSCG00000014255,ENSG00000064651,True,ortholog_one2one
SLC12A3,ENSSSCG00000032643,ENSG00000070915,True,ortholog_one2one
SLC12A4,ENSSSCG00000028609,ENSG00000124067,True,ortholog_one2one
SLC12A5,ENSSSCG00000007437,ENSG00000124140,True,ortholog_one2one
SLC12A6,ENSSSCG00000002243,ENSG00000140199,True,ortholog_one2one
SLC12A7,ENSSSCG00000034302,ENSG00000113504,True,ortholog_one2one
SLC12A8,ENSSSCG00000011860,ENSG00000221955,True,ortholog_one2one
SLC12A9,ENSSSCG00000023619,ENSG00000146828,True,ortholog_one2one
SLC13A1,ENSSSCG00000016609,ENSG00000081800,True,ortholog_one2one
SLC16A10,ENSSSCG00000004419,ENSG00000112394,True,ortholog_one2one
SLC16A11,ENSSSCG00000017925,ENSG00000174326,True,ortholog_one2one
SLC16A5,ENSSSCG00000017215,ENSG00000170190,True,ortholog_one2one
SLC16A7,ENSSSCG00000000456,ENSG00000118596,True,ortholog_one2one
SLC16A8,ENSSSCG00000000113,ENSG00000100156,True,ortholog_one2one
SLC16A9,ENSSSCG00000010210,ENSG00000165449,True,ortholog_one2one
SLC17A1,ENSSSCG00000001107,ENSG00000124568,True,ortholog_one2one
SLC17A3,ENSSSCG00000037547,ENSG00000124564,True,ortholog_one2one
SLC17A4,ENSSSCG00000031944,ENSG00000146039,True,ortholog_one2one
SLC17A5,ENSSSCG00000004486,ENSG00000119899,True,ortholog_one2one
SLC17A6,ENSSSCG00000013343,ENSG00000091664,True,ortholog_one2one
SLC17A7,ENSSSCG00000003170,ENSG00000104888,True,ortholog_one2one
SLC17A8,ENSSSCG00000038946,ENSG00000179520,True,ortholog_one2one
SLC17A9,ENSSSCG00000040931,ENSG00000101194,True,ortholog_one2one
SLC18A1,ENSSSCG00000009601,ENSG00000036565,True,ortholog_one2one
SLC18A2,ENSSSCG00000020671,ENSG00000165646,True,ortholog_one2one
SLC18A3,ENSSSCG00000022274,ENSG00000187714,True,ortholog_one2one
SLC1A1,ENSSSCG00000005222,ENSG00000106688,True,ortholog_one2one
SLC1A2,ENSSSCG00000013296,ENSG00000110436,True,ortholog_one2one
SLC1A3,ENSSSCG00000016841,ENSG00000079215,True,ortholog_one2one
SLC1A4,ENSSSCG00000028282,ENSG00000115902,True,ortholog_one2one
SLC1A5,ENSSSCG00000003105,ENSG00000105281,True,ortholog_one2one
SLC1A6,ENSSSCG00000013833,ENSG00000105143,True,ortholog_one2one
SLC1A7,ENSSSCG00000003852,ENSG00000162383,True,ortholog_one2one
SLC20A2,ENSSSCG00000007027,ENSG00000168575,True,ortholog_one2one
SLC22A1,ENSSSCG00000004041,ENSG00000175003,True,ortholog_one2one
SLC22A12,ENSSSCG00000013025,ENSG00000197891,True,ortholog_one2one
SLC22A13,ENSSSCG00000011256,ENSG00000172940,True,ortholog_one2one
SLC22A14,ENSSSCG00000011255,ENSG00000144671,True,ortholog_one2one
SLC22A15,ENSSSCG00000006743,ENSG00000163393,True,ortholog_one2one
SLC22A16,ENSSSCG00000004399,ENSG00000004809,True,ortholog_one2one
SLC22A2,ENSSSCG00000004040,ENSG00000112499,True,ortholog_one2one
SLC22A23,ENSSSCG00000001004,ENSG00000137266,True,ortholog_one2one
SLC22A8,ENSSSCG00000029516,ENSG00000149452,True,ortholog_one2one
SLC24A4,ENSSSCG00000002450,ENSG00000140090,True,ortholog_one2one
SLC24A5,ENSSSCG00000004662,ENSG00000188467,True,ortholog_one2one
SLC25A10,ENSSSCG00000033620,ENSG00000183048,True,ortholog_one2one
SLC25A12,ENSSSCG00000015949,ENSG00000115840,True,ortholog_one2one
SLC25A14,ENSSSCG00000012660,ENSG00000102078,True,ortholog_one2one
SLC25A15,ENSSSCG00000009373,ENSG00000102743,True,ortholog_one2one
SLC25A16,ENSSSCG00000022303,ENSG00000122912,True,ortholog_one2one
SLC25A19,ENSSSCG00000017208,ENSG00000125454,True,ortholog_one2one
SLC25A20,ENSSSCG00000011366,ENSG00000178537,True,ortholog_one2one
SLC25A21,ENSSSCG00000039317,ENSG00000183032,True,ortholog_one2one
SLC25A22,ENSSSCG00000012844,ENSG00000177542,True,ortholog_one2one
SLC25A23,ENSSSCG00000013550,ENSG00000125648,True,ortholog_one2one
SLC25A24,ENSSSCG00000006848,ENSG00000085491,True,ortholog_one2one
SLC25A25,ENSSSCG00000005636,ENSG00000148339,True,ortholog_one2one
SLC25A27,ENSSSCG00000001720,ENSG00000153291,True,ortholog_one2one
SLC25A32,ENSSSCG00000006049,ENSG00000164933,True,ortholog_one2one
SLC25A38,ENSSSCG00000029708,ENSG00000144659,True,ortholog_one2one
SLC25A40,ENSSSCG00000026177,ENSG00000075303,True,ortholog_one2one
SLC25A41,ENSSSCG00000032785,ENSG00000181240,True,ortholog_one2one
SLC25A42,ENSSSCG00000013927,ENSG00000181035,True,ortholog_one2one
SLC25A43,ENSSSCG00000012624,ENSG00000077713,True,ortholog_one2one
SLC25A44,ENSSSCG00000006494,ENSG00000160785,True,ortholog_one2one
SLC25A45,ENSSSCG00000012993,ENSG00000162241,True,ortholog_one2one
SLC25A46,ENSSSCG00000014197,ENSG00000164209,True,ortholog_one2one
SLC25A47,ENSSSCG00000002515,ENSG00000140107,True,ortholog_one2one
SLC25A48,ENSSSCG00000014311,ENSG00000145832,True,ortholog_one2one
SLC25A5,ENSSSCG00000012623,ENSG00000005022,True,ortholog_one2one
SLC26A1,ENSSSCG00000035739,ENSG00000145217,True,ortholog_one2one
SLC26A11,ENSSSCG00000021040,ENSG00000181045,True,ortholog_one2one
SLC26A2,ENSSSCG00000039045,ENSG00000155850,True,ortholog_one2one
SLC26A3,ENSSSCG00000021813,ENSG00000091138,True,ortholog_one2one
SLC27A5,ENSSSCG00000031449,ENSG00000083807,True,ortholog_one2one
SLC28A1,ENSSSCG00000002632,ENSG00000156222,True,ortholog_one2one
SLC28A2,ENSSSCG00000004673,ENSG00000137860,True,ortholog_one2one
SLC28A3,ENSSSCG00000010960,ENSG00000197506,True,ortholog_one2one
SLC29A1,ENSSSCG00000001700,ENSG00000112759,True,ortholog_one2one
SLC29A2,ENSSSCG00000012941,ENSG00000174669,True,ortholog_one2one
SLC29A4,ENSSSCG00000027768,ENSG00000164638,True,ortholog_one2one
SLC2A11,ENSSSCG00000010068,ENSG00000133460,True,ortholog_one2one
SLC2A13,ENSSSCG00000000783,ENSG00000151229,True,ortholog_one2one
SLC2A2,ENSSSCG00000020927,ENSG00000163581,True,ortholog_one2one
SLC2A4,ENSSSCG00000023915,ENSG00000181856,True,ortholog_one2one
SLC2A4RG,ENSSSCG00000037562,ENSG00000125520,True,ortholog_one2one
SLC2A5,ENSSSCG00000039651,ENSG00000142583,True,ortholog_one2one
SLC2A7,ENSSSCG00000003390,ENSG00000197241,True,ortholog_one2one
SLC2A8,ENSSSCG00000005610,ENSG00000136856,True,ortholog_one2one
SLC30A1,ENSSSCG00000039472,ENSG00000170385,True,ortholog_one2one
SLC30A4,ENSSSCG00000004668,ENSG00000104154,True,ortholog_one2one
SLC30A6,ENSSSCG00000008518,ENSG00000152683,True,ortholog_one2one
SLC30A7,ENSSSCG00000006860,ENSG00000162695,True,ortholog_one2one
SLC30A8,ENSSSCG00000006011,ENSG00000164756,True,ortholog_one2one
SLC30A9,ENSSSCG00000008801,ENSG00000014824,True,ortholog_one2one
SLC31A1,ENSSSCG00000034278,ENSG00000136868,True,ortholog_one2one
SLC31A2,ENSSSCG00000023714,ENSG00000136867,True,ortholog_one2one
SLC32A1,ENSSSCG00000007348,ENSG00000101438,True,ortholog_one2one
SLC33A1,ENSSSCG00000025316,ENSG00000169359,True,ortholog_one2one
SLC34A1,ENSSSCG00000037535,ENSG00000131183,True,ortholog_one2one
SLC34A2,ENSSSCG00000008758,ENSG00000157765,True,ortholog_one2one
SLC34A3,ENSSSCG00000040105,ENSG00000198569,True,ortholog_one2one
SLC35A1,ENSSSCG00000004304,ENSG00000164414,True,ortholog_one2one
SLC35A2,ENSSSCG00000024841,ENSG00000102100,True,ortholog_one2one
SLC35A3,ENSSSCG00000006871,ENSG00000117620,True,ortholog_one2one
SLC35A4,ENSSSCG00000014367,ENSG00000176087,True,ortholog_one2one
SLC35A5,ENSSSCG00000011929,ENSG00000138459,True,ortholog_one2one
SLC35B1,ENSSSCG00000033731,ENSG00000121073,True,ortholog_one2one
SLC35B2,ENSSSCG00000001702,ENSG00000157593,True,ortholog_one2one
SLC35B3,ENSSSCG00000001033,ENSG00000124786,True,ortholog_one2one
SLC35B4,ENSSSCG00000016541,ENSG00000205060,True,ortholog_one2one
SLC35C1,ENSSSCG00000025647,ENSG00000181830,True,ortholog_one2one
SLC35D1,ENSSSCG00000032043,ENSG00000116704,True,ortholog_one2one
SLC35D2,ENSSSCG00000039368,ENSG00000130958,True,ortholog_one2one
SLC35D3,ENSSSCG00000004159,ENSG00000182747,True,ortholog_one2one
SLC35E1,ENSSSCG00000013861,ENSG00000127526,True,ortholog_one2one
SLC35E3,ENSSSCG00000000487,ENSG00000175782,True,ortholog_one2one
SLC35E4,ENSSSCG00000010012,ENSG00000100036,True,ortholog_one2one
SLC35F1,ENSSSCG00000004250,ENSG00000196376,True,ortholog_one2one
SLC35F2,ENSSSCG00000015001,ENSG00000110660,True,ortholog_one2one
SLC35F3,ENSSSCG00000010162,ENSG00000183780,True,ortholog_one2one
SLC35F4,ENSSSCG00000005068,ENSG00000151812,True,ortholog_one2one
SLC35F5,ENSSSCG00000015709,ENSG00000115084,True,ortholog_one2one
SLC35F6,ENSSSCG00000008562,ENSG00000213699,True,ortholog_one2one
SLC35G1,ENSSSCG00000027230,ENSG00000176273,True,ortholog_one2one
SLC35G2,ENSSSCG00000021508,ENSG00000168917,True,ortholog_one2one
SLC36A1,ENSSSCG00000035442,ENSG00000123643,True,ortholog_one2one
SLC36A2,ENSSSCG00000017086,ENSG00000186335,True,ortholog_one2one
SLC36A3,ENSSSCG00000038877,ENSG00000186334,True,ortholog_one2one
SLC36A4,ENSSSCG00000024933,ENSG00000180773,True,ortholog_one2one
SLC37A1,ENSSSCG00000012087,ENSG00000160190,True,ortholog_one2one
SLC37A2,ENSSSCG00000022536,ENSG00000134955,True,ortholog_one2one
SLC37A3,ENSSSCG00000032266,ENSG00000157800,True,ortholog_one2one
SLC39A12,ENSSSCG00000011039,ENSG00000148482,True,ortholog_one2one
SLC39A6,ENSSSCG00000027455,ENSG00000141424,True,ortholog_one2one
SLC39A8,ENSSSCG00000009169,ENSG00000138821,True,ortholog_one2one
SLC3A1,ENSSSCG00000008449,ENSG00000138079,True,ortholog_one2one
SLC3A2,ENSSSCG00000022404,ENSG00000168003,True,ortholog_one2one
SLC40A1,ENSSSCG00000027157,ENSG00000138449,True,ortholog_one2one
SLC41A1,ENSSSCG00000020783,ENSG00000133065,True,ortholog_one2one
SLC41A2,ENSSSCG00000000838,ENSG00000136052,True,ortholog_one2one
SLC41A3,ENSSSCG00000001825,ENSG00000114544,True,ortholog_one2one
SLC43A1,ENSSSCG00000036359,ENSG00000149150,True,ortholog_one2one
SLC43A2,ENSSSCG00000024108,ENSG00000167703,True,ortholog_one2one
SLC43A3,ENSSSCG00000033998,ENSG00000134802,True,ortholog_one2one
SLC44A1,ENSSSCG00000005425,ENSG00000070214,True,ortholog_one2one
SLC44A2,ENSSSCG00000013639,ENSG00000129353,True,ortholog_one2one
SLC4A11,ENSSSCG00000007157,ENSG00000088836,True,ortholog_one2one
SLC4A1AP,ENSSSCG00000008549,ENSG00000163798,True,ortholog_one2one
SLC4A4,ENSSSCG00000008943,ENSG00000080493,True,ortholog_one2one
SLC4A7,ENSSSCG00000011218,ENSG00000033867,True,ortholog_one2one
SLC4A8,ENSSSCG00000028060,ENSG00000050438,True,ortholog_one2one
SLC4A9,ENSSSCG00000014363,ENSG00000113073,True,ortholog_one2one
SLC50A1,ENSSSCG00000006529,ENSG00000169241,True,ortholog_one2one
SLC51A,ENSSSCG00000011846,ENSG00000163959,True,ortholog_one2one
SLC51B,ENSSSCG00000004923,ENSG00000186198,True,ortholog_one2one
SLC52A3,ENSSSCG00000007199,ENSG00000101276,True,ortholog_one2one
SLC5A11,ENSSSCG00000033071,ENSG00000158865,True,ortholog_one2one
SLC5A2,ENSSSCG00000024058,ENSG00000140675,True,ortholog_one2one
SLC5A4,ENSSSCG00000010039,ENSG00000100191,True,ortholog_one2one
SLC5A5,ENSSSCG00000013890,ENSG00000105641,True,ortholog_one2one
SLC5A7,ENSSSCG00000008140,ENSG00000115665,True,ortholog_one2one
SLC6A11,ENSSSCG00000039850,ENSG00000132164,True,ortholog_one2one
SLC6A12,ENSSSCG00000000749,ENSG00000111181,True,ortholog_one2one
SLC6A15,ENSSSCG00000000936,ENSG00000072041,True,ortholog_one2one
SLC6A17,ENSSSCG00000006811,ENSG00000197106,True,ortholog_one2one
SLC6A18,ENSSSCG00000017117,ENSG00000164363,True,ortholog_one2one
SLC6A19,ENSSSCG00000017120,ENSG00000174358,True,ortholog_one2one
SLC6A20,ENSSSCG00000028643,ENSG00000163817,True,ortholog_one2one
SLC6A3,ENSSSCG00000017121,ENSG00000142319,True,ortholog_one2one
SLC6A4,ENSSSCG00000017797,ENSG00000108576,True,ortholog_one2one
SLC6A5,ENSSSCG00000037705,ENSG00000165970,True,ortholog_one2one
SLC6A6,ENSSSCG00000011600,ENSG00000131389,True,ortholog_one2one
SLC6A7,ENSSSCG00000014447,ENSG00000011083,True,ortholog_one2one
SLC6A9,ENSSSCG00000039770,ENSG00000196517,True,ortholog_one2one
SLC7A1,ENSSSCG00000029456,ENSG00000139514,True,ortholog_one2one
SLC7A10,ENSSSCG00000002864,ENSG00000130876,True,ortholog_one2one
SLC7A3,ENSSSCG00000024346,ENSG00000165349,True,ortholog_one2one
SLC7A4,ENSSSCG00000010102,ENSG00000099960,True,ortholog_one2one
SLC9A5,ENSSSCG00000002783,ENSG00000135740,True,ortholog_one2one
SLC9A6,ENSSSCG00000012698,ENSG00000198689,True,ortholog_one2one
SLC9A7,ENSSSCG00000012266,ENSG00000065923,True,ortholog_one2one
SLC9A8,ENSSSCG00000007466,ENSG00000197818,True,ortholog_one2one
SLC9B1,ENSSSCG00000009162,ENSG00000164037,True,ortholog_one2one
SLC9B2,ENSSSCG00000028101,ENSG00000164038,True,ortholog_one2one
SLC9C1,ENSSSCG00000023918,ENSG00000172139,True,ortholog_one2one
SLCO1A2,ENSSSCG00000000584,ENSG00000084453,True,ortholog_one2one
SLCO1C1,ENSSSCG00000000585,ENSG00000139155,True,ortholog_one2one
SLCO2A1,ENSSSCG00000011641,ENSG00000174640,True,ortholog_one2one
SLCO2B1,ENSSSCG00000014851,ENSG00000137491,True,ortholog_one2one
SLCO3A1,ENSSSCG00000002263,ENSG00000176463,True,ortholog_one2one
SLCO4A1,ENSSSCG00000039419,ENSG00000101187,True,ortholog_one2one
SLCO4C1,ENSSSCG00000014182,ENSG00000173930,True,ortholog_one2one
SLF2,ENSSSCG00000037592,ENSG00000119906,True,ortholog_one2one
SLIT1,ENSSSCG00000010512,ENSG00000187122,True,ortholog_one2one
SLITRK1,ENSSSCG00000009485,ENSG00000178235,True,ortholog_one2one
SLITRK5,ENSSSCG00000009488,ENSG00000165300,True,ortholog_one2one
SLITRK6,ENSSSCG00000009486,ENSG00000184564,True,ortholog_one2one
SLK,ENSSSCG00000010606,ENSG00000065613,True,ortholog_one2one
SLMAP,ENSSSCG00000038873,ENSG00000163681,True,ortholog_one2one
SLPI,ENSSSCG00000039573,ENSG00000124107,True,ortholog_one2one
SLTM,ENSSSCG00000004592,ENSG00000137776,True,ortholog_one2one
SLU7,ENSSSCG00000017033,ENSG00000164609,True,ortholog_one2one
SLX4,ENSSSCG00000007954,ENSG00000188827,True,ortholog_one2one
SLX9,ENSSSCG00000028571,ENSG00000160256,True,ortholog_one2one
SMAD1,ENSSSCG00000009040,ENSG00000170365,True,ortholog_one2one
SMAD2,ENSSSCG00000004505,ENSG00000175387,True,ortholog_one2one
SMARCA1,ENSSSCG00000012649,ENSG00000102038,True,ortholog_one2one
SMARCA4,ENSSSCG00000013629,ENSG00000127616,True,ortholog_one2one
SMARCAD1,ENSSSCG00000009193,ENSG00000163104,True,ortholog_one2one
SMARCAL1,ENSSSCG00000035501,ENSG00000138375,True,ortholog_one2one
SMARCC2,ENSSSCG00000000382,ENSG00000139613,True,ortholog_one2one
SMARCD3,ENSSSCG00000016435,ENSG00000082014,True,ortholog_one2one
SMC1B,ENSSSCG00000032971,ENSG00000077935,True,ortholog_one2one
SMC2,ENSSSCG00000005403,ENSG00000136824,True,ortholog_one2one
SMC3,ENSSSCG00000010625,ENSG00000108055,True,ortholog_one2one
SMC4,ENSSSCG00000011731,ENSG00000113810,True,ortholog_one2one
SMC6,ENSSSCG00000008614,ENSG00000163029,True,ortholog_one2one
SMCHD1,ENSSSCG00000029030,ENSG00000101596,True,ortholog_one2one
SMCO1,ENSSSCG00000031614,ENSG00000214097,True,ortholog_one2one
SMCO2,ENSSSCG00000000550,ENSG00000165935,True,ortholog_one2one
SMCO3,ENSSSCG00000000610,ENSG00000179256,True,ortholog_one2one
SMG6,ENSSSCG00000017826,ENSG00000070366,True,ortholog_one2one
SMIM24,ENSSSCG00000038067,ENSG00000095932,True,ortholog_one2one
SMIM28,ENSSSCG00000048346,ENSG00000262543,True,ortholog_one2one
SMIM32,ENSSSCG00000040031,ENSG00000271824,True,ortholog_one2one
SMIM35,ENSSSCG00000050318,ENSG00000255274,True,ortholog_one2one
SMIM43,ENSSSCG00000044775,ENSG00000164112,True,ortholog_one2one
SMIM7,ENSSSCG00000013863,ENSG00000214046,True,ortholog_one2one
SMIM8,ENSSSCG00000004300,ENSG00000111850,True,ortholog_one2one
SMLR1,ENSSSCG00000033538,ENSG00000256162,True,ortholog_one2one
SMNDC1,ENSSSCG00000030507,ENSG00000119953,True,ortholog_one2one
SMO,ENSSSCG00000016569,ENSG00000128602,True,ortholog_one2one
SMOC1,ENSSSCG00000002314,ENSG00000198732,True,ortholog_one2one
SMOX,ENSSSCG00000007140,ENSG00000088826,True,ortholog_one2one
SMPD1,ENSSSCG00000014627,ENSG00000166311,True,ortholog_one2one
SMPD2,ENSSSCG00000004408,ENSG00000135587,True,ortholog_one2one
SMPD3,ENSSSCG00000002764,ENSG00000103056,True,ortholog_one2one
SMPX,ENSSSCG00000032720,ENSG00000091482,True,ortholog_one2one
SMU1,ENSSSCG00000010999,ENSG00000122692,True,ortholog_one2one
SMUG1,ENSSSCG00000024221,ENSG00000123415,True,ortholog_one2one
SMURF1,ENSSSCG00000030153,ENSG00000198742,True,ortholog_one2one
SMURF2,ENSSSCG00000032176,ENSG00000108854,True,ortholog_one2one
SMYD1,ENSSSCG00000008215,ENSG00000115593,True,ortholog_one2one
SMYD2,ENSSSCG00000015583,ENSG00000143499,True,ortholog_one2one
SMYD3,ENSSSCG00000022034,ENSG00000185420,True,ortholog_one2one
SMYD4,ENSSSCG00000017819,ENSG00000186532,True,ortholog_one2one
SMYD5,ENSSSCG00000008305,ENSG00000135632,True,ortholog_one2one
SNAI1,ENSSSCG00000032613,ENSG00000124216,True,ortholog_one2one
SNAI2,ENSSSCG00000039568,ENSG00000019549,True,ortholog_one2one
SNAI3,ENSSSCG00000040145,ENSG00000185669,True,ortholog_one2one
SNAP23,ENSSSCG00000038735,ENSG00000092531,True,ortholog_one2one
SNAP25,ENSSSCG00000026985,ENSG00000132639,True,ortholog_one2one
SNAP29,ENSSSCG00000010094,ENSG00000099940,True,ortholog_one2one
SNAPC1,ENSSSCG00000005097,ENSG00000023608,True,ortholog_one2one
SNCG,ENSSSCG00000026850,ENSG00000173267,True,ortholog_one2one
SND1,ENSSSCG00000016590,ENSG00000197157,True,ortholog_one2one
SNED1,ENSSSCG00000016381,ENSG00000162804,True,ortholog_one2one
SNF8,ENSSSCG00000021461,ENSG00000159210,True,ortholog_one2one
SNIP1,ENSSSCG00000029991,ENSG00000163877,True,ortholog_one2one
SNORA11G,ENSSSCG00000038263,ENSG00000221750,True,ortholog_one2one
SNORA12,ENSSSCG00000018383,ENSG00000212464,True,ortholog_one2one
SNORA20,ENSSSCG00000018605,ENSG00000207392,True,ortholog_one2one
SNORA21,ENSSSCG00000030374,ENSG00000199293,True,ortholog_one2one
SNORA28,ENSSSCG00000036992,ENSG00000272533,True,ortholog_one2one
SNORA29,ENSSSCG00000018530,ENSG00000206910,True,ortholog_one2one
SNORA2C,ENSSSCG00000020533,ENSG00000221491,True,ortholog_one2one
SNORA30,ENSSSCG00000019607,ENSG00000206755,True,ortholog_one2one
SNORA31,ENSSSCG00000020938,ENSG00000199477,True,ortholog_one2one
SNORA55,ENSSSCG00000025504,ENSG00000201457,True,ortholog_one2one
SNORA58B,ENSSSCG00000040143,ENSG00000201129,True,ortholog_one2one
SNORA59A,ENSSSCG00000041182,ENSG00000239149,True,ortholog_one2one
SNORA5C,ENSSSCG00000019629,ENSG00000201772,True,ortholog_one2one
SNORA65,ENSSSCG00000018580,ENSG00000201302,True,ortholog_one2one
SNORA66,ENSSSCG00000018448,ENSG00000207523,True,ortholog_one2one
SNORA68,ENSSSCG00000018685,ENSG00000207166,True,ortholog_one2one
SNORA79,ENSSSCG00000019738,ENSG00000221303,True,ortholog_one2one
SNORA8,ENSSSCG00000019451,ENSG00000207304,True,ortholog_one2one
SNORA80E,ENSSSCG00000019284,ENSG00000207475,True,ortholog_one2one
SNORA81,ENSSSCG00000020580,ENSG00000221420,True,ortholog_one2one
SNORA84,ENSSSCG00000034789,ENSG00000239183,True,ortholog_one2one
SNORC,ENSSSCG00000016294,ENSG00000182600,True,ortholog_one2one
SNORD10,ENSSSCG00000019619,ENSG00000238917,True,ortholog_one2one
SNORD101,ENSSSCG00000018352,ENSG00000206754,True,ortholog_one2one
SNORD113-9,ENSSSCG00000019064,ENSG00000201950,True,ortholog_one2one
SNORD121A,ENSSSCG00000018689,ENSG00000238886,True,ortholog_one2one
SNORD121B,ENSSSCG00000023577,ENSG00000238300,True,ortholog_one2one
SNORD124,ENSSSCG00000034694,ENSG00000238793,True,ortholog_one2one
SNORD125,ENSSSCG00000019402,ENSG00000239127,True,ortholog_one2one
SNORD126,ENSSSCG00000044313,ENSG00000238344,True,ortholog_one2one
SNORD127,ENSSSCG00000019885,ENSG00000239043,True,ortholog_one2one
SNORD17,ENSSSCG00000018309,ENSG00000212232,True,ortholog_one2one
SNORD19,ENSSSCG00000018540,ENSG00000212493,True,ortholog_one2one
SNORD19B,ENSSSCG00000019159,ENSG00000238862,True,ortholog_one2one
SNORD2,ENSSSCG00000018746,ENSG00000238942,True,ortholog_one2one
SNORD20,ENSSSCG00000018293,ENSG00000207280,True,ortholog_one2one
SNORD21,ENSSSCG00000018923,ENSG00000206680,True,ortholog_one2one
SNORD23,ENSSSCG00000020791,ENSG00000221803,True,ortholog_one2one
SNORD35A,ENSSSCG00000027829,ENSG00000200259,True,ortholog_one2one
SNORD35B,ENSSSCG00000024521,ENSG00000200530,True,ortholog_one2one
SNORD37,ENSSSCG00000029719,ENSG00000206775,True,ortholog_one2one
SNORD38A,ENSSSCG00000032021,ENSG00000202031,True,ortholog_one2one
SNORD45A,ENSSSCG00000019290,ENSG00000207241,True,ortholog_one2one
SNORD46,ENSSSCG00000018197,ENSG00000200913,True,ortholog_one2one
SNORD51,ENSSSCG00000040898,ENSG00000207047,True,ortholog_one2one
SNORD53,ENSSSCG00000020875,ENSG00000265145,True,ortholog_one2one
SNORD56,ENSSSCG00000018650,ENSG00000229686,True,ortholog_one2one
SNORD57,ENSSSCG00000018196,ENSG00000226572,True,ortholog_one2one
SNORD6,ENSSSCG00000018558,ENSG00000202314,True,ortholog_one2one
SNORD61,ENSSSCG00000018934,ENSG00000206979,True,ortholog_one2one
SNORD67,ENSSSCG00000029026,ENSG00000212135,True,ortholog_one2one
SNORD70B,ENSSSCG00000018574,ENSG00000212309,True,ortholog_one2one
SNORD71,ENSSSCG00000019395,ENSG00000223224,True,ortholog_one2one
SNORD72,ENSSSCG00000022062,ENSG00000212296,True,ortholog_one2one
SNORD8,ENSSSCG00000030175,ENSG00000200785,True,ortholog_one2one
SNORD83A,ENSSSCG00000018184,ENSG00000209482,True,ortholog_one2one
SNORD83B,ENSSSCG00000037826,ENSG00000209480,True,ortholog_one2one
SNORD90,ENSSSCG00000018665,ENSG00000212447,True,ortholog_one2one
SNRPA1,ENSSSCG00000005786,ENSG00000131876,True,ortholog_one2one
SNRPB,ENSSSCG00000040857,ENSG00000125835,True,ortholog_one2one
SNRPB2,ENSSSCG00000037602,ENSG00000125870,True,ortholog_one2one
SNRPC,ENSSSCG00000001531,ENSG00000124562,True,ortholog_one2one
SNRPD1,ENSSSCG00000003701,ENSG00000167088,True,ortholog_one2one
SNRPD2,ENSSSCG00000033500,ENSG00000125743,True,ortholog_one2one
SNRPD3,ENSSSCG00000010058,ENSG00000100028,True,ortholog_one2one
SNRPF,ENSSSCG00000000895,ENSG00000139343,True,ortholog_one2one
SNRPN,ENSSSCG00000028124,ENSG00000128739,True,ortholog_one2one
SNTB1,ENSSSCG00000005994,ENSG00000172164,True,ortholog_one2one
SNTG1,ENSSSCG00000034495,ENSG00000147481,True,ortholog_one2one
SNTN,ENSSSCG00000011492,ENSG00000188817,True,ortholog_one2one
SNUPN,ENSSSCG00000001877,ENSG00000169371,True,ortholog_one2one
SNX13,ENSSSCG00000024761,ENSG00000071189,True,ortholog_one2one
SNX29,ENSSSCG00000037232,ENSG00000048471,True,ortholog_one2one
SNX3,ENSSSCG00000004385,ENSG00000112335,True,ortholog_one2one
SNX30,ENSSSCG00000005471,ENSG00000148158,True,ortholog_one2one
SNX31,ENSSSCG00000006064,ENSG00000174226,True,ortholog_one2one
SNX32,ENSSSCG00000012975,ENSG00000172803,True,ortholog_one2one
SNX4,ENSSSCG00000036828,ENSG00000114520,True,ortholog_one2one
SNX6,ENSSSCG00000040912,ENSG00000129515,True,ortholog_one2one
SNX7,ENSSSCG00000006877,ENSG00000162627,True,ortholog_one2one
SNX8,ENSSSCG00000040977,ENSG00000106266,True,ortholog_one2one
SNX9,ENSSSCG00000030535,ENSG00000130340,True,ortholog_one2one
SOAT1,ENSSSCG00000021464,ENSG00000057252,True,ortholog_one2one
SOAT2,ENSSSCG00000000260,ENSG00000167780,True,ortholog_one2one
SOBP,ENSSSCG00000004379,ENSG00000112320,True,ortholog_one2one
SOCS1,ENSSSCG00000027855,ENSG00000185338,True,ortholog_one2one
SOCS3,ENSSSCG00000036956,ENSG00000184557,True,ortholog_one2one
SORT1,ENSSSCG00000006831,ENSG00000134243,True,ortholog_one2one
SOS1,ENSSSCG00000008478,ENSG00000115904,True,ortholog_one2one
SOS2,ENSSSCG00000005015,ENSG00000100485,True,ortholog_one2one
SOST,ENSSSCG00000039204,ENSG00000167941,True,ortholog_one2one
SOWAHB,ENSSSCG00000008985,ENSG00000186212,True,ortholog_one2one
SOX10,ENSSSCG00000039315,ENSG00000100146,True,ortholog_one2one
SOX11,ENSSSCG00000008649,ENSG00000176887,True,ortholog_one2one
SOX13,ENSSSCG00000015277,ENSG00000143842,True,ortholog_one2one
SOX14,ENSSSCG00000031721,ENSG00000168875,True,ortholog_one2one
SOX18,ENSSSCG00000037865,ENSG00000203883,True,ortholog_one2one
SOX21,ENSSSCG00000009494,ENSG00000125285,True,ortholog_one2one
SOX3,ENSSSCG00000022501,ENSG00000134595,True,ortholog_one2one
SOX30,ENSSSCG00000017051,ENSG00000039600,True,ortholog_one2one
SOX5,ENSSSCG00000000567,ENSG00000134532,True,ortholog_one2one
SOX6,ENSSSCG00000034191,ENSG00000110693,True,ortholog_one2one
SPA17,ENSSSCG00000015197,ENSG00000064199,True,ortholog_one2one
SPACA3,ENSSSCG00000017726,ENSG00000141316,True,ortholog_one2one
SPAG1,ENSSSCG00000027587,ENSG00000104450,True,ortholog_one2one
SPAG16,ENSSSCG00000016166,ENSG00000144451,True,ortholog_one2one
SPAG17,ENSSSCG00000006726,ENSG00000155761,True,ortholog_one2one
SPAG4,ENSSSCG00000007305,ENSG00000061656,True,ortholog_one2one
SPAG5,ENSSSCG00000017758,ENSG00000076382,True,ortholog_one2one
SPAG6,ENSSSCG00000011080,ENSG00000077327,True,ortholog_one2one
SPAG8,ENSSSCG00000025842,ENSG00000137098,True,ortholog_one2one
SPAG9,ENSSSCG00000033228,ENSG00000008294,True,ortholog_one2one
SPAM1,ENSSSCG00000016601,ENSG00000106304,True,ortholog_one2one
SPARC,ENSSSCG00000017082,ENSG00000113140,True,ortholog_one2one
SPARCL1,ENSSSCG00000009222,ENSG00000152583,True,ortholog_one2one
SPAST,ENSSSCG00000008517,ENSG00000021574,True,ortholog_one2one
SPATA16,ENSSSCG00000038177,ENSG00000144962,True,ortholog_one2one
SPATA17,ENSSSCG00000029778,ENSG00000162814,True,ortholog_one2one
SPATA2,ENSSSCG00000033324,ENSG00000158480,True,ortholog_one2one
SPATA2L,ENSSSCG00000029339,ENSG00000158792,True,ortholog_one2one
SPATA9,ENSSSCG00000030114,ENSG00000145757,True,ortholog_one2one
SPATC1,ENSSSCG00000005923,ENSG00000186583,True,ortholog_one2one
SPATC1L,ENSSSCG00000029847,ENSG00000160284,True,ortholog_one2one
SPATS1,ENSSSCG00000039903,ENSG00000249481,True,ortholog_one2one
SPATS2,ENSSSCG00000000199,ENSG00000123352,True,ortholog_one2one
SPATS2L,ENSSSCG00000016090,ENSG00000196141,True,ortholog_one2one
SPC24,ENSSSCG00000033444,ENSG00000161888,True,ortholog_one2one
SPC25,ENSSSCG00000015924,ENSG00000152253,True,ortholog_one2one
SPCS1,ENSSSCG00000011447,ENSG00000114902,True,ortholog_one2one
SPCS2,ENSSSCG00000014850,ENSG00000118363,True,ortholog_one2one
SPDL1,ENSSSCG00000025965,ENSG00000040275,True,ortholog_one2one
SPDYA,ENSSSCG00000008538,ENSG00000163806,True,ortholog_one2one
SPDYC,ENSSSCG00000038112,ENSG00000204710,True,ortholog_one2one
SPECC1,ENSSSCG00000034364,ENSG00000128487,True,ortholog_one2one
SPECC1L,ENSSSCG00000010053,ENSG00000100014,True,ortholog_one2one
SPEF2,ENSSSCG00000016831,ENSG00000152582,True,ortholog_one2one
SPINDOC,ENSSSCG00000013048,ENSG00000168005,True,ortholog_one2one
SPINK1,ENSSSCG00000034511,ENSG00000164266,True,ortholog_one2one
SPINK13,ENSSSCG00000047137,ENSG00000214510,True,ortholog_one2one
SPINK14,ENSSSCG00000033173,ENSG00000196800,True,ortholog_one2one
SPINK4,ENSSSCG00000010997,ENSG00000122711,True,ortholog_one2one
SPINK8,ENSSSCG00000045798,ENSG00000229453,True,ortholog_one2one
SPINK9,ENSSSCG00000014426,ENSG00000204909,True,ortholog_one2one
SPINT1,ENSSSCG00000004759,ENSG00000166145,True,ortholog_one2one
SPINT2,ENSSSCG00000002954,ENSG00000167642,True,ortholog_one2one
SPIRE1,ENSSSCG00000039769,ENSG00000134278,True,ortholog_one2one
SPIRE2,ENSSSCG00000002635,ENSG00000204991,True,ortholog_one2one
SPMAP2,ENSSSCG00000014002,ENSG00000105549,True,ortholog_one2one
SPMAP2L,ENSSSCG00000032353,ENSG00000249693,True,ortholog_one2one
SPOP,ENSSSCG00000020796,ENSG00000121067,True,ortholog_one2one
SPPL2A,ENSSSCG00000004635,ENSG00000138600,True,ortholog_one2one
SPPL2C,ENSSSCG00000017314,ENSG00000185294,True,ortholog_one2one
SPPL3,ENSSSCG00000009917,ENSG00000157837,True,ortholog_one2one
SPR,ENSSSCG00000008309,ENSG00000116096,True,ortholog_one2one
SPRED1,ENSSSCG00000039393,ENSG00000166068,True,ortholog_one2one
SPRED2,ENSSSCG00000008357,ENSG00000198369,True,ortholog_one2one
SPRED3,ENSSSCG00000035216,ENSG00000188766,True,ortholog_one2one
SPRING1,ENSSSCG00000035873,ENSG00000111412,True,ortholog_one2one
SPRTN,ENSSSCG00000040087,ENSG00000010072,True,ortholog_one2one
SPRY1,ENSSSCG00000009083,ENSG00000164056,True,ortholog_one2one
SPRY2,ENSSSCG00000009482,ENSG00000136158,True,ortholog_one2one
SPRY3,ENSSSCG00000034345,ENSG00000168939,True,ortholog_one2one
SPRY4,ENSSSCG00000036322,ENSG00000187678,True,ortholog_one2one
SPRYD3,ENSSSCG00000000262,ENSG00000167778,True,ortholog_one2one
SPRYD4,ENSSSCG00000028066,ENSG00000176422,True,ortholog_one2one
SPTLC2,ENSSSCG00000002404,ENSG00000100596,True,ortholog_one2one
SPTY2D1,ENSSSCG00000013361,ENSG00000179119,True,ortholog_one2one
SPX,ENSSSCG00000032123,ENSG00000134548,True,ortholog_one2one
SQOR,ENSSSCG00000004666,ENSG00000137767,True,ortholog_one2one
SRARP,ENSSSCG00000036026,ENSG00000183888,True,ortholog_one2one
SRC,ENSSSCG00000007334,ENSG00000197122,True,ortholog_one2one
SRCAP,ENSSSCG00000007789,ENSG00000080603,True,ortholog_one2one
SRD5A1,ENSSSCG00000017103,ENSG00000145545,True,ortholog_one2one
SREBF1,ENSSSCG00000033626,ENSG00000072310,True,ortholog_one2one
SREBF2,ENSSSCG00000026092,ENSG00000198911,True,ortholog_one2one
SREK1,ENSSSCG00000032726,ENSG00000153914,True,ortholog_one2one
SREK1IP1,ENSSSCG00000041202,ENSG00000153006,True,ortholog_one2one
SRFBP1,ENSSSCG00000022656,ENSG00000151304,True,ortholog_one2one
SRGAP1,ENSSSCG00000029815,ENSG00000196935,True,ortholog_one2one
SRGN,ENSSSCG00000023374,ENSG00000122862,True,ortholog_one2one
SRI,ENSSSCG00000015298,ENSG00000075142,True,ortholog_one2one
SRRM4,ENSSSCG00000009845,ENSG00000139767,True,ortholog_one2one
SRRT,ENSSSCG00000024789,ENSG00000087087,True,ortholog_one2one
SRSF1,ENSSSCG00000017626,ENSG00000136450,True,ortholog_one2one
SRSF10,ENSSSCG00000036293,ENSG00000188529,True,ortholog_one2one
SRSF11,ENSSSCG00000003791,ENSG00000116754,True,ortholog_one2one
SRSF3,ENSSSCG00000001564,ENSG00000112081,True,ortholog_one2one
SRSF5,ENSSSCG00000032583,ENSG00000100650,True,ortholog_one2one
SRSF6,ENSSSCG00000007362,ENSG00000124193,True,ortholog_one2one
SRSF7,ENSSSCG00000008484,ENSG00000115875,True,ortholog_one2one
SRSF9,ENSSSCG00000009906,ENSG00000111786,True,ortholog_one2one
SRXN1,ENSSSCG00000023298,ENSG00000271303,True,ortholog_one2one
SS18,ENSSSCG00000003716,ENSG00000141380,True,ortholog_one2one
SS18L1,ENSSSCG00000035448,ENSG00000184402,True,ortholog_one2one
SSB,ENSSSCG00000015938,ENSG00000138385,True,ortholog_one2one
SSBP3,ENSSSCG00000039594,ENSG00000157216,True,ortholog_one2one
SSBP4,ENSSSCG00000025955,ENSG00000130511,True,ortholog_one2one
SST,ENSSSCG00000033815,ENSG00000157005,True,ortholog_one2one
SSUH2,ENSSSCG00000023082,ENSG00000125046,True,ortholog_one2one
SSX2IP,ENSSSCG00000003757,ENSG00000117155,True,ortholog_one2one
ST13,ENSSSCG00000000071,ENSG00000100380,True,ortholog_one2one
ST14,ENSSSCG00000015246,ENSG00000149418,True,ortholog_one2one
ST18,ENSSSCG00000006266,ENSG00000147488,True,ortholog_one2one
ST3GAL4,ENSSSCG00000015232,ENSG00000110080,True,ortholog_one2one
ST3GAL5,ENSSSCG00000008227,ENSG00000115525,True,ortholog_one2one
ST3GAL6,ENSSSCG00000034493,ENSG00000064225,True,ortholog_one2one
ST6GAL2,ENSSSCG00000008141,ENSG00000144057,True,ortholog_one2one
ST6GALNAC1,ENSSSCG00000017172,ENSG00000070526,True,ortholog_one2one
ST6GALNAC3,ENSSSCG00000024494,ENSG00000184005,True,ortholog_one2one
ST6GALNAC4,ENSSSCG00000005628,ENSG00000136840,True,ortholog_one2one
ST6GALNAC5,ENSSSCG00000033425,ENSG00000117069,True,ortholog_one2one
ST6GALNAC6,ENSSSCG00000005623,ENSG00000160408,True,ortholog_one2one
ST7L,ENSSSCG00000006779,ENSG00000007341,True,ortholog_one2one
STAG3,ENSSSCG00000007650,ENSG00000066923,True,ortholog_one2one
STAMBP,ENSSSCG00000008300,ENSG00000124356,True,ortholog_one2one
STAMBPL1,ENSSSCG00000010446,ENSG00000138134,True,ortholog_one2one
STAP1,ENSSSCG00000008923,ENSG00000035720,True,ortholog_one2one
STAP2,ENSSSCG00000013506,ENSG00000178078,True,ortholog_one2one
STAR,ENSSSCG00000034942,ENSG00000147465,True,ortholog_one2one
STARD10,ENSSSCG00000014818,ENSG00000214530,True,ortholog_one2one
STARD3,ENSSSCG00000017499,ENSG00000131748,True,ortholog_one2one
STARD3NL,ENSSSCG00000024028,ENSG00000010270,True,ortholog_one2one
STARD4,ENSSSCG00000031518,ENSG00000164211,True,ortholog_one2one
STARD5,ENSSSCG00000001788,ENSG00000172345,True,ortholog_one2one
STARD6,ENSSSCG00000004530,ENSG00000174448,True,ortholog_one2one
STARD7,ENSSSCG00000008132,ENSG00000084090,True,ortholog_one2one
STARD8,ENSSSCG00000012828,ENSG00000130052,True,ortholog_one2one
STAT1,ENSSSCG00000016057,ENSG00000115415,True,ortholog_one2one
STAT2,ENSSSCG00000000396,ENSG00000170581,True,ortholog_one2one
STAT3,ENSSSCG00000017403,ENSG00000168610,True,ortholog_one2one
STC2,ENSSSCG00000016983,ENSG00000113739,True,ortholog_one2one
STEEP1,ENSSSCG00000012622,ENSG00000018610,True,ortholog_one2one
STIM2,ENSSSCG00000008762,ENSG00000109689,True,ortholog_one2one
STING1,ENSSSCG00000014349,ENSG00000184584,True,ortholog_one2one
STIP1,ENSSSCG00000021620,ENSG00000168439,True,ortholog_one2one
STK10,ENSSSCG00000022478,ENSG00000072786,True,ortholog_one2one
STK11,ENSSSCG00000013429,ENSG00000118046,True,ortholog_one2one
STK11IP,ENSSSCG00000032964,ENSG00000144589,True,ortholog_one2one
STK16,ENSSSCG00000016214,ENSG00000115661,True,ortholog_one2one
STK17A,ENSSSCG00000016758,ENSG00000164543,True,ortholog_one2one
STK17B,ENSSSCG00000016067,ENSG00000081320,True,ortholog_one2one
STK24,ENSSSCG00000009511,ENSG00000102572,True,ortholog_one2one
STK25,ENSSSCG00000016372,ENSG00000115694,True,ortholog_one2one
STK26,ENSSSCG00000021205,ENSG00000134602,True,ortholog_one2one
STK32B,ENSSSCG00000035020,ENSG00000152953,True,ortholog_one2one
STK32C,ENSSSCG00000010761,ENSG00000165752,True,ortholog_one2one
STK33,ENSSSCG00000030206,ENSG00000130413,True,ortholog_one2one
STK35,ENSSSCG00000007179,ENSG00000125834,True,ortholog_one2one
STK38L,ENSSSCG00000022288,ENSG00000211455,True,ortholog_one2one
STK39,ENSSSCG00000022496,ENSG00000198648,True,ortholog_one2one
STK40,ENSSSCG00000036832,ENSG00000196182,True,ortholog_one2one
STMN4,ENSSSCG00000009662,ENSG00000015592,True,ortholog_one2one
STMND1,ENSSSCG00000001067,ENSG00000230873,True,ortholog_one2one
STOM,ENSSSCG00000036639,ENSG00000148175,True,ortholog_one2one
STOML1,ENSSSCG00000001913,ENSG00000067221,True,ortholog_one2one
STOML2,ENSSSCG00000039782,ENSG00000165283,True,ortholog_one2one
STON2,ENSSSCG00000002412,ENSG00000140022,True,ortholog_one2one
STOX1,ENSSSCG00000010245,ENSG00000165730,True,ortholog_one2one
STOX2,ENSSSCG00000015780,ENSG00000173320,True,ortholog_one2one
STPG1,ENSSSCG00000003541,ENSG00000001460,True,ortholog_one2one
STPG2,ENSSSCG00000009188,ENSG00000163116,True,ortholog_one2one
STPG3,ENSSSCG00000005847,ENSG00000197768,True,ortholog_one2one
STRN3,ENSSSCG00000040657,ENSG00000196792,True,ortholog_one2one
STT3B,ENSSSCG00000011229,ENSG00000163527,True,ortholog_one2one
STX18,ENSSSCG00000038731,ENSG00000168818,True,ortholog_one2one
STX19,ENSSSCG00000045484,ENSG00000178750,True,ortholog_one2one
STX1A,ENSSSCG00000007772,ENSG00000106089,True,ortholog_one2one
STX1B,ENSSSCG00000021238,ENSG00000099365,True,ortholog_one2one
STX2,ENSSSCG00000009747,ENSG00000111450,True,ortholog_one2one
STX3,ENSSSCG00000013119,ENSG00000166900,True,ortholog_one2one
STX4,ENSSSCG00000007768,ENSG00000103496,True,ortholog_one2one
STX5,ENSSSCG00000026293,ENSG00000162236,True,ortholog_one2one
STX6,ENSSSCG00000015539,ENSG00000135823,True,ortholog_one2one
STX7,ENSSSCG00000004190,ENSG00000079950,True,ortholog_one2one
STX8,ENSSSCG00000034964,ENSG00000170310,True,ortholog_one2one
STXBP1,ENSSSCG00000005617,ENSG00000136854,True,ortholog_one2one
STXBP2,ENSSSCG00000013576,ENSG00000076944,True,ortholog_one2one
SUCLG1,ENSSSCG00000008247,ENSG00000163541,True,ortholog_one2one
SUCO,ENSSSCG00000015485,ENSG00000094975,True,ortholog_one2one
SUDS3,ENSSSCG00000009849,ENSG00000111707,True,ortholog_one2one
SULT1B1,ENSSSCG00000032374,ENSG00000173597,True,ortholog_one2one
SULT1C2,ENSSSCG00000022153,ENSG00000198203,True,ortholog_one2one
SULT1C3,ENSSSCG00000028691,ENSG00000196228,True,ortholog_one2one
SULT1E1,ENSSSCG00000039341,ENSG00000109193,True,ortholog_one2one
SULT2A1,ENSSSCG00000033207,ENSG00000105398,True,ortholog_one2one
SULT2B1,ENSSSCG00000023280,ENSG00000088002,True,ortholog_one2one
SUMF1,ENSSSCG00000011532,ENSG00000144455,True,ortholog_one2one
SUMF2,ENSSSCG00000007745,ENSG00000129103,True,ortholog_one2one
SUMO2,ENSSSCG00000017212,ENSG00000188612,True,ortholog_one2one
SUMO3,ENSSSCG00000035795,ENSG00000184900,True,ortholog_one2one
SUN1,ENSSSCG00000007544,ENSG00000164828,True,ortholog_one2one
SUN3,ENSSSCG00000022557,ENSG00000164744,True,ortholog_one2one
SUPT16H,ENSSSCG00000022900,ENSG00000092201,True,ortholog_one2one
SUPT3H,ENSSSCG00000001709,ENSG00000196284,True,ortholog_one2one
SUPT5H,ENSSSCG00000023556,ENSG00000196235,True,ortholog_one2one
SUPT6H,ENSSSCG00000017773,ENSG00000109111,True,ortholog_one2one
SURF2,ENSSSCG00000038459,ENSG00000148291,True,ortholog_one2one
SURF4,ENSSSCG00000040710,ENSG00000148248,True,ortholog_one2one
SURF6,ENSSSCG00000032106,ENSG00000148296,True,ortholog_one2one
SUSD1,ENSSSCG00000005465,ENSG00000106868,True,ortholog_one2one
SUSD2,ENSSSCG00000025393,ENSG00000099994,True,ortholog_one2one
SUSD4,ENSSSCG00000011176,ENSG00000143502,True,ortholog_one2one
SUSD6,ENSSSCG00000002311,ENSG00000100647,True,ortholog_one2one
SUV39H2,ENSSSCG00000011048,ENSG00000152455,True,ortholog_one2one
SUZ12,ENSSSCG00000017744,ENSG00000178691,True,ortholog_one2one
SV2A,ENSSSCG00000006666,ENSG00000159164,True,ortholog_one2one
SV2B,ENSSSCG00000002262,ENSG00000185518,True,ortholog_one2one
SVEP1,ENSSSCG00000005455,ENSG00000165124,True,ortholog_one2one
SVIL,ENSSSCG00000011022,ENSG00000197321,True,ortholog_one2one
SYCE1L,ENSSSCG00000002700,ENSG00000205078,True,ortholog_one2one
SYCE3,ENSSSCG00000000963,ENSG00000217442,True,ortholog_one2one
SYCP1,ENSSSCG00000006750,ENSG00000198765,True,ortholog_one2one
SYCP2L,ENSSSCG00000051558,ENSG00000153157,True,ortholog_one2one
SYCP3,ENSSSCG00000000863,ENSG00000139351,True,ortholog_one2one
SYDE1,ENSSSCG00000013829,ENSG00000105137,True,ortholog_one2one
SYDE2,ENSSSCG00000006947,ENSG00000097096,True,ortholog_one2one
SYF2,ENSSSCG00000037481,ENSG00000117614,True,ortholog_one2one
SYMPK,ENSSSCG00000003093,ENSG00000125755,True,ortholog_one2one
SYN1,ENSSSCG00000012276,ENSG00000008056,True,ortholog_one2one
SYN3,ENSSSCG00000040453,ENSG00000185666,True,ortholog_one2one
SYNC,ENSSSCG00000021232,ENSG00000162520,True,ortholog_one2one
SYNDIG1,ENSSSCG00000007130,ENSG00000101463,True,ortholog_one2one
SYNDIG1L,ENSSSCG00000025000,ENSG00000183379,True,ortholog_one2one
SYNE3,ENSSSCG00000002495,ENSG00000176438,True,ortholog_one2one
SYNJ2BP,ENSSSCG00000026389,ENSG00000213463,True,ortholog_one2one
SYNPO2,ENSSSCG00000009111,ENSG00000172403,True,ortholog_one2one
SYNPO2L,ENSSSCG00000010303,ENSG00000166317,True,ortholog_one2one
SYNPR,ENSSSCG00000027617,ENSG00000163630,True,ortholog_one2one
SYP,ENSSSCG00000012292,ENSG00000102003,True,ortholog_one2one
SYT1,ENSSSCG00000000948,ENSG00000067715,True,ortholog_one2one
SYT10,ENSSSCG00000000527,ENSG00000110975,True,ortholog_one2one
SYT11,ENSSSCG00000006506,ENSG00000132718,True,ortholog_one2one
SYT12,ENSSSCG00000024837,ENSG00000173227,True,ortholog_one2one
SYT14,ENSSSCG00000015610,ENSG00000143469,True,ortholog_one2one
SYT16,ENSSSCG00000005098,ENSG00000139973,True,ortholog_one2one
SYT2,ENSSSCG00000010926,ENSG00000143858,True,ortholog_one2one
SYT4,ENSSSCG00000037079,ENSG00000132872,True,ortholog_one2one
SYT5,ENSSSCG00000021843,ENSG00000129990,True,ortholog_one2one
SYT6,ENSSSCG00000006758,ENSG00000134207,True,ortholog_one2one
SYT8,ENSSSCG00000023537,ENSG00000149043,True,ortholog_one2one
SZT2,ENSSSCG00000003941,ENSG00000198198,True,ortholog_one2one
TAAR2,ENSSSCG00000004183,ENSG00000146378,True,ortholog_one2one
TAB1,ENSSSCG00000000087,ENSG00000100324,True,ortholog_one2one
TAB2,ENSSSCG00000004110,ENSG00000055208,True,ortholog_one2one
TACC2,ENSSSCG00000037530,ENSG00000138162,True,ortholog_one2one
TACO1,ENSSSCG00000036944,ENSG00000136463,True,ortholog_one2one
TACR1,ENSSSCG00000036008,ENSG00000115353,True,ortholog_one2one
TACR2,ENSSSCG00000010254,ENSG00000075073,True,ortholog_one2one
TACR3,ENSSSCG00000009160,ENSG00000169836,True,ortholog_one2one
TACSTD2,ENSSSCG00000003832,ENSG00000184292,True,ortholog_one2one
TADA1,ENSSSCG00000006318,ENSG00000152382,True,ortholog_one2one
TADA2B,ENSSSCG00000029624,ENSG00000173011,True,ortholog_one2one
TAF10,ENSSSCG00000029630,ENSG00000166337,True,ortholog_one2one
TAF3,ENSSSCG00000011127,ENSG00000165632,True,ortholog_one2one
TAF6L,ENSSSCG00000020665,ENSG00000162227,True,ortholog_one2one
TAF7L,ENSSSCG00000012493,ENSG00000102387,True,ortholog_one2one
TAF8,ENSSSCG00000022224,ENSG00000137413,True,ortholog_one2one
TAFA1,ENSSSCG00000042118,ENSG00000183662,True,ortholog_one2one
TAFA2,ENSSSCG00000034686,ENSG00000198673,True,ortholog_one2one
TAFA4,ENSSSCG00000033199,ENSG00000163377,True,ortholog_one2one
TAFA5,ENSSSCG00000034776,ENSG00000219438,True,ortholog_one2one
TAFAZZIN,ENSSSCG00000039655,ENSG00000102125,True,ortholog_one2one
TAGAP,ENSSSCG00000004053,ENSG00000164691,True,ortholog_one2one
TAGLN,ENSSSCG00000015073,ENSG00000149591,True,ortholog_one2one
TAGLN2,ENSSSCG00000006395,ENSG00000158710,True,ortholog_one2one
TALDO1,ENSSSCG00000012847,ENSG00000177156,True,ortholog_one2one
TAMM41,ENSSSCG00000011578,ENSG00000144559,True,ortholog_one2one
TANC2,ENSSSCG00000017298,ENSG00000170921,True,ortholog_one2one
TANGO2,ENSSSCG00000010134,ENSG00000183597,True,ortholog_one2one
TAPBPL,ENSSSCG00000000704,ENSG00000139192,True,ortholog_one2one
TAS1R1,ENSSSCG00000003382,ENSG00000173662,True,ortholog_one2one
TAS1R2,ENSSSCG00000039973,ENSG00000179002,True,ortholog_one2one
TAS1R3,ENSSSCG00000003341,ENSG00000169962,True,ortholog_one2one
TAS2R16,ENSSSCG00000037368,ENSG00000128519,True,ortholog_one2one
TAS2R3,ENSSSCG00000028394,ENSG00000127362,True,ortholog_one2one
TAS2R39,ENSSSCG00000021954,ENSG00000236398,True,ortholog_one2one
TAS2R4,ENSSSCG00000021525,ENSG00000127364,True,ortholog_one2one
TAS2R40,ENSSSCG00000016467,ENSG00000221937,True,ortholog_one2one
TAS2R41,ENSSSCG00000016457,ENSG00000221855,True,ortholog_one2one
TAS2R60,ENSSSCG00000016458,ENSG00000185899,True,ortholog_one2one
TASL,ENSSSCG00000012201,ENSG00000120280,True,ortholog_one2one
TASOR,ENSSSCG00000024201,ENSG00000163946,True,ortholog_one2one
TASP1,ENSSSCG00000007074,ENSG00000089123,True,ortholog_one2one
TAT,ENSSSCG00000002736,ENSG00000198650,True,ortholog_one2one
TATDN1,ENSSSCG00000030603,ENSG00000147687,True,ortholog_one2one
TBATA,ENSSSCG00000010273,ENSG00000166220,True,ortholog_one2one
TBC1D13,ENSSSCG00000005660,ENSG00000107021,True,ortholog_one2one
TBC1D17,ENSSSCG00000003193,ENSG00000104946,True,ortholog_one2one
TBC1D20,ENSSSCG00000036081,ENSG00000125875,True,ortholog_one2one
TBC1D21,ENSSSCG00000001915,ENSG00000167139,True,ortholog_one2one
TBC1D24,ENSSSCG00000027098,ENSG00000162065,True,ortholog_one2one
TBC1D25,ENSSSCG00000040599,ENSG00000068354,True,ortholog_one2one
TBC1D2B,ENSSSCG00000027477,ENSG00000167202,True,ortholog_one2one
TBC1D30,ENSSSCG00000023788,ENSG00000111490,True,ortholog_one2one
TBC1D31,ENSSSCG00000005987,ENSG00000156787,True,ortholog_one2one
TBC1D32,ENSSSCG00000004242,ENSG00000146350,True,ortholog_one2one
TBC1D4,ENSSSCG00000009464,ENSG00000136111,True,ortholog_one2one
TBC1D5,ENSSSCG00000011199,ENSG00000131374,True,ortholog_one2one
TBC1D7,ENSSSCG00000001053,ENSG00000145979,True,ortholog_one2one
TBC1D8,ENSSSCG00000008169,ENSG00000204634,True,ortholog_one2one
TBC1D9,ENSSSCG00000032741,ENSG00000109436,True,ortholog_one2one
TBR1,ENSSSCG00000015891,ENSG00000136535,True,ortholog_one2one
TBRG1,ENSSSCG00000025661,ENSG00000154144,True,ortholog_one2one
TBRG4,ENSSSCG00000016732,ENSG00000136270,True,ortholog_one2one
TBX1,ENSSSCG00000037762,ENSG00000184058,True,ortholog_one2one
TBX10,ENSSSCG00000034410,ENSG00000167800,True,ortholog_one2one
TBX15,ENSSSCG00000006725,ENSG00000092607,True,ortholog_one2one
TBX18,ENSSSCG00000004290,ENSG00000112837,True,ortholog_one2one
TBX19,ENSSSCG00000006299,ENSG00000143178,True,ortholog_one2one
TBX2,ENSSSCG00000027060,ENSG00000121068,True,ortholog_one2one
TBX20,ENSSSCG00000016662,ENSG00000164532,True,ortholog_one2one
TBX21,ENSSSCG00000017517,ENSG00000073861,True,ortholog_one2one
TBX22,ENSSSCG00000012449,ENSG00000122145,True,ortholog_one2one
TBX3,ENSSSCG00000009865,ENSG00000135111,True,ortholog_one2one
TBX4,ENSSSCG00000022980,ENSG00000121075,True,ortholog_one2one
TBX5,ENSSSCG00000009867,ENSG00000089225,True,ortholog_one2one
TBX6,ENSSSCG00000034774,ENSG00000149922,True,ortholog_one2one
TBXA2R,ENSSSCG00000033759,ENSG00000006638,True,ortholog_one2one
TBXAS1,ENSSSCG00000016504,ENSG00000059377,True,ortholog_one2one
TBXT,ENSSSCG00000036609,ENSG00000164458,True,ortholog_one2one
TCEAL9,ENSSSCG00000012527,ENSG00000185222,True,ortholog_one2one
TCEANC,ENSSSCG00000012122,ENSG00000176896,True,ortholog_one2one
TCERG1,ENSSSCG00000014416,ENSG00000113649,True,ortholog_one2one
TCF12,ENSSSCG00000004600,ENSG00000140262,True,ortholog_one2one
TCF15,ENSSSCG00000036940,ENSG00000125878,True,ortholog_one2one
TCF21,ENSSSCG00000033258,ENSG00000118526,True,ortholog_one2one
TCF23,ENSSSCG00000027409,ENSG00000163792,True,ortholog_one2one
TCF24,ENSSSCG00000049935,ENSG00000261787,True,ortholog_one2one
TCF3,ENSSSCG00000013437,ENSG00000071564,True,ortholog_one2one
TCF4,ENSSSCG00000004535,ENSG00000196628,True,ortholog_one2one
TCF7,ENSSSCG00000030680,ENSG00000081059,True,ortholog_one2one
TCF7L1,ENSSSCG00000008241,ENSG00000152284,True,ortholog_one2one
TCF7L2,ENSSSCG00000010638,ENSG00000148737,True,ortholog_one2one
TCFL5,ENSSSCG00000038631,ENSG00000101190,True,ortholog_one2one
TCHHL1,ENSSSCG00000006609,ENSG00000182898,True,ortholog_one2one
TCIM,ENSSSCG00000032320,ENSG00000176907,True,ortholog_one2one
TCIRG1,ENSSSCG00000012890,ENSG00000110719,True,ortholog_one2one
TCL1A,ENSSSCG00000002498,ENSG00000100721,True,ortholog_one2one
TCL1B,ENSSSCG00000002497,ENSG00000213231,True,ortholog_one2one
TCN1,ENSSSCG00000039252,ENSG00000134827,True,ortholog_one2one
TCN2,ENSSSCG00000010011,ENSG00000185339,True,ortholog_one2one
TCOF1,ENSSSCG00000014450,ENSG00000070814,True,ortholog_one2one
TCP1,ENSSSCG00000004048,ENSG00000120438,True,ortholog_one2one
TCP11L1,ENSSSCG00000030326,ENSG00000176148,True,ortholog_one2one
TCP11L2,ENSSSCG00000024881,ENSG00000166046,True,ortholog_one2one
TCTA,ENSSSCG00000037459,ENSG00000145022,True,ortholog_one2one
TCTN1,ENSSSCG00000009826,ENSG00000204852,True,ortholog_one2one
TCTN2,ENSSSCG00000009768,ENSG00000168778,True,ortholog_one2one
TCTN3,ENSSSCG00000010496,ENSG00000119977,True,ortholog_one2one
TDG,ENSSSCG00000000847,ENSG00000139372,True,ortholog_one2one
TDP1,ENSSSCG00000002431,ENSG00000042088,True,ortholog_one2one
TDP2,ENSSSCG00000001092,ENSG00000111802,True,ortholog_one2one
TDRD1,ENSSSCG00000021075,ENSG00000095627,True,ortholog_one2one
TDRD10,ENSSSCG00000006546,ENSG00000163239,True,ortholog_one2one
TDRD12,ENSSSCG00000002857,ENSG00000173809,True,ortholog_one2one
TDRD3,ENSSSCG00000009449,ENSG00000083544,True,ortholog_one2one
TDRD5,ENSSSCG00000015527,ENSG00000162782,True,ortholog_one2one
TDRD6,ENSSSCG00000021218,ENSG00000180113,True,ortholog_one2one
TDRD9,ENSSSCG00000002552,ENSG00000156414,True,ortholog_one2one
TDRKH,ENSSSCG00000027770,ENSG00000182134,True,ortholog_one2one
TDRP,ENSSSCG00000039562,ENSG00000180190,True,ortholog_one2one
TEAD1,ENSSSCG00000013399,ENSG00000187079,True,ortholog_one2one
TEAD2,ENSSSCG00000025568,ENSG00000074219,True,ortholog_one2one
TEAD3,ENSSSCG00000001544,ENSG00000007866,True,ortholog_one2one
TEAD4,ENSSSCG00000000736,ENSG00000197905,True,ortholog_one2one
TEC,ENSSSCG00000008820,ENSG00000135605,True,ortholog_one2one
TECPR1,ENSSSCG00000007601,ENSG00000205356,True,ortholog_one2one
TECPR2,ENSSSCG00000002528,ENSG00000196663,True,ortholog_one2one
TECR,ENSSSCG00000031299,ENSG00000099797,True,ortholog_one2one
TECRL,ENSSSCG00000024681,ENSG00000205678,True,ortholog_one2one
TECTA,ENSSSCG00000023728,ENSG00000109927,True,ortholog_one2one
TECTB,ENSSSCG00000010632,ENSG00000119913,True,ortholog_one2one
TEDC1,ENSSSCG00000040089,ENSG00000185347,True,ortholog_one2one
TEDC2,ENSSSCG00000008055,ENSG00000162062,True,ortholog_one2one
TEDDM1,ENSSSCG00000015546,ENSG00000203730,True,ortholog_one2one
TEF,ENSSSCG00000035152,ENSG00000167074,True,ortholog_one2one
TEFM,ENSSSCG00000017741,ENSG00000172171,True,ortholog_one2one
TEK,ENSSSCG00000005122,ENSG00000120156,True,ortholog_one2one
TEKT1,ENSSSCG00000017884,ENSG00000167858,True,ortholog_one2one
TEKT2,ENSSSCG00000003633,ENSG00000092850,True,ortholog_one2one
TEKT3,ENSSSCG00000018028,ENSG00000125409,True,ortholog_one2one
TEKT5,ENSSSCG00000007904,ENSG00000153060,True,ortholog_one2one
TEN1,ENSSSCG00000017194,ENSG00000257949,True,ortholog_one2one
TENM1,ENSSSCG00000012644,ENSG00000009694,True,ortholog_one2one
TENM2,ENSSSCG00000017018,ENSG00000145934,True,ortholog_one2one
TENM3,ENSSSCG00000015774,ENSG00000218336,True,ortholog_one2one
TENT2,ENSSSCG00000014114,ENSG00000164329,True,ortholog_one2one
TENT5B,ENSSSCG00000036755,ENSG00000158246,True,ortholog_one2one
TENT5C,ENSSSCG00000006729,ENSG00000183508,True,ortholog_one2one
TENT5D,ENSSSCG00000012450,ENSG00000174016,True,ortholog_one2one
TEP1,ENSSSCG00000002142,ENSG00000129566,True,ortholog_one2one
TEPSIN,ENSSSCG00000028593,ENSG00000167302,True,ortholog_one2one
TESK2,ENSSSCG00000003917,ENSG00000070759,True,ortholog_one2one
TEX261,ENSSSCG00000008317,ENSG00000144043,True,ortholog_one2one
TEX264,ENSSSCG00000011424,ENSG00000164081,True,ortholog_one2one
TEX30,ENSSSCG00000009531,ENSG00000151287,True,ortholog_one2one
TEX35,ENSSSCG00000031220,ENSG00000240021,True,ortholog_one2one
TEX36,ENSSSCG00000032832,ENSG00000175018,True,ortholog_one2one
TEX47,ENSSSCG00000021276,ENSG00000164645,True,ortholog_one2one
TEX50,ENSSSCG00000035315,ENSG00000232113,True,ortholog_one2one
TEX55,ENSSSCG00000011905,ENSG00000163424,True,ortholog_one2one
TEX9,ENSSSCG00000004602,ENSG00000151575,True,ortholog_one2one
TF,ENSSSCG00000011640,ENSG00000091513,True,ortholog_one2one
TFAM,ENSSSCG00000040185,ENSG00000108064,True,ortholog_one2one
TFAP2A,ENSSSCG00000001036,ENSG00000137203,True,ortholog_one2one
TFAP2B,ENSSSCG00000025535,ENSG00000008196,True,ortholog_one2one
TFAP2C,ENSSSCG00000007499,ENSG00000087510,True,ortholog_one2one
TFEC,ENSSSCG00000038138,ENSG00000105967,True,ortholog_one2one
TFIP11,ENSSSCG00000009962,ENSG00000100109,True,ortholog_one2one
TFPI2,ENSSSCG00000015322,ENSG00000105825,True,ortholog_one2one
TGDS,ENSSSCG00000009491,ENSG00000088451,True,ortholog_one2one
TGFA,ENSSSCG00000008326,ENSG00000163235,True,ortholog_one2one
TGFB1,ENSSSCG00000003017,ENSG00000105329,True,ortholog_one2one
TGFB1I1,ENSSSCG00000035952,ENSG00000140682,True,ortholog_one2one
TGFB2,ENSSSCG00000010816,ENSG00000092969,True,ortholog_one2one
TGFB3,ENSSSCG00000002385,ENSG00000119699,True,ortholog_one2one
TGFBI,ENSSSCG00000014316,ENSG00000120708,True,ortholog_one2one
TGFBR1,ENSSSCG00000005382,ENSG00000106799,True,ortholog_one2one
TGFBR2,ENSSSCG00000011226,ENSG00000163513,True,ortholog_one2one
TGFBR3L,ENSSSCG00000040598,ENSG00000260001,True,ortholog_one2one
TGFBRAP1,ENSSSCG00000024636,ENSG00000135966,True,ortholog_one2one
TGIF1,ENSSSCG00000024174,ENSG00000177426,True,ortholog_one2one
TGIF2,ENSSSCG00000036002,ENSG00000118707,True,ortholog_one2one
TGOLN2,ENSSSCG00000050627,ENSG00000152291,True,ortholog_one2one
TGS1,ENSSSCG00000006251,ENSG00000137574,True,ortholog_one2one
THBS1,ENSSSCG00000004789,ENSG00000137801,True,ortholog_one2one
THBS2,ENSSSCG00000004012,ENSG00000186340,True,ortholog_one2one
THBS3,ENSSSCG00000006524,ENSG00000169231,True,ortholog_one2one
THBS4,ENSSSCG00000014117,ENSG00000113296,True,ortholog_one2one
THEM5,ENSSSCG00000006614,ENSG00000196407,True,ortholog_one2one
THEM6,ENSSSCG00000032063,ENSG00000130193,True,ortholog_one2one
THEMIS,ENSSSCG00000024392,ENSG00000172673,True,ortholog_one2one
THEMIS2,ENSSSCG00000003584,ENSG00000130775,True,ortholog_one2one
THG1L,ENSSSCG00000036047,ENSG00000113272,True,ortholog_one2one
THNSL1,ENSSSCG00000011071,ENSG00000185875,True,ortholog_one2one
THNSL2,ENSSSCG00000025106,ENSG00000144115,True,ortholog_one2one
THOC2,ENSSSCG00000012639,ENSG00000125676,True,ortholog_one2one
THOC3,ENSSSCG00000014061,ENSG00000051596,True,ortholog_one2one
THOC5,ENSSSCG00000009988,ENSG00000100296,True,ortholog_one2one
THSD4,ENSSSCG00000004980,ENSG00000187720,True,ortholog_one2one
TIFA,ENSSSCG00000009129,ENSG00000145365,True,ortholog_one2one
TIFAB,ENSSSCG00000038110,ENSG00000255833,True,ortholog_one2one
TIGAR,ENSSSCG00000024219,ENSG00000078237,True,ortholog_one2one
TIGD2,ENSSSCG00000032541,ENSG00000180346,True,ortholog_one2one
TIGD3,ENSSSCG00000012994,ENSG00000173825,True,ortholog_one2one
TIGD4,ENSSSCG00000038186,ENSG00000169989,True,ortholog_one2one
TIGD5,ENSSSCG00000040119,ENSG00000179886,True,ortholog_one2one
TIGD7,ENSSSCG00000037309,ENSG00000140993,True,ortholog_one2one
TIGIT,ENSSSCG00000029267,ENSG00000181847,True,ortholog_one2one
TIMELESS,ENSSSCG00000000399,ENSG00000111602,True,ortholog_one2one
TIMM13,ENSSSCG00000022757,ENSG00000099800,True,ortholog_one2one
TIMM17A,ENSSSCG00000037431,ENSG00000134375,True,ortholog_one2one
TIMM17B,ENSSSCG00000022647,ENSG00000126768,True,ortholog_one2one
TIMM21,ENSSSCG00000032494,ENSG00000075336,True,ortholog_one2one
TIMM8B,ENSSSCG00000023599,ENSG00000150779,True,ortholog_one2one
TIMMDC1,ENSSSCG00000037639,ENSG00000113845,True,ortholog_one2one
TIMP3,ENSSSCG00000031866,ENSG00000100234,True,ortholog_one2one
TINF2,ENSSSCG00000001994,ENSG00000092330,True,ortholog_one2one
TIPARP,ENSSSCG00000027646,ENSG00000163659,True,ortholog_one2one
TIPIN,ENSSSCG00000004942,ENSG00000075131,True,ortholog_one2one
TIPRL,ENSSSCG00000006301,ENSG00000143155,True,ortholog_one2one
TIRAP,ENSSSCG00000022413,ENSG00000150455,True,ortholog_one2one
TJAP1,ENSSSCG00000001688,ENSG00000137221,True,ortholog_one2one
TJP1,ENSSSCG00000004854,ENSG00000104067,True,ortholog_one2one
TJP2,ENSSSCG00000005247,ENSG00000119139,True,ortholog_one2one
TJP3,ENSSSCG00000013491,ENSG00000105289,True,ortholog_one2one
TK1,ENSSSCG00000037120,ENSG00000167900,True,ortholog_one2one
TK2,ENSSSCG00000038053,ENSG00000166548,True,ortholog_one2one
TKTL2,ENSSSCG00000026079,ENSG00000151005,True,ortholog_one2one
TLCD2,ENSSSCG00000040205,ENSG00000185561,True,ortholog_one2one
TLCD5,ENSSSCG00000037406,ENSG00000181264,True,ortholog_one2one
TLN2,ENSSSCG00000024088,ENSG00000171914,True,ortholog_one2one
TLNRD1,ENSSSCG00000037209,ENSG00000140406,True,ortholog_one2one
TLR1,ENSSSCG00000026583,ENSG00000174125,True,ortholog_one2one
TLR10,ENSSSCG00000027877,ENSG00000174123,True,ortholog_one2one
TLR2,ENSSSCG00000009002,ENSG00000137462,True,ortholog_one2one
TLR3,ENSSSCG00000015801,ENSG00000164342,True,ortholog_one2one
TLR4,ENSSSCG00000005503,ENSG00000136869,True,ortholog_one2one
TLR6,ENSSSCG00000026592,ENSG00000174130,True,ortholog_one2one
TLR7,ENSSSCG00000012117,ENSG00000196664,True,ortholog_one2one
TLR8,ENSSSCG00000012118,ENSG00000101916,True,ortholog_one2one
TLX1,ENSSSCG00000010561,ENSG00000107807,True,ortholog_one2one
TLX2,ENSSSCG00000022499,ENSG00000115297,True,ortholog_one2one
TLX3,ENSSSCG00000016999,ENSG00000164438,True,ortholog_one2one
TM2D1,ENSSSCG00000038861,ENSG00000162604,True,ortholog_one2one
TM2D2,ENSSSCG00000028592,ENSG00000169490,True,ortholog_one2one
TMBIM1,ENSSSCG00000016186,ENSG00000135926,True,ortholog_one2one
TMC1,ENSSSCG00000005266,ENSG00000165091,True,ortholog_one2one
TMC2,ENSSSCG00000007172,ENSG00000149488,True,ortholog_one2one
TMC4,ENSSSCG00000003266,ENSG00000167608,True,ortholog_one2one
TMC5,ENSSSCG00000007868,ENSG00000103534,True,ortholog_one2one
TMC6,ENSSSCG00000032562,ENSG00000141524,True,ortholog_one2one
TMC7,ENSSSCG00000007866,ENSG00000170537,True,ortholog_one2one
TMC8,ENSSSCG00000033592,ENSG00000167895,True,ortholog_one2one
TMCC1,ENSSSCG00000011593,ENSG00000172765,True,ortholog_one2one
TMCC2,ENSSSCG00000015287,ENSG00000133069,True,ortholog_one2one
TMCO1,ENSSSCG00000037314,ENSG00000143183,True,ortholog_one2one
TMCO2,ENSSSCG00000036395,ENSG00000188800,True,ortholog_one2one
TMCO5A,ENSSSCG00000004794,ENSG00000166069,True,ortholog_one2one
TMCO6,ENSSSCG00000014370,ENSG00000113119,True,ortholog_one2one
TMED1,ENSSSCG00000038623,ENSG00000099203,True,ortholog_one2one
TMED2,ENSSSCG00000009772,ENSG00000086598,True,ortholog_one2one
TMEM102,ENSSSCG00000028725,ENSG00000181284,True,ortholog_one2one
TMEM106B,ENSSSCG00000032740,ENSG00000106460,True,ortholog_one2one
TMEM107,ENSSSCG00000027528,ENSG00000179029,True,ortholog_one2one
TMEM108,ENSSSCG00000011635,ENSG00000144868,True,ortholog_one2one
TMEM109,ENSSSCG00000013110,ENSG00000110108,True,ortholog_one2one
TMEM11,ENSSSCG00000034040,ENSG00000178307,True,ortholog_one2one
TMEM114,ENSSSCG00000007915,ENSG00000232258,True,ortholog_one2one
TMEM117,ENSSSCG00000000801,ENSG00000139173,True,ortholog_one2one
TMEM120A,ENSSSCG00000021837,ENSG00000189077,True,ortholog_one2one
TMEM120B,ENSSSCG00000009808,ENSG00000188735,True,ortholog_one2one
TMEM125,ENSSSCG00000024697,ENSG00000179178,True,ortholog_one2one
TMEM126A,ENSSSCG00000025187,ENSG00000171202,True,ortholog_one2one
TMEM126B,ENSSSCG00000014905,ENSG00000171204,True,ortholog_one2one
TMEM128,ENSSSCG00000034122,ENSG00000132406,True,ortholog_one2one
TMEM129,ENSSSCG00000008678,ENSG00000168936,True,ortholog_one2one
TMEM130,ENSSSCG00000007605,ENSG00000166448,True,ortholog_one2one
TMEM131,ENSSSCG00000008192,ENSG00000075568,True,ortholog_one2one
TMEM131L,ENSSSCG00000009007,ENSG00000121210,True,ortholog_one2one
TMEM135,ENSSSCG00000035619,ENSG00000166575,True,ortholog_one2one
TMEM139,ENSSSCG00000031799,ENSG00000178826,True,ortholog_one2one
TMEM144,ENSSSCG00000008874,ENSG00000164124,True,ortholog_one2one
TMEM145,ENSSSCG00000003022,ENSG00000167619,True,ortholog_one2one
TMEM147,ENSSSCG00000040012,ENSG00000105677,True,ortholog_one2one
TMEM14A,ENSSSCG00000002622,ENSG00000096092,True,ortholog_one2one
TMEM150A,ENSSSCG00000008233,ENSG00000168890,True,ortholog_one2one
TMEM151A,ENSSSCG00000012952,ENSG00000179292,True,ortholog_one2one
TMEM151B,ENSSSCG00000040047,ENSG00000178233,True,ortholog_one2one
TMEM156,ENSSSCG00000023785,ENSG00000121895,True,ortholog_one2one
TMEM160,ENSSSCG00000003109,ENSG00000130748,True,ortholog_one2one
TMEM161B,ENSSSCG00000014148,ENSG00000164180,True,ortholog_one2one
TMEM163,ENSSSCG00000015700,ENSG00000152128,True,ortholog_one2one
TMEM164,ENSSSCG00000037670,ENSG00000157600,True,ortholog_one2one
TMEM177,ENSSSCG00000015742,ENSG00000144120,True,ortholog_one2one
TMEM178A,ENSSSCG00000024293,ENSG00000152154,True,ortholog_one2one
TMEM178B,ENSSSCG00000016493,ENSG00000261115,True,ortholog_one2one
TMEM179,ENSSSCG00000039537,ENSG00000258986,True,ortholog_one2one
TMEM179B,ENSSSCG00000032696,ENSG00000185475,True,ortholog_one2one
TMEM18,ENSSSCG00000036880,ENSG00000151353,True,ortholog_one2one
TMEM182,ENSSSCG00000008150,ENSG00000170417,True,ortholog_one2one
TMEM183A,ENSSSCG00000015473,ENSG00000163444,True,ortholog_one2one
TMEM184A,ENSSSCG00000007560,ENSG00000164855,True,ortholog_one2one
TMEM184B,ENSSSCG00000000108,ENSG00000198792,True,ortholog_one2one
TMEM184C,ENSSSCG00000030044,ENSG00000164168,True,ortholog_one2one
TMEM185A,ENSSSCG00000012739,ENSG00000269556,True,ortholog_one2one
TMEM185B,ENSSSCG00000038305,ENSG00000226479,True,ortholog_one2one
TMEM186,ENSSSCG00000033311,ENSG00000184857,True,ortholog_one2one
TMEM187,ENSSSCG00000050581,ENSG00000177854,True,ortholog_one2one
TMEM19,ENSSSCG00000000510,ENSG00000139291,True,ortholog_one2one
TMEM192,ENSSSCG00000020868,ENSG00000170088,True,ortholog_one2one
TMEM202,ENSSSCG00000001926,ENSG00000187806,True,ortholog_one2one
TMEM213,ENSSSCG00000045348,ENSG00000214128,True,ortholog_one2one
TMEM216,ENSSSCG00000013084,ENSG00000187049,True,ortholog_one2one
TMEM222,ENSSSCG00000023636,ENSG00000186501,True,ortholog_one2one
TMEM223,ENSSSCG00000038711,ENSG00000168569,True,ortholog_one2one
TMEM225,ENSSSCG00000015151,ENSG00000204300,True,ortholog_one2one
TMEM229A,ENSSSCG00000016600,ENSG00000234224,True,ortholog_one2one
TMEM231,ENSSSCG00000002708,ENSG00000205084,True,ortholog_one2one
TMEM232,ENSSSCG00000014196,ENSG00000186952,True,ortholog_one2one
TMEM234,ENSSSCG00000037312,ENSG00000160055,True,ortholog_one2one
TMEM236,ENSSSCG00000011037,ENSG00000148483,True,ortholog_one2one
TMEM237,ENSSSCG00000035161,ENSG00000155755,True,ortholog_one2one
TMEM238,ENSSSCG00000035417,ENSG00000233493,True,ortholog_one2one
TMEM239,ENSSSCG00000007169,ENSG00000198326,True,ortholog_one2one
TMEM240,ENSSSCG00000038530,ENSG00000205090,True,ortholog_one2one
TMEM243,ENSSSCG00000025326,ENSG00000135185,True,ortholog_one2one
TMEM248,ENSSSCG00000007736,ENSG00000106609,True,ortholog_one2one
TMEM25,ENSSSCG00000029395,ENSG00000149582,True,ortholog_one2one
TMEM266,ENSSSCG00000001863,ENSG00000169758,True,ortholog_one2one
TMEM267,ENSSSCG00000032979,ENSG00000151881,True,ortholog_one2one
TMEM268,ENSSSCG00000032835,ENSG00000157693,True,ortholog_one2one
TMEM271,ENSSSCG00000043358,ENSG00000273238,True,ortholog_one2one
TMEM31,ENSSSCG00000046055,ENSG00000179363,True,ortholog_one2one
TMEM33,ENSSSCG00000037305,ENSG00000109133,True,ortholog_one2one
TMEM35A,ENSSSCG00000012490,ENSG00000126950,True,ortholog_one2one
TMEM35B,ENSSSCG00000032660,ENSG00000243749,True,ortholog_one2one
TMEM38A,ENSSSCG00000013864,ENSG00000072954,True,ortholog_one2one
TMEM39A,ENSSSCG00000011901,ENSG00000176142,True,ortholog_one2one
TMEM39B,ENSSSCG00000032563,ENSG00000121775,True,ortholog_one2one
TMEM40,ENSSSCG00000011583,ENSG00000088726,True,ortholog_one2one
TMEM41A,ENSSSCG00000025921,ENSG00000163900,True,ortholog_one2one
TMEM45B,ENSSSCG00000015241,ENSG00000151715,True,ortholog_one2one
TMEM52B,ENSSSCG00000032431,ENSG00000165685,True,ortholog_one2one
TMEM54,ENSSSCG00000026455,ENSG00000121900,True,ortholog_one2one
TMEM59,ENSSSCG00000034261,ENSG00000116209,True,ortholog_one2one
TMEM59L,ENSSSCG00000013911,ENSG00000105696,True,ortholog_one2one
TMEM60,ENSSSCG00000038541,ENSG00000135211,True,ortholog_one2one
TMEM61,ENSSSCG00000025097,ENSG00000143001,True,ortholog_one2one
TMEM62,ENSSSCG00000004716,ENSG00000137842,True,ortholog_one2one
TMEM63A,ENSSSCG00000010854,ENSG00000196187,True,ortholog_one2one
TMEM63B,ENSSSCG00000001697,ENSG00000137216,True,ortholog_one2one
TMEM63C,ENSSSCG00000002398,ENSG00000165548,True,ortholog_one2one
TMEM65,ENSSSCG00000040731,ENSG00000164983,True,ortholog_one2one
TMEM67,ENSSSCG00000006108,ENSG00000164953,True,ortholog_one2one
TMEM68,ENSSSCG00000006252,ENSG00000167904,True,ortholog_one2one
TMEM70,ENSSSCG00000021628,ENSG00000175606,True,ortholog_one2one
TMEM71,ENSSSCG00000005951,ENSG00000165071,True,ortholog_one2one
TMEM72,ENSSSCG00000025787,ENSG00000187783,True,ortholog_one2one
TMEM80,ENSSSCG00000044406,ENSG00000177042,True,ortholog_one2one
TMEM82,ENSSSCG00000003466,ENSG00000162460,True,ortholog_one2one
TMEM86A,ENSSSCG00000013360,ENSG00000151117,True,ortholog_one2one
TMEM86B,ENSSSCG00000003302,ENSG00000180089,True,ortholog_one2one
TMEM87A,ENSSSCG00000004730,ENSG00000103978,True,ortholog_one2one
TMEM87B,ENSSSCG00000026954,ENSG00000153214,True,ortholog_one2one
TMEM88,ENSSSCG00000037096,ENSG00000167874,True,ortholog_one2one
TMEM89,ENSSSCG00000011362,ENSG00000183396,True,ortholog_one2one
TMEM9,ENSSSCG00000027928,ENSG00000116857,True,ortholog_one2one
TMEM92,ENSSSCG00000037168,ENSG00000167105,True,ortholog_one2one
TMEM95,ENSSSCG00000017945,ENSG00000182896,True,ortholog_one2one
TMEM97,ENSSSCG00000033123,ENSG00000109084,True,ortholog_one2one
TMEM98,ENSSSCG00000017727,ENSG00000006042,True,ortholog_one2one
TMEM9B,ENSSSCG00000014577,ENSG00000175348,True,ortholog_one2one
TMF1,ENSSSCG00000011510,ENSG00000144747,True,ortholog_one2one
TMIGD1,ENSSSCG00000017798,ENSG00000182271,True,ortholog_one2one
TMOD4,ENSSSCG00000006631,ENSG00000163157,True,ortholog_one2one
TMPRSS11B,ENSSSCG00000008932,ENSG00000185873,True,ortholog_one2one
TMPRSS13,ENSSSCG00000038710,ENSG00000137747,True,ortholog_one2one
TMPRSS15,ENSSSCG00000012019,ENSG00000154646,True,ortholog_one2one
TMPRSS2,ENSSSCG00000024336,ENSG00000184012,True,ortholog_one2one
TMPRSS3,ENSSSCG00000022568,ENSG00000160183,True,ortholog_one2one
TMPRSS4,ENSSSCG00000015086,ENSG00000137648,True,ortholog_one2one
TMPRSS9,ENSSSCG00000028363,ENSG00000178297,True,ortholog_one2one
TMTC1,ENSSSCG00000027447,ENSG00000133687,True,ortholog_one2one
TMTC2,ENSSSCG00000024065,ENSG00000179104,True,ortholog_one2one
TMTC3,ENSSSCG00000000927,ENSG00000139324,True,ortholog_one2one
TMTC4,ENSSSCG00000009524,ENSG00000125247,True,ortholog_one2one
TMX1,ENSSSCG00000038422,ENSG00000139921,True,ortholog_one2one
TMX3,ENSSSCG00000004884,ENSG00000166479,True,ortholog_one2one
TNFAIP8L2,ENSSSCG00000006634,ENSG00000163154,True,ortholog_one2one
TNFAIP8L3,ENSSSCG00000031794,ENSG00000183578,True,ortholog_one2one
TNFRSF11A,ENSSSCG00000004898,ENSG00000141655,True,ortholog_one2one
TNFRSF11B,ENSSSCG00000027762,ENSG00000164761,True,ortholog_one2one
TNFRSF12A,ENSSSCG00000027130,ENSG00000006327,True,ortholog_one2one
TNFRSF13B,ENSSSCG00000040134,ENSG00000240505,True,ortholog_one2one
TNFRSF13C,ENSSSCG00000039074,ENSG00000159958,True,ortholog_one2one
TNFRSF18,ENSSSCG00000038351,ENSG00000186891,True,ortholog_one2one
TNFRSF1A,ENSSSCG00000000708,ENSG00000067182,True,ortholog_one2one
TNFRSF1B,ENSSSCG00000022208,ENSG00000028137,True,ortholog_one2one
TNFRSF25,ENSSSCG00000040001,ENSG00000215788,True,ortholog_one2one
TNFRSF4,ENSSSCG00000003331,ENSG00000186827,True,ortholog_one2one
TNFRSF9,ENSSSCG00000003386,ENSG00000049249,True,ortholog_one2one
TNFSF12,ENSSSCG00000040188,ENSG00000239697,True,ortholog_one2one
TNFSF13B,ENSSSCG00000009542,ENSG00000102524,True,ortholog_one2one
TNFSF4,ENSSSCG00000015488,ENSG00000117586,True,ortholog_one2one
TNIP2,ENSSSCG00000008691,ENSG00000168884,True,ortholog_one2one
TNIP3,ENSSSCG00000009100,ENSG00000050730,True,ortholog_one2one
TNK1,ENSSSCG00000026142,ENSG00000174292,True,ortholog_one2one
TNK2,ENSSSCG00000011849,ENSG00000061938,True,ortholog_one2one
TNKS2,ENSSSCG00000010465,ENSG00000107854,True,ortholog_one2one
TNN,ENSSSCG00000015507,ENSG00000120332,True,ortholog_one2one
TNNC1,ENSSSCG00000011441,ENSG00000114854,True,ortholog_one2one
TNNC2,ENSSSCG00000007424,ENSG00000101470,True,ortholog_one2one
TNNI1,ENSSSCG00000024061,ENSG00000159173,True,ortholog_one2one
TNNI2,ENSSSCG00000033260,ENSG00000130598,True,ortholog_one2one
TNNI3K,ENSSSCG00000040109,ENSG00000116783,True,ortholog_one2one
TNNT2,ENSSSCG00000023031,ENSG00000118194,True,ortholog_one2one
TNNT3,ENSSSCG00000031903,ENSG00000130595,True,ortholog_one2one
TNP2,ENSSSCG00000027300,ENSG00000178279,True,ortholog_one2one
TNPO1,ENSSSCG00000027293,ENSG00000083312,True,ortholog_one2one
TNR,ENSSSCG00000015508,ENSG00000116147,True,ortholog_one2one
TNRC6A,ENSSSCG00000038870,ENSG00000090905,True,ortholog_one2one
TOGARAM1,ENSSSCG00000027765,ENSG00000198718,True,ortholog_one2one
TOM1,ENSSSCG00000038943,ENSG00000100284,True,ortholog_one2one
TOMM20,ENSSSCG00000010158,ENSG00000173726,True,ortholog_one2one
TOMM20L,ENSSSCG00000005075,ENSG00000196860,True,ortholog_one2one
TOMM22,ENSSSCG00000000097,ENSG00000100216,True,ortholog_one2one
TOMM34,ENSSSCG00000007383,ENSG00000025772,True,ortholog_one2one
TOMM40,ENSSSCG00000003089,ENSG00000130204,True,ortholog_one2one
TOMM40L,ENSSSCG00000006354,ENSG00000158882,True,ortholog_one2one
TOMM7,ENSSSCG00000015384,ENSG00000196683,True,ortholog_one2one
TONSL,ENSSSCG00000025116,ENSG00000160949,True,ortholog_one2one
TOP1MT,ENSSSCG00000006958,ENSG00000184428,True,ortholog_one2one
TOP2A,ENSSSCG00000017473,ENSG00000131747,True,ortholog_one2one
TOP6BL,ENSSSCG00000029902,ENSG00000173715,True,ortholog_one2one
TOR3A,ENSSSCG00000015525,ENSG00000186283,True,ortholog_one2one
TOR4A,ENSSSCG00000005845,ENSG00000198113,True,ortholog_one2one
TOX,ENSSSCG00000006235,ENSG00000198846,True,ortholog_one2one
TOX2,ENSSSCG00000022202,ENSG00000124191,True,ortholog_one2one
TOX3,ENSSSCG00000002835,ENSG00000103460,True,ortholog_one2one
TP53,ENSSSCG00000017950,ENSG00000141510,True,ortholog_one2one
TP53BP1,ENSSSCG00000031949,ENSG00000067369,True,ortholog_one2one
TP53BP2,ENSSSCG00000010894,ENSG00000143514,True,ortholog_one2one
TP53I3,ENSSSCG00000008586,ENSG00000115129,True,ortholog_one2one
TP53INP1,ENSSSCG00000034321,ENSG00000164938,True,ortholog_one2one
TP53INP2,ENSSSCG00000022099,ENSG00000078804,True,ortholog_one2one
TP63,ENSSSCG00000025592,ENSG00000073282,True,ortholog_one2one
TP73,ENSSSCG00000025685,ENSG00000078900,True,ortholog_one2one
TPBG,ENSSSCG00000004458,ENSG00000146242,True,ortholog_one2one
TPM1,ENSSSCG00000004570,ENSG00000140416,True,ortholog_one2one
TPMT,ENSSSCG00000001073,ENSG00000137364,True,ortholog_one2one
TPPP2,ENSSSCG00000021950,ENSG00000179636,True,ortholog_one2one
TPPP3,ENSSSCG00000035983,ENSG00000159713,True,ortholog_one2one
TPR,ENSSSCG00000015576,ENSG00000047410,True,ortholog_one2one
TPRA1,ENSSSCG00000011623,ENSG00000163870,True,ortholog_one2one
TPRG1L,ENSSSCG00000003359,ENSG00000158109,True,ortholog_one2one
TPRKB,ENSSSCG00000008297,ENSG00000144034,True,ortholog_one2one
TPRN,ENSSSCG00000036027,ENSG00000176058,True,ortholog_one2one
TPST1,ENSSSCG00000007737,ENSG00000169902,True,ortholog_one2one
TPT1,ENSSSCG00000040929,ENSG00000133112,True,ortholog_one2one
TPX2,ENSSSCG00000007235,ENSG00000088325,True,ortholog_one2one
TRA2B,ENSSSCG00000030225,ENSG00000136527,True,ortholog_one2one
TRABD,ENSSSCG00000000974,ENSG00000170638,True,ortholog_one2one
TRADD,ENSSSCG00000036321,ENSG00000102871,True,ortholog_one2one
TRAF1,ENSSSCG00000005511,ENSG00000056558,True,ortholog_one2one
TRAF3IP1,ENSSSCG00000025228,ENSG00000204104,True,ortholog_one2one
TRAF3IP2,ENSSSCG00000004420,ENSG00000056972,True,ortholog_one2one
TRAF3IP3,ENSSSCG00000032721,ENSG00000009790,True,ortholog_one2one
TRAF4,ENSSSCG00000032658,ENSG00000076604,True,ortholog_one2one
TRAF5,ENSSSCG00000021068,ENSG00000082512,True,ortholog_one2one
TRAF7,ENSSSCG00000008043,ENSG00000131653,True,ortholog_one2one
TRAK1,ENSSSCG00000011278,ENSG00000182606,True,ortholog_one2one
TRAK2,ENSSSCG00000016104,ENSG00000115993,True,ortholog_one2one
TRAM1,ENSSSCG00000006193,ENSG00000067167,True,ortholog_one2one
TRAM1L1,ENSSSCG00000036158,ENSG00000174599,True,ortholog_one2one
TRAM2,ENSSSCG00000038401,ENSG00000065308,True,ortholog_one2one
TRANK1,ENSSSCG00000011239,ENSG00000168016,True,ortholog_one2one
TRAP1,ENSSSCG00000007952,ENSG00000126602,True,ortholog_one2one
TRAPPC10,ENSSSCG00000039085,ENSG00000160218,True,ortholog_one2one
TRAPPC11,ENSSSCG00000015777,ENSG00000168538,True,ortholog_one2one
TRAPPC3,ENSSSCG00000037213,ENSG00000054116,True,ortholog_one2one
TRAPPC3L,ENSSSCG00000040660,ENSG00000173626,True,ortholog_one2one
TRAPPC8,ENSSSCG00000003728,ENSG00000153339,True,ortholog_one2one
TRAV2,ENSSSCG00000031604,ENSG00000211776,True,ortholog_one2one
TRAV4,ENSSSCG00000035110,ENSG00000211778,True,ortholog_one2one
TRAV6,ENSSSCG00000036635,ENSG00000211780,True,ortholog_one2one
TRBV3-1,ENSSSCG00000047566,ENSG00000237702,True,ortholog_one2one
TRBV30,ENSSSCG00000034219,ENSG00000237254,True,ortholog_one2one
TRDMT1,ENSSSCG00000021309,ENSG00000107614,True,ortholog_one2one
TRDN,ENSSSCG00000027613,ENSG00000186439,True,ortholog_one2one
TREH,ENSSSCG00000028204,ENSG00000118094,True,ortholog_one2one
TREM1,ENSSSCG00000033251,ENSG00000124731,True,ortholog_one2one
TREM2,ENSSSCG00000039270,ENSG00000095970,True,ortholog_one2one
TREML2,ENSSSCG00000001616,ENSG00000112195,True,ortholog_one2one
TRERF1,ENSSSCG00000001639,ENSG00000124496,True,ortholog_one2one
TRIM21,ENSSSCG00000014780,ENSG00000132109,True,ortholog_one2one
TRIM33,ENSSSCG00000006757,ENSG00000197323,True,ortholog_one2one
TRIM35,ENSSSCG00000033325,ENSG00000104228,True,ortholog_one2one
TRIM4,ENSSSCG00000007637,ENSG00000146833,True,ortholog_one2one
TRIM41,ENSSSCG00000032836,ENSG00000146063,True,ortholog_one2one
TRIM42,ENSSSCG00000011668,ENSG00000155890,True,ortholog_one2one
TRIM45,ENSSSCG00000006732,ENSG00000134253,True,ortholog_one2one
TRIM46,ENSSSCG00000006526,ENSG00000163462,True,ortholog_one2one
TRIM47,ENSSSCG00000017199,ENSG00000132481,True,ortholog_one2one
TRIM50,ENSSSCG00000007703,ENSG00000146755,True,ortholog_one2one
TRIM55,ENSSSCG00000006216,ENSG00000147573,True,ortholog_one2one
TRIM58,ENSSSCG00000040066,ENSG00000162722,True,ortholog_one2one
TRIM6,ENSSSCG00000032133,ENSG00000121236,True,ortholog_one2one
TRIM62,ENSSSCG00000003620,ENSG00000116525,True,ortholog_one2one
TRIM66,ENSSSCG00000014567,ENSG00000166436,True,ortholog_one2one
TRIM72,ENSSSCG00000007757,ENSG00000177238,True,ortholog_one2one
TRIM8,ENSSSCG00000038856,ENSG00000171206,True,ortholog_one2one
TRIM9,ENSSSCG00000005025,ENSG00000100505,True,ortholog_one2one
TRIML2,ENSSSCG00000006997,ENSG00000179046,True,ortholog_one2one
TRIO,ENSSSCG00000016781,ENSG00000038382,True,ortholog_one2one
TRIOBP,ENSSSCG00000020777,ENSG00000100106,True,ortholog_one2one
TRIP10,ENSSSCG00000013554,ENSG00000125733,True,ortholog_one2one
TRIP11,ENSSSCG00000002445,ENSG00000100815,True,ortholog_one2one
TRIP12,ENSSSCG00000024373,ENSG00000153827,True,ortholog_one2one
TRIP13,ENSSSCG00000034522,ENSG00000071539,True,ortholog_one2one
TRIP6,ENSSSCG00000027486,ENSG00000087077,True,ortholog_one2one
TRIQK,ENSSSCG00000037733,ENSG00000205133,True,ortholog_one2one
TRIR,ENSSSCG00000013727,ENSG00000123144,True,ortholog_one2one
TRIT1,ENSSSCG00000003667,ENSG00000043514,True,ortholog_one2one
TRMT1,ENSSSCG00000013744,ENSG00000104907,True,ortholog_one2one
TRMT11,ENSSSCG00000004220,ENSG00000066651,True,ortholog_one2one
TRMT2A,ENSSSCG00000010136,ENSG00000099899,True,ortholog_one2one
TRMT44,ENSSSCG00000033873,ENSG00000155275,True,ortholog_one2one
TRMT6,ENSSSCG00000007046,ENSG00000089195,True,ortholog_one2one
TRMT61A,ENSSSCG00000034738,ENSG00000166166,True,ortholog_one2one
TRMU,ENSSSCG00000000007,ENSG00000100416,True,ortholog_one2one
TRNAU1AP,ENSSSCG00000030284,ENSG00000180098,True,ortholog_one2one
TRNP1,ENSSSCG00000027325,ENSG00000253368,True,ortholog_one2one
TRNT1,ENSSSCG00000011529,ENSG00000072756,True,ortholog_one2one
TRO,ENSSSCG00000039027,ENSG00000067445,True,ortholog_one2one
TROAP,ENSSSCG00000023176,ENSG00000135451,True,ortholog_one2one
TRPA1,ENSSSCG00000006186,ENSG00000104321,True,ortholog_one2one
TRPC4AP,ENSSSCG00000007289,ENSG00000100991,True,ortholog_one2one
TRPC5,ENSSSCG00000012587,ENSG00000072315,True,ortholog_one2one
TRPM1,ENSSSCG00000004843,ENSG00000134160,True,ortholog_one2one
TRPM2,ENSSSCG00000023762,ENSG00000142185,True,ortholog_one2one
TRPM7,ENSSSCG00000004636,ENSG00000092439,True,ortholog_one2one
TRPV2,ENSSSCG00000018032,ENSG00000187688,True,ortholog_one2one
TRPV6,ENSSSCG00000016469,ENSG00000165125,True,ortholog_one2one
TRRAP,ENSSSCG00000007606,ENSG00000196367,True,ortholog_one2one
TRUB1,ENSSSCG00000010653,ENSG00000165832,True,ortholog_one2one
TRUB2,ENSSSCG00000005645,ENSG00000167112,True,ortholog_one2one
TSACC,ENSSSCG00000006486,ENSG00000163467,True,ortholog_one2one
TSC1,ENSSSCG00000046003,ENSG00000165699,True,ortholog_one2one
TSC2,ENSSSCG00000008040,ENSG00000103197,True,ortholog_one2one
TSC22D2,ENSSSCG00000011708,ENSG00000196428,True,ortholog_one2one
TSEN15,ENSSSCG00000031121,ENSG00000198860,True,ortholog_one2one
TSEN2,ENSSSCG00000011580,ENSG00000154743,True,ortholog_one2one
TSEN54,ENSSSCG00000036852,ENSG00000182173,True,ortholog_one2one
TSFM,ENSSSCG00000037767,ENSG00000123297,True,ortholog_one2one
TSGA10,ENSSSCG00000008186,ENSG00000135951,True,ortholog_one2one
TSHB,ENSSSCG00000006749,ENSG00000134200,True,ortholog_one2one
TSHR,ENSSSCG00000031771,ENSG00000165409,True,ortholog_one2one
TSPAN11,ENSSSCG00000000734,ENSG00000110900,True,ortholog_one2one
TSPAN12,ENSSSCG00000016620,ENSG00000106025,True,ortholog_one2one
TSPAN13,ENSSSCG00000015362,ENSG00000106537,True,ortholog_one2one
TSPAN14,ENSSSCG00000010341,ENSG00000108219,True,ortholog_one2one
TSPAN15,ENSSSCG00000036152,ENSG00000099282,True,ortholog_one2one
TSPAN17,ENSSSCG00000014051,ENSG00000048140,True,ortholog_one2one
TSPAN18,ENSSSCG00000013278,ENSG00000157570,True,ortholog_one2one
TSPAN19,ENSSSCG00000040399,ENSG00000231738,True,ortholog_one2one
TSPAN2,ENSSSCG00000006748,ENSG00000134198,True,ortholog_one2one
TSPAN3,ENSSSCG00000001868,ENSG00000140391,True,ortholog_one2one
TSPAN31,ENSSSCG00000036731,ENSG00000135452,True,ortholog_one2one
TSPAN32,ENSSSCG00000033880,ENSG00000064201,True,ortholog_one2one
TSPAN33,ENSSSCG00000016570,ENSG00000158457,True,ortholog_one2one
TSPAN4,ENSSSCG00000012838,ENSG00000214063,True,ortholog_one2one
TSPAN6,ENSSSCG00000012481,ENSG00000000003,True,ortholog_one2one
TSPAN7,ENSSSCG00000012238,ENSG00000156298,True,ortholog_one2one
TSPAN9,ENSSSCG00000000735,ENSG00000011105,True,ortholog_one2one
TSPYL2,ENSSSCG00000012323,ENSG00000184205,True,ortholog_one2one
TSPYL4,ENSSSCG00000047800,ENSG00000187189,True,ortholog_one2one
TSR1,ENSSSCG00000038534,ENSG00000167721,True,ortholog_one2one
TSR2,ENSSSCG00000012334,ENSG00000158526,True,ortholog_one2one
TSR3,ENSSSCG00000008030,ENSG00000007520,True,ortholog_one2one
TSSC4,ENSSSCG00000036015,ENSG00000184281,True,ortholog_one2one
TSSK2,ENSSSCG00000010113,ENSG00000206203,True,ortholog_one2one
TSSK3,ENSSSCG00000023968,ENSG00000162526,True,ortholog_one2one
TSSK4,ENSSSCG00000025470,ENSG00000139908,True,ortholog_one2one
TSSK6,ENSSSCG00000013937,ENSG00000178093,True,ortholog_one2one
TST,ENSSSCG00000000133,ENSG00000128311,True,ortholog_one2one
TSTD1,ENSSSCG00000006370,ENSG00000215845,True,ortholog_one2one
TSTD2,ENSSSCG00000005367,ENSG00000136925,True,ortholog_one2one
TTBK1,ENSSSCG00000001664,ENSG00000146216,True,ortholog_one2one
TTC1,ENSSSCG00000040528,ENSG00000113312,True,ortholog_one2one
TTC13,ENSSSCG00000010180,ENSG00000143643,True,ortholog_one2one
TTC19,ENSSSCG00000023747,ENSG00000011295,True,ortholog_one2one
TTC21A,ENSSSCG00000011263,ENSG00000168026,True,ortholog_one2one
TTC21B,ENSSSCG00000015908,ENSG00000123607,True,ortholog_one2one
TTC23,ENSSSCG00000004813,ENSG00000103852,True,ortholog_one2one
TTC24,ENSSSCG00000006479,ENSG00000187862,True,ortholog_one2one
TTC27,ENSSSCG00000008512,ENSG00000018699,True,ortholog_one2one
TTC28,ENSSSCG00000009968,ENSG00000100154,True,ortholog_one2one
TTC29,ENSSSCG00000040272,ENSG00000137473,True,ortholog_one2one
TTC3,ENSSSCG00000012062,ENSG00000182670,True,ortholog_one2one
TTC31,ENSSSCG00000008275,ENSG00000115282,True,ortholog_one2one
TTC33,ENSSSCG00000034966,ENSG00000113638,True,ortholog_one2one
TTC34,ENSSSCG00000034547,ENSG00000215912,True,ortholog_one2one
TTC38,ENSSSCG00000000003,ENSG00000075234,True,ortholog_one2one
TTC39B,ENSSSCG00000005186,ENSG00000155158,True,ortholog_one2one
TTC9C,ENSSSCG00000035472,ENSG00000162222,True,ortholog_one2one
TTF1,ENSSSCG00000005725,ENSG00000125482,True,ortholog_one2one
TTI1,ENSSSCG00000007340,ENSG00000101407,True,ortholog_one2one
TTI2,ENSSSCG00000015833,ENSG00000129696,True,ortholog_one2one
TTK,ENSSSCG00000004466,ENSG00000112742,True,ortholog_one2one
TTLL1,ENSSSCG00000000035,ENSG00000100271,True,ortholog_one2one
TTLL10,ENSSSCG00000003336,ENSG00000162571,True,ortholog_one2one
TTLL11,ENSSSCG00000038036,ENSG00000175764,True,ortholog_one2one
TTLL12,ENSSSCG00000000034,ENSG00000100304,True,ortholog_one2one
TTLL13,ENSSSCG00000031810,ENSG00000213471,True,ortholog_one2one
TTLL3,ENSSSCG00000011552,ENSG00000214021,True,ortholog_one2one
TTLL4,ENSSSCG00000016201,ENSG00000135912,True,ortholog_one2one
TTLL5,ENSSSCG00000025984,ENSG00000119685,True,ortholog_one2one
TTLL6,ENSSSCG00000017542,ENSG00000170703,True,ortholog_one2one
TTLL8,ENSSSCG00000000982,ENSG00000138892,True,ortholog_one2one
TTLL9,ENSSSCG00000007236,ENSG00000131044,True,ortholog_one2one
TTPAL,ENSSSCG00000036684,ENSG00000124120,True,ortholog_one2one
TTYH1,ENSSSCG00000003271,ENSG00000167614,True,ortholog_one2one
TUBB1,ENSSSCG00000007523,ENSG00000101162,True,ortholog_one2one
TUBB2B,ENSSSCG00000033655,ENSG00000137285,True,ortholog_one2one
TUBB3,ENSSSCG00000002639,ENSG00000258947,True,ortholog_one2one
TUBB4A,ENSSSCG00000013545,ENSG00000104833,True,ortholog_one2one
TUBB4B,ENSSSCG00000037046,ENSG00000188229,True,ortholog_one2one
TUBB6,ENSSSCG00000038992,ENSG00000176014,True,ortholog_one2one
TUBD1,ENSSSCG00000017669,ENSG00000108423,True,ortholog_one2one
TUBE1,ENSSSCG00000004423,ENSG00000074935,True,ortholog_one2one
TUBG1,ENSSSCG00000036106,ENSG00000131462,True,ortholog_one2one
TUBGCP2,ENSSSCG00000010773,ENSG00000130640,True,ortholog_one2one
TUBGCP3,ENSSSCG00000009553,ENSG00000126216,True,ortholog_one2one
TUBGCP4,ENSSSCG00000004708,ENSG00000137822,True,ortholog_one2one
TUBGCP6,ENSSSCG00000000972,ENSG00000128159,True,ortholog_one2one
TUFM,ENSSSCG00000007803,ENSG00000178952,True,ortholog_one2one
TXK,ENSSSCG00000008819,ENSG00000074966,True,ortholog_one2one
TXNDC12,ENSSSCG00000003867,ENSG00000117862,True,ortholog_one2one
TXNDC15,ENSSSCG00000026106,ENSG00000113621,True,ortholog_one2one
TXNDC16,ENSSSCG00000035934,ENSG00000087301,True,ortholog_one2one
TXNDC17,ENSSSCG00000035820,ENSG00000129235,True,ortholog_one2one
TXNDC5,ENSSSCG00000034131,ENSG00000239264,True,ortholog_one2one
TXNDC8,ENSSSCG00000005454,ENSG00000204193,True,ortholog_one2one
TXNDC9,ENSSSCG00000008181,ENSG00000115514,True,ortholog_one2one
TXNIP,ENSSSCG00000031262,ENSG00000265972,True,ortholog_one2one
TXNL1,ENSSSCG00000004537,ENSG00000091164,True,ortholog_one2one
TXNL4A,ENSSSCG00000005777,ENSG00000141759,True,ortholog_one2one
TXNL4B,ENSSSCG00000025218,ENSG00000140830,True,ortholog_one2one
TXNRD1,ENSSSCG00000000843,ENSG00000198431,True,ortholog_one2one
TXNRD2,ENSSSCG00000010131,ENSG00000184470,True,ortholog_one2one
TXNRD3,ENSSSCG00000023929,ENSG00000197763,True,ortholog_one2one
TYK2,ENSSSCG00000013648,ENSG00000105397,True,ortholog_one2one
TYMS,ENSSSCG00000040678,ENSG00000176890,True,ortholog_one2one
TYSND1,ENSSSCG00000010259,ENSG00000156521,True,ortholog_one2one
U2AF1,ENSSSCG00000033653,ENSG00000160201,True,ortholog_one2one
U2AF1L4,ENSSSCG00000035162,ENSG00000161265,True,ortholog_one2one
U2AF2,ENSSSCG00000034815,ENSG00000063244,True,ortholog_one2one
U2SURP,ENSSSCG00000011684,ENSG00000163714,True,ortholog_one2one
UACA,ENSSSCG00000004973,ENSG00000137831,True,ortholog_one2one
UAP1,ENSSSCG00000006340,ENSG00000117143,True,ortholog_one2one
UAP1L1,ENSSSCG00000040003,ENSG00000197355,True,ortholog_one2one
UBA1,ENSSSCG00000012270,ENSG00000130985,True,ortholog_one2one
UBA3,ENSSSCG00000011506,ENSG00000144744,True,ortholog_one2one
UBA5,ENSSSCG00000011631,ENSG00000081307,True,ortholog_one2one
UBA6,ENSSSCG00000008924,ENSG00000033178,True,ortholog_one2one
UBA7,ENSSSCG00000011393,ENSG00000182179,True,ortholog_one2one
UBAP2,ENSSSCG00000010987,ENSG00000137073,True,ortholog_one2one
UBASH3A,ENSSSCG00000029511,ENSG00000160185,True,ortholog_one2one
UBB,ENSSSCG00000018033,ENSG00000170315,True,ortholog_one2one
UBC,ENSSSCG00000029226,ENSG00000150991,True,ortholog_one2one
UBE2B,ENSSSCG00000038953,ENSG00000119048,True,ortholog_one2one
UBE2C,ENSSSCG00000007423,ENSG00000175063,True,ortholog_one2one
UBE2D1,ENSSSCG00000033323,ENSG00000072401,True,ortholog_one2one
UBE2D2,ENSSSCG00000036711,ENSG00000131508,True,ortholog_one2one
UBE2D4,ENSSSCG00000016722,ENSG00000078967,True,ortholog_one2one
UBE2E3,ENSSSCG00000033987,ENSG00000170035,True,ortholog_one2one
UBE2G2,ENSSSCG00000027165,ENSG00000184787,True,ortholog_one2one
UBE2H,ENSSSCG00000016564,ENSG00000186591,True,ortholog_one2one
UBE2I,ENSSSCG00000021560,ENSG00000103275,True,ortholog_one2one
UBE2J1,ENSSSCG00000004317,ENSG00000198833,True,ortholog_one2one
UBE2J2,ENSSSCG00000003334,ENSG00000160087,True,ortholog_one2one
UBE2O,ENSSSCG00000029901,ENSG00000175931,True,ortholog_one2one
UBE2V2,ENSSSCG00000022190,ENSG00000169139,True,ortholog_one2one
UBE2W,ENSSSCG00000006177,ENSG00000104343,True,ortholog_one2one
UBE2Z,ENSSSCG00000025638,ENSG00000159202,True,ortholog_one2one
UBE3A,ENSSSCG00000004832,ENSG00000114062,True,ortholog_one2one
UBE3B,ENSSSCG00000009933,ENSG00000151148,True,ortholog_one2one
UBE3C,ENSSSCG00000016409,ENSG00000009335,True,ortholog_one2one
UBE4B,ENSSSCG00000003398,ENSG00000130939,True,ortholog_one2one
UBFD1,ENSSSCG00000040265,ENSG00000103353,True,ortholog_one2one
UBIAD1,ENSSSCG00000037325,ENSG00000120942,True,ortholog_one2one
UBL7,ENSSSCG00000001907,ENSG00000138629,True,ortholog_one2one
UBLCP1,ENSSSCG00000017042,ENSG00000164332,True,ortholog_one2one
UBN2,ENSSSCG00000016510,ENSG00000157741,True,ortholog_one2one
UBR1,ENSSSCG00000004717,ENSG00000159459,True,ortholog_one2one
UBR3,ENSSSCG00000015940,ENSG00000144357,True,ortholog_one2one
UBR7,ENSSSCG00000002460,ENSG00000012963,True,ortholog_one2one
UBTD1,ENSSSCG00000010521,ENSG00000165886,True,ortholog_one2one
UBXN1,ENSSSCG00000023110,ENSG00000162191,True,ortholog_one2one
UBXN10,ENSSSCG00000003498,ENSG00000162543,True,ortholog_one2one
UBXN11,ENSSSCG00000033546,ENSG00000158062,True,ortholog_one2one
UBXN2A,ENSSSCG00000033753,ENSG00000173960,True,ortholog_one2one
UBXN2B,ENSSSCG00000006239,ENSG00000215114,True,ortholog_one2one
UBXN4,ENSSSCG00000015690,ENSG00000144224,True,ortholog_one2one
UBXN6,ENSSSCG00000013510,ENSG00000167671,True,ortholog_one2one
UCHL1,ENSSSCG00000022945,ENSG00000154277,True,ortholog_one2one
UCHL3,ENSSSCG00000009466,ENSG00000118939,True,ortholog_one2one
UCK1,ENSSSCG00000005717,ENSG00000130717,True,ortholog_one2one
UCKL1,ENSSSCG00000035939,ENSG00000198276,True,ortholog_one2one
UFL1,ENSSSCG00000004339,ENSG00000014123,True,ortholog_one2one
UFSP1,ENSSSCG00000041835,ENSG00000176125,True,ortholog_one2one
UFSP2,ENSSSCG00000015793,ENSG00000109775,True,ortholog_one2one
UGCG,ENSSSCG00000022780,ENSG00000148154,True,ortholog_one2one
UGDH,ENSSSCG00000030150,ENSG00000109814,True,ortholog_one2one
UGGT1,ENSSSCG00000015857,ENSG00000136731,True,ortholog_one2one
UGGT2,ENSSSCG00000009502,ENSG00000102595,True,ortholog_one2one
UHMK1,ENSSSCG00000006342,ENSG00000152332,True,ortholog_one2one
UHRF2,ENSSSCG00000005201,ENSG00000147854,True,ortholog_one2one
UIMC1,ENSSSCG00000022508,ENSG00000087206,True,ortholog_one2one
ULK1,ENSSSCG00000009742,ENSG00000177169,True,ortholog_one2one
ULK3,ENSSSCG00000001898,ENSG00000140474,True,ortholog_one2one
UMAD1,ENSSSCG00000036169,ENSG00000219545,True,ortholog_one2one
UNC13C,ENSSSCG00000004614,ENSG00000137766,True,ortholog_one2one
UNC13D,ENSSSCG00000017200,ENSG00000092929,True,ortholog_one2one
UNC50,ENSSSCG00000025010,ENSG00000115446,True,ortholog_one2one
UNC5A,ENSSSCG00000014049,ENSG00000113763,True,ortholog_one2one
UNC5B,ENSSSCG00000010276,ENSG00000107731,True,ortholog_one2one
UNC5C,ENSSSCG00000021874,ENSG00000182168,True,ortholog_one2one
UNC5CL,ENSSSCG00000027922,ENSG00000124602,True,ortholog_one2one
UNC5D,ENSSSCG00000015830,ENSG00000156687,True,ortholog_one2one
UNC79,ENSSSCG00000038851,ENSG00000133958,True,ortholog_one2one
UNC80,ENSSSCG00000016153,ENSG00000144406,True,ortholog_one2one
UNC93A,ENSSSCG00000027404,ENSG00000112494,True,ortholog_one2one
UNC93B1,ENSSSCG00000012893,ENSG00000110057,True,ortholog_one2one
UNG,ENSSSCG00000009938,ENSG00000076248,True,ortholog_one2one
UNK,ENSSSCG00000017201,ENSG00000132478,True,ortholog_one2one
UNKL,ENSSSCG00000022963,ENSG00000059145,True,ortholog_one2one
UPF1,ENSSSCG00000039301,ENSG00000005007,True,ortholog_one2one
UPRT,ENSSSCG00000012425,ENSG00000094841,True,ortholog_one2one
UQCC3,ENSSSCG00000038370,ENSG00000204922,True,ortholog_one2one
URB2,ENSSSCG00000010186,ENSG00000135763,True,ortholog_one2one
URGCP,ENSSSCG00000040519,ENSG00000106608,True,ortholog_one2one
URI1,ENSSSCG00000025912,ENSG00000105176,True,ortholog_one2one
UROD,ENSSSCG00000003922,ENSG00000126088,True,ortholog_one2one
UROS,ENSSSCG00000010742,ENSG00000188690,True,ortholog_one2one
USB1,ENSSSCG00000002807,ENSG00000103005,True,ortholog_one2one
USE1,ENSSSCG00000013875,ENSG00000053501,True,ortholog_one2one
USF1,ENSSSCG00000006371,ENSG00000158773,True,ortholog_one2one
USF2,ENSSSCG00000002885,ENSG00000105698,True,ortholog_one2one
USF3,ENSSSCG00000011918,ENSG00000176542,True,ortholog_one2one
USH1C,ENSSSCG00000013377,ENSG00000006611,True,ortholog_one2one
USH1G,ENSSSCG00000017223,ENSG00000182040,True,ortholog_one2one
USHBP1,ENSSSCG00000036575,ENSG00000130307,True,ortholog_one2one
USO1,ENSSSCG00000008971,ENSG00000138768,True,ortholog_one2one
USP13,ENSSSCG00000011765,ENSG00000058056,True,ortholog_one2one
USP22,ENSSSCG00000035671,ENSG00000124422,True,ortholog_one2one
USP31,ENSSSCG00000030424,ENSG00000103404,True,ortholog_one2one
USP34,ENSSSCG00000008382,ENSG00000115464,True,ortholog_one2one
USP36,ENSSSCG00000017165,ENSG00000055483,True,ortholog_one2one
USP37,ENSSSCG00000016194,ENSG00000135913,True,ortholog_one2one
USP38,ENSSSCG00000009049,ENSG00000170185,True,ortholog_one2one
USP39,ENSSSCG00000030435,ENSG00000168883,True,ortholog_one2one
USP4,ENSSSCG00000011382,ENSG00000114316,True,ortholog_one2one
USP40,ENSSSCG00000016306,ENSG00000085982,True,ortholog_one2one
USP42,ENSSSCG00000032705,ENSG00000106346,True,ortholog_one2one
USP43,ENSSSCG00000017995,ENSG00000154914,True,ortholog_one2one
USP44,ENSSSCG00000021307,ENSG00000136014,True,ortholog_one2one
USP45,ENSSSCG00000004351,ENSG00000123552,True,ortholog_one2one
USP46,ENSSSCG00000036284,ENSG00000109189,True,ortholog_one2one
USP48,ENSSSCG00000024197,ENSG00000090686,True,ortholog_one2one
UTP15,ENSSSCG00000014068,ENSG00000164338,True,ortholog_one2one
UTP18,ENSSSCG00000017593,ENSG00000011260,True,ortholog_one2one
UTP20,ENSSSCG00000000869,ENSG00000120800,True,ortholog_one2one
UTP23,ENSSSCG00000030493,ENSG00000147679,True,ortholog_one2one
UTP25,ENSSSCG00000015611,ENSG00000117597,True,ortholog_one2one
UTP3,ENSSSCG00000028466,ENSG00000132467,True,ortholog_one2one
UTRN,ENSSSCG00000004123,ENSG00000152818,True,ortholog_one2one
UTS2,ENSSSCG00000040531,ENSG00000049247,True,ortholog_one2one
UVRAG,ENSSSCG00000028979,ENSG00000198382,True,ortholog_one2one
UVSSA,ENSSSCG00000037035,ENSG00000163945,True,ortholog_one2one
UXS1,ENSSSCG00000008143,ENSG00000115652,True,ortholog_one2one
UXT,ENSSSCG00000012280,ENSG00000126756,True,ortholog_one2one
VAC14,ENSSSCG00000002729,ENSG00000103043,True,ortholog_one2one
VAMP1,ENSSSCG00000000703,ENSG00000139190,True,ortholog_one2one
VANGL1,ENSSSCG00000006746,ENSG00000173218,True,ortholog_one2one
VANGL2,ENSSSCG00000006383,ENSG00000162738,True,ortholog_one2one
VASH1,ENSSSCG00000002389,ENSG00000071246,True,ortholog_one2one
VASH2,ENSSSCG00000015589,ENSG00000143494,True,ortholog_one2one
VAV1,ENSSSCG00000013553,ENSG00000141968,True,ortholog_one2one
VAV2,ENSSSCG00000005743,ENSG00000160293,True,ortholog_one2one
VAX1,ENSSSCG00000010666,ENSG00000148704,True,ortholog_one2one
VAX2,ENSSSCG00000008318,ENSG00000116035,True,ortholog_one2one
VBP1,ENSSSCG00000012811,ENSG00000155959,True,ortholog_one2one
VCAN,ENSSSCG00000014136,ENSG00000038427,True,ortholog_one2one
VCF1,ENSSSCG00000031686,ENSG00000133193,True,ortholog_one2one
VCL,ENSSSCG00000010313,ENSG00000035403,True,ortholog_one2one
VCP,ENSSSCG00000005300,ENSG00000165280,True,ortholog_one2one
VCPIP1,ENSSSCG00000006209,ENSG00000175073,True,ortholog_one2one
VDR,ENSSSCG00000020864,ENSG00000111424,True,ortholog_one2one
VEZT,ENSSSCG00000000900,ENSG00000028203,True,ortholog_one2one
VGF,ENSSSCG00000039053,ENSG00000128564,True,ortholog_one2one
VIM,ENSSSCG00000011033,ENSG00000026025,True,ortholog_one2one
VIP,ENSSSCG00000004078,ENSG00000146469,True,ortholog_one2one
VIPAS39,ENSSSCG00000002403,ENSG00000151445,True,ortholog_one2one
VIPR1,ENSSSCG00000011280,ENSG00000114812,True,ortholog_one2one
VIPR2,ENSSSCG00000016403,ENSG00000106018,True,ortholog_one2one
VIRMA,ENSSSCG00000006100,ENSG00000164944,True,ortholog_one2one
VIT,ENSSSCG00000008501,ENSG00000205221,True,ortholog_one2one
VKORC1L1,ENSSSCG00000028513,ENSG00000196715,True,ortholog_one2one
VLDLR,ENSSSCG00000005229,ENSG00000147852,True,ortholog_one2one
VMAC,ENSSSCG00000031764,ENSG00000187650,True,ortholog_one2one
VMO1,ENSSSCG00000017915,ENSG00000182853,True,ortholog_one2one
VMP1,ENSSSCG00000017668,ENSG00000062716,True,ortholog_one2one
VNN1,ENSSSCG00000004181,ENSG00000112299,True,ortholog_one2one
VNN2,ENSSSCG00000004179,ENSG00000112303,True,ortholog_one2one
VPS26C,ENSSSCG00000012063,ENSG00000157538,True,ortholog_one2one
VPS28,ENSSSCG00000005904,ENSG00000160948,True,ortholog_one2one
VPS33A,ENSSSCG00000028005,ENSG00000139719,True,ortholog_one2one
VPS33B,ENSSSCG00000033954,ENSG00000184056,True,ortholog_one2one
VPS35L,ENSSSCG00000027324,ENSG00000103544,True,ortholog_one2one
VPS36,ENSSSCG00000035658,ENSG00000136100,True,ortholog_one2one
VPS37A,ENSSSCG00000006984,ENSG00000155975,True,ortholog_one2one
VPS37B,ENSSSCG00000028889,ENSG00000139722,True,ortholog_one2one
VPS37D,ENSSSCG00000033358,ENSG00000176428,True,ortholog_one2one
VPS39,ENSSSCG00000004731,ENSG00000166887,True,ortholog_one2one
VPS41,ENSSSCG00000016772,ENSG00000006715,True,ortholog_one2one
VPS45,ENSSSCG00000006661,ENSG00000136631,True,ortholog_one2one
VPS4A,ENSSSCG00000025151,ENSG00000132612,True,ortholog_one2one
VPS4B,ENSSSCG00000004893,ENSG00000119541,True,ortholog_one2one
VPS8,ENSSSCG00000011788,ENSG00000156931,True,ortholog_one2one
VRK3,ENSSSCG00000003204,ENSG00000105053,True,ortholog_one2one
VSIG10,ENSSSCG00000009852,ENSG00000176834,True,ortholog_one2one
VSIG2,ENSSSCG00000015199,ENSG00000019102,True,ortholog_one2one
VSIG4,ENSSSCG00000035170,ENSG00000155659,True,ortholog_one2one
VSIG8,ENSSSCG00000006399,ENSG00000243284,True,ortholog_one2one
VSNL1,ENSSSCG00000008615,ENSG00000163032,True,ortholog_one2one
VSTM1,ENSSSCG00000033542,ENSG00000189068,True,ortholog_one2one
VSTM2A,ENSSSCG00000015636,ENSG00000170419,True,ortholog_one2one
VSTM2L,ENSSSCG00000007338,ENSG00000132821,True,ortholog_one2one
VSTM4,ENSSSCG00000010385,ENSG00000165633,True,ortholog_one2one
VSTM5,ENSSSCG00000014950,ENSG00000214376,True,ortholog_one2one
VSX1,ENSSSCG00000023887,ENSG00000100987,True,ortholog_one2one
VSX2,ENSSSCG00000002363,ENSG00000119614,True,ortholog_one2one
VTCN1,ENSSSCG00000006731,ENSG00000134258,True,ortholog_one2one
VWCE,ENSSSCG00000013093,ENSG00000167992,True,ortholog_one2one
VWDE,ENSSSCG00000022543,ENSG00000146530,True,ortholog_one2one
WAPL,ENSSSCG00000010357,ENSG00000062650,True,ortholog_one2one
WARS2,ENSSSCG00000027153,ENSG00000116874,True,ortholog_one2one
WASF2,ENSSSCG00000003577,ENSG00000158195,True,ortholog_one2one
WASF3,ENSSSCG00000009300,ENSG00000132970,True,ortholog_one2one
WASHC3,ENSSSCG00000036075,ENSG00000120860,True,ortholog_one2one
WASHC4,ENSSSCG00000000840,ENSG00000136051,True,ortholog_one2one
WASHC5,ENSSSCG00000005969,ENSG00000164961,True,ortholog_one2one
WASL,ENSSSCG00000016604,ENSG00000106299,True,ortholog_one2one
WBP1,ENSSSCG00000035061,ENSG00000239779,True,ortholog_one2one
WBP1L,ENSSSCG00000029594,ENSG00000166272,True,ortholog_one2one
WBP2,ENSSSCG00000021672,ENSG00000132471,True,ortholog_one2one
WDFY1,ENSSSCG00000025174,ENSG00000085449,True,ortholog_one2one
WDR12,ENSSSCG00000016116,ENSG00000138442,True,ortholog_one2one
WDR17,ENSSSCG00000015766,ENSG00000150627,True,ortholog_one2one
WDR24,ENSSSCG00000008007,ENSG00000127580,True,ortholog_one2one
WDR25,ENSSSCG00000002517,ENSG00000176473,True,ortholog_one2one
WDR27,ENSSSCG00000004008,ENSG00000184465,True,ortholog_one2one
WDR31,ENSSSCG00000020987,ENSG00000148225,True,ortholog_one2one
WDR33,ENSSSCG00000015861,ENSG00000136709,True,ortholog_one2one
WDR36,ENSSSCG00000014199,ENSG00000134987,True,ortholog_one2one
WDR37,ENSSSCG00000029602,ENSG00000047056,True,ortholog_one2one
WDR38,ENSSSCG00000005594,ENSG00000136918,True,ortholog_one2one
WDR4,ENSSSCG00000023078,ENSG00000160193,True,ortholog_one2one
WDR43,ENSSSCG00000008534,ENSG00000163811,True,ortholog_one2one
WDR44,ENSSSCG00000035488,ENSG00000131725,True,ortholog_one2one
WDR45,ENSSSCG00000012290,ENSG00000196998,True,ortholog_one2one
WDR45B,ENSSSCG00000017133,ENSG00000141580,True,ortholog_one2one
WDR49,ENSSSCG00000011738,ENSG00000174776,True,ortholog_one2one
WDR55,ENSSSCG00000032062,ENSG00000120314,True,ortholog_one2one
WDR64,ENSSSCG00000034164,ENSG00000162843,True,ortholog_one2one
WDR7,ENSSSCG00000004538,ENSG00000091157,True,ortholog_one2one
WDR70,ENSSSCG00000016846,ENSG00000082068,True,ortholog_one2one
WDR72,ENSSSCG00000004615,ENSG00000166415,True,ortholog_one2one
WDR73,ENSSSCG00000022451,ENSG00000177082,True,ortholog_one2one
WDR74,ENSSSCG00000028025,ENSG00000133316,True,ortholog_one2one
WDR75,ENSSSCG00000016036,ENSG00000115368,True,ortholog_one2one
WDR76,ENSSSCG00000004695,ENSG00000092470,True,ortholog_one2one
WDR81,ENSSSCG00000040732,ENSG00000167716,True,ortholog_one2one
WDR83,ENSSSCG00000013722,ENSG00000123154,True,ortholog_one2one
WDR83OS,ENSSSCG00000013721,ENSG00000105583,True,ortholog_one2one
WDR86,ENSSSCG00000016437,ENSG00000187260,True,ortholog_one2one
WDR88,ENSSSCG00000002862,ENSG00000166359,True,ortholog_one2one
WDR89,ENSSSCG00000005112,ENSG00000140006,True,ortholog_one2one
WDR90,ENSSSCG00000007991,ENSG00000161996,True,ortholog_one2one
WFS1,ENSSSCG00000032452,ENSG00000109501,True,ortholog_one2one
WIPF2,ENSSSCG00000017479,ENSG00000171475,True,ortholog_one2one
WIPF3,ENSSSCG00000016685,ENSG00000122574,True,ortholog_one2one
WIPI1,ENSSSCG00000017260,ENSG00000070540,True,ortholog_one2one
WIPI2,ENSSSCG00000007580,ENSG00000157954,True,ortholog_one2one
WIZ,ENSSSCG00000013836,ENSG00000011451,True,ortholog_one2one
WLS,ENSSSCG00000003795,ENSG00000116729,True,ortholog_one2one
WNK1,ENSSSCG00000000753,ENSG00000060237,True,ortholog_one2one
WNK2,ENSSSCG00000034154,ENSG00000165238,True,ortholog_one2one
WNK3,ENSSSCG00000012332,ENSG00000196632,True,ortholog_one2one
WNT1,ENSSSCG00000000183,ENSG00000125084,True,ortholog_one2one
WNT10A,ENSSSCG00000026958,ENSG00000135925,True,ortholog_one2one
WNT16,ENSSSCG00000016617,ENSG00000002745,True,ortholog_one2one
WNT2,ENSSSCG00000016628,ENSG00000105989,True,ortholog_one2one
WNT2B,ENSSSCG00000006780,ENSG00000134245,True,ortholog_one2one
WNT3,ENSSSCG00000017317,ENSG00000108379,True,ortholog_one2one
WRNIP1,ENSSSCG00000001010,ENSG00000124535,True,ortholog_one2one
WSB1,ENSSSCG00000017752,ENSG00000109046,True,ortholog_one2one
WT1,ENSSSCG00000013316,ENSG00000184937,True,ortholog_one2one
WTIP,ENSSSCG00000039166,ENSG00000142279,True,ortholog_one2one
WWC1,ENSSSCG00000035456,ENSG00000113645,True,ortholog_one2one
WWC2,ENSSSCG00000021731,ENSG00000151718,True,ortholog_one2one
WWC3,ENSSSCG00000012108,ENSG00000047644,True,ortholog_one2one
WWOX,ENSSSCG00000027415,ENSG00000186153,True,ortholog_one2one
WWP1,ENSSSCG00000006137,ENSG00000123124,True,ortholog_one2one
WWP2,ENSSSCG00000022609,ENSG00000198373,True,ortholog_one2one
WWTR1,ENSSSCG00000011704,ENSG00000018408,True,ortholog_one2one
XAB2,ENSSSCG00000013582,ENSG00000076924,True,ortholog_one2one
XBP1,ENSSSCG00000030996,ENSG00000100219,True,ortholog_one2one
XCR1,ENSSSCG00000026707,ENSG00000173578,True,ortholog_one2one
XG,ENSSSCG00000036036,ENSG00000124343,True,ortholog_one2one
XIAP,ENSSSCG00000025028,ENSG00000101966,True,ortholog_one2one
XPO4,ENSSSCG00000009276,ENSG00000132953,True,ortholog_one2one
XRCC2,ENSSSCG00000032315,ENSG00000196584,True,ortholog_one2one
XRCC3,ENSSSCG00000002546,ENSG00000126215,True,ortholog_one2one
XRCC5,ENSSSCG00000016177,ENSG00000079246,True,ortholog_one2one
XRN1,ENSSSCG00000011678,ENSG00000114127,True,ortholog_one2one
XRN2,ENSSSCG00000007109,ENSG00000088930,True,ortholog_one2one
XRRA1,ENSSSCG00000021702,ENSG00000166435,True,ortholog_one2one
XYLB,ENSSSCG00000011254,ENSG00000093217,True,ortholog_one2one
XYLT1,ENSSSCG00000007872,ENSG00000103489,True,ortholog_one2one
XYLT2,ENSSSCG00000017573,ENSG00000015532,True,ortholog_one2one
YAE1,ENSSSCG00000030497,ENSG00000241127,True,ortholog_one2one
YAF2,ENSSSCG00000031775,ENSG00000015153,True,ortholog_one2one
YAP1,ENSSSCG00000031429,ENSG00000137693,True,ortholog_one2one
YBEY,ENSSSCG00000033116,ENSG00000182362,True,ortholog_one2one
YDJC,ENSSSCG00000010087,ENSG00000161179,True,ortholog_one2one
YIPF3,ENSSSCG00000033627,ENSG00000137207,True,ortholog_one2one
YIPF5,ENSSSCG00000039309,ENSG00000145817,True,ortholog_one2one
YIPF6,ENSSSCG00000028336,ENSG00000181704,True,ortholog_one2one
YJU2,ENSSSCG00000013499,ENSG00000105248,True,ortholog_one2one
YKT6,ENSSSCG00000016750,ENSG00000106636,True,ortholog_one2one
YLPM1,ENSSSCG00000002372,ENSG00000119596,True,ortholog_one2one
YOD1,ENSSSCG00000015659,ENSG00000180667,True,ortholog_one2one
YPEL2,ENSSSCG00000035400,ENSG00000175155,True,ortholog_one2one
YPEL3,ENSSSCG00000035430,ENSG00000090238,True,ortholog_one2one
YPEL4,ENSSSCG00000037892,ENSG00000166793,True,ortholog_one2one
YPEL5,ENSSSCG00000008529,ENSG00000119801,True,ortholog_one2one
YRDC,ENSSSCG00000040425,ENSG00000196449,True,ortholog_one2one
YTHDC1,ENSSSCG00000035505,ENSG00000083896,True,ortholog_one2one
YTHDC2,ENSSSCG00000014211,ENSG00000047188,True,ortholog_one2one
YTHDF2,ENSSSCG00000027686,ENSG00000198492,True,ortholog_one2one
ZAR1,ENSSSCG00000008824,ENSG00000182223,True,ortholog_one2one
ZBP1,ENSSSCG00000007508,ENSG00000124256,True,ortholog_one2one
ZBTB14,ENSSSCG00000033032,ENSG00000198081,True,ortholog_one2one
ZBTB16,ENSSSCG00000030095,ENSG00000109906,True,ortholog_one2one
ZBTB17,ENSSSCG00000026103,ENSG00000116809,True,ortholog_one2one
ZBTB2,ENSSSCG00000004090,ENSG00000181472,True,ortholog_one2one
ZBTB20,ENSSSCG00000026113,ENSG00000181722,True,ortholog_one2one
ZBTB24,ENSSSCG00000004411,ENSG00000112365,True,ortholog_one2one
ZBTB25,ENSSSCG00000039616,ENSG00000089775,True,ortholog_one2one
ZBTB26,ENSSSCG00000032575,ENSG00000171448,True,ortholog_one2one
ZBTB32,ENSSSCG00000002908,ENSG00000011590,True,ortholog_one2one
ZBTB33,ENSSSCG00000012608,ENSG00000177485,True,ortholog_one2one
ZBTB34,ENSSSCG00000031426,ENSG00000177125,True,ortholog_one2one
ZBTB38,ENSSSCG00000022073,ENSG00000177311,True,ortholog_one2one
ZBTB40,ENSSSCG00000026276,ENSG00000184677,True,ortholog_one2one
ZBTB41,ENSSSCG00000010897,ENSG00000177888,True,ortholog_one2one
ZBTB49,ENSSSCG00000008728,ENSG00000168826,True,ortholog_one2one
ZC2HC1A,ENSSSCG00000006162,ENSG00000104427,True,ortholog_one2one
ZC2HC1C,ENSSSCG00000002380,ENSG00000119703,True,ortholog_one2one
ZC3H10,ENSSSCG00000033568,ENSG00000135482,True,ortholog_one2one
ZC3H12A,ENSSSCG00000037815,ENSG00000163874,True,ortholog_one2one
ZC3H12B,ENSSSCG00000012367,ENSG00000102053,True,ortholog_one2one
ZC3H12C,ENSSSCG00000015014,ENSG00000149289,True,ortholog_one2one
ZC3H12D,ENSSSCG00000004109,ENSG00000178199,True,ortholog_one2one
ZC3H13,ENSSSCG00000009414,ENSG00000123200,True,ortholog_one2one
ZC3H14,ENSSSCG00000002426,ENSG00000100722,True,ortholog_one2one
ZC3H18,ENSSSCG00000035967,ENSG00000158545,True,ortholog_one2one
ZC3H4,ENSSSCG00000003110,ENSG00000130749,True,ortholog_one2one
ZC3H6,ENSSSCG00000008096,ENSG00000188177,True,ortholog_one2one
ZC3H8,ENSSSCG00000008099,ENSG00000144161,True,ortholog_one2one
ZC3HAV1,ENSSSCG00000016512,ENSG00000105939,True,ortholog_one2one
ZC3HAV1L,ENSSSCG00000032786,ENSG00000146858,True,ortholog_one2one
ZC4H2,ENSSSCG00000027657,ENSG00000126970,True,ortholog_one2one
ZCRB1,ENSSSCG00000034066,ENSG00000139168,True,ortholog_one2one
ZCWPW2,ENSSSCG00000038376,ENSG00000206559,True,ortholog_one2one
ZDHHC1,ENSSSCG00000002778,ENSG00000159714,True,ortholog_one2one
ZDHHC13,ENSSSCG00000021688,ENSG00000177054,True,ortholog_one2one
ZDHHC14,ENSSSCG00000035027,ENSG00000175048,True,ortholog_one2one
ZDHHC15,ENSSSCG00000012426,ENSG00000102383,True,ortholog_one2one
ZDHHC16,ENSSSCG00000010519,ENSG00000171307,True,ortholog_one2one
ZDHHC17,ENSSSCG00000000952,ENSG00000186908,True,ortholog_one2one
ZDHHC18,ENSSSCG00000003561,ENSG00000204160,True,ortholog_one2one
ZDHHC19,ENSSSCG00000011847,ENSG00000163958,True,ortholog_one2one
ZDHHC2,ENSSSCG00000006982,ENSG00000104219,True,ortholog_one2one
ZDHHC20,ENSSSCG00000026744,ENSG00000180776,True,ortholog_one2one
ZDHHC21,ENSSSCG00000035730,ENSG00000175893,True,ortholog_one2one
ZDHHC23,ENSSSCG00000011914,ENSG00000184307,True,ortholog_one2one
ZDHHC5,ENSSSCG00000013178,ENSG00000156599,True,ortholog_one2one
ZDHHC8,ENSSSCG00000010138,ENSG00000099904,True,ortholog_one2one
ZFAND1,ENSSSCG00000024780,ENSG00000104231,True,ortholog_one2one
ZFAND2B,ENSSSCG00000016208,ENSG00000158552,True,ortholog_one2one
ZFAT,ENSSSCG00000030947,ENSG00000066827,True,ortholog_one2one
ZFC3H1,ENSSSCG00000000509,ENSG00000133858,True,ortholog_one2one
ZFHX2,ENSSSCG00000040339,ENSG00000136367,True,ortholog_one2one
ZFHX3,ENSSSCG00000002752,ENSG00000140836,True,ortholog_one2one
ZFHX4,ENSSSCG00000006169,ENSG00000091656,True,ortholog_one2one
ZFP14,ENSSSCG00000032673,ENSG00000142065,True,ortholog_one2one
ZFP28,ENSSSCG00000027774,ENSG00000196867,True,ortholog_one2one
ZFP30,ENSSSCG00000029408,ENSG00000120784,True,ortholog_one2one
ZFP36L1,ENSSSCG00000028304,ENSG00000185650,True,ortholog_one2one
ZFP36L2,ENSSSCG00000038549,ENSG00000152518,True,ortholog_one2one
ZFP92,ENSSSCG00000012768,ENSG00000189420,True,ortholog_one2one
ZFYVE27,ENSSSCG00000010528,ENSG00000155256,True,ortholog_one2one
ZGRF1,ENSSSCG00000009120,ENSG00000138658,True,ortholog_one2one
ZHX1,ENSSSCG00000005984,ENSG00000165156,True,ortholog_one2one
ZHX2,ENSSSCG00000021586,ENSG00000178764,True,ortholog_one2one
ZHX3,ENSSSCG00000032566,ENSG00000174306,True,ortholog_one2one
ZIC1,ENSSSCG00000011692,ENSG00000152977,True,ortholog_one2one
ZIC2,ENSSSCG00000009520,ENSG00000043355,True,ortholog_one2one
ZIC3,ENSSSCG00000012705,ENSG00000156925,True,ortholog_one2one
ZIC4,ENSSSCG00000011693,ENSG00000174963,True,ortholog_one2one
ZKSCAN2,ENSSSCG00000007823,ENSG00000155592,True,ortholog_one2one
ZKSCAN4,ENSSSCG00000001204,ENSG00000187626,True,ortholog_one2one
ZKSCAN5,ENSSSCG00000031809,ENSG00000196652,True,ortholog_one2one
ZKSCAN8,ENSSSCG00000001201,ENSG00000198315,True,ortholog_one2one
ZMAT2,ENSSSCG00000029158,ENSG00000146007,True,ortholog_one2one
ZMAT3,ENSSSCG00000033860,ENSG00000172667,True,ortholog_one2one
ZMYND15,ENSSSCG00000017921,ENSG00000141497,True,ortholog_one2one
ZNF10,ENSSSCG00000033616,ENSG00000256223,True,ortholog_one2one
ZNF106,ENSSSCG00000004725,ENSG00000103994,True,ortholog_one2one
ZNF112,ENSSSCG00000003077,ENSG00000062370,True,ortholog_one2one
ZNF12,ENSSSCG00000034517,ENSG00000164631,True,ortholog_one2one
ZNF131,ENSSSCG00000040959,ENSG00000172262,True,ortholog_one2one
ZNF133,ENSSSCG00000007093,ENSG00000125846,True,ortholog_one2one
ZNF135,ENSSSCG00000021888,ENSG00000176293,True,ortholog_one2one
ZNF140,ENSSSCG00000032144,ENSG00000196387,True,ortholog_one2one
ZNF146,ENSSSCG00000025355,ENSG00000167635,True,ortholog_one2one
ZNF148,ENSSSCG00000011858,ENSG00000163848,True,ortholog_one2one
ZNF174,ENSSSCG00000007958,ENSG00000103343,True,ortholog_one2one
ZNF18,ENSSSCG00000018014,ENSG00000154957,True,ortholog_one2one
ZNF219,ENSSSCG00000038313,ENSG00000165804,True,ortholog_one2one
ZNF236,ENSSSCG00000023533,ENSG00000130856,True,ortholog_one2one
ZNF239,ENSSSCG00000029576,ENSG00000196793,True,ortholog_one2one
ZNF24,ENSSSCG00000023276,ENSG00000172466,True,ortholog_one2one
ZNF248,ENSSSCG00000037204,ENSG00000198105,True,ortholog_one2one
ZNF25,ENSSSCG00000010196,ENSG00000175395,True,ortholog_one2one
ZNF251,ENSSSCG00000022161,ENSG00000198169,True,ortholog_one2one
ZNF260,ENSSSCG00000002930,ENSG00000254004,True,ortholog_one2one
ZNF274,ENSSSCG00000003998,ENSG00000171606,True,ortholog_one2one
ZNF277,ENSSSCG00000025910,ENSG00000198839,True,ortholog_one2one
ZNF280C,ENSSSCG00000012659,ENSG00000056277,True,ortholog_one2one
ZNF280D,ENSSSCG00000026960,ENSG00000137871,True,ortholog_one2one
ZNF281,ENSSSCG00000010911,ENSG00000162702,True,ortholog_one2one
ZNF286A,ENSSSCG00000018029,ENSG00000187607,True,ortholog_one2one
ZNF287,ENSSSCG00000018031,ENSG00000141040,True,ortholog_one2one
ZNF333,ENSSSCG00000013786,ENSG00000160961,True,ortholog_one2one
ZNF335,ENSSSCG00000007432,ENSG00000198026,True,ortholog_one2one
ZNF34,ENSSSCG00000005893,ENSG00000196378,True,ortholog_one2one
ZNF346,ENSSSCG00000014046,ENSG00000113761,True,ortholog_one2one
ZNF35,ENSSSCG00000032080,ENSG00000169981,True,ortholog_one2one
ZNF354C,ENSSSCG00000021640,ENSG00000177932,True,ortholog_one2one
ZNF358,ENSSSCG00000025078,ENSG00000198816,True,ortholog_one2one
ZNF362,ENSSSCG00000032078,ENSG00000160094,True,ortholog_one2one
ZNF365,ENSSSCG00000010222,ENSG00000138311,True,ortholog_one2one
ZNF366,ENSSSCG00000016976,ENSG00000178175,True,ortholog_one2one
ZNF37A,ENSSSCG00000031589,ENSG00000075407,True,ortholog_one2one
ZNF382,ENSSSCG00000002933,ENSG00000161298,True,ortholog_one2one
ZNF383,ENSSSCG00000021946,ENSG00000188283,True,ortholog_one2one
ZNF385A,ENSSSCG00000000292,ENSG00000161642,True,ortholog_one2one
ZNF385B,ENSSSCG00000023181,ENSG00000144331,True,ortholog_one2one
ZNF395,ENSSSCG00000009676,ENSG00000186918,True,ortholog_one2one
ZNF432,ENSSSCG00000036656,ENSG00000256087,True,ortholog_one2one
ZNF436,ENSSSCG00000035332,ENSG00000125945,True,ortholog_one2one
ZNF438,ENSSSCG00000011023,ENSG00000183621,True,ortholog_one2one
ZNF444,ENSSSCG00000035770,ENSG00000167685,True,ortholog_one2one
ZNF445,ENSSSCG00000024556,ENSG00000185219,True,ortholog_one2one
ZNF446,ENSSSCG00000039930,ENSG00000083838,True,ortholog_one2one
ZNF449,ENSSSCG00000012691,ENSG00000173275,True,ortholog_one2one
ZNF45,ENSSSCG00000003070,ENSG00000124459,True,ortholog_one2one
ZNF451,ENSSSCG00000001497,ENSG00000112200,True,ortholog_one2one
ZNF467,ENSSSCG00000039041,ENSG00000181444,True,ortholog_one2one
ZNF470,ENSSSCG00000039914,ENSG00000197016,True,ortholog_one2one
ZNF471,ENSSSCG00000003324,ENSG00000196263,True,ortholog_one2one
ZNF48,ENSSSCG00000007801,ENSG00000180035,True,ortholog_one2one
ZNF484,ENSSSCG00000008066,ENSG00000127081,True,ortholog_one2one
ZNF488,ENSSSCG00000040893,ENSG00000265763,True,ortholog_one2one
ZNF510,ENSSSCG00000011168,ENSG00000081386,True,ortholog_one2one
ZNF516,ENSSSCG00000004859,ENSG00000101493,True,ortholog_one2one
ZNF521,ENSSSCG00000003715,ENSG00000198795,True,ortholog_one2one
ZNF529,ENSSSCG00000029875,ENSG00000186020,True,ortholog_one2one
ZNF536,ENSSSCG00000029234,ENSG00000198597,True,ortholog_one2one
ZNF554,ENSSSCG00000038635,ENSG00000172006,True,ortholog_one2one
ZNF558,ENSSSCG00000029035,ENSG00000167785,True,ortholog_one2one
ZNF565,ENSSSCG00000002931,ENSG00000196357,True,ortholog_one2one
ZNF566,ENSSSCG00000029170,ENSG00000186017,True,ortholog_one2one
ZNF567,ENSSSCG00000002932,ENSG00000189042,True,ortholog_one2one
ZNF568,ENSSSCG00000002935,ENSG00000198453,True,ortholog_one2one
ZNF569,ENSSSCG00000029420,ENSG00000196437,True,ortholog_one2one
ZNF570,ENSSSCG00000031612,ENSG00000171827,True,ortholog_one2one
ZNF572,ENSSSCG00000005971,ENSG00000180938,True,ortholog_one2one
ZNF574,ENSSSCG00000003037,ENSG00000105732,True,ortholog_one2one
ZNF575,ENSSSCG00000003054,ENSG00000176472,True,ortholog_one2one
ZNF576,ENSSSCG00000036291,ENSG00000124444,True,ortholog_one2one
ZNF577,ENSSSCG00000038712,ENSG00000161551,True,ortholog_one2one
ZNF579,ENSSSCG00000025138,ENSG00000218891,True,ortholog_one2one
ZNF583,ENSSSCG00000032086,ENSG00000198440,True,ortholog_one2one
ZNF593,ENSSSCG00000045776,ENSG00000142684,True,ortholog_one2one
ZNF598,ENSSSCG00000023400,ENSG00000167962,True,ortholog_one2one
ZNF599,ENSSSCG00000035876,ENSG00000153896,True,ortholog_one2one
ZNF614,ENSSSCG00000003241,ENSG00000142556,True,ortholog_one2one
ZNF615,ENSSSCG00000031883,ENSG00000197619,True,ortholog_one2one
ZNF618,ENSSSCG00000005484,ENSG00000157657,True,ortholog_one2one
ZNF623,ENSSSCG00000039679,ENSG00000183309,True,ortholog_one2one
ZNF624,ENSSSCG00000025254,ENSG00000197566,True,ortholog_one2one
ZNF628,ENSSSCG00000025343,ENSG00000197483,True,ortholog_one2one
ZNF629,ENSSSCG00000007780,ENSG00000102870,True,ortholog_one2one
ZNF630,ENSSSCG00000012286,ENSG00000221994,True,ortholog_one2one
ZNF638,ENSSSCG00000022708,ENSG00000075292,True,ortholog_one2one
ZNF639,ENSSSCG00000038443,ENSG00000121864,True,ortholog_one2one
ZNF653,ENSSSCG00000013616,ENSG00000161914,True,ortholog_one2one
ZNF672,ENSSSCG00000013978,ENSG00000171161,True,ortholog_one2one
ZNF683,ENSSSCG00000040579,ENSG00000176083,True,ortholog_one2one
ZNF684,ENSSSCG00000003979,ENSG00000117010,True,ortholog_one2one
ZNF687,ENSSSCG00000006627,ENSG00000143373,True,ortholog_one2one
ZNF688,ENSSSCG00000037875,ENSG00000229809,True,ortholog_one2one
ZNF689,ENSSSCG00000033496,ENSG00000156853,True,ortholog_one2one
ZNF691,ENSSSCG00000040559,ENSG00000164011,True,ortholog_one2one
ZNF692,ENSSSCG00000030672,ENSG00000171163,True,ortholog_one2one
ZNF696,ENSSSCG00000006959,ENSG00000185730,True,ortholog_one2one
ZNF7,ENSSSCG00000005890,ENSG00000147789,True,ortholog_one2one
ZNF703,ENSSSCG00000015828,ENSG00000183779,True,ortholog_one2one
ZNF704,ENSSSCG00000022989,ENSG00000164684,True,ortholog_one2one
ZNF740,ENSSSCG00000036564,ENSG00000139651,True,ortholog_one2one
ZNF793,ENSSSCG00000033611,ENSG00000188227,True,ortholog_one2one
ZNF804A,ENSSSCG00000016022,ENSG00000170396,True,ortholog_one2one
ZNF804B,ENSSSCG00000015300,ENSG00000182348,True,ortholog_one2one
ZNF81,ENSSSCG00000012283,ENSG00000197779,True,ortholog_one2one
ZNF821,ENSSSCG00000002741,ENSG00000102984,True,ortholog_one2one
ZNF827,ENSSSCG00000009037,ENSG00000151612,True,ortholog_one2one
ZNF831,ENSSSCG00000007526,ENSG00000124203,True,ortholog_one2one
ZNF839,ENSSSCG00000002532,ENSG00000022976,True,ortholog_one2one
ZNF853,ENSSSCG00000037890,ENSG00000236609,True,ortholog_one2one
ZNF862,ENSSSCG00000040257,ENSG00000106479,True,ortholog_one2one
ZNF865,ENSSSCG00000029156,ENSG00000261221,True,ortholog_one2one
ZNF883,ENSSSCG00000047560,ENSG00000228623,True,ortholog_one2one
ZNF891,ENSSSCG00000037951,ENSG00000214029,True,ortholog_one2one
ZNFX1,ENSSSCG00000030108,ENSG00000124201,True,ortholog_one2one
ZNRD2,ENSSSCG00000020737,ENSG00000173465,True,ortholog_one2one
ZNRF3,ENSSSCG00000009971,ENSG00000183579,True,ortholog_one2one
ZRANB3,ENSSSCG00000015694,ENSG00000121988,True,ortholog_one2one
ZRSR2,ENSSSCG00000030283,ENSG00000169249,True,ortholog_one2one
ZSCAN10,ENSSSCG00000029641,ENSG00000130182,True,ortholog_one2one
ZSCAN12,ENSSSCG00000001209,ENSG00000158691,True,ortholog_one2one
ZSCAN16,ENSSSCG00000022664,ENSG00000196812,True,ortholog_one2one
ZSCAN20,ENSSSCG00000003621,ENSG00000121903,True,ortholog_one2one
ZSCAN23,ENSSSCG00000037512,ENSG00000187987,True,ortholog_one2one
ZSCAN25,ENSSSCG00000039842,ENSG00000197037,True,ortholog_one2one
ZSCAN26,ENSSSCG00000001206,ENSG00000197062,True,ortholog_one2one
ZSCAN29,ENSSSCG00000004709,ENSG00000140265,True,ortholog_one2one
ZSCAN30,ENSSSCG00000003740,ENSG00000186814,True,ortholog_one2one
ZSCAN31,ENSSSCG00000025335,ENSG00000235109,True,ortholog_one2one
ZSCAN9,ENSSSCG00000001203,ENSG00000137185,True,ortholog_one2one
ZSWIM1,ENSSSCG00000007428,ENSG00000168612,True,ortholog_one2one
ZSWIM2,ENSSSCG00000016030,ENSG00000163012,True,ortholog_one2one
ZSWIM7,ENSSSCG00000036482,ENSG00000214941,True,ortholog_one2one
ZZEF1,ENSSSCG00000032049,ENSG00000074755,True,ortholog_one2one
