tissue,source,term_id,term_name,p_value,term_size,query_size,intersection_size,gene_ratio,fold_enrichment,intersection
Blood,REAC,REAC:R-SSC-181430,Norepinephrine Neurotransmitter Release Cycle,0.11106137323997736,13,11,1,0.09090909090909091,54.5034965034965,ENSSSCG00000004041
Blood,REAC,REAC:R-SSC-112311,Neurotransmitter clearance,0.11106137323997736,8,11,1,0.09090909090909091,88.56818181818181,ENSSSCG00000004041
Blood,REAC,REAC:R-SSC-9793528,Ciprofloxacin ADME,0.11106137323997736,4,11,1,0.09090909090909091,177.13636363636363,ENSSSCG00000004041
Blood,REAC,REAC:R-SSC-451308,Activation of Ca-permeable Kainate Receptor,0.11106137323997736,10,11,1,0.09090909090909091,70.85454545454546,ENSSSCG00000012375
Blood,REAC,REAC:R-SSC-2161517,Abacavir transmembrane transport,0.11106137323997736,2,11,1,0.09090909090909091,354.27272727272725,ENSSSCG00000004041
Blood,REAC,REAC:R-SSC-2161522,Abacavir ADME,0.11106137323997736,5,11,1,0.09090909090909091,141.70909090909092,ENSSSCG00000004041
Blood,REAC,REAC:R-SSC-8849932,Synaptic adhesion-like molecules,0.11106137323997736,12,11,1,0.09090909090909091,59.045454545454554,ENSSSCG00000012375
Blood,REAC,REAC:R-SSC-549132,Organic cation/anion/zwitterion transport,0.11106137323997736,13,11,1,0.09090909090909091,54.5034965034965,ENSSSCG00000004041
Blood,REAC,REAC:R-SSC-549127,Organic cation transport,0.11106137323997736,8,11,1,0.09090909090909091,88.56818181818181,ENSSSCG00000004041
Blood,REAC,REAC:R-SSC-451306,Ionotropic activity of kainate receptors,0.11106137323997736,10,11,1,0.09090909090909091,70.85454545454546,ENSSSCG00000012375
Blood,REAC,REAC:R-SSC-5656169,Termination of translesion DNA synthesis,0.11677500388832912,29,11,1,0.09090909090909091,24.432601880877744,ENSSSCG00000004554
Blood,REAC,REAC:R-SSC-2129379,Molecules associated with elastic fibres,0.11677500388832912,29,11,1,0.09090909090909091,24.432601880877744,ENSSSCG00000025858
Blood,REAC,REAC:R-SSC-442660,Na+/Cl- dependent neurotransmitter transporters,0.11677500388832912,17,11,1,0.09090909090909091,41.67914438502674,ENSSSCG00000004041
Blood,REAC,REAC:R-SSC-438066,"Unblocking of NMDA receptors, glutamate binding and activation",0.11677500388832912,19,11,1,0.09090909090909091,37.291866028708135,ENSSSCG00000012375
Blood,REAC,REAC:R-SSC-442755,Activation of NMDA receptors and postsynaptic events,0.11677500388832912,28,11,1,0.09090909090909091,25.305194805194805,ENSSSCG00000012375
Blood,REAC,REAC:R-SSC-5365859,RA biosynthesis pathway,0.11677500388832912,21,11,1,0.09090909090909091,33.740259740259745,ENSSSCG00000038287
Blood,REAC,REAC:R-SSC-451326,Activation of kainate receptors upon glutamate binding,0.11677500388832912,27,11,1,0.09090909090909091,26.242424242424242,ENSSSCG00000012375
Blood,REAC,REAC:R-SSC-112315,Transmission across Chemical Synapses,0.11677500388832912,176,11,2,0.18181818181818182,8.051652892561984,"ENSSSCG00000004041,ENSSSCG00000012375"
Blood,REAC,REAC:R-SSC-9006931,Signaling by Nuclear Receptors,0.11677500388832912,189,11,2,0.18181818181818182,7.4978354978354975,"ENSSSCG00000002885,ENSSSCG00000038287"
Blood,REAC,REAC:R-SSC-70263,Gluconeogenesis,0.11677500388832912,23,11,1,0.09090909090909091,30.80632411067194,ENSSSCG00000012087
Blood,REAC,REAC:R-SSC-6794361,Neurexins and neuroligins,0.11677500388832912,25,11,1,0.09090909090909091,28.34181818181818,ENSSSCG00000012375
Blood,REAC,REAC:R-SSC-1566948,Elastic fibre formation,0.12284633263411697,35,11,1,0.09090909090909091,20.24415584415584,ENSSSCG00000025858
Blood,REAC,REAC:R-SSC-5362517,Signaling by Retinoic Acid,0.12284633263411697,35,11,1,0.09090909090909091,20.24415584415584,ENSSSCG00000038287
Blood,REAC,REAC:R-SSC-110313,Translesion synthesis by Y family DNA polymerases bypasses lesions on DNA template,0.12284633263411697,34,11,1,0.09090909090909091,20.83957219251337,ENSSSCG00000004554
Blood,REAC,REAC:R-SSC-70326,Glucose metabolism,0.12451226552072592,37,11,1,0.09090909090909091,19.14987714987715,ENSSSCG00000012087
Blood,REAC,REAC:R-SSC-112316,Neuronal System,0.1274268664134457,273,11,2,0.18181818181818182,5.1908091908091905,"ENSSSCG00000004041,ENSSSCG00000012375"
Blood,REAC,REAC:R-SSC-112310,Neurotransmitter release cycle,0.1274268664134457,41,11,1,0.09090909090909091,17.28159645232816,ENSSSCG00000004041
Blood,REAC,REAC:R-SSC-73893,DNA Damage Bypass,0.12870540920626458,43,11,1,0.09090909090909091,16.477801268498943,ENSSSCG00000004554
Blood,REAC,REAC:R-SSC-6794362,Protein-protein interactions at synapses,0.12988126275459613,45,11,1,0.09090909090909091,15.745454545454546,ENSSSCG00000012375
Blood,GO:BP,GO:0015870,acetylcholine transport,0.16414235828933885,5,27,1,0.037037037037037035,141.88148148148147,ENSSSCG00000004041
Blood,GO:BP,GO:1901374,acetate ester transport,0.16414235828933885,6,27,1,0.037037037037037035,118.23456790123456,ENSSSCG00000004041
Blood,GO:BP,GO:0015848,spermidine transport,0.16414235828933885,4,27,1,0.037037037037037035,177.35185185185185,ENSSSCG00000004041
Blood,GO:BP,GO:1903711,spermidine transmembrane transport,0.16414235828933885,3,27,1,0.037037037037037035,236.4691358024691,ENSSSCG00000004041
Blood,GO:BP,GO:0015760,glucose-6-phosphate transport,0.16414235828933885,5,27,1,0.037037037037037035,141.88148148148147,ENSSSCG00000012087
Blood,GO:BP,GO:0071934,thiamine transmembrane transport,0.16414235828933885,7,27,1,0.037037037037037035,101.34391534391534,ENSSSCG00000004041
Blood,GO:BP,GO:0015712,hexose phosphate transport,0.16414235828933885,5,27,1,0.037037037037037035,141.88148148148147,ENSSSCG00000012087
Blood,GO:BP,GO:0045990,carbon catabolite regulation of transcription,0.16414235828933885,6,27,1,0.037037037037037035,118.23456790123456,ENSSSCG00000002885
Blood,GO:BP,GO:0046016,positive regulation of transcription by glucose,0.16414235828933885,5,27,1,0.037037037037037035,141.88148148148147,ENSSSCG00000002885
Blood,GO:BP,GO:0009757,hexose mediated signaling,0.16414235828933885,7,27,1,0.037037037037037035,101.34391534391534,ENSSSCG00000002885
Blood,GO:BP,GO:0034499,late endosome to Golgi transport,0.16414235828933885,6,27,1,0.037037037037037035,118.23456790123456,ENSSSCG00000012400
Blood,GO:BP,GO:0050861,positive regulation of B cell receptor signaling pathway,0.16414235828933885,6,27,1,0.037037037037037035,118.23456790123456,ENSSSCG00000037425
Blood,GO:BP,GO:0009644,response to high light intensity,0.16414235828933885,4,27,1,0.037037037037037035,177.35185185185185,ENSSSCG00000038287
Blood,GO:BP,GO:1900749,(R)-carnitine transport,0.16414235828933885,3,27,1,0.037037037037037035,236.4691358024691,ENSSSCG00000004041
Blood,GO:BP,GO:0010255,glucose mediated signaling pathway,0.16414235828933885,7,27,1,0.037037037037037035,101.34391534391534,ENSSSCG00000002885
Blood,GO:BP,GO:2000642,negative regulation of early endosome to late endosome transport,0.16414235828933885,2,27,1,0.037037037037037035,354.7037037037037,ENSSSCG00000012400
Blood,GO:BP,GO:0010182,sugar mediated signaling pathway,0.16414235828933885,7,27,1,0.037037037037037035,101.34391534391534,ENSSSCG00000002885
Blood,GO:BP,GO:0009756,carbohydrate mediated signaling,0.16414235828933885,7,27,1,0.037037037037037035,101.34391534391534,ENSSSCG00000002885
Blood,GO:BP,GO:0045110,intermediate filament bundle assembly,0.16414235828933885,6,27,1,0.037037037037037035,118.23456790123456,ENSSSCG00000000528
Blood,GO:BP,GO:0045991,carbon catabolite activation of transcription,0.16414235828933885,6,27,1,0.037037037037037035,118.23456790123456,ENSSSCG00000002885
Blood,GO:BP,GO:0015847,putrescine transport,0.16414235828933885,3,27,1,0.037037037037037035,236.4691358024691,ENSSSCG00000004041
Blood,GO:BP,GO:0086073,bundle of His cell-Purkinje myocyte adhesion involved in cell communication,0.16414235828933885,6,27,1,0.037037037037037035,118.23456790123456,ENSSSCG00000000528
Blood,GO:BP,GO:0002159,desmosome assembly,0.16414235828933885,5,27,1,0.037037037037037035,141.88148148148147,ENSSSCG00000000528
Blood,GO:BP,GO:1902616,O-acyl-L-carnitine transmembrane transport,0.16414235828933885,2,27,1,0.037037037037037035,354.7037037037037,ENSSSCG00000004041
Blood,GO:BP,GO:1902270,(R)-carnitine transmembrane transport,0.16414235828933885,3,27,1,0.037037037037037035,236.4691358024691,ENSSSCG00000004041
Blood,GO:BP,GO:1902603,carnitine transmembrane transport,0.16414235828933885,7,27,1,0.037037037037037035,101.34391534391534,ENSSSCG00000004041
Blood,GO:BP,GO:0002001,renin secretion into blood stream,0.16414235828933885,6,27,1,0.037037037037037035,118.23456790123456,ENSSSCG00000022105
Blood,GO:BP,GO:0001999,renal response to blood flow involved in circulatory renin-angiotensin regulation of systemic arterial blood pressure,0.16414235828933885,6,27,1,0.037037037037037035,118.23456790123456,ENSSSCG00000022105
Blood,GO:BP,GO:0048241,epinephrine transport,0.16414235828933885,7,27,1,0.037037037037037035,101.34391534391534,ENSSSCG00000004041
Blood,GO:BP,GO:0048496,maintenance of animal organ identity,0.16414235828933885,4,27,1,0.037037037037037035,177.35185185185185,ENSSSCG00000000528
Blood,GO:BP,GO:0000436,carbon catabolite activation of transcription from RNA polymerase II promoter,0.16414235828933885,6,27,1,0.037037037037037035,118.23456790123456,ENSSSCG00000002885
Blood,GO:BP,GO:2000210,positive regulation of anoikis,0.16414235828933885,5,27,1,0.037037037037037035,141.88148148148147,ENSSSCG00000017667
Blood,GO:BP,GO:0000432,positive regulation of transcription from RNA polymerase II promoter by glucose,0.16414235828933885,5,27,1,0.037037037037037035,141.88148148148147,ENSSSCG00000002885
Blood,GO:BP,GO:0060177,regulation of angiotensin metabolic process,0.16414235828933885,2,27,1,0.037037037037037035,354.7037037037037,ENSSSCG00000022105
Blood,GO:BP,GO:0086042,cardiac muscle cell-cardiac muscle cell adhesion,0.16414235828933885,6,27,1,0.037037037037037035,118.23456790123456,ENSSSCG00000000528
Blood,GO:BP,GO:0000429,carbon catabolite regulation of transcription from RNA polymerase II promoter,0.16414235828933885,6,27,1,0.037037037037037035,118.23456790123456,ENSSSCG00000002885
Blood,GO:BP,GO:0000430,regulation of transcription from RNA polymerase II promoter by glucose,0.16414235828933885,5,27,1,0.037037037037037035,141.88148148148147,ENSSSCG00000002885
Blood,GO:BP,GO:0015888,thiamine transport,0.17340427997625457,8,27,1,0.037037037037037035,88.67592592592592,ENSSSCG00000004041
Blood,GO:BP,GO:0046015,regulation of transcription by glucose,0.17340427997625457,8,27,1,0.037037037037037035,88.67592592592592,ENSSSCG00000002885
Blood,GO:BP,GO:0015879,carnitine transport,0.17340427997625457,8,27,1,0.037037037037037035,88.67592592592592,ENSSSCG00000004041
Blood,REAC,REAC:R-SSC-425366,"Transport of bile salts and organic acids, metal ions and amine compounds",0.17905575214713085,65,11,1,0.09090909090909091,10.900699300699301,ENSSSCG00000004041
Blood,GO:BP,GO:0015838,amino-acid betaine transport,0.18134658906789136,9,27,1,0.037037037037037035,78.8230452674897,ENSSSCG00000004041
Blood,GO:BP,GO:0001991,regulation of systemic arterial blood pressure by circulatory renin-angiotensin,0.18134658906789136,9,27,1,0.037037037037037035,78.8230452674897,ENSSSCG00000022105
Blood,GO:BP,GO:0035435,phosphate ion transmembrane transport,0.18134658906789136,9,27,1,0.037037037037037035,78.8230452674897,ENSSSCG00000012087
Blood,GO:BP,GO:0009642,response to light intensity,0.1967832995339372,10,27,1,0.037037037037037035,70.94074074074074,ENSSSCG00000038287
Blood,GO:BP,GO:1902047,polyamine transmembrane transport,0.20250762289431376,11,27,1,0.037037037037037035,64.49158249158248,ENSSSCG00000004041
Blood,GO:BP,GO:0002934,desmosome organization,0.20250762289431376,11,27,1,0.037037037037037035,64.49158249158248,ENSSSCG00000000528
Blood,GO:BP,GO:0015874,norepinephrine transport,0.20250762289431376,11,27,1,0.037037037037037035,64.49158249158248,ENSSSCG00000004041
Blood,GO:BP,GO:0042574,retinal metabolic process,0.20423898751774677,12,27,1,0.037037037037037035,59.11728395061728,ENSSSCG00000038287
Blood,GO:BP,GO:0098911,regulation of ventricular cardiac muscle cell action potential,0.20423898751774677,12,27,1,0.037037037037037035,59.11728395061728,ENSSSCG00000000528
Blood,GO:BP,GO:0051610,serotonin uptake,0.20423898751774677,12,27,1,0.037037037037037035,59.11728395061728,ENSSSCG00000004041
Blood,GO:BP,GO:0045117,azole transmembrane transport,0.20423898751774677,13,27,1,0.037037037037037035,54.56980056980056,ENSSSCG00000004041
Blood,GO:BP,GO:0010955,negative regulation of protein processing,0.20423898751774677,13,27,1,0.037037037037037035,54.56980056980056,ENSSSCG00000012400
Blood,GO:BP,GO:0015846,polyamine transport,0.20423898751774677,13,27,1,0.037037037037037035,54.56980056980056,ENSSSCG00000004041
Blood,GO:BP,GO:0015697,quaternary ammonium group transport,0.20423898751774677,13,27,1,0.037037037037037035,54.56980056980056,ENSSSCG00000004041
Blood,GO:BP,GO:1903318,negative regulation of protein maturation,0.20423898751774677,13,27,1,0.037037037037037035,54.56980056980056,ENSSSCG00000012400
Blood,GO:BP,GO:0090493,catecholamine uptake,0.2087705424203226,15,27,1,0.037037037037037035,47.29382716049383,ENSSSCG00000004041
Blood,GO:BP,GO:0003071,renal system process involved in regulation of systemic arterial blood pressure,0.2087705424203226,15,27,1,0.037037037037037035,47.29382716049383,ENSSSCG00000022105
Blood,GO:BP,GO:0072531,pyrimidine-containing compound transmembrane transport,0.2087705424203226,15,27,1,0.037037037037037035,47.29382716049383,ENSSSCG00000004041
Blood,GO:BP,GO:0090494,dopamine uptake,0.2087705424203226,14,27,1,0.037037037037037035,50.67195767195767,ENSSSCG00000004041
Blood,GO:BP,GO:0086069,bundle of His cell to Purkinje myocyte communication,0.2087705424203226,15,27,1,0.037037037037037035,47.29382716049383,ENSSSCG00000000528
Blood,GO:BP,GO:0002281,macrophage activation involved in immune response,0.2087705424203226,15,27,1,0.037037037037037035,47.29382716049383,ENSSSCG00000022105
Blood,GO:BP,GO:2000811,negative regulation of anoikis,0.2087705424203226,14,27,1,0.037037037037037035,50.67195767195767,ENSSSCG00000017667
Blood,REAC,REAC:R-SSC-6809371,Formation of the cornified envelope,0.21374772132038108,81,11,1,0.09090909090909091,8.74747474747475,ENSSSCG00000000528
Blood,GO:BP,GO:0003081,regulation of systemic arterial blood pressure by renin-angiotensin,0.21865311019475903,17,27,1,0.037037037037037035,41.729847494553375,ENSSSCG00000022105
Blood,GO:BP,GO:0050855,regulation of B cell receptor signaling pathway,0.21865311019475903,17,27,1,0.037037037037037035,41.729847494553375,ENSSSCG00000037425
Blood,GO:BP,GO:0010842,retina layer formation,0.21865311019475903,16,27,1,0.037037037037037035,44.33796296296296,ENSSSCG00000038287
Blood,GO:BP,GO:2000641,regulation of early endosome to late endosome transport,0.21865311019475903,17,27,1,0.037037037037037035,41.729847494553375,ENSSSCG00000012400
Blood,GO:BP,GO:0006837,serotonin transport,0.21865311019475903,17,27,1,0.037037037037037035,41.729847494553375,ENSSSCG00000004041
Blood,REAC,REAC:R-SSC-9748784,Drug ADME,0.2215609128260013,87,11,1,0.09090909090909091,8.144200626959249,ENSSSCG00000004041
Blood,GO:BP,GO:0042593,glucose homeostasis,0.2261690095448463,177,27,2,0.07407407407407407,8.015902908558274,"ENSSSCG00000002885,ENSSSCG00000022105"
Blood,GO:BP,GO:0033500,carbohydrate homeostasis,0.2261690095448463,177,27,2,0.07407407407407407,8.015902908558274,"ENSSSCG00000002885,ENSSSCG00000022105"
Blood,GO:BP,GO:0019985,translesion synthesis,0.2261690095448463,18,27,1,0.037037037037037035,39.41152263374485,ENSSSCG00000004554
Blood,GO:BP,GO:2000209,regulation of anoikis,0.2302973337920493,19,27,1,0.037037037037037035,37.33723196881091,ENSSSCG00000017667
Blood,REAC,REAC:R-SSC-1474228,Degradation of the extracellular matrix,0.2310268829124936,97,11,1,0.09090909090909091,7.304592314901593,ENSSSCG00000025858
Blood,REAC,REAC:R-SSC-9018519,Estrogen-dependent gene expression,0.2310268829124936,97,11,1,0.09090909090909091,7.304592314901593,ENSSSCG00000002885
Blood,GO:BP,GO:0065008,regulation of biological quality,0.23388015878016905,2168,27,7,0.25925925925925924,2.2905220718873855,"ENSSSCG00000000528,ENSSSCG00000002885,ENSSSCG00000025858,ENSSSCG00000022105,ENSSSCG00000038287,ENSSSCG00000012375,ENSSSCG00000018359"
Blood,GO:BP,GO:0015732,prostaglandin transport,0.23438756720795714,20,27,1,0.037037037037037035,35.47037037037037,ENSSSCG00000004041
Blood,GO:BP,GO:0086019,cell-cell signaling involved in cardiac conduction,0.23438756720795714,21,27,1,0.037037037037037035,33.78130511463845,ENSSSCG00000000528
Blood,GO:BP,GO:0006817,phosphate ion transport,0.23438756720795714,21,27,1,0.037037037037037035,33.78130511463845,ENSSSCG00000012087
Blood,GO:BP,GO:0035461,vitamin transmembrane transport,0.23438756720795714,21,27,1,0.037037037037037035,33.78130511463845,ENSSSCG00000004041
Blood,GO:BP,GO:0098901,regulation of cardiac muscle cell action potential,0.23438756720795714,21,27,1,0.037037037037037035,33.78130511463845,ENSSSCG00000000528
Blood,GO:BP,GO:0050857,positive regulation of antigen receptor-mediated signaling pathway,0.24166791352343597,22,27,1,0.037037037037037035,32.24579124579124,ENSSSCG00000037425
Blood,GO:BP,GO:0007267,cell-cell signaling,0.24166791352343597,858,27,4,0.14814814814814814,3.3072606405939737,"ENSSSCG00000000528,ENSSSCG00000022105,ENSSSCG00000012375,ENSSSCG00000018359"
Blood,GO:BP,GO:0086004,regulation of cardiac muscle cell contraction,0.24674957970559988,23,27,1,0.037037037037037035,30.843800322061192,ENSSSCG00000000528
Blood,REAC,REAC:R-SSC-6805567,Keratinization,0.25028113099670496,109,11,1,0.09090909090909091,6.500417014178482,ENSSSCG00000000528
Blood,GO:BP,GO:0098810,neurotransmitter reuptake,0.25816257637775214,25,27,1,0.037037037037037035,28.376296296296296,ENSSSCG00000004041
Blood,GO:BP,GO:1903115,regulation of actin filament-based movement,0.25816257637775214,25,27,1,0.037037037037037035,28.376296296296296,ENSSSCG00000000528
Blood,GO:BP,GO:0043276,anoikis,0.25816257637775214,25,27,1,0.037037037037037035,28.376296296296296,ENSSSCG00000017667
Blood,GO:BP,GO:0003007,heart morphogenesis,0.2619945615799419,213,27,2,0.07407407407407407,6.661102416970961,"ENSSSCG00000000528,ENSSSCG00000025858"
Blood,GO:BP,GO:0007595,lactation,0.2619945615799419,26,27,1,0.037037037037037035,27.28490028490028,ENSSSCG00000002885
Blood,GO:BP,GO:0086005,ventricular cardiac muscle cell action potential,0.26418848109217186,27,27,1,0.037037037037037035,26.27434842249657,ENSSSCG00000000528
Blood,GO:BP,GO:0006301,postreplication repair,0.26418848109217186,27,27,1,0.037037037037037035,26.27434842249657,ENSSSCG00000004554
Blood,GO:BP,GO:0003180,aortic valve morphogenesis,0.26418848109217186,28,27,1,0.037037037037037035,25.335978835978835,ENSSSCG00000025858
Blood,GO:BP,GO:0015872,dopamine transport,0.26418848109217186,30,27,1,0.037037037037037035,23.646913580246913,ENSSSCG00000004041
Blood,GO:BP,GO:0045577,regulation of B cell differentiation,0.26418848109217186,29,27,1,0.037037037037037035,24.462324393358877,ENSSSCG00000037425
Blood,GO:BP,GO:0031670,cellular response to nutrient,0.26418848109217186,30,27,1,0.037037037037037035,23.646913580246913,ENSSSCG00000002885
Blood,GO:BP,GO:0072337,modified amino acid transport,0.26418848109217186,29,27,1,0.037037037037037035,24.462324393358877,ENSSSCG00000004041
Blood,GO:BP,GO:0001990,regulation of systemic arterial blood pressure by hormone,0.26418848109217186,29,27,1,0.037037037037037035,24.462324393358877,ENSSSCG00000022105
Blood,GO:BP,GO:0001736,establishment of planar polarity,0.26418848109217186,30,27,1,0.037037037037037035,23.646913580246913,ENSSSCG00000012375
Blood,GO:BP,GO:0000731,DNA synthesis involved in DNA repair,0.26418848109217186,30,27,1,0.037037037037037035,23.646913580246913,ENSSSCG00000004554
Blood,GO:BP,GO:0007164,establishment of tissue polarity,0.26418848109217186,30,27,1,0.037037037037037035,23.646913580246913,ENSSSCG00000012375
Blood,GO:BP,GO:0009416,response to light stimulus,0.26418848109217186,228,27,2,0.07407407407407407,6.222871994801818,"ENSSSCG00000004554,ENSSSCG00000038287"
Blood,REAC,REAC:R-SSC-112314,Neurotransmitter receptors and postsynaptic signal transmission,0.2660284810135367,120,11,1,0.09090909090909091,5.904545454545454,ENSSSCG00000012375
Blood,GO:BP,GO:0042462,eye photoreceptor cell development,0.2700267214566744,31,27,1,0.037037037037037035,22.88410991636798,ENSSSCG00000038287
Blood,GO:BP,GO:0051668,localization within membrane,0.27049885545336827,569,27,3,0.1111111111111111,3.7402851005662954,"ENSSSCG00000000528,ENSSSCG00000012400,ENSSSCG00000012375"
Blood,GO:BP,GO:0098900,regulation of action potential,0.27049885545336827,33,27,1,0.037037037037037035,21.49719416386083,ENSSSCG00000000528
Blood,GO:BP,GO:0086065,cell communication involved in cardiac conduction,0.27049885545336827,33,27,1,0.037037037037037035,21.49719416386083,ENSSSCG00000000528
Blood,GO:BP,GO:0007517,muscle organ development,0.27049885545336827,237,27,2,0.07407407407407407,5.986560400062509,"ENSSSCG00000000528,ENSSSCG00000025858"
Blood,GO:BP,GO:0001504,neurotransmitter uptake,0.27049885545336827,33,27,1,0.037037037037037035,21.49719416386083,ENSSSCG00000004041
Blood,GO:BP,GO:0003176,aortic valve development,0.27049885545336827,33,27,1,0.037037037037037035,21.49719416386083,ENSSSCG00000025858
Blood,GO:BP,GO:0086091,regulation of heart rate by cardiac conduction,0.2706991604312163,34,27,1,0.037037037037037035,20.864923747276688,ENSSSCG00000000528
Blood,GO:BP,GO:0032387,negative regulation of intracellular transport,0.2706991604312163,34,27,1,0.037037037037037035,20.864923747276688,ENSSSCG00000012400
Blood,GO:BP,GO:0042572,retinol metabolic process,0.2706991604312163,34,27,1,0.037037037037037035,20.864923747276688,ENSSSCG00000038287
Blood,GO:BP,GO:0003044,regulation of systemic arterial blood pressure mediated by a chemical signal,0.27589450667427856,35,27,1,0.037037037037037035,20.268783068783065,ENSSSCG00000022105
Blood,GO:BP,GO:0042908,xenobiotic transport,0.28320364315945473,37,27,1,0.037037037037037035,19.173173173173172,ENSSSCG00000004041
Blood,GO:BP,GO:0045022,early endosome to late endosome transport,0.28320364315945473,38,27,1,0.037037037037037035,18.668615984405456,ENSSSCG00000012400
Blood,GO:BP,GO:1905314,semi-lunar valve development,0.28320364315945473,38,27,1,0.037037037037037035,18.668615984405456,ENSSSCG00000025858
Blood,GO:BP,GO:0086002,cardiac muscle cell action potential involved in contraction,0.28320364315945473,38,27,1,0.037037037037037035,18.668615984405456,ENSSSCG00000000528
Blood,GO:BP,GO:0097720,calcineurin-mediated signaling,0.28320364315945473,38,27,1,0.037037037037037035,18.668615984405456,ENSSSCG00000037425
Blood,GO:BP,GO:0033173,calcineurin-NFAT signaling cascade,0.28320364315945473,37,27,1,0.037037037037037035,19.173173173173172,ENSSSCG00000037425
Blood,GO:BP,GO:0051937,catecholamine transport,0.28793474860434703,39,27,1,0.037037037037037035,18.189933523266856,ENSSSCG00000004041
Blood,GO:BP,GO:0070613,regulation of protein processing,0.2917015798098023,40,27,1,0.037037037037037035,17.735185185185184,ENSSSCG00000012400
Blood,GO:BP,GO:0007584,response to nutrient,0.2917015798098023,42,27,1,0.037037037037037035,16.890652557319225,ENSSSCG00000002885
Blood,GO:BP,GO:0051180,vitamin transport,0.2917015798098023,41,27,1,0.037037037037037035,17.302619692863594,ENSSSCG00000004041
Blood,GO:BP,GO:0001754,eye photoreceptor cell differentiation,0.2917015798098023,42,27,1,0.037037037037037035,16.890652557319225,ENSSSCG00000038287
Blood,GO:BP,GO:0034113,heterotypic cell-cell adhesion,0.2917015798098023,42,27,1,0.037037037037037035,16.890652557319225,ENSSSCG00000000528
Blood,GO:BP,GO:0085029,extracellular matrix assembly,0.2917015798098023,42,27,1,0.037037037037037035,16.890652557319225,ENSSSCG00000025858
Blood,GO:BP,GO:0055010,ventricular cardiac muscle tissue morphogenesis,0.2917015798098023,41,27,1,0.037037037037037035,17.302619692863594,ENSSSCG00000000528
Blood,GO:BP,GO:1903317,regulation of protein maturation,0.29363210724800054,43,27,1,0.037037037037037035,16.497846683893194,ENSSSCG00000012400
Blood,GO:BP,GO:0098927,vesicle-mediated transport between endosomal compartments,0.29363210724800054,43,27,1,0.037037037037037035,16.497846683893194,ENSSSCG00000012400
Blood,GO:BP,GO:0045197,establishment or maintenance of epithelial cell apical/basal polarity,0.29612487125479936,45,27,1,0.037037037037037035,15.764609053497942,ENSSSCG00000012375
Blood,GO:BP,GO:0008631,intrinsic apoptotic signaling pathway in response to oxidative stress,0.29612487125479936,44,27,1,0.037037037037037035,16.12289562289562,ENSSSCG00000009799
Blood,GO:BP,GO:0042461,photoreceptor cell development,0.29612487125479936,45,27,1,0.037037037037037035,15.764609053497942,ENSSSCG00000038287
Blood,GO:BP,GO:0014706,striated muscle tissue development,0.29612487125479936,288,27,2,0.07407407407407407,4.9264403292181065,"ENSSSCG00000000528,ENSSSCG00000025858"
Blood,GO:BP,GO:0043113,receptor clustering,0.29612487125479936,45,27,1,0.037037037037037035,15.764609053497942,ENSSSCG00000012375
Blood,GO:BP,GO:1900024,regulation of substrate adhesion-dependent cell spreading,0.29673310343880704,46,27,1,0.037037037037037035,15.421900161030596,ENSSSCG00000000528
Blood,GO:BP,GO:0032970,regulation of actin filament-based process,0.29673310343880704,290,27,2,0.07407407407407407,4.892464878671775,"ENSSSCG00000000528,ENSSSCG00000025858"
Blood,GO:BP,GO:0061245,establishment or maintenance of bipolar cell polarity,0.29828135300489456,50,27,1,0.037037037037037035,14.188148148148148,ENSSSCG00000012375
Blood,GO:BP,GO:0055117,regulation of cardiac muscle contraction,0.29828135300489456,49,27,1,0.037037037037037035,14.477702191987907,ENSSSCG00000000528
Blood,GO:BP,GO:0001738,morphogenesis of a polarized epithelium,0.29828135300489456,51,27,1,0.037037037037037035,13.909949164851124,ENSSSCG00000012375
Blood,GO:BP,GO:0086003,cardiac muscle cell contraction,0.29828135300489456,51,27,1,0.037037037037037035,13.909949164851124,ENSSSCG00000000528
Blood,GO:BP,GO:0060537,muscle tissue development,0.29828135300489456,307,27,2,0.07407407407407407,4.621546628061286,"ENSSSCG00000000528,ENSSSCG00000025858"
Blood,GO:BP,GO:0050853,B cell receptor signaling pathway,0.29828135300489456,48,27,1,0.037037037037037035,14.77932098765432,ENSSSCG00000037425
Blood,GO:BP,GO:0015844,monoamine transport,0.29828135300489456,51,27,1,0.037037037037037035,13.909949164851124,ENSSSCG00000004041
Blood,GO:BP,GO:0003229,ventricular cardiac muscle tissue development,0.29828135300489456,49,27,1,0.037037037037037035,14.477702191987907,ENSSSCG00000000528
Blood,GO:BP,GO:0071715,icosanoid transport,0.29828135300489456,49,27,1,0.037037037037037035,14.477702191987907,ENSSSCG00000004041
Blood,GO:BP,GO:0086001,cardiac muscle cell action potential,0.29828135300489456,49,27,1,0.037037037037037035,14.477702191987907,ENSSSCG00000000528
Blood,GO:BP,GO:0003179,heart valve morphogenesis,0.29828135300489456,47,27,1,0.037037037037037035,15.093774625689518,ENSSSCG00000025858
Blood,GO:BP,GO:0035088,establishment or maintenance of apical/basal cell polarity,0.29828135300489456,50,27,1,0.037037037037037035,14.188148148148148,ENSSSCG00000012375
Blood,GO:BP,GO:0050854,regulation of antigen receptor-mediated signaling pathway,0.29828135300489456,50,27,1,0.037037037037037035,14.188148148148148,ENSSSCG00000037425
Blood,GO:BP,GO:0055008,cardiac muscle tissue morphogenesis,0.30182952775017335,52,27,1,0.037037037037037035,13.64245014245014,ENSSSCG00000000528
Blood,GO:BP,GO:0009314,response to radiation,0.302618475065353,313,27,2,0.07407407407407407,4.532954679919536,"ENSSSCG00000004554,ENSSSCG00000038287"
Blood,GO:BP,GO:0001523,retinoid metabolic process,0.30324450303882883,53,27,1,0.037037037037037035,13.38504542278127,ENSSSCG00000038287
Blood,REAC,REAC:R-SSC-8939211,ESR-mediated signaling,0.3059401401541224,144,11,1,0.09090909090909091,4.920454545454546,ENSSSCG00000002885
Blood,GO:BP,GO:0016101,diterpenoid metabolic process,0.3092453952419429,55,27,1,0.037037037037037035,12.898316498316497,ENSSSCG00000038287
Blood,GO:BP,GO:0003170,heart valve development,0.3092453952419429,55,27,1,0.037037037037037035,12.898316498316497,ENSSSCG00000025858
Blood,GO:BP,GO:0060042,retina morphogenesis in camera-type eye,0.3092453952419429,56,27,1,0.037037037037037035,12.667989417989418,ENSSSCG00000038287
Blood,GO:BP,GO:0050829,defense response to Gram-negative bacterium,0.3092453952419429,56,27,1,0.037037037037037035,12.667989417989418,ENSSSCG00000050458
Blood,GO:BP,GO:0072348,sulfur compound transport,0.3092453952419429,56,27,1,0.037037037037037035,12.667989417989418,ENSSSCG00000004041
Blood,GO:BP,GO:0008015,blood circulation,0.310471103169907,327,27,2,0.07407407407407407,4.338883225733379,"ENSSSCG00000000528,ENSSSCG00000022105"
Blood,GO:BP,GO:0060415,muscle tissue morphogenesis,0.310471103169907,57,27,1,0.037037037037037035,12.445743989603637,ENSSSCG00000000528
Blood,GO:BP,GO:0046530,photoreceptor cell differentiation,0.3136690364699474,58,27,1,0.037037037037037035,12.231162196679438,ENSSSCG00000038287
Blood,GO:BP,GO:0007589,body fluid secretion,0.31512723426562794,62,27,1,0.037037037037037035,11.44205495818399,ENSSSCG00000002885
Blood,GO:BP,GO:0003151,outflow tract morphogenesis,0.31512723426562794,62,27,1,0.037037037037037035,11.44205495818399,ENSSSCG00000025858
Blood,GO:BP,GO:0003013,circulatory system process,0.31512723426562794,344,27,2,0.07407407407407407,4.124461670973298,"ENSSSCG00000000528,ENSSSCG00000022105"
Blood,GO:BP,GO:0003208,cardiac ventricle morphogenesis,0.31512723426562794,61,27,1,0.037037037037037035,11.629629629629628,ENSSSCG00000000528
Blood,GO:BP,GO:0097009,energy homeostasis,0.31512723426562794,61,27,1,0.037037037037037035,11.629629629629628,ENSSSCG00000022105
Blood,GO:BP,GO:0061337,cardiac conduction,0.31512723426562794,59,27,1,0.037037037037037035,12.023854362837413,ENSSSCG00000000528
Blood,GO:BP,GO:0006081,aldehyde metabolic process,0.31512723426562794,60,27,1,0.037037037037037035,11.823456790123457,ENSSSCG00000038287
Blood,GO:BP,GO:0097120,receptor localization to synapse,0.31512723426562794,60,27,1,0.037037037037037035,11.823456790123457,ENSSSCG00000012375
Blood,GO:BP,GO:0071230,cellular response to amino acid stimulus,0.31512723426562794,60,27,1,0.037037037037037035,11.823456790123457,ENSSSCG00000018359
Blood,GO:BP,GO:0003407,neural retina development,0.31512723426562794,62,27,1,0.037037037037037035,11.44205495818399,ENSSSCG00000038287
Blood,GO:BP,GO:0006721,terpenoid metabolic process,0.3170663799506531,63,27,1,0.037037037037037035,11.260435038212815,ENSSSCG00000038287
Blood,GO:BP,GO:0048644,muscle organ morphogenesis,0.3180512244565985,64,27,1,0.037037037037037035,11.08449074074074,ENSSSCG00000000528
Blood,GO:BP,GO:0060291,long-term synaptic potentiation,0.3180512244565985,64,27,1,0.037037037037037035,11.08449074074074,ENSSSCG00000018359
Blood,KEGG,KEGG:04140,Autophagy - animal,0.31961841160239,162,11,1,0.09090909090909091,4.745230078563412,ENSSSCG00000024081
Blood,KEGG,KEGG:00830,Retinol metabolism,0.31961841160239,64,11,1,0.09090909090909091,12.011363636363637,ENSSSCG00000038287
Blood,KEGG,KEGG:05231,Choline metabolism in cancer,0.31961841160239,96,11,1,0.09090909090909091,8.007575757575758,ENSSSCG00000004041
Blood,KEGG,KEGG:03010,Ribosome,0.31961841160239,130,11,1,0.09090909090909091,5.9132867132867135,ENSSSCG00000004970
Blood,KEGG,KEGG:04210,Apoptosis,0.31961841160239,135,11,1,0.09090909090909091,5.694276094276094,ENSSSCG00000009799
Blood,KEGG,KEGG:05412,Arrhythmogenic right ventricular cardiomyopathy,0.31961841160239,82,11,1,0.09090909090909091,9.374722838137473,ENSSSCG00000000528
Blood,KEGG,KEGG:04974,Protein digestion and absorption,0.31961841160239,99,11,1,0.09090909090909091,7.764921946740128,ENSSSCG00000025858
Blood,KEGG,KEGG:04148,Efferocytosis,0.31961841160239,159,11,1,0.09090909090909091,4.834762721555174,ENSSSCG00000007186
Blood,KEGG,KEGG:04530,Tight junction,0.31961841160239,160,11,1,0.09090909090909091,4.804545454545455,ENSSSCG00000012375
Blood,KEGG,KEGG:04390,Hippo signaling pathway,0.31961841160239,153,11,1,0.09090909090909091,5.024361259655378,ENSSSCG00000012375
Blood,KEGG,KEGG:04380,Osteoclast differentiation,0.31961841160239,128,11,1,0.09090909090909091,6.005681818181818,ENSSSCG00000007186
Blood,KEGG,KEGG:04976,Bile secretion,0.31961841160239,85,11,1,0.09090909090909091,9.043850267379678,ENSSSCG00000004041
Blood,KEGG,KEGG:04215,Apoptosis - multiple species,0.31961841160239,33,11,1,0.09090909090909091,23.294765840220386,ENSSSCG00000009799
Blood,KEGG,KEGG:05017,Spinocerebellar ataxia,0.31961841160239,141,11,1,0.09090909090909091,5.451966473243068,ENSSSCG00000024081
Blood,KEGG,KEGG:01240,Biosynthesis of cofactors,0.31961841160239,141,11,1,0.09090909090909091,5.451966473243068,ENSSSCG00000038287
Blood,GO:BP,GO:0002275,myeloid cell activation involved in immune response,0.319933217271053,66,27,1,0.037037037037037035,10.748597081930415,ENSSSCG00000022105
Blood,GO:BP,GO:0071229,cellular response to acid chemical,0.319933217271053,66,27,1,0.037037037037037035,10.748597081930415,ENSSSCG00000018359
Blood,GO:BP,GO:0003073,regulation of systemic arterial blood pressure,0.319933217271053,66,27,1,0.037037037037037035,10.748597081930415,ENSSSCG00000022105
Blood,GO:BP,GO:0006942,regulation of striated muscle contraction,0.319933217271053,65,27,1,0.037037037037037035,10.913960113960114,ENSSSCG00000000528
Blood,GO:BP,GO:0042116,macrophage activation,0.3208323979672528,67,27,1,0.037037037037037035,10.58817025981205,ENSSSCG00000022105
Blood,GO:BP,GO:0070252,actin-mediated cell contraction,0.3208323979672528,67,27,1,0.037037037037037035,10.58817025981205,ENSSSCG00000000528
Blood,GO:BP,GO:0045109,intermediate filament organization,0.3235432936148052,68,27,1,0.037037037037037035,10.432461873638344,ENSSSCG00000000528
Blood,GO:BP,GO:0043200,response to amino acid,0.3270073377451538,70,27,1,0.037037037037037035,10.134391534391533,ENSSSCG00000018359
Blood,GO:BP,GO:0015711,organic anion transport,0.3270073377451538,367,27,2,0.07407407407407407,3.8659804218387324,"ENSSSCG00000004041,ENSSSCG00000012087"
Blood,GO:BP,GO:0034109,homotypic cell-cell adhesion,0.3270073377451538,70,27,1,0.037037037037037035,10.134391534391533,ENSSSCG00000000528
Blood,GO:BP,GO:0050886,endocrine process,0.32777388641528443,71,27,1,0.037037037037037035,9.991653625456442,ENSSSCG00000022105
Blood,GO:BP,GO:0034308,primary alcohol metabolic process,0.32777388641528443,71,27,1,0.037037037037037035,9.991653625456442,ENSSSCG00000038287
Blood,GO:BP,GO:1901264,carbohydrate derivative transport,0.33103852809115064,73,27,1,0.037037037037037035,9.71790969051243,ENSSSCG00000012087
Blood,GO:BP,GO:0050830,defense response to Gram-positive bacterium,0.33103852809115064,73,27,1,0.037037037037037035,9.71790969051243,ENSSSCG00000050458
Blood,GO:BP,GO:0002027,regulation of heart rate,0.33103852809115064,73,27,1,0.037037037037037035,9.71790969051243,ENSSSCG00000000528
Blood,GO:BP,GO:0043065,positive regulation of apoptotic process,0.33753212402467153,382,27,2,0.07407407407407407,3.714174907892185,"ENSSSCG00000017667,ENSSSCG00000009799"
Blood,GO:BP,GO:0032456,endocytic recycling,0.3402330215298185,76,27,1,0.037037037037037035,9.334307992202728,ENSSSCG00000012400
Blood,GO:BP,GO:0006414,translational elongation,0.3426271461795895,77,27,1,0.037037037037037035,9.213083213083213,ENSSSCG00000004970
Blood,REAC,REAC:R-SSC-5689880,Ub-specific processing proteases,0.34415549898799097,169,11,1,0.09090909090909091,4.192576654115116,ENSSSCG00000017667
Blood,GO:BP,GO:0051224,negative regulation of protein transport,0.34498994002581146,78,27,1,0.037037037037037035,9.094966761633428,ENSSSCG00000012400
Blood,GO:BP,GO:0006720,isoprenoid metabolic process,0.3471386090023748,80,27,1,0.037037037037037035,8.867592592592592,ENSSSCG00000038287
Blood,GO:BP,GO:0043068,positive regulation of programmed cell death,0.3471386090023748,395,27,2,0.07407407407407407,3.591936240037506,"ENSSSCG00000017667,ENSSSCG00000009799"
Blood,GO:BP,GO:0009887,animal organ morphogenesis,0.3471386090023748,821,27,3,0.1111111111111111,2.5922316957639735,"ENSSSCG00000000528,ENSSSCG00000025858,ENSSSCG00000038287"
Blood,GO:BP,GO:0001101,response to acid chemical,0.3471386090023748,80,27,1,0.037037037037037035,8.867592592592592,ENSSSCG00000018359
Blood,GO:BP,GO:0042147,"retrograde transport, endosome to Golgi",0.3502500076914028,86,27,1,0.037037037037037035,8.248923341946597,ENSSSCG00000012400
Blood,GO:BP,GO:0043149,stress fiber assembly,0.3502500076914028,82,27,1,0.037037037037037035,8.651309846431797,ENSSSCG00000025858
Blood,GO:BP,GO:0030048,actin filament-based movement,0.3502500076914028,86,27,1,0.037037037037037035,8.248923341946597,ENSSSCG00000000528
Blood,GO:BP,GO:0034446,substrate adhesion-dependent cell spreading,0.3502500076914028,86,27,1,0.037037037037037035,8.248923341946597,ENSSSCG00000000528
Blood,GO:BP,GO:0030038,contractile actin filament bundle assembly,0.3502500076914028,82,27,1,0.037037037037037035,8.651309846431797,ENSSSCG00000025858
Blood,GO:BP,GO:0003014,renal system process,0.3502500076914028,85,27,1,0.037037037037037035,8.345969498910675,ENSSSCG00000022105
Blood,GO:BP,GO:0071326,cellular response to monosaccharide stimulus,0.3502500076914028,85,27,1,0.037037037037037035,8.345969498910675,ENSSSCG00000002885
Blood,GO:BP,GO:0071331,cellular response to hexose stimulus,0.3502500076914028,85,27,1,0.037037037037037035,8.345969498910675,ENSSSCG00000002885
Blood,GO:BP,GO:0071333,cellular response to glucose stimulus,0.3502500076914028,83,27,1,0.037037037037037035,8.547077197679608,ENSSSCG00000002885
Blood,GO:BP,GO:0099072,regulation of postsynaptic membrane neurotransmitter receptor levels,0.3502500076914028,85,27,1,0.037037037037037035,8.345969498910675,ENSSSCG00000012375
Blood,GO:BP,GO:0055085,transmembrane transport,0.3502500076914028,1321,27,4,0.14814814814814814,2.1480920739058513,"ENSSSCG00000050458,ENSSSCG00000009388,ENSSSCG00000004041,ENSSSCG00000012087"
Blood,GO:BP,GO:0045104,intermediate filament cytoskeleton organization,0.3523418649157404,87,27,1,0.037037037037037035,8.154108131119624,ENSSSCG00000000528
Blood,GO:BP,GO:1904950,negative regulation of establishment of protein localization,0.3526792143553165,88,27,1,0.037037037037037035,8.06144781144781,ENSSSCG00000012400
Blood,GO:BP,GO:0045103,intermediate filament-based process,0.3526792143553165,88,27,1,0.037037037037037035,8.06144781144781,ENSSSCG00000000528
Blood,GO:BP,GO:0071322,cellular response to carbohydrate stimulus,0.3547185632719675,89,27,1,0.037037037037037035,7.970869746150644,ENSSSCG00000002885
Blood,GO:BP,GO:0050729,positive regulation of inflammatory response,0.3550180540155574,90,27,1,0.037037037037037035,7.882304526748971,ENSSSCG00000022105
Blood,GO:BP,GO:0045861,negative regulation of proteolysis,0.3550180540155574,90,27,1,0.037037037037037035,7.882304526748971,ENSSSCG00000012400
Blood,GO:BP,GO:0051592,response to calcium ion,0.3570068609019802,91,27,1,0.037037037037037035,7.795685795685795,ENSSSCG00000022105
Blood,GO:BP,GO:0042177,negative regulation of protein catabolic process,0.36263161576543496,93,27,1,0.037037037037037035,7.628036638789327,ENSSSCG00000012400
Blood,GO:BP,GO:0060048,cardiac muscle contraction,0.36455056282030235,94,27,1,0.037037037037037035,7.546887312844759,ENSSSCG00000000528
Blood,GO:BP,GO:0120254,olefinic compound metabolic process,0.36644646793529573,95,27,1,0.037037037037037035,7.467446393762183,ENSSSCG00000038287
Blood,GO:BP,GO:0034614,cellular response to reactive oxygen species,0.3665985421761755,96,27,1,0.037037037037037035,7.38966049382716,ENSSSCG00000015448
Blood,GO:BP,GO:0015908,fatty acid transport,0.3665985421761755,96,27,1,0.037037037037037035,7.38966049382716,ENSSSCG00000004041
Blood,GO:BP,GO:0007507,heart development,0.3674367421683967,443,27,2,0.07407407407407407,3.202742245631636,"ENSSSCG00000000528,ENSSSCG00000025858"
Blood,GO:BP,GO:0015695,organic cation transport,0.3674367421683967,97,27,1,0.037037037037037035,7.313478426880488,ENSSSCG00000004041
Blood,KEGG,KEGG:04024,cAMP signaling pathway,0.3690665467624605,219,11,1,0.09090909090909091,3.510170195101702,ENSSSCG00000022105
Blood,KEGG,KEGG:04144,Endocytosis,0.3690665467624605,234,11,1,0.09090909090909091,3.2851592851592852,ENSSSCG00000012400
Blood,KEGG,KEGG:05171,Coronavirus disease - COVID-19,0.3690665467624605,229,11,1,0.09090909090909091,3.3568876538308854,ENSSSCG00000004970
Blood,GO:BP,GO:0050806,positive regulation of synaptic transmission,0.37386883710252056,100,27,1,0.037037037037037035,7.094074074074074,ENSSSCG00000018359
Blood,GO:BP,GO:0003231,cardiac ventricle development,0.37386883710252056,100,27,1,0.037037037037037035,7.094074074074074,ENSSSCG00000000528
Blood,GO:BP,GO:1990748,cellular detoxification,0.375633039876051,101,27,1,0.037037037037037035,7.023835716905023,ENSSSCG00000004041
Blood,GO:BP,GO:0001678,intracellular glucose homeostasis,0.37737648889778813,102,27,1,0.037037037037037035,6.954974582425562,ENSSSCG00000002885
Blood,GO:BP,GO:0050921,positive regulation of chemotaxis,0.3773918167730837,103,27,1,0.037037037037037035,6.8874505573534694,ENSSSCG00000022105
Blood,GO:BP,GO:0016579,protein deubiquitination,0.3773918167730837,103,27,1,0.037037037037037035,6.8874505573534694,ENSSSCG00000027046
Blood,GO:BP,GO:0097237,cellular response to toxic substance,0.37905359374945996,106,27,1,0.037037037037037035,6.692522711390635,ENSSSCG00000004041
Blood,GO:BP,GO:0071897,DNA biosynthetic process,0.37905359374945996,107,27,1,0.037037037037037035,6.6299757701626865,ENSSSCG00000004554
Blood,GO:BP,GO:0003206,cardiac chamber morphogenesis,0.37905359374945996,105,27,1,0.037037037037037035,6.7562610229276885,ENSSSCG00000000528
Blood,GO:BP,GO:0048593,camera-type eye morphogenesis,0.37905359374945996,106,27,1,0.037037037037037035,6.692522711390635,ENSSSCG00000038287
Blood,GO:BP,GO:0030879,mammary gland development,0.37905359374945996,105,27,1,0.037037037037037035,6.7562610229276885,ENSSSCG00000002885
Blood,GO:BP,GO:0050864,regulation of B cell activation,0.37905359374945996,107,27,1,0.037037037037037035,6.6299757701626865,ENSSSCG00000037425
Blood,GO:BP,GO:0016482,cytosolic transport,0.37905359374945996,105,27,1,0.037037037037037035,6.7562610229276885,ENSSSCG00000012400
Blood,GO:BP,GO:0006937,regulation of muscle contraction,0.3806794295719904,108,27,1,0.037037037037037035,6.568587105624142,ENSSSCG00000000528
Blood,GO:BP,GO:0030833,regulation of actin filament polymerization,0.3830548195201473,113,27,1,0.037037037037037035,6.277941658472631,ENSSSCG00000025858
Blood,GO:BP,GO:0009749,response to glucose,0.3830548195201473,110,27,1,0.037037037037037035,6.449158249158248,ENSSSCG00000002885
Blood,GO:BP,GO:0009617,response to bacterium,0.3830548195201473,474,27,2,0.07407407407407407,2.9932802000312546,"ENSSSCG00000050458,ENSSSCG00000018359"
Blood,GO:BP,GO:0006413,translational initiation,0.3830548195201473,113,27,1,0.037037037037037035,6.277941658472631,ENSSSCG00000012178
Blood,GO:BP,GO:0008217,regulation of blood pressure,0.3830548195201473,112,27,1,0.037037037037037035,6.333994708994709,ENSSSCG00000022105
Blood,GO:BP,GO:0009746,response to hexose,0.3830548195201473,113,27,1,0.037037037037037035,6.277941658472631,ENSSSCG00000002885
Blood,GO:BP,GO:0061061,muscle structure development,0.3830548195201473,484,27,2,0.07407407407407407,2.931435567799204,"ENSSSCG00000000528,ENSSSCG00000025858"
Blood,GO:BP,GO:0034284,response to monosaccharide,0.3830548195201473,113,27,1,0.037037037037037035,6.277941658472631,ENSSSCG00000002885
Blood,GO:BP,GO:0048729,tissue morphogenesis,0.3830548195201473,484,27,2,0.07407407407407407,2.931435567799204,"ENSSSCG00000000528,ENSSSCG00000012375"
Blood,GO:BP,GO:0000302,response to reactive oxygen species,0.384845453719247,117,27,1,0.037037037037037035,6.063311174422285,ENSSSCG00000015448
Blood,GO:BP,GO:0051179,localization,0.384845453719247,4427,27,9,0.3333333333333333,1.4422106769068594,"ENSSSCG00000000528,ENSSSCG00000002885,ENSSSCG00000050458,ENSSSCG00000009388,ENSSSCG00000022105,ENSSSCG00000004041,ENSSSCG00000012087,ENSSSCG00000012400,ENSSSCG00000012375"
Blood,GO:BP,GO:0098754,detoxification,0.384845453719247,116,27,1,0.037037037037037035,6.115581098339719,ENSSSCG00000004041
Blood,GO:BP,GO:0002181,cytoplasmic translation,0.384845453719247,117,27,1,0.037037037037037035,6.063311174422285,ENSSSCG00000004970
Blood,GO:BP,GO:0098661,inorganic anion transmembrane transport,0.384845453719247,116,27,1,0.037037037037037035,6.115581098339719,ENSSSCG00000012087
Blood,GO:BP,GO:0072657,protein localization to membrane,0.384845453719247,489,27,2,0.07407407407407407,2.901461788987351,"ENSSSCG00000000528,ENSSSCG00000012375"
Blood,REAC,REAC:R-SSC-71387,Metabolism of carbohydrates and carbohydrate derivatives,0.387361716824986,209,11,1,0.09090909090909091,3.390169638973467,ENSSSCG00000012087
Blood,REAC,REAC:R-SSC-5684996,MAPK1/MAPK3 signaling,0.387361716824986,242,11,1,0.09090909090909091,2.927873779113449,ENSSSCG00000012375
Blood,REAC,REAC:R-SSC-425407,SLC-mediated transmembrane transport,0.387361716824986,214,11,1,0.09090909090909091,3.3109600679694142,ENSSSCG00000004041
Blood,REAC,REAC:R-SSC-418594,G alpha (i) signalling events,0.387361716824986,213,11,1,0.09090909090909091,3.3265044814340587,ENSSSCG00000022105
Blood,REAC,REAC:R-SSC-162582,Signal Transduction,0.387361716824986,1956,11,4,0.36363636363636365,1.448968209704406,"ENSSSCG00000002885,ENSSSCG00000022105,ENSSSCG00000038287,ENSSSCG00000012375"
Blood,REAC,REAC:R-SSC-373076,Class A/1 (Rhodopsin-like receptors),0.387361716824986,247,11,1,0.09090909090909091,2.868605079131395,ENSSSCG00000022105
Blood,REAC,REAC:R-SSC-1474244,Extracellular matrix organization,0.387361716824986,232,11,1,0.09090909090909091,3.054075235109718,ENSSSCG00000025858
Blood,REAC,REAC:R-SSC-5673001,RAF/MAP kinase cascade,0.387361716824986,239,11,1,0.09090909090909091,2.9646253328261696,ENSSSCG00000012375
Blood,REAC,REAC:R-SSC-5688426,Deubiquitination,0.387361716824986,227,11,1,0.09090909090909091,3.121345614737685,ENSSSCG00000017667
Blood,REAC,REAC:R-SSC-5683057,MAPK family signaling cascades,0.3879681437657197,260,11,1,0.09090909090909091,2.7251748251748253,ENSSSCG00000012375
Blood,REAC,REAC:R-SSC-73894,DNA Repair,0.3879681437657197,260,11,1,0.09090909090909091,2.7251748251748253,ENSSSCG00000004554
Blood,GO:BP,GO:0007098,centrosome cycle,0.38931575535397134,119,27,1,0.037037037037037035,5.961406784936196,ENSSSCG00000004554
Blood,GO:BP,GO:0007043,cell-cell junction assembly,0.39081348720003506,125,27,1,0.037037037037037035,5.675259259259259,ENSSSCG00000000528
Blood,GO:BP,GO:0055088,lipid homeostasis,0.39081348720003506,128,27,1,0.037037037037037035,5.54224537037037,ENSSSCG00000002885
Blood,GO:BP,GO:0098916,anterograde trans-synaptic signaling,0.39081348720003506,519,27,2,0.07407407407407407,2.7337472347106258,"ENSSSCG00000012375,ENSSSCG00000018359"
Blood,GO:BP,GO:0048592,eye morphogenesis,0.39081348720003506,128,27,1,0.037037037037037035,5.54224537037037,ENSSSCG00000038287
Blood,GO:BP,GO:0006941,striated muscle contraction,0.39081348720003506,128,27,1,0.037037037037037035,5.54224537037037,ENSSSCG00000000528
Blood,GO:BP,GO:0051017,actin filament bundle assembly,0.39081348720003506,127,27,1,0.037037037037037035,5.585885097696121,ENSSSCG00000025858
Blood,GO:BP,GO:0099537,trans-synaptic signaling,0.39081348720003506,522,27,2,0.07407407407407407,2.7180360437065416,"ENSSSCG00000012375,ENSSSCG00000018359"
Blood,GO:BP,GO:0001508,action potential,0.39081348720003506,121,27,1,0.037037037037037035,5.862871135598408,ENSSSCG00000000528
Blood,GO:BP,GO:0007268,chemical synaptic transmission,0.39081348720003506,519,27,2,0.07407407407407407,2.7337472347106258,"ENSSSCG00000012375,ENSSSCG00000018359"
Blood,GO:BP,GO:0008064,regulation of actin polymerization or depolymerization,0.39081348720003506,129,27,1,0.037037037037037035,5.4992822279643985,ENSSSCG00000025858
Blood,GO:BP,GO:0030832,regulation of actin filament length,0.39081348720003506,129,27,1,0.037037037037037035,5.4992822279643985,ENSSSCG00000025858
Blood,GO:BP,GO:0031023,microtubule organizing center organization,0.39081348720003506,128,27,1,0.037037037037037035,5.54224537037037,ENSSSCG00000004554
Blood,GO:BP,GO:0030183,B cell differentiation,0.39081348720003506,126,27,1,0.037037037037037035,5.630217519106408,ENSSSCG00000037425
Blood,GO:BP,GO:0008016,regulation of heart contraction,0.39081348720003506,127,27,1,0.037037037037037035,5.585885097696121,ENSSSCG00000000528
Blood,GO:BP,GO:0098876,vesicle-mediated transport to the plasma membrane,0.39081348720003506,128,27,1,0.037037037037037035,5.54224537037037,ENSSSCG00000012400
Blood,GO:BP,GO:0009743,response to carbohydrate,0.39081348720003506,122,27,1,0.037037037037037035,5.814814814814814,ENSSSCG00000002885
Blood,GO:BP,GO:0009411,response to UV,0.39081348720003506,123,27,1,0.037037037037037035,5.767539897621198,ENSSSCG00000004554
Blood,GO:BP,GO:0070646,protein modification by small protein removal,0.39081348720003506,123,27,1,0.037037037037037035,5.767539897621198,ENSSSCG00000027046
Blood,GO:BP,GO:0061572,actin filament bundle organization,0.3919414579830465,130,27,1,0.037037037037037035,5.456980056980057,ENSSSCG00000025858
Blood,GO:BP,GO:0070887,cellular response to chemical stimulus,0.39562369604512665,1549,27,4,0.14814814814814814,1.831910671161801,"ENSSSCG00000002885,ENSSSCG00000004041,ENSSSCG00000015448,ENSSSCG00000018359"
Blood,GO:BP,GO:0003205,cardiac chamber development,0.39571108748661776,133,27,1,0.037037037037037035,5.333890281258702,ENSSSCG00000000528
Blood,GO:BP,GO:0030041,actin filament polymerization,0.39571108748661776,133,27,1,0.037037037037037035,5.333890281258702,ENSSSCG00000025858
Blood,GO:BP,GO:0007519,skeletal muscle tissue development,0.3969415439779392,134,27,1,0.037037037037037035,5.294085129906025,ENSSSCG00000025858
Blood,GO:BP,GO:0015718,monocarboxylic acid transport,0.40438065923480576,139,27,1,0.037037037037037035,5.1036504130029305,ENSSSCG00000004041
Blood,GO:BP,GO:0050851,antigen receptor-mediated signaling pathway,0.40438065923480576,139,27,1,0.037037037037037035,5.1036504130029305,ENSSSCG00000037425
Blood,GO:BP,GO:0099536,synaptic signaling,0.40438065923480576,542,27,2,0.07407407407407407,2.6177395107284407,"ENSSSCG00000012375,ENSSSCG00000018359"
Blood,GO:BP,GO:0060041,retina development in camera-type eye,0.40438065923480576,138,27,1,0.037037037037037035,5.140633387010198,ENSSSCG00000038287
Blood,GO:BP,GO:0048167,regulation of synaptic plasticity,0.41078559778914076,142,27,1,0.037037037037037035,4.995826812728221,ENSSSCG00000018359
Blood,GO:BP,GO:0090257,regulation of muscle system process,0.4145087002243864,144,27,1,0.037037037037037035,4.9264403292181065,ENSSSCG00000000528
Blood,GO:BP,GO:0060538,skeletal muscle organ development,0.4156005097429399,145,27,1,0.037037037037037035,4.892464878671775,ENSSSCG00000025858
Blood,GO:BP,GO:0006836,neurotransmitter transport,0.4192581259131663,147,27,1,0.037037037037037035,4.825900730662635,ENSSSCG00000004041
Blood,GO:BP,GO:0045619,regulation of lymphocyte differentiation,0.42031444429285064,148,27,1,0.037037037037037035,4.793293293293293,ENSSSCG00000037425
Blood,GO:BP,GO:0015698,inorganic anion transport,0.4234421948363094,153,27,1,0.037037037037037035,4.636649721617042,ENSSSCG00000012087
Blood,GO:BP,GO:1903828,negative regulation of protein localization,0.4234421948363094,154,27,1,0.037037037037037035,4.606541606541606,ENSSSCG00000012400
Blood,GO:BP,GO:0015748,organophosphate ester transport,0.4234421948363094,151,27,1,0.037037037037037035,4.698062300711308,ENSSSCG00000012087
Blood,GO:BP,GO:0060047,heart contraction,0.4234421948363094,154,27,1,0.037037037037037035,4.606541606541606,ENSSSCG00000000528
Blood,GO:BP,GO:0009636,response to toxic substance,0.4234421948363094,154,27,1,0.037037037037037035,4.606541606541606,ENSSSCG00000004041
Blood,GO:BP,GO:0030317,flagellated sperm motility,0.4234421948363094,152,27,1,0.037037037037037035,4.667153996101364,ENSSSCG00000015448
Blood,GO:BP,GO:0050920,regulation of chemotaxis,0.4234421948363094,151,27,1,0.037037037037037035,4.698062300711308,ENSSSCG00000022105
Blood,GO:BP,GO:0097722,sperm motility,0.4234421948363094,152,27,1,0.037037037037037035,4.667153996101364,ENSSSCG00000015448
Blood,GO:BP,GO:0010629,negative regulation of gene expression,0.4235150930709706,1090,27,3,0.1111111111111111,1.9524974515800202,"ENSSSCG00000017667,ENSSSCG00000019255,ENSSSCG00000012400"
Blood,KEGG,KEGG:05165,Human papillomavirus infection,0.4235769886331607,312,11,1,0.09090909090909091,2.463869463869464,ENSSSCG00000012375
Blood,KEGG,KEGG:05016,Huntington disease,0.4235769886331607,298,11,1,0.09090909090909091,2.579621720561318,ENSSSCG00000024081
Blood,GO:BP,GO:0010810,regulation of cell-substrate adhesion,0.4248962557476343,156,27,1,0.037037037037037035,4.547483380816714,ENSSSCG00000000528
Blood,GO:BP,GO:0002274,myeloid leukocyte activation,0.4248962557476343,157,27,1,0.037037037037037035,4.518518518518518,ENSSSCG00000022105
Blood,GO:BP,GO:0048738,cardiac muscle tissue development,0.4248962557476343,157,27,1,0.037037037037037035,4.518518518518518,ENSSSCG00000000528
Blood,GO:BP,GO:0008154,actin polymerization or depolymerization,0.42585269328010344,158,27,1,0.037037037037037035,4.489920300046882,ENSSSCG00000025858
Blood,GO:BP,GO:0032271,regulation of protein polymerization,0.42920098170331,160,27,1,0.037037037037037035,4.433796296296296,ENSSSCG00000025858
Blood,GO:BP,GO:1903522,regulation of blood circulation,0.43012635673889404,161,27,1,0.037037037037037035,4.406257188865884,ENSSSCG00000000528
Blood,GO:BP,GO:0003015,heart process,0.43104217579616516,162,27,1,0.037037037037037035,4.379058070416095,ENSSSCG00000000528
Blood,GO:BP,GO:0031503,protein-containing complex localization,0.43194854033249236,163,27,1,0.037037037037037035,4.352192683481027,ENSSSCG00000012375
Blood,GO:BP,GO:0060294,cilium movement involved in cell motility,0.43315834937363207,166,27,1,0.037037037037037035,4.273538598839804,ENSSSCG00000015448
Blood,GO:BP,GO:0019722,calcium-mediated signaling,0.43315834937363207,166,27,1,0.037037037037037035,4.273538598839804,ENSSSCG00000037425
Blood,GO:BP,GO:0031032,actomyosin structure organization,0.43315834937363207,166,27,1,0.037037037037037035,4.273538598839804,ENSSSCG00000025858
Blood,GO:BP,GO:0042445,hormone metabolic process,0.43315834937363207,165,27,1,0.037037037037037035,4.299438832772166,ENSSSCG00000038287
Blood,GO:BP,GO:0034599,cellular response to oxidative stress,0.43634200114254407,168,27,1,0.037037037037037035,4.222663139329806,ENSSSCG00000015448
Blood,KEGG,KEGG:05014,Amyotrophic lateral sclerosis,0.4400152962107194,350,11,1,0.09090909090909091,2.1963636363636363,ENSSSCG00000024081
Blood,KEGG,KEGG:05010,Alzheimer disease,0.4400152962107194,368,11,1,0.09090909090909091,2.088932806324111,ENSSSCG00000024081
Blood,GO:BP,GO:0001539,cilium or flagellum-dependent cell motility,0.44032403967920614,171,27,1,0.037037037037037035,4.148581329867879,ENSSSCG00000015448
Blood,GO:BP,GO:0060285,cilium-dependent cell motility,0.44032403967920614,171,27,1,0.037037037037037035,4.148581329867879,ENSSSCG00000015448
Blood,GO:BP,GO:0060255,regulation of macromolecule metabolic process,0.4434660803544741,4807,27,9,0.3333333333333333,1.3282019277442616,"ENSSSCG00000002885,ENSSSCG00000017667,ENSSSCG00000012179,ENSSSCG00000022105,ENSSSCG00000037425,ENSSSCG00000040187,ENSSSCG00000019255,ENSSSCG00000012400,ENSSSCG00000047910"
Blood,GO:BP,GO:0051260,protein homooligomerization,0.448048583463736,177,27,1,0.037037037037037035,4.007951454279137,ENSSSCG00000009388
Blood,GO:BP,GO:0010468,regulation of gene expression,0.448048583463736,4181,27,8,0.2962962962962963,1.3573927910211094,"ENSSSCG00000002885,ENSSSCG00000017667,ENSSSCG00000012179,ENSSSCG00000037425,ENSSSCG00000040187,ENSSSCG00000019255,ENSSSCG00000012400,ENSSSCG00000047910"
Blood,GO:BP,GO:0016485,protein processing,0.448048583463736,177,27,1,0.037037037037037035,4.007951454279137,ENSSSCG00000012400
Blood,GO:BP,GO:0045216,cell-cell junction organization,0.4510434718212795,179,27,1,0.037037037037037035,3.9631698737843992,ENSSSCG00000000528
Blood,GO:BP,GO:0031669,cellular response to nutrient levels,0.45179441732104236,180,27,1,0.037037037037037035,3.9411522633744855,ENSSSCG00000002885
Blood,GO:BP,GO:0030029,actin filament-based process,0.452099706451988,637,27,2,0.07407407407407407,2.22733879876737,"ENSSSCG00000000528,ENSSSCG00000025858"
Blood,GO:BP,GO:0007163,establishment or maintenance of cell polarity,0.45546477262866414,183,27,1,0.037037037037037035,3.876543209876543,ENSSSCG00000012375
Blood,GO:BP,GO:0010038,response to metal ion,0.4580184024241831,186,27,1,0.037037037037037035,3.8140183193946635,ENSSSCG00000022105
Blood,GO:BP,GO:0033036,macromolecule localization,0.4580184024241831,2350,27,5,0.18518518518518517,1.5093774625689518,"ENSSSCG00000000528,ENSSSCG00000022105,ENSSSCG00000004041,ENSSSCG00000012400,ENSSSCG00000012375"
Blood,GO:BP,GO:0006810,transport,0.4580184024241831,3595,27,7,0.25925925925925924,1.381321794673672,"ENSSSCG00000002885,ENSSSCG00000050458,ENSSSCG00000009388,ENSSSCG00000022105,ENSSSCG00000004041,ENSSSCG00000012087,ENSSSCG00000012400"
Blood,REAC,REAC:R-SSC-500792,GPCR ligand binding,0.4599739239121705,328,11,1,0.09090909090909091,2.16019955654102,ENSSSCG00000022105
Blood,GO:BP,GO:0010556,regulation of macromolecule biosynthetic process,0.4645394328386308,4253,27,8,0.2962962962962963,1.3344131811096305,"ENSSSCG00000002885,ENSSSCG00000017667,ENSSSCG00000012179,ENSSSCG00000037425,ENSSSCG00000040187,ENSSSCG00000019255,ENSSSCG00000012400,ENSSSCG00000047910"
Blood,GO:BP,GO:0015850,organic hydroxy compound transport,0.47601177617288115,196,27,1,0.037037037037037035,3.619425547996977,ENSSSCG00000004041
Blood,GO:BP,GO:0003341,cilium movement,0.47872154295912617,198,27,1,0.037037037037037035,3.582865693976805,ENSSSCG00000015448
Blood,GO:BP,GO:0098657,import into cell,0.4827046410266579,678,27,2,0.07407407407407407,2.0926472194908774,"ENSSSCG00000004041,ENSSSCG00000012400"
Blood,GO:BP,GO:0032386,regulation of intracellular transport,0.48405552397584667,202,27,1,0.037037037037037035,3.5119178584525117,ENSSSCG00000012400
Blood,REAC,REAC:R-SSC-1266738,Developmental Biology,0.48431146357650295,359,11,1,0.09090909090909091,1.973664218789567,ENSSSCG00000000528
Blood,GO:BP,GO:0097435,supramolecular fiber organization,0.48432205084258567,687,27,2,0.07407407407407407,2.0652326270958,"ENSSSCG00000000528,ENSSSCG00000025858"
Blood,GO:BP,GO:0051402,neuron apoptotic process,0.48432205084258567,204,27,1,0.037037037037037035,3.477487291212781,ENSSSCG00000009799
Blood,GO:BP,GO:0030100,regulation of endocytosis,0.48432205084258567,203,27,1,0.037037037037037035,3.4946177704798393,ENSSSCG00000012400
Blood,GO:BP,GO:0046903,secretion,0.48432205084258567,686,27,2,0.07407407407407407,2.0682431702839863,"ENSSSCG00000002885,ENSSSCG00000022105"
Blood,GO:BP,GO:0002429,immune response-activating cell surface receptor signaling pathway,0.48676870330883787,207,27,1,0.037037037037037035,3.4270889246734653,ENSSSCG00000037425
Blood,GO:BP,GO:0007010,cytoskeleton organization,0.48924527138013907,1249,27,3,0.1111111111111111,1.7039409305221955,"ENSSSCG00000000528,ENSSSCG00000025858,ENSSSCG00000004554"
Blood,GO:BP,GO:0006260,DNA replication,0.48939175256876827,210,27,1,0.037037037037037035,3.3781305114638442,ENSSSCG00000004554
Blood,GO:BP,GO:0098609,cell-cell adhesion,0.48939175256876827,698,27,2,0.07407407407407407,2.0326859811100495,"ENSSSCG00000000528,ENSSSCG00000012375"
Blood,GO:BP,GO:0062197,cellular response to chemical stress,0.49220982304673955,213,27,1,0.037037037037037035,3.3305512084854807,ENSSSCG00000015448
Blood,GO:BP,GO:0009889,regulation of biosynthetic process,0.49220982304673955,4371,27,8,0.2962962962962963,1.2983892151130767,"ENSSSCG00000002885,ENSSSCG00000017667,ENSSSCG00000012179,ENSSSCG00000037425,ENSSSCG00000040187,ENSSSCG00000019255,ENSSSCG00000012400,ENSSSCG00000047910"
Blood,GO:BP,GO:0110053,regulation of actin filament organization,0.49228499888371396,215,27,1,0.037037037037037035,3.299569336778639,ENSSSCG00000025858
Blood,GO:BP,GO:0009628,response to abiotic stimulus,0.49228499888371396,706,27,2,0.07407407407407407,2.009652712202287,"ENSSSCG00000004554,ENSSSCG00000038287"
Blood,KEGG,KEGG:05022,Pathways of neurodegeneration - multiple diseases,0.49644800791271426,456,11,1,0.09090909090909091,1.6858054226475279,ENSSSCG00000024081
Blood,GO:BP,GO:0006936,muscle contraction,0.49667581693197643,218,27,1,0.037037037037037035,3.254162419300034,ENSSSCG00000000528
Blood,GO:BP,GO:0002768,immune response-regulating cell surface receptor signaling pathway,0.4971279033121388,219,27,1,0.037037037037037035,3.23930323017081,ENSSSCG00000037425
Blood,GO:BP,GO:0034976,response to endoplasmic reticulum stress,0.5033773834853995,223,27,1,0.037037037037037035,3.1811991363560868,ENSSSCG00000024081
Blood,GO:BP,GO:0045321,leukocyte activation,0.5042043760405638,726,27,2,0.07407407407407407,1.9542903785328027,"ENSSSCG00000022105,ENSSSCG00000037425"
Blood,GO:BP,GO:0051258,protein polymerization,0.5042043760405638,225,27,1,0.037037037037037035,3.152921810699588,ENSSSCG00000025858
Blood,GO:BP,GO:0042113,B cell activation,0.5065141039863493,227,27,1,0.037037037037037035,3.1251427639092833,ENSSSCG00000037425
Blood,GO:BP,GO:0051259,protein complex oligomerization,0.5069066964852647,228,27,1,0.037037037037037035,3.111435997400909,ENSSSCG00000009388
Blood,GO:BP,GO:0002366,leukocyte activation involved in immune response,0.5087967979969765,232,27,1,0.037037037037037035,3.0577905491698596,ENSSSCG00000022105
Blood,GO:BP,GO:0072659,protein localization to plasma membrane,0.5087967979969765,232,27,1,0.037037037037037035,3.0577905491698596,ENSSSCG00000000528
Blood,GO:BP,GO:0090596,sensory organ morphogenesis,0.5087967979969765,233,27,1,0.037037037037037035,3.0446669845811476,ENSSSCG00000038287
Blood,GO:BP,GO:0050878,regulation of body fluid levels,0.5087967979969765,231,27,1,0.037037037037037035,3.071027737694404,ENSSSCG00000002885
Blood,GO:BP,GO:0042742,defense response to bacterium,0.5087967979969765,233,27,1,0.037037037037037035,3.0446669845811476,ENSSSCG00000050458
Blood,GO:BP,GO:0002263,cell activation involved in immune response,0.5091605670937406,234,27,1,0.037037037037037035,3.0316555872111426,ENSSSCG00000022105
Blood,GO:BP,GO:1902105,regulation of leukocyte differentiation,0.511356403756812,236,27,1,0.037037037037037035,3.0059635907093534,ENSSSCG00000037425
Blood,GO:BP,GO:0016197,endosomal transport,0.5156799090898071,240,27,1,0.037037037037037035,2.955864197530864,ENSSSCG00000012400
Blood,GO:BP,GO:0097193,intrinsic apoptotic signaling pathway,0.5156799090898071,240,27,1,0.037037037037037035,2.955864197530864,ENSSSCG00000009799
Blood,GO:BP,GO:0006412,translation,0.5172381992111205,759,27,2,0.07407407407407407,1.869321231640072,"ENSSSCG00000012178,ENSSSCG00000004970"
Blood,GO:BP,GO:0051234,establishment of localization,0.5199950370472196,3857,27,7,0.25925925925925924,1.287490757545204,"ENSSSCG00000002885,ENSSSCG00000050458,ENSSSCG00000009388,ENSSSCG00000022105,ENSSSCG00000004041,ENSSSCG00000012087,ENSSSCG00000012400"
Blood,GO:BP,GO:1901701,cellular response to oxygen-containing compound,0.5227011438074759,768,27,2,0.07407407407407407,1.84741512345679,"ENSSSCG00000002885,ENSSSCG00000015448"
Blood,GO:BP,GO:0008104,protein localization,0.524538726994855,1964,27,4,0.14814814814814814,1.444821603681074,"ENSSSCG00000000528,ENSSSCG00000022105,ENSSSCG00000012400,ENSSSCG00000012375"
Blood,GO:BP,GO:0051051,negative regulation of transport,0.524538726994855,249,27,1,0.037037037037037035,2.849025732559869,ENSSSCG00000012400
Blood,GO:BP,GO:0009306,protein secretion,0.5259038535296617,255,27,1,0.037037037037037035,2.781989832970225,ENSSSCG00000022105
Blood,GO:BP,GO:0070727,cellular macromolecule localization,0.5259038535296617,1972,27,4,0.14814814814814814,1.4389602584328751,"ENSSSCG00000000528,ENSSSCG00000022105,ENSSSCG00000012400,ENSSSCG00000012375"
Blood,GO:BP,GO:0019222,regulation of metabolic process,0.5259038535296617,5219,27,9,0.3333333333333333,1.2233505780162228,"ENSSSCG00000002885,ENSSSCG00000017667,ENSSSCG00000012179,ENSSSCG00000022105,ENSSSCG00000037425,ENSSSCG00000040187,ENSSSCG00000019255,ENSSSCG00000012400,ENSSSCG00000047910"
Blood,GO:BP,GO:0048193,Golgi vesicle transport,0.5259038535296617,255,27,1,0.037037037037037035,2.781989832970225,ENSSSCG00000012400
Blood,GO:BP,GO:0032535,regulation of cellular component size,0.5259038535296617,254,27,1,0.037037037037037035,2.7929425488480604,ENSSSCG00000025858
Blood,GO:BP,GO:0006955,immune response,0.5259038535296617,1367,27,3,0.1111111111111111,1.5568560513695846,"ENSSSCG00000050458,ENSSSCG00000022105,ENSSSCG00000037425"
Blood,GO:BP,GO:0035592,establishment of protein localization to extracellular region,0.5295787036086603,258,27,1,0.037037037037037035,2.7496411139821992,ENSSSCG00000022105
Blood,GO:BP,GO:0045229,external encapsulating structure organization,0.5298714255824282,266,27,1,0.037037037037037035,2.666945140629351,ENSSSCG00000025858
Blood,GO:BP,GO:0006979,response to oxidative stress,0.5298714255824282,260,27,1,0.037037037037037035,2.7284900284900284,ENSSSCG00000015448
Blood,GO:BP,GO:0030198,extracellular matrix organization,0.5298714255824282,266,27,1,0.037037037037037035,2.666945140629351,ENSSSCG00000025858
Blood,GO:BP,GO:0050727,regulation of inflammatory response,0.5298714255824282,266,27,1,0.037037037037037035,2.666945140629351,ENSSSCG00000022105
Blood,GO:BP,GO:0006066,alcohol metabolic process,0.5298714255824282,262,27,1,0.037037037037037035,2.7076618603336158,ENSSSCG00000038287
Blood,GO:BP,GO:0048878,chemical homeostasis,0.5298714255824282,793,27,2,0.07407407407407407,1.789173789173789,"ENSSSCG00000002885,ENSSSCG00000022105"
Blood,GO:BP,GO:0033554,cellular response to stress,0.5298714255824282,1394,27,3,0.1111111111111111,1.5267017376056111,"ENSSSCG00000004554,ENSSSCG00000024081,ENSSSCG00000015448"
Blood,GO:BP,GO:0032956,regulation of actin cytoskeleton organization,0.5298714255824282,265,27,1,0.037037037037037035,2.6770090845562544,ENSSSCG00000025858
Blood,GO:BP,GO:0071692,protein localization to extracellular region,0.5298714255824282,263,27,1,0.037037037037037035,2.6973665680890013,ENSSSCG00000022105
Blood,GO:BP,GO:0003012,muscle system process,0.53027873928468106,268,27,1,0.037037037037037035,2.6470425649530127,ENSSSCG00000000528
Blood,GO:BP,GO:0043062,extracellular structure organization,0.53027873928468106,268,27,1,0.037037037037037035,2.6470425649530127,ENSSSCG00000025858
Blood,GO:BP,GO:0031667,response to nutrient levels,0.530672687368772,270,27,1,0.037037037037037035,2.6274348422496567,ENSSSCG00000002885
Blood,GO:BP,GO:0009895,negative regulation of catabolic process,0.530672687368772,270,27,1,0.037037037037037035,2.6274348422496567,ENSSSCG00000012400
Blood,GO:BP,GO:0010557,positive regulation of macromolecule biosynthetic process,0.532213410726345,2037,27,4,0.14814814814814814,1.3930435098819978,"ENSSSCG00000002885,ENSSSCG00000012179,ENSSSCG00000037425,ENSSSCG00000047910"
Blood,GO:BP,GO:0019538,protein metabolic process,0.532213410726345,3318,27,6,0.2222222222222222,1.2828343714419663,"ENSSSCG00000027046,ENSSSCG00000012178,ENSSSCG00000004970,ENSSSCG00000022105,ENSSSCG00000003651,ENSSSCG00000012400"
Blood,GO:BP,GO:0001775,cell activation,0.532213410726345,819,27,2,0.07407407407407407,1.73237462126351,"ENSSSCG00000022105,ENSSSCG00000037425"
Blood,GO:BP,GO:0031589,cell-substrate adhesion,0.5331909981679057,276,27,1,0.037037037037037035,2.570316693505099,ENSSSCG00000000528
Blood,GO:BP,GO:0071705,nitrogen compound transport,0.5331909981679057,1421,27,3,0.1111111111111111,1.4976933302056454,"ENSSSCG00000022105,ENSSSCG00000004041,ENSSSCG00000012400"
Blood,GO:BP,GO:0046942,carboxylic acid transport,0.5349424345896504,278,27,1,0.037037037037037035,2.5518252065014653,ENSSSCG00000004041
Blood,GO:BP,GO:0015849,organic acid transport,0.5351026626280262,279,27,1,0.037037037037037035,2.542678879596442,ENSSSCG00000004041
Blood,GO:BP,GO:0043010,camera-type eye development,0.5352598807472477,280,27,1,0.037037037037037035,2.533597883597883,ENSSSCG00000038287
Blood,GO:BP,GO:0007017,microtubule-based process,0.5371198132062001,836,27,2,0.07407407407407407,1.6971469076732233,"ENSSSCG00000004554,ENSSSCG00000015448"
Blood,GO:BP,GO:0030162,regulation of proteolysis,0.5371198132062001,283,27,1,0.037037037037037035,2.5067399555032064,ENSSSCG00000012400
Blood,REAC,REAC:R-SSC-6798695,Neutrophil degranulation,0.5402582575920151,425,11,1,0.09090909090909091,1.6671657754010696,ENSSSCG00000037425
Blood,GO:BP,GO:0035195,miRNA-mediated post-transcriptional gene silencing,0.5420146230288078,288,27,1,0.037037037037037035,2.4632201646090532,ENSSSCG00000019255
Blood,GO:BP,GO:0009653,anatomical structure morphogenesis,0.5420146230288078,2077,27,4,0.14814814814814814,1.3662155173951034,"ENSSSCG00000000528,ENSSSCG00000025858,ENSSSCG00000038287,ENSSSCG00000012375"
Blood,GO:BP,GO:1990778,protein localization to cell periphery,0.5436601556760504,290,27,1,0.037037037037037035,2.4462324393358874,ENSSSCG00000000528
Blood,GO:BP,GO:0051641,cellular localization,0.5442262502995344,2731,27,5,0.18518518518518517,1.298805213122313,"ENSSSCG00000000528,ENSSSCG00000022105,ENSSSCG00000004041,ENSSSCG00000012400,ENSSSCG00000012375"
Blood,GO:BP,GO:0035194,regulatory ncRNA-mediated post-transcriptional gene silencing,0.5469005324808808,294,27,1,0.037037037037037035,2.4129503653313176,ENSSSCG00000019255
Blood,GO:BP,GO:0072359,circulatory system development,0.5479909968824708,860,27,2,0.07407407407407407,1.6497846683893196,"ENSSSCG00000000528,ENSSSCG00000025858"
Blood,GO:BP,GO:0009891,positive regulation of biosynthetic process,0.5479909968824708,2103,27,4,0.14814814814814814,1.3493245980169422,"ENSSSCG00000002885,ENSSSCG00000012179,ENSSSCG00000037425,ENSSSCG00000047910"
Blood,GO:BP,GO:0016441,post-transcriptional gene silencing,0.5502222075309009,300,27,1,0.037037037037037035,2.3646913580246913,ENSSSCG00000019255
Blood,GO:BP,GO:1903706,regulation of hemopoiesis,0.5502222075309009,300,27,1,0.037037037037037035,2.3646913580246913,ENSSSCG00000037425
Blood,GO:BP,GO:0042176,regulation of protein catabolic process,0.5532414433830485,303,27,1,0.037037037037037035,2.3412785723016745,ENSSSCG00000012400
Blood,GO:BP,GO:1902903,regulation of supramolecular fiber organization,0.5547634146233129,305,27,1,0.037037037037037035,2.325925925925926,ENSSSCG00000025858
Blood,GO:BP,GO:0051223,regulation of protein transport,0.5577254419311681,308,27,1,0.037037037037037035,2.303270803270803,ENSSSCG00000012400
Blood,GO:BP,GO:0048732,gland development,0.5678553748495575,316,27,1,0.037037037037037035,2.244960150023441,ENSSSCG00000002885
Blood,GO:BP,GO:0001654,eye development,0.5749718362793063,322,27,1,0.037037037037037035,2.203128594432942,ENSSSCG00000038287
Blood,GO:BP,GO:0150063,visual system development,0.5777596724716962,325,27,1,0.037037037037037035,2.182792022792023,ENSSSCG00000038287
Blood,GO:BP,GO:0043254,regulation of protein-containing complex assembly,0.5803998528076543,329,27,1,0.037037037037037035,2.1562535179556455,ENSSSCG00000025858
Blood,GO:BP,GO:0009888,tissue development,0.5803998528076543,1552,27,3,0.1111111111111111,1.3712772050400914,"ENSSSCG00000000528,ENSSSCG00000025858,ENSSSCG00000012375"
Blood,GO:BP,GO:0010628,positive regulation of gene expression,0.5803998528076543,921,27,2,0.07407407407407407,1.5405155426870953,"ENSSSCG00000037425,ENSSSCG00000047910"
Blood,GO:BP,GO:0048518,positive regulation of biological process,0.5803998528076543,4869,27,8,0.2962962962962963,1.1655903181883875,"ENSSSCG00000002885,ENSSSCG00000017667,ENSSSCG00000012179,ENSSSCG00000022105,ENSSSCG00000009799,ENSSSCG00000037425,ENSSSCG00000047910,ENSSSCG00000018359"
Blood,GO:BP,GO:0048880,sensory system development,0.5803998528076543,331,27,1,0.037037037037037035,2.1432247957927717,ENSSSCG00000038287
Blood,GO:BP,GO:0006935,chemotaxis,0.5815625182476171,334,27,1,0.037037037037037035,2.1239742736748726,ENSSSCG00000022105
Blood,GO:BP,GO:0042330,taxis,0.5827709665336753,336,27,1,0.037037037037037035,2.111331569664903,ENSSSCG00000022105
Blood,GO:BP,GO:0030098,lymphocyte differentiation,0.5827709665336753,337,27,1,0.037037037037037035,2.1050664908231673,ENSSSCG00000037425
Blood,GO:BP,GO:0023061,signal release,0.5831789874793412,345,27,1,0.037037037037037035,2.0562533548040793,ENSSSCG00000022105
Blood,GO:BP,GO:0060271,cilium assembly,0.5831789874793412,345,27,1,0.037037037037037035,2.0562533548040793,ENSSSCG00000015448
Blood,GO:BP,GO:0031047,regulatory ncRNA-mediated gene silencing,0.5831789874793412,344,27,1,0.037037037037037035,2.062230835486649,ENSSSCG00000019255
Blood,GO:BP,GO:0002757,immune response-activating signaling pathway,0.5831789874793412,348,27,1,0.037037037037037035,2.038527032779906,ENSSSCG00000037425
Blood,GO:BP,GO:0050804,modulation of chemical synaptic transmission,0.5831789874793412,344,27,1,0.037037037037037035,2.062230835486649,ENSSSCG00000018359
Blood,GO:BP,GO:0006950,response to stress,0.5831789874793412,2897,27,5,0.18518518518518517,1.2243828225878621,"ENSSSCG00000050458,ENSSSCG00000004554,ENSSSCG00000024081,ENSSSCG00000022105,ENSSSCG00000015448"
Blood,GO:BP,GO:0099177,regulation of trans-synaptic signaling,0.5831789874793412,344,27,1,0.037037037037037035,2.062230835486649,ENSSSCG00000018359
Blood,GO:BP,GO:0002250,adaptive immune response,0.5831789874793412,348,27,1,0.037037037037037035,2.038527032779906,ENSSSCG00000050458
Blood,GO:BP,GO:0042391,regulation of membrane potential,0.5831789874793412,347,27,1,0.037037037037037035,2.0444017504536234,ENSSSCG00000000528
Blood,GO:BP,GO:0044057,regulation of system process,0.5831789874793412,347,27,1,0.037037037037037035,2.0444017504536234,ENSSSCG00000000528
Blood,REAC,REAC:R-SSC-388396,GPCR downstream signalling,0.5834986505809446,485,11,1,0.09090909090909091,1.4609184629803187,ENSSSCG00000022105
Blood,GO:BP,GO:0034329,cell junction assembly,0.5895632100605792,354,27,1,0.037037037037037035,2.0039757271395686,ENSSSCG00000000528
Blood,GO:BP,GO:0006869,lipid transport,0.5899398314461114,356,27,1,0.037037037037037035,1.992717436537661,ENSSSCG00000004041
Blood,GO:BP,GO:0048513,animal organ development,0.5899398314461114,2264,27,4,0.14814814814814814,1.2533699777516032,"ENSSSCG00000000528,ENSSSCG00000002885,ENSSSCG00000025858,ENSSSCG00000038287"
Blood,GO:BP,GO:0090066,regulation of anatomical structure size,0.5903154243179932,359,27,1,0.037037037037037035,1.9760652016919427,ENSSSCG00000025858
Blood,GO:BP,GO:0070201,regulation of establishment of protein localization,0.5903154243179932,358,27,1,0.037037037037037035,1.9815849368921996,ENSSSCG00000012400
Blood,GO:BP,GO:0001819,positive regulation of cytokine production,0.5914437259014128,361,27,1,0.037037037037037035,1.9651174720426798,ENSSSCG00000037425
Blood,GO:BP,GO:0031349,positive regulation of defense response,0.59758039629829,367,27,1,0.037037037037037035,1.9329902109193662,ENSSSCG00000022105
Blood,GO:BP,GO:0044782,cilium organization,0.5997243322864199,371,27,1,0.037037037037037035,1.9121493461116101,ENSSSCG00000015448
Blood,GO:BP,GO:0051249,regulation of lymphocyte activation,0.5997243322864199,371,27,1,0.037037037037037035,1.9121493461116101,ENSSSCG00000037425
Blood,GO:BP,GO:0010876,lipid localization,0.6007784340351521,373,27,1,0.037037037037037035,1.9018965346043093,ENSSSCG00000004041
Blood,REAC,REAC:R-SSC-372790,Signaling by GPCR,0.6013563650075214,520,11,1,0.09090909090909091,1.3625874125874127,ENSSSCG00000022105
Blood,GO:BP,GO:1901700,response to oxygen-containing compound,0.6014395850945519,997,27,2,0.07407407407407407,1.4230840670158624,"ENSSSCG00000002885,ENSSSCG00000015448"
Blood,GO:BP,GO:0007015,actin filament organization,0.6014395850945519,376,27,1,0.037037037037037035,1.8867218282111897,ENSSSCG00000025858
Blood,GO:BP,GO:0007018,microtubule-based movement,0.6014395850945519,377,27,1,0.037037037037037035,1.8817172610276056,ENSSSCG00000015448
Blood,GO:BP,GO:0002764,immune response-regulating signaling pathway,0.6070749328128187,384,27,1,0.037037037037037035,1.84741512345679,ENSSSCG00000037425
Blood,GO:BP,GO:0060627,regulation of vesicle-mediated transport,0.6070749328128187,384,27,1,0.037037037037037035,1.84741512345679,ENSSSCG00000012400
Blood,GO:BP,GO:0010817,regulation of hormone levels,0.6080537748469191,386,27,1,0.037037037037037035,1.8378430243715216,ENSSSCG00000038287
Blood,GO:BP,GO:0015031,protein transport,0.6105791346329114,1023,27,2,0.07407407407407407,1.3869157525071503,"ENSSSCG00000022105,ENSSSCG00000012400"
Blood,GO:BP,GO:0006811,monoatomic ion transport,0.6105791346329114,1022,27,2,0.07407407407407407,1.388272812930347,"ENSSSCG00000009388,ENSSSCG00000004041"
Blood,GO:BP,GO:0042981,regulation of apoptotic process,0.61341656114239,1029,27,2,0.07407407407407407,1.3788287801893242,"ENSSSCG00000017667,ENSSSCG00000009799"
Blood,GO:BP,GO:0045944,positive regulation of transcription by RNA polymerase II,0.6162175016487487,1037,27,2,0.07407407407407407,1.3681917211328976,"ENSSSCG00000002885,ENSSSCG00000012179"
Blood,GO:BP,GO:0002009,morphogenesis of an epithelium,0.6162175016487487,398,27,1,0.037037037037037035,1.782430671877908,ENSSSCG00000012375
Blood,GO:BP,GO:1903131,mononuclear cell differentiation,0.6214819117221795,406,27,1,0.037037037037037035,1.7473088852399197,ENSSSCG00000037425
Blood,GO:BP,GO:0002253,activation of immune response,0.6214819117221795,406,27,1,0.037037037037037035,1.7473088852399197,ENSSSCG00000037425
Blood,GO:BP,GO:0006914,autophagy,0.6240239950250339,411,27,1,0.037037037037037035,1.7260520861494095,ENSSSCG00000024081
Blood,GO:BP,GO:0051604,protein maturation,0.6240239950250339,412,27,1,0.037037037037037035,1.7218626393383674,ENSSSCG00000012400
Blood,GO:BP,GO:0061919,process utilizing autophagic mechanism,0.6240239950250339,411,27,1,0.037037037037037035,1.7260520861494095,ENSSSCG00000024081
Blood,GO:BP,GO:0051493,regulation of cytoskeleton organization,0.6247486300450283,416,27,1,0.037037037037037035,1.7053062678062676,ENSSSCG00000025858
Blood,GO:BP,GO:0009605,response to external stimulus,0.6247486300450283,1738,27,3,0.1111111111111111,1.2245237181946043,"ENSSSCG00000050458,ENSSSCG00000022105,ENSSSCG00000018359"
Blood,GO:BP,GO:0002694,regulation of leukocyte activation,0.6247486300450283,417,27,1,0.037037037037037035,1.70121680433431,ENSSSCG00000037425
Blood,GO:BP,GO:0043067,regulation of programmed cell death,0.6247486300450283,1067,27,2,0.07407407407407407,1.329723350341907,"ENSSSCG00000017667,ENSSSCG00000009799"
Blood,REAC,REAC:R-SSC-382551,Transport of small molecules,0.6268776653871723,568,11,1,0.09090909090909091,1.247439180537772,ENSSSCG00000004041
Blood,GO:BP,GO:0043170,macromolecule metabolic process,0.6331723929209027,9375,27,14,0.5185185185185185,1.0593817283950617,"ENSSSCG00000002885,ENSSSCG00000027046,ENSSSCG00000012178,ENSSSCG00000004970,ENSSSCG00000017667,ENSSSCG00000012179,ENSSSCG00000004554,ENSSSCG00000022105,ENSSSCG00000037425,ENSSSCG00000040187,ENSSSCG00000003651,ENSSSCG00000019255,ENSSSCG00000012400,ENSSSCG00000047910"
Blood,GO:BP,GO:0051248,negative regulation of protein metabolic process,0.6353627259526845,430,27,1,0.037037037037037035,1.6497846683893196,ENSSSCG00000012400
Blood,GO:BP,GO:0007155,cell adhesion,0.6394389661588044,1096,27,2,0.07407407407407407,1.2945390646120571,"ENSSSCG00000000528,ENSSSCG00000012375"
Blood,GO:BP,GO:0010604,positive regulation of macromolecule metabolic process,0.6423182767427333,2467,27,4,0.14814814814814814,1.1502349532345477,"ENSSSCG00000002885,ENSSSCG00000012179,ENSSSCG00000037425,ENSSSCG00000047910"
Blood,GO:BP,GO:0040017,positive regulation of locomotion,0.6460280529686604,444,27,1,0.037037037037037035,1.5977644310977643,ENSSSCG00000022105
Blood,GO:BP,GO:0051707,response to other organism,0.6463598682709294,1113,27,2,0.07407407407407407,1.2747662307410734,"ENSSSCG00000050458,ENSSSCG00000018359"
Blood,GO:BP,GO:0043207,response to external biotic stimulus,0.6468864318891464,1116,27,2,0.07407407407407407,1.271339439798221,"ENSSSCG00000050458,ENSSSCG00000018359"
Blood,GO:BP,GO:0045595,regulation of cell differentiation,0.648057990809343,1120,27,2,0.07407407407407407,1.2667989417989416,"ENSSSCG00000000528,ENSSSCG00000037425"
Blood,GO:BP,GO:0050865,regulation of cell activation,0.6492719012902354,454,27,1,0.037037037037037035,1.5625713819546416,ENSSSCG00000037425
Blood,GO:BP,GO:0006281,DNA repair,0.6492719012902354,453,27,1,0.037037037037037035,1.566020766903769,ENSSSCG00000004554
Blood,GO:BP,GO:0048522,positive regulation of cellular process,0.6523469358510688,4596,27,7,0.25925925925925924,1.080472552622248,"ENSSSCG00000002885,ENSSSCG00000017667,ENSSSCG00000012179,ENSSSCG00000009799,ENSSSCG00000037425,ENSSSCG00000047910,ENSSSCG00000018359"
Blood,GO:BP,GO:0051246,regulation of protein metabolic process,0.6532806925945387,1137,27,2,0.07407407407407407,1.2478582364246391,"ENSSSCG00000022105,ENSSSCG00000012400"
Blood,GO:BP,GO:0032103,positive regulation of response to external stimulus,0.6541497234723318,463,27,1,0.037037037037037035,1.5321974242060634,ENSSSCG00000022105
Blood,GO:BP,GO:0009607,response to biotic stimulus,0.6593011759465103,1151,27,2,0.07407407407407407,1.232680117128423,"ENSSSCG00000050458,ENSSSCG00000018359"
Blood,GO:BP,GO:0045596,negative regulation of cell differentiation,0.6637843780250596,476,27,1,0.037037037037037035,1.490351696234049,ENSSSCG00000000528
Blood,GO:BP,GO:0097190,apoptotic signaling pathway,0.6637843780250596,477,27,1,0.037037037037037035,1.487227269197919,ENSSSCG00000009799
Blood,GO:BP,GO:0120031,plasma membrane bounded cell projection assembly,0.6749844464927202,490,27,1,0.037037037037037035,1.4477702191987905,ENSSSCG00000015448
Blood,GO:BP,GO:0007423,sensory organ development,0.675443636178835,492,27,1,0.037037037037037035,1.4418849744052995,ENSSSCG00000038287
Blood,GO:BP,GO:0002521,leukocyte differentiation,0.6772887769712284,497,27,1,0.037037037037037035,1.4273790893509204,ENSSSCG00000037425
Blood,GO:BP,GO:0002252,immune effector process,0.6772887769712284,496,27,1,0.037037037037037035,1.4302568697729987,ENSSSCG00000022105
Blood,GO:BP,GO:0030031,cell projection assembly,0.6786641815686609,500,27,1,0.037037037037037035,1.4188148148148148,ENSSSCG00000015448
Blood,GO:BP,GO:0006897,endocytosis,0.6809572905255353,504,27,1,0.037037037037037035,1.407554379776602,ENSSSCG00000012400
Blood,GO:BP,GO:0044419,biological process involved in interspecies interaction between organisms,0.6950657825525095,1232,27,2,0.07407407407407407,1.1516354016354016,"ENSSSCG00000050458,ENSSSCG00000018359"
Blood,GO:BP,GO:0010558,negative regulation of macromolecule biosynthetic process,0.6950657825525095,1948,27,3,0.1111111111111111,1.0925165411818387,"ENSSSCG00000017667,ENSSSCG00000019255,ENSSSCG00000012400"
Blood,GO:BP,GO:0045184,establishment of protein localization,0.6950657825525095,1236,27,2,0.07407407407407407,1.1479084262255783,"ENSSSCG00000022105,ENSSSCG00000012400"
Blood,GO:BP,GO:0006508,proteolysis,0.7023540291589762,1251,27,2,0.07407407407407407,1.1341445362228735,"ENSSSCG00000003651,ENSSSCG00000012400"
Blood,GO:BP,GO:0009059,macromolecule biosynthetic process,0.7054914255616975,7644,27,11,0.4074074074074074,1.0208636161017113,"ENSSSCG00000002885,ENSSSCG00000012178,ENSSSCG00000004970,ENSSSCG00000017667,ENSSSCG00000012179,ENSSSCG00000004554,ENSSSCG00000037425,ENSSSCG00000040187,ENSSSCG00000019255,ENSSSCG00000012400,ENSSSCG00000047910"
Blood,GO:BP,GO:0009893,positive regulation of metabolic process,0.7071702322256418,2699,27,4,0.14814814814814814,1.0513633307260575,"ENSSSCG00000002885,ENSSSCG00000012179,ENSSSCG00000037425,ENSSSCG00000047910"
Blood,GO:BP,GO:0009890,negative regulation of biosynthetic process,0.7082607109727059,1989,27,3,0.1111111111111111,1.0699960896039327,"ENSSSCG00000017667,ENSSSCG00000019255,ENSSSCG00000012400"
Blood,GO:BP,GO:0055082,intracellular chemical homeostasis,0.7095460371091913,549,27,1,0.037037037037037035,1.2921810699588476,ENSSSCG00000002885
Blood,GO:BP,GO:0006954,inflammatory response,0.7114873488991348,553,27,1,0.037037037037037035,1.2828343714419663,ENSSSCG00000022105
Blood,GO:BP,GO:0006915,apoptotic process,0.7171084644521379,1298,27,2,0.07407407407407407,1.0930776693488558,"ENSSSCG00000017667,ENSSSCG00000009799"
Blood,GO:BP,GO:0002376,immune system process,0.7171084644521379,2023,27,3,0.1111111111111111,1.052012962047564,"ENSSSCG00000050458,ENSSSCG00000022105,ENSSSCG00000037425"
Blood,GO:BP,GO:0050778,positive regulation of immune response,0.7171084644521379,563,27,1,0.037037037037037035,1.2600486810078284,ENSSSCG00000037425
Blood,GO:BP,GO:0000226,microtubule cytoskeleton organization,0.7172797792338204,573,27,1,0.037037037037037035,1.2380583026307284,ENSSSCG00000004554
Blood,GO:BP,GO:0001816,cytokine production,0.7172797792338204,576,27,1,0.037037037037037035,1.2316100823045266,ENSSSCG00000037425
Blood,GO:BP,GO:0006952,defense response,0.7172797792338204,1309,27,2,0.07407407407407407,1.083892142715672,"ENSSSCG00000050458,ENSSSCG00000022105"
Blood,GO:BP,GO:0030036,actin cytoskeleton organization,0.7172797792338204,576,27,1,0.037037037037037035,1.2316100823045266,ENSSSCG00000025858
Blood,GO:BP,GO:0060284,regulation of cell development,0.7172797792338204,575,27,1,0.037037037037037035,1.2337520128824475,ENSSSCG00000037425
Blood,GO:BP,GO:0001817,regulation of cytokine production,0.7172797792338204,571,27,1,0.037037037037037035,1.242394759032237,ENSSSCG00000037425
Blood,GO:BP,GO:0008152,metabolic process,0.7186365894544227,11268,27,16,0.5925925925925926,1.0073232622043413,"ENSSSCG00000002885,ENSSSCG00000027046,ENSSSCG00000012178,ENSSSCG00000004970,ENSSSCG00000017667,ENSSSCG00000012179,ENSSSCG00000004554,ENSSSCG00000024081,ENSSSCG00000022105,ENSSSCG00000037425,ENSSSCG00000040187,ENSSSCG00000038287,ENSSSCG00000003651,ENSSSCG00000019255,ENSSSCG00000012400,ENSSSCG00000047910"
Blood,GO:BP,GO:0042592,homeostatic process,0.7202110775100902,1331,27,2,0.07407407407407407,1.0659765701088013,"ENSSSCG00000002885,ENSSSCG00000022105"
Blood,GO:BP,GO:0032940,secretion by cell,0.7202110775100902,587,27,1,0.037037037037037035,1.2085305066565712,ENSSSCG00000022105
Blood,GO:BP,GO:0030155,regulation of cell adhesion,0.7202110775100902,584,27,1,0.037037037037037035,1.2147387113140538,ENSSSCG00000000528
Blood,GO:BP,GO:0031347,regulation of defense response,0.7203224037890024,589,27,1,0.037037037037037035,1.2044268377035778,ENSSSCG00000022105
Blood,GO:BP,GO:0006357,regulation of transcription by RNA polymerase II,0.7211747519289265,2074,27,3,0.1111111111111111,1.026143790849673,"ENSSSCG00000002885,ENSSSCG00000012179,ENSSSCG00000040187"
Blood,GO:BP,GO:0010647,positive regulation of cell communication,0.72212562470519,1343,27,2,0.07407407407407407,1.0564518353051486,"ENSSSCG00000037425,ENSSSCG00000018359"
Blood,GO:BP,GO:0023056,positive regulation of signaling,0.723276481878371,1348,27,2,0.07407407407407407,1.0525332454115837,"ENSSSCG00000037425,ENSSSCG00000018359"
Blood,GO:BP,GO:0008219,cell death,0.7235561763547129,1357,27,2,0.07407407407407407,1.0455525532902097,"ENSSSCG00000017667,ENSSSCG00000009799"
Blood,GO:BP,GO:0034330,cell junction organization,0.7235561763547129,602,27,1,0.037037037037037035,1.1784176202780854,ENSSSCG00000000528
Blood,GO:BP,GO:0012501,programmed cell death,0.7235561763547129,1357,27,2,0.07407407407407407,1.0455525532902097,"ENSSSCG00000017667,ENSSSCG00000009799"
Blood,GO:BP,GO:0045893,positive regulation of DNA-templated transcription,0.7273688837090166,1371,27,2,0.07407407407407407,1.0348758678445038,"ENSSSCG00000002885,ENSSSCG00000012179"
Blood,GO:BP,GO:1902680,positive regulation of RNA biosynthetic process,0.7273688837090166,1373,27,2,0.07407407407407407,1.0333684011761215,"ENSSSCG00000002885,ENSSSCG00000012179"
Blood,GO:BP,GO:0046649,lymphocyte activation,0.7273688837090166,614,27,1,0.037037037037037035,1.1553866570153215,ENSSSCG00000037425
Blood,GO:BP,GO:0043066,negative regulation of apoptotic process,0.7323610876035074,624,27,1,0.037037037037037035,1.1368708452041785,ENSSSCG00000017667
Blood,GO:BP,GO:0048870,cell motility,0.7340640188103751,1398,27,2,0.07407407407407407,1.0148889948603825,"ENSSSCG00000027046,ENSSSCG00000015448"
Blood,GO:BP,GO:0019725,cellular homeostasis,0.7340640188103751,630,27,1,0.037037037037037035,1.1260435038212815,ENSSSCG00000002885
Blood,GO:BP,GO:0048871,multicellular organismal-level homeostasis,0.7340640188103751,632,27,1,0.037037037037037035,1.1224800750117205,ENSSSCG00000022105
Blood,GO:BP,GO:0010608,post-transcriptional regulation of gene expression,0.7367043888503514,646,27,1,0.037037037037037035,1.0981538814356153,ENSSSCG00000019255
Blood,GO:BP,GO:0006366,transcription by RNA polymerase II,0.7367043888503514,2171,27,3,0.1111111111111111,0.9802958186191718,"ENSSSCG00000002885,ENSSSCG00000012179,ENSSSCG00000040187"
Blood,GO:BP,GO:0006996,organelle organization,0.7367043888503514,2902,27,4,0.14814814814814814,0.9778186180667228,"ENSSSCG00000000528,ENSSSCG00000025858,ENSSSCG00000004554,ENSSSCG00000015448"
Blood,GO:BP,GO:0140352,export from cell,0.7367043888503514,644,27,1,0.037037037037037035,1.101564297216471,ENSSSCG00000022105
Blood,GO:BP,GO:0065007,biological regulation,0.7367043888503514,11438,27,16,0.5925925925925926,0.9923516802341771,"ENSSSCG00000000528,ENSSSCG00000002885,ENSSSCG00000025858,ENSSSCG00000017667,ENSSSCG00000012179,ENSSSCG00000004554,ENSSSCG00000022105,ENSSSCG00000009799,ENSSSCG00000037425,ENSSSCG00000040187,ENSSSCG00000038287,ENSSSCG00000019255,ENSSSCG00000012400,ENSSSCG00000047910,ENSSSCG00000012375,ENSSSCG00000018359"
Blood,GO:BP,GO:0043069,negative regulation of programmed cell death,0.7371409706105677,651,27,1,0.037037037037037035,1.0897195198270468,ENSSSCG00000017667
Blood,GO:BP,GO:0051093,negative regulation of developmental process,0.7371409706105677,651,27,1,0.037037037037037035,1.0897195198270468,ENSSSCG00000000528
Blood,GO:BP,GO:0032880,regulation of protein localization,0.739849124740913,657,27,1,0.037037037037037035,1.07976774339027,ENSSSCG00000012400
Blood,GO:BP,GO:0010605,negative regulation of macromolecule metabolic process,0.7478217453158704,2214,27,3,0.1111111111111111,0.961256649603533,"ENSSSCG00000017667,ENSSSCG00000019255,ENSSSCG00000012400"
Blood,GO:BP,GO:0010467,gene expression,0.748261284000675,7313,27,10,0.37037037037037035,0.9700634587821788,"ENSSSCG00000002885,ENSSSCG00000012178,ENSSSCG00000004970,ENSSSCG00000017667,ENSSSCG00000012179,ENSSSCG00000037425,ENSSSCG00000040187,ENSSSCG00000019255,ENSSSCG00000012400,ENSSSCG00000047910"
Blood,GO:BP,GO:0051254,positive regulation of RNA metabolic process,0.7541895742433435,1474,27,2,0.07407407407407407,0.9625609327101864,"ENSSSCG00000002885,ENSSSCG00000012179"
Blood,GO:BP,GO:0048856,anatomical structure development,0.7596988472611705,4485,27,6,0.2222222222222222,0.949040009909575,"ENSSSCG00000000528,ENSSSCG00000002885,ENSSSCG00000025858,ENSSSCG00000037425,ENSSSCG00000038287,ENSSSCG00000012375"
Blood,GO:BP,GO:0006974,DNA damage response,0.7605061314151299,699,27,1,0.037037037037037035,1.0148889948603825,ENSSSCG00000004554
Blood,GO:BP,GO:0050776,regulation of immune response,0.766041910873305,710,27,1,0.037037037037037035,0.9991653625456441,ENSSSCG00000037425
Blood,GO:BP,GO:0060341,regulation of cellular localization,0.7799277825643027,736,27,1,0.037037037037037035,0.9638687600644122,ENSSSCG00000012400
Blood,GO:BP,GO:0050896,response to stimulus,0.7799277825643027,8186,27,11,0.4074074074074074,0.9532716200197265,"ENSSSCG00000002885,ENSSSCG00000050458,ENSSSCG00000004554,ENSSSCG00000024081,ENSSSCG00000022105,ENSSSCG00000009799,ENSSSCG00000004041,ENSSSCG00000037425,ENSSSCG00000038287,ENSSSCG00000015448,ENSSSCG00000018359"
Blood,GO:BP,GO:0098660,inorganic ion transmembrane transport,0.7806819809472607,741,27,1,0.037037037037037035,0.9573649222772029,ENSSSCG00000012087
Blood,REAC,REAC:R-SSC-168249,Innate Immune System,0.7812863657022652,845,11,1,0.09090909090909091,0.8385153308230232,ENSSSCG00000037425
Blood,GO:BP,GO:0070647,protein modification by small protein conjugation or removal,0.7824029952706744,754,27,1,0.037037037037037035,0.9408586305138028,ENSSSCG00000027046
Blood,GO:BP,GO:0030097,hemopoiesis,0.7824029952706744,752,27,1,0.037037037037037035,0.9433609141055949,ENSSSCG00000037425
Blood,GO:BP,GO:0006259,DNA metabolic process,0.7824029952706744,750,27,1,0.037037037037037035,0.9458765432098765,ENSSSCG00000004554
Blood,GO:BP,GO:0009892,negative regulation of metabolic process,0.7824029952706744,2351,27,3,0.1111111111111111,0.9052412684909494,"ENSSSCG00000017667,ENSSSCG00000019255,ENSSSCG00000012400"
Blood,GO:BP,GO:0051649,establishment of localization in cell,0.7841425598092748,1580,27,2,0.07407407407407407,0.8979840600093765,"ENSSSCG00000004041,ENSSSCG00000012400"
Blood,GO:BP,GO:0045935,positive regulation of nucleobase-containing compound metabolic process,0.7936161209287702,1612,27,2,0.07407407407407407,0.8801580737064608,"ENSSSCG00000002885,ENSSSCG00000012179"
Blood,GO:BP,GO:0044087,regulation of cellular component biogenesis,0.7936161209287702,786,27,1,0.037037037037037035,0.9025539534445387,ENSSSCG00000025858
Blood,GO:BP,GO:0032101,regulation of response to external stimulus,0.7936161209287702,790,27,1,0.037037037037037035,0.8979840600093765,ENSSSCG00000022105
Blood,GO:BP,GO:0043687,post-translational protein modification,0.7936161209287702,787,27,1,0.037037037037037035,0.9014071250411784,ENSSSCG00000027046
Blood,GO:BP,GO:0040012,regulation of locomotion,0.7936161209287702,795,27,1,0.037037037037037035,0.8923363615187514,ENSSSCG00000022105
Blood,GO:BP,GO:0009894,regulation of catabolic process,0.7936161209287702,794,27,1,0.037037037037037035,0.8934602108405635,ENSSSCG00000012400
Blood,GO:BP,GO:0050789,regulation of biological process,0.7936161209287702,11104,27,15,0.5555555555555556,0.9583133205251361,"ENSSSCG00000000528,ENSSSCG00000002885,ENSSSCG00000025858,ENSSSCG00000017667,ENSSSCG00000012179,ENSSSCG00000004554,ENSSSCG00000022105,ENSSSCG00000009799,ENSSSCG00000037425,ENSSSCG00000040187,ENSSSCG00000019255,ENSSSCG00000012400,ENSSSCG00000047910,ENSSSCG00000012375,ENSSSCG00000018359"
Blood,GO:BP,GO:0051726,regulation of cell cycle,0.7964505146761205,803,27,1,0.037037037037037035,0.88344633550113,ENSSSCG00000004554
Blood,GO:BP,GO:0042221,response to chemical,0.7992292157911454,3985,27,5,0.18518518518518517,0.8900971234722802,"ENSSSCG00000002885,ENSSSCG00000022105,ENSSSCG00000004041,ENSSSCG00000015448,ENSSSCG00000018359"
Blood,GO:BP,GO:0034220,monoatomic ion transmembrane transport,0.8030474211519587,823,27,1,0.037037037037037035,0.8619774087574816,ENSSSCG00000009388
Blood,GO:BP,GO:0002684,positive regulation of immune system process,0.8030474211519587,824,27,1,0.037037037037037035,0.8609313196691837,ENSSSCG00000037425
Blood,GO:BP,GO:0048666,neuron development,0.8046441835713668,830,27,1,0.037037037037037035,0.8547077197679607,ENSSSCG00000038287
Blood,GO:BP,GO:0030163,protein catabolic process,0.8046805472134665,833,27,1,0.037037037037037035,0.8516295407051708,ENSSSCG00000012400
Blood,GO:BP,GO:0006812,monoatomic cation transport,0.8062291812708309,839,27,1,0.037037037037037035,0.8455392221780779,ENSSSCG00000004041
Blood,GO:BP,GO:0070925,organelle assembly,0.8077462784514021,845,27,1,0.037037037037037035,0.8395353933815471,ENSSSCG00000015448
Blood,GO:BP,GO:0009058,biosynthetic process,0.8097236445598497,8460,27,11,0.4074074074074074,0.9223973382365817,"ENSSSCG00000002885,ENSSSCG00000012178,ENSSSCG00000004970,ENSSSCG00000017667,ENSSSCG00000012179,ENSSSCG00000004554,ENSSSCG00000037425,ENSSSCG00000040187,ENSSSCG00000019255,ENSSSCG00000012400,ENSSSCG00000047910"
Blood,GO:BP,GO:0032502,developmental process,0.8116249032831745,4832,27,6,0.2222222222222222,0.8808866813833701,"ENSSSCG00000000528,ENSSSCG00000002885,ENSSSCG00000025858,ENSSSCG00000037425,ENSSSCG00000038287,ENSSSCG00000012375"
Blood,GO:BP,GO:0051716,cellular response to stimulus,0.8128638018952514,7052,27,9,0.3333333333333333,0.9053696350916997,"ENSSSCG00000002885,ENSSSCG00000004554,ENSSSCG00000024081,ENSSSCG00000022105,ENSSSCG00000009799,ENSSSCG00000004041,ENSSSCG00000037425,ENSSSCG00000015448,ENSSSCG00000018359"
Blood,GO:BP,GO:0080090,regulation of primary metabolic process,0.8137486706278514,4098,27,5,0.18518518518518517,0.8655532057191403,"ENSSSCG00000002885,ENSSSCG00000012179,ENSSSCG00000022105,ENSSSCG00000040187,ENSSSCG00000012400"
Blood,GO:BP,GO:0048584,positive regulation of response to stimulus,0.8162521121515732,1743,27,2,0.07407407407407407,0.8140073521599626,"ENSSSCG00000022105,ENSSSCG00000037425"
Blood,GO:BP,GO:0033043,regulation of organelle organization,0.8212133728888772,895,27,1,0.037037037037037035,0.7926339747568797,ENSSSCG00000025858
Blood,GO:BP,GO:0098542,defense response to other organism,0.8212133728888772,893,27,1,0.037037037037037035,0.7944091908257641,ENSSSCG00000050458
Blood,GO:BP,GO:0048646,anatomical structure formation involved in morphogenesis,0.8247201600398463,906,27,1,0.037037037037037035,0.7830103834518845,ENSSSCG00000038287
Blood,GO:BP,GO:0050793,regulation of developmental process,0.825731762646029,1789,27,2,0.07407407407407407,0.7930770345527193,"ENSSSCG00000000528,ENSSSCG00000037425"
Blood,GO:BP,GO:0051128,regulation of cellular component organization,0.825731762646029,1793,27,2,0.07407407407407407,0.791307760632914,"ENSSSCG00000025858,ENSSSCG00000012400"
Blood,GO:BP,GO:0040011,locomotion,0.8318728473520423,933,27,1,0.037037037037037035,0.7603509189790004,ENSSSCG00000022105
Blood,GO:BP,GO:0050794,regulation of cellular process,0.8318728473520423,10756,27,14,0.5185185185185185,0.9233640483175627,"ENSSSCG00000000528,ENSSSCG00000002885,ENSSSCG00000025858,ENSSSCG00000017667,ENSSSCG00000012179,ENSSSCG00000004554,ENSSSCG00000022105,ENSSSCG00000009799,ENSSSCG00000037425,ENSSSCG00000040187,ENSSSCG00000019255,ENSSSCG00000012400,ENSSSCG00000047910,ENSSSCG00000018359"
Blood,GO:BP,GO:0007275,multicellular organism development,0.8342474961720329,3461,27,4,0.14814814814814814,0.8198872087921495,"ENSSSCG00000000528,ENSSSCG00000025858,ENSSSCG00000037425,ENSSSCG00000038287"
Blood,GO:BP,GO:0006355,regulation of DNA-templated transcription,0.8382796175355165,2683,27,3,0.1111111111111111,0.7932248312419762,"ENSSSCG00000002885,ENSSSCG00000012179,ENSSSCG00000040187"
Blood,GO:BP,GO:2001141,regulation of RNA biosynthetic process,0.8383715831821551,2689,27,3,0.1111111111111111,0.7914548985579108,"ENSSSCG00000002885,ENSSSCG00000012179,ENSSSCG00000040187"
Blood,GO:BP,GO:0060429,epithelium development,0.839656279450131,969,27,1,0.037037037037037035,0.7321025876237434,ENSSSCG00000012375
Blood,GO:BP,GO:0080134,regulation of response to stress,0.8512378938441804,1002,27,1,0.037037037037037035,0.7079914245582908,ENSSSCG00000022105
Blood,GO:BP,GO:2000026,regulation of multicellular organismal development,0.8520104901625547,1015,27,1,0.037037037037037035,0.6989235540959678,ENSSSCG00000037425
Blood,GO:BP,GO:0022402,cell cycle process,0.8520104901625547,1016,27,1,0.037037037037037035,0.6982356372120151,ENSSSCG00000004554
Blood,GO:BP,GO:0022607,cellular component assembly,0.8520104901625547,3569,27,4,0.14814814814814814,0.7950769486213588,"ENSSSCG00000000528,ENSSSCG00000025858,ENSSSCG00000009388,ENSSSCG00000015448"
Blood,GO:BP,GO:0022414,reproductive process,0.8553446887540039,1029,27,1,0.037037037037037035,0.6894143900946621,ENSSSCG00000015448
Blood,GO:BP,GO:0006629,lipid metabolic process,0.8563516588600069,1043,27,1,0.037037037037037035,0.6801605056638613,ENSSSCG00000038287
Blood,GO:BP,GO:0030182,neuron differentiation,0.8563516588600069,1037,27,1,0.037037037037037035,0.6840958605664488,ENSSSCG00000038287
Blood,GO:BP,GO:0006351,DNA-templated transcription,0.8563516588600069,2814,27,3,0.1111111111111111,0.7562978757008607,"ENSSSCG00000002885,ENSSSCG00000012179,ENSSSCG00000040187"
Blood,REAC,REAC:R-SSC-597592,Post-translational protein modification,0.8683456930674867,1096,11,1,0.09090909090909091,0.6464830789648308,ENSSSCG00000017667
Blood,GO:BP,GO:0048699,generation of neurons,0.8702165953956077,1107,27,1,0.037037037037037035,0.6408377664023553,ENSSSCG00000038287
Blood,GO:BP,GO:0046907,intracellular transport,0.8702165953956077,1106,27,1,0.037037037037037035,0.6414171857209832,ENSSSCG00000012400
Blood,GO:BP,GO:0009056,catabolic process,0.8702165953956077,2045,27,2,0.07407407407407407,0.6937969754595672,"ENSSSCG00000024081,ENSSSCG00000012400"
Blood,GO:BP,GO:0051049,regulation of transport,0.8702165953956077,1090,27,1,0.037037037037037035,0.6508324838600068,ENSSSCG00000012400
Blood,GO:BP,GO:0051252,regulation of RNA metabolic process,0.8702165953956077,2893,27,3,0.1111111111111111,0.7356454276606367,"ENSSSCG00000002885,ENSSSCG00000012179,ENSSSCG00000040187"
Blood,GO:BP,GO:0048731,system development,0.8729719995208798,2927,27,3,0.1111111111111111,0.7271001784155183,"ENSSSCG00000000528,ENSSSCG00000025858,ENSSSCG00000038287"
Blood,GO:BP,GO:0009987,cellular process,0.8758275078453169,18585,27,26,0.9629629629629629,0.9924451220119769,"ENSSSCG00000000528,ENSSSCG00000002885,ENSSSCG00000027046,ENSSSCG00000012178,ENSSSCG00000004970,ENSSSCG00000050458,ENSSSCG00000025858,ENSSSCG00000017667,ENSSSCG00000012179,ENSSSCG00000009388,ENSSSCG00000004554,ENSSSCG00000024081,ENSSSCG00000022105,ENSSSCG00000009799,ENSSSCG00000004041,ENSSSCG00000037425,ENSSSCG00000040187,ENSSSCG00000038287,ENSSSCG00000015448,ENSSSCG00000003651,ENSSSCG00000012087,ENSSSCG00000019255,ENSSSCG00000012400,ENSSSCG00000047910,ENSSSCG00000012375,ENSSSCG00000018359"
Blood,GO:BP,GO:0009057,macromolecule catabolic process,0.8758275078453169,1137,27,1,0.037037037037037035,0.6239291182123196,ENSSSCG00000012400
Blood,GO:BP,GO:0044085,cellular component biogenesis,0.878242157443929,3802,27,4,0.14814814814814814,0.7463518226274669,"ENSSSCG00000000528,ENSSSCG00000025858,ENSSSCG00000009388,ENSSSCG00000015448"
Blood,GO:BP,GO:0009967,positive regulation of signal transduction,0.882768619654669,1193,27,1,0.037037037037037035,0.5946415820682376,ENSSSCG00000037425
Blood,GO:BP,GO:0048468,cell development,0.882768619654669,2157,27,2,0.07407407407407407,0.6577722831779391,"ENSSSCG00000037425,ENSSSCG00000038287"
Blood,GO:BP,GO:0120036,plasma membrane bounded cell projection organization,0.882768619654669,1194,27,1,0.037037037037037035,0.594143557292636,ENSSSCG00000015448
Blood,GO:BP,GO:0051240,positive regulation of multicellular organismal process,0.882768619654669,1175,27,1,0.037037037037037035,0.6037509850275807,ENSSSCG00000037425
Blood,GO:BP,GO:0016477,cell migration,0.882768619654669,1199,27,1,0.037037037037037035,0.591665894418188,ENSSSCG00000027046
Blood,GO:BP,GO:0051239,regulation of multicellular organismal process,0.882768619654669,2161,27,2,0.07407407407407407,0.6565547500299929,"ENSSSCG00000000528,ENSSSCG00000037425"
Blood,GO:BP,GO:0002682,regulation of immune system process,0.8831945745458604,1206,27,1,0.037037037037037035,0.5882316811006695,ENSSSCG00000037425
Blood,GO:BP,GO:0030030,cell projection organization,0.8835994004826266,1213,27,1,0.037037037037037035,0.5848371042105583,ENSSSCG00000015448
Blood,GO:BP,GO:0016192,vesicle-mediated transport,0.8927071278896654,1253,27,1,0.037037037037037035,0.5661671248263427,ENSSSCG00000012400
Blood,GO:BP,GO:0019219,regulation of nucleobase-containing compound metabolic process,0.8928944394275048,3129,27,3,0.1111111111111111,0.6801605056638613,"ENSSSCG00000002885,ENSSSCG00000012179,ENSSSCG00000040187"
Blood,GO:BP,GO:0023052,signaling,0.8928944394275048,6362,27,7,0.25925925925925924,0.7805488607123312,"ENSSSCG00000000528,ENSSSCG00000002885,ENSSSCG00000022105,ENSSSCG00000009799,ENSSSCG00000037425,ENSSSCG00000012375,ENSSSCG00000018359"
Blood,GO:BP,GO:0007049,cell cycle,0.8928944394275048,1269,27,1,0.037037037037037035,0.5590286898403526,ENSSSCG00000004554
Blood,GO:BP,GO:0007154,cell communication,0.8938214383958465,6387,27,7,0.25925925925925924,0.7774936357995696,"ENSSSCG00000000528,ENSSSCG00000002885,ENSSSCG00000022105,ENSSSCG00000009799,ENSSSCG00000037425,ENSSSCG00000012375,ENSSSCG00000018359"
Blood,GO:BP,GO:0022008,neurogenesis,0.8938214383958465,1288,27,1,0.037037037037037035,0.5507821486082355,ENSSSCG00000038287
Blood,GO:BP,GO:0035556,intracellular signal transduction,0.8996865214490206,2314,27,2,0.07407407407407407,0.6131438266269726,"ENSSSCG00000009799,ENSSSCG00000037425"
Blood,GO:BP,GO:0048869,cellular developmental process,0.9003420774074875,3235,27,3,0.1111111111111111,0.6578739481366992,"ENSSSCG00000000528,ENSSSCG00000037425,ENSSSCG00000038287"
Blood,GO:BP,GO:0030154,cell differentiation,0.9003420774074875,3235,27,3,0.1111111111111111,0.6578739481366992,"ENSSSCG00000000528,ENSSSCG00000037425,ENSSSCG00000038287"
Blood,GO:BP,GO:0044281,small molecule metabolic process,0.9020863656604194,1357,27,1,0.037037037037037035,0.5227762766451048,ENSSSCG00000038287
Blood,GO:BP,GO:0036211,protein modification process,0.9020863656604194,1352,27,1,0.037037037037037035,0.524709620863467,ENSSSCG00000027046
Blood,GO:BP,GO:0065003,protein-containing complex assembly,0.9031777884012762,2376,27,2,0.07407407407407407,0.5971442823294675,"ENSSSCG00000025858,ENSSSCG00000009388"
Blood,GO:BP,GO:0048523,negative regulation of cellular process,0.9033062117935144,4148,27,4,0.14814814814814814,0.6840958605664488,"ENSSSCG00000000528,ENSSSCG00000017667,ENSSSCG00000019255,ENSSSCG00000012400"
Blood,GO:BP,GO:0141124,intracellular signaling cassette,0.908391389336043,1409,27,1,0.037037037037037035,0.5034829009278974,ENSSSCG00000037425
Blood,GO:BP,GO:0032879,regulation of localization,0.9119839560256033,1435,27,1,0.037037037037037035,0.49436056265324557,ENSSSCG00000012400
Blood,GO:BP,GO:0048519,negative regulation of biological process,0.9196131887422468,4306,27,4,0.14814814814814814,0.6589943403691662,"ENSSSCG00000000528,ENSSSCG00000017667,ENSSSCG00000019255,ENSSSCG00000012400"
Blood,KEGG,KEGG:01100,Metabolic pathways,0.9198703900661793,1498,11,1,0.09090909090909091,0.5131690739167375,ENSSSCG00000038287
Blood,GO:BP,GO:0043412,macromolecule modification,0.9205393742826904,1507,27,1,0.037037037037037035,0.4707414780407481,ENSSSCG00000027046
Blood,GO:BP,GO:0043933,protein-containing complex organization,0.9205393742826904,2543,27,2,0.07407407407407407,0.5579295378744848,"ENSSSCG00000025858,ENSSSCG00000009388"
Blood,REAC,REAC:R-SSC-168256,Immune System,0.9260749920448559,1471,11,1,0.09090909090909091,0.4816760397997652,ENSSSCG00000037425
Blood,REAC,REAC:R-SSC-392499,Metabolism of proteins,0.9260749920448559,1434,11,1,0.09090909090909091,0.49410422213769495,ENSSSCG00000017667
Blood,REAC,REAC:R-SSC-1430728,Metabolism,0.9260749920448559,1537,11,1,0.09090909090909091,0.460992488318448,ENSSSCG00000012087
Blood,GO:BP,GO:0023051,regulation of signaling,0.9312619983018087,2649,27,2,0.07407407407407407,0.5356039316024216,"ENSSSCG00000037425,ENSSSCG00000018359"
Blood,GO:BP,GO:0010646,regulation of cell communication,0.9312619983018087,2643,27,2,0.07407407407407407,0.5368198315606564,"ENSSSCG00000037425,ENSSSCG00000018359"
Blood,GO:BP,GO:0044238,primary metabolic process,0.9312619983018087,9866,27,11,0.4074074074074074,0.7909468357471601,"ENSSSCG00000002885,ENSSSCG00000027046,ENSSSCG00000012178,ENSSSCG00000004970,ENSSSCG00000012179,ENSSSCG00000004554,ENSSSCG00000022105,ENSSSCG00000040187,ENSSSCG00000038287,ENSSSCG00000003651,ENSSSCG00000012400"
Blood,GO:BP,GO:0003008,system process,0.9395531718647537,2743,27,2,0.07407407407407407,0.5172492945004793,"ENSSSCG00000000528,ENSSSCG00000022105"
Blood,GO:BP,GO:0007399,nervous system development,0.9504802128013259,1772,27,1,0.037037037037037035,0.4003427807039545,ENSSSCG00000038287
Blood,GO:BP,GO:0016043,cellular component organization,0.9509781606334989,6401,27,6,0.2222222222222222,0.6649655435782603,"ENSSSCG00000000528,ENSSSCG00000025858,ENSSSCG00000009388,ENSSSCG00000004554,ENSSSCG00000015448,ENSSSCG00000012400"
Blood,GO:BP,GO:0048583,regulation of response to stimulus,0.9611300659037514,3016,27,2,0.07407407407407407,0.4704293152569014,"ENSSSCG00000022105,ENSSSCG00000037425"
Blood,GO:BP,GO:0071840,cellular component organization or biogenesis,0.9618652775549883,6600,27,6,0.2222222222222222,0.6449158249158249,"ENSSSCG00000000528,ENSSSCG00000025858,ENSSSCG00000009388,ENSSSCG00000004554,ENSSSCG00000015448,ENSSSCG00000012400"
Blood,GO:BP,GO:0007186,G protein-coupled receptor signaling pathway,0.9789771815634193,2230,27,1,0.037037037037037035,0.31811991363560865,ENSSSCG00000022105
Blood,GO:BP,GO:0007166,cell surface receptor signaling pathway,0.9789771815634193,2212,27,1,0.037037037037037035,0.3207085928604916,ENSSSCG00000037425
Blood,GO:BP,GO:0141187,nucleic acid biosynthetic process,0.9789771815634193,5314,27,4,0.14814814814814814,0.5339912739235284,"ENSSSCG00000002885,ENSSSCG00000012179,ENSSSCG00000004554,ENSSSCG00000040187"
Blood,GO:BP,GO:0009966,regulation of signal transduction,0.9806429175407392,2290,27,1,0.037037037037037035,0.30978489406437004,ENSSSCG00000037425
Blood,GO:BP,GO:0034654,nucleobase-containing compound biosynthetic process,0.9848913813563586,5545,27,4,0.14814814814814814,0.5117456500684634,"ENSSSCG00000002885,ENSSSCG00000012179,ENSSSCG00000004554,ENSSSCG00000040187"
Blood,GO:BP,GO:0032501,multicellular organismal process,0.9880585729092735,6574,27,5,0.18518518518518517,0.539555375271834,"ENSSSCG00000000528,ENSSSCG00000025858,ENSSSCG00000022105,ENSSSCG00000037425,ENSSSCG00000038287"
Blood,GO:BP,GO:0007165,signal transduction,0.991526000175098,5967,27,4,0.14814814814814814,0.4755538176017479,"ENSSSCG00000002885,ENSSSCG00000022105,ENSSSCG00000009799,ENSSSCG00000037425"
Blood,GO:BP,GO:0090304,nucleic acid metabolic process,0.991526000175098,5908,27,4,0.14814814814814814,0.4803029163218736,"ENSSSCG00000002885,ENSSSCG00000012179,ENSSSCG00000004554,ENSSSCG00000040187"
Blood,GO:BP,GO:0032774,RNA biosynthetic process,0.9933008399512772,5242,27,3,0.1111111111111111,0.4059943193861545,"ENSSSCG00000002885,ENSSSCG00000012179,ENSSSCG00000040187"
Blood,GO:BP,GO:0016070,RNA metabolic process,0.9933008399512772,5420,27,3,0.1111111111111111,0.39266092660926605,"ENSSSCG00000002885,ENSSSCG00000012179,ENSSSCG00000040187"
Blood,GO:BP,GO:0006139,nucleobase-containing compound metabolic process,0.9933008399512772,6355,27,4,0.14814814814814814,0.4465192178803508,"ENSSSCG00000002885,ENSSSCG00000012179,ENSSSCG00000004554,ENSSSCG00000040187"
Blood,GO:BP,GO:0008150,biological_process,1,19154,27,27,1,1,"ENSSSCG00000000528,ENSSSCG00000002885,ENSSSCG00000027046,ENSSSCG00000012178,ENSSSCG00000004970,ENSSSCG00000050458,ENSSSCG00000030575,ENSSSCG00000025858,ENSSSCG00000017667,ENSSSCG00000012179,ENSSSCG00000009388,ENSSSCG00000004554,ENSSSCG00000024081,ENSSSCG00000022105,ENSSSCG00000009799,ENSSSCG00000004041,ENSSSCG00000037425,ENSSSCG00000040187,ENSSSCG00000038287,ENSSSCG00000015448,ENSSSCG00000003651,ENSSSCG00000012087,ENSSSCG00000019255,ENSSSCG00000012400,ENSSSCG00000047910,ENSSSCG00000012375,ENSSSCG00000018359"
Blood,KEGG,KEGG:00000,KEGG root term,1,8456,11,11,1,1,"ENSSSCG00000000528,ENSSSCG00000004970,ENSSSCG00000025858,ENSSSCG00000007186,ENSSSCG00000024081,ENSSSCG00000022105,ENSSSCG00000009799,ENSSSCG00000004041,ENSSSCG00000038287,ENSSSCG00000012400,ENSSSCG00000012375"
Blood,REAC,REAC:0000000,REACTOME root term,1,7794,11,11,1,1,"ENSSSCG00000000528,ENSSSCG00000002885,ENSSSCG00000025858,ENSSSCG00000017667,ENSSSCG00000004554,ENSSSCG00000022105,ENSSSCG00000004041,ENSSSCG00000037425,ENSSSCG00000038287,ENSSSCG00000012087,ENSSSCG00000012375"
Brain,GO:BP,GO:0016241,regulation of macroautophagy,0.16615965223901016,120,43,3,0.06976744186046512,11.136046511627907,"ENSSSCG00000028964,ENSSSCG00000025545,ENSSSCG00000040599"
Brain,GO:BP,GO:0071659,negative regulation of IP-10 production,0.16615965223901016,1,43,1,0.023255813953488372,445.4418604651163,ENSSSCG00000046640
Brain,GO:BP,GO:0071612,IP-10 production,0.16615965223901016,1,43,1,0.023255813953488372,445.4418604651163,ENSSSCG00000046640
Brain,GO:BP,GO:0043045,epigenetic programming of gene expression,0.16615965223901016,29,43,2,0.046511627906976744,30.720128307939056,"ENSSSCG00000028741,ENSSSCG00000032453"
Brain,GO:BP,GO:1901052,sarcosine metabolic process,0.16615965223901016,1,43,1,0.023255813953488372,445.4418604651163,ENSSSCG00000005740
Brain,GO:BP,GO:0002625,regulation of T cell antigen processing and presentation,0.16615965223901016,1,43,1,0.023255813953488372,445.4418604651163,ENSSSCG00000036747
Brain,GO:BP,GO:0071658,regulation of IP-10 production,0.16615965223901016,1,43,1,0.023255813953488372,445.4418604651163,ENSSSCG00000046640
Brain,GO:BP,GO:0010070,zygote asymmetric cell division,0.16615965223901016,1,43,1,0.023255813953488372,445.4418604651163,ENSSSCG00000014039
Brain,GO:BP,GO:0044725,epigenetic programming in the zygotic pronuclei,0.16615965223901016,14,43,2,0.046511627906976744,63.63455149501661,"ENSSSCG00000028741,ENSSSCG00000032453"
Brain,GO:BP,GO:1901053,sarcosine catabolic process,0.16615965223901016,1,43,1,0.023255813953488372,445.4418604651163,ENSSSCG00000005740
Brain,GO:BP,GO:0099158,regulation of recycling endosome localization within postsynapse,0.16615965223901016,1,43,1,0.023255813953488372,445.4418604651163,ENSSSCG00000021106
Brain,GO:BP,GO:0048821,erythrocyte development,0.16615965223901016,33,43,2,0.046511627906976744,26.99647639182523,"ENSSSCG00000027237,ENSSSCG00000025545"
Brain,GO:BP,GO:0070843,misfolded protein transport,0.16615965223901016,1,43,1,0.023255813953488372,445.4418604651163,ENSSSCG00000025545
Brain,GO:BP,GO:0070844,polyubiquitinated protein transport,0.16615965223901016,1,43,1,0.023255813953488372,445.4418604651163,ENSSSCG00000025545
Brain,GO:BP,GO:0070845,polyubiquitinated misfolded protein transport,0.16615965223901016,1,43,1,0.023255813953488372,445.4418604651163,ENSSSCG00000025545
Brain,GO:BP,GO:1903713,asparagine transmembrane transport,0.16615965223901016,1,43,1,0.023255813953488372,445.4418604651163,ENSSSCG00000025981
Brain,REAC,REAC:R-SSC-173736,Alternative complement activation,0.18337783799072785,4,19,1,0.05263157894736842,102.55263157894736,ENSSSCG00000012278
Brain,REAC,REAC:R-SSC-174577,Activation of C3 and C5,0.18337783799072785,5,19,1,0.05263157894736842,82.0421052631579,ENSSSCG00000012278
Brain,REAC,REAC:R-SSC-6807062,Cholesterol biosynthesis via lathosterol,0.18337783799072785,3,19,1,0.05263157894736842,136.73684210526315,ENSSSCG00000032768
Brain,REAC,REAC:R-SSC-6798163,Choline catabolism,0.18337783799072785,6,19,1,0.05263157894736842,68.36842105263158,ENSSSCG00000005740
Brain,REAC,REAC:R-SSC-1474228,Degradation of the extracellular matrix,0.18337783799072785,97,19,2,0.10526315789473684,8.457948996201845,"ENSSSCG00000002967,ENSSSCG00000012277"
Brain,REAC,REAC:R-SSC-5173105,O-linked glycosylation,0.18337783799072785,100,19,2,0.10526315789473684,8.204210526315789,"ENSSSCG00000005379,ENSSSCG00000012278"
Brain,REAC,REAC:R-SSC-5576894,Phase 1 - inactivation of fast Na+ channels,0.18337783799072785,5,19,1,0.05263157894736842,82.0421052631579,ENSSSCG00000028284
Brain,REAC,REAC:R-SSC-6807047,Cholesterol biosynthesis via desmosterol,0.18337783799072785,3,19,1,0.05263157894736842,136.73684210526315,ENSSSCG00000032768
Brain,REAC,REAC:R-SSC-3371511,HSF1 activation,0.18337783799072785,7,19,1,0.05263157894736842,58.60150375939849,ENSSSCG00000025545
Brain,REAC,REAC:R-SSC-425393,Transport of inorganic cations/anions and amino acids/oligopeptides,0.18337783799072785,99,19,2,0.10526315789473684,8.287081339712918,"ENSSSCG00000003852,ENSSSCG00000025981"
Brain,REAC,REAC:R-SSC-425407,SLC-mediated transmembrane transport,0.18337783799072785,214,19,3,0.15789473684210525,5.750614854894245,"ENSSSCG00000003852,ENSSSCG00000025981,ENSSSCG00000024841"
Brain,REAC,REAC:R-SSC-727802,Transport of nucleotide sugars,0.18337783799072785,9,19,1,0.05263157894736842,45.57894736842105,ENSSSCG00000024841
Brain,GO:BP,GO:2000342,negative regulation of chemokine (C-X-C motif) ligand 2 production,0.18440253580007496,2,43,1,0.023255813953488372,222.72093023255815,ENSSSCG00000046640
Brain,GO:BP,GO:0030221,basophil differentiation,0.18440253580007496,2,43,1,0.023255813953488372,222.72093023255815,ENSSSCG00000027237
Brain,GO:BP,GO:0035854,eosinophil fate commitment,0.18440253580007496,2,43,1,0.023255813953488372,222.72093023255815,ENSSSCG00000027237
Brain,GO:BP,GO:0031914,negative regulation of synaptic plasticity,0.18440253580007496,2,43,1,0.023255813953488372,222.72093023255815,ENSSSCG00000014039
Brain,GO:BP,GO:1905336,negative regulation of aggrephagy,0.18440253580007496,2,43,1,0.023255813953488372,222.72093023255815,ENSSSCG00000025545
Brain,GO:BP,GO:0010725,regulation of primitive erythrocyte differentiation,0.18440253580007496,2,43,1,0.023255813953488372,222.72093023255815,ENSSSCG00000027237
Brain,GO:BP,GO:0099152,"regulation of neurotransmitter receptor transport, endosome to postsynaptic membrane",0.18440253580007496,2,43,1,0.023255813953488372,222.72093023255815,ENSSSCG00000021106
Brain,GO:BP,GO:0045814,"negative regulation of gene expression, epigenetic",0.18440253580007496,137,43,3,0.06976744186046512,9.754201324053641,"ENSSSCG00000028741,ENSSSCG00000025545,ENSSSCG00000032453"
Brain,GO:BP,GO:0002128,tRNA nucleoside ribose methylation,0.18440253580007496,2,43,1,0.023255813953488372,222.72093023255815,ENSSSCG00000025599
Brain,GO:BP,GO:0002130,wobble position ribose methylation,0.18440253580007496,2,43,1,0.023255813953488372,222.72093023255815,ENSSSCG00000025599
Brain,GO:BP,GO:0009607,response to biotic stimulus,0.1909437005229799,1151,43,7,0.16279069767441862,2.7090295597357206,"ENSSSCG00000046640,ENSSSCG00000006141,ENSSSCG00000012278,ENSSSCG00000028964,ENSSSCG00000025264,ENSSSCG00000021934,ENSSSCG00000036747"
Brain,GO:BP,GO:0048871,multicellular organismal-level homeostasis,0.1909437005229799,632,43,5,0.11627906976744186,3.524065351780983,"ENSSSCG00000046640,ENSSSCG00000027237,ENSSSCG00000021328,ENSSSCG00000025545,ENSSSCG00000032453"
Brain,GO:BP,GO:1905749,regulation of endosome to plasma membrane protein transport,0.1909437005229799,3,43,1,0.023255813953488372,148.48062015503874,ENSSSCG00000021106
Brain,GO:BP,GO:0036466,synaptic vesicle recycling via endosome,0.1909437005229799,6,43,1,0.023255813953488372,74.24031007751937,ENSSSCG00000021106
Brain,GO:BP,GO:0072334,UDP-galactose transmembrane transport,0.1909437005229799,3,43,1,0.023255813953488372,148.48062015503874,ENSSSCG00000024841
Brain,GO:BP,GO:0061919,process utilizing autophagic mechanism,0.1909437005229799,411,43,4,0.09302325581395349,4.335200588468285,"ENSSSCG00000039332,ENSSSCG00000028964,ENSSSCG00000025545,ENSSSCG00000040599"
Brain,GO:BP,GO:0061734,type 2 mitophagy,0.1909437005229799,5,43,1,0.023255813953488372,89.08837209302325,ENSSSCG00000025545
Brain,GO:BP,GO:1904691,negative regulation of type B pancreatic cell proliferation,0.1909437005229799,3,43,1,0.023255813953488372,148.48062015503874,ENSSSCG00000023759
Brain,GO:BP,GO:0070106,interleukin-27-mediated signaling pathway,0.1909437005229799,6,43,1,0.023255813953488372,74.24031007751937,ENSSSCG00000046640
Brain,GO:BP,GO:0032259,methylation,0.1909437005229799,204,43,3,0.06976744186046512,6.550615595075239,"ENSSSCG00000028741,ENSSSCG00000025599,ENSSSCG00000032453"
Brain,GO:BP,GO:1904557,L-alanine transmembrane transport,0.1909437005229799,5,43,1,0.023255813953488372,89.08837209302325,ENSSSCG00000025981
Brain,GO:BP,GO:0048822,enucleate erythrocyte development,0.1909437005229799,6,43,1,0.023255813953488372,74.24031007751937,ENSSSCG00000025545
Brain,GO:BP,GO:0061523,cilium disassembly,0.1909437005229799,5,43,1,0.023255813953488372,89.08837209302325,ENSSSCG00000025545
Brain,GO:BP,GO:0099532,synaptic vesicle endosomal processing,0.1909437005229799,6,43,1,0.023255813953488372,74.24031007751937,ENSSSCG00000021106
Brain,GO:BP,GO:0090601,enucleation,0.1909437005229799,4,43,1,0.023255813953488372,111.36046511627907,ENSSSCG00000025545
Brain,GO:BP,GO:0030222,eosinophil differentiation,0.1909437005229799,6,43,1,0.023255813953488372,74.24031007751937,ENSSSCG00000027237
Brain,GO:BP,GO:0032329,serine transport,0.1909437005229799,6,43,1,0.023255813953488372,74.24031007751937,ENSSSCG00000025981
Brain,GO:BP,GO:0070842,aggresome assembly,0.1909437005229799,5,43,1,0.023255813953488372,89.08837209302325,ENSSSCG00000025545
Brain,GO:BP,GO:1905335,regulation of aggrephagy,0.1909437005229799,6,43,1,0.023255813953488372,74.24031007751937,ENSSSCG00000025545
Brain,GO:BP,GO:0006914,autophagy,0.1909437005229799,411,43,4,0.09302325581395349,4.335200588468285,"ENSSSCG00000039332,ENSSSCG00000028964,ENSSSCG00000025545,ENSSSCG00000040599"
Brain,GO:BP,GO:0070973,protein localization to endoplasmic reticulum exit site,0.1909437005229799,6,43,1,0.023255813953488372,74.24031007751937,ENSSSCG00000039332
Brain,GO:BP,GO:1905268,negative regulation of chromatin organization,0.1909437005229799,6,43,1,0.023255813953488372,74.24031007751937,ENSSSCG00000028741
Brain,GO:BP,GO:0032481,positive regulation of type I interferon production,0.1909437005229799,68,43,2,0.046511627906976744,13.101231190150479,"ENSSSCG00000046640,ENSSSCG00000025264"
Brain,GO:BP,GO:1903939,regulation of TORC2 signaling,0.1909437005229799,4,43,1,0.023255813953488372,111.36046511627907,ENSSSCG00000021934
Brain,GO:BP,GO:0089709,L-histidine transmembrane transport,0.1909437005229799,5,43,1,0.023255813953488372,89.08837209302325,ENSSSCG00000025981
Brain,GO:BP,GO:1902475,L-alpha-amino acid transmembrane transport,0.1909437005229799,66,43,2,0.046511627906976744,13.498238195912615,"ENSSSCG00000003852,ENSSSCG00000025981"
Brain,GO:BP,GO:0044726,epigenetic programing of female pronucleus,0.1909437005229799,3,43,1,0.023255813953488372,148.48062015503874,ENSSSCG00000028741
Brain,GO:BP,GO:0051707,response to other organism,0.1909437005229799,1113,43,7,0.16279069767441862,2.801521135000731,"ENSSSCG00000046640,ENSSSCG00000006141,ENSSSCG00000012278,ENSSSCG00000028964,ENSSSCG00000025264,ENSSSCG00000021934,ENSSSCG00000036747"
Brain,GO:BP,GO:0141068,autosome genomic imprinting,0.1909437005229799,4,43,1,0.023255813953488372,111.36046511627907,ENSSSCG00000028741
Brain,GO:BP,GO:0043354,enucleate erythrocyte maturation,0.1909437005229799,4,43,1,0.023255813953488372,111.36046511627907,ENSSSCG00000025545
Brain,GO:BP,GO:0006867,asparagine transport,0.1909437005229799,4,43,1,0.023255813953488372,111.36046511627907,ENSSSCG00000025981
Brain,GO:BP,GO:0015804,neutral amino acid transport,0.1909437005229799,51,43,2,0.046511627906976744,17.468308253533973,"ENSSSCG00000003852,ENSSSCG00000025981"
Brain,GO:BP,GO:0031452,negative regulation of heterochromatin formation,0.1909437005229799,6,43,1,0.023255813953488372,74.24031007751937,ENSSSCG00000028741
Brain,GO:BP,GO:0043207,response to external biotic stimulus,0.1909437005229799,1116,43,7,0.16279069767441862,2.7939901642077185,"ENSSSCG00000046640,ENSSSCG00000006141,ENSSSCG00000012278,ENSSSCG00000028964,ENSSSCG00000025264,ENSSSCG00000021934,ENSSSCG00000036747"
Brain,GO:BP,GO:0043131,erythrocyte enucleation,0.1909437005229799,4,43,1,0.023255813953488372,111.36046511627907,ENSSSCG00000025545
Brain,GO:BP,GO:0060318,definitive erythrocyte differentiation,0.1909437005229799,4,43,1,0.023255813953488372,111.36046511627907,ENSSSCG00000027237
Brain,GO:BP,GO:0061515,myeloid cell development,0.1909437005229799,64,43,2,0.046511627906976744,13.920058139534884,"ENSSSCG00000027237,ENSSSCG00000025545"
Brain,GO:BP,GO:0071705,nitrogen compound transport,0.1909437005229799,1421,43,8,0.18604651162790697,2.50776557615829,"ENSSSCG00000039332,ENSSSCG00000003852,ENSSSCG00000021106,ENSSSCG00000025981,ENSSSCG00000024793,ENSSSCG00000024841,ENSSSCG00000022647,ENSSSCG00000025545"
Brain,GO:BP,GO:0002248,connective tissue replacement involved in inflammatory response wound healing,0.1909437005229799,5,43,1,0.023255813953488372,89.08837209302325,ENSSSCG00000012277
Brain,GO:BP,GO:0060319,primitive erythrocyte differentiation,0.1909437005229799,4,43,1,0.023255813953488372,111.36046511627907,ENSSSCG00000027237
Brain,GO:BP,GO:1904515,positive regulation of TORC2 signaling,0.1909437005229799,3,43,1,0.023255813953488372,148.48062015503874,ENSSSCG00000021934
Brain,GO:BP,GO:0097009,energy homeostasis,0.1909437005229799,61,43,2,0.046511627906976744,14.604651162790697,"ENSSSCG00000021328,ENSSSCG00000032453"
Brain,GO:BP,GO:0040029,epigenetic regulation of gene expression,0.1909437005229799,210,43,3,0.06976744186046512,6.363455149501661,"ENSSSCG00000028741,ENSSSCG00000025545,ENSSSCG00000032453"
Brain,GO:BP,GO:0010724,regulation of definitive erythrocyte differentiation,0.1909437005229799,3,43,1,0.023255813953488372,148.48062015503874,ENSSSCG00000027237
Brain,GO:BP,GO:0002457,T cell antigen processing and presentation,0.1909437005229799,5,43,1,0.023255813953488372,89.08837209302325,ENSSSCG00000036747
Brain,GO:BP,GO:0061355,Wnt protein secretion,0.1909437005229799,5,43,1,0.023255813953488372,89.08837209302325,ENSSSCG00000024793
Brain,GO:BP,GO:0015825,L-serine transport,0.1909437005229799,4,43,1,0.023255813953488372,111.36046511627907,ENSSSCG00000025981
Brain,GO:BP,GO:1901164,negative regulation of trophoblast cell migration,0.1909437005229799,6,43,1,0.023255813953488372,74.24031007751937,ENSSSCG00000012277
Brain,GO:BP,GO:0090310,negative regulation of DNA methylation-dependent heterochromatin formation,0.1909437005229799,3,43,1,0.023255813953488372,148.48062015503874,ENSSSCG00000028741
Brain,GO:BP,GO:0015807,L-amino acid transport,0.2005399633458552,81,43,2,0.046511627906976744,10.998564455928799,"ENSSSCG00000003852,ENSSSCG00000025981"
Brain,GO:BP,GO:0010468,regulation of gene expression,0.2011903428691862,4181,43,16,0.37209302325581395,1.7046328073288353,"ENSSSCG00000039332,ENSSSCG00000046640,ENSSSCG00000013836,ENSSSCG00000028741,ENSSSCG00000012286,ENSSSCG00000012284,ENSSSCG00000012283,ENSSSCG00000012287,ENSSSCG00000012280,ENSSSCG00000028964,ENSSSCG00000027237,ENSSSCG00000025264,ENSSSCG00000025545,ENSSSCG00000032453,ENSSSCG00000036747,ENSSSCG00000021591"
Brain,GO:BP,GO:0099072,regulation of postsynaptic membrane neurotransmitter receptor levels,0.2011903428691862,85,43,2,0.046511627906976744,10.480984952120384,"ENSSSCG00000021106,ENSSSCG00000024793"
Brain,GO:BP,GO:0060215,primitive hemopoiesis,0.2011903428691862,7,43,1,0.023255813953488372,63.63455149501661,ENSSSCG00000027237
Brain,GO:BP,GO:0006357,regulation of transcription by RNA polymerase II,0.2011903428691862,2074,43,10,0.23255813953488372,2.1477428180574556,"ENSSSCG00000013836,ENSSSCG00000028741,ENSSSCG00000012286,ENSSSCG00000012284,ENSSSCG00000012283,ENSSSCG00000012287,ENSSSCG00000012280,ENSSSCG00000027237,ENSSSCG00000032453,ENSSSCG00000036747"
Brain,GO:BP,GO:0060718,chorionic trophoblast cell differentiation,0.2011903428691862,7,43,1,0.023255813953488372,63.63455149501661,ENSSSCG00000028741
Brain,GO:BP,GO:0002246,wound healing involved in inflammatory response,0.2011903428691862,7,43,1,0.023255813953488372,63.63455149501661,ENSSSCG00000012277
Brain,GO:BP,GO:0000183,rDNA heterochromatin formation,0.2011903428691862,7,43,1,0.023255813953488372,63.63455149501661,ENSSSCG00000032453
Brain,GO:BP,GO:0006868,glutamine transport,0.20142321843591346,8,43,1,0.023255813953488372,55.68023255813954,ENSSSCG00000025981
Brain,GO:BP,GO:0010556,regulation of macromolecule biosynthetic process,0.20142321843591346,4253,43,16,0.37209302325581395,1.6757746925562802,"ENSSSCG00000039332,ENSSSCG00000046640,ENSSSCG00000013836,ENSSSCG00000028741,ENSSSCG00000012286,ENSSSCG00000012284,ENSSSCG00000012283,ENSSSCG00000012287,ENSSSCG00000012280,ENSSSCG00000028964,ENSSSCG00000027237,ENSSSCG00000025264,ENSSSCG00000025545,ENSSSCG00000032453,ENSSSCG00000036747,ENSSSCG00000021591"
Brain,GO:BP,GO:0030218,erythrocyte differentiation,0.20142321843591346,114,43,2,0.046511627906976744,7.814769481844144,"ENSSSCG00000027237,ENSSSCG00000025545"
Brain,GO:BP,GO:0006901,vesicle coating,0.20142321843591346,14,43,1,0.023255813953488372,31.817275747508305,ENSSSCG00000039332
Brain,GO:BP,GO:0090481,pyrimidine nucleotide-sugar transmembrane transport,0.20142321843591346,12,43,1,0.023255813953488372,37.120155038759684,ENSSSCG00000024841
Brain,GO:BP,GO:0044419,biological process involved in interspecies interaction between organisms,0.20142321843591346,1232,43,7,0.16279069767441862,2.5309196617336154,"ENSSSCG00000046640,ENSSSCG00000006141,ENSSSCG00000012278,ENSSSCG00000028964,ENSSSCG00000025264,ENSSSCG00000021934,ENSSSCG00000036747"
Brain,GO:BP,GO:0098877,neurotransmitter receptor transport to plasma membrane,0.20142321843591346,15,43,1,0.023255813953488372,29.696124031007752,ENSSSCG00000021106
Brain,GO:BP,GO:0170044,non-proteinogenic amino acid catabolic process,0.20142321843591346,12,43,1,0.023255813953488372,37.120155038759684,ENSSSCG00000005740
Brain,GO:BP,GO:0141196,transposable element silencing by piRNA-mediated DNA methylation,0.20142321843591346,8,43,1,0.023255813953488372,55.68023255813954,ENSSSCG00000028741
Brain,GO:BP,GO:1990700,nucleolar chromatin organization,0.20142321843591346,8,43,1,0.023255813953488372,55.68023255813954,ENSSSCG00000032453
Brain,GO:BP,GO:0141176,gene silencing by piRNA-directed DNA methylation,0.20142321843591346,8,43,1,0.023255813953488372,55.68023255813954,ENSSSCG00000028741
Brain,GO:BP,GO:2000341,regulation of chemokine (C-X-C motif) ligand 2 production,0.20142321843591346,10,43,1,0.023255813953488372,44.544186046511626,ENSSSCG00000046640
Brain,GO:BP,GO:0141005,transposable element silencing by heterochromatin formation,0.20142321843591346,11,43,1,0.023255813953488372,40.49471458773784,ENSSSCG00000028741
Brain,GO:BP,GO:0140966,piRNA-mediated heterochromatin formation,0.20142321843591346,9,43,1,0.023255813953488372,49.49354005167959,ENSSSCG00000028741
Brain,GO:BP,GO:0015780,nucleotide-sugar transmembrane transport,0.20142321843591346,13,43,1,0.023255813953488372,34.264758497316635,ENSSSCG00000024841
Brain,GO:BP,GO:0015801,aromatic amino acid transport,0.20142321843591346,11,43,1,0.023255813953488372,40.49471458773784,ENSSSCG00000025981
Brain,GO:BP,GO:2001044,regulation of integrin-mediated signaling pathway,0.20142321843591346,12,43,1,0.023255813953488372,37.120155038759684,ENSSSCG00000012277
Brain,GO:BP,GO:1905039,carboxylic acid transmembrane transport,0.20142321843591346,125,43,2,0.046511627906976744,7.127069767441861,"ENSSSCG00000003852,ENSSSCG00000025981"
Brain,GO:BP,GO:0015808,L-alanine transport,0.20142321843591346,10,43,1,0.023255813953488372,44.544186046511626,ENSSSCG00000025981
Brain,GO:BP,GO:2001141,regulation of RNA biosynthetic process,0.20142321843591346,2689,43,11,0.2558139534883721,1.822186859470539,"ENSSSCG00000013836,ENSSSCG00000028741,ENSSSCG00000012286,ENSSSCG00000012284,ENSSSCG00000012283,ENSSSCG00000012287,ENSSSCG00000012280,ENSSSCG00000028964,ENSSSCG00000027237,ENSSSCG00000032453,ENSSSCG00000036747"
Brain,GO:BP,GO:0015816,glycine transport,0.20142321843591346,11,43,1,0.023255813953488372,40.49471458773784,ENSSSCG00000025981
Brain,GO:BP,GO:0140718,facultative heterochromatin formation,0.20142321843591346,11,43,1,0.023255813953488372,40.49471458773784,ENSSSCG00000032453
Brain,GO:BP,GO:0016236,macroautophagy,0.20142321843591346,256,43,3,0.06976744186046512,5.220021802325581,"ENSSSCG00000028964,ENSSSCG00000025545,ENSSSCG00000040599"
Brain,GO:BP,GO:0016559,peroxisome fission,0.20142321843591346,10,43,1,0.023255813953488372,44.544186046511626,ENSSSCG00000039332
Brain,GO:BP,GO:0099639,"neurotransmitter receptor transport, endosome to plasma membrane",0.20142321843591346,9,43,1,0.023255813953488372,49.49354005167959,ENSSSCG00000021106
Brain,GO:BP,GO:0099638,endosome to plasma membrane protein transport,0.20142321843591346,15,43,1,0.023255813953488372,29.696124031007752,ENSSSCG00000021106
Brain,GO:BP,GO:0007000,nucleolus organization,0.20142321843591346,14,43,1,0.023255813953488372,31.817275747508305,ENSSSCG00000032453
Brain,GO:BP,GO:0019222,regulation of metabolic process,0.20142321843591346,5219,43,18,0.4186046511627907,1.536300725880838,"ENSSSCG00000039332,ENSSSCG00000046640,ENSSSCG00000013836,ENSSSCG00000028741,ENSSSCG00000012286,ENSSSCG00000012284,ENSSSCG00000012283,ENSSSCG00000012287,ENSSSCG00000012280,ENSSSCG00000028964,ENSSSCG00000027237,ENSSSCG00000025264,ENSSSCG00000025545,ENSSSCG00000012277,ENSSSCG00000032453,ENSSSCG00000036747,ENSSSCG00000021591,ENSSSCG00000040599"
Brain,GO:BP,GO:0019896,axonal transport of mitochondrion,0.20142321843591346,13,43,1,0.023255813953488372,34.264758497316635,ENSSSCG00000025545
Brain,GO:BP,GO:0006957,"complement activation, alternative pathway",0.20142321843591346,11,43,1,0.023255813953488372,40.49471458773784,ENSSSCG00000012278
Brain,GO:BP,GO:0098969,neurotransmitter receptor transport to postsynaptic membrane,0.20142321843591346,13,43,1,0.023255813953488372,34.264758497316635,ENSSSCG00000021106
Brain,GO:BP,GO:0098887,"neurotransmitter receptor transport, endosome to postsynaptic membrane",0.20142321843591346,8,43,1,0.023255813953488372,55.68023255813954,ENSSSCG00000021106
Brain,GO:BP,GO:0097709,connective tissue replacement,0.20142321843591346,9,43,1,0.023255813953488372,49.49354005167959,ENSSSCG00000012277
Brain,GO:BP,GO:0080090,regulation of primary metabolic process,0.20142321843591346,4098,43,15,0.3488372093023256,1.6304606898430318,"ENSSSCG00000013836,ENSSSCG00000028741,ENSSSCG00000012286,ENSSSCG00000012284,ENSSSCG00000012283,ENSSSCG00000012287,ENSSSCG00000012280,ENSSSCG00000028964,ENSSSCG00000027237,ENSSSCG00000025264,ENSSSCG00000025545,ENSSSCG00000012277,ENSSSCG00000032453,ENSSSCG00000036747,ENSSSCG00000021591"
Brain,GO:BP,GO:0032682,negative regulation of chemokine production,0.20142321843591346,14,43,1,0.023255813953488372,31.817275747508305,ENSSSCG00000046640
Brain,GO:BP,GO:0072567,chemokine (C-X-C motif) ligand 2 production,0.20142321843591346,10,43,1,0.023255813953488372,44.544186046511626,ENSSSCG00000046640
Brain,GO:BP,GO:0038203,TORC2 signaling,0.20142321843591346,10,43,1,0.023255813953488372,44.544186046511626,ENSSSCG00000021934
Brain,GO:BP,GO:0002577,regulation of antigen processing and presentation,0.20142321843591346,13,43,1,0.023255813953488372,34.264758497316635,ENSSSCG00000036747
Brain,GO:BP,GO:0061469,regulation of type B pancreatic cell proliferation,0.20142321843591346,13,43,1,0.023255813953488372,34.264758497316635,ENSSSCG00000023759
Brain,GO:BP,GO:0061450,trophoblast cell migration,0.20142321843591346,15,43,1,0.023255813953488372,29.696124031007752,ENSSSCG00000012277
Brain,GO:BP,GO:1901163,regulation of trophoblast cell migration,0.20142321843591346,14,43,1,0.023255813953488372,31.817275747508305,ENSSSCG00000012277
Brain,GO:BP,GO:0060717,chorion development,0.20142321843591346,8,43,1,0.023255813953488372,55.68023255813954,ENSSSCG00000028741
Brain,GO:BP,GO:0060255,regulation of macromolecule metabolic process,0.20142321843591346,4807,43,17,0.3953488372093023,1.5753092631385428,"ENSSSCG00000039332,ENSSSCG00000046640,ENSSSCG00000013836,ENSSSCG00000028741,ENSSSCG00000012286,ENSSSCG00000012284,ENSSSCG00000012283,ENSSSCG00000012287,ENSSSCG00000012280,ENSSSCG00000028964,ENSSSCG00000027237,ENSSSCG00000025264,ENSSSCG00000025545,ENSSSCG00000012277,ENSSSCG00000032453,ENSSSCG00000036747,ENSSSCG00000021591"
Brain,GO:BP,GO:0009889,regulation of biosynthetic process,0.20142321843591346,4371,43,16,0.37209302325581395,1.6305352933978174,"ENSSSCG00000039332,ENSSSCG00000046640,ENSSSCG00000013836,ENSSSCG00000028741,ENSSSCG00000012286,ENSSSCG00000012284,ENSSSCG00000012283,ENSSSCG00000012287,ENSSSCG00000012280,ENSSSCG00000028964,ENSSSCG00000027237,ENSSSCG00000025264,ENSSSCG00000025545,ENSSSCG00000032453,ENSSSCG00000036747,ENSSSCG00000021591"
Brain,GO:BP,GO:1903540,establishment of protein localization to postsynaptic membrane,0.20142321843591346,13,43,1,0.023255813953488372,34.264758497316635,ENSSSCG00000021106
Brain,GO:BP,GO:0043244,regulation of protein-containing complex disassembly,0.20142321843591346,106,43,2,0.046511627906976744,8.404563405002193,"ENSSSCG00000025545,ENSSSCG00000040599"
Brain,GO:BP,GO:0043249,erythrocyte maturation,0.20142321843591346,14,43,1,0.023255813953488372,31.817275747508305,ENSSSCG00000025545
Brain,GO:BP,GO:0043353,enucleate erythrocyte differentiation,0.20142321843591346,11,43,1,0.023255813953488372,40.49471458773784,ENSSSCG00000025545
Brain,GO:BP,GO:0035973,aggrephagy,0.20142321843591346,14,43,1,0.023255813953488372,31.817275747508305,ENSSSCG00000025545
Brain,GO:BP,GO:0009615,response to virus,0.20142321843591346,300,43,3,0.06976744186046512,4.4544186046511625,"ENSSSCG00000046640,ENSSSCG00000028964,ENSSSCG00000025264"
Brain,GO:BP,GO:0051494,negative regulation of cytoskeleton organization,0.20142321843591346,127,43,2,0.046511627906976744,7.014832448269548,"ENSSSCG00000025545,ENSSSCG00000036747"
Brain,GO:BP,GO:0051252,regulation of RNA metabolic process,0.20142321843591346,2893,43,12,0.27906976744186046,1.8476675857522968,"ENSSSCG00000013836,ENSSSCG00000028741,ENSSSCG00000012286,ENSSSCG00000012284,ENSSSCG00000012283,ENSSSCG00000012287,ENSSSCG00000012280,ENSSSCG00000028964,ENSSSCG00000027237,ENSSSCG00000032453,ENSSSCG00000036747,ENSSSCG00000021591"
Brain,GO:BP,GO:0045117,azole transmembrane transport,0.20142321843591346,13,43,1,0.023255813953488372,34.264758497316635,ENSSSCG00000025981
Brain,GO:BP,GO:0051045,negative regulation of membrane protein ectodomain proteolysis,0.20142321843591346,8,43,1,0.023255813953488372,55.68023255813954,ENSSSCG00000012277
Brain,GO:BP,GO:0045861,negative regulation of proteolysis,0.20142321843591346,90,43,2,0.046511627906976744,9.898708010335918,"ENSSSCG00000025545,ENSSSCG00000012277"
Brain,GO:BP,GO:0046015,regulation of transcription by glucose,0.20142321843591346,8,43,1,0.023255813953488372,55.68023255813954,ENSSSCG00000032453
Brain,GO:BP,GO:1903421,regulation of synaptic vesicle recycling,0.20142321843591346,15,43,1,0.023255813953488372,29.696124031007752,ENSSSCG00000021106
Brain,GO:BP,GO:0048207,"vesicle targeting, rough ER to cis-Golgi",0.20142321843591346,10,43,1,0.023255813953488372,44.544186046511626,ENSSSCG00000039332
Brain,GO:BP,GO:0048208,COPII vesicle coating,0.20142321843591346,10,43,1,0.023255813953488372,44.544186046511626,ENSSSCG00000039332
Brain,GO:BP,GO:0008356,asymmetric cell division,0.20142321843591346,13,43,1,0.023255813953488372,34.264758497316635,ENSSSCG00000014039
Brain,GO:BP,GO:0000122,negative regulation of transcription by RNA polymerase II,0.20142321843591346,752,43,5,0.11627906976744186,2.9617144977733796,"ENSSSCG00000028741,ENSSSCG00000012286,ENSSSCG00000012280,ENSSSCG00000027237,ENSSSCG00000032453"
Brain,GO:BP,GO:0048813,dendrite morphogenesis,0.20142321843591346,92,43,2,0.046511627906976744,9.683518705763397,"ENSSSCG00000025264,ENSSSCG00000025545"
Brain,GO:BP,GO:0008277,regulation of G protein-coupled receptor signaling pathway,0.20142321843591346,108,43,2,0.046511627906976744,8.248923341946599,"ENSSSCG00000039984,ENSSSCG00000014039"
Brain,GO:BP,GO:0030502,negative regulation of bone mineralization,0.20142321843591346,13,43,1,0.023255813953488372,34.264758497316635,ENSSSCG00000027237
Brain,GO:BP,GO:1905244,regulation of modification of synaptic structure,0.20142321843591346,11,43,1,0.023255813953488372,40.49471458773784,ENSSSCG00000021106
Brain,GO:BP,GO:0070141,response to UV-A,0.20142321843591346,12,43,1,0.023255813953488372,37.120155038759684,ENSSSCG00000012277
Brain,GO:BP,GO:0072393,microtubule anchoring at microtubule organizing center,0.20142321843591346,12,43,1,0.023255813953488372,37.120155038759684,ENSSSCG00000012288
Brain,GO:BP,GO:0071639,positive regulation of monocyte chemotactic protein-1 production,0.20142321843591346,9,43,1,0.023255813953488372,49.49354005167959,ENSSSCG00000046640
Brain,GO:BP,GO:0071637,regulation of monocyte chemotactic protein-1 production,0.20142321843591346,14,43,1,0.023255813953488372,31.817275747508305,ENSSSCG00000046640
Brain,GO:BP,GO:0031445,regulation of heterochromatin formation,0.20142321843591346,9,43,1,0.023255813953488372,49.49354005167959,ENSSSCG00000028741
Brain,GO:BP,GO:0031507,heterochromatin formation,0.20142321843591346,107,43,2,0.046511627906976744,8.326016083460118,"ENSSSCG00000028741,ENSSSCG00000032453"
Brain,GO:BP,GO:0071605,monocyte chemotactic protein-1 production,0.20142321843591346,14,43,1,0.023255813953488372,31.817275747508305,ENSSSCG00000046640
Brain,GO:BP,GO:0006508,proteolysis,0.20142321843591346,1251,43,7,0.16279069767441862,2.4924804342572457,"ENSSSCG00000039984,ENSSSCG00000002967,ENSSSCG00000003651,ENSSSCG00000021328,ENSSSCG00000025545,ENSSSCG00000021934,ENSSSCG00000012277"
Brain,GO:BP,GO:0009100,glycoprotein metabolic process,0.20142321843591346,310,43,3,0.06976744186046512,4.31072768192048,"ENSSSCG00000005379,ENSSSCG00000024793,ENSSSCG00000027237"
Brain,GO:BP,GO:0071492,cellular response to UV-A,0.20142321843591346,10,43,1,0.023255813953488372,44.544186046511626,ENSSSCG00000012277
Brain,GO:BP,GO:0071360,cellular response to exogenous dsRNA,0.20142321843591346,14,43,1,0.023255813953488372,31.817275747508305,ENSSSCG00000025264
Brain,GO:BP,GO:0032328,alanine transport,0.20142321843591346,15,43,1,0.023255813953488372,29.696124031007752,ENSSSCG00000025981
Brain,GO:BP,GO:1901096,regulation of autophagosome maturation,0.20142321843591346,15,43,1,0.023255813953488372,29.696124031007752,ENSSSCG00000040599
Brain,GO:BP,GO:0006366,transcription by RNA polymerase II,0.20142321843591346,2171,43,10,0.23255813953488372,2.051781945947104,"ENSSSCG00000013836,ENSSSCG00000028741,ENSSSCG00000012286,ENSSSCG00000012284,ENSSSCG00000012283,ENSSSCG00000012287,ENSSSCG00000012280,ENSSSCG00000027237,ENSSSCG00000032453,ENSSSCG00000036747"
Brain,GO:BP,GO:0032479,regulation of type I interferon production,0.20142321843591346,101,43,2,0.046511627906976744,8.8206309002993315,"ENSSSCG00000046640,ENSSSCG00000025264"
Brain,GO:BP,GO:0032488,Cdc42 protein signal transduction,0.20142321843591346,12,43,1,0.023255813953488372,37.120155038759684,ENSSSCG00000036747
Brain,GO:BP,GO:0010506,regulation of autophagy,0.20142321843591346,251,43,3,0.06976744186046512,5.324006300379876,"ENSSSCG00000028964,ENSSSCG00000025545,ENSSSCG00000040599"
Brain,GO:BP,GO:1903867,extraembryonic membrane development,0.20142321843591346,10,43,1,0.023255813953488372,44.544186046511626,ENSSSCG00000028741
Brain,GO:BP,GO:0032606,type I interferon production,0.20142321843591346,102,43,2,0.046511627906976744,8.734154126766986,"ENSSSCG00000046640,ENSSSCG00000025264"
Brain,GO:BP,GO:0070863,positive regulation of protein exit from endoplasmic reticulum,0.20142321843591346,12,43,1,0.023255813953488372,37.120155038759684,ENSSSCG00000039332
Brain,GO:BP,GO:0033033,negative regulation of myeloid cell apoptotic process,0.20142321843591346,13,43,1,0.023255813953488372,34.264758497316635,ENSSSCG00000027237
Brain,GO:BP,GO:0070841,inclusion body assembly,0.20142321843591346,15,43,1,0.023255813953488372,29.696124031007752,ENSSSCG00000025545
Brain,GO:BP,GO:0033157,regulation of intracellular protein transport,0.20142321843591346,112,43,2,0.046511627906976744,7.954318936877076,"ENSSSCG00000039332,ENSSSCG00000021106"
Brain,GO:BP,GO:0003333,amino acid transmembrane transport,0.20142321843591346,94,43,2,0.046511627906976744,9.477486392874814,"ENSSSCG00000003852,ENSSSCG00000025981"
Brain,GO:BP,GO:0033690,positive regulation of osteoblast proliferation,0.20142321843591346,12,43,1,0.023255813953488372,37.120155038759684,ENSSSCG00000027237
Brain,GO:BP,GO:0034101,erythrocyte homeostasis,0.20142321843591346,124,43,2,0.046511627906976744,7.184546136534133,"ENSSSCG00000027237,ENSSSCG00000025545"
Brain,GO:BP,GO:0034454,microtubule anchoring at centrosome,0.20142321843591346,11,43,1,0.023255813953488372,40.49471458773784,ENSSSCG00000012288
Brain,GO:BP,GO:0006355,regulation of DNA-templated transcription,0.20142321843591346,2683,43,11,0.2558139534883721,1.8262618207664105,"ENSSSCG00000013836,ENSSSCG00000028741,ENSSSCG00000012286,ENSSSCG00000012284,ENSSSCG00000012283,ENSSSCG00000012287,ENSSSCG00000012280,ENSSSCG00000028964,ENSSSCG00000027237,ENSSSCG00000032453,ENSSSCG00000036747"
Brain,GO:BP,GO:1903825,organic acid transmembrane transport,0.2021879698974799,128,43,2,0.046511627906976744,6.960029069767442,"ENSSSCG00000003852,ENSSSCG00000025981"
Brain,REAC,REAC:R-SSC-1475029,Reversible hydration of carbon dioxide,0.20219035811889485,12,19,1,0.05263157894736842,34.18421052631579,ENSSSCG00000006141
Brain,GO:BP,GO:0010557,positive regulation of macromolecule biosynthetic process,0.2056729169330393,2037,43,9,0.20930232558139536,1.9680789122170086,"ENSSSCG00000039332,ENSSSCG00000046640,ENSSSCG00000028741,ENSSSCG00000012287,ENSSSCG00000028964,ENSSSCG00000027237,ENSSSCG00000025264,ENSSSCG00000036747,ENSSSCG00000021591"
Brain,GO:BP,GO:1902904,negative regulation of supramolecular fiber organization,0.2056729169330393,130,43,2,0.046511627906976744,6.852951699463327,"ENSSSCG00000025545,ENSSSCG00000036747"
Brain,GO:BP,GO:0071514,genomic imprinting,0.20640756397570548,16,43,1,0.023255813953488372,27.84011627906977,ENSSSCG00000028741
Brain,GO:BP,GO:0071218,cellular response to misfolded protein,0.20640756397570548,16,43,1,0.023255813953488372,27.84011627906977,ENSSSCG00000025545
Brain,GO:BP,GO:0031048,regulatory ncRNA-mediated heterochromatin formation,0.20640756397570548,16,43,1,0.023255813953488372,27.84011627906977,ENSSSCG00000028741
Brain,GO:BP,GO:0010526,transposable element silencing,0.20640756397570548,16,43,1,0.023255813953488372,27.84011627906977,ENSSSCG00000028741
Brain,GO:BP,GO:0006865,amino acid transport,0.20858294968336444,133,43,2,0.046511627906976744,6.698373841580696,"ENSSSCG00000003852,ENSSSCG00000025981"
Brain,GO:BP,GO:0035458,cellular response to interferon-beta,0.2167004644624519,17,43,1,0.023255813953488372,26.202462380300958,ENSSSCG00000046640
Brain,GO:BP,GO:0043484,regulation of RNA splicing,0.2177630530825509,137,43,2,0.046511627906976744,6.502800882702427,"ENSSSCG00000025264,ENSSSCG00000021591"
Brain,GO:BP,GO:2001135,regulation of endocytic recycling,0.21856444596248883,18,43,1,0.023255813953488372,24.746770025839794,ENSSSCG00000021106
Brain,GO:BP,GO:0019219,regulation of nucleobase-containing compound metabolic process,0.21856444596248883,3129,43,12,0.27906976744186046,1.708310107248768,"ENSSSCG00000013836,ENSSSCG00000028741,ENSSSCG00000012286,ENSSSCG00000012284,ENSSSCG00000012283,ENSSSCG00000012287,ENSSSCG00000012280,ENSSSCG00000028964,ENSSSCG00000027237,ENSSSCG00000032453,ENSSSCG00000036747,ENSSSCG00000021591"
Brain,GO:BP,GO:0071359,cellular response to dsRNA,0.21856444596248883,18,43,1,0.023255813953488372,24.746770025839794,ENSSSCG00000025264
Brain,GO:BP,GO:0000226,microtubule cytoskeleton organization,0.21856444596248883,573,43,4,0.09302325581395349,3.109541783351597,"ENSSSCG00000014039,ENSSSCG00000012280,ENSSSCG00000012288,ENSSSCG00000025545"
Brain,GO:BP,GO:0048199,"vesicle targeting, to, from or within Golgi",0.21856444596248883,18,43,1,0.023255813953488372,24.746770025839794,ENSSSCG00000039332
Brain,GO:BP,GO:0051788,response to misfolded protein,0.21856444596248883,18,43,1,0.023255813953488372,24.746770025839794,ENSSSCG00000025545
Brain,GO:BP,GO:1902275,regulation of chromatin organization,0.21856444596248883,18,43,1,0.023255813953488372,24.746770025839794,ENSSSCG00000028741
Brain,GO:BP,GO:0060216,definitive hemopoiesis,0.21856444596248883,18,43,1,0.023255813953488372,24.746770025839794,ENSSSCG00000027237
Brain,GO:BP,GO:1902473,regulation of protein localization to synapse,0.21865173896056345,20,43,1,0.023255813953488372,22.272093023255813,ENSSSCG00000021106
Brain,GO:BP,GO:0047497,mitochondrion transport along microtubule,0.21865173896056345,19,43,1,0.023255813953488372,23.444308445532435,ENSSSCG00000025545
Brain,GO:BP,GO:0043931,ossification involved in bone maturation,0.21865173896056345,19,43,1,0.023255813953488372,23.444308445532435,ENSSSCG00000032768
Brain,GO:BP,GO:0043129,surfactant homeostasis,0.21865173896056345,20,43,1,0.023255813953488372,22.272093023255813,ENSSSCG00000046640
Brain,GO:BP,GO:0030099,myeloid cell differentiation,0.21865173896056345,349,43,3,0.06976744186046512,3.829013127207303,"ENSSSCG00000012287,ENSSSCG00000027237,ENSSSCG00000025545"
Brain,GO:BP,GO:0030220,platelet formation,0.21865173896056345,19,43,1,0.023255813953488372,23.444308445532435,ENSSSCG00000027237
Brain,GO:BP,GO:0042219,modified amino acid catabolic process,0.21865173896056345,19,43,1,0.023255813953488372,23.444308445532435,ENSSSCG00000005740
Brain,GO:BP,GO:0036344,platelet morphogenesis,0.21865173896056345,20,43,1,0.023255813953488372,22.272093023255813,ENSSSCG00000027237
Brain,GO:BP,GO:0010604,positive regulation of macromolecule metabolic process,0.21865173896056345,2467,43,10,0.23255813953488372,1.8056013800774877,"ENSSSCG00000039332,ENSSSCG00000046640,ENSSSCG00000028741,ENSSSCG00000012287,ENSSSCG00000028964,ENSSSCG00000027237,ENSSSCG00000025264,ENSSSCG00000025545,ENSSSCG00000036747,ENSSSCG00000021591"
Brain,GO:BP,GO:0035162,embryonic hemopoiesis,0.21865173896056345,20,43,1,0.023255813953488372,22.272093023255813,ENSSSCG00000027237
Brain,GO:BP,GO:0034643,"establishment of mitochondrion localization, microtubule-mediated",0.21865173896056345,19,43,1,0.023255813953488372,23.444308445532435,ENSSSCG00000025545
Brain,GO:BP,GO:0034138,toll-like receptor 3 signaling pathway,0.21865173896056345,20,43,1,0.023255813953488372,22.272093023255813,ENSSSCG00000046640
Brain,GO:BP,GO:0033032,regulation of myeloid cell apoptotic process,0.21865173896056345,20,43,1,0.023255813953488372,22.272093023255813,ENSSSCG00000027237
Brain,GO:BP,GO:0070977,bone maturation,0.21865173896056345,19,43,1,0.023255813953488372,23.444308445532435,ENSSSCG00000032768
Brain,GO:BP,GO:0016486,peptide hormone processing,0.21865173896056345,19,43,1,0.023255813953488372,23.444308445532435,ENSSSCG00000021328
Brain,GO:BP,GO:0009891,positive regulation of biosynthetic process,0.21865173896056345,2103,43,9,0.20930232558139536,1.9063132402216105,"ENSSSCG00000039332,ENSSSCG00000046640,ENSSSCG00000028741,ENSSSCG00000012287,ENSSSCG00000028964,ENSSSCG00000027237,ENSSSCG00000025264,ENSSSCG00000036747,ENSSSCG00000021591"
Brain,GO:BP,GO:0060339,negative regulation of type I interferon-mediated signaling pathway,0.21865173896056345,20,43,1,0.023255813953488372,22.272093023255813,ENSSSCG00000046640
Brain,GO:BP,GO:0048668,collateral sprouting,0.21865173896056345,19,43,1,0.023255813953488372,23.444308445532435,ENSSSCG00000025545
Brain,GO:BP,GO:0002262,myeloid cell homeostasis,0.21865173896056345,147,43,2,0.046511627906976744,6.060433475715867,"ENSSSCG00000027237,ENSSSCG00000025545"
Brain,GO:BP,GO:0006351,DNA-templated transcription,0.21865173896056345,2814,43,11,0.2558139534883721,1.7412439463810516,"ENSSSCG00000013836,ENSSSCG00000028741,ENSSSCG00000012286,ENSSSCG00000012284,ENSSSCG00000012283,ENSSSCG00000012287,ENSSSCG00000012280,ENSSSCG00000028964,ENSSSCG00000027237,ENSSSCG00000032453,ENSSSCG00000036747"
Brain,GO:BP,GO:0007141,male meiosis I,0.21865173896056345,19,43,1,0.023255813953488372,23.444308445532435,ENSSSCG00000028741
Brain,GO:BP,GO:0010559,regulation of glycoprotein biosynthetic process,0.22110695231943936,21,43,1,0.023255813953488372,21.21151716500554,ENSSSCG00000027237
Brain,GO:BP,GO:0070201,regulation of establishment of protein localization,0.22110695231943936,358,43,3,0.06976744186046512,3.732753020657399,"ENSSSCG00000039332,ENSSSCG00000021106,ENSSSCG00000025545"
Brain,GO:BP,GO:0070168,negative regulation of biomineral tissue development,0.22110695231943936,21,43,1,0.023255813953488372,21.21151716500554,ENSSSCG00000027237
Brain,GO:BP,GO:0030150,protein import into mitochondrial matrix,0.22110695231943936,21,43,1,0.023255813953488372,21.21151716500554,ENSSSCG00000022647
Brain,GO:BP,GO:0034453,microtubule anchoring,0.22110695231943936,21,43,1,0.023255813953488372,21.21151716500554,ENSSSCG00000012288
Brain,GO:BP,GO:0090594,inflammatory response to wounding,0.22110695231943936,21,43,1,0.023255813953488372,21.21151716500554,ENSSSCG00000012277
Brain,GO:BP,GO:1902683,regulation of receptor localization to synapse,0.22110695231943936,21,43,1,0.023255813953488372,21.21151716500554,ENSSSCG00000021106
Brain,GO:BP,GO:0099563,modification of synaptic structure,0.22110695231943936,21,43,1,0.023255813953488372,21.21151716500554,ENSSSCG00000021106
Brain,GO:BP,GO:0051043,regulation of membrane protein ectodomain proteolysis,0.225178676718144,22,43,1,0.023255813953488372,20.24735729386892,ENSSSCG00000012277
Brain,GO:BP,GO:0140448,signaling receptor ligand precursor processing,0.225178676718144,22,43,1,0.023255813953488372,20.24735729386892,ENSSSCG00000021328
Brain,GO:BP,GO:0007026,negative regulation of microtubule depolymerization,0.225178676718144,22,43,1,0.023255813953488372,20.24735729386892,ENSSSCG00000025545
Brain,GO:BP,GO:0048799,animal organ maturation,0.225178676718144,22,43,1,0.023255813953488372,20.24735729386892,ENSSSCG00000032768
Brain,GO:BP,GO:0007616,long-term memory,0.225178676718144,22,43,1,0.023255813953488372,20.24735729386892,ENSSSCG00000014039
Brain,GO:BP,GO:0006515,protein quality control for misfolded or incompletely synthesized proteins,0.225178676718144,22,43,1,0.023255813953488372,20.24735729386892,ENSSSCG00000025545
Brain,GO:BP,GO:0065008,regulation of biological quality,0.225178676718144,2168,43,9,0.20930232558139536,1.8491590148459625,"ENSSSCG00000014039,ENSSSCG00000028284,ENSSSCG00000021106,ENSSSCG00000024793,ENSSSCG00000028964,ENSSSCG00000027237,ENSSSCG00000021328,ENSSSCG00000025545,ENSSSCG00000036747"
Brain,GO:BP,GO:0015711,organic anion transport,0.22685504363137726,367,43,3,0.06976744186046512,3.6412141182434574,"ENSSSCG00000003852,ENSSSCG00000025981,ENSSSCG00000024841"
Brain,GO:BP,GO:1901099,negative regulation of signal transduction in absence of ligand,0.2273636671110114,23,43,1,0.023255813953488372,19.367037411526795,ENSSSCG00000027237
Brain,GO:BP,GO:0048026,"positive regulation of mRNA splicing, via spliceosome",0.2273636671110114,23,43,1,0.023255813953488372,19.367037411526795,ENSSSCG00000021591
Brain,GO:BP,GO:0002230,positive regulation of defense response to virus by host,0.2273636671110114,23,43,1,0.023255813953488372,19.367037411526795,ENSSSCG00000025264
Brain,GO:BP,GO:2001240,negative regulation of extrinsic apoptotic signaling pathway in absence of ligand,0.2273636671110114,23,43,1,0.023255813953488372,19.367037411526795,ENSSSCG00000027237
Brain,GO:BP,GO:0070861,regulation of protein exit from endoplasmic reticulum,0.2273636671110114,23,43,1,0.023255813953488372,19.367037411526795,ENSSSCG00000039332
Brain,GO:BP,GO:0051497,negative regulation of stress fiber assembly,0.2273636671110114,23,43,1,0.023255813953488372,19.367037411526795,ENSSSCG00000036747
Brain,GO:BP,GO:0002682,regulation of immune system process,0.2281353412333178,1206,43,6,0.13953488372093023,2.216128659030429,"ENSSSCG00000046640,ENSSSCG00000012287,ENSSSCG00000012278,ENSSSCG00000027237,ENSSSCG00000025264,ENSSSCG00000036747"
Brain,GO:BP,GO:0016358,dendrite development,0.2281353412333178,162,43,2,0.046511627906976744,5.499282227964399,"ENSSSCG00000025264,ENSSSCG00000025545"
Brain,GO:BP,GO:0045637,regulation of myeloid cell differentiation,0.2281353412333178,162,43,2,0.046511627906976744,5.499282227964399,"ENSSSCG00000012287,ENSSSCG00000027237"
Brain,GO:BP,GO:0006996,organelle organization,0.2287412059575143,2902,43,11,0.2558139534883721,1.6884426137547481,"ENSSSCG00000039332,ENSSSCG00000014039,ENSSSCG00000028741,ENSSSCG00000012287,ENSSSCG00000012280,ENSSSCG00000012288,ENSSSCG00000028964,ENSSSCG00000025545,ENSSSCG00000032453,ENSSSCG00000036747,ENSSSCG00000040599"
Brain,GO:BP,GO:0001934,positive regulation of protein phosphorylation,0.2287412059575143,163,43,2,0.046511627906976744,5.465544300185476,"ENSSSCG00000027237,ENSSSCG00000025545"
Brain,GO:BP,GO:0099637,neurotransmitter receptor transport,0.2292523385257095,24,43,1,0.023255813953488372,18.560077519379842,ENSSSCG00000021106
Brain,GO:BP,GO:0035456,response to interferon-beta,0.2292523385257095,24,43,1,0.023255813953488372,18.560077519379842,ENSSSCG00000046640
Brain,GO:BP,GO:0044342,type B pancreatic cell proliferation,0.2292523385257095,24,43,1,0.023255813953488372,18.560077519379842,ENSSSCG00000023759
Brain,GO:BP,GO:0010628,positive regulation of gene expression,0.23377378974027316,921,43,5,0.11627906976744186,2.418251142590208,"ENSSSCG00000039332,ENSSSCG00000046640,ENSSSCG00000028741,ENSSSCG00000025264,ENSSSCG00000021591"
Brain,GO:BP,GO:0051654,establishment of mitochondrion localization,0.23377378974027316,25,43,1,0.023255813953488372,17.81767441860465,ENSSSCG00000025545
Brain,GO:BP,GO:0032232,negative regulation of actin filament bundle assembly,0.23377378974027316,25,43,1,0.023255813953488372,17.81767441860465,ENSSSCG00000036747
Brain,GO:BP,GO:0033028,myeloid cell apoptotic process,0.23377378974027316,25,43,1,0.023255813953488372,17.81767441860465,ENSSSCG00000027237
Brain,GO:BP,GO:1903018,regulation of glycoprotein metabolic process,0.23377378974027316,25,43,1,0.023255813953488372,17.81767441860465,ENSSSCG00000027237
Brain,GO:BP,GO:0006346,DNA methylation-dependent constitutive heterochromatin formation,0.2380983267876205,26,43,1,0.023255813953488372,17.132379248658317,ENSSSCG00000028741
Brain,GO:BP,GO:0002021,response to dietary excess,0.2380983267876205,26,43,1,0.023255813953488372,17.132379248658317,ENSSSCG00000021328
Brain,GO:BP,GO:0015813,L-glutamate transmembrane transport,0.2380983267876205,26,43,1,0.023255813953488372,17.132379248658317,ENSSSCG00000003852
Brain,GO:BP,GO:0050685,positive regulation of mRNA processing,0.2380983267876205,26,43,1,0.023255813953488372,17.132379248658317,ENSSSCG00000021591
Brain,GO:BP,GO:0033688,regulation of osteoblast proliferation,0.2380983267876205,26,43,1,0.023255813953488372,17.132379248658317,ENSSSCG00000027237
Brain,GO:BP,GO:0019538,protein metabolic process,0.23862870266743622,3318,43,12,0.27906976744186046,1.6110013036713067,"ENSSSCG00000005379,ENSSSCG00000039984,ENSSSCG00000002967,ENSSSCG00000003651,ENSSSCG00000025599,ENSSSCG00000024793,ENSSSCG00000027237,ENSSSCG00000021328,ENSSSCG00000025545,ENSSSCG00000021934,ENSSSCG00000012277,ENSSSCG00000021591"
Brain,GO:BP,GO:0045087,innate immune response,0.24374113106830927,657,43,4,0.09302325581395349,2.711974797352306,"ENSSSCG00000046640,ENSSSCG00000012278,ENSSSCG00000025264,ENSSSCG00000036747"
Brain,GO:BP,GO:0045745,positive regulation of G protein-coupled receptor signaling pathway,0.24374113106830927,27,43,1,0.023255813953488372,16.497846683893197,ENSSSCG00000039984
Brain,GO:BP,GO:0045648,positive regulation of erythrocyte differentiation,0.24374113106830927,27,43,1,0.023255813953488372,16.497846683893197,ENSSSCG00000027237
Brain,GO:BP,GO:0090114,COPII-coated vesicle budding,0.24807365838631462,28,43,1,0.023255813953488372,15.908637873754152,ENSSSCG00000039332
Brain,GO:BP,GO:0031114,regulation of microtubule depolymerization,0.24807365838631462,28,43,1,0.023255813953488372,15.908637873754152,ENSSSCG00000025545
Brain,GO:BP,GO:0070536,protein K63-linked deubiquitination,0.24807365838631462,28,43,1,0.023255813953488372,15.908637873754152,ENSSSCG00000021934
Brain,GO:BP,GO:0071108,protein K48-linked deubiquitination,0.24807365838631462,28,43,1,0.023255813953488372,15.908637873754152,ENSSSCG00000021934
Brain,GO:BP,GO:0002253,activation of immune response,0.25344016491397636,406,43,3,0.06976744186046512,3.2914423187077557,"ENSSSCG00000046640,ENSSSCG00000012278,ENSSSCG00000025264"
Brain,GO:BP,GO:0042327,positive regulation of phosphorylation,0.2545686308709892,184,43,2,0.046511627906976744,4.841759352881699,"ENSSSCG00000027237,ENSSSCG00000025545"
Brain,GO:BP,GO:0051938,L-glutamate import,0.2545686308709892,30,43,1,0.023255813953488372,14.848062015503876,ENSSSCG00000003852
Brain,GO:BP,GO:0001667,ameboidal-type cell migration,0.2545686308709892,184,43,2,0.046511627906976744,4.841759352881699,"ENSSSCG00000025545,ENSSSCG00000012277"
Brain,GO:BP,GO:0006959,humoral immune response,0.2545686308709892,185,43,2,0.046511627906976744,4.81558768070396,"ENSSSCG00000012287,ENSSSCG00000012278"
Brain,GO:BP,GO:0010591,regulation of lamellipodium assembly,0.2545686308709892,30,43,1,0.023255813953488372,14.848062015503876,ENSSSCG00000036747
Brain,GO:BP,GO:2001239,regulation of extrinsic apoptotic signaling pathway in absence of ligand,0.2545686308709892,30,43,1,0.023255813953488372,14.848062015503876,ENSSSCG00000027237
Brain,GO:BP,GO:0043162,ubiquitin-dependent protein catabolic process via the multivesicular body sorting pathway,0.2545686308709892,30,43,1,0.023255813953488372,14.848062015503876,ENSSSCG00000025545
Brain,GO:BP,GO:0050691,regulation of defense response to virus by host,0.2545686308709892,30,43,1,0.023255813953488372,14.848062015503876,ENSSSCG00000025264
Brain,GO:BP,GO:0016242,negative regulation of macroautophagy,0.2545686308709892,30,43,1,0.023255813953488372,14.848062015503876,ENSSSCG00000025545
Brain,GO:BP,GO:0030279,negative regulation of ossification,0.2545686308709892,30,43,1,0.023255813953488372,14.848062015503876,ENSSSCG00000027237
Brain,GO:BP,GO:0060997,dendritic spine morphogenesis,0.25992273652928244,31,43,1,0.023255813953488372,14.369092273068267,ENSSSCG00000025545
Brain,GO:BP,GO:0031111,negative regulation of microtubule polymerization or depolymerization,0.25992273652928244,31,43,1,0.023255813953488372,14.369092273068267,ENSSSCG00000025545
Brain,GO:BP,GO:0033687,osteoblast proliferation,0.25992273652928244,31,43,1,0.023255813953488372,14.369092273068267,ENSSSCG00000027237
Brain,GO:BP,GO:0048863,stem cell differentiation,0.2670439199623808,193,43,2,0.046511627906976744,4.615977828654055,"ENSSSCG00000028741,ENSSSCG00000021934"
Brain,GO:BP,GO:0009409,response to cold,0.2670439199623808,32,43,1,0.023255813953488372,13.920058139534884,ENSSSCG00000021328
Brain,GO:BP,GO:0001504,neurotransmitter uptake,0.26945891394269883,33,43,1,0.023255813953488372,13.498238195912615,ENSSSCG00000003852
Brain,GO:BP,GO:0097028,dendritic cell differentiation,0.26945891394269883,33,43,1,0.023255813953488372,13.498238195912615,ENSSSCG00000027237
Brain,GO:BP,GO:0006903,vesicle targeting,0.26945891394269883,33,43,1,0.023255813953488372,13.498238195912615,ENSSSCG00000039332
Brain,GO:BP,GO:0002573,myeloid leukocyte differentiation,0.26945891394269883,196,43,2,0.046511627906976744,4.545325106786901,"ENSSSCG00000012287,ENSSSCG00000027237"
Brain,GO:BP,GO:0006730,one-carbon metabolic process,0.26945891394269883,33,43,1,0.023255813953488372,13.498238195912615,ENSSSCG00000006141
Brain,GO:BP,GO:0009893,positive regulation of metabolic process,0.270140638647727,2699,43,10,0.23255813953488372,1.6503959261397416,"ENSSSCG00000039332,ENSSSCG00000046640,ENSSSCG00000028741,ENSSSCG00000012287,ENSSSCG00000028964,ENSSSCG00000027237,ENSSSCG00000025264,ENSSSCG00000025545,ENSSSCG00000036747,ENSSSCG00000021591"
Brain,GO:BP,GO:0140719,constitutive heterochromatin formation,0.272350906222098,34,43,1,0.023255813953488372,13.101231190150479,ENSSSCG00000028741
Brain,GO:BP,GO:0033120,positive regulation of RNA splicing,0.272350906222098,34,43,1,0.023255813953488372,13.101231190150479,ENSSSCG00000021591
Brain,GO:BP,GO:0007031,peroxisome organization,0.272350906222098,34,43,1,0.023255813953488372,13.101231190150479,ENSSSCG00000039332
Brain,GO:BP,GO:0032728,positive regulation of interferon-beta production,0.272350906222098,34,43,1,0.023255813953488372,13.101231190150479,ENSSSCG00000046640
Brain,GO:BP,GO:0050776,regulation of immune response,0.2731045872283103,710,43,4,0.09302325581395349,2.509531608254176,"ENSSSCG00000046640,ENSSSCG00000012278,ENSSSCG00000025264,ENSSSCG00000036747"
Brain,GO:BP,GO:0140546,defense response to symbiont,0.275055961505491,716,43,4,0.09302325581395349,2.4885020137715994,"ENSSSCG00000046640,ENSSSCG00000012278,ENSSSCG00000025264,ENSSSCG00000036747"
Brain,GO:BP,GO:0045071,negative regulation of viral genome replication,0.275055961505491,35,43,1,0.023255813953488372,12.726910299003322,ENSSSCG00000046640
Brain,GO:BP,GO:0042149,cellular response to glucose starvation,0.275055961505491,35,43,1,0.023255813953488372,12.726910299003322,ENSSSCG00000032453
Brain,GO:BP,GO:0030851,granulocyte differentiation,0.275055961505491,35,43,1,0.023255813953488372,12.726910299003322,ENSSSCG00000027237
Brain,GO:BP,GO:0032386,regulation of intracellular transport,0.275055961505491,202,43,2,0.046511627906976744,4.410315450149666,"ENSSSCG00000039332,ENSSSCG00000021106"
Brain,GO:BP,GO:0015031,protein transport,0.2781229275799958,1023,43,5,0.11627906976744186,2.177135192889131,"ENSSSCG00000039332,ENSSSCG00000021106,ENSSSCG00000024793,ENSSSCG00000022647,ENSSSCG00000025545"
Brain,GO:BP,GO:1905168,positive regulation of double-strand break repair via homologous recombination,0.2781229275799958,36,43,1,0.023255813953488372,12.373385012919897,ENSSSCG00000036747
Brain,GO:BP,GO:0010634,positive regulation of epithelial cell migration,0.2781229275799958,36,43,1,0.023255813953488372,12.373385012919897,ENSSSCG00000025545
Brain,GO:BP,GO:0030488,tRNA methylation,0.2781229275799958,36,43,1,0.023255813953488372,12.373385012919897,ENSSSCG00000025599
Brain,GO:BP,GO:0045892,negative regulation of DNA-templated transcription,0.27843830819034215,1025,43,5,0.11627906976744186,2.1728871242200793,"ENSSSCG00000028741,ENSSSCG00000012286,ENSSSCG00000012280,ENSSSCG00000027237,ENSSSCG00000032453"
Brain,GO:BP,GO:1902679,negative regulation of RNA biosynthetic process,0.2802350696442526,1028,43,5,0.11627906976744186,2.1665460139353905,"ENSSSCG00000028741,ENSSSCG00000012286,ENSSSCG00000012280,ENSSSCG00000027237,ENSSSCG00000032453"
Brain,GO:BP,GO:0032984,protein-containing complex disassembly,0.2807521093219866,208,43,2,0.046511627906976744,4.283094812164579,"ENSSSCG00000025545,ENSSSCG00000040599"
Brain,GO:BP,GO:0060338,regulation of type I interferon-mediated signaling pathway,0.2817693032075831,37,43,1,0.023255813953488372,12.0389692017599,ENSSSCG00000046640
Brain,GO:BP,GO:0051646,mitochondrion localization,0.28717564229289955,38,43,1,0.023255813953488372,11.722154222766218,ENSSSCG00000025545
Brain,GO:BP,GO:0048814,regulation of dendrite morphogenesis,0.28717564229289955,38,43,1,0.023255813953488372,11.722154222766218,ENSSSCG00000025264
Brain,GO:BP,GO:2000146,negative regulation of cell motility,0.2885921196511725,213,43,2,0.046511627906976744,4.182552680423627,"ENSSSCG00000012277,ENSSSCG00000036747"
Brain,GO:BP,GO:0045646,regulation of erythrocyte differentiation,0.2893048497854622,40,43,1,0.023255813953488372,11.136046511627907,ENSSSCG00000027237
Brain,GO:BP,GO:1902743,regulation of lamellipodium organization,0.2893048497854622,40,43,1,0.023255813953488372,11.136046511627907,ENSSSCG00000036747
Brain,GO:BP,GO:0007019,microtubule depolymerization,0.2893048497854622,40,43,1,0.023255813953488372,11.136046511627907,ENSSSCG00000025545
Brain,GO:BP,GO:0071695,anatomical structure maturation,0.2893048497854622,214,43,2,0.046511627906976744,4.163008041730059,"ENSSSCG00000032768,ENSSSCG00000025545"
Brain,GO:BP,GO:0007566,embryo implantation,0.2893048497854622,39,43,1,0.023255813953488372,11.421586165772212,ENSSSCG00000012277
Brain,GO:BP,GO:0098586,cellular response to virus,0.2893048497854622,40,43,1,0.023255813953488372,11.136046511627907,ENSSSCG00000046640
Brain,GO:BP,GO:0070301,cellular response to hydrogen peroxide,0.2893048497854622,40,43,1,0.023255813953488372,11.136046511627907,ENSSSCG00000025545
Brain,GO:BP,GO:0045937,positive regulation of phosphate metabolic process,0.2893048497854622,218,43,2,0.046511627906976744,4.086622573074461,"ENSSSCG00000027237,ENSSSCG00000025545"
Brain,GO:BP,GO:0044743,protein transmembrane import into intracellular organelle,0.2893048497854622,40,43,1,0.023255813953488372,11.136046511627907,ENSSSCG00000022647
Brain,GO:BP,GO:0140894,endolysosomal toll-like receptor signaling pathway,0.2893048497854622,39,43,1,0.023255813953488372,11.421586165772212,ENSSSCG00000046640
Brain,GO:BP,GO:0010562,positive regulation of phosphorus metabolic process,0.2893048497854622,218,43,2,0.046511627906976744,4.086622573074461,"ENSSSCG00000027237,ENSSSCG00000025545"
Brain,GO:BP,GO:0048873,homeostasis of number of cells within a tissue,0.2893048497854622,39,43,1,0.023255813953488372,11.421586165772212,ENSSSCG00000027237
Brain,GO:BP,GO:0043170,macromolecule metabolic process,0.29052107074699385,9375,43,26,0.6046511627906976,1.2353587596899225,"ENSSSCG00000005379,ENSSSCG00000039332,ENSSSCG00000039984,ENSSSCG00000018995,ENSSSCG00000002967,ENSSSCG00000046640,ENSSSCG00000013836,ENSSSCG00000003651,ENSSSCG00000028741,ENSSSCG00000012286,ENSSSCG00000025599,ENSSSCG00000012284,ENSSSCG00000012283,ENSSSCG00000012287,ENSSSCG00000012280,ENSSSCG00000024793,ENSSSCG00000028964,ENSSSCG00000027237,ENSSSCG00000025264,ENSSSCG00000021328,ENSSSCG00000025545,ENSSSCG00000021934,ENSSSCG00000012277,ENSSSCG00000032453,ENSSSCG00000036747,ENSSSCG00000021591"
Brain,GO:BP,GO:0030097,hemopoiesis,0.2915515450383697,752,43,4,0.09302325581395349,2.3693715982187036,"ENSSSCG00000012287,ENSSSCG00000032768,ENSSSCG00000027237,ENSSSCG00000025545"
Brain,GO:BP,GO:0009605,response to external stimulus,0.29251698366533485,1738,43,7,0.16279069767441862,1.7940696336339552,"ENSSSCG00000046640,ENSSSCG00000006141,ENSSSCG00000012278,ENSSSCG00000028964,ENSSSCG00000025264,ENSSSCG00000021934,ENSSSCG00000036747"
Brain,GO:BP,GO:0040013,negative regulation of locomotion,0.29251698366533485,224,43,2,0.046511627906976744,3.977159468438538,"ENSSSCG00000012277,ENSSSCG00000036747"
Brain,GO:BP,GO:0098930,axonal transport,0.29251698366533485,42,43,1,0.023255813953488372,10.60575858250277,ENSSSCG00000025545
Brain,GO:BP,GO:0008285,negative regulation of cell population proliferation,0.29251698366533485,476,43,3,0.06976744186046512,2.807406683603674,"ENSSSCG00000028964,ENSSSCG00000027237,ENSSSCG00000023759"
Brain,GO:BP,GO:0097061,dendritic spine organization,0.29251698366533485,43,43,1,0.023255813953488372,10.359113034072472,ENSSSCG00000025545
Brain,GO:BP,GO:1902653,secondary alcohol biosynthetic process,0.29251698366533485,41,43,1,0.023255813953488372,10.864435621100398,ENSSSCG00000032768
Brain,GO:BP,GO:0062237,protein localization to postsynapse,0.29251698366533485,42,43,1,0.023255813953488372,10.60575858250277,ENSSSCG00000021106
Brain,GO:BP,GO:0044238,primary metabolic process,0.29251698366533485,9866,43,27,0.627906976744186,1.2190279984348409,"ENSSSCG00000005379,ENSSSCG00000005740,ENSSSCG00000039984,ENSSSCG00000018995,ENSSSCG00000002967,ENSSSCG00000046640,ENSSSCG00000013836,ENSSSCG00000003651,ENSSSCG00000028741,ENSSSCG00000012286,ENSSSCG00000025599,ENSSSCG00000012284,ENSSSCG00000012283,ENSSSCG00000012287,ENSSSCG00000012280,ENSSSCG00000024793,ENSSSCG00000028964,ENSSSCG00000032768,ENSSSCG00000027237,ENSSSCG00000025264,ENSSSCG00000021328,ENSSSCG00000025545,ENSSSCG00000021934,ENSSSCG00000012277,ENSSSCG00000032453,ENSSSCG00000036747,ENSSSCG00000021591"
Brain,GO:BP,GO:0031648,protein destabilization,0.29251698366533485,43,43,1,0.023255813953488372,10.359113034072472,ENSSSCG00000025545
Brain,GO:BP,GO:0009617,response to bacterium,0.29251698366533485,474,43,3,0.06976744186046512,2.8192522814247867,"ENSSSCG00000046640,ENSSSCG00000006141,ENSSSCG00000021934"
Brain,GO:BP,GO:0030219,megakaryocyte differentiation,0.29251698366533485,42,43,1,0.023255813953488372,10.60575858250277,ENSSSCG00000027237
Brain,GO:BP,GO:0002218,activation of innate immune response,0.29251698366533485,226,43,2,0.046511627906976744,3.9419633669479315,"ENSSSCG00000046640,ENSSSCG00000025264"
Brain,GO:BP,GO:0006695,cholesterol biosynthetic process,0.29251698366533485,41,43,1,0.023255813953488372,10.864435621100398,ENSSSCG00000032768
Brain,GO:BP,GO:0048584,positive regulation of response to stimulus,0.29251698366533485,1743,43,7,0.16279069767441862,1.7889231343980574,"ENSSSCG00000039984,ENSSSCG00000046640,ENSSSCG00000012278,ENSSSCG00000028964,ENSSSCG00000025264,ENSSSCG00000021934,ENSSSCG00000036747"
Brain,GO:BP,GO:0015800,acidic amino acid transport,0.29251698366533485,43,43,1,0.023255813953488372,10.359113034072472,ENSSSCG00000003852
Brain,GO:BP,GO:0007140,male meiotic nuclear division,0.29251698366533485,42,43,1,0.023255813953488372,10.60575858250277,ENSSSCG00000028741
Brain,GO:BP,GO:1903539,protein localization to postsynaptic membrane,0.29251698366533485,42,43,1,0.023255813953488372,10.60575858250277,ENSSSCG00000021106
Brain,KEGG,KEGG:05168,Herpes simplex virus 1 infection,0.29442057791960274,313,21,4,0.19047619047619047,5.145899893503727,"ENSSSCG00000012286,ENSSSCG00000012284,ENSSSCG00000012283,ENSSSCG00000012278"
Brain,GO:BP,GO:0006509,membrane protein ectodomain proteolysis,0.2963578976085223,44,43,1,0.023255813953488372,10.12367864693446,ENSSSCG00000012277
Brain,GO:BP,GO:0032527,protein exit from endoplasmic reticulum,0.2963578976085223,44,43,1,0.023255813953488372,10.12367864693446,ENSSSCG00000039332
Brain,GO:BP,GO:0050688,regulation of defense response to virus,0.2963578976085223,44,43,1,0.023255813953488372,10.12367864693446,ENSSSCG00000025264
Brain,GO:BP,GO:0008152,metabolic process,0.29672739979106266,11268,43,30,0.6976744186046512,1.1859474453277856,"ENSSSCG00000005379,ENSSSCG00000005740,ENSSSCG00000039332,ENSSSCG00000039984,ENSSSCG00000018995,ENSSSCG00000002967,ENSSSCG00000046640,ENSSSCG00000006141,ENSSSCG00000013836,ENSSSCG00000003651,ENSSSCG00000028741,ENSSSCG00000012286,ENSSSCG00000025599,ENSSSCG00000012284,ENSSSCG00000012283,ENSSSCG00000012287,ENSSSCG00000012280,ENSSSCG00000024793,ENSSSCG00000028964,ENSSSCG00000032768,ENSSSCG00000027237,ENSSSCG00000025264,ENSSSCG00000021328,ENSSSCG00000025545,ENSSSCG00000021934,ENSSSCG00000012277,ENSSSCG00000032453,ENSSSCG00000036747,ENSSSCG00000021591,ENSSSCG00000040599"
Brain,GO:BP,GO:0016126,sterol biosynthetic process,0.300995169770976,45,43,1,0.023255813953488372,9.898708010335918,ENSSSCG00000032768
Brain,GO:BP,GO:0051607,defense response to virus,0.3041467167552024,235,43,2,0.046511627906976744,3.7909945571499257,"ENSSSCG00000046640,ENSSSCG00000025264"
Brain,GO:BP,GO:0034142,toll-like receptor 4 signaling pathway,0.3046789055530962,46,43,1,0.023255813953488372,9.683518705763397,ENSSSCG00000046640
Brain,GO:BP,GO:0140374,antiviral innate immune response,0.3046789055530962,46,43,1,0.023255813953488372,9.683518705763397,ENSSSCG00000046640
Brain,REAC,REAC:R-SSC-1592389,Activation of Matrix Metalloproteinases,0.3049949210911186,24,19,1,0.05263157894736842,17.092105263157894,ENSSSCG00000012277
Brain,REAC,REAC:R-SSC-210500,Glutamate Neurotransmitter Release Cycle,0.3049949210911186,20,19,1,0.05263157894736842,20.510526315789473,ENSSSCG00000003852
Brain,REAC,REAC:R-SSC-191273,Cholesterol biosynthesis,0.3049949210911186,22,19,1,0.05263157894736842,18.645933014354068,ENSSSCG00000032768
Brain,REAC,REAC:R-SSC-350054,Notch-HLH transcription pathway,0.3049949210911186,23,19,1,0.05263157894736842,17.835240274599542,ENSSSCG00000025545
Brain,GO:BP,GO:0032608,interferon-beta production,0.30565048012550217,47,43,1,0.023255813953488372,9.477486392874814,ENSSSCG00000046640
Brain,GO:BP,GO:0032648,regulation of interferon-beta production,0.30565048012550217,47,43,1,0.023255813953488372,9.477486392874814,ENSSSCG00000046640
Brain,GO:BP,GO:0045744,negative regulation of G protein-coupled receptor signaling pathway,0.30565048012550217,47,43,1,0.023255813953488372,9.477486392874814,ENSSSCG00000014039
Brain,GO:BP,GO:0051253,negative regulation of RNA metabolic process,0.30565048012550217,1106,43,5,0.11627906976744186,2.0137516295891333,"ENSSSCG00000028741,ENSSSCG00000012286,ENSSSCG00000012280,ENSSSCG00000027237,ENSSSCG00000032453"
Brain,GO:BP,GO:0046907,intracellular transport,0.30565048012550217,1106,43,5,0.11627906976744186,2.0137516295891333,"ENSSSCG00000039332,ENSSSCG00000014039,ENSSSCG00000021106,ENSSSCG00000025545,ENSSSCG00000036747"
Brain,GO:BP,GO:0006956,complement activation,0.30565048012550217,47,43,1,0.023255813953488372,9.477486392874814,ENSSSCG00000012278
Brain,GO:BP,GO:0016197,endosomal transport,0.30702045955465457,240,43,2,0.046511627906976744,3.712015503875969,"ENSSSCG00000021106,ENSSSCG00000036747"
Brain,GO:BP,GO:0009894,regulation of catabolic process,0.3075027434935279,794,43,4,0.09302325581395349,2.244039599320485,"ENSSSCG00000028964,ENSSSCG00000025545,ENSSSCG00000012277,ENSSSCG00000040599"
Brain,GO:BP,GO:0097192,extrinsic apoptotic signaling pathway in absence of ligand,0.30868000848334204,48,43,1,0.023255813953488372,9.280038759689921,ENSSSCG00000027237
Brain,GO:BP,GO:0031647,regulation of protein stability,0.30868000848334204,242,43,2,0.046511627906976744,3.6813376897943493,"ENSSSCG00000028964,ENSSSCG00000025545"
Brain,GO:BP,GO:0051129,negative regulation of cellular component organization,0.30902270831653683,503,43,3,0.06976744186046512,2.6567108974062603,"ENSSSCG00000028741,ENSSSCG00000025545,ENSSSCG00000036747"
Brain,GO:BP,GO:0170041,non-proteinogenic amino acid metabolic process,0.31175200277697623,49,43,1,0.023255813953488372,9.090650213573802,ENSSSCG00000005740
Brain,GO:BP,GO:1904263,positive regulation of TORC1 signaling,0.31175200277697623,49,43,1,0.023255813953488372,9.090650213573802,ENSSSCG00000021934
Brain,GO:BP,GO:0170036,import into the mitochondrion,0.31253307636839733,50,43,1,0.023255813953488372,8.908837209302325,ENSSSCG00000022647
Brain,GO:BP,GO:0043330,response to exogenous dsRNA,0.31253307636839733,50,43,1,0.023255813953488372,8.908837209302325,ENSSSCG00000025264
Brain,GO:BP,GO:0038034,signal transduction in absence of ligand,0.31253307636839733,50,43,1,0.023255813953488372,8.908837209302325,ENSSSCG00000027237
Brain,GO:BP,GO:0106027,neuron projection organization,0.31253307636839733,50,43,1,0.023255813953488372,8.908837209302325,ENSSSCG00000025545
Brain,GO:BP,GO:0061951,establishment of protein localization to plasma membrane,0.31253307636839733,50,43,1,0.023255813953488372,8.908837209302325,ENSSSCG00000021106
Brain,GO:BP,GO:0010632,regulation of epithelial cell migration,0.31253307636839733,50,43,1,0.023255813953488372,8.908837209302325,ENSSSCG00000025545
Brain,GO:BP,GO:0060337,type I interferon-mediated signaling pathway,0.3149786011965854,51,43,1,0.023255813953488372,8.734154126766986,ENSSSCG00000046640
Brain,GO:BP,GO:0042542,response to hydrogen peroxide,0.3149786011965854,51,43,1,0.023255813953488372,8.734154126766986,ENSSSCG00000025545
Brain,GO:BP,GO:0070527,platelet aggregation,0.3149786011965854,51,43,1,0.023255813953488372,8.734154126766986,ENSSSCG00000027237
Brain,GO:BP,GO:0048518,positive regulation of biological process,0.3149786011965854,4869,43,15,0.3488372093023256,1.372279299029933,"ENSSSCG00000039332,ENSSSCG00000039984,ENSSSCG00000014039,ENSSSCG00000046640,ENSSSCG00000028741,ENSSSCG00000012287,ENSSSCG00000012278,ENSSSCG00000028964,ENSSSCG00000027237,ENSSSCG00000025264,ENSSSCG00000025545,ENSSSCG00000021934,ENSSSCG00000012277,ENSSSCG00000036747,ENSSSCG00000021591"
Brain,GO:BP,GO:0009101,glycoprotein biosynthetic process,0.3176700736044815,252,43,2,0.046511627906976744,3.535252860834256,"ENSSSCG00000005379,ENSSSCG00000027237"
Brain,GO:BP,GO:0000423,mitophagy,0.319074279698665,52,43,1,0.023255813953488372,8.566189624329159,ENSSSCG00000025545
Brain,GO:BP,GO:0097352,autophagosome maturation,0.321385360130759,53,43,1,0.023255813953488372,8.404563405002193,ENSSSCG00000040599
Brain,GO:BP,GO:0071357,cellular response to type I interferon,0.321385360130759,53,43,1,0.023255813953488372,8.404563405002193,ENSSSCG00000046640
Brain,GO:BP,GO:0032722,positive regulation of chemokine production,0.321385360130759,53,43,1,0.023255813953488372,8.404563405002193,ENSSSCG00000046640
Brain,GO:BP,GO:0030032,lamellipodium assembly,0.321385360130759,53,43,1,0.023255813953488372,8.404563405002193,ENSSSCG00000036747
Brain,GO:BP,GO:0033138,positive regulation of peptidyl-serine phosphorylation,0.32535653980480145,54,43,1,0.023255813953488372,8.248923341946599,ENSSSCG00000025545
Brain,GO:BP,GO:0140895,cell surface toll-like receptor signaling pathway,0.32535653980480145,54,43,1,0.023255813953488372,8.248923341946599,ENSSSCG00000046640
Brain,REAC,REAC:R-SSC-352230,Amino acid transport across the plasma membrane,0.3278569272113133,29,19,1,0.05263157894736842,14.145190562613429,ENSSSCG00000025981
Brain,REAC,REAC:R-SSC-9646399,Aggrephagy,0.3278569272113133,29,19,1,0.05263157894736842,14.145190562613429,ENSSSCG00000025545
Brain,GO:BP,GO:0010605,negative regulation of macromolecule metabolic process,0.3288498829284208,2214,43,8,0.18604651162790697,1.6095460179407994,"ENSSSCG00000046640,ENSSSCG00000028741,ENSSSCG00000012286,ENSSSCG00000012280,ENSSSCG00000027237,ENSSSCG00000025545,ENSSSCG00000012277,ENSSSCG00000032453"
Brain,GO:BP,GO:0043331,response to dsRNA,0.3288498829284208,55,43,1,0.023255813953488372,8.098942917547568,ENSSSCG00000025264
Brain,GO:BP,GO:0048525,negative regulation of viral process,0.3288498829284208,55,43,1,0.023255813953488372,8.098942917547568,ENSSSCG00000046640
Brain,GO:BP,GO:0007017,microtubule-based process,0.3288498829284208,836,43,4,0.09302325581395349,2.131300767775676,"ENSSSCG00000014039,ENSSSCG00000012280,ENSSSCG00000012288,ENSSSCG00000025545"
Brain,GO:BP,GO:0045670,regulation of osteoclast differentiation,0.32966626861515963,56,43,1,0.023255813953488372,7.954318936877076,ENSSSCG00000012287
Brain,GO:BP,GO:0035418,protein localization to synapse,0.32966626861515963,56,43,1,0.023255813953488372,7.954318936877076,ENSSSCG00000021106
Brain,GO:BP,GO:0002752,cell surface pattern recognition receptor signaling pathway,0.32966626861515963,56,43,1,0.023255813953488372,7.954318936877076,ENSSSCG00000046640
Brain,GO:BP,GO:0060996,dendritic spine development,0.32966626861515963,56,43,1,0.023255813953488372,7.954318936877076,ENSSSCG00000025545
Brain,GO:BP,GO:0008088,axo-dendritic transport,0.33152987384098564,58,43,1,0.023255813953488372,7.680032076984764,ENSSSCG00000025545
Brain,GO:BP,GO:0048872,homeostasis of number of cells,0.33152987384098564,271,43,2,0.046511627906976744,3.2873938041705997,"ENSSSCG00000027237,ENSSSCG00000025545"
Brain,GO:BP,GO:0009895,negative regulation of catabolic process,0.33152987384098564,270,43,2,0.046511627906976744,3.299569336778639,"ENSSSCG00000025545,ENSSSCG00000012277"
Brain,GO:BP,GO:0021700,developmental maturation,0.33152987384098564,272,43,2,0.046511627906976744,3.2753077975376197,"ENSSSCG00000032768,ENSSSCG00000025545"
Brain,GO:BP,GO:0050773,regulation of dendrite development,0.33152987384098564,57,43,1,0.023255813953488372,7.814769481844144,ENSSSCG00000025264
Brain,GO:BP,GO:0045069,regulation of viral genome replication,0.33152987384098564,59,43,1,0.023255813953488372,7.549862041781632,ENSSSCG00000046640
Brain,GO:BP,GO:0031667,response to nutrient levels,0.33152987384098564,270,43,2,0.046511627906976744,3.299569336778639,"ENSSSCG00000021328,ENSSSCG00000032453"
Brain,GO:BP,GO:0034340,response to type I interferon,0.33152987384098564,58,43,1,0.023255813953488372,7.680032076984764,ENSSSCG00000046640
Brain,GO:BP,GO:0031401,positive regulation of protein modification process,0.33152987384098564,270,43,2,0.046511627906976744,3.299569336778639,"ENSSSCG00000027237,ENSSSCG00000025545"
Brain,GO:BP,GO:0072384,organelle transport along microtubule,0.33152987384098564,58,43,1,0.023255813953488372,7.680032076984764,ENSSSCG00000025545
Brain,GO:BP,GO:0048523,negative regulation of cellular process,0.33152987384098564,4148,43,13,0.3023255813953488,1.396032831737346,"ENSSSCG00000014039,ENSSSCG00000046640,ENSSSCG00000028741,ENSSSCG00000012286,ENSSSCG00000012280,ENSSSCG00000028964,ENSSSCG00000027237,ENSSSCG00000025545,ENSSSCG00000021934,ENSSSCG00000012277,ENSSSCG00000032453,ENSSSCG00000036747,ENSSSCG00000023759"
Brain,GO:BP,GO:2000242,negative regulation of reproductive process,0.33152987384098564,57,43,1,0.023255813953488372,7.814769481844144,ENSSSCG00000012277
Brain,GO:BP,GO:2000781,positive regulation of double-strand break repair,0.33152987384098564,59,43,1,0.023255813953488372,7.549862041781632,ENSSSCG00000036747
Brain,GO:BP,GO:0033619,membrane protein proteolysis,0.33152987384098564,58,43,1,0.023255813953488372,7.680032076984764,ENSSSCG00000012277
Brain,GO:BP,GO:0001960,negative regulation of cytokine-mediated signaling pathway,0.33152987384098564,59,43,1,0.023255813953488372,7.549862041781632,ENSSSCG00000046640
Brain,GO:BP,GO:0006886,intracellular protein transport,0.33152987384098564,543,43,3,0.06976744186046512,2.4610047539509186,"ENSSSCG00000039332,ENSSSCG00000021106,ENSSSCG00000025545"
Brain,GO:BP,GO:0006900,vesicle budding from membrane,0.33152987384098564,59,43,1,0.023255813953488372,7.549862041781632,ENSSSCG00000039332
Brain,GO:BP,GO:0006338,chromatin remodeling,0.3322000608125503,549,43,3,0.06976744186046512,2.434108527131783,"ENSSSCG00000028741,ENSSSCG00000025545,ENSSSCG00000032453"
Brain,GO:BP,GO:0048583,regulation of response to stimulus,0.33394074820640757,3016,43,10,0.23255813953488372,1.4769292455739929,"ENSSSCG00000039984,ENSSSCG00000014039,ENSSSCG00000046640,ENSSSCG00000012278,ENSSSCG00000028964,ENSSSCG00000027237,ENSSSCG00000025264,ENSSSCG00000021934,ENSSSCG00000012277,ENSSSCG00000036747"
Brain,GO:BP,GO:0048522,positive regulation of cellular process,0.33394074820640757,4596,43,14,0.32558139534883723,1.3568725079442185,"ENSSSCG00000039332,ENSSSCG00000039984,ENSSSCG00000014039,ENSSSCG00000046640,ENSSSCG00000028741,ENSSSCG00000012287,ENSSSCG00000028964,ENSSSCG00000027237,ENSSSCG00000025264,ENSSSCG00000025545,ENSSSCG00000021934,ENSSSCG00000012277,ENSSSCG00000036747,ENSSSCG00000021591"
Brain,GO:BP,GO:0045089,positive regulation of innate immune response,0.33394074820640757,277,43,2,0.046511627906976744,3.216186718159684,"ENSSSCG00000046640,ENSSSCG00000025264"
Brain,GO:BP,GO:0045824,negative regulation of innate immune response,0.33394074820640757,62,43,1,0.023255813953488372,7.184546136534133,ENSSSCG00000046640
Brain,GO:BP,GO:0060761,negative regulation of response to cytokine stimulus,0.33394074820640757,62,43,1,0.023255813953488372,7.184546136534133,ENSSSCG00000046640
Brain,GO:BP,GO:0046942,carboxylic acid transport,0.33394074820640757,278,43,2,0.046511627906976744,3.2046177011878867,"ENSSSCG00000003852,ENSSSCG00000025981"
Brain,GO:BP,GO:0032418,lysosome localization,0.33394074820640757,61,43,1,0.023255813953488372,7.3023255813953485,ENSSSCG00000025545
Brain,GO:BP,GO:0010639,negative regulation of organelle organization,0.33394074820640757,277,43,2,0.046511627906976744,3.216186718159684,"ENSSSCG00000025545,ENSSSCG00000036747"
Brain,GO:BP,GO:0097120,receptor localization to synapse,0.33394074820640757,60,43,1,0.023255813953488372,7.424031007751938,ENSSSCG00000021106
Brain,GO:BP,GO:1990849,vacuolar localization,0.33394074820640757,62,43,1,0.023255813953488372,7.184546136534133,ENSSSCG00000025545
Brain,GO:BP,GO:0015849,organic acid transport,0.33394074820640757,279,43,2,0.046511627906976744,3.1931316162373924,"ENSSSCG00000003852,ENSSSCG00000025981"
Brain,GO:BP,GO:1903008,organelle disassembly,0.33394074820640757,61,43,1,0.023255813953488372,7.3023255813953485,ENSSSCG00000025545
Brain,GO:BP,GO:0030500,regulation of bone mineralization,0.33394074820640757,62,43,1,0.023255813953488372,7.184546136534133,ENSSSCG00000027237
Brain,GO:BP,GO:0018193,peptidyl-amino acid modification,0.33394074820640757,277,43,2,0.046511627906976744,3.216186718159684,"ENSSSCG00000027237,ENSSSCG00000025545"
Brain,GO:BP,GO:1901880,negative regulation of protein depolymerization,0.33394074820640757,61,43,1,0.023255813953488372,7.3023255813953485,ENSSSCG00000025545
Brain,GO:BP,GO:0050778,positive regulation of immune response,0.33415441162927795,563,43,3,0.06976744186046512,2.373580073526375,"ENSSSCG00000046640,ENSSSCG00000012278,ENSSSCG00000025264"
Brain,GO:BP,GO:0000380,"alternative mRNA splicing, via spliceosome",0.33415441162927795,63,43,1,0.023255813953488372,7.070505721668512,ENSSSCG00000025264
Brain,GO:BP,GO:0036465,synaptic vesicle recycling,0.33415441162927795,63,43,1,0.023255813953488372,7.070505721668512,ENSSSCG00000021106
Brain,GO:BP,GO:0140888,interferon-mediated signaling pathway,0.33415441162927795,63,43,1,0.023255813953488372,7.070505721668512,ENSSSCG00000046640
Brain,GO:BP,GO:0045934,negative regulation of nucleobase-containing compound metabolic process,0.33415441162927795,1207,43,5,0.11627906976744186,1.8452438295986588,"ENSSSCG00000028741,ENSSSCG00000012286,ENSSSCG00000012280,ENSSSCG00000027237,ENSSSCG00000032453"
Brain,GO:BP,GO:0002220,innate immune response activating cell surface receptor signaling pathway,0.33415441162927795,63,43,1,0.023255813953488372,7.070505721668512,ENSSSCG00000046640
Brain,GO:BP,GO:0030162,regulation of proteolysis,0.3342992522235062,283,43,2,0.046511627906976744,3.147999013887748,"ENSSSCG00000025545,ENSSSCG00000012277"
Brain,GO:BP,GO:0140962,multicellular organismal-level chemical homeostasis,0.33670594696050876,64,43,1,0.023255813953488372,6.960029069767442,ENSSSCG00000046640
Brain,GO:BP,GO:0060291,long-term synaptic potentiation,0.33670594696050876,64,43,1,0.023255813953488372,6.960029069767442,ENSSSCG00000014039
Brain,REAC,REAC:R-SSC-913709,O-linked glycosylation of mucins,0.3373150019102947,53,19,1,0.05263157894736842,7.7398212512413105,ENSSSCG00000005379
Brain,REAC,REAC:R-SSC-112310,Neurotransmitter release cycle,0.3373150019102947,41,19,1,0.05263157894736842,10.005134788189986,ENSSSCG00000003852
Brain,REAC,REAC:R-SSC-5173214,O-glycosylation of TSR domain-containing proteins,0.3373150019102947,37,19,1,0.05263157894736842,11.086770981507822,ENSSSCG00000012278
Brain,REAC,REAC:R-SSC-204005,COPII-mediated vesicle transport,0.3373150019102947,54,19,1,0.05263157894736842,7.596491228070175,ENSSSCG00000039332
Brain,REAC,REAC:R-SSC-2404192,Signaling by Type 1 Insulin-like Growth Factor 1 Receptor (IGF1R),0.3373150019102947,45,19,1,0.05263157894736842,9.11578947368421,ENSSSCG00000031027
Brain,REAC,REAC:R-SSC-9663891,Selective autophagy,0.3373150019102947,55,19,1,0.05263157894736842,7.458373205741626,ENSSSCG00000025545
Brain,REAC,REAC:R-SSC-425397,"Transport of vitamins, nucleosides, and related molecules",0.3373150019102947,39,19,1,0.05263157894736842,10.518218623481781,ENSSSCG00000024841
Brain,REAC,REAC:R-SSC-1296072,Voltage gated Potassium channels,0.3373150019102947,36,19,1,0.05263157894736842,11.394736842105262,ENSSSCG00000028284
Brain,REAC,REAC:R-SSC-2428924,IGF1R signaling cascade,0.3373150019102947,44,19,1,0.05263157894736842,9.322966507177034,ENSSSCG00000031027
Brain,REAC,REAC:R-SSC-2428928,IRS-related events triggered by IGF1R,0.3373150019102947,43,19,1,0.05263157894736842,9.539779681762544,ENSSSCG00000031027
Brain,REAC,REAC:R-SSC-8854214,TBC/RABGAPs,0.3373150019102947,35,19,1,0.05263157894736842,11.720300751879698,ENSSSCG00000040599
Brain,REAC,REAC:R-SSC-8939236,RUNX1 regulates transcription of genes involved in differentiation of HSCs,0.3373150019102947,54,19,1,0.05263157894736842,7.596491228070175,ENSSSCG00000027237
Brain,REAC,REAC:R-SSC-427359,SIRT1 negatively regulates rRNA expression,0.3373150019102947,48,19,1,0.05263157894736842,8.546052631578947,ENSSSCG00000032453
Brain,REAC,REAC:R-SSC-5250941,Negative epigenetic regulation of rRNA expression,0.3373150019102947,49,19,1,0.05263157894736842,8.371643394199785,ENSSSCG00000032453
Brain,REAC,REAC:R-SSC-1474244,Extracellular matrix organization,0.3373150019102947,232,19,2,0.10526315789473684,3.5362976406533573,"ENSSSCG00000002967,ENSSSCG00000012277"
Brain,GO:BP,GO:0042060,wound healing,0.33765028308212197,286,43,2,0.046511627906976744,3.1149780452106035,"ENSSSCG00000027237,ENSSSCG00000012277"
Brain,REAC,REAC:R-SSC-3214841,PKMTs methylate histone lysines,0.3388220003640718,57,19,1,0.05263157894736842,7.196675900277008,ENSSSCG00000032453
Brain,GO:BP,GO:0071346,cellular response to type II interferon,0.3392110810122091,65,43,1,0.023255813953488372,6.852951699463327,ENSSSCG00000036747
Brain,GO:BP,GO:0032008,positive regulation of TOR signaling,0.3392110810122091,65,43,1,0.023255813953488372,6.852951699463327,ENSSSCG00000021934
Brain,GO:BP,GO:0006626,protein targeting to mitochondrion,0.342463543015834,66,43,1,0.023255813953488372,6.749119097956307,ENSSSCG00000022647
Brain,GO:BP,GO:0010507,negative regulation of autophagy,0.342463543015834,66,43,1,0.023255813953488372,6.749119097956307,ENSSSCG00000025545
Brain,GO:BP,GO:0071806,protein transmembrane transport,0.3432968878777592,67,43,1,0.023255813953488372,6.648385977091288,ENSSSCG00000022647
Brain,GO:BP,GO:0045911,positive regulation of DNA recombination,0.3432968878777592,67,43,1,0.023255813953488372,6.648385977091288,ENSSSCG00000036747
Brain,GO:BP,GO:0001510,RNA methylation,0.3432968878777592,67,43,1,0.023255813953488372,6.648385977091288,ENSSSCG00000025599
Brain,GO:BP,GO:0098542,defense response to other organism,0.3432968878777592,893,43,4,0.09302325581395349,1.9952602932368029,"ENSSSCG00000046640,ENSSSCG00000012278,ENSSSCG00000025264,ENSSSCG00000036747"
Brain,GO:BP,GO:0043414,macromolecule methylation,0.3432968878777592,67,43,1,0.023255813953488372,6.648385977091288,ENSSSCG00000025599
Brain,GO:BP,GO:0097581,lamellipodium organization,0.34566863738267095,68,43,1,0.023255813953488372,6.550615595075239,ENSSSCG00000036747
Brain,GO:BP,GO:0045184,establishment of protein localization,0.34566863738267095,1236,43,5,0.11627906976744186,1.8019492737261984,"ENSSSCG00000039332,ENSSSCG00000021106,ENSSSCG00000024793,ENSSSCG00000022647,ENSSSCG00000025545"
Brain,GO:BP,GO:0010558,negative regulation of macromolecule biosynthetic process,0.34566863738267095,1948,43,7,0.16279069767441862,1.6006637696385082,"ENSSSCG00000046640,ENSSSCG00000028741,ENSSSCG00000012286,ENSSSCG00000012280,ENSSSCG00000027237,ENSSSCG00000025545,ENSSSCG00000032453"
Brain,GO:BP,GO:0032760,positive regulation of tumor necrosis factor production,0.3468617623017839,69,43,1,0.023255813953488372,6.455679137175598,ENSSSCG00000046640
Brain,GO:BP,GO:0043242,negative regulation of protein-containing complex disassembly,0.3468617623017839,69,43,1,0.023255813953488372,6.455679137175598,ENSSSCG00000025545
Brain,GO:BP,GO:0001503,ossification,0.3468617623017839,298,43,2,0.046511627906976744,2.9895426876853444,"ENSSSCG00000032768,ENSSSCG00000027237"
Brain,GO:BP,GO:0032602,chemokine production,0.3468617623017839,69,43,1,0.023255813953488372,6.455679137175598,ENSSSCG00000046640
Brain,GO:BP,GO:0032642,regulation of chemokine production,0.3468617623017839,69,43,1,0.023255813953488372,6.455679137175598,ENSSSCG00000046640
Brain,GO:BP,GO:0002833,positive regulation of response to biotic stimulus,0.3471649137935092,300,43,2,0.046511627906976744,2.969612403100775,"ENSSSCG00000046640,ENSSSCG00000025264"
Brain,GO:BP,GO:0034109,homotypic cell-cell adhesion,0.3471649137935092,70,43,1,0.023255813953488372,6.363455149501661,ENSSSCG00000027237
Brain,GO:BP,GO:0051492,regulation of stress fiber assembly,0.3471649137935092,70,43,1,0.023255813953488372,6.363455149501661,ENSSSCG00000036747
Brain,GO:BP,GO:0006835,dicarboxylic acid transport,0.3471649137935092,70,43,1,0.023255813953488372,6.363455149501661,ENSSSCG00000003852
Brain,GO:BP,GO:1903706,regulation of hemopoiesis,0.3471649137935092,300,43,2,0.046511627906976744,2.969612403100775,"ENSSSCG00000012287,ENSSSCG00000027237"
Brain,GO:BP,GO:0007010,cytoskeleton organization,0.34749079385979126,1249,43,5,0.11627906976744186,1.7831939970581117,"ENSSSCG00000014039,ENSSSCG00000012280,ENSSSCG00000012288,ENSSSCG00000025545,ENSSSCG00000036747"
Brain,REAC,REAC:R-SSC-112316,Neuronal System,0.34836105513037474,273,19,2,0.10526315789473684,3.0052053209947944,"ENSSSCG00000003852,ENSSSCG00000028284"
Brain,REAC,REAC:R-SSC-8936459,RUNX1 regulates genes involved in megakaryocyte differentiation and platelet function,0.34836105513037474,61,19,1,0.05263157894736842,6.724762726488352,ENSSSCG00000027237
Brain,GO:BP,GO:0036294,cellular response to decreased oxygen levels,0.3491057383955461,74,43,1,0.023255813953488372,6.01948460087995,ENSSSCG00000032453
Brain,GO:BP,GO:0002709,regulation of T cell mediated immunity,0.3491057383955461,73,43,1,0.023255813953488372,6.101943294042688,ENSSSCG00000036747
Brain,GO:BP,GO:0010569,regulation of double-strand break repair via homologous recombination,0.3491057383955461,74,43,1,0.023255813953488372,6.01948460087995,ENSSSCG00000036747
Brain,GO:BP,GO:0051223,regulation of protein transport,0.3491057383955461,308,43,2,0.046511627906976744,2.892479613409846,"ENSSSCG00000039332,ENSSSCG00000021106"
Brain,GO:BP,GO:0010631,epithelial cell migration,0.3491057383955461,74,43,1,0.023255813953488372,6.01948460087995,ENSSSCG00000025545
Brain,GO:BP,GO:0007613,memory,0.3491057383955461,74,43,1,0.023255813953488372,6.01948460087995,ENSSSCG00000014039
Brain,GO:BP,GO:0034644,cellular response to UV,0.3491057383955461,72,43,1,0.023255813953488372,6.1866925064599485,ENSSSCG00000012277
Brain,GO:BP,GO:2001237,negative regulation of extrinsic apoptotic signaling pathway,0.3491057383955461,73,43,1,0.023255813953488372,6.101943294042688,ENSSSCG00000027237
Brain,GO:BP,GO:0016239,positive regulation of macroautophagy,0.3491057383955461,71,43,1,0.023255813953488372,6.273829020635441,ENSSSCG00000028964
Brain,GO:BP,GO:0009892,negative regulation of metabolic process,0.3491057383955461,2351,43,8,0.18604651162790697,1.5157528216592642,"ENSSSCG00000046640,ENSSSCG00000028741,ENSSSCG00000012286,ENSSSCG00000012280,ENSSSCG00000027237,ENSSSCG00000025545,ENSSSCG00000012277,ENSSSCG00000032453"
Brain,GO:BP,GO:1903557,positive regulation of tumor necrosis factor superfamily cytokine production,0.3491057383955461,72,43,1,0.023255813953488372,6.1866925064599485,ENSSSCG00000046640
Brain,GO:BP,GO:0031110,regulation of microtubule polymerization or depolymerization,0.3491057383955461,73,43,1,0.023255813953488372,6.101943294042688,ENSSSCG00000025545
Brain,GO:BP,GO:0007049,cell cycle,0.3491057383955461,1269,43,5,0.11627906976744186,1.7550900727545953,"ENSSSCG00000014039,ENSSSCG00000028741,ENSSSCG00000012280,ENSSSCG00000028964,ENSSSCG00000032453"
Brain,GO:BP,GO:0048519,negative regulation of biological process,0.3491057383955461,4306,43,13,0.3023255813953488,1.3448082178463796,"ENSSSCG00000014039,ENSSSCG00000046640,ENSSSCG00000028741,ENSSSCG00000012286,ENSSSCG00000012280,ENSSSCG00000028964,ENSSSCG00000027237,ENSSSCG00000025545,ENSSSCG00000021934,ENSSSCG00000012277,ENSSSCG00000032453,ENSSSCG00000036747,ENSSSCG00000023759"
Brain,GO:BP,GO:0009890,negative regulation of biosynthetic process,0.3491057383955461,1989,43,7,0.16279069767441862,1.5676686894197156,"ENSSSCG00000046640,ENSSSCG00000028741,ENSSSCG00000012286,ENSSSCG00000012280,ENSSSCG00000027237,ENSSSCG00000025545,ENSSSCG00000032453"
Brain,GO:BP,GO:1902903,regulation of supramolecular fiber organization,0.3491057383955461,305,43,2,0.046511627906976744,2.9209302325581397,"ENSSSCG00000025545,ENSSSCG00000036747"
Brain,GO:BP,GO:0006493,protein O-linked glycosylation,0.3491057383955461,74,43,1,0.023255813953488372,6.01948460087995,ENSSSCG00000005379
Brain,GO:BP,GO:1901264,carbohydrate derivative transport,0.3491057383955461,73,43,1,0.023255813953488372,6.101943294042688,ENSSSCG00000024841
Brain,GO:BP,GO:0008637,apoptotic mitochondrial changes,0.3491057383955461,73,43,1,0.023255813953488372,6.101943294042688,ENSSSCG00000028964
Brain,GO:BP,GO:0071456,cellular response to hypoxia,0.3491057383955461,74,43,1,0.023255813953488372,6.01948460087995,ENSSSCG00000032453
Brain,GO:BP,GO:0014033,neural crest cell differentiation,0.3519472196308729,75,43,1,0.023255813953488372,5.93922480620155,ENSSSCG00000021934
Brain,GO:BP,GO:0090316,positive regulation of intracellular protein transport,0.3519472196308729,75,43,1,0.023255813953488372,5.93922480620155,ENSSSCG00000039332
Brain,GO:BP,GO:0032456,endocytic recycling,0.3532646824069444,76,43,1,0.023255813953488372,5.861077111383109,ENSSSCG00000021106
Brain,GO:BP,GO:0000422,autophagy of mitochondrion,0.3532646824069444,76,43,1,0.023255813953488372,5.861077111383109,ENSSSCG00000025545
Brain,GO:BP,GO:1901879,regulation of protein depolymerization,0.3532646824069444,76,43,1,0.023255813953488372,5.861077111383109,ENSSSCG00000025545
Brain,GO:BP,GO:0090132,epithelium migration,0.3532646824069444,76,43,1,0.023255813953488372,5.861077111383109,ENSSSCG00000025545
Brain,GO:BP,GO:0050731,positive regulation of peptidyl-tyrosine phosphorylation,0.3552910442043455,77,43,1,0.023255813953488372,5.784959226819692,ENSSSCG00000027237
Brain,GO:BP,GO:0110020,regulation of actomyosin structure organization,0.3552910442043455,77,43,1,0.023255813953488372,5.784959226819692,ENSSSCG00000036747
Brain,GO:BP,GO:0001932,regulation of protein phosphorylation,0.3552910442043455,317,43,2,0.046511627906976744,2.8103587411048343,"ENSSSCG00000027237,ENSSSCG00000025545"
Brain,GO:BP,GO:0007040,lysosome organization,0.3580256992479052,78,43,1,0.023255813953488372,5.710793082886106,ENSSSCG00000012287
Brain,GO:BP,GO:0080171,lytic vacuole organization,0.3580256992479052,78,43,1,0.023255813953488372,5.710793082886106,ENSSSCG00000012287
Brain,GO:BP,GO:0070167,regulation of biomineral tissue development,0.3588520868511051,79,43,1,0.023255813953488372,5.6385045628495725,ENSSSCG00000027237
Brain,GO:BP,GO:0033135,regulation of peptidyl-serine phosphorylation,0.3588520868511051,79,43,1,0.023255813953488372,5.6385045628495725,ENSSSCG00000025545
Brain,GO:BP,GO:0070972,protein localization to endoplasmic reticulum,0.3588520868511051,79,43,1,0.023255813953488372,5.6385045628495725,ENSSSCG00000039332
Brain,GO:BP,GO:0002376,immune system process,0.3588520868511051,2023,43,7,0.16279069767441862,1.5413213164882917,"ENSSSCG00000046640,ENSSSCG00000012287,ENSSSCG00000012278,ENSSSCG00000027237,ENSSSCG00000025264,ENSSSCG00000025545,ENSSSCG00000036747"
Brain,GO:BP,GO:0072655,establishment of protein localization to mitochondrion,0.3588520868511051,79,43,1,0.023255813953488372,5.6385045628495725,ENSSSCG00000022647
Brain,GO:BP,GO:0090130,tissue migration,0.36190737479752777,80,43,1,0.023255813953488372,5.568023255813953,ENSSSCG00000025545
Brain,GO:BP,GO:0018105,peptidyl-serine phosphorylation,0.36344688711831746,81,43,1,0.023255813953488372,5.499282227964399,ENSSSCG00000025545
Brain,GO:BP,GO:0006468,protein phosphorylation,0.36344688711831746,326,43,2,0.046511627906976744,2.732772150092738,"ENSSSCG00000027237,ENSSSCG00000025545"
Brain,GO:BP,GO:0019882,antigen processing and presentation,0.36344688711831746,82,43,1,0.023255813953488372,5.432217810550199,ENSSSCG00000036747
Brain,GO:BP,GO:0043149,stress fiber assembly,0.36344688711831746,82,43,1,0.023255813953488372,5.432217810550199,ENSSSCG00000036747
Brain,GO:BP,GO:0030038,contractile actin filament bundle assembly,0.36344688711831746,82,43,1,0.023255813953488372,5.432217810550199,ENSSSCG00000036747
Brain,GO:BP,GO:0006952,defense response,0.36344688711831746,1309,43,5,0.11627906976744186,1.7014585961234387,"ENSSSCG00000046640,ENSSSCG00000012278,ENSSSCG00000025264,ENSSSCG00000012277,ENSSSCG00000036747"
Brain,GO:BP,GO:0007029,endoplasmic reticulum organization,0.36344688711831746,82,43,1,0.023255813953488372,5.432217810550199,ENSSSCG00000039332
Brain,GO:BP,GO:0035967,cellular response to topologically incorrect protein,0.36344688711831746,81,43,1,0.023255813953488372,5.499282227964399,ENSSSCG00000025545
Brain,GO:BP,GO:0007565,female pregnancy,0.36344688711831746,82,43,1,0.023255813953488372,5.432217810550199,ENSSSCG00000012277
Brain,GO:BP,GO:0045088,regulation of innate immune response,0.36392483325482755,330,43,2,0.046511627906976744,2.699647639182523,"ENSSSCG00000046640,ENSSSCG00000025264"
Brain,GO:BP,GO:0006810,transport,0.364091835351638,3595,43,11,0.2558139534883721,1.3629653588640553,"ENSSSCG00000039332,ENSSSCG00000014039,ENSSSCG00000003852,ENSSSCG00000028284,ENSSSCG00000021106,ENSSSCG00000025981,ENSSSCG00000024793,ENSSSCG00000024841,ENSSSCG00000022647,ENSSSCG00000025545,ENSSSCG00000036747"
Brain,GO:BP,GO:0032231,regulation of actin filament bundle assembly,0.3650789180014481,83,43,1,0.023255813953488372,5.366769403194172,ENSSSCG00000036747
Brain,GO:BP,GO:0006400,tRNA modification,0.3650789180014481,84,43,1,0.023255813953488372,5.302879291251385,ENSSSCG00000025599
Brain,GO:BP,GO:1902414,protein localization to cell junction,0.3650789180014481,84,43,1,0.023255813953488372,5.302879291251385,ENSSSCG00000021106
Brain,GO:BP,GO:1901606,alpha-amino acid catabolic process,0.3650789180014481,84,43,1,0.023255813953488372,5.302879291251385,ENSSSCG00000005740
Brain,GO:BP,GO:0022411,cellular component disassembly,0.3650789180014481,332,43,2,0.046511627906976744,2.683384701597086,"ENSSSCG00000025545,ENSSSCG00000040599"
Brain,GO:BP,GO:0006325,chromatin organization,0.3650789180014481,639,43,3,0.06976744186046512,2.0912763402118135,"ENSSSCG00000028741,ENSSSCG00000025545,ENSSSCG00000032453"
Brain,GO:BP,GO:0055085,transmembrane transport,0.3650789180014481,1321,43,5,0.11627906976744186,1.6860024998679646,"ENSSSCG00000003852,ENSSSCG00000028284,ENSSSCG00000025981,ENSSSCG00000024841,ENSSSCG00000022647"
Brain,GO:BP,GO:0042592,homeostatic process,0.365129124705906,1331,43,5,0.11627906976744186,1.673335313542886,"ENSSSCG00000046640,ENSSSCG00000027237,ENSSSCG00000021328,ENSSSCG00000025545,ENSSSCG00000032453"
Brain,GO:BP,GO:0045639,positive regulation of myeloid cell differentiation,0.365129124705906,86,43,1,0.023255813953488372,5.179556517036236,ENSSSCG00000027237
Brain,GO:BP,GO:0030168,platelet activation,0.365129124705906,85,43,1,0.023255813953488372,5.240492476060192,ENSSSCG00000027237
Brain,GO:BP,GO:0042325,regulation of phosphorylation,0.365129124705906,338,43,2,0.046511627906976744,2.6357506536397413,"ENSSSCG00000027237,ENSSSCG00000025545"
Brain,GO:BP,GO:0030048,actin filament-based movement,0.365129124705906,86,43,1,0.023255813953488372,5.179556517036236,ENSSSCG00000036747
Brain,GO:BP,GO:0002832,negative regulation of response to biotic stimulus,0.365129124705906,86,43,1,0.023255813953488372,5.179556517036236,ENSSSCG00000046640
Brain,GO:BP,GO:1990542,mitochondrial transmembrane transport,0.365129124705906,86,43,1,0.023255813953488372,5.179556517036236,ENSSSCG00000022647
Brain,GO:BP,GO:0070585,protein localization to mitochondrion,0.365129124705906,85,43,1,0.023255813953488372,5.240492476060192,ENSSSCG00000022647
Brain,GO:BP,GO:0034341,response to type II interferon,0.365129124705906,85,43,1,0.023255813953488372,5.240492476060192,ENSSSCG00000036747
Brain,GO:BP,GO:1903432,regulation of TORC1 signaling,0.365129124705906,86,43,1,0.023255813953488372,5.179556517036236,ENSSSCG00000021934
Brain,GO:BP,GO:0032774,RNA biosynthetic process,0.365129124705906,5242,43,15,0.3488372093023256,1.274633328305369,"ENSSSCG00000018995,ENSSSCG00000013836,ENSSSCG00000028741,ENSSSCG00000012286,ENSSSCG00000025599,ENSSSCG00000012284,ENSSSCG00000012283,ENSSSCG00000012287,ENSSSCG00000012280,ENSSSCG00000028964,ENSSSCG00000027237,ENSSSCG00000025264,ENSSSCG00000032453,ENSSSCG00000036747,ENSSSCG00000021591"
Brain,GO:BP,GO:0071482,cellular response to light stimulus,0.3672670698761128,87,43,1,0.023255813953488372,5.120021384656509,ENSSSCG00000012277
Brain,GO:BP,GO:1903076,regulation of protein localization to plasma membrane,0.3672670698761128,87,43,1,0.023255813953488372,5.120021384656509,ENSSSCG00000021106
Brain,GO:BP,GO:0044703,multi-organism reproductive process,0.36966560891889333,88,43,1,0.023255813953488372,5.06183932346723,ENSSSCG00000012277
Brain,GO:BP,GO:0071453,cellular response to oxygen levels,0.36966560891889333,88,43,1,0.023255813953488372,5.06183932346723,ENSSSCG00000032453
Brain,GO:BP,GO:0019079,viral genome replication,0.3727514884452628,89,43,1,0.023255813953488372,5.004964724327149,ENSSSCG00000046640
Brain,GO:BP,GO:0032880,regulation of protein localization,0.3735318165955088,657,43,3,0.06976744186046512,2.03398109801423,"ENSSSCG00000039332,ENSSSCG00000021106,ENSSSCG00000025545"
Brain,GO:BP,GO:1903900,regulation of viral life cycle,0.3746672270945311,90,43,1,0.023255813953488372,4.949354005167959,ENSSSCG00000046640
Brain,GO:BP,GO:0051656,establishment of organelle localization,0.3746672270945311,348,43,2,0.046511627906976744,2.5600106923282544,"ENSSSCG00000039332,ENSSSCG00000025545"
Brain,REAC,REAC:R-SSC-382551,Transport of small molecules,0.3753840300043455,568,19,3,0.15789473684210525,2.1666048925129724,"ENSSSCG00000003852,ENSSSCG00000025981,ENSSSCG00000024841"
Brain,GO:BP,GO:0018209,peptidyl-serine modification,0.3774195883783293,91,43,1,0.023255813953488372,4.894965499616663,ENSSSCG00000025545
Brain,GO:BP,GO:0048024,"regulation of mRNA splicing, via spliceosome",0.37899555339550006,92,43,1,0.023255813953488372,4.841759352881699,ENSSSCG00000021591
Brain,GO:BP,GO:0045739,positive regulation of DNA repair,0.37899555339550006,92,43,1,0.023255813953488372,4.841759352881699,ENSSSCG00000036747
Brain,GO:BP,GO:0038202,TORC1 signaling,0.37899555339550006,92,43,1,0.023255813953488372,4.841759352881699,ENSSSCG00000021934
Brain,GO:BP,GO:0042177,negative regulation of protein catabolic process,0.3805455599297565,93,43,1,0.023255813953488372,4.789697424356089,ENSSSCG00000012277
Brain,GO:BP,GO:0141187,nucleic acid biosynthetic process,0.3805455599297565,5314,43,15,0.3488372093023256,1.2573631740641222,"ENSSSCG00000018995,ENSSSCG00000013836,ENSSSCG00000028741,ENSSSCG00000012286,ENSSSCG00000025599,ENSSSCG00000012284,ENSSSCG00000012283,ENSSSCG00000012287,ENSSSCG00000012280,ENSSSCG00000028964,ENSSSCG00000027237,ENSSSCG00000025264,ENSSSCG00000032453,ENSSSCG00000036747,ENSSSCG00000021591"
Brain,GO:BP,GO:0030316,osteoclast differentiation,0.3805455599297565,93,43,1,0.023255813953488372,4.789697424356089,ENSSSCG00000012287
Brain,GO:BP,GO:0006955,immune response,0.38204230948497653,1367,43,5,0.11627906976744186,1.629267960735612,"ENSSSCG00000046640,ENSSSCG00000012287,ENSSSCG00000012278,ENSSSCG00000025264,ENSSSCG00000036747"
Brain,GO:BP,GO:0065007,biological regulation,0.3822631418264442,11438,43,29,0.6744186046511628,1.1293769849176754,"ENSSSCG00000039332,ENSSSCG00000039984,ENSSSCG00000014039,ENSSSCG00000046640,ENSSSCG00000013836,ENSSSCG00000031027,ENSSSCG00000028741,ENSSSCG00000012286,ENSSSCG00000028284,ENSSSCG00000021106,ENSSSCG00000012284,ENSSSCG00000012283,ENSSSCG00000012287,ENSSSCG00000012280,ENSSSCG00000012278,ENSSSCG00000024793,ENSSSCG00000028964,ENSSSCG00000027237,ENSSSCG00000025264,ENSSSCG00000021328,ENSSSCG00000042563,ENSSSCG00000025545,ENSSSCG00000021934,ENSSSCG00000012277,ENSSSCG00000032453,ENSSSCG00000036747,ENSSSCG00000023759,ENSSSCG00000021591,ENSSSCG00000040599"
Brain,GO:BP,GO:0009063,amino acid catabolic process,0.3835695070936247,95,43,1,0.023255813953488372,4.688861689106487,ENSSSCG00000005740
Brain,GO:BP,GO:0030278,regulation of ossification,0.3835695070936247,95,43,1,0.023255813953488372,4.688861689106487,ENSSSCG00000027237
Brain,GO:BP,GO:0022402,cell cycle process,0.3835695070936247,1016,43,4,0.09302325581395349,1.753708112067387,"ENSSSCG00000014039,ENSSSCG00000028741,ENSSSCG00000012280,ENSSSCG00000028964"
Brain,GO:BP,GO:0016055,Wnt signaling pathway,0.3835695070936247,359,43,2,0.046511627906976744,2.481570253287556,"ENSSSCG00000024793,ENSSSCG00000021934"
Brain,GO:BP,GO:0035966,response to topologically incorrect protein,0.383623499496436,96,43,1,0.023255813953488372,4.6400193798449605,ENSSSCG00000025545
Brain,GO:BP,GO:0001819,positive regulation of cytokine production,0.383623499496436,361,43,2,0.046511627906976744,2.4678219416349934,"ENSSSCG00000046640,ENSSSCG00000025264"
Brain,GO:BP,GO:0006950,response to stress,0.383623499496436,2897,43,9,0.20930232558139536,1.383837329715584,"ENSSSCG00000046640,ENSSSCG00000012278,ENSSSCG00000027237,ENSSSCG00000025264,ENSSSCG00000021328,ENSSSCG00000025545,ENSSSCG00000012277,ENSSSCG00000032453,ENSSSCG00000036747"
Brain,GO:BP,GO:0044706,multi-multicellular organism process,0.383623499496436,96,43,1,0.023255813953488372,4.6400193798449605,ENSSSCG00000012277
Brain,GO:BP,GO:0034614,cellular response to reactive oxygen species,0.383623499496436,96,43,1,0.023255813953488372,4.6400193798449605,ENSSSCG00000025545
Brain,GO:BP,GO:0030282,bone mineralization,0.3850766185372518,97,43,1,0.023255813953488372,4.592184128506353,ENSSSCG00000027237
Brain,GO:BP,GO:0007229,integrin-mediated signaling pathway,0.3850766185372518,97,43,1,0.023255813953488372,4.592184128506353,ENSSSCG00000012277
Brain,GO:BP,GO:0015695,organic cation transport,0.3850766185372518,97,43,1,0.023255813953488372,4.592184128506353,ENSSSCG00000025981
Brain,GO:BP,GO:0002456,T cell mediated immunity,0.3872126063407666,98,43,1,0.023255813953488372,4.545325106786901,ENSSSCG00000036747
Brain,GO:BP,GO:0002761,regulation of myeloid leukocyte differentiation,0.3872126063407666,98,43,1,0.023255813953488372,4.545325106786901,ENSSSCG00000012287
Brain,GO:BP,GO:0031349,positive regulation of defense response,0.3884122243046676,367,43,2,0.046511627906976744,2.4274760788289718,"ENSSSCG00000046640,ENSSSCG00000025264"
Brain,GO:BP,GO:0009611,response to wounding,0.38929825449367716,368,43,2,0.046511627906976744,2.4208796764408493,"ENSSSCG00000027237,ENSSSCG00000012277"
Brain,GO:BP,GO:0051261,protein depolymerization,0.38999921193492615,100,43,1,0.023255813953488372,4.4544186046511625,ENSSSCG00000025545
Brain,GO:BP,GO:0008286,insulin receptor signaling pathway,0.38999921193492615,100,43,1,0.023255813953488372,4.4544186046511625,ENSSSCG00000031027
Brain,GO:BP,GO:0050806,positive regulation of synaptic transmission,0.38999921193492615,100,43,1,0.023255813953488372,4.4544186046511625,ENSSSCG00000014039
Brain,GO:BP,GO:0007127,meiosis I,0.38999921193492615,100,43,1,0.023255813953488372,4.4544186046511625,ENSSSCG00000028741
Brain,REAC,REAC:R-SSC-3371556,Cellular response to heat stress,0.3910126307884513,79,19,1,0.05263157894736842,5.192538307794803,ENSSSCG00000025545
Brain,REAC,REAC:R-SSC-5576891,Cardiac conduction,0.3910126307884513,78,19,1,0.05263157894736842,5.2591093117408905,ENSSSCG00000028284
Brain,REAC,REAC:R-SSC-9007101,Rab regulation of trafficking,0.3910126307884513,78,19,1,0.05263157894736842,5.2591093117408905,ENSSSCG00000040599
Brain,GO:BP,GO:0009266,response to temperature stimulus,0.3961253722849689,103,43,1,0.023255813953488372,4.324678256942876,ENSSSCG00000021328
Brain,GO:BP,GO:0009968,negative regulation of signal transduction,0.3961253722849689,1045,43,4,0.09302325581395349,1.7050406142205408,"ENSSSCG00000014039,ENSSSCG00000046640,ENSSSCG00000027237,ENSSSCG00000021934"
Brain,GO:BP,GO:0008203,cholesterol metabolic process,0.3961253722849689,103,43,1,0.023255813953488372,4.324678256942876,ENSSSCG00000032768
Brain,GO:BP,GO:0016579,protein deubiquitination,0.3961253722849689,103,43,1,0.023255813953488372,4.324678256942876,ENSSSCG00000021934
Brain,GO:BP,GO:0007015,actin filament organization,0.3961253722849689,376,43,2,0.046511627906976744,2.3693715982187036,"ENSSSCG00000025545,ENSSSCG00000036747"
Brain,GO:BP,GO:2000779,regulation of double-strand break repair,0.3961253722849689,102,43,1,0.023255813953488372,4.367077063383493,ENSSSCG00000036747
Brain,GO:BP,GO:0061982,meiosis I cell cycle process,0.3966981716455366,105,43,1,0.023255813953488372,4.242303433001107,ENSSSCG00000028741
Brain,GO:BP,GO:1903313,positive regulation of mRNA metabolic process,0.3966981716455366,105,43,1,0.023255813953488372,4.242303433001107,ENSSSCG00000021591
Brain,GO:BP,GO:0007612,learning,0.3966981716455366,104,43,1,0.023255813953488372,4.283094812164579,ENSSSCG00000014039
Brain,GO:BP,GO:0032388,positive regulation of intracellular transport,0.3966981716455366,105,43,1,0.023255813953488372,4.242303433001107,ENSSSCG00000039332
Brain,GO:BP,GO:0050808,synapse organization,0.3966981716455366,380,43,2,0.046511627906976744,2.3444308445532434,"ENSSSCG00000021106,ENSSSCG00000025545"
Brain,GO:BP,GO:0051128,regulation of cellular component organization,0.3966981716455366,1793,43,6,0.13953488372093023,1.4906029909596752,"ENSSSCG00000028741,ENSSSCG00000021106,ENSSSCG00000025264,ENSSSCG00000025545,ENSSSCG00000036747,ENSSSCG00000040599"
Brain,GO:BP,GO:0031109,microtubule polymerization or depolymerization,0.3966981716455366,105,43,1,0.023255813953488372,4.242303433001107,ENSSSCG00000025545
Brain,GO:BP,GO:0008584,male gonad development,0.3966981716455366,105,43,1,0.023255813953488372,4.242303433001107,ENSSSCG00000027237
Brain,GO:BP,GO:0009628,response to abiotic stimulus,0.3966981716455366,706,43,3,0.06976744186046512,1.892812438237038,"ENSSSCG00000021328,ENSSSCG00000012277,ENSSSCG00000032453"
Brain,GO:BP,GO:0016070,RNA metabolic process,0.39713384699681603,5420,43,15,0.3488372093023256,1.2327726765639748,"ENSSSCG00000018995,ENSSSCG00000013836,ENSSSCG00000028741,ENSSSCG00000012286,ENSSSCG00000025599,ENSSSCG00000012284,ENSSSCG00000012283,ENSSSCG00000012287,ENSSSCG00000012280,ENSSSCG00000028964,ENSSSCG00000027237,ENSSSCG00000025264,ENSSSCG00000032453,ENSSSCG00000036747,ENSSSCG00000021591"
Brain,GO:BP,GO:0016310,phosphorylation,0.39713384699681603,382,43,2,0.046511627906976744,2.3321563375136978,"ENSSSCG00000027237,ENSSSCG00000025545"
Brain,GO:BP,GO:0031333,negative regulation of protein-containing complex assembly,0.39713384699681603,106,43,1,0.023255813953488372,4.202281702501097,ENSSSCG00000025545
Brain,GO:BP,GO:0046546,development of primary male sexual characteristics,0.39713384699681603,106,43,1,0.023255813953488372,4.202281702501097,ENSSSCG00000027237
Brain,GO:BP,GO:0045598,regulation of fat cell differentiation,0.39975737348795815,107,43,1,0.023255813953488372,4.163008041730059,ENSSSCG00000025545
Brain,GO:BP,GO:0050684,regulation of mRNA processing,0.4082384545239633,110,43,1,0.023255813953488372,4.049471458773784,ENSSSCG00000021591
Brain,GO:BP,GO:0016125,sterol metabolic process,0.4082384545239633,110,43,1,0.023255813953488372,4.049471458773784,ENSSSCG00000032768
Brain,GO:BP,GO:1902652,secondary alcohol metabolic process,0.4100880723164899,111,43,1,0.023255813953488372,4.012989733919967,ENSSSCG00000032768
Brain,GO:BP,GO:0006694,steroid biosynthetic process,0.4100880723164899,111,43,1,0.023255813953488372,4.012989733919967,ENSSSCG00000032768
Brain,GO:BP,GO:1901652,response to peptide,0.41049977542496935,727,43,3,0.06976744186046512,1.8381369757845238,"ENSSSCG00000046640,ENSSSCG00000012277,ENSSSCG00000036747"
Brain,GO:BP,GO:0046165,alcohol biosynthetic process,0.41049977542496935,112,43,1,0.023255813953488372,3.977159468438538,ENSSSCG00000032768
Brain,GO:BP,GO:0034097,response to cytokine,0.41049977542496935,726,43,3,0.06976744186046512,1.8406688448971749,"ENSSSCG00000046640,ENSSSCG00000012277,ENSSSCG00000036747"
Brain,GO:BP,GO:0048285,organelle fission,0.41049977542496935,396,43,2,0.046511627906976744,2.249706365985436,"ENSSSCG00000039332,ENSSSCG00000028741"
Brain,GO:BP,GO:0002831,regulation of response to biotic stimulus,0.411124264591399,397,43,2,0.046511627906976744,2.244039599320485,"ENSSSCG00000046640,ENSSSCG00000025264"
Brain,GO:BP,GO:0007266,Rho protein signal transduction,0.4116023556207685,113,43,1,0.023255813953488372,3.9419633669479315,ENSSSCG00000036747
Brain,GO:BP,GO:0050792,regulation of viral process,0.4116023556207685,113,43,1,0.023255813953488372,3.9419633669479315,ENSSSCG00000046640
Brain,KEGG,KEGG:04727,GABAergic synapse,0.411936011636483,91,21,1,0.047619047619047616,4.424908424908425,ENSSSCG00000025981
Brain,KEGG,KEGG:04724,Glutamatergic synapse,0.411936011636483,112,21,1,0.047619047619047616,3.595238095238095,ENSSSCG00000003852
Brain,KEGG,KEGG:04910,Insulin signaling pathway,0.411936011636483,135,21,1,0.047619047619047616,2.9827160493827156,ENSSSCG00000031027
Brain,KEGG,KEGG:04310,Wnt signaling pathway,0.411936011636483,165,21,1,0.047619047619047616,2.44040404040404,ENSSSCG00000024793
Brain,KEGG,KEGG:04213,Longevity regulating pathway - multiple species,0.411936011636483,59,21,1,0.047619047619047616,6.824858757062146,ENSSSCG00000031027
Brain,KEGG,KEGG:04066,HIF-1 signaling pathway,0.411936011636483,107,21,1,0.047619047619047616,3.763239875389408,ENSSSCG00000012277
Brain,KEGG,KEGG:04068,FoxO signaling pathway,0.411936011636483,130,21,1,0.047619047619047616,3.097435897435897,ENSSSCG00000031027
Brain,KEGG,KEGG:04137,Mitophagy - animal,0.411936011636483,98,21,1,0.047619047619047616,4.108843537414966,ENSSSCG00000012287
Brain,KEGG,KEGG:04721,Synaptic vesicle cycle,0.411936011636483,76,21,1,0.047619047619047616,5.298245614035087,ENSSSCG00000003852
Brain,KEGG,KEGG:04666,Fc gamma R-mediated phagocytosis,0.411936011636483,91,21,1,0.047619047619047616,4.424908424908425,ENSSSCG00000036747
Brain,KEGG,KEGG:04622,RIG-I-like receptor signaling pathway,0.411936011636483,70,21,1,0.047619047619047616,5.7523809523809515,ENSSSCG00000021934
Brain,KEGG,KEGG:04613,Neutrophil extracellular trap formation,0.411936011636483,163,21,1,0.047619047619047616,2.4703476482617583,ENSSSCG00000025545
Brain,KEGG,KEGG:04062,Chemokine signaling pathway,0.411936011636483,175,21,1,0.047619047619047616,2.300952380952381,ENSSSCG00000036747
Brain,KEGG,KEGG:04022,cGMP-PKG signaling pathway,0.411936011636483,165,21,1,0.047619047619047616,2.44040404040404,ENSSSCG00000031027
Brain,KEGG,KEGG:05034,Alcoholism,0.411936011636483,161,21,1,0.047619047619047616,2.5010351966873703,ENSSSCG00000025545
Brain,KEGG,KEGG:04923,Regulation of lipolysis in adipocytes,0.411936011636483,56,21,1,0.047619047619047616,7.19047619047619,ENSSSCG00000031027
Brain,KEGG,KEGG:04211,Longevity regulating pathway,0.411936011636483,89,21,1,0.047619047619047616,4.52434456928839,ENSSSCG00000031027
Brain,KEGG,KEGG:00100,Steroid biosynthesis,0.411936011636483,20,21,1,0.047619047619047616,20.133333333333333,ENSSSCG00000032768
Brain,KEGG,KEGG:00260,"Glycine, serine and threonine metabolism",0.411936011636483,41,21,1,0.047619047619047616,9.821138211382113,ENSSSCG00000005740
Brain,KEGG,KEGG:00310,Lysine degradation,0.411936011636483,62,21,1,0.047619047619047616,6.494623655913978,ENSSSCG00000032453
Brain,KEGG,KEGG:04152,AMPK signaling pathway,0.411936011636483,122,21,1,0.047619047619047616,3.300546448087432,ENSSSCG00000031027
Brain,KEGG,KEGG:00512,Mucin type O-glycan biosynthesis,0.411936011636483,35,21,1,0.047619047619047616,11.504761904761903,ENSSSCG00000005379
Brain,KEGG,KEGG:00514,Other types of O-glycan biosynthesis,0.411936011636483,46,21,1,0.047619047619047616,8.753623188405797,ENSSSCG00000005379
Brain,KEGG,KEGG:05231,Choline metabolism in cancer,0.411936011636483,96,21,1,0.047619047619047616,4.194444444444445,ENSSSCG00000036747
Brain,KEGG,KEGG:05221,Acute myeloid leukemia,0.411936011636483,66,21,1,0.047619047619047616,6.1010101010101,ENSSSCG00000028964
Brain,KEGG,KEGG:04920,Adipocytokine signaling pathway,0.411936011636483,73,21,1,0.047619047619047616,5.5159817351598175,ENSSSCG00000031027
Brain,KEGG,KEGG:05211,Renal cell carcinoma,0.411936011636483,67,21,1,0.047619047619047616,6.009950248756218,ENSSSCG00000012287
Brain,KEGG,KEGG:04520,Adherens junction,0.411936011636483,92,21,1,0.047619047619047616,4.3768115942028984,ENSSSCG00000036747
Brain,KEGG,KEGG:05135,Yersinia infection,0.411936011636483,132,21,1,0.047619047619047616,3.05050505050505,ENSSSCG00000036747
Brain,KEGG,KEGG:04140,Autophagy - animal,0.411936011636483,162,21,1,0.047619047619047616,2.48559670781893,ENSSSCG00000031027
Brain,KEGG,KEGG:04930,Type II diabetes mellitus,0.411936011636483,46,21,1,0.047619047619047616,8.753623188405797,ENSSSCG00000031027
Brain,KEGG,KEGG:00910,Nitrogen metabolism,0.411936011636483,16,21,1,0.047619047619047616,25.166666666666664,ENSSSCG00000006141
Brain,KEGG,KEGG:01100,Metabolic pathways,0.411936011636483,1498,21,5,0.23809523809523808,1.344014241210503,"ENSSSCG00000005379,ENSSSCG00000005740,ENSSSCG00000006141,ENSSSCG00000032768,ENSSSCG00000032453"
Brain,KEGG,KEGG:05202,Transcriptional misregulation in cancer,0.411936011636483,174,21,1,0.047619047619047616,2.3141762452107275,ENSSSCG00000012287
Brain,KEGG,KEGG:03040,Spliceosome,0.411936011636483,122,21,1,0.047619047619047616,3.300546448087432,ENSSSCG00000025264
Brain,KEGG,KEGG:04935,"Growth hormone synthesis, secretion and action",0.411936011636483,117,21,1,0.047619047619047616,3.441595441595441,ENSSSCG00000031027
Brain,KEGG,KEGG:04530,Tight junction,0.411936011636483,160,21,1,0.047619047619047616,2.5166666666666666,ENSSSCG00000036747
Brain,GO:BP,GO:0006997,nucleus organization,0.4119847706378576,114,43,1,0.023255813953488372,3.907384740922072,ENSSSCG00000032453
Brain,GO:BP,GO:0032640,tumor necrosis factor production,0.4119847706378576,114,43,1,0.023255813953488372,3.907384740922072,ENSSSCG00000046640
Brain,GO:BP,GO:0032680,regulation of tumor necrosis factor production,0.4119847706378576,114,43,1,0.023255813953488372,3.907384740922072,ENSSSCG00000046640
Brain,GO:BP,GO:0050680,negative regulation of epithelial cell proliferation,0.4119847706378576,114,43,1,0.023255813953488372,3.907384740922072,ENSSSCG00000023759
Brain,REAC,REAC:R-SSC-1296071,Potassium Channels,0.4122594391238853,86,19,1,0.05263157894736842,4.769889840881272,ENSSSCG00000028284
Brain,GO:BP,GO:0010629,negative regulation of gene expression,0.41283408386208703,1090,43,4,0.09302325581395349,1.6346490292297844,"ENSSSCG00000046640,ENSSSCG00000028741,ENSSSCG00000025545,ENSSSCG00000032453"
Brain,GO:BP,GO:0060341,regulation of cellular localization,0.41305276952170694,736,43,3,0.06976744186046512,1.815659757330637,"ENSSSCG00000039332,ENSSSCG00000021106,ENSSSCG00000025545"
Brain,GO:BP,GO:0006888,endoplasmic reticulum to Golgi vesicle-mediated transport,0.41305276952170694,115,43,1,0.023255813953488372,3.873407482305359,ENSSSCG00000039332
Brain,KEGG,KEGG:05203,Viral carcinogenesis,0.4141827471613723,182,21,1,0.047619047619047616,2.2124542124542126,ENSSSCG00000025545
Brain,GO:BP,GO:0051254,positive regulation of RNA metabolic process,0.4144014051006624,1474,43,5,0.11627906976744186,1.5109968129752926,"ENSSSCG00000012287,ENSSSCG00000028964,ENSSSCG00000027237,ENSSSCG00000036747,ENSSSCG00000021591"
Brain,GO:BP,GO:0050730,regulation of peptidyl-tyrosine phosphorylation,0.4144014051006624,119,43,1,0.023255813953488372,3.7432089114715654,ENSSSCG00000027237
Brain,GO:BP,GO:0090090,negative regulation of canonical Wnt signaling pathway,0.4144014051006624,118,43,1,0.023255813953488372,3.774931020890816,ENSSSCG00000021934
Brain,GO:BP,GO:1904375,regulation of protein localization to cell periphery,0.4144014051006624,117,43,1,0.023255813953488372,3.8071953885907375,ENSSSCG00000021106
Brain,GO:BP,GO:0071706,tumor necrosis factor superfamily cytokine production,0.4144014051006624,118,43,1,0.023255813953488372,3.774931020890816,ENSSSCG00000046640
Brain,GO:BP,GO:1903555,regulation of tumor necrosis factor superfamily cytokine production,0.4144014051006624,118,43,1,0.023255813953488372,3.774931020890816,ENSSSCG00000046640
Brain,GO:BP,GO:0000018,regulation of DNA recombination,0.4144014051006624,118,43,1,0.023255813953488372,3.774931020890816,ENSSSCG00000036747
Brain,GO:BP,GO:0000902,cell morphogenesis,0.4144014051006624,745,43,3,0.06976744186046512,1.7937256126112064,"ENSSSCG00000027237,ENSSSCG00000025264,ENSSSCG00000025545"
Brain,GO:BP,GO:0000302,response to reactive oxygen species,0.4144014051006624,117,43,1,0.023255813953488372,3.8071953885907375,ENSSSCG00000025545
Brain,GO:BP,GO:0007098,centrosome cycle,0.4144014051006624,119,43,1,0.023255813953488372,3.7432089114715654,ENSSSCG00000012280
Brain,GO:BP,GO:0001959,regulation of cytokine-mediated signaling pathway,0.4144014051006624,119,43,1,0.023255813953488372,3.7432089114715654,ENSSSCG00000046640
Brain,GO:BP,GO:0009059,macromolecule biosynthetic process,0.4144014051006624,7644,43,20,0.46511627906976744,1.1654679760992055,"ENSSSCG00000005379,ENSSSCG00000039332,ENSSSCG00000018995,ENSSSCG00000046640,ENSSSCG00000013836,ENSSSCG00000028741,ENSSSCG00000012286,ENSSSCG00000025599,ENSSSCG00000012284,ENSSSCG00000012283,ENSSSCG00000012287,ENSSSCG00000012280,ENSSSCG00000028964,ENSSSCG00000027237,ENSSSCG00000025264,ENSSSCG00000021328,ENSSSCG00000025545,ENSSSCG00000032453,ENSSSCG00000036747,ENSSSCG00000021591"
Brain,GO:BP,GO:0002181,cytoplasmic translation,0.4144014051006624,117,43,1,0.023255813953488372,3.8071953885907375,ENSSSCG00000025599
Brain,GO:BP,GO:0001890,placenta development,0.4144014051006624,119,43,1,0.023255813953488372,3.7432089114715654,ENSSSCG00000028741
Brain,GO:BP,GO:0010648,negative regulation of cell communication,0.4144014051006624,1102,43,4,0.09302325581395349,1.6168488583125817,"ENSSSCG00000014039,ENSSSCG00000046640,ENSSSCG00000027237,ENSSSCG00000021934"
Brain,GO:BP,GO:0023057,negative regulation of signaling,0.4144014051006624,1106,43,4,0.09302325581395349,1.6110013036713065,"ENSSSCG00000014039,ENSSSCG00000046640,ENSSSCG00000027237,ENSSSCG00000021934"
Brain,GO:BP,GO:0051234,establishment of localization,0.4144719012175111,3857,43,11,0.2558139534883721,1.2703812458170285,"ENSSSCG00000039332,ENSSSCG00000014039,ENSSSCG00000003852,ENSSSCG00000028284,ENSSSCG00000021106,ENSSSCG00000025981,ENSSSCG00000024793,ENSSSCG00000024841,ENSSSCG00000022647,ENSSSCG00000025545,ENSSSCG00000036747"
Brain,GO:BP,GO:2001236,regulation of extrinsic apoptotic signaling pathway,0.41471078316003934,120,43,1,0.023255813953488372,3.712015503875969,ENSSSCG00000027237
Brain,GO:BP,GO:0018212,peptidyl-tyrosine modification,0.41471078316003934,120,43,1,0.023255813953488372,3.712015503875969,ENSSSCG00000027237
Brain,GO:BP,GO:0018108,peptidyl-tyrosine phosphorylation,0.41471078316003934,120,43,1,0.023255813953488372,3.712015503875969,ENSSSCG00000027237
Brain,GO:BP,GO:0001508,action potential,0.4170438715367525,121,43,1,0.023255813953488372,3.6813376897943493,ENSSSCG00000028284
Brain,GO:BP,GO:0051493,regulation of cytoskeleton organization,0.41787558551311976,416,43,2,0.046511627906976744,2.1415474060822897,"ENSSSCG00000025545,ENSSSCG00000036747"
Brain,GO:BP,GO:0120035,regulation of plasma membrane bounded cell projection organization,0.41826136022139643,418,43,2,0.046511627906976744,2.131300767775676,"ENSSSCG00000025264,ENSSSCG00000036747"
Brain,GO:BP,GO:0070646,protein modification by small protein removal,0.41826136022139643,123,43,1,0.023255813953488372,3.6214785403667986,ENSSSCG00000021934
Brain,GO:BP,GO:0034654,nucleobase-containing compound biosynthetic process,0.41826136022139643,5545,43,15,0.3488372093023256,1.204982489986789,"ENSSSCG00000018995,ENSSSCG00000013836,ENSSSCG00000028741,ENSSSCG00000012286,ENSSSCG00000025599,ENSSSCG00000012284,ENSSSCG00000012283,ENSSSCG00000012287,ENSSSCG00000012280,ENSSSCG00000028964,ENSSSCG00000027237,ENSSSCG00000025264,ENSSSCG00000032453,ENSSSCG00000036747,ENSSSCG00000021591"
Brain,GO:BP,GO:0051241,negative regulation of multicellular organismal process,0.41826136022139643,758,43,3,0.06976744186046512,1.7629625084371356,"ENSSSCG00000046640,ENSSSCG00000027237,ENSSSCG00000012277"
Brain,GO:BP,GO:0046661,male sex differentiation,0.41826136022139643,123,43,1,0.023255813953488372,3.6214785403667986,ENSSSCG00000027237
Brain,GO:BP,GO:0009411,response to UV,0.41826136022139643,123,43,1,0.023255813953488372,3.6214785403667986,ENSSSCG00000012277
Brain,GO:BP,GO:0007030,Golgi organization,0.4191867704241666,124,43,1,0.023255813953488372,3.5922730682670667,ENSSSCG00000039332
Brain,GO:BP,GO:0008033,tRNA processing,0.4191867704241666,124,43,1,0.023255813953488372,3.5922730682670667,ENSSSCG00000025599
Brain,GO:BP,GO:0010970,transport along microtubule,0.4191867704241666,124,43,1,0.023255813953488372,3.5922730682670667,ENSSSCG00000025545
Brain,GO:BP,GO:0061572,actin filament bundle organization,0.4202434754023962,130,43,1,0.023255813953488372,3.4264758497316636,ENSSSCG00000036747
Brain,GO:BP,GO:2000145,regulation of cell motility,0.4202434754023962,764,43,3,0.06976744186046512,1.7491172531352732,"ENSSSCG00000025545,ENSSSCG00000012277,ENSSSCG00000036747"
Brain,GO:BP,GO:0048667,cell morphogenesis involved in neuron differentiation,0.4202434754023962,433,43,2,0.046511627906976744,2.0574681776679737,"ENSSSCG00000025264,ENSSSCG00000025545"
Brain,GO:BP,GO:0043412,macromolecule modification,0.4202434754023962,1507,43,5,0.11627906976744186,1.477909291523279,"ENSSSCG00000005379,ENSSSCG00000025599,ENSSSCG00000027237,ENSSSCG00000025545,ENSSSCG00000021934"
Brain,GO:BP,GO:0031344,regulation of cell projection organization,0.4202434754023962,424,43,2,0.046511627906976744,2.1011408512505483,"ENSSSCG00000025264,ENSSSCG00000036747"
Brain,GO:BP,GO:0032197,retrotransposition,0.4202434754023962,128,43,1,0.023255813953488372,3.480014534883721,ENSSSCG00000028741
Brain,GO:BP,GO:0006575,modified amino acid metabolic process,0.4202434754023962,129,43,1,0.023255813953488372,3.453037678024157,ENSSSCG00000005740
Brain,GO:BP,GO:0009966,regulation of signal transduction,0.4202434754023962,2290,43,7,0.16279069767441862,1.3616126739108358,"ENSSSCG00000039984,ENSSSCG00000014039,ENSSSCG00000046640,ENSSSCG00000028964,ENSSSCG00000027237,ENSSSCG00000021934,ENSSSCG00000012277"
Brain,GO:BP,GO:0031023,microtubule organizing center organization,0.4202434754023962,128,43,1,0.023255813953488372,3.480014534883721,ENSSSCG00000012280
Brain,GO:BP,GO:0030832,regulation of actin filament length,0.4202434754023962,129,43,1,0.023255813953488372,3.453037678024157,ENSSSCG00000036747
Brain,GO:BP,GO:0010508,positive regulation of autophagy,0.4202434754023962,130,43,1,0.023255813953488372,3.4264758497316636,ENSSSCG00000028964
Brain,GO:BP,GO:1901699,cellular response to nitrogen compound,0.4202434754023962,425,43,2,0.046511627906976744,2.096196990424077,"ENSSSCG00000031027,ENSSSCG00000025264"
Brain,GO:BP,GO:0051174,regulation of phosphorus metabolic process,0.4202434754023962,433,43,2,0.046511627906976744,2.0574681776679737,"ENSSSCG00000027237,ENSSSCG00000025545"
Brain,GO:BP,GO:0032196,transposition,0.4202434754023962,130,43,1,0.023255813953488372,3.4264758497316636,ENSSSCG00000028741
Brain,GO:BP,GO:0048588,developmental cell growth,0.4202434754023962,126,43,1,0.023255813953488372,3.535252860834256,ENSSSCG00000025545
Brain,GO:BP,GO:0051248,negative regulation of protein metabolic process,0.4202434754023962,430,43,2,0.046511627906976744,2.0718226068144943,"ENSSSCG00000025545,ENSSSCG00000012277"
Brain,GO:BP,GO:0010467,gene expression,0.4202434754023962,7313,43,19,0.4418604651162791,1.15730826594246,"ENSSSCG00000039332,ENSSSCG00000018995,ENSSSCG00000046640,ENSSSCG00000013836,ENSSSCG00000028741,ENSSSCG00000012286,ENSSSCG00000025599,ENSSSCG00000012284,ENSSSCG00000012283,ENSSSCG00000012287,ENSSSCG00000012280,ENSSSCG00000028964,ENSSSCG00000027237,ENSSSCG00000025264,ENSSSCG00000021328,ENSSSCG00000025545,ENSSSCG00000032453,ENSSSCG00000036747,ENSSSCG00000021591"
Brain,GO:BP,GO:0051650,establishment of vesicle localization,0.4202434754023962,127,43,1,0.023255813953488372,3.507416224134774,ENSSSCG00000039332
Brain,GO:BP,GO:0008064,regulation of actin polymerization or depolymerization,0.4202434754023962,129,43,1,0.023255813953488372,3.453037678024157,ENSSSCG00000036747
Brain,GO:BP,GO:0051246,regulation of protein metabolic process,0.4202434754023962,1137,43,4,0.09302325581395349,1.567077785277454,"ENSSSCG00000027237,ENSSSCG00000025545,ENSSSCG00000012277,ENSSSCG00000021591"
Brain,GO:BP,GO:0019220,regulation of phosphate metabolic process,0.4202434754023962,432,43,2,0.046511627906976744,2.0622308354866496,"ENSSSCG00000027237,ENSSSCG00000025545"
Brain,GO:BP,GO:0060759,regulation of response to cytokine stimulus,0.4202434754023962,129,43,1,0.023255813953488372,3.453037678024157,ENSSSCG00000046640
Brain,GO:BP,GO:0051017,actin filament bundle assembly,0.4202434754023962,127,43,1,0.023255813953488372,3.507416224134774,ENSSSCG00000036747
Brain,GO:BP,GO:0098876,vesicle-mediated transport to the plasma membrane,0.4202434754023962,128,43,1,0.023255813953488372,3.480014534883721,ENSSSCG00000021106
Brain,GO:BP,GO:0032006,regulation of TOR signaling,0.4202434754023962,125,43,1,0.023255813953488372,3.5635348837209304,ENSSSCG00000021934
Brain,GO:BP,GO:1901135,carbohydrate derivative metabolic process,0.42333905794814114,783,43,3,0.06976744186046512,1.706673794885503,"ENSSSCG00000005379,ENSSSCG00000024793,ENSSSCG00000027237"
Brain,GO:BP,GO:0070507,regulation of microtubule cytoskeleton organization,0.42408718495845,132,43,1,0.023255813953488372,3.3745595489781537,ENSSSCG00000025545
Brain,REAC,REAC:R-SSC-977606,Regulation of Complement cascade,0.4244761205687103,112,19,1,0.05263157894736842,3.6625939849624056,ENSSSCG00000012278
Brain,REAC,REAC:R-SSC-381426,Regulation of Insulin-like Growth Factor (IGF) transport and uptake by Insulin-like Growth Factor Binding Proteins (IGFBPs),0.4244761205687103,101,19,1,0.05263157894736842,4.061490359562272,ENSSSCG00000012277
Brain,REAC,REAC:R-SSC-166663,Initial triggering of complement,0.4244761205687103,100,19,1,0.05263157894736842,4.1021052631578945,ENSSSCG00000012278
Brain,REAC,REAC:R-SSC-1632852,Macroautophagy,0.4244761205687103,110,19,1,0.05263157894736842,3.729186602870813,ENSSSCG00000025545
Brain,REAC,REAC:R-SSC-114608,Platelet degranulation ,0.4244761205687103,113,19,1,0.05263157894736842,3.630181648812296,ENSSSCG00000012277
Brain,REAC,REAC:R-SSC-8957275,Post-translational protein phosphorylation,0.4244761205687103,95,19,1,0.05263157894736842,4.3180055401662045,ENSSSCG00000012277
Brain,REAC,REAC:R-SSC-9612973,Autophagy,0.4244761205687103,110,19,1,0.05263157894736842,3.729186602870813,ENSSSCG00000025545
Brain,REAC,REAC:R-SSC-8957322,Metabolism of steroids,0.4244761205687103,101,19,1,0.05263157894736842,4.061490359562272,ENSSSCG00000032768
Brain,REAC,REAC:R-SSC-983231,Factors involved in megakaryocyte development and platelet production,0.4244761205687103,105,19,1,0.05263157894736842,3.9067669172932327,ENSSSCG00000027237
Brain,REAC,REAC:R-SSC-212165,Epigenetic regulation of gene expression,0.4244761205687103,99,19,1,0.05263157894736842,4.143540669856459,ENSSSCG00000032453
Brain,GO:BP,GO:0030041,actin filament polymerization,0.42554059350785256,133,43,1,0.023255813953488372,3.349186920790348,ENSSSCG00000036747
Brain,GO:BP,GO:0031214,biomineral tissue development,0.42554059350785256,133,43,1,0.023255813953488372,3.349186920790348,ENSSSCG00000027237
Brain,GO:BP,GO:0048771,tissue remodeling,0.42632615847882366,134,43,1,0.023255813953488372,3.324192988545644,ENSSSCG00000012277
Brain,GO:BP,GO:0000082,G1/S transition of mitotic cell cycle,0.42632615847882366,134,43,1,0.023255813953488372,3.324192988545644,ENSSSCG00000028964
Brain,GO:BP,GO:0006839,mitochondrial transport,0.42632615847882366,134,43,1,0.023255813953488372,3.324192988545644,ENSSSCG00000022647
Brain,GO:BP,GO:0002753,cytoplasmic pattern recognition receptor signaling pathway,0.4284026494555373,135,43,1,0.023255813953488372,3.299569336778639,ENSSSCG00000046640
Brain,REAC,REAC:R-SSC-76005,Response to elevated platelet cytosolic Ca2+,0.42928995907373535,117,19,1,0.05263157894736842,3.506072874493927,ENSSSCG00000012277
Brain,GO:BP,GO:0051641,cellular localization,0.4295952549588573,2731,43,8,0.18604651162790697,1.3048461676019516,"ENSSSCG00000039332,ENSSSCG00000014039,ENSSSCG00000021106,ENSSSCG00000012288,ENSSSCG00000024793,ENSSSCG00000022647,ENSSSCG00000025545,ENSSSCG00000036747"
Brain,GO:BP,GO:0040012,regulation of locomotion,0.4295952549588573,795,43,3,0.06976744186046512,1.680912681000439,"ENSSSCG00000025545,ENSSSCG00000012277,ENSSSCG00000036747"
Brain,GO:BP,GO:0071478,cellular response to radiation,0.4312060157708997,137,43,1,0.023255813953488372,3.2514004413512136,ENSSSCG00000012277
Brain,GO:BP,GO:0050777,negative regulation of immune response,0.4312060157708997,137,43,1,0.023255813953488372,3.2514004413512136,ENSSSCG00000046640
Brain,GO:BP,GO:0051648,vesicle localization,0.4319326021695342,138,43,1,0.023255813953488372,3.227839568587799,ENSSSCG00000039332
Brain,GO:BP,GO:0035725,sodium ion transmembrane transport,0.4319326021695342,138,43,1,0.023255813953488372,3.227839568587799,ENSSSCG00000025981
Brain,GO:BP,GO:2000241,regulation of reproductive process,0.4319326021695342,138,43,1,0.023255813953488372,3.227839568587799,ENSSSCG00000012277
Brain,GO:BP,GO:0007596,blood coagulation,0.43395185722440166,139,43,1,0.023255813953488372,3.2046177011878867,ENSSSCG00000027237
Brain,GO:BP,GO:0009451,RNA modification,0.4359591399923864,140,43,1,0.023255813953488372,3.1817275747508305,ENSSSCG00000025599
Brain,REAC,REAC:R-SSC-166658,Complement cascade,0.43690656751214635,122,19,1,0.05263157894736842,3.362381363244176,ENSSSCG00000012278
Brain,GO:BP,GO:0009267,cellular response to starvation,0.43731155915881464,142,43,1,0.023255813953488372,3.1369145103177205,ENSSSCG00000032453
Brain,GO:BP,GO:0043123,positive regulation of canonical NF-kappaB signal transduction,0.43731155915881464,142,43,1,0.023255813953488372,3.1369145103177205,ENSSSCG00000028964
Brain,GO:BP,GO:0042127,regulation of cell population proliferation,0.43731155915881464,1183,43,4,0.09302325581395349,1.5061432306512808,"ENSSSCG00000028964,ENSSSCG00000027237,ENSSSCG00000012277,ENSSSCG00000023759"
Brain,GO:BP,GO:0007599,hemostasis,0.43731155915881464,142,43,1,0.023255813953488372,3.1369145103177205,ENSSSCG00000027237
Brain,GO:BP,GO:0030178,negative regulation of Wnt signaling pathway,0.43731155915881464,141,43,1,0.023255813953488372,3.1591621309582716,ENSSSCG00000021934
Brain,GO:BP,GO:0048167,regulation of synaptic plasticity,0.43731155915881464,142,43,1,0.023255813953488372,3.1369145103177205,ENSSSCG00000014039
Brain,REAC,REAC:R-SSC-199977,ER to Golgi Anterograde Transport,0.43804706740520954,125,19,1,0.05263157894736842,3.2816842105263158,ENSSSCG00000039332
Brain,GO:BP,GO:0031929,TOR signaling,0.43866816418736526,143,43,1,0.023255813953488372,3.1149780452106035,ENSSSCG00000021934
Brain,GO:BP,GO:0008104,protein localization,0.43866816418736526,1964,43,6,0.13953488372093023,1.3608203476531047,"ENSSSCG00000039332,ENSSSCG00000021106,ENSSSCG00000012288,ENSSSCG00000024793,ENSSSCG00000022647,ENSSSCG00000025545"
Brain,GO:BP,GO:0006006,glucose metabolic process,0.4392524819697309,144,43,1,0.023255813953488372,3.0933462532299743,ENSSSCG00000046640
Brain,GO:BP,GO:0050817,coagulation,0.4392524819697309,145,43,1,0.023255813953488372,3.072012830793905,ENSSSCG00000027237
Brain,GO:BP,GO:0051179,localization,0.4392524819697309,4427,43,12,0.27906976744186046,1.2074321946196964,"ENSSSCG00000039332,ENSSSCG00000014039,ENSSSCG00000003852,ENSSSCG00000028284,ENSSSCG00000021106,ENSSSCG00000025981,ENSSSCG00000012288,ENSSSCG00000024793,ENSSSCG00000024841,ENSSSCG00000022647,ENSSSCG00000025545,ENSSSCG00000036747"
Brain,GO:BP,GO:0051640,organelle localization,0.4392524819697309,462,43,2,0.046511627906976744,1.9283197422732308,"ENSSSCG00000039332,ENSSSCG00000025545"
Brain,GO:BP,GO:0070727,cellular macromolecule localization,0.4392524819697309,1972,43,6,0.13953488372093023,1.355299778291429,"ENSSSCG00000039332,ENSSSCG00000021106,ENSSSCG00000012288,ENSSSCG00000024793,ENSSSCG00000022647,ENSSSCG00000025545"
Brain,GO:BP,GO:0032103,positive regulation of response to external stimulus,0.4392524819697309,463,43,2,0.046511627906976744,1.924154904816917,"ENSSSCG00000046640,ENSSSCG00000025264"
Brain,GO:BP,GO:1905475,regulation of protein localization to membrane,0.4392524819697309,144,43,1,0.023255813953488372,3.0933462532299743,ENSSSCG00000021106
Brain,GO:BP,GO:0051649,establishment of localization in cell,0.4392798635930364,1580,43,5,0.11627906976744186,1.4096261407123933,"ENSSSCG00000039332,ENSSSCG00000014039,ENSSSCG00000021106,ENSSSCG00000025545,ENSSSCG00000036747"
Brain,GO:BP,GO:0001666,response to hypoxia,0.43984778129696467,146,43,1,0.023255813953488372,3.050971647021344,ENSSSCG00000032453
Brain,GO:BP,GO:0030705,cytoskeleton-dependent intracellular transport,0.43984778129696467,147,43,1,0.023255813953488372,3.0302167378579337,ENSSSCG00000025545
Brain,GO:BP,GO:0002684,positive regulation of immune system process,0.43984778129696467,824,43,3,0.06976744186046512,1.6217543463535786,"ENSSSCG00000046640,ENSSSCG00000012278,ENSSSCG00000025264"
Brain,GO:BP,GO:0006282,regulation of DNA repair,0.43984778129696467,147,43,1,0.023255813953488372,3.0302167378579337,ENSSSCG00000036747
Brain,GO:BP,GO:0006836,neurotransmitter transport,0.43984778129696467,147,43,1,0.023255813953488372,3.0302167378579337,ENSSSCG00000003852
Brain,GO:BP,GO:0048812,neuron projection morphogenesis,0.43984778129696467,467,43,2,0.046511627906976744,1.907673920621483,"ENSSSCG00000025264,ENSSSCG00000025545"
Brain,KEGG,KEGG:04015,Rap1 signaling pathway,0.4400496764152399,203,21,1,0.047619047619047616,1.9835796387520523,ENSSSCG00000014039
Brain,GO:BP,GO:0036293,response to decreased oxygen levels,0.4417341761253918,148,43,1,0.023255813953488372,3.009742300439975,ENSSSCG00000032453
Brain,GO:BP,GO:0002706,regulation of lymphocyte mediated immunity,0.44296566647899965,149,43,1,0.023255813953488372,2.9895426876853444,ENSSSCG00000036747
Brain,GO:BP,GO:0032869,cellular response to insulin stimulus,0.44296566647899965,149,43,1,0.023255813953488372,2.9895426876853444,ENSSSCG00000031027
Brain,REAC,REAC:R-SSC-597592,Post-translational protein modification,0.4442967550597404,1096,19,4,0.21052631578947367,1.4971187091817133,"ENSSSCG00000005379,ENSSSCG00000039332,ENSSSCG00000012278,ENSSSCG00000012277"
Brain,GO:BP,GO:0002822,regulation of adaptive immune response based on somatic recombination of immune receptors built from immunoglobulin superfamily domains,0.444828234583335,150,43,1,0.023255813953488372,2.969612403100775,ENSSSCG00000036747
Brain,GO:BP,GO:0015748,organophosphate ester transport,0.4463569790737281,151,43,1,0.023255813953488372,2.949946095795472,ENSSSCG00000024841
Brain,GO:BP,GO:1901137,carbohydrate derivative biosynthetic process,0.4463569790737281,475,43,2,0.046511627906976744,1.8755446756425949,"ENSSSCG00000005379,ENSSSCG00000027237"
Brain,GO:BP,GO:0060560,developmental growth involved in morphogenesis,0.4478734596690253,152,43,1,0.023255813953488372,2.9305385556915544,ENSSSCG00000025545
Brain,REAC,REAC:R-SSC-397014,Muscle contraction,0.4486056998498369,134,19,1,0.05263157894736842,3.06127258444619,ENSSSCG00000028284
Brain,GO:BP,GO:0140013,meiotic nuclear division,0.44891401620543187,154,43,1,0.023255813953488372,2.892479613409846,ENSSSCG00000028741
Brain,GO:BP,GO:0045935,positive regulation of nucleobase-containing compound metabolic process,0.44891401620543187,1612,43,5,0.11627906976744186,1.3816434877950257,"ENSSSCG00000012287,ENSSSCG00000028964,ENSSSCG00000027237,ENSSSCG00000036747,ENSSSCG00000021591"
Brain,GO:BP,GO:0099173,postsynapse organization,0.44891401620543187,153,43,1,0.023255813953488372,2.9113847089223284,ENSSSCG00000025545
Brain,GO:BP,GO:0120039,plasma membrane bounded cell projection morphogenesis,0.44891401620543187,481,43,2,0.046511627906976744,1.8521491079630614,"ENSSSCG00000025264,ENSSSCG00000025545"
Brain,GO:BP,GO:0120032,regulation of plasma membrane bounded cell projection assembly,0.44891401620543187,154,43,1,0.023255813953488372,2.892479613409846,ENSSSCG00000036747
Brain,GO:BP,GO:0099111,microtubule-based transport,0.44891401620543187,153,43,1,0.023255813953488372,2.9113847089223284,ENSSSCG00000025545
Brain,GO:BP,GO:0044843,cell cycle G1/S phase transition,0.44891401620543187,154,43,1,0.023255813953488372,2.892479613409846,ENSSSCG00000028964
Brain,GO:BP,GO:0050821,protein stabilization,0.4512381088682446,156,43,1,0.023255813953488372,2.855396541443053,ENSSSCG00000028964
Brain,GO:BP,GO:0048858,cell projection morphogenesis,0.4512381088682446,484,43,2,0.046511627906976744,1.8406688448971746,"ENSSSCG00000025264,ENSSSCG00000025545"
Brain,GO:BP,GO:0060491,regulation of cell projection assembly,0.4512381088682446,156,43,1,0.023255813953488372,2.855396541443053,ENSSSCG00000036747
Brain,GO:BP,GO:0008154,actin polymerization or depolymerization,0.45542582202665727,158,43,1,0.023255813953488372,2.8192522814247862,ENSSSCG00000036747
Brain,GO:BP,GO:0002819,regulation of adaptive immune response,0.45653518124207343,159,43,1,0.023255813953488372,2.801521135000731,ENSSSCG00000036747
Brain,GO:BP,GO:0000724,double-strand break repair via homologous recombination,0.45653518124207343,159,43,1,0.023255813953488372,2.801521135000731,ENSSSCG00000036747
Brain,GO:BP,GO:0007267,cell-cell signaling,0.4578442510277391,858,43,3,0.06976744186046512,1.5574890226053018,"ENSSSCG00000014039,ENSSSCG00000024793,ENSSSCG00000027237"
Brain,REAC,REAC:R-SSC-8878171,Transcriptional regulation by RUNX1,0.461176863645577,154,19,1,0.05263157894736842,2.6637047163362952,ENSSSCG00000027237
Brain,REAC,REAC:R-SSC-948021,Transport to the Golgi and subsequent modification,0.461176863645577,154,19,1,0.05263157894736842,2.6637047163362952,ENSSSCG00000039332
Brain,REAC,REAC:R-SSC-5617833,Cilium Assembly,0.461176863645577,153,19,1,0.05263157894736842,2.681114551083591,ENSSSCG00000025545
Brain,REAC,REAC:R-SSC-72163,mRNA Splicing - Major Pathway,0.461176863645577,149,19,1,0.05263157894736842,2.753090780642882,ENSSSCG00000025264
Brain,REAC,REAC:R-SSC-72172,mRNA Splicing,0.461176863645577,156,19,1,0.05263157894736842,2.6295546558704452,ENSSSCG00000025264
Brain,REAC,REAC:R-SSC-199991,Membrane Trafficking,0.461176863645577,462,19,2,0.10526315789473684,1.7758031442241968,"ENSSSCG00000039332,ENSSSCG00000040599"
Brain,GO:BP,GO:0000725,recombinational repair,0.4615044856163013,162,43,1,0.023255813953488372,2.7496411139821997,ENSSSCG00000036747
Brain,GO:BP,GO:0030258,lipid modification,0.4615044856163013,163,43,1,0.023255813953488372,2.732772150092738,ENSSSCG00000024793
Brain,GO:BP,GO:0031503,protein-containing complex localization,0.4615044856163013,163,43,1,0.023255813953488372,2.732772150092738,ENSSSCG00000021106
Brain,GO:BP,GO:0002252,immune effector process,0.4615044856163013,496,43,2,0.046511627906976744,1.7961365341335334,"ENSSSCG00000012278,ENSSSCG00000036747"
Brain,GO:BP,GO:0042594,response to starvation,0.4615044856163013,163,43,1,0.023255813953488372,2.732772150092738,ENSSSCG00000032453
Brain,GO:BP,GO:0002521,leukocyte differentiation,0.4615044856163013,497,43,2,0.046511627906976744,1.7925225773244116,"ENSSSCG00000012287,ENSSSCG00000027237"
Brain,GO:BP,GO:0009056,catabolic process,0.46155558998688284,2045,43,6,0.13953488372093023,1.3069198840052312,"ENSSSCG00000005740,ENSSSCG00000039332,ENSSSCG00000028964,ENSSSCG00000025545,ENSSSCG00000012277,ENSSSCG00000040599"
Brain,GO:BP,GO:0042445,hormone metabolic process,0.464894846350494,165,43,1,0.023255813953488372,2.699647639182523,ENSSSCG00000021328
Brain,GO:BP,GO:0048469,cell maturation,0.4652755199905262,166,43,1,0.023255813953488372,2.683384701597086,ENSSSCG00000025545
Brain,GO:BP,GO:0070482,response to oxygen levels,0.4652755199905262,166,43,1,0.023255813953488372,2.683384701597086,ENSSSCG00000032453
Brain,GO:BP,GO:0031032,actomyosin structure organization,0.4652755199905262,166,43,1,0.023255813953488372,2.683384701597086,ENSSSCG00000036747
Brain,GO:BP,GO:0060348,bone development,0.4669431739353669,167,43,1,0.023255813953488372,2.6673165297312353,ENSSSCG00000032768
Brain,GO:BP,GO:0034599,cellular response to oxidative stress,0.4671333455535397,168,43,1,0.023255813953488372,2.6514396456256923,ENSSSCG00000025545
Brain,GO:BP,GO:0099504,synaptic vesicle cycle,0.4671333455535397,168,43,1,0.023255813953488372,2.6514396456256923,ENSSSCG00000021106
Brain,GO:BP,GO:0050789,regulation of biological process,0.4671333455535397,11104,43,27,0.627906976744186,1.0831169157563165,"ENSSSCG00000039332,ENSSSCG00000039984,ENSSSCG00000014039,ENSSSCG00000046640,ENSSSCG00000013836,ENSSSCG00000031027,ENSSSCG00000028741,ENSSSCG00000012286,ENSSSCG00000021106,ENSSSCG00000012284,ENSSSCG00000012283,ENSSSCG00000012287,ENSSSCG00000012280,ENSSSCG00000012278,ENSSSCG00000024793,ENSSSCG00000028964,ENSSSCG00000027237,ENSSSCG00000025264,ENSSSCG00000042563,ENSSSCG00000025545,ENSSSCG00000021934,ENSSSCG00000012277,ENSSSCG00000032453,ENSSSCG00000036747,ENSSSCG00000023759,ENSSSCG00000021591,ENSSSCG00000040599"
Brain,GO:BP,GO:0008406,gonad development,0.4671333455535397,168,43,1,0.023255813953488372,2.6514396456256923,ENSSSCG00000027237
Brain,GO:BP,GO:1901605,alpha-amino acid metabolic process,0.4683007497302272,169,43,1,0.023255813953488372,2.6357506536397413,ENSSSCG00000005740
Brain,GO:BP,GO:0009058,biosynthetic process,0.47194018861576975,8460,43,21,0.4883720930232558,1.1057067458353949,"ENSSSCG00000005379,ENSSSCG00000039332,ENSSSCG00000018995,ENSSSCG00000046640,ENSSSCG00000013836,ENSSSCG00000028741,ENSSSCG00000012286,ENSSSCG00000025599,ENSSSCG00000012284,ENSSSCG00000012283,ENSSSCG00000012287,ENSSSCG00000012280,ENSSSCG00000028964,ENSSSCG00000032768,ENSSSCG00000027237,ENSSSCG00000025264,ENSSSCG00000021328,ENSSSCG00000025545,ENSSSCG00000032453,ENSSSCG00000036747,ENSSSCG00000021591"
Brain,GO:BP,GO:0045137,development of primary sexual characteristics,0.4738273708761491,172,43,1,0.023255813953488372,2.589778258518118,ENSSSCG00000027237
Brain,GO:BP,GO:0031399,regulation of protein modification process,0.4738959697897203,515,43,2,0.046511627906976744,1.7298713027771506,"ENSSSCG00000027237,ENSSSCG00000025545"
Brain,GO:BP,GO:0007611,learning or memory,0.4747816203927566,173,43,1,0.023255813953488372,2.574808441994892,ENSSSCG00000014039
Brain,GO:BP,GO:0033043,regulation of organelle organization,0.47778312954647256,895,43,3,0.06976744186046512,1.4931012082629596,"ENSSSCG00000025545,ENSSSCG00000036747,ENSSSCG00000040599"
Brain,GO:BP,GO:0033500,carbohydrate homeostasis,0.47784823709742613,177,43,1,0.023255813953488372,2.516620680593877,ENSSSCG00000046640
Brain,GO:BP,GO:0016485,protein processing,0.47784823709742613,177,43,1,0.023255813953488372,2.516620680593877,ENSSSCG00000021328
Brain,GO:BP,GO:0015931,nucleobase-containing compound transport,0.47784823709742613,175,43,1,0.023255813953488372,2.5453820598006645,ENSSSCG00000024841
Brain,GO:BP,GO:0071805,potassium ion transmembrane transport,0.47784823709742613,176,43,1,0.023255813953488372,2.530919661733615,ENSSSCG00000028284
Brain,GO:BP,GO:0019318,hexose metabolic process,0.47784823709742613,176,43,1,0.023255813953488372,2.530919661733615,ENSSSCG00000046640
Brain,GO:BP,GO:0042593,glucose homeostasis,0.47784823709742613,177,43,1,0.023255813953488372,2.516620680593877,ENSSSCG00000046640
Brain,GO:BP,GO:0051260,protein homooligomerization,0.47784823709742613,177,43,1,0.023255813953488372,2.516620680593877,ENSSSCG00000028284
Brain,GO:BP,GO:0097191,extrinsic apoptotic signaling pathway,0.47784823709742613,176,43,1,0.023255813953488372,2.530919661733615,ENSSSCG00000027237
Brain,GO:BP,GO:0032868,response to insulin,0.4809459652344306,179,43,1,0.023255813953488372,2.4885020137715994,ENSSSCG00000031027
Brain,GO:BP,GO:2001234,negative regulation of apoptotic signaling pathway,0.4809459652344306,179,43,1,0.023255813953488372,2.4885020137715994,ENSSSCG00000027237
Brain,GO:BP,GO:1903046,meiotic cell cycle process,0.48183015162799814,180,43,1,0.023255813953488372,2.4746770025839795,ENSSSCG00000028741
Brain,GO:BP,GO:0031669,cellular response to nutrient levels,0.48183015162799814,180,43,1,0.023255813953488372,2.4746770025839795,ENSSSCG00000032453
Brain,GO:BP,GO:0051222,positive regulation of protein transport,0.48270476032499493,181,43,1,0.023255813953488372,2.461004753950919,ENSSSCG00000039332
Brain,GO:BP,GO:0090304,nucleic acid metabolic process,0.48270476032499493,5908,43,15,0.3488372093023256,1.130945820409063,"ENSSSCG00000018995,ENSSSCG00000013836,ENSSSCG00000028741,ENSSSCG00000012286,ENSSSCG00000025599,ENSSSCG00000012284,ENSSSCG00000012283,ENSSSCG00000012287,ENSSSCG00000012280,ENSSSCG00000028964,ENSSSCG00000027237,ENSSSCG00000025264,ENSSSCG00000032453,ENSSSCG00000036747,ENSSSCG00000021591"
Brain,GO:BP,GO:0007051,spindle organization,0.4842198383585451,182,43,1,0.023255813953488372,2.4474827498083314,ENSSSCG00000014039
Brain,GO:BP,GO:0006399,tRNA metabolic process,0.4850749578110413,183,43,1,0.023255813953488372,2.434108527131783,ENSSSCG00000025599
Brain,GO:BP,GO:0048585,negative regulation of response to stimulus,0.4850749578110413,1309,43,4,0.09302325581395349,1.361166876898751,"ENSSSCG00000014039,ENSSSCG00000046640,ENSSSCG00000027237,ENSSSCG00000021934"
Brain,GO:BP,GO:0031348,negative regulation of defense response,0.48657124630370147,184,43,1,0.023255813953488372,2.4208796764408493,ENSSSCG00000046640
Brain,GO:BP,GO:0050794,regulation of cellular process,0.4869997207889256,10756,43,26,0.6046511627906976,1.0767467805962276,"ENSSSCG00000039332,ENSSSCG00000039984,ENSSSCG00000014039,ENSSSCG00000046640,ENSSSCG00000013836,ENSSSCG00000031027,ENSSSCG00000028741,ENSSSCG00000012286,ENSSSCG00000021106,ENSSSCG00000012284,ENSSSCG00000012283,ENSSSCG00000012287,ENSSSCG00000012280,ENSSSCG00000024793,ENSSSCG00000028964,ENSSSCG00000027237,ENSSSCG00000025264,ENSSSCG00000042563,ENSSSCG00000025545,ENSSSCG00000021934,ENSSSCG00000012277,ENSSSCG00000032453,ENSSSCG00000036747,ENSSSCG00000023759,ENSSSCG00000021591,ENSSSCG00000040599"
Brain,GO:BP,GO:0045444,fat cell differentiation,0.4874071759820502,185,43,1,0.023255813953488372,2.40779384035198,ENSSSCG00000025545
Brain,GO:BP,GO:0009725,response to hormone,0.49235849453056924,543,43,2,0.046511627906976744,1.6406698359672791,"ENSSSCG00000031027,ENSSSCG00000012277"
Brain,GO:BP,GO:0002703,regulation of leukocyte mediated immunity,0.49392241603145376,189,43,1,0.023255813953488372,2.3568352405561708,ENSSSCG00000036747
Brain,GO:BP,GO:0032496,response to lipopolysaccharide,0.49392241603145376,189,43,1,0.023255813953488372,2.3568352405561708,ENSSSCG00000021934
Brain,GO:BP,GO:0006814,sodium ion transport,0.4947099233491454,190,43,1,0.023255813953488372,2.3444308445532434,ENSSSCG00000025981
Brain,GO:BP,GO:0007033,vacuole organization,0.4947099233491454,190,43,1,0.023255813953488372,2.3444308445532434,ENSSSCG00000012287
Brain,GO:BP,GO:0051054,positive regulation of DNA metabolic process,0.49483408810224555,191,43,1,0.023255813953488372,2.3321563375136978,ENSSSCG00000036747
Brain,GO:BP,GO:0040011,locomotion,0.49483408810224555,933,43,3,0.06976744186046512,1.4322889404023031,"ENSSSCG00000025545,ENSSSCG00000012277,ENSSSCG00000036747"
Brain,GO:BP,GO:0006813,potassium ion transport,0.49483408810224555,191,43,1,0.023255813953488372,2.3321563375136978,ENSSSCG00000028284
Brain,GO:BP,GO:0048762,mesenchymal cell differentiation,0.49625861727393356,192,43,1,0.023255813953488372,2.3200096899224802,ENSSSCG00000021934
Brain,GO:BP,GO:0043413,macromolecule glycosylation,0.49851703830242217,195,43,1,0.023255813953488372,2.284317233154442,ENSSSCG00000005379
Brain,GO:BP,GO:0010647,positive regulation of cell communication,0.49851703830242217,1343,43,4,0.09302325581395349,1.3267069559646054,"ENSSSCG00000039984,ENSSSCG00000014039,ENSSSCG00000028964,ENSSSCG00000021934"
Brain,GO:BP,GO:0099003,vesicle-mediated transport in synapse,0.49851703830242217,194,43,1,0.023255813953488372,2.2960920642531764,ENSSSCG00000021106
Brain,GO:BP,GO:0048468,cell development,0.49851703830242217,2157,43,6,0.13953488372093023,1.2390594171491411,"ENSSSCG00000028741,ENSSSCG00000012287,ENSSSCG00000032768,ENSSSCG00000027237,ENSSSCG00000025264,ENSSSCG00000025545"
Brain,GO:BP,GO:0006486,protein glycosylation,0.49851703830242217,195,43,1,0.023255813953488372,2.284317233154442,ENSSSCG00000005379
Brain,GO:BP,GO:0051239,regulation of multicellular organismal process,0.49851703830242217,2161,43,6,0.13953488372093023,1.236765924475103,"ENSSSCG00000046640,ENSSSCG00000012287,ENSSSCG00000027237,ENSSSCG00000025264,ENSSSCG00000025545,ENSSSCG00000012277"
Brain,GO:BP,GO:0046395,carboxylic acid catabolic process,0.49925292262166576,196,43,1,0.023255813953488372,2.2726625533934506,ENSSSCG00000005740
Brain,GO:BP,GO:0016054,organic acid catabolic process,0.49925292262166576,196,43,1,0.023255813953488372,2.2726625533934506,ENSSSCG00000005740
Brain,GO:BP,GO:0023056,positive regulation of signaling,0.4993303023852077,1348,43,4,0.09302325581395349,1.321785936098268,"ENSSSCG00000039984,ENSSSCG00000014039,ENSSSCG00000028964,ENSSSCG00000021934"
Brain,GO:BP,GO:0050807,regulation of synapse organization,0.4993303023852077,197,43,1,0.023255813953488372,2.2611261952543975,ENSSSCG00000021106
Brain,GO:BP,GO:0005996,monosaccharide metabolic process,0.4993303023852077,197,43,1,0.023255813953488372,2.2611261952543975,ENSSSCG00000046640
Brain,GO:BP,GO:0036211,protein modification process,0.5009541028237253,1352,43,4,0.09302325581395349,1.3178753268198706,"ENSSSCG00000005379,ENSSSCG00000027237,ENSSSCG00000025545,ENSSSCG00000021934"
Brain,REAC,REAC:R-SSC-112315,Transmission across Chemical Synapses,0.501061454072539,176,19,1,0.05263157894736842,2.3307416267942584,ENSSSCG00000003852
Brain,GO:BP,GO:0051321,meiotic cell cycle,0.5020612024201113,199,43,1,0.023255813953488372,2.238401308869931,ENSSSCG00000028741
Brain,REAC,REAC:R-SSC-3247509,Chromatin modifying enzymes,0.5024740210096732,187,19,1,0.05263157894736842,2.193639178159302,ENSSSCG00000032453
Brain,REAC,REAC:R-SSC-1852241,Organelle biogenesis and maintenance,0.5024740210096732,184,19,1,0.05263157894736842,2.2294050343249427,ENSSSCG00000025545
Brain,REAC,REAC:R-SSC-4839726,Chromatin organization,0.5024740210096732,187,19,1,0.05263157894736842,2.193639178159302,ENSSSCG00000032453
Brain,GO:BP,GO:0019058,viral life cycle,0.5027634187588982,200,43,1,0.023255813953488372,2.2272093023255812,ENSSSCG00000046640
Brain,GO:BP,GO:0044281,small molecule metabolic process,0.5027634187588982,1357,43,4,0.09302325581395349,1.3130194855272401,"ENSSSCG00000005740,ENSSSCG00000046640,ENSSSCG00000006141,ENSSSCG00000032768"
Brain,GO:BP,GO:0030336,negative regulation of cell migration,0.5034957813143942,202,43,1,0.023255813953488372,2.205157725074833,ENSSSCG00000012277
Brain,GO:BP,GO:0050803,regulation of synapse structure or activity,0.5034957813143942,201,43,1,0.023255813953488372,2.216128659030429,ENSSSCG00000021106
Brain,GO:BP,GO:0002237,response to molecule of bacterial origin,0.5034957813143942,202,43,1,0.023255813953488372,2.205157725074833,ENSSSCG00000021934
Brain,GO:BP,GO:0001894,tissue homeostasis,0.5034957813143942,202,43,1,0.023255813953488372,2.205157725074833,ENSSSCG00000027237
Brain,GO:BP,GO:0001818,negative regulation of cytokine production,0.5034957813143942,202,43,1,0.023255813953488372,2.205157725074833,ENSSSCG00000046640
Brain,GO:BP,GO:0043122,regulation of canonical NF-kappaB signal transduction,0.5041748618009244,203,43,1,0.023255813953488372,2.194294879138504,ENSSSCG00000028964
Brain,GO:BP,GO:0060249,anatomical structure homeostasis,0.5041748618009244,203,43,1,0.023255813953488372,2.194294879138504,ENSSSCG00000027237
Brain,GO:BP,GO:0001817,regulation of cytokine production,0.5041822666099082,571,43,2,0.046511627906976744,1.560216674133507,"ENSSSCG00000046640,ENSSSCG00000025264"
Brain,GO:BP,GO:0071375,cellular response to peptide hormone stimulus,0.5042013549231161,204,43,1,0.023255813953488372,2.1835385316917466,ENSSSCG00000031027
Brain,GO:BP,GO:0002221,pattern recognition receptor signaling pathway,0.5042013549231161,204,43,1,0.023255813953488372,2.1835385316917466,ENSSSCG00000046640
Brain,GO:BP,GO:0045893,positive regulation of DNA-templated transcription,0.5052155974053094,1371,43,4,0.09302325581395349,1.2996115549675167,"ENSSSCG00000012287,ENSSSCG00000028964,ENSSSCG00000027237,ENSSSCG00000036747"
Brain,GO:BP,GO:0001816,cytokine production,0.5052155974053094,576,43,2,0.046511627906976744,1.5466731266149871,"ENSSSCG00000046640,ENSSSCG00000025264"
Brain,GO:BP,GO:0060284,regulation of cell development,0.5052155974053094,575,43,2,0.046511627906976744,1.5493629929221435,"ENSSSCG00000012287,ENSSSCG00000027237"
Brain,GO:BP,GO:0030036,actin cytoskeleton organization,0.5052155974053094,576,43,2,0.046511627906976744,1.5466731266149871,"ENSSSCG00000025545,ENSSSCG00000036747"
Brain,GO:BP,GO:1902680,positive regulation of RNA biosynthetic process,0.5052155974053094,1373,43,4,0.09302325581395349,1.2977184572909433,"ENSSSCG00000012287,ENSSSCG00000028964,ENSSSCG00000027237,ENSSSCG00000036747"
Brain,GO:BP,GO:0050890,cognition,0.5055305148849518,207,43,1,0.023255813953488372,2.1518930457251995,ENSSSCG00000014039
Brain,GO:BP,GO:0002429,immune response-activating cell surface receptor signaling pathway,0.5055305148849518,207,43,1,0.023255813953488372,2.1518930457251995,ENSSSCG00000046640
Brain,GO:BP,GO:0007548,sex differentiation,0.5068126756254241,208,43,1,0.023255813953488372,2.1415474060822897,ENSSSCG00000027237
Brain,GO:BP,GO:0002758,innate immune response-activating signaling pathway,0.5093545601086763,210,43,1,0.023255813953488372,2.1211517165005533,ENSSSCG00000046640
Brain,GO:BP,GO:0007166,cell surface receptor signaling pathway,0.5093545601086763,2212,43,6,0.13953488372093023,1.20825097775348,"ENSSSCG00000046640,ENSSSCG00000031027,ENSSSCG00000024793,ENSSSCG00000027237,ENSSSCG00000021934,ENSSSCG00000012277"
Brain,GO:BP,GO:0090150,establishment of protein localization to membrane,0.5099720765013447,211,43,1,0.023255813953488372,2.111098864763584,ENSSSCG00000021106
Brain,GO:BP,GO:1904951,positive regulation of establishment of protein localization,0.5099720765013447,211,43,1,0.023255813953488372,2.111098864763584,ENSSSCG00000039332
Brain,GO:BP,GO:0010646,regulation of cell communication,0.5111852765740657,2643,43,7,0.16279069767441862,1.1797552112205123,"ENSSSCG00000039984,ENSSSCG00000014039,ENSSSCG00000046640,ENSSSCG00000028964,ENSSSCG00000027237,ENSSSCG00000021934,ENSSSCG00000012277"
Brain,GO:BP,GO:0032886,regulation of microtubule-based process,0.5111852765740657,212,43,1,0.023255813953488372,2.1011408512505483,ENSSSCG00000025545
Brain,GO:BP,GO:0062197,cellular response to chemical stress,0.5111852765740657,213,43,1,0.023255813953488372,2.0912763402118135,ENSSSCG00000025545
Brain,GO:BP,GO:0060828,regulation of canonical Wnt signaling pathway,0.5111852765740657,213,43,1,0.023255813953488372,2.0912763402118135,ENSSSCG00000021934
Brain,GO:BP,GO:0031347,regulation of defense response,0.511693040585255,589,43,2,0.046511627906976744,1.512536028744028,"ENSSSCG00000046640,ENSSSCG00000025264"
Brain,GO:BP,GO:0023051,regulation of signaling,0.5127114712995495,2649,43,7,0.16279069767441862,1.1770830589867174,"ENSSSCG00000039984,ENSSSCG00000014039,ENSSSCG00000046640,ENSSSCG00000028964,ENSSSCG00000027237,ENSSSCG00000021934,ENSSSCG00000012277"
Brain,GO:BP,GO:0110053,regulation of actin filament organization,0.5130086540089862,215,43,1,0.023255813953488372,2.0718226068144943,ENSSSCG00000036747
Brain,REAC,REAC:R-SSC-109582,Hemostasis,0.5138017703012333,541,19,2,0.10526315789473684,1.516489930927133,"ENSSSCG00000027237,ENSSSCG00000012277"
Brain,GO:BP,GO:0007249,canonical NF-kappaB signal transduction,0.5142290309101675,216,43,1,0.023255813953488372,2.0622308354866496,ENSSSCG00000028964
Brain,GO:BP,GO:0051247,positive regulation of protein metabolic process,0.5145021081220836,594,43,2,0.046511627906976744,1.4998042439902903,"ENSSSCG00000027237,ENSSSCG00000025545"
Brain,GO:BP,GO:0070085,glycosylation,0.5148019528815659,217,43,1,0.023255813953488372,2.052727467581181,ENSSSCG00000005379
Brain,GO:BP,GO:0009719,response to endogenous stimulus,0.5149735394293333,996,43,3,0.06976744186046512,1.341692350798543,"ENSSSCG00000031027,ENSSSCG00000025545,ENSSSCG00000012277"
Brain,GO:BP,GO:1901700,response to oxygen-containing compound,0.5149735394293333,997,43,3,0.06976744186046512,1.3403466212591262,"ENSSSCG00000031027,ENSSSCG00000025545,ENSSSCG00000021934"
Brain,GO:BP,GO:0008202,steroid metabolic process,0.5149735394293333,218,43,1,0.023255813953488372,2.0433112865372305,ENSSSCG00000032768
Brain,GO:BP,GO:0002768,immune response-regulating cell surface receptor signaling pathway,0.5159270556937634,219,43,1,0.023255813953488372,2.0339810980142294,ENSSSCG00000046640
Brain,GO:BP,GO:0080134,regulation of response to stress,0.5177775025494263,1002,43,3,0.06976744186046512,1.3336582648656177,"ENSSSCG00000046640,ENSSSCG00000025264,ENSSSCG00000036747"
Brain,REAC,REAC:R-SSC-71291,Metabolism of amino acids and derivatives,0.517789715653881,210,19,1,0.05263157894736842,1.9533834586466163,ENSSSCG00000005740
Brain,REAC,REAC:R-SSC-5653656,Vesicle-mediated transport,0.517789715653881,556,19,2,0.10526315789473684,1.4755774327906095,"ENSSSCG00000039332,ENSSSCG00000040599"
Brain,REAC,REAC:R-SSC-418594,G alpha (i) signalling events,0.517789715653881,213,19,1,0.05263157894736842,1.9258710155670866,ENSSSCG00000014039
Brain,REAC,REAC:R-SSC-74160,Gene expression (Transcription),0.517789715653881,937,19,3,0.15789473684210525,1.3133741504240857,"ENSSSCG00000027237,ENSSSCG00000025545,ENSSSCG00000032453"
Brain,GO:BP,GO:0034330,cell junction organization,0.5185258335270473,602,43,2,0.046511627906976744,1.4798732905817817,"ENSSSCG00000021106,ENSSSCG00000025545"
Brain,GO:BP,GO:0045165,cell fate commitment,0.521286209059461,223,43,1,0.023255813953488372,1.9974971321305661,ENSSSCG00000027237
Brain,REAC,REAC:R-SSC-72203,Processing of Capped Intron-Containing Pre-mRNA,0.521795980819728,221,19,1,0.05263157894736842,1.8561562276732553,ENSSSCG00000025264
Brain,REAC,REAC:R-SSC-76002,"Platelet activation, signaling and aggregation",0.521795980819728,223,19,1,0.05263157894736842,1.83950908661789,ENSSSCG00000012277
Brain,GO:BP,GO:0051258,protein polymerization,0.5242490935826466,225,43,1,0.023255813953488372,1.9797416020671834,ENSSSCG00000036747
Brain,GO:BP,GO:0051259,protein complex oligomerization,0.5270322454215982,228,43,1,0.023255813953488372,1.953692370461036,ENSSSCG00000028284
Brain,GO:BP,GO:0009416,response to light stimulus,0.5270322454215982,228,43,1,0.023255813953488372,1.953692370461036,ENSSSCG00000012277
Brain,GO:BP,GO:0048608,reproductive structure development,0.5270322454215982,228,43,1,0.023255813953488372,1.953692370461036,ENSSSCG00000027237
Brain,GO:BP,GO:0006605,protein targeting,0.5270322454215982,228,43,1,0.023255813953488372,1.953692370461036,ENSSSCG00000022647
Brain,REAC,REAC:R-SSC-446203,Asparagine N-linked glycosylation,0.5287459196240973,231,19,1,0.05263157894736842,1.7758031442241968,ENSSSCG00000039332
Brain,GO:BP,GO:0104004,cellular response to environmental stimulus,0.5308612990681134,232,43,1,0.023255813953488372,1.920008019246191,ENSSSCG00000012277
Brain,GO:BP,GO:0050878,regulation of body fluid levels,0.5308612990681134,231,43,1,0.023255813953488372,1.9283197422732308,ENSSSCG00000027237
Brain,GO:BP,GO:0072659,protein localization to plasma membrane,0.5308612990681134,232,43,1,0.023255813953488372,1.920008019246191,ENSSSCG00000021106
Brain,GO:BP,GO:0061458,reproductive system development,0.5308612990681134,231,43,1,0.023255813953488372,1.9283197422732308,ENSSSCG00000027237
Brain,GO:BP,GO:0071214,cellular response to abiotic stimulus,0.5308612990681134,232,43,1,0.023255813953488372,1.920008019246191,ENSSSCG00000012277
Brain,GO:BP,GO:0022414,reproductive process,0.5311816029027462,1029,43,3,0.06976744186046512,1.2986643162248288,"ENSSSCG00000028741,ENSSSCG00000027237,ENSSSCG00000012277"
Brain,GO:BP,GO:0042742,defense response to bacterium,0.5313175192844491,233,43,1,0.023255813953488372,1.9117676414811857,ENSSSCG00000046640
Brain,GO:BP,GO:0043066,negative regulation of apoptotic process,0.531772223045436,624,43,2,0.046511627906976744,1.4276982707215264,"ENSSSCG00000028964,ENSSSCG00000027237"
Brain,GO:BP,GO:0060485,mesenchyme development,0.531772223045436,234,43,1,0.023255813953488372,1.9035976942953687,ENSSSCG00000021934
Brain,GO:BP,GO:0045944,positive regulation of transcription by RNA polymerase II,0.5336579166679277,1037,43,3,0.06976744186046512,1.2886456908344732,"ENSSSCG00000012287,ENSSSCG00000027237,ENSSSCG00000036747"
Brain,GO:BP,GO:1902105,regulation of leukocyte differentiation,0.5336579166679277,236,43,1,0.023255813953488372,1.887465510445408,ENSSSCG00000012287
Brain,GO:BP,GO:0042886,amide transport,0.5336579166679277,236,43,1,0.023255813953488372,1.887465510445408,ENSSSCG00000025981
Brain,GO:BP,GO:0008283,cell population proliferation,0.534592155990233,1456,43,4,0.09302325581395349,1.2237413749041657,"ENSSSCG00000028964,ENSSSCG00000027237,ENSSSCG00000012277,ENSSSCG00000023759"
Brain,GO:BP,GO:0000209,protein polyubiquitination,0.5371416967241764,239,43,1,0.023255813953488372,1.8637734747494406,ENSSSCG00000025545
Brain,GO:BP,GO:1903311,regulation of mRNA metabolic process,0.5381973607625247,240,43,1,0.023255813953488372,1.8560077519379845,ENSSSCG00000021591
Brain,GO:BP,GO:0002449,lymphocyte mediated immunity,0.539246716933452,241,43,1,0.023255813953488372,1.8483064749589886,ENSSSCG00000036747
Brain,GO:BP,GO:0030029,actin filament-based process,0.5397951868658983,637,43,2,0.046511627906976744,1.3985615713190462,"ENSSSCG00000025545,ENSSSCG00000036747"
Brain,GO:BP,GO:0002460,adaptive immune response based on somatic recombination of immune receptors built from immunoglobulin superfamily domains,0.5490326023822178,248,43,1,0.023255813953488372,1.7961365341335334,ENSSSCG00000036747
Brain,GO:BP,GO:0006520,amino acid metabolic process,0.5490326023822178,248,43,1,0.023255813953488372,1.7961365341335334,ENSSSCG00000005740
Brain,GO:BP,GO:0006302,double-strand break repair,0.5500342481796762,249,43,1,0.023255813953488372,1.7889231343980574,ENSSSCG00000036747
Brain,GO:BP,GO:0043069,negative regulation of programmed cell death,0.5505054561999587,651,43,2,0.046511627906976744,1.3684849783874542,"ENSSSCG00000028964,ENSSSCG00000027237"
Brain,GO:BP,GO:0098662,inorganic cation transmembrane transport,0.5505054561999587,651,43,2,0.046511627906976744,1.3684849783874542,"ENSSSCG00000028284,ENSSSCG00000025981"
Brain,GO:BP,GO:0043434,response to peptide hormone,0.5513621972935467,251,43,1,0.023255813953488372,1.7746687667932919,ENSSSCG00000031027
Brain,GO:BP,GO:0033036,macromolecule localization,0.5533518614103567,2350,43,6,0.13953488372093023,1.1372983671449777,"ENSSSCG00000039332,ENSSSCG00000021106,ENSSSCG00000012288,ENSSSCG00000024793,ENSSSCG00000022647,ENSSSCG00000025545"
Brain,GO:BP,GO:0032535,regulation of cellular component size,0.5549520369566318,254,43,1,0.023255813953488372,1.753708112067387,ENSSSCG00000036747
Brain,GO:BP,GO:0009306,protein secretion,0.5552590418685519,255,43,1,0.023255813953488372,1.746830825353397,ENSSSCG00000024793
Brain,GO:BP,GO:0048193,Golgi vesicle transport,0.5552590418685519,255,43,1,0.023255813953488372,1.746830825353397,ENSSSCG00000039332
Brain,GO:BP,GO:0071345,cellular response to cytokine stimulus,0.5583451336373426,663,43,2,0.046511627906976744,1.3437160195026132,"ENSSSCG00000046640,ENSSSCG00000036747"
Brain,GO:BP,GO:0048869,cellular developmental process,0.5586851831575946,3235,43,8,0.18604651162790697,1.1015563782754034,"ENSSSCG00000028741,ENSSSCG00000025599,ENSSSCG00000012287,ENSSSCG00000032768,ENSSSCG00000027237,ENSSSCG00000025264,ENSSSCG00000025545,ENSSSCG00000021934"
Brain,GO:BP,GO:0035592,establishment of protein localization to extracellular region,0.5586851831575946,258,43,1,0.023255813953488372,1.7265188390120785,ENSSSCG00000024793
Brain,GO:BP,GO:0010975,regulation of neuron projection development,0.5586851831575946,259,43,1,0.023255813953488372,1.719852743108557,ENSSSCG00000025264
Brain,GO:BP,GO:0030154,cell differentiation,0.5586851831575946,3235,43,8,0.18604651162790697,1.1015563782754034,"ENSSSCG00000028741,ENSSSCG00000025599,ENSSSCG00000012287,ENSSSCG00000032768,ENSSSCG00000027237,ENSSSCG00000025264,ENSSSCG00000025545,ENSSSCG00000021934"
Brain,GO:BP,GO:0008284,positive regulation of cell population proliferation,0.5592401992792843,668,43,2,0.046511627906976744,1.3336582648656177,"ENSSSCG00000027237,ENSSSCG00000012277"
Brain,GO:BP,GO:0006979,response to oxidative stress,0.5592401992792843,260,43,1,0.023255813953488372,1.7132379248658318,ENSSSCG00000025545
Brain,GO:BP,GO:0007155,cell adhesion,0.5610015565682807,1096,43,3,0.06976744186046512,1.2192751655067051,"ENSSSCG00000031916,ENSSSCG00000012287,ENSSSCG00000027237"
Brain,GO:BP,GO:0030111,regulation of Wnt signaling pathway,0.5610015565682807,265,43,1,0.023255813953488372,1.680912681000439,ENSSSCG00000021934
Brain,GO:BP,GO:0006913,nucleocytoplasmic transport,0.5610015565682807,265,43,1,0.023255813953488372,1.680912681000439,ENSSSCG00000014039
Brain,GO:BP,GO:0006066,alcohol metabolic process,0.5610015565682807,262,43,1,0.023255813953488372,1.7001597727676192,ENSSSCG00000032768
Brain,GO:BP,GO:0051169,nuclear transport,0.5610015565682807,265,43,1,0.023255813953488372,1.680912681000439,ENSSSCG00000014039
Brain,GO:BP,GO:0060070,canonical Wnt signaling pathway,0.5610015565682807,264,43,1,0.023255813953488372,1.6872797744890768,ENSSSCG00000021934
Brain,GO:BP,GO:0071692,protein localization to extracellular region,0.5610015565682807,263,43,1,0.023255813953488372,1.6936952869396056,ENSSSCG00000024793
Brain,GO:BP,GO:0098655,monoatomic cation transmembrane transport,0.5610015565682807,676,43,2,0.046511627906976744,1.3178753268198706,"ENSSSCG00000028284,ENSSSCG00000025981"
Brain,GO:BP,GO:0032956,regulation of actin cytoskeleton organization,0.5610015565682807,265,43,1,0.023255813953488372,1.680912681000439,ENSSSCG00000036747
Brain,GO:BP,GO:0003006,developmental process involved in reproduction,0.5631903312386639,679,43,2,0.046511627906976744,1.3120526081446724,"ENSSSCG00000028741,ENSSSCG00000027237"
Brain,GO:BP,GO:1901698,response to nitrogen compound,0.5644248150290441,681,43,2,0.046511627906976744,1.3081992965201652,"ENSSSCG00000031027,ENSSSCG00000025264"
Brain,GO:BP,GO:0006417,regulation of translation,0.5648764643150234,269,43,1,0.023255813953488372,1.6559176968963432,ENSSSCG00000021591
Brain,GO:BP,GO:0016032,viral process,0.5657551566963686,270,43,1,0.023255813953488372,1.6497846683893196,ENSSSCG00000046640
Brain,REAC,REAC:R-SSC-392499,Metabolism of proteins,0.5667146086972822,1434,19,4,0.21052631578947367,1.1442413565293987,"ENSSSCG00000005379,ENSSSCG00000039332,ENSSSCG00000012278,ENSSSCG00000012277"
Brain,GO:BP,GO:0097435,supramolecular fiber organization,0.5680941162796106,687,43,2,0.046511627906976744,1.2967739751531768,"ENSSSCG00000025545,ENSSSCG00000036747"
Brain,GO:BP,GO:0070887,cellular response to chemical stimulus,0.5707794184033765,1549,43,4,0.09302325581395349,1.1502694911946192,"ENSSSCG00000031027,ENSSSCG00000025264,ENSSSCG00000025545,ENSSSCG00000032453"
Brain,GO:BP,GO:0006139,nucleobase-containing compound metabolic process,0.5707794184033765,6355,43,15,0.3488372093023256,1.051396995590361,"ENSSSCG00000018995,ENSSSCG00000013836,ENSSSCG00000028741,ENSSSCG00000012286,ENSSSCG00000025599,ENSSSCG00000012284,ENSSSCG00000012283,ENSSSCG00000012287,ENSSSCG00000012280,ENSSSCG00000028964,ENSSSCG00000027237,ENSSSCG00000025264,ENSSSCG00000032453,ENSSSCG00000036747,ENSSSCG00000021591"
Brain,GO:BP,GO:0045595,regulation of cell differentiation,0.5713875930354393,1120,43,3,0.06976744186046512,1.1931478405315614,"ENSSSCG00000012287,ENSSSCG00000027237,ENSSSCG00000025545"
Brain,GO:BP,GO:0030001,metal ion transport,0.5719811362786776,694,43,2,0.046511627906976744,1.2836941223778566,"ENSSSCG00000028284,ENSSSCG00000025981"
Brain,GO:BP,GO:0016050,vesicle organization,0.5732485753808788,278,43,1,0.023255813953488372,1.6023088505939433,ENSSSCG00000039332
Brain,GO:BP,GO:0032102,negative regulation of response to external stimulus,0.5732485753808788,278,43,1,0.023255813953488372,1.6023088505939433,ENSSSCG00000046640
Brain,GO:BP,GO:0006310,DNA recombination,0.5733050518495082,279,43,1,0.023255813953488372,1.5965658081186962,ENSSSCG00000036747
Brain,GO:BP,GO:0006974,DNA damage response,0.5733050518495082,699,43,2,0.046511627906976744,1.274511760987457,"ENSSSCG00000032453,ENSSSCG00000036747"
Brain,GO:BP,GO:0044282,small molecule catabolic process,0.5733050518495082,279,43,1,0.023255813953488372,1.5965658081186962,ENSSSCG00000005740
Brain,GO:BP,GO:0031175,neuron projection development,0.5774749356134116,705,43,2,0.046511627906976744,1.2636648523833085,"ENSSSCG00000025264,ENSSSCG00000025545"
Brain,GO:BP,GO:0045786,negative regulation of cell cycle,0.5774749356134116,283,43,1,0.023255813953488372,1.573999506943874,ENSSSCG00000032453
Brain,GO:BP,GO:0000278,mitotic cell cycle,0.584072120148237,713,43,2,0.046511627906976744,1.2494862846146317,"ENSSSCG00000014039,ENSSSCG00000028964"
Brain,GO:BP,GO:0016049,cell growth,0.5842040764227049,290,43,1,0.023255813953488372,1.5360064153969526,ENSSSCG00000025545
Brain,GO:BP,GO:1990778,protein localization to cell periphery,0.5842040764227049,290,43,1,0.023255813953488372,1.5360064153969526,ENSSSCG00000021106
Brain,GO:BP,GO:0050678,regulation of epithelial cell proliferation,0.5842040764227049,290,43,1,0.023255813953488372,1.5360064153969526,ENSSSCG00000023759
Brain,GO:BP,GO:0032970,regulation of actin filament-based process,0.5842040764227049,290,43,1,0.023255813953488372,1.5360064153969526,ENSSSCG00000036747
Brain,GO:BP,GO:0030334,regulation of cell migration,0.5863701598554325,720,43,2,0.046511627906976744,1.2373385012919897,"ENSSSCG00000025545,ENSSSCG00000012277"
Brain,GO:BP,GO:0007281,germ cell development,0.5863701598554325,292,43,1,0.023255813953488372,1.525485823510672,ENSSSCG00000028741
Brain,GO:BP,GO:0002697,regulation of immune effector process,0.5893364997208395,295,43,1,0.023255813953488372,1.5099724083563262,ENSSSCG00000036747
Brain,GO:BP,GO:0030522,intracellular receptor signaling pathway,0.5914912653297189,297,43,1,0.023255813953488372,1.4998042439902903,ENSSSCG00000046640
Brain,GO:BP,GO:0002443,leukocyte mediated immunity,0.596421109928292,301,43,1,0.023255813953488372,1.4798732905817817,ENSSSCG00000036747
Brain,GO:BP,GO:0042176,regulation of protein catabolic process,0.5985256248183353,303,43,1,0.023255813953488372,1.4701051500498887,ENSSSCG00000012277
Brain,GO:BP,GO:2001233,regulation of apoptotic signaling pathway,0.5992338714469673,304,43,1,0.023255813953488372,1.4652692778457772,ENSSSCG00000027237
Brain,GO:BP,GO:0098660,inorganic ion transmembrane transport,0.600866533927157,741,43,2,0.046511627906976744,1.2022722279760223,"ENSSSCG00000028284,ENSSSCG00000025981"
Brain,GO:BP,GO:0009967,positive regulation of signal transduction,0.6084656832727259,1193,43,3,0.06976744186046512,1.1201387941285406,"ENSSSCG00000039984,ENSSSCG00000028964,ENSSSCG00000021934"
Brain,GO:BP,GO:0120036,plasma membrane bounded cell projection organization,0.608470163451913,1194,43,3,0.06976744186046512,1.1192006544349655,"ENSSSCG00000025264,ENSSSCG00000025545,ENSSSCG00000036747"
Brain,GO:BP,GO:0009314,response to radiation,0.6087941214142921,313,43,1,0.023255813953488372,1.4231369343933427,ENSSSCG00000012277
Brain,GO:BP,GO:0070647,protein modification by small protein conjugation or removal,0.6093800395708009,754,43,2,0.046511627906976744,1.1815433964591944,"ENSSSCG00000025545,ENSSSCG00000021934"
Brain,GO:BP,GO:0006412,translation,0.612283611883084,759,43,2,0.046511627906976744,1.173759843122836,"ENSSSCG00000025599,ENSSSCG00000021591"
Brain,GO:BP,GO:0022412,cellular process involved in reproduction in multicellular organism,0.612283611883084,317,43,1,0.023255813953488372,1.4051793705524172,ENSSSCG00000028741
Brain,GO:BP,GO:0044772,mitotic cell cycle phase transition,0.6140697856863815,319,43,1,0.023255813953488372,1.3963694685426842,ENSSSCG00000028964
Brain,GO:BP,GO:0030030,cell projection organization,0.6173003485795957,1213,43,3,0.06976744186046512,1.1016698939780285,"ENSSSCG00000025264,ENSSSCG00000025545,ENSSSCG00000036747"
Brain,GO:BP,GO:1901701,cellular response to oxygen-containing compound,0.6178411788480213,768,43,2,0.046511627906976744,1.1600048449612401,"ENSSSCG00000031027,ENSSSCG00000025545"
Brain,GO:BP,GO:0007059,chromosome segregation,0.6224783891164821,327,43,1,0.023255813953488372,1.3622075243581537,ENSSSCG00000014039
Brain,GO:BP,GO:0043254,regulation of protein-containing complex assembly,0.6243692573514568,329,43,1,0.023255813953488372,1.353926627553545,ENSSSCG00000025545
Brain,GO:BP,GO:0044087,regulation of cellular component biogenesis,0.6307495420483793,786,43,2,0.046511627906976744,1.1334398485117463,"ENSSSCG00000025545,ENSSSCG00000036747"
Brain,GO:BP,GO:0043687,post-translational protein modification,0.63087327696202955,787,43,2,0.046511627906976744,1.1319996454005496,"ENSSSCG00000025545,ENSSSCG00000021934"
Brain,KEGG,KEGG:05014,Amyotrophic lateral sclerosis,0.6319290986469489,350,21,1,0.047619047619047616,1.1504761904761904,ENSSSCG00000025545
Brain,GO:BP,GO:0051052,regulation of DNA metabolic process,0.6319363717938636,337,43,1,0.023255813953488372,1.321785936098268,ENSSSCG00000036747
Brain,GO:BP,GO:0032101,regulation of response to external stimulus,0.6319363717938636,790,43,2,0.046511627906976744,1.1277009125699147,"ENSSSCG00000046640,ENSSSCG00000025264"
Brain,GO:BP,GO:0007409,axonogenesis,0.6335902043246425,339,43,1,0.023255813953488372,1.313987788982644,ENSSSCG00000025545
Brain,GO:BP,GO:0033365,protein localization to organelle,0.6346145496664848,795,43,2,0.046511627906976744,1.1206084540002925,"ENSSSCG00000039332,ENSSSCG00000022647"
Brain,GO:BP,GO:0031047,regulatory ncRNA-mediated gene silencing,0.6349091690441453,344,43,1,0.023255813953488372,1.294889129259059,ENSSSCG00000028741
Brain,GO:BP,GO:0043603,amide metabolic process,0.6349091690441453,342,43,1,0.023255813953488372,1.3024615803073576,ENSSSCG00000021328
Brain,GO:BP,GO:0016192,vesicle-mediated transport,0.6349091690441453,1253,43,3,0.06976744186046512,1.0665008630449713,"ENSSSCG00000039332,ENSSSCG00000021106,ENSSSCG00000036747"
Brain,GO:BP,GO:1903829,positive regulation of protein localization,0.6349091690441453,344,43,1,0.023255813953488372,1.294889129259059,ENSSSCG00000039332
Brain,GO:BP,GO:0099177,regulation of trans-synaptic signaling,0.6349091690441453,344,43,1,0.023255813953488372,1.294889129259059,ENSSSCG00000014039
Brain,GO:BP,GO:0050804,modulation of chemical synaptic transmission,0.6349091690441453,344,43,1,0.023255813953488372,1.294889129259059,ENSSSCG00000014039
Brain,GO:BP,GO:0023061,signal release,0.6354405542955782,345,43,1,0.023255813953488372,1.2911358274351197,ENSSSCG00000024793
Brain,GO:BP,GO:0051726,regulation of cell cycle,0.6354790254088145,803,43,2,0.046511627906976744,1.109444235280489,"ENSSSCG00000028964,ENSSSCG00000032453"
Brain,GO:BP,GO:0045785,positive regulation of cell adhesion,0.6356235655131394,347,43,1,0.023255813953488372,1.2836941223778566,ENSSSCG00000012287
Brain,GO:BP,GO:0002250,adaptive immune response,0.6356235655131394,348,43,1,0.023255813953488372,1.2800053461641272,ENSSSCG00000036747
Brain,GO:BP,GO:0042391,regulation of membrane potential,0.6356235655131394,347,43,1,0.023255813953488372,1.2836941223778566,ENSSSCG00000028284
Brain,GO:BP,GO:0002757,immune response-activating signaling pathway,0.6356235655131394,348,43,1,0.023255813953488372,1.2800053461641272,ENSSSCG00000046640
Brain,KEGG,KEGG:05010,Alzheimer disease,0.6365532205329221,368,21,1,0.047619047619047616,1.0942028985507246,ENSSSCG00000031027
Brain,REAC,REAC:R-SSC-212436,Generic Transcription Pathway,0.642454904041358,731,19,2,0.10526315789473684,1.1223270213838288,"ENSSSCG00000027237,ENSSSCG00000025545"
Brain,GO:BP,GO:0050673,epithelial cell proliferation,0.6429084076568338,357,43,1,0.023255813953488372,1.2477363038238551,ENSSSCG00000023759
Brain,GO:BP,GO:0007005,mitochondrion organization,0.6429084076568338,355,43,1,0.023255813953488372,1.254765804127088,ENSSSCG00000028964
Brain,GO:BP,GO:0080135,regulation of cellular response to stress,0.6429084076568338,357,43,1,0.023255813953488372,1.2477363038238551,ENSSSCG00000036747
Brain,GO:BP,GO:0001775,cell activation,0.6429084076568338,819,43,2,0.046511627906976744,1.087770111025925,"ENSSSCG00000027237,ENSSSCG00000036747"
Brain,GO:BP,GO:0000280,nuclear division,0.6429084076568338,356,43,1,0.023255813953488372,1.2512411810817872,ENSSSCG00000028741
Brain,GO:BP,GO:0072594,establishment of protein localization to organelle,0.6431727570382747,359,43,1,0.023255813953488372,1.240785126643778,ENSSSCG00000022647
Brain,GO:BP,GO:0090066,regulation of anatomical structure size,0.6431727570382747,359,43,1,0.023255813953488372,1.240785126643778,ENSSSCG00000036747
Brain,GO:BP,GO:0034220,monoatomic ion transmembrane transport,0.6431727570382747,823,43,2,0.046511627906976744,1.0824832575093954,"ENSSSCG00000028284,ENSSSCG00000025981"
Brain,GO:BP,GO:0007264,small GTPase-mediated signal transduction,0.6436473441818359,360,43,1,0.023255813953488372,1.2373385012919897,ENSSSCG00000036747
Brain,GO:BP,GO:0022008,neurogenesis,0.6445161170363913,1288,43,3,0.06976744186046512,1.0375198613317924,"ENSSSCG00000025599,ENSSSCG00000025264,ENSSSCG00000025545"
Brain,GO:BP,GO:0001701,in utero embryonic development,0.6454686139346072,363,43,1,0.023255813953488372,1.2271125632647832,ENSSSCG00000027237
Brain,GO:BP,GO:0048666,neuron development,0.6454686139346072,830,43,2,0.046511627906976744,1.0733538806388343,"ENSSSCG00000025264,ENSSSCG00000025545"
Brain,GO:BP,GO:0030163,protein catabolic process,0.6470621520011094,833,43,2,0.046511627906976744,1.0694882604204472,"ENSSSCG00000025545,ENSSSCG00000012277"
Brain,GO:BP,GO:0006812,monoatomic cation transport,0.6509153202535853,839,43,2,0.046511627906976744,1.061839953432935,"ENSSSCG00000028284,ENSSSCG00000025981"
Brain,GO:BP,GO:0044782,cilium organization,0.6521079923440887,371,43,1,0.023255813953488372,1.2006519150003134,ENSSSCG00000025545
Brain,GO:BP,GO:1902533,positive regulation of intracellular signal transduction,0.6525308279379464,843,43,2,0.046511627906976744,1.0568015669397777,"ENSSSCG00000028964,ENSSSCG00000021934"
Brain,GO:BP,GO:0051301,cell division,0.6539446621856969,377,43,1,0.023255813953488372,1.1815433964591944,ENSSSCG00000014039
Brain,GO:BP,GO:0007018,microtubule-based movement,0.6539446621856969,377,43,1,0.023255813953488372,1.1815433964591944,ENSSSCG00000025545
Brain,GO:BP,GO:0048568,embryonic organ development,0.6539446621856969,375,43,1,0.023255813953488372,1.1878449612403101,ENSSSCG00000027237
Brain,GO:BP,GO:0061564,axon development,0.6539446621856969,377,43,1,0.023255813953488372,1.1815433964591944,ENSSSCG00000025545
Brain,GO:BP,GO:0007346,regulation of mitotic cell cycle,0.6539446621856969,377,43,1,0.023255813953488372,1.1815433964591944,ENSSSCG00000028964
Brain,GO:BP,GO:0007283,spermatogenesis,0.6539446621856969,374,43,1,0.023255813953488372,1.191021017286407,ENSSSCG00000028741
Brain,GO:BP,GO:0050793,regulation of developmental process,0.6580535949192565,1789,43,4,0.09302325581395349,0.9959572061824847,"ENSSSCG00000012287,ENSSSCG00000027237,ENSSSCG00000025264,ENSSSCG00000025545"
Brain,GO:BP,GO:0002683,negative regulation of immune system process,0.6580535949192565,382,43,1,0.023255813953488372,1.1660781687568489,ENSSSCG00000046640
Brain,GO:BP,GO:0060627,regulation of vesicle-mediated transport,0.6588365512664403,384,43,1,0.023255813953488372,1.1600048449612401,ENSSSCG00000021106
Brain,GO:BP,GO:0002764,immune response-regulating signaling pathway,0.6588365512664403,384,43,1,0.023255813953488372,1.1600048449612401,ENSSSCG00000046640
Brain,GO:BP,GO:0010817,regulation of hormone levels,0.6603044815892456,386,43,1,0.023255813953488372,1.1539944571635137,ENSSSCG00000021328
Brain,GO:BP,GO:0048232,male gamete generation,0.6649713321834295,391,43,1,0.023255813953488372,1.1392374947956938,ENSSSCG00000028741
Brain,GO:BP,GO:0044770,cell cycle phase transition,0.6758500682516697,402,43,1,0.023255813953488372,1.1080643295152146,ENSSSCG00000028964
Brain,GO:BP,GO:1903131,mononuclear cell differentiation,0.6792737121249551,406,43,1,0.023255813953488372,1.097147439569252,ENSSSCG00000027237
Brain,GO:BP,GO:0050896,response to stimulus,0.6799414432825449,8186,43,18,0.4186046511627907,0.9794714742697402,"ENSSSCG00000039984,ENSSSCG00000014039,ENSSSCG00000046640,ENSSSCG00000006141,ENSSSCG00000031027,ENSSSCG00000012287,ENSSSCG00000012278,ENSSSCG00000024793,ENSSSCG00000028964,ENSSSCG00000027237,ENSSSCG00000025264,ENSSSCG00000021328,ENSSSCG00000042563,ENSSSCG00000025545,ENSSSCG00000021934,ENSSSCG00000012277,ENSSSCG00000032453,ENSSSCG00000036747"
Brain,GO:BP,GO:0016043,cellular component organization,0.6799414432825449,6401,43,14,0.32558139534883723,0.9742518429169861,"ENSSSCG00000039332,ENSSSCG00000014039,ENSSSCG00000028741,ENSSSCG00000028284,ENSSSCG00000021106,ENSSSCG00000012287,ENSSSCG00000012280,ENSSSCG00000012288,ENSSSCG00000028964,ENSSSCG00000025264,ENSSSCG00000025545,ENSSSCG00000032453,ENSSSCG00000036747,ENSSSCG00000040599"
Brain,GO:BP,GO:0051604,protein maturation,0.6832472184825112,412,43,1,0.023255813953488372,1.081169564235719,ENSSSCG00000021328
Brain,GO:BP,GO:0019221,cytokine-mediated signaling pathway,0.6845479484641288,414,43,1,0.023255813953488372,1.0759465228625997,ENSSSCG00000046640
Brain,GO:BP,GO:0001501,skeletal system development,0.6848344064744705,415,43,1,0.023255813953488372,1.0733538806388343,ENSSSCG00000032768
Brain,GO:BP,GO:0030335,positive regulation of cell migration,0.6851180143064619,416,43,1,0.023255813953488372,1.0707737030411448,ENSSSCG00000025545
Brain,GO:BP,GO:0033554,cellular response to stress,0.687970786181644,1394,43,3,0.06976744186046512,0.958626672450035,"ENSSSCG00000025545,ENSSSCG00000032453,ENSSSCG00000036747"
Brain,REAC,REAC:R-SSC-9006934,Signaling by Receptor Tyrosine Kinases,0.6884784461217472,357,19,1,0.05263157894736842,1.1490490933215392,ENSSSCG00000031027
Brain,GO:BP,GO:0048870,cell motility,0.6894781187554612,1398,43,3,0.06976744186046512,0.9558838207405929,"ENSSSCG00000025545,ENSSSCG00000012277,ENSSSCG00000036747"
Brain,GO:BP,GO:0009896,positive regulation of catabolic process,0.6938052606383431,427,43,1,0.023255813953488372,1.043189368770764,ENSSSCG00000028964
Brain,GO:BP,GO:2000147,positive regulation of cell motility,0.7007865674937536,435,43,1,0.023255813953488372,1.0240042769313018,ENSSSCG00000025545
Brain,GO:BP,GO:0042110,T cell activation,0.7038530098341215,439,43,1,0.023255813953488372,1.0146739418339779,ENSSSCG00000036747
Brain,GO:BP,GO:0009987,cellular process,0.7051811037093082,18585,43,42,0.9767441860465116,1.006648272237551,"ENSSSCG00000005379,ENSSSCG00000005740,ENSSSCG00000031916,ENSSSCG00000039332,ENSSSCG00000039984,ENSSSCG00000018995,ENSSSCG00000014039,ENSSSCG00000002967,ENSSSCG00000046640,ENSSSCG00000006141,ENSSSCG00000013836,ENSSSCG00000031027,ENSSSCG00000003651,ENSSSCG00000028741,ENSSSCG00000003852,ENSSSCG00000012286,ENSSSCG00000025599,ENSSSCG00000028284,ENSSSCG00000021106,ENSSSCG00000025981,ENSSSCG00000012284,ENSSSCG00000012283,ENSSSCG00000012287,ENSSSCG00000012280,ENSSSCG00000012288,ENSSSCG00000024793,ENSSSCG00000028964,ENSSSCG00000032768,ENSSSCG00000027237,ENSSSCG00000024841,ENSSSCG00000025264,ENSSSCG00000022647,ENSSSCG00000021328,ENSSSCG00000042563,ENSSSCG00000025545,ENSSSCG00000021934,ENSSSCG00000012277,ENSSSCG00000032453,ENSSSCG00000036747,ENSSSCG00000023759,ENSSSCG00000021591,ENSSSCG00000040599"
Brain,GO:BP,GO:0032870,cellular response to hormone stimulus,0.7054095240966801,443,43,1,0.023255813953488372,1.005512100372723,ENSSSCG00000031027
Brain,GO:BP,GO:0032879,regulation of localization,0.7054095240966801,1435,43,3,0.06976744186046512,0.9312373389514625,"ENSSSCG00000039332,ENSSSCG00000021106,ENSSSCG00000025545"
Brain,GO:BP,GO:0040017,positive regulation of locomotion,0.705608656854025,444,43,1,0.023255813953488372,1.0032474334799917,ENSSSCG00000025545
Brain,GO:BP,GO:0044283,small molecule biosynthetic process,0.7104170576788462,450,43,1,0.023255813953488372,0.9898708010335917,ENSSSCG00000032768
Brain,REAC,REAC:R-SSC-73857,RNA Polymerase II Transcription,0.7111589171189043,832,19,2,0.10526315789473684,0.9860829959514169,"ENSSSCG00000027237,ENSSSCG00000025545"
Brain,GO:BP,GO:0006281,DNA repair,0.7124203160665754,453,43,1,0.023255813953488372,0.9833153652651573,ENSSSCG00000036747
Brain,GO:BP,GO:0005975,carbohydrate metabolic process,0.7134969970069606,455,43,1,0.023255813953488372,0.9789930999233324,ENSSSCG00000046640
Brain,GO:BP,GO:0010256,endomembrane system organization,0.7181474008276181,461,43,1,0.023255813953488372,0.9662513242193412,ENSSSCG00000039332
Brain,GO:BP,GO:0048589,developmental growth,0.7218359219668821,466,43,1,0.023255813953488372,0.9558838207405929,ENSSSCG00000025545
Brain,GO:BP,GO:0007610,behavior,0.7254673192902185,471,43,1,0.023255813953488372,0.9457364341085271,ENSSSCG00000014039
Brain,GO:BP,GO:0071840,cellular component organization or biogenesis,0.7257292421166063,6600,43,14,0.32558139534883723,0.9448766737138831,"ENSSSCG00000039332,ENSSSCG00000014039,ENSSSCG00000028741,ENSSSCG00000028284,ENSSSCG00000021106,ENSSSCG00000012287,ENSSSCG00000012280,ENSSSCG00000012288,ENSSSCG00000028964,ENSSSCG00000025264,ENSSSCG00000025545,ENSSSCG00000032453,ENSSSCG00000036747,ENSSSCG00000040599"
Brain,GO:BP,GO:0097190,apoptotic signaling pathway,0.7291493651380819,477,43,1,0.023255813953488372,0.9338403783335771,ENSSSCG00000027237
Brain,GO:BP,GO:0120031,plasma membrane bounded cell projection assembly,0.737475389140423,490,43,1,0.023255813953488372,0.9090650213573801,ENSSSCG00000036747
Brain,GO:BP,GO:0033993,response to lipid,0.737475389140423,488,43,1,0.023255813953488372,0.9127906976744186,ENSSSCG00000021934
Brain,GO:BP,GO:2000026,regulation of multicellular organismal development,0.737475389140423,1015,43,2,0.046511627906976744,0.8777179516554016,"ENSSSCG00000012287,ENSSSCG00000027237"
Brain,GO:BP,GO:0072657,protein localization to membrane,0.737475389140423,489,43,1,0.023255813953488372,0.9109240500309126,ENSSSCG00000021106
Brain,GO:BP,GO:0006811,monoatomic ion transport,0.740812308985088,1022,43,2,0.046511627906976744,0.8717061848632413,"ENSSSCG00000028284,ENSSSCG00000025981"
Brain,REAC,REAC:R-SSC-6798695,Neutrophil degranulation,0.7423403476548506,425,19,1,0.05263157894736842,0.9652012383900929,ENSSSCG00000012278
Brain,REAC,REAC:R-SSC-2262752,Cellular responses to stress,0.7423403476548506,435,19,1,0.05263157894736842,0.9430127041742287,ENSSSCG00000025545
Brain,REAC,REAC:R-SSC-8953897,Cellular responses to stimuli,0.7423403476548506,440,19,1,0.05263157894736842,0.9322966507177033,ENSSSCG00000025545
Brain,GO:BP,GO:0042981,regulation of apoptotic process,0.7425856596832187,1029,43,2,0.046511627906976744,0.8657762108165525,"ENSSSCG00000028964,ENSSSCG00000027237"
Brain,GO:BP,GO:0030031,cell projection assembly,0.7425856596832187,500,43,1,0.023255813953488372,0.8908837209302326,ENSSSCG00000036747
Brain,GO:BP,GO:0007169,cell surface receptor protein tyrosine kinase signaling pathway,0.7425856596832187,500,43,1,0.023255813953488372,0.8908837209302326,ENSSSCG00000031027
Brain,GO:BP,GO:0007275,multicellular organism development,0.7428171054346265,3461,43,7,0.16279069767441862,0.9009225724518387,"ENSSSCG00000025599,ENSSSCG00000012287,ENSSSCG00000032768,ENSSSCG00000027237,ENSSSCG00000025264,ENSSSCG00000025545,ENSSSCG00000012277"
Brain,GO:BP,GO:0030182,neuron differentiation,0.7448796030385452,1037,43,2,0.046511627906976744,0.8590971272229821,"ENSSSCG00000025264,ENSSSCG00000025545"
Brain,GO:BP,GO:0070848,response to growth factor,0.7448796030385452,506,43,1,0.023255813953488372,0.880319882342127,ENSSSCG00000025545
Brain,KEGG,KEGG:05200,Pathways in cancer,0.7451280921445991,508,21,1,0.047619047619047616,0.7926509186351706,ENSSSCG00000028964
Brain,GO:BP,GO:0006629,lipid metabolic process,0.7475092853747108,1043,43,2,0.046511627906976744,0.854155053624384,"ENSSSCG00000024793,ENSSSCG00000032768"
Brain,GO:BP,GO:0007268,chemical synaptic transmission,0.7511123879480182,519,43,1,0.023255813953488372,0.8582694806649639,ENSSSCG00000014039
Brain,GO:BP,GO:0043933,protein-containing complex organization,0.7511123879480182,2543,43,5,0.11627906976744186,0.8758196234076215,"ENSSSCG00000039332,ENSSSCG00000028284,ENSSSCG00000025545,ENSSSCG00000036747,ENSSSCG00000040599"
Brain,GO:BP,GO:0098916,anterograde trans-synaptic signaling,0.7511123879480182,519,43,1,0.023255813953488372,0.8582694806649639,ENSSSCG00000014039
Brain,GO:BP,GO:0006511,ubiquitin-dependent protein catabolic process,0.7511123879480182,517,43,1,0.023255813953488372,0.8615896720795285,ENSSSCG00000025545
Brain,GO:BP,GO:0099537,trans-synaptic signaling,0.7526426882417903,522,43,1,0.023255813953488372,0.8533368974427514,ENSSSCG00000014039
Brain,GO:BP,GO:0042221,response to chemical,0.7536701011861834,3985,43,8,0.18604651162790697,0.8942371100930816,"ENSSSCG00000046640,ENSSSCG00000031027,ENSSSCG00000025264,ENSSSCG00000025545,ENSSSCG00000021934,ENSSSCG00000012277,ENSSSCG00000032453,ENSSSCG00000036747"
Brain,GO:BP,GO:0019941,modification-dependent protein catabolic process,0.7541109930478781,528,43,1,0.023255813953488372,0.8436398872445384,ENSSSCG00000025545
Brain,GO:BP,GO:0043632,modification-dependent macromolecule catabolic process,0.7541109930478781,529,43,1,0.023255813953488372,0.8420451048489911,ENSSSCG00000025545
Brain,GO:BP,GO:0043067,regulation of programmed cell death,0.7541109930478781,1067,43,2,0.046511627906976744,0.834942568819337,"ENSSSCG00000028964,ENSSSCG00000027237"
Brain,GO:BP,GO:0008610,lipid biosynthetic process,0.7541109930478781,527,43,1,0.023255813953488372,0.8452407219451922,ENSSSCG00000032768
Brain,GO:BP,GO:0007276,gamete generation,0.7548379353714607,531,43,1,0.023255813953488372,0.8388735601979591,ENSSSCG00000028741
Brain,GO:BP,GO:0048856,anatomical structure development,0.7587588328650872,4485,43,9,0.20930232558139536,0.8938632651473906,"ENSSSCG00000028741,ENSSSCG00000025599,ENSSSCG00000012287,ENSSSCG00000032768,ENSSSCG00000027237,ENSSSCG00000025264,ENSSSCG00000025545,ENSSSCG00000021934,ENSSSCG00000012277"
Brain,GO:BP,GO:0099536,synaptic signaling,0.7613143037036967,542,43,1,0.023255813953488372,0.8218484510426499,ENSSSCG00000014039
Brain,GO:BP,GO:0051050,positive regulation of transport,0.7613143037036967,543,43,1,0.023255813953488372,0.8203349179836396,ENSSSCG00000039332
Brain,GO:BP,GO:0051049,regulation of transport,0.761515169261701,1090,43,2,0.046511627906976744,0.8173245146148922,"ENSSSCG00000039332,ENSSSCG00000021106"
Brain,REAC,REAC:R-SSC-8953854,Metabolism of RNA,0.76316115510384,473,19,1,0.05263157894736842,0.8672526983420495,ENSSSCG00000025264
Brain,REAC,REAC:R-SSC-388396,GPCR downstream signalling,0.7641924469003307,485,19,1,0.05263157894736842,0.8457948996201844,ENSSSCG00000014039
Brain,GO:BP,GO:0006954,inflammatory response,0.7668866692266981,553,43,1,0.023255813953488372,0.8055006518356532,ENSSSCG00000012277
Brain,GO:BP,GO:0048699,generation of neurons,0.7687186660489046,1107,43,2,0.046511627906976744,0.8047730089703997,"ENSSSCG00000025264,ENSSSCG00000025545"
Brain,GO:BP,GO:0051668,localization within membrane,0.7763583480495688,569,43,1,0.023255813953488372,0.7828503698859689,ENSSSCG00000021106
Brain,GO:BP,GO:0043009,chordate embryonic development,0.7796043941201348,575,43,1,0.023255813953488372,0.7746814964610718,ENSSSCG00000027237
Brain,GO:BP,GO:0016567,protein ubiquitination,0.7811087021135175,582,43,1,0.023255813953488372,0.7653640214177255,ENSSSCG00000025545
Brain,GO:BP,GO:0009792,embryo development ending in birth or egg hatching,0.7811087021135175,582,43,1,0.023255813953488372,0.7653640214177255,ENSSSCG00000027237
Brain,GO:BP,GO:0009057,macromolecule catabolic process,0.7811087021135175,1137,43,2,0.046511627906976744,0.783538892638727,"ENSSSCG00000025545,ENSSSCG00000012277"
Brain,GO:BP,GO:0022603,regulation of anatomical structure morphogenesis,0.7811087021135175,581,43,1,0.023255813953488372,0.7666813433134532,ENSSSCG00000025264
Brain,GO:BP,GO:0030155,regulation of cell adhesion,0.7816338494460808,584,43,1,0.023255813953488372,0.762742911755336,ENSSSCG00000012287
Brain,GO:BP,GO:0032940,secretion by cell,0.7820209069698346,587,43,1,0.023255813953488372,0.7588447367378471,ENSSSCG00000024793
Brain,GO:BP,GO:1903047,mitotic cell cycle process,0.7820209069698346,586,43,1,0.023255813953488372,0.7601396936264783,ENSSSCG00000028964
Brain,REAC,REAC:R-SSC-372790,Signaling by GPCR,0.7827256664486547,520,19,1,0.05263157894736842,0.7888663967611336,ENSSSCG00000014039
Brain,REAC,REAC:R-SSC-556833,Metabolism of lipids,0.7867232694738144,538,19,1,0.05263157894736842,0.7624730972412442,ENSSSCG00000032768
Brain,REAC,REAC:R-SSC-1430728,Metabolism,0.7888367504356525,1537,19,3,0.15789473684210525,0.8006711639215149,"ENSSSCG00000005740,ENSSSCG00000006141,ENSSSCG00000032768"
Brain,GO:BP,GO:0061024,membrane organization,0.7913446601791344,603,43,1,0.023255813953488372,0.7387095530101431,ENSSSCG00000039332
Brain,GO:BP,GO:0051240,positive regulation of multicellular organismal process,0.7929172748551245,1175,43,2,0.046511627906976744,0.7581989114299851,"ENSSSCG00000046640,ENSSSCG00000025264"
Brain,GO:BP,GO:0045597,positive regulation of cell differentiation,0.7947521501869413,614,43,1,0.023255813953488372,0.7254753427770624,ENSSSCG00000027237
Brain,GO:BP,GO:0006793,phosphorus metabolic process,0.7947521501869413,1186,43,2,0.046511627906976744,0.7511667124200948,"ENSSSCG00000027237,ENSSSCG00000025545"
Brain,GO:BP,GO:0006796,phosphate-containing compound metabolic process,0.7947521501869413,1182,43,2,0.046511627906976744,0.7537087317514657,"ENSSSCG00000027237,ENSSSCG00000025545"
Brain,GO:BP,GO:0046649,lymphocyte activation,0.7947521501869413,614,43,1,0.023255813953488372,0.7254753427770624,ENSSSCG00000036747
Brain,GO:BP,GO:0048609,multicellular organismal reproductive process,0.7951612511408878,617,43,1,0.023255813953488372,0.7219479099920847,ENSSSCG00000028741
Brain,GO:BP,GO:0016477,cell migration,0.7989388261219993,1199,43,2,0.046511627906976744,0.7430222860135384,"ENSSSCG00000025545,ENSSSCG00000012277"
Brain,GO:BP,GO:0040007,growth,0.8006506888070326,629,43,1,0.023255813953488372,0.7081746589270529,ENSSSCG00000025545
Brain,GO:BP,GO:0048513,animal organ development,0.8018631639708684,2264,43,4,0.09302325581395349,0.786999753471937,"ENSSSCG00000028741,ENSSSCG00000032768,ENSSSCG00000027237,ENSSSCG00000021934"
Brain,GO:BP,GO:0051716,cellular response to stimulus,0.8044477932437675,7052,43,14,0.32558139534883723,0.8843145272988695,"ENSSSCG00000039984,ENSSSCG00000014039,ENSSSCG00000046640,ENSSSCG00000031027,ENSSSCG00000024793,ENSSSCG00000028964,ENSSSCG00000027237,ENSSSCG00000025264,ENSSSCG00000042563,ENSSSCG00000025545,ENSSSCG00000021934,ENSSSCG00000012277,ENSSSCG00000032453,ENSSSCG00000036747"
Brain,GO:BP,GO:0032446,protein modification by small protein conjugation,0.8045770689817718,640,43,1,0.023255813953488372,0.6960029069767442,ENSSSCG00000025545
Brain,GO:BP,GO:0140352,export from cell,0.8060322539884516,644,43,1,0.023255813953488372,0.6916799075545284,ENSSSCG00000024793
Brain,GO:BP,GO:0010608,post-transcriptional regulation of gene expression,0.8063568587177187,646,43,1,0.023255813953488372,0.6895384836921306,ENSSSCG00000021591
Brain,GO:BP,GO:0007399,nervous system development,0.8070686523325485,1772,43,3,0.06976744186046512,0.7541340752795422,"ENSSSCG00000025599,ENSSSCG00000025264,ENSSSCG00000025545"
Brain,GO:BP,GO:0051093,negative regulation of developmental process,0.8075373666133996,651,43,1,0.023255813953488372,0.6842424891937271,ENSSSCG00000027237
Brain,GO:BP,GO:0051603,proteolysis involved in protein catabolic process,0.8100107369900208,657,43,1,0.023255813953488372,0.6779936993380765,ENSSSCG00000025545
Brain,GO:BP,GO:0035556,intracellular signal transduction,0.81161560593774,2314,43,4,0.09302325581395349,0.7699945729734076,"ENSSSCG00000046640,ENSSSCG00000028964,ENSSSCG00000021934,ENSSSCG00000036747"
Brain,GO:BP,GO:0019752,carboxylic acid metabolic process,0.811644858772954,663,43,1,0.023255813953488372,0.6718580097513066,ENSSSCG00000005740
Brain,GO:BP,GO:0098657,import into cell,0.8184015832090995,678,43,1,0.023255813953488372,0.656993894491322,ENSSSCG00000003852
Brain,GO:BP,GO:0043436,oxoacid metabolic process,0.8184015832090995,679,43,1,0.023255813953488372,0.6560263040723362,ENSSSCG00000005740
Brain,GO:BP,GO:0046903,secretion,0.820236326134298,686,43,1,0.023255813953488372,0.6493321581124144,ENSSSCG00000024793
Brain,GO:BP,GO:0032502,developmental process,0.820236326134298,4832,43,9,0.20930232558139536,0.8296723394424765,"ENSSSCG00000028741,ENSSSCG00000025599,ENSSSCG00000012287,ENSSSCG00000032768,ENSSSCG00000027237,ENSSSCG00000025264,ENSSSCG00000025545,ENSSSCG00000021934,ENSSSCG00000012277"
Brain,GO:BP,GO:0006082,organic acid metabolic process,0.820236326134298,685,43,1,0.023255813953488372,0.6502800882702428,ENSSSCG00000005740
Brain,GO:BP,GO:0065003,protein-containing complex assembly,0.8238976309881224,2376,43,4,0.09302325581395349,0.7499021219951452,"ENSSSCG00000039332,ENSSSCG00000028284,ENSSSCG00000025545,ENSSSCG00000036747"
Brain,GO:BP,GO:0098609,cell-cell adhesion,0.8238976309881224,698,43,1,0.023255813953488372,0.6381688545345505,ENSSSCG00000027237
Brain,GO:BP,GO:0006915,apoptotic process,0.8238976309881224,1298,43,2,0.046511627906976744,0.6863510947074212,"ENSSSCG00000028964,ENSSSCG00000027237"
Brain,GO:BP,GO:0048731,system development,0.8322524349112852,2927,43,5,0.11627906976744186,0.7609187913650773,"ENSSSCG00000025599,ENSSSCG00000032768,ENSSSCG00000027237,ENSSSCG00000025264,ENSSSCG00000025545"
Brain,GO:BP,GO:0019953,sexual reproduction,0.8333387391539716,723,43,1,0.023255813953488372,0.616102158319663,ENSSSCG00000028741
Brain,GO:BP,GO:0045321,leukocyte activation,0.8339077309710491,726,43,1,0.023255813953488372,0.6135562816323916,ENSSSCG00000036747
Brain,GO:BP,GO:0012501,programmed cell death,0.8407672528945807,1357,43,2,0.046511627906976744,0.6565097427636201,"ENSSSCG00000028964,ENSSSCG00000027237"
Brain,GO:BP,GO:0008219,cell death,0.8407672528945807,1357,43,2,0.046511627906976744,0.6565097427636201,"ENSSSCG00000028964,ENSSSCG00000027237"
Brain,GO:BP,GO:0006259,DNA metabolic process,0.8421130934742337,750,43,1,0.023255813953488372,0.5939224806201551,ENSSSCG00000036747
Brain,GO:BP,GO:0000375,"RNA splicing, via transesterification reactions",0.8467458270901277,1385,43,2,0.046511627906976744,0.6432373436319369,"ENSSSCG00000025264,ENSSSCG00000021591"
Brain,GO:BP,GO:0000377,"RNA splicing, via transesterification reactions with bulged adenosine as nucleophile",0.8467458270901277,1385,43,2,0.046511627906976744,0.6432373436319369,"ENSSSCG00000025264,ENSSSCG00000021591"
Brain,GO:BP,GO:0000398,"mRNA splicing, via spliceosome",0.8467458270901277,1385,43,2,0.046511627906976744,0.6432373436319369,"ENSSSCG00000025264,ENSSSCG00000021591"
Brain,GO:BP,GO:0007167,enzyme-linked receptor protein signaling pathway,0.8471061372313122,771,43,1,0.023255813953488372,0.5777456037161041,ENSSSCG00000031027
Brain,GO:BP,GO:0007165,signal transduction,0.8471061372313122,5967,43,11,0.2558139534883721,0.8211597896960415,"ENSSSCG00000039984,ENSSSCG00000014039,ENSSSCG00000046640,ENSSSCG00000031027,ENSSSCG00000024793,ENSSSCG00000028964,ENSSSCG00000027237,ENSSSCG00000042563,ENSSSCG00000021934,ENSSSCG00000012277,ENSSSCG00000036747"
Brain,GO:BP,GO:0141124,intracellular signaling cassette,0.8518644983889772,1409,43,2,0.046511627906976744,0.6322808523280572,"ENSSSCG00000028964,ENSSSCG00000036747"
Brain,GO:BP,GO:0006396,RNA processing,0.85277852165549906,2527,43,4,0.09302325581395349,0.7050919833242838,"ENSSSCG00000018995,ENSSSCG00000025599,ENSSSCG00000025264,ENSSSCG00000021591"
Brain,GO:BP,GO:0048878,chemical homeostasis,0.8531699574803363,793,43,1,0.023255813953488372,0.5617173524150268,ENSSSCG00000046640
Brain,GO:BP,GO:0008380,RNA splicing,0.8636610123158339,1458,43,2,0.046511627906976744,0.611031358662711,"ENSSSCG00000025264,ENSSSCG00000021591"
Brain,GO:BP,GO:1902531,regulation of intracellular signal transduction,0.8636610123158339,1460,43,2,0.046511627906976744,0.6101943294042689,"ENSSSCG00000028964,ENSSSCG00000021934"
Brain,GO:BP,GO:0032501,multicellular organismal process,0.8660982583977038,6574,43,12,0.27906976744186046,0.8130974027352289,"ENSSSCG00000014039,ENSSSCG00000046640,ENSSSCG00000025599,ENSSSCG00000012287,ENSSSCG00000032768,ENSSSCG00000027237,ENSSSCG00000025264,ENSSSCG00000021328,ENSSSCG00000025545,ENSSSCG00000012277,ENSSSCG00000032453,ENSSSCG00000036747"
Brain,GO:BP,GO:0006397,mRNA processing,0.8686643125978104,1484,43,2,0.046511627906976744,0.6003259575001567,"ENSSSCG00000025264,ENSSSCG00000021591"
Brain,GO:BP,GO:0009653,anatomical structure morphogenesis,0.870925572630401,2077,43,3,0.06976744186046512,0.6433921913314149,"ENSSSCG00000027237,ENSSSCG00000025264,ENSSSCG00000025545"
Brain,GO:BP,GO:0071495,cellular response to endogenous stimulus,0.8811426860800475,888,43,1,0.023255813953488372,0.5016237167399958,ENSSSCG00000031027
Brain,GO:BP,GO:0009888,tissue development,0.8835954888712005,1552,43,2,0.046511627906976744,0.5740230160632941,"ENSSSCG00000027237,ENSSSCG00000021934"
Brain,GO:BP,GO:0048646,anatomical structure formation involved in morphogenesis,0.8849174445467796,906,43,1,0.023255813953488372,0.49165768263257864,ENSSSCG00000027237
Brain,GO:BP,GO:0009790,embryo development,0.8890122481299614,923,43,1,0.023255813953488372,0.48260223235657235,ENSSSCG00000027237
Brain,GO:BP,GO:0051094,positive regulation of developmental process,0.8953431810213796,949,43,1,0.023255813953488372,0.4693802533878991,ENSSSCG00000027237
Brain,GO:BP,GO:0023052,signaling,0.8987925046265569,6362,43,11,0.2558139534883721,0.7701761183772837,"ENSSSCG00000039984,ENSSSCG00000014039,ENSSSCG00000046640,ENSSSCG00000031027,ENSSSCG00000024793,ENSSSCG00000028964,ENSSSCG00000027237,ENSSSCG00000042563,ENSSSCG00000021934,ENSSSCG00000012277,ENSSSCG00000036747"
Brain,GO:BP,GO:0007154,cell communication,0.9012379143045492,6387,43,11,0.2558139534883721,0.7671614944600406,"ENSSSCG00000039984,ENSSSCG00000014039,ENSSSCG00000046640,ENSSSCG00000031027,ENSSSCG00000024793,ENSSSCG00000028964,ENSSSCG00000027237,ENSSSCG00000042563,ENSSSCG00000021934,ENSSSCG00000012277,ENSSSCG00000036747"
Brain,GO:BP,GO:0016071,mRNA metabolic process,0.9100063637243077,1700,43,2,0.046511627906976744,0.5240492476060192,"ENSSSCG00000025264,ENSSSCG00000021591"
Brain,REAC,REAC:R-SSC-168249,Innate Immune System,0.9175510710951019,845,19,1,0.05263157894736842,0.4854562441606976,ENSSSCG00000012278
Brain,GO:BP,GO:0007186,G protein-coupled receptor signaling pathway,0.9721468253320159,2230,43,2,0.046511627906976744,0.39949942642611325,"ENSSSCG00000039984,ENSSSCG00000014039"
Brain,GO:BP,GO:0022607,cellular component assembly,0.974671600903042,3569,43,4,0.09302325581395349,0.49923436308783,"ENSSSCG00000039332,ENSSSCG00000028284,ENSSSCG00000025545,ENSSSCG00000036747"
Brain,GO:BP,GO:0044085,cellular component biogenesis,0.9840819542987117,3802,43,4,0.09302325581395349,0.46863951653352576,"ENSSSCG00000039332,ENSSSCG00000028284,ENSSSCG00000025545,ENSSSCG00000036747"
Brain,REAC,REAC:R-SSC-162582,Signal Transduction,0.9915399844421819,1956,19,2,0.10526315789473684,0.4194381659670649,"ENSSSCG00000014039,ENSSSCG00000031027"
Brain,REAC,REAC:R-SSC-168256,Immune System,0.9922020017835146,1471,19,1,0.05263157894736842,0.27886507567354824,ENSSSCG00000012278
Brain,GO:BP,GO:0050877,nervous system process,0.9971970243822698,2245,43,1,0.023255813953488372,0.19841508261252394,ENSSSCG00000014039
Brain,GO:BP,GO:0003008,system process,0.9996462159790938,2743,43,1,0.023255813953488372,0.16239222036642956,ENSSSCG00000014039
Brain,GO:BP,GO:0008150,biological_process,1,19154,43,43,1,1,"ENSSSCG00000005379,ENSSSCG00000005740,ENSSSCG00000031916,ENSSSCG00000039332,ENSSSCG00000039984,ENSSSCG00000018995,ENSSSCG00000014039,ENSSSCG00000002967,ENSSSCG00000046640,ENSSSCG00000006141,ENSSSCG00000013836,ENSSSCG00000031027,ENSSSCG00000003651,ENSSSCG00000028741,ENSSSCG00000003852,ENSSSCG00000012286,ENSSSCG00000025599,ENSSSCG00000028284,ENSSSCG00000021106,ENSSSCG00000025981,ENSSSCG00000012284,ENSSSCG00000012283,ENSSSCG00000012287,ENSSSCG00000012280,ENSSSCG00000012278,ENSSSCG00000012288,ENSSSCG00000024793,ENSSSCG00000028964,ENSSSCG00000032768,ENSSSCG00000027237,ENSSSCG00000024841,ENSSSCG00000025264,ENSSSCG00000022647,ENSSSCG00000021328,ENSSSCG00000042563,ENSSSCG00000025545,ENSSSCG00000021934,ENSSSCG00000012277,ENSSSCG00000032453,ENSSSCG00000036747,ENSSSCG00000023759,ENSSSCG00000021591,ENSSSCG00000040599"
Brain,KEGG,KEGG:00000,KEGG root term,1,8456,21,21,1,1,"ENSSSCG00000005379,ENSSSCG00000005740,ENSSSCG00000014039,ENSSSCG00000006141,ENSSSCG00000031027,ENSSSCG00000003852,ENSSSCG00000012286,ENSSSCG00000025981,ENSSSCG00000012284,ENSSSCG00000012283,ENSSSCG00000012287,ENSSSCG00000012278,ENSSSCG00000024793,ENSSSCG00000028964,ENSSSCG00000032768,ENSSSCG00000025264,ENSSSCG00000025545,ENSSSCG00000021934,ENSSSCG00000012277,ENSSSCG00000032453,ENSSSCG00000036747"
Brain,REAC,REAC:0000000,REACTOME root term,1,7794,19,19,1,1,"ENSSSCG00000005379,ENSSSCG00000005740,ENSSSCG00000039332,ENSSSCG00000014039,ENSSSCG00000002967,ENSSSCG00000006141,ENSSSCG00000031027,ENSSSCG00000003852,ENSSSCG00000028284,ENSSSCG00000025981,ENSSSCG00000012278,ENSSSCG00000032768,ENSSSCG00000027237,ENSSSCG00000024841,ENSSSCG00000025264,ENSSSCG00000025545,ENSSSCG00000012277,ENSSSCG00000032453,ENSSSCG00000040599"
Liver,KEGG,KEGG:04710,Circadian rhythm,0.08725639836394733,34,16,2,0.125,31.088235294117645,"ENSSSCG00000028552,ENSSSCG00000008171"
Liver,KEGG,KEGG:00983,Drug metabolism - other enzymes,0.09506124129782455,62,16,2,0.125,17.048387096774196,"ENSSSCG00000008935,ENSSSCG00000037120"
Liver,KEGG,KEGG:00980,Metabolism of xenobiotics by cytochrome P450,0.09506124129782455,55,16,2,0.125,19.21818181818182,"ENSSSCG00000012053,ENSSSCG00000008935"
Liver,KEGG,KEGG:00470,D-Amino acid metabolism,0.11312669915267293,5,16,1,0.0625,105.7,ENSSSCG00000004401
Liver,KEGG,KEGG:01100,Metabolic pathways,0.13400757047813708,1498,16,7,0.4375,2.4696261682242993,"ENSSSCG00000012053,ENSSSCG00000010495,ENSSSCG00000008935,ENSSSCG00000037120,ENSSSCG00000034639,ENSSSCG00000004401,ENSSSCG00000023903"
Liver,GO:BP,GO:0000023,maltose metabolic process,0.14335555848377599,1,37,1,0.02702702702702703,517.6756756756757,ENSSSCG00000034639
Liver,GO:BP,GO:0170041,non-proteinogenic amino acid metabolic process,0.14335555848377599,49,37,2,0.05405405405405406,21.129619415333703,"ENSSSCG00000010495,ENSSSCG00000004401"
Liver,GO:BP,GO:1900756,protein processing in phagocytic vesicle,0.14335555848377599,2,37,1,0.02702702702702703,258.83783783783787,ENSSSCG00000037508
Liver,GO:BP,GO:1901027,dextrin catabolic process,0.14335555848377599,1,37,1,0.02702702702702703,517.6756756756757,ENSSSCG00000034639
Liver,GO:BP,GO:0019478,D-amino acid catabolic process,0.14335555848377599,2,37,1,0.02702702702702703,258.83783783783787,ENSSSCG00000004401
Liver,GO:BP,GO:1903906,regulation of plasma membrane raft polarization,0.14335555848377599,1,37,1,0.02702702702702703,517.6756756756757,ENSSSCG00000037508
Liver,GO:BP,GO:0014891,striated muscle atrophy,0.14335555848377599,3,37,1,0.02702702702702703,172.55855855855856,ENSSSCG00000037508
Liver,GO:BP,GO:1903923,positive regulation of protein processing in phagocytic vesicle,0.14335555848377599,2,37,1,0.02702702702702703,258.83783783783787,ENSSSCG00000037508
Liver,GO:BP,GO:0090592,DNA synthesis involved in DNA replication,0.14335555848377599,1,37,1,0.02702702702702703,517.6756756756757,ENSSSCG00000037120
Liver,GO:BP,GO:1904106,protein localization to microvillus,0.14335555848377599,2,37,1,0.02702702702702703,258.83783783783787,ENSSSCG00000013377
Liver,GO:BP,GO:1904860,DNA synthesis involved in mitotic DNA replication,0.14335555848377599,1,37,1,0.02702702702702703,517.6756756756757,ENSSSCG00000037120
Liver,GO:BP,GO:0006592,ornithine biosynthetic process,0.14335555848377599,1,37,1,0.02702702702702703,517.6756756756757,ENSSSCG00000010495
Liver,GO:BP,GO:1903921,regulation of protein processing in phagocytic vesicle,0.14335555848377599,2,37,1,0.02702702702702703,258.83783783783787,ENSSSCG00000037508
Liver,GO:BP,GO:0006533,aspartate catabolic process,0.14335555848377599,3,37,1,0.02702702702702703,172.55855855855856,ENSSSCG00000004401
Liver,GO:BP,GO:0030239,myofibril assembly,0.14335555848377599,54,37,2,0.05405405405405406,19.173173173173176,"ENSSSCG00000016397,ENSSSCG00000039094"
Liver,GO:BP,GO:0071464,cellular response to hydrostatic pressure,0.14335555848377599,3,37,1,0.02702702702702703,172.55855855855856,ENSSSCG00000039094
Liver,GO:BP,GO:0046104,thymidine metabolic process,0.14335555848377599,3,37,1,0.02702702702702703,172.55855855855856,ENSSSCG00000037120
Liver,GO:BP,GO:0046105,thymidine biosynthetic process,0.14335555848377599,2,37,1,0.02702702702702703,258.83783783783787,ENSSSCG00000037120
Liver,GO:BP,GO:0044858,plasma membrane raft polarization,0.14335555848377599,1,37,1,0.02702702702702703,517.6756756756757,ENSSSCG00000037508
Liver,GO:BP,GO:0044856,plasma membrane raft localization,0.14335555848377599,2,37,1,0.02702702702702703,258.83783783783787,ENSSSCG00000037508
Liver,GO:BP,GO:0044855,plasma membrane raft distribution,0.14335555848377599,2,37,1,0.02702702702702703,258.83783783783787,ENSSSCG00000037508
Liver,GO:BP,GO:0046120,deoxyribonucleoside biosynthetic process,0.14335555848377599,2,37,1,0.02702702702702703,258.83783783783787,ENSSSCG00000037120
Liver,GO:BP,GO:0046125,pyrimidine deoxyribonucleoside metabolic process,0.14335555848377599,3,37,1,0.02702702702702703,172.55855855855856,ENSSSCG00000037120
Liver,GO:BP,GO:0071691,cardiac muscle thin filament assembly,0.14335555848377599,3,37,1,0.02702702702702703,172.55855855855856,ENSSSCG00000016397
Liver,GO:BP,GO:0046126,pyrimidine deoxyribonucleoside biosynthetic process,0.14335555848377599,2,37,1,0.02702702702702703,258.83783783783787,ENSSSCG00000037120
Liver,GO:BP,GO:0046352,disaccharide catabolic process,0.14335555848377599,3,37,1,0.02702702702702703,172.55855855855856,ENSSSCG00000034639
Liver,GO:BP,GO:0046416,D-amino acid metabolic process,0.14335555848377599,3,37,1,0.02702702702702703,172.55855855855856,ENSSSCG00000004401
Liver,GO:BP,GO:0055006,cardiac cell development,0.14335555848377599,52,37,2,0.05405405405405406,19.91060291060291,"ENSSSCG00000016397,ENSSSCG00000039094"
Liver,GO:BP,GO:0055013,cardiac muscle cell development,0.14335555848377599,50,37,2,0.05405405405405406,20.707027027027028,"ENSSSCG00000016397,ENSSSCG00000039094"
Liver,GO:BP,GO:0034332,adherens junction organization,0.14335555848377599,47,37,2,0.05405405405405406,22.02875215641173,"ENSSSCG00000004886,ENSSSCG00000039094"
Liver,GO:BP,GO:0060629,regulation of homologous chromosome segregation,0.14335555848377599,3,37,1,0.02702702702702703,172.55855855855856,ENSSSCG00000011376
Liver,GO:BP,GO:0032922,circadian regulation of gene expression,0.14335555848377599,55,37,2,0.05405405405405406,18.824570024570026,"ENSSSCG00000028552,ENSSSCG00000008171"
Liver,GO:BP,GO:0046134,pyrimidine nucleoside biosynthetic process,0.14335555848377599,2,37,1,0.02702702702702703,258.83783783783787,ENSSSCG00000037120
Liver,GO:BP,GO:0002522,leukocyte migration involved in immune response,0.14335555848377599,2,37,1,0.02702702702702703,258.83783783783787,ENSSSCG00000039094
Liver,GO:BP,GO:2000689,actomyosin contractile ring assembly actin filament organization,0.14335555848377599,2,37,1,0.02702702702702703,258.83783783783787,ENSSSCG00000039094
Liver,GO:BP,GO:0001766,membrane raft polarization,0.14335555848377599,2,37,1,0.02702702702702703,258.83783783783787,ENSSSCG00000037508
Liver,GO:BP,GO:0000025,maltose catabolic process,0.14335555848377599,1,37,1,0.02702702702702703,517.6756756756757,ENSSSCG00000034639
Liver,GO:BP,GO:1904019,epithelial cell apoptotic process,0.1605810180334564,64,37,2,0.05405405405405406,16.177364864864867,"ENSSSCG00000027538,ENSSSCG00000037508"
Liver,GO:BP,GO:0051599,response to hydrostatic pressure,0.1605810180334564,4,37,1,0.02702702702702703,129.41891891891893,ENSSSCG00000039094
Liver,GO:BP,GO:0071462,cellular response to water stimulus,0.1605810180334564,4,37,1,0.02702702702702703,129.41891891891893,ENSSSCG00000039094
Liver,GO:BP,GO:1902174,positive regulation of keratinocyte apoptotic process,0.1605810180334564,4,37,1,0.02702702702702703,129.41891891891893,ENSSSCG00000037508
Liver,GO:BP,GO:1903903,regulation of establishment of T cell polarity,0.1605810180334564,4,37,1,0.02702702702702703,129.41891891891893,ENSSSCG00000037508
Liver,GO:BP,GO:0019240,citrulline biosynthetic process,0.1605810180334564,4,37,1,0.02702702702702703,129.41891891891893,ENSSSCG00000010495
Liver,GO:BP,GO:0031580,membrane raft distribution,0.1605810180334564,4,37,1,0.02702702702702703,129.41891891891893,ENSSSCG00000037508
Liver,GO:BP,GO:0051146,striated muscle cell differentiation,0.1654083730515534,215,37,3,0.08108108108108109,7.2233815210559404,"ENSSSCG00000028552,ENSSSCG00000016397,ENSSSCG00000039094"
Liver,GO:BP,GO:0043648,dicarboxylic acid metabolic process,0.1654083730515534,71,37,2,0.05405405405405406,14.58241339931481,"ENSSSCG00000010495,ENSSSCG00000004401"
Liver,GO:BP,GO:0014866,skeletal myofibril assembly,0.17630758848732778,6,37,1,0.02702702702702703,86.27927927927928,ENSSSCG00000039094
Liver,GO:BP,GO:0044837,actomyosin contractile ring organization,0.17630758848732778,6,37,1,0.02702702702702703,86.27927927927928,ENSSSCG00000039094
Liver,GO:BP,GO:0000912,assembly of actomyosin apparatus involved in cytokinesis,0.17630758848732778,6,37,1,0.02702702702702703,86.27927927927928,ENSSSCG00000039094
Liver,GO:BP,GO:0031581,hemidesmosome assembly,0.17630758848732778,5,37,1,0.02702702702702703,103.53513513513514,ENSSSCG00000039094
Liver,GO:BP,GO:0055129,L-proline biosynthetic process,0.17630758848732778,6,37,1,0.02702702702702703,86.27927927927928,ENSSSCG00000010495
Liver,GO:BP,GO:1904970,brush border assembly,0.17630758848732778,5,37,1,0.02702702702702703,103.53513513513514,ENSSSCG00000013377
Liver,GO:BP,GO:0006531,aspartate metabolic process,0.17630758848732778,5,37,1,0.02702702702702703,103.53513513513514,ENSSSCG00000004401
Liver,GO:BP,GO:0014889,muscle atrophy,0.17630758848732778,6,37,1,0.02702702702702703,86.27927927927928,ENSSSCG00000037508
Liver,GO:BP,GO:0055007,cardiac muscle cell differentiation,0.17630758848732778,78,37,2,0.05405405405405406,13.273735273735275,"ENSSSCG00000016397,ENSSSCG00000039094"
Liver,GO:BP,GO:0000915,actomyosin contractile ring assembly,0.17630758848732778,6,37,1,0.02702702702702703,86.27927927927928,ENSSSCG00000039094
Liver,GO:BP,GO:0006561,proline biosynthetic process,0.17630758848732778,6,37,1,0.02702702702702703,86.27927927927928,ENSSSCG00000010495
Liver,GO:BP,GO:0050957,equilibrioception,0.17630758848732778,6,37,1,0.02702702702702703,86.27927927927928,ENSSSCG00000013377
Liver,GO:BP,GO:0000052,citrulline metabolic process,0.17630758848732778,6,37,1,0.02702702702702703,86.27927927927928,ENSSSCG00000010495
Liver,GO:BP,GO:0051665,membrane raft localization,0.17630758848732778,5,37,1,0.02702702702702703,103.53513513513514,ENSSSCG00000037508
Liver,GO:BP,GO:0050955,thermoception,0.17869490998786072,7,37,1,0.02702702702702703,73.95366795366796,ENSSSCG00000016314
Liver,GO:BP,GO:0097283,keratinocyte apoptotic process,0.17869490998786072,7,37,1,0.02702702702702703,73.95366795366796,ENSSSCG00000037508
Liver,GO:BP,GO:0009157,deoxyribonucleoside monophosphate biosynthetic process,0.17869490998786072,7,37,1,0.02702702702702703,73.95366795366796,ENSSSCG00000037120
Liver,GO:BP,GO:0097017,renal protein absorption,0.17869490998786072,7,37,1,0.02702702702702703,73.95366795366796,ENSSSCG00000037508
Liver,GO:BP,GO:0060478,acrosomal vesicle exocytosis,0.17869490998786072,7,37,1,0.02702702702702703,73.95366795366796,ENSSSCG00000004280
Liver,GO:BP,GO:0042138,meiotic DNA double-strand break formation,0.17869490998786072,7,37,1,0.02702702702702703,73.95366795366796,ENSSSCG00000011376
Liver,GO:BP,GO:0006591,ornithine metabolic process,0.17869490998786072,7,37,1,0.02702702702702703,73.95366795366796,ENSSSCG00000010495
Liver,GO:BP,GO:0005984,disaccharide metabolic process,0.17869490998786072,7,37,1,0.02702702702702703,73.95366795366796,ENSSSCG00000034639
Liver,GO:BP,GO:1902172,regulation of keratinocyte apoptotic process,0.17869490998786072,7,37,1,0.02702702702702703,73.95366795366796,ENSSSCG00000037508
Liver,GO:BP,GO:0032287,peripheral nervous system myelin maintenance,0.19145937317586362,8,37,1,0.02702702702702703,64.70945945945947,ENSSSCG00000039094
Liver,GO:BP,GO:0032989,cellular anatomical entity morphogenesis,0.19145937317586362,99,37,2,0.05405405405405406,10.45809445809446,"ENSSSCG00000016397,ENSSSCG00000039094"
Liver,GO:BP,GO:0009415,response to water,0.19145937317586362,8,37,1,0.02702702702702703,64.70945945945947,ENSSSCG00000039094
Liver,GO:BP,GO:0055119,relaxation of cardiac muscle,0.19145937317586362,8,37,1,0.02702702702702703,64.70945945945947,ENSSSCG00000037508
Liver,GO:BP,GO:0010927,cellular component assembly involved in morphogenesis,0.19145937317586362,99,37,2,0.05405405405405406,10.45809445809446,"ENSSSCG00000016397,ENSSSCG00000039094"
Liver,GO:BP,GO:0010944,negative regulation of transcription by competitive promoter binding,0.19145937317586362,8,37,1,0.02702702702702703,64.70945945945947,ENSSSCG00000028552
Liver,GO:BP,GO:0014902,myotube differentiation,0.1999007397842956,102,37,2,0.05405405405405406,10.150503444621092,"ENSSSCG00000028552,ENSSSCG00000039094"
Liver,GO:BP,GO:0051775,response to redox state,0.20029192844194774,9,37,1,0.02702702702702703,57.51951951951952,ENSSSCG00000008171
Liver,GO:BP,GO:0035051,cardiocyte differentiation,0.20029192844194774,103,37,2,0.05405405405405406,10.051954867488849,"ENSSSCG00000016397,ENSSSCG00000039094"
Liver,GO:BP,GO:0046549,retinal cone cell development,0.20029192844194774,9,37,1,0.02702702702702703,57.51951951951952,ENSSSCG00000013377
Liver,GO:BP,GO:0055002,striated muscle cell development,0.20036323160798303,119,37,2,0.05405405405405406,8.700431523960937,"ENSSSCG00000016397,ENSSSCG00000039094"
Liver,GO:BP,GO:0055070,copper ion homeostasis,0.20036323160798303,12,37,1,0.02702702702702703,43.13963963963964,ENSSSCG00000032923
Liver,GO:BP,GO:0009313,oligosaccharide catabolic process,0.20036323160798303,12,37,1,0.02702702702702703,43.13963963963964,ENSSSCG00000034639
Liver,GO:BP,GO:0009120,deoxyribonucleoside metabolic process,0.20036323160798303,10,37,1,0.02702702702702703,51.76756756756757,ENSSSCG00000037120
Liver,GO:BP,GO:0055003,cardiac myofibril assembly,0.20036323160798303,12,37,1,0.02702702702702703,43.13963963963964,ENSSSCG00000016397
Liver,GO:BP,GO:0009612,response to mechanical stimulus,0.20036323160798303,114,37,2,0.05405405405405406,9.082029397818872,"ENSSSCG00000037508,ENSSSCG00000039094"
Liver,GO:BP,GO:0042692,muscle cell differentiation,0.20036323160798303,298,37,3,0.08108108108108109,5.211500090694722,"ENSSSCG00000028552,ENSSSCG00000016397,ENSSSCG00000039094"
Liver,GO:BP,GO:0050953,sensory perception of light stimulus,0.20036323160798303,113,37,2,0.05405405405405406,9.16240133939249,"ENSSSCG00000013377,ENSSSCG00000002753"
Liver,GO:BP,GO:0006878,intracellular copper ion homeostasis,0.20036323160798303,11,37,1,0.02702702702702703,47.06142506142506,ENSSSCG00000032923
Liver,GO:BP,GO:0050872,white fat cell differentiation,0.20036323160798303,12,37,1,0.02702702702702703,43.13963963963964,ENSSSCG00000016792
Liver,GO:BP,GO:0043217,myelin maintenance,0.20036323160798303,12,37,1,0.02702702702702703,43.13963963963964,ENSSSCG00000039094
Liver,GO:BP,GO:0009068,aspartate family amino acid catabolic process,0.20036323160798303,12,37,1,0.02702702702702703,43.13963963963964,ENSSSCG00000004401
Liver,GO:BP,GO:0051127,positive regulation of actin nucleation,0.20036323160798303,11,37,1,0.02702702702702703,47.06142506142506,ENSSSCG00000037508
Liver,GO:BP,GO:1903729,regulation of plasma membrane organization,0.20036323160798303,10,37,1,0.02702702702702703,51.76756756756757,ENSSSCG00000037508
Liver,GO:BP,GO:0003334,keratinocyte development,0.20036323160798303,11,37,1,0.02702702702702703,47.06142506142506,ENSSSCG00000039094
Liver,GO:BP,GO:0071801,regulation of podosome assembly,0.20036323160798303,12,37,1,0.02702702702702703,43.13963963963964,ENSSSCG00000037508
Liver,GO:BP,GO:0006560,proline metabolic process,0.20036323160798303,12,37,1,0.02702702702702703,43.13963963963964,ENSSSCG00000010495
Liver,GO:BP,GO:0006213,pyrimidine nucleoside metabolic process,0.20036323160798303,10,37,1,0.02702702702702703,51.76756756756757,ENSSSCG00000037120
Liver,GO:BP,GO:1903909,regulation of receptor clustering,0.20036323160798303,12,37,1,0.02702702702702703,43.13963963963964,ENSSSCG00000037508
Liver,GO:BP,GO:0001767,establishment of lymphocyte polarity,0.20036323160798303,12,37,1,0.02702702702702703,43.13963963963964,ENSSSCG00000037508
Liver,GO:BP,GO:0071498,cellular response to fluid shear stress,0.20036323160798303,12,37,1,0.02702702702702703,43.13963963963964,ENSSSCG00000039094
Liver,GO:BP,GO:0001696,gastric acid secretion,0.20036323160798303,11,37,1,0.02702702702702703,47.06142506142506,ENSSSCG00000029096
Liver,GO:BP,GO:0010832,negative regulation of myotube differentiation,0.20036323160798303,10,37,1,0.02702702702702703,51.76756756756757,ENSSSCG00000028552
Liver,GO:BP,GO:0042670,retinal cone cell differentiation,0.20036323160798303,11,37,1,0.02702702702702703,47.06142506142506,ENSSSCG00000013377
Liver,GO:BP,GO:0001768,establishment of T cell polarity,0.20036323160798303,12,37,1,0.02702702702702703,43.13963963963964,ENSSSCG00000037508
Liver,GO:BP,GO:0170044,non-proteinogenic amino acid catabolic process,0.20036323160798303,12,37,1,0.02702702702702703,43.13963963963964,ENSSSCG00000004401
Liver,GO:BP,GO:0008015,blood circulation,0.21202396932711848,327,37,3,0.08108108108108109,4.7493181254649155,"ENSSSCG00000029096,ENSSSCG00000037508,ENSSSCG00000039094"
Liver,GO:BP,GO:1904037,positive regulation of epithelial cell apoptotic process,0.21202396932711848,13,37,1,0.02702702702702703,39.82120582120582,ENSSSCG00000037508
Liver,GO:BP,GO:0051014,actin filament severing,0.21202396932711848,13,37,1,0.02702702702702703,39.82120582120582,ENSSSCG00000037508
Liver,GO:BP,GO:0043649,dicarboxylic acid catabolic process,0.21873688914447734,14,37,1,0.02702702702702703,36.97683397683398,ENSSSCG00000004401
Liver,GO:BP,GO:0034404,nucleobase-containing small molecule biosynthetic process,0.21873688914447734,14,37,1,0.02702702702702703,36.97683397683398,ENSSSCG00000037120
Liver,GO:BP,GO:0009163,nucleoside biosynthetic process,0.21873688914447734,14,37,1,0.02702702702702703,36.97683397683398,ENSSSCG00000037120
Liver,GO:BP,GO:1902969,mitotic DNA replication,0.21873688914447734,14,37,1,0.02702702702702703,36.97683397683398,ENSSSCG00000037120
Liver,GO:BP,GO:0007623,circadian rhythm,0.2257579058640305,148,37,2,0.05405405405405406,6.995617238860482,"ENSSSCG00000028552,ENSSSCG00000008171"
Liver,GO:BP,GO:1901659,glycosyl compound biosynthetic process,0.2257579058640305,17,37,1,0.02702702702702703,30.451510333863276,ENSSSCG00000037120
Liver,GO:BP,GO:0140694,membraneless organelle assembly,0.2257579058640305,355,37,3,0.08108108108108109,4.374724019794442,"ENSSSCG00000016397,ENSSSCG00000037508,ENSSSCG00000039094"
Liver,GO:BP,GO:0170039,proteinogenic amino acid metabolic process,0.2257579058640305,146,37,2,0.05405405405405406,7.091447611995558,"ENSSSCG00000010495,ENSSSCG00000004401"
Liver,GO:BP,GO:0170043,non-proteinogenic amino acid biosynthetic process,0.2257579058640305,15,37,1,0.02702702702702703,34.51171171171171,ENSSSCG00000010495
Liver,GO:BP,GO:0170033,L-amino acid metabolic process,0.2257579058640305,138,37,2,0.05405405405405406,7.502546024285155,"ENSSSCG00000010495,ENSSSCG00000004401"
Liver,GO:BP,GO:0061709,reticulophagy,0.2257579058640305,17,37,1,0.02702702702702703,30.451510333863276,ENSSSCG00000016792
Liver,GO:BP,GO:0097284,hepatocyte apoptotic process,0.2257579058640305,15,37,1,0.02702702702702703,34.51171171171171,ENSSSCG00000037508
Liver,GO:BP,GO:0071800,podosome assembly,0.2257579058640305,18,37,1,0.02702702702702703,28.75975975975976,ENSSSCG00000037508
Liver,GO:BP,GO:0009084,glutamine family amino acid biosynthetic process,0.2257579058640305,16,37,1,0.02702702702702703,32.35472972972973,ENSSSCG00000010495
Liver,GO:BP,GO:1903859,regulation of dendrite extension,0.2257579058640305,17,37,1,0.02702702702702703,30.451510333863276,ENSSSCG00000004280
Liver,GO:BP,GO:1903861,positive regulation of dendrite extension,0.2257579058640305,16,37,1,0.02702702702702703,32.35472972972973,ENSSSCG00000004280
Liver,GO:BP,GO:0010954,positive regulation of protein processing,0.2257579058640305,18,37,1,0.02702702702702703,28.75975975975976,ENSSSCG00000037508
Liver,GO:BP,GO:0002093,auditory receptor cell morphogenesis,0.2257579058640305,18,37,1,0.02702702702702703,28.75975975975976,ENSSSCG00000013377
Liver,GO:BP,GO:2000114,regulation of establishment of cell polarity,0.2257579058640305,18,37,1,0.02702702702702703,28.75975975975976,ENSSSCG00000037508
Liver,GO:BP,GO:0035994,response to muscle stretch,0.2257579058640305,16,37,1,0.02702702702702703,32.35472972972973,ENSSSCG00000037508
Liver,GO:BP,GO:0010818,T cell chemotaxis,0.2257579058640305,17,37,1,0.02702702702702703,30.451510333863276,ENSSSCG00000039094
Liver,GO:BP,GO:0055001,muscle cell development,0.2257579058640305,145,37,2,0.05405405405405406,7.140354147250699,"ENSSSCG00000016397,ENSSSCG00000039094"
Liver,GO:BP,GO:0042776,proton motive force-driven mitochondrial ATP synthesis,0.2257579058640305,17,37,1,0.02702702702702703,30.451510333863276,ENSSSCG00000023903
Liver,GO:BP,GO:0007009,plasma membrane organization,0.2257579058640305,138,37,2,0.05405405405405406,7.502546024285155,"ENSSSCG00000037508,ENSSSCG00000039094"
Liver,GO:BP,GO:0003018,vascular process in circulatory system,0.2257579058640305,141,37,2,0.05405405405405406,7.342917385470578,"ENSSSCG00000029096,ENSSSCG00000039094"
Liver,GO:BP,GO:0045907,positive regulation of vasoconstriction,0.2257579058640305,18,37,1,0.02702702702702703,28.75975975975976,ENSSSCG00000029096
Liver,GO:BP,GO:0046597,host-mediated suppression of symbiont invasion,0.2257579058640305,18,37,1,0.02702702702702703,28.75975975975976,ENSSSCG00000037508
Liver,GO:BP,GO:0048791,calcium ion-regulated exocytosis of neurotransmitter,0.2257579058640305,17,37,1,0.02702702702702703,30.451510333863276,ENSSSCG00000004280
Liver,GO:BP,GO:0003013,circulatory system process,0.2257579058640305,344,37,3,0.08108108108108109,4.5146134506599624,"ENSSSCG00000029096,ENSSSCG00000037508,ENSSSCG00000039094"
Liver,GO:BP,GO:0043484,regulation of RNA splicing,0.2257579058640305,137,37,2,0.05405405405405406,7.55730913395147,"ENSSSCG00000011720,ENSSSCG00000017795"
Liver,GO:BP,GO:0050951,sensory perception of temperature stimulus,0.2257579058640305,18,37,1,0.02702702702702703,28.75975975975976,ENSSSCG00000016314
Liver,GO:BP,GO:0007015,actin filament organization,0.2335108162315393,376,37,3,0.08108108108108109,4.1303910293272,"ENSSSCG00000016397,ENSSSCG00000037508,ENSSSCG00000039094"
Liver,GO:BP,GO:0045862,positive regulation of proteolysis,0.23425815080852733,155,37,2,0.05405405405405406,6.679686137750654,"ENSSSCG00000005659,ENSSSCG00000037508"
Liver,GO:BP,GO:0048738,cardiac muscle tissue development,0.2380990422686491,157,37,2,0.05405405405405406,6.594594594594595,"ENSSSCG00000016397,ENSSSCG00000039094"
Liver,KEGG,KEGG:00513,Various types of N-glycan biosynthesis,0.23900914569820236,41,16,1,0.0625,12.890243902439025,ENSSSCG00000027538
Liver,KEGG,KEGG:00510,N-Glycan biosynthesis,0.23900914569820236,51,16,1,0.0625,10.362745098039214,ENSSSCG00000027538
Liver,KEGG,KEGG:00500,Starch and sucrose metabolism,0.23900914569820236,34,16,1,0.0625,15.544117647058822,ENSSSCG00000034639
Liver,KEGG,KEGG:00330,Arginine and proline metabolism,0.23900914569820236,50,16,1,0.0625,10.57,ENSSSCG00000010495
Liver,KEGG,KEGG:00590,Arachidonic acid metabolism,0.23900914569820236,74,16,1,0.0625,7.141891891891892,ENSSSCG00000012053
Liver,KEGG,KEGG:00250,"Alanine, aspartate and glutamate metabolism",0.23900914569820236,37,16,1,0.0625,14.283783783783784,ENSSSCG00000004401
Liver,KEGG,KEGG:04973,Carbohydrate digestion and absorption,0.23900914569820236,47,16,1,0.0625,11.24468085106383,ENSSSCG00000034639
Liver,KEGG,KEGG:00830,Retinol metabolism,0.23900914569820236,64,16,1,0.0625,8.2578125,ENSSSCG00000008935
Liver,KEGG,KEGG:03008,Ribosome biogenesis in eukaryotes,0.23900914569820236,72,16,1,0.0625,7.340277777777777,ENSSSCG00000002753
Liver,KEGG,KEGG:00982,Drug metabolism - cytochrome P450,0.23900914569820236,50,16,1,0.0625,10.57,ENSSSCG00000008935
Liver,KEGG,KEGG:01230,Biosynthesis of amino acids,0.23900914569820236,68,16,1,0.0625,7.772058823529411,ENSSSCG00000010495
Liver,KEGG,KEGG:01232,Nucleotide metabolism,0.23900914569820236,79,16,1,0.0625,6.689873417721519,ENSSSCG00000037120
Liver,KEGG,KEGG:03050,Proteasome,0.23900914569820236,44,16,1,0.0625,12.011363636363635,ENSSSCG00000033332
Liver,KEGG,KEGG:03320,PPAR signaling pathway,0.23900914569820236,77,16,1,0.0625,6.863636363636364,ENSSSCG00000014257
Liver,KEGG,KEGG:04146,Peroxisome,0.23900914569820236,84,16,1,0.0625,6.291666666666666,ENSSSCG00000004401
Liver,KEGG,KEGG:04721,Synaptic vesicle cycle,0.23900914569820236,76,16,1,0.0625,6.953947368421053,ENSSSCG00000004280
Liver,KEGG,KEGG:05204,Chemical carcinogenesis - DNA adducts,0.23900914569820236,53,16,1,0.0625,9.971698113207548,ENSSSCG00000008935
Liver,KEGG,KEGG:04976,Bile secretion,0.23900914569820236,85,16,1,0.0625,6.217647058823529,ENSSSCG00000008935
Liver,KEGG,KEGG:00860,Porphyrin metabolism,0.23900914569820236,36,16,1,0.0625,14.680555555555554,ENSSSCG00000008935
Liver,KEGG,KEGG:00240,Pyrimidine metabolism,0.23900914569820236,52,16,1,0.0625,10.163461538461538,ENSSSCG00000037120
Liver,KEGG,KEGG:04971,Gastric acid secretion,0.23900914569820236,73,16,1,0.0625,7.239726027397261,ENSSSCG00000029096
Liver,KEGG,KEGG:00140,Steroid hormone biosynthesis,0.23900914569820236,61,16,1,0.0625,8.663934426229508,ENSSSCG00000008935
Liver,KEGG,KEGG:00053,Ascorbate and aldarate metabolism,0.23900914569820236,24,16,1,0.0625,22.020833333333332,ENSSSCG00000008935
Liver,KEGG,KEGG:00052,Galactose metabolism,0.23900914569820236,31,16,1,0.0625,17.048387096774196,ENSSSCG00000034639
Liver,KEGG,KEGG:00040,Pentose and glucuronate interconversions,0.23900914569820236,26,16,1,0.0625,20.326923076923077,ENSSSCG00000008935
Liver,GO:BP,GO:0034405,response to fluid shear stress,0.2400128886699386,20,37,1,0.02702702702702703,25.883783783783784,ENSSSCG00000039094
Liver,GO:BP,GO:1903319,positive regulation of protein maturation,0.2400128886699386,20,37,1,0.02702702702702703,25.883783783783784,ENSSSCG00000037508
Liver,GO:BP,GO:0031579,membrane raft organization,0.2400128886699386,20,37,1,0.02702702702702703,25.883783783783784,ENSSSCG00000037508
Liver,GO:BP,GO:0009251,glucan catabolic process,0.24183877186037703,21,37,1,0.02702702702702703,24.651222651222653,ENSSSCG00000034639
Liver,GO:BP,GO:0022011,myelination in peripheral nervous system,0.24183877186037703,22,37,1,0.02702702702702703,23.53071253071253,ENSSSCG00000039094
Liver,GO:BP,GO:0000272,polysaccharide catabolic process,0.24183877186037703,21,37,1,0.02702702702702703,24.651222651222653,ENSSSCG00000034639
Liver,GO:BP,GO:0009162,deoxyribonucleoside monophosphate metabolic process,0.24183877186037703,21,37,1,0.02702702702702703,24.651222651222653,ENSSSCG00000037120
Liver,GO:BP,GO:0051016,barbed-end actin filament capping,0.24183877186037703,21,37,1,0.02702702702702703,24.651222651222653,ENSSSCG00000037508
Liver,GO:BP,GO:0032292,peripheral nervous system axon ensheathment,0.24183877186037703,22,37,1,0.02702702702702703,23.53071253071253,ENSSSCG00000039094
Liver,GO:BP,GO:0031032,actomyosin structure organization,0.24183877186037703,166,37,2,0.05405405405405406,6.237056333441876,"ENSSSCG00000016397,ENSSSCG00000039094"
Liver,GO:BP,GO:0051154,negative regulation of striated muscle cell differentiation,0.24183877186037703,22,37,1,0.02702702702702703,23.53071253071253,ENSSSCG00000028552
Liver,GO:BP,GO:0007187,"G protein-coupled receptor signaling pathway, coupled to cyclic nucleotide second messenger",0.24183877186037703,22,37,1,0.02702702702702703,23.53071253071253,ENSSSCG00000029096
Liver,GO:BP,GO:0097484,dendrite extension,0.24183877186037703,22,37,1,0.02702702702702703,23.53071253071253,ENSSSCG00000004280
Liver,GO:BP,GO:1990000,amyloid fibril formation,0.24183877186037703,22,37,1,0.02702702702702703,23.53071253071253,ENSSSCG00000037508
Liver,GO:BP,GO:0006515,protein quality control for misfolded or incompletely synthesized proteins,0.24183877186037703,22,37,1,0.02702702702702703,23.53071253071253,ENSSSCG00000005659
Liver,GO:BP,GO:0032878,regulation of establishment or maintenance of cell polarity,0.24183877186037703,21,37,1,0.02702702702702703,24.651222651222653,ENSSSCG00000037508
Liver,GO:BP,GO:1901605,alpha-amino acid metabolic process,0.24298983664809878,169,37,2,0.05405405405405406,6.126339357108589,"ENSSSCG00000010495,ENSSSCG00000004401"
Liver,GO:BP,GO:0090075,relaxation of muscle,0.2494377852192905,23,37,1,0.02702702702702703,22.507638072855467,ENSSSCG00000037508
Liver,GO:BP,GO:0060117,auditory receptor cell development,0.25682942730670366,24,37,1,0.02702702702702703,21.56981981981982,ENSSSCG00000013377
Liver,GO:BP,GO:0098664,G protein-coupled serotonin receptor signaling pathway,0.25682942730670366,24,37,1,0.02702702702702703,21.56981981981982,ENSSSCG00000029096
Liver,GO:BP,GO:0051260,protein homooligomerization,0.2575952300258486,177,37,2,0.05405405405405406,5.849442663001985,"ENSSSCG00000037120,ENSSSCG00000032923"
Liver,GO:BP,GO:0070293,renal absorption,0.2608403407887188,25,37,1,0.02702702702702703,20.707027027027028,ENSSSCG00000037508
Liver,GO:BP,GO:0045216,cell-cell junction organization,0.2608403407887188,179,37,2,0.05405405405405406,5.7840857617393935,"ENSSSCG00000004886,ENSSSCG00000039094"
Liver,GO:BP,GO:0032094,response to food,0.2608403407887188,25,37,1,0.02702702702702703,20.707027027027028,ENSSSCG00000039094
Liver,REAC,REAC:R-SSC-9757110,Prednisone ADME,0.2634595241473176,15,17,1,0.058823529411764705,30.56470588235294,ENSSSCG00000008935
Liver,REAC,REAC:R-SSC-75815,Ubiquitin-dependent degradation of Cyclin D,0.2634595241473176,38,17,1,0.058823529411764705,12.06501547987616,ENSSSCG00000033332
Liver,REAC,REAC:R-SSC-68949,Orc1 removal from chromatin,0.2634595241473176,57,17,1,0.058823529411764705,8.043343653250774,ENSSSCG00000033332
Liver,REAC,REAC:R-SSC-8939236,RUNX1 regulates transcription of genes involved in differentiation of HSCs,0.2634595241473176,54,17,1,0.058823529411764705,8.490196078431373,ENSSSCG00000033332
Liver,REAC,REAC:R-SSC-8948751,Regulation of PTEN stability and activity,0.2634595241473176,50,17,1,0.058823529411764705,9.169411764705881,ENSSSCG00000033332
Liver,REAC,REAC:R-SSC-5658442,Regulation of RAS by GAPs,0.2634595241473176,54,17,1,0.058823529411764705,8.490196078431373,ENSSSCG00000033332
Liver,REAC,REAC:R-SSC-1592230,Mitochondrial biogenesis,0.2634595241473176,31,17,1,0.058823529411764705,14.789373814041747,ENSSSCG00000023903
Liver,REAC,REAC:R-SSC-1234176,Oxygen-dependent proline hydroxylation of Hypoxia-inducible Factor Alpha,0.2634595241473176,49,17,1,0.058823529411764705,9.356542617046818,ENSSSCG00000033332
Liver,REAC,REAC:R-SSC-446107,Type I hemidesmosome assembly,0.2634595241473176,10,17,1,0.058823529411764705,45.847058823529416,ENSSSCG00000039094
Liver,REAC,REAC:R-SSC-69580,p53-Dependent G1/S DNA damage checkpoint,0.2634595241473176,49,17,1,0.058823529411764705,9.356542617046818,ENSSSCG00000033332
Liver,REAC,REAC:R-SSC-8878166,Transcriptional regulation by RUNX2,0.2634595241473176,50,17,1,0.058823529411764705,9.169411764705881,ENSSSCG00000033332
Liver,REAC,REAC:R-SSC-8956321,Nucleotide salvage,0.2634595241473176,18,17,1,0.058823529411764705,25.470588235294116,ENSSSCG00000037120
Liver,REAC,REAC:R-SSC-69563,p53-Dependent G1 DNA Damage Response,0.2634595241473176,49,17,1,0.058823529411764705,9.356542617046818,ENSSSCG00000033332
Liver,REAC,REAC:R-SSC-9759194,Nuclear events mediated by NFE2L2,0.2634595241473176,43,17,1,0.058823529411764705,10.662106703146375,ENSSSCG00000033332
Liver,REAC,REAC:R-SSC-181430,Norepinephrine Neurotransmitter Release Cycle,0.2634595241473176,13,17,1,0.058823529411764705,35.26696832579185,ENSSSCG00000004280
Liver,REAC,REAC:R-SSC-112310,Neurotransmitter release cycle,0.2634595241473176,41,17,1,0.058823529411764705,11.182209469153515,ENSSSCG00000004280
Liver,REAC,REAC:R-SSC-5676590,NIK-->noncanonical NF-kB signaling,0.2634595241473176,40,17,1,0.058823529411764705,11.461764705882354,ENSSSCG00000033332
Liver,REAC,REAC:R-SSC-69613,p53-Independent G1/S DNA damage checkpoint,0.2634595241473176,39,17,1,0.058823529411764705,11.755656108597284,ENSSSCG00000033332
Liver,REAC,REAC:R-SSC-8941858,Regulation of RUNX3 expression and activity,0.2634595241473176,41,17,1,0.058823529411764705,11.182209469153515,ENSSSCG00000033332
Liver,REAC,REAC:R-SSC-73614,Pyrimidine salvage,0.2634595241473176,8,17,1,0.058823529411764705,57.30882352941176,ENSSSCG00000037120
Liver,REAC,REAC:R-SSC-3295583,TRP channels,0.2634595241473176,27,17,1,0.058823529411764705,16.980392156862745,ENSSSCG00000016314
Liver,REAC,REAC:R-SSC-350562,Regulation of ornithine decarboxylase (ODC),0.2634595241473176,36,17,1,0.058823529411764705,12.735294117647058,ENSSSCG00000033332
Liver,REAC,REAC:R-SSC-8852276,The role of GTSE1 in G2/M progression after G2 checkpoint,0.2634595241473176,59,17,1,0.058823529411764705,7.770687936191426,ENSSSCG00000033332
Liver,REAC,REAC:R-SSC-187577,SCF(Skp2)-mediated degradation of p27/p21,0.2634595241473176,47,17,1,0.058823529411764705,9.754693366708386,ENSSSCG00000033332
Liver,REAC,REAC:R-SSC-8939902,Regulation of RUNX2 expression and activity,0.2634595241473176,39,17,1,0.058823529411764705,11.755656108597284,ENSSSCG00000033332
Liver,REAC,REAC:R-SSC-804914,Transport of fatty acids,0.2634595241473176,8,17,1,0.058823529411764705,57.30882352941176,ENSSSCG00000014257
Liver,REAC,REAC:R-SSC-77289,Mitochondrial Fatty Acid Beta-Oxidation,0.2634595241473176,32,17,1,0.058823529411764705,14.32720588235294,ENSSSCG00000017566
Liver,REAC,REAC:R-SSC-69017,CDK-mediated phosphorylation and removal of Cdc6,0.2634595241473176,54,17,1,0.058823529411764705,8.490196078431373,ENSSSCG00000033332
Liver,REAC,REAC:R-SSC-264870,Caspase-mediated cleavage of cytoskeletal proteins,0.2634595241473176,10,17,1,0.058823529411764705,45.847058823529416,ENSSSCG00000039094
Liver,REAC,REAC:R-SSC-69541,Stabilization of p53,0.2634595241473176,41,17,1,0.058823529411764705,11.182209469153515,ENSSSCG00000033332
Liver,REAC,REAC:R-SSC-174184,Cdc20:Phospho-APC/C mediated degradation of Cyclin A,0.2634595241473176,53,17,1,0.058823529411764705,8.6503884572697,ENSSSCG00000033332
Liver,REAC,REAC:R-SSC-69615,G1/S DNA Damage Checkpoints,0.2634595241473176,51,17,1,0.058823529411764705,8.98961937716263,ENSSSCG00000033332
Liver,REAC,REAC:R-SSC-446728,Cell junction organization,0.2634595241473176,67,17,2,0.11764705882352941,13.685689201053554,"ENSSSCG00000004886,ENSSSCG00000039094"
Liver,REAC,REAC:R-SSC-1500931,Cell-Cell communication,0.2634595241473176,86,17,2,0.11764705882352941,10.662106703146375,"ENSSSCG00000004886,ENSSSCG00000039094"
Liver,REAC,REAC:R-SSC-421270,Cell-cell junction organization,0.2634595241473176,41,17,1,0.058823529411764705,11.182209469153515,ENSSSCG00000004886
Liver,REAC,REAC:R-SSC-163210,Formation of ATP by chemiosmotic coupling,0.2634595241473176,13,17,1,0.058823529411764705,35.26696832579185,ENSSSCG00000023903
Liver,REAC,REAC:R-SSC-1234174,Cellular response to hypoxia,0.2634595241473176,54,17,1,0.058823529411764705,8.490196078431373,ENSSSCG00000033332
Liver,REAC,REAC:R-SSC-390522,Striated Muscle Contraction,0.2634595241473176,30,17,1,0.058823529411764705,15.28235294117647,ENSSSCG00000016397
Liver,REAC,REAC:R-SSC-8949613,Cristae formation,0.2634595241473176,13,17,1,0.058823529411764705,35.26696832579185,ENSSSCG00000023903
Liver,REAC,REAC:R-SSC-1236978,Cross-presentation of soluble exogenous antigens (endosomes),0.2634595241473176,36,17,1,0.058823529411764705,12.735294117647058,ENSSSCG00000033332
Liver,REAC,REAC:R-SSC-69656,Cyclin A:Cdk2-associated events at S phase entry,0.2634595241473176,56,17,1,0.058823529411764705,8.186974789915967,ENSSSCG00000033332
Liver,REAC,REAC:R-SSC-69202,Cyclin E associated events during G1/S transition ,0.2634595241473176,54,17,1,0.058823529411764705,8.490196078431373,ENSSSCG00000033332
Liver,REAC,REAC:R-SSC-5607761,Dectin-1 mediated noncanonical NF-kB signaling,0.2634595241473176,40,17,1,0.058823529411764705,11.461764705882354,ENSSSCG00000033332
Liver,REAC,REAC:R-SSC-4641257,Degradation of AXIN,0.2634595241473176,40,17,1,0.058823529411764705,11.461764705882354,ENSSSCG00000033332
Liver,REAC,REAC:R-SSC-4641258,Degradation of DVL,0.2634595241473176,44,17,1,0.058823529411764705,10.419786096256685,ENSSSCG00000033332
Liver,REAC,REAC:R-SSC-5610780,Degradation of GLI1 by the proteasome,0.2634595241473176,42,17,1,0.058823529411764705,10.915966386554622,ENSSSCG00000033332
Liver,REAC,REAC:R-SSC-425397,"Transport of vitamins, nucleosides, and related molecules",0.2634595241473176,39,17,1,0.058823529411764705,11.755656108597284,ENSSSCG00000014257
Liver,REAC,REAC:R-SSC-8935690,Digestion,0.2634595241473176,19,17,1,0.058823529411764705,24.13003095975232,ENSSSCG00000034639
Liver,REAC,REAC:R-SSC-8963743,Digestion and absorption,0.2634595241473176,23,17,1,0.058823529411764705,19.933503836317136,ENSSSCG00000034639
Liver,REAC,REAC:R-SSC-189085,Digestion of dietary carbohydrate,0.2634595241473176,10,17,1,0.058823529411764705,45.847058823529416,ENSSSCG00000034639
Liver,REAC,REAC:R-SSC-212676,Dopamine Neurotransmitter Release Cycle,0.2634595241473176,18,17,1,0.058823529411764705,25.470588235294116,ENSSSCG00000004280
Liver,REAC,REAC:R-SSC-382551,Transport of small molecules,0.2634595241473176,568,17,3,0.17647058823529413,2.421499585749793,"ENSSSCG00000016314,ENSSSCG00000014257,ENSSSCG00000033332"
Liver,REAC,REAC:R-SSC-1168372,Downstream signaling events of B Cell Receptor (BCR),0.2634595241473176,52,17,1,0.058823529411764705,8.816742081447963,ENSSSCG00000033332
Liver,REAC,REAC:R-SSC-8854050,FBXL7 down-regulates AURKA during mitotic entry and in early mitosis,0.2634595241473176,42,17,1,0.058823529411764705,10.915966386554622,ENSSSCG00000033332
Liver,REAC,REAC:R-SSC-349425,Autodegradation of the E3 ubiquitin ligase COP1,0.2634595241473176,39,17,1,0.058823529411764705,11.755656108597284,ENSSSCG00000033332
Liver,REAC,REAC:R-SSC-69610,p53-Independent DNA Damage Response,0.2634595241473176,39,17,1,0.058823529411764705,11.755656108597284,ENSSSCG00000033332
Liver,REAC,REAC:R-SSC-888590,"GABA synthesis, release, reuptake and degradation",0.2634595241473176,15,17,1,0.058823529411764705,30.56470588235294,ENSSSCG00000004280
Liver,REAC,REAC:R-SSC-174084,Autodegradation of Cdh1 by Cdh1:APC/C,0.2634595241473176,45,17,1,0.058823529411764705,10.188235294117646,ENSSSCG00000033332
Liver,REAC,REAC:R-SSC-351202,Metabolism of polyamines,0.2634595241473176,44,17,1,0.058823529411764705,10.419786096256685,ENSSSCG00000033332
Liver,REAC,REAC:R-SSC-71291,Metabolism of amino acids and derivatives,0.2634595241473176,210,17,2,0.11764705882352941,4.366386554621848,"ENSSSCG00000010495,ENSSSCG00000033332"
Liver,REAC,REAC:R-SSC-181429,Serotonin Neurotransmitter Release Cycle,0.2634595241473176,13,17,1,0.058823529411764705,35.26696832579185,ENSSSCG00000004280
Liver,REAC,REAC:R-SSC-174154,APC/C:Cdc20 mediated degradation of Securin,0.2634595241473176,49,17,1,0.058823529411764705,9.356542617046818,ENSSSCG00000033332
Liver,REAC,REAC:R-SSC-1430728,Metabolism,0.2634595241473176,1537,17,6,0.35294117647058826,1.7897355428833865,"ENSSSCG00000012053,ENSSSCG00000010495,ENSSSCG00000037120,ENSSSCG00000033332,ENSSSCG00000017566,ENSSSCG00000023903"
Liver,REAC,REAC:R-SSC-176409,APC/C:Cdc20 mediated degradation of mitotic proteins,0.2634595241473176,55,17,1,0.058823529411764705,8.335828877005348,ENSSSCG00000033332
Liver,REAC,REAC:R-SSC-5687128,MAPK6/MAPK4 signaling,0.2634595241473176,54,17,1,0.058823529411764705,8.490196078431373,ENSSSCG00000033332
Liver,REAC,REAC:R-SSC-9755511,KEAP1-NFE2L2 pathway,0.2634595241473176,60,17,1,0.058823529411764705,7.641176470588235,ENSSSCG00000033332
Liver,REAC,REAC:R-SSC-174178,APC/C:Cdh1 mediated degradation of Cdc20 and other APC/C:Cdh1 targeted proteins in late mitosis/early G1,0.2634595241473176,55,17,1,0.058823529411764705,8.335828877005348,ENSSSCG00000033332
Liver,REAC,REAC:R-SSC-179419,APC:Cdc20 mediated degradation of cell cycle proteins prior to satisfation of the cell cycle checkpoint,0.2634595241473176,53,17,1,0.058823529411764705,8.6503884572697,ENSSSCG00000033332
Liver,REAC,REAC:R-SSC-450408,AUF1 (hnRNP D0) binds and destabilizes mRNA,0.2634595241473176,42,17,1,0.058823529411764705,10.915966386554622,ENSSSCG00000033332
Liver,REAC,REAC:R-SSC-390650,Histamine receptors,0.2634595241473176,3,17,1,0.058823529411764705,152.82352941176472,ENSSSCG00000029096
Liver,REAC,REAC:R-SSC-5358346,Hedgehog ligand biogenesis,0.2634595241473176,47,17,1,0.058823529411764705,9.754693366708386,ENSSSCG00000033332
Liver,REAC,REAC:R-SSC-69601,Ubiquitin Mediated Degradation of Phosphorylated Cdc25A,0.2634595241473176,39,17,1,0.058823529411764705,11.755656108597284,ENSSSCG00000033332
Liver,REAC,REAC:R-SSC-264642,Acetylcholine Neurotransmitter Release Cycle,0.2634595241473176,12,17,1,0.058823529411764705,38.20588235294118,ENSSSCG00000004280
Liver,REAC,REAC:R-SSC-176814,Activation of APC/C and APC/C:Cdc20 mediated degradation of mitotic proteins,0.2634595241473176,56,17,1,0.058823529411764705,8.186974789915967,ENSSSCG00000033332
Liver,REAC,REAC:R-SSC-1169091,Activation of NF-kappaB in B cells,0.2634595241473176,41,17,1,0.058823529411764705,11.182209469153515,ENSSSCG00000033332
Liver,REAC,REAC:R-SSC-418990,Adherens junctions interactions,0.2634595241473176,34,17,1,0.058823529411764705,13.484429065743944,ENSSSCG00000004886
Liver,REAC,REAC:R-SSC-375280,Amine ligand-binding receptors,0.2634595241473176,30,17,1,0.058823529411764705,15.28235294117647,ENSSSCG00000029096
Liver,REAC,REAC:R-SSC-1236975,Antigen processing-Cross presentation,0.2634595241473176,58,17,1,0.058823529411764705,7.904665314401623,ENSSSCG00000033332
Liver,REAC,REAC:R-SSC-8964539,Glutamate and glutamine metabolism,0.2634595241473176,11,17,1,0.058823529411764705,41.67914438502674,ENSSSCG00000010495
Liver,REAC,REAC:R-SSC-111465,Apoptotic cleavage of cellular proteins,0.2634595241473176,31,17,1,0.058823529411764705,14.789373814041747,ENSSSCG00000039094
Liver,REAC,REAC:R-SSC-75153,Apoptotic execution phase,0.2634595241473176,37,17,1,0.058823529411764705,12.391096979332273,ENSSSCG00000039094
Liver,REAC,REAC:R-SSC-2022090,Assembly of collagen fibrils and other multimeric structures,0.2634595241473176,58,17,1,0.058823529411764705,7.904665314401623,ENSSSCG00000039094
Liver,REAC,REAC:R-SSC-210500,Glutamate Neurotransmitter Release Cycle,0.2634595241473176,20,17,1,0.058823529411764705,22.923529411764708,ENSSSCG00000004280
Liver,REAC,REAC:R-SSC-9762114,GSK3B and BTRC:CUL1-mediated-degradation of NFE2L2,0.2634595241473176,38,17,1,0.058823529411764705,12.06501547987616,ENSSSCG00000033332
Liver,REAC,REAC:R-SSC-4608870,Asymmetric localization of PCP proteins,0.2634595241473176,48,17,1,0.058823529411764705,9.551470588235295,ENSSSCG00000033332
Liver,REAC,REAC:R-SSC-5610785,GLI3 is processed to GLI3R by the proteasome,0.2634595241473176,42,17,1,0.058823529411764705,10.915966386554622,ENSSSCG00000033332
Liver,REAC,REAC:R-SSC-9753281,Paracetamol ADME,0.2634595241473176,26,17,1,0.058823529411764705,17.633484162895925,ENSSSCG00000008935
Liver,GO:BP,GO:0051125,regulation of actin nucleation,0.26474751372848926,26,37,1,0.02702702702702703,19.91060291060291,ENSSSCG00000037508
Liver,GO:BP,GO:0009913,epidermal cell differentiation,0.26474751372848926,184,37,2,0.05405405405405406,5.626909518213867,"ENSSSCG00000013377,ENSSSCG00000039094"
Liver,GO:BP,GO:0046717,acid secretion,0.26474751372848926,26,37,1,0.02702702702702703,19.91060291060291,ENSSSCG00000029096
Liver,GO:BP,GO:0034067,protein localization to Golgi apparatus,0.26474751372848926,26,37,1,0.02702702702702703,19.91060291060291,ENSSSCG00000012956
Liver,REAC,REAC:R-SSC-195253,Degradation of beta-catenin by the destruction complex,0.27359979089185743,64,17,1,0.058823529411764705,7.16360294117647,ENSSSCG00000033332
Liver,REAC,REAC:R-SSC-8878159,Transcriptional regulation by RUNX3,0.27359979089185743,64,17,1,0.058823529411764705,7.16360294117647,ENSSSCG00000033332
Liver,REAC,REAC:R-SSC-174143,APC/C-mediated degradation of cell cycle proteins,0.2753917893431769,66,17,1,0.058823529411764705,6.946524064171124,ENSSSCG00000033332
Liver,REAC,REAC:R-SSC-453276,Regulation of mitotic cell cycle,0.2753917893431769,66,17,1,0.058823529411764705,6.946524064171124,ENSSSCG00000033332
Liver,REAC,REAC:R-SSC-163125,Post-translational modification: synthesis of GPI-anchored proteins,0.2787247197509247,72,17,1,0.058823529411764705,6.367647058823529,ENSSSCG00000032923
Liver,REAC,REAC:R-SSC-9837999,Mitochondrial protein degradation,0.2787247197509247,70,17,1,0.058823529411764705,6.549579831932772,ENSSSCG00000010495
Liver,REAC,REAC:R-SSC-5668541,TNFR2 non-canonical NF-kB pathway,0.2787247197509247,74,17,1,0.058823529411764705,6.195548489666137,ENSSSCG00000033332
Liver,REAC,REAC:R-SSC-5632684,Hedgehog 'on' state,0.2787247197509247,69,17,1,0.058823529411764705,6.6445012787723785,ENSSSCG00000033332
Liver,REAC,REAC:R-SSC-450531,Regulation of mRNA stability by proteins that bind AU-rich elements,0.2787247197509247,69,17,1,0.058823529411764705,6.6445012787723785,ENSSSCG00000033332
Liver,REAC,REAC:R-SSC-5607764,CLEC7A (Dectin-1) signaling,0.2787247197509247,74,17,1,0.058823529411764705,6.195548489666137,ENSSSCG00000033332
Liver,REAC,REAC:R-SSC-69052,Switching of origins to a post-replicative state,0.2787247197509247,72,17,1,0.058823529411764705,6.367647058823529,ENSSSCG00000033332
Liver,REAC,REAC:R-SSC-202424,Downstream TCR signaling,0.2787247197509247,74,17,1,0.058823529411764705,6.195548489666137,ENSSSCG00000033332
Liver,REAC,REAC:R-SSC-4086400,PCP/CE pathway,0.2787247197509247,72,17,1,0.058823529411764705,6.367647058823529,ENSSSCG00000033332
Liver,GO:BP,GO:0016339,calcium-dependent cell-cell adhesion via plasma membrane cell adhesion molecules,0.2811615669796208,28,37,1,0.02702702702702703,18.48841698841699,ENSSSCG00000004886
Liver,GO:BP,GO:0060219,camera-type eye photoreceptor cell differentiation,0.2811615669796208,28,37,1,0.02702702702702703,18.48841698841699,ENSSSCG00000013377
Liver,REAC,REAC:R-SSC-382556,ABC-family proteins mediated transport,0.2828531364415417,76,17,1,0.058823529411764705,6.03250773993808,ENSSSCG00000033332
Liver,REAC,REAC:R-SSC-2672351,Stimuli-sensing channels,0.2834797346378562,77,17,1,0.058823529411764705,5.954163483575249,ENSSSCG00000016314
Liver,GO:BP,GO:0007507,heart development,0.28357776060078804,443,37,3,0.08108108108108109,3.5057043499481426,"ENSSSCG00000040313,ENSSSCG00000016397,ENSSSCG00000039094"
Liver,KEGG,KEGG:04931,Insulin resistance,0.2837455941116254,110,16,1,0.0625,4.804545454545455,ENSSSCG00000014257
Liver,KEGG,KEGG:04750,Inflammatory mediator regulation of TRP channels,0.2837455941116254,108,16,1,0.0625,4.893518518518519,ENSSSCG00000016314
Liver,GO:BP,GO:0045333,cellular respiration,0.2842137159008439,194,37,2,0.05405405405405406,5.336862635831708,"ENSSSCG00000023903,ENSSSCG00000039094"
Liver,GO:BP,GO:0000902,cell morphogenesis,0.2843193648094206,745,37,4,0.10810810810810811,2.779466715037185,"ENSSSCG00000004886,ENSSSCG00000004280,ENSSSCG00000013377,ENSSSCG00000039094"
Liver,GO:BP,GO:0007340,acrosome reaction,0.2843193648094206,29,37,1,0.02702702702702703,17.85088536812675,ENSSSCG00000004280
Liver,GO:BP,GO:0009409,response to cold,0.28980267665237747,32,37,1,0.02702702702702703,16.177364864864867,ENSSSCG00000016314
Liver,GO:BP,GO:0042462,eye photoreceptor cell development,0.28980267665237747,31,37,1,0.02702702702702703,16.699215344376636,ENSSSCG00000013377
Liver,GO:BP,GO:0014044,Schwann cell development,0.28980267665237747,32,37,1,0.02702702702702703,16.177364864864867,ENSSSCG00000039094
Liver,GO:BP,GO:0048247,lymphocyte chemotaxis,0.28980267665237747,32,37,1,0.02702702702702703,16.177364864864867,ENSSSCG00000039094
Liver,GO:BP,GO:2000300,regulation of synaptic vesicle exocytosis,0.28980267665237747,31,37,1,0.02702702702702703,16.699215344376636,ENSSSCG00000004280
Liver,GO:BP,GO:0014888,striated muscle adaptation,0.28980267665237747,32,37,1,0.02702702702702703,16.177364864864867,ENSSSCG00000037508
Liver,GO:BP,GO:0010256,endomembrane system organization,0.28980267665237747,461,37,3,0.08108108108108109,3.3688221844404063,"ENSSSCG00000016792,ENSSSCG00000037508,ENSSSCG00000039094"
Liver,GO:BP,GO:0043114,regulation of vascular permeability,0.28980267665237747,31,37,1,0.02702702702702703,16.699215344376636,ENSSSCG00000039094
Liver,GO:BP,GO:0006536,glutamate metabolic process,0.28980267665237747,31,37,1,0.02702702702702703,16.699215344376636,ENSSSCG00000010495
Liver,GO:BP,GO:0030574,collagen catabolic process,0.28980267665237747,31,37,1,0.02702702702702703,16.699215344376636,ENSSSCG00000016792
Liver,GO:BP,GO:0060122,inner ear receptor cell stereocilium organization,0.28980267665237747,32,37,1,0.02702702702702703,16.177364864864867,ENSSSCG00000013377
Liver,GO:BP,GO:0033260,nuclear DNA replication,0.28980267665237747,31,37,1,0.02702702702702703,16.699215344376636,ENSSSCG00000037120
Liver,GO:BP,GO:0061436,establishment of skin barrier,0.28980267665237747,32,37,1,0.02702702702702703,16.177364864864867,ENSSSCG00000039094
Liver,GO:BP,GO:0048511,rhythmic process,0.28980267665237747,201,37,2,0.05405405405405406,5.151001748016673,"ENSSSCG00000028552,ENSSSCG00000008171"
Liver,REAC,REAC:R-SSC-5689603,UCH proteinases,0.29129636394094266,81,17,1,0.058823529411764705,5.660130718954249,ENSSSCG00000033332
Liver,REAC,REAC:R-SSC-1474290,Collagen formation,0.29129636394094266,81,17,1,0.058823529411764705,5.660130718954249,ENSSSCG00000039094
Liver,REAC,REAC:R-SSC-5621481,C-type lectin receptors (CLRs),0.2917905440493255,82,17,1,0.058823529411764705,5.591104734576757,ENSSSCG00000033332
Liver,REAC,REAC:R-SSC-202403,TCR signaling,0.29443437036027015,88,17,1,0.058823529411764705,5.209893048128342,ENSSSCG00000033332
Liver,REAC,REAC:R-SSC-15869,Metabolism of nucleotides,0.29443437036027015,85,17,1,0.058823529411764705,5.3937716262975774,ENSSSCG00000037120
Liver,REAC,REAC:R-SSC-9020702,Interleukin-1 signaling,0.29443437036027015,88,17,1,0.058823529411764705,5.209893048128342,ENSSSCG00000033332
Liver,REAC,REAC:R-SSC-5610787,Hedgehog 'off' state,0.29443437036027015,88,17,1,0.058823529411764705,5.209893048128342,ENSSSCG00000033332
Liver,REAC,REAC:R-SSC-69206,G1/S Transition,0.29443437036027015,85,17,1,0.058823529411764705,5.3937716262975774,ENSSSCG00000033332
Liver,REAC,REAC:R-SSC-9748784,Drug ADME,0.29443437036027015,87,17,1,0.058823529411764705,5.269776876267748,ENSSSCG00000008935
Liver,GO:BP,GO:0048741,skeletal muscle fiber development,0.2954703613483513,33,37,1,0.02702702702702703,15.68714168714169,ENSSSCG00000039094
Liver,GO:BP,GO:0045494,photoreceptor cell maintenance,0.2954703613483513,33,37,1,0.02702702702702703,15.68714168714169,ENSSSCG00000013377
Liver,REAC,REAC:R-SSC-109581,Apoptosis,0.297839046959474,90,17,1,0.058823529411764705,5.094117647058823,ENSSSCG00000039094
Liver,GO:BP,GO:1901137,carbohydrate derivative biosynthetic process,0.298788540384119,475,37,3,0.08108108108108109,3.269530583214794,"ENSSSCG00000027538,ENSSSCG00000037120,ENSSSCG00000023903"
Liver,GO:BP,GO:0072528,pyrimidine-containing compound biosynthetic process,0.298788540384119,35,37,1,0.02702702702702703,14.790733590733591,ENSSSCG00000037120
Liver,GO:BP,GO:0014037,Schwann cell differentiation,0.298788540384119,35,37,1,0.02702702702702703,14.790733590733591,ENSSSCG00000039094
Liver,GO:BP,GO:0010830,regulation of myotube differentiation,0.298788540384119,35,37,1,0.02702702702702703,14.790733590733591,ENSSSCG00000028552
Liver,GO:BP,GO:0046638,positive regulation of alpha-beta T cell differentiation,0.298788540384119,35,37,1,0.02702702702702703,14.790733590733591,ENSSSCG00000012613
Liver,GO:BP,GO:0030866,cortical actin cytoskeleton organization,0.298788540384119,35,37,1,0.02702702702702703,14.790733590733591,ENSSSCG00000039094
Liver,GO:BP,GO:0009066,aspartate family amino acid metabolic process,0.298788540384119,35,37,1,0.02702702702702703,14.790733590733591,ENSSSCG00000004401
Liver,GO:BP,GO:0044786,cell cycle DNA replication,0.298788540384119,35,37,1,0.02702702702702703,14.790733590733591,ENSSSCG00000037120
Liver,GO:BP,GO:0051693,actin filament capping,0.298788540384119,35,37,1,0.02702702702702703,14.790733590733591,ENSSSCG00000037508
Liver,GO:BP,GO:0061061,muscle structure development,0.3004966291695941,484,37,3,0.08108108108108109,3.208733526915345,"ENSSSCG00000028552,ENSSSCG00000016397,ENSSSCG00000039094"
Liver,GO:BP,GO:0014904,myotube cell development,0.30104826598226636,36,37,1,0.02702702702702703,14.37987987987988,ENSSSCG00000039094
Liver,GO:BP,GO:0015986,proton motive force-driven ATP synthesis,0.30104826598226636,36,37,1,0.02702702702702703,14.37987987987988,ENSSSCG00000023903
Liver,GO:BP,GO:0009116,nucleoside metabolic process,0.30104826598226636,36,37,1,0.02702702702702703,14.37987987987988,ENSSSCG00000037120
Liver,REAC,REAC:R-SSC-6807070,PTEN Regulation,0.3070892792140322,94,17,1,0.058823529411764705,4.877346683354193,ENSSSCG00000033332
Liver,GO:BP,GO:0006911,"phagocytosis, engulfment",0.30963013125008937,38,37,1,0.02702702702702703,13.623044096728307,ENSSSCG00000037508
Liver,GO:BP,GO:0009124,nucleoside monophosphate biosynthetic process,0.30963013125008937,38,37,1,0.02702702702702703,13.623044096728307,ENSSSCG00000037120
Liver,GO:BP,GO:0042491,inner ear auditory receptor cell differentiation,0.30963013125008937,38,37,1,0.02702702702702703,13.623044096728307,ENSSSCG00000013377
Liver,GO:BP,GO:0009311,oligosaccharide metabolic process,0.30963013125008937,38,37,1,0.02702702702702703,13.623044096728307,ENSSSCG00000034639
Liver,GO:BP,GO:0045214,sarcomere organization,0.30963013125008937,38,37,1,0.02702702702702703,13.623044096728307,ENSSSCG00000039094
Liver,REAC,REAC:R-SSC-69239,Synthesis of DNA,0.31024971468930673,96,17,1,0.058823529411764705,4.775735294117648,ENSSSCG00000033332
Liver,GO:BP,GO:0051259,protein complex oligomerization,0.3111448766262897,228,37,2,0.05405405405405406,4.541014698909436,"ENSSSCG00000037120,ENSSSCG00000032923"
Liver,GO:BP,GO:0010761,fibroblast migration,0.3129400044642038,39,37,1,0.02702702702702703,13.273735273735275,ENSSSCG00000039094
Liver,GO:BP,GO:0030835,negative regulation of actin filament depolymerization,0.3129400044642038,39,37,1,0.02702702702702703,13.273735273735275,ENSSSCG00000037508
Liver,GO:BP,GO:0003008,system process,0.3129400044642038,2743,37,9,0.24324324324324326,1.6985348454542768,"ENSSSCG00000012053,ENSSSCG00000016314,ENSSSCG00000016792,ENSSSCG00000029096,ENSSSCG00000013377,ENSSSCG00000037508,ENSSSCG00000004401,ENSSSCG00000002753,ENSSSCG00000039094"
Liver,GO:BP,GO:0044331,cell-cell adhesion mediated by cadherin,0.31482633619433126,40,37,1,0.02702702702702703,12.941891891891892,ENSSSCG00000004886
Liver,GO:BP,GO:1904035,regulation of epithelial cell apoptotic process,0.31482633619433126,40,37,1,0.02702702702702703,12.941891891891892,ENSSSCG00000037508
Liver,GO:BP,GO:0070613,regulation of protein processing,0.31482633619433126,40,37,1,0.02702702702702703,12.941891891891892,ENSSSCG00000037508
Liver,REAC,REAC:R-SSC-211945,Phase I - Functionalization of compounds,0.3162116776818677,99,17,1,0.058823529411764705,4.6310160427807485,ENSSSCG00000012053
Liver,REAC,REAC:R-SSC-446652,Interleukin-1 family signaling,0.3163355347659241,100,17,1,0.058823529411764705,4.5847058823529405,ENSSSCG00000033332
Liver,GO:BP,GO:0071496,cellular response to external stimulus,0.3194527660713689,41,37,1,0.02702702702702703,12.626235992089653,ENSSSCG00000039094
Liver,GO:BP,GO:0071260,cellular response to mechanical stimulus,0.3194527660713689,41,37,1,0.02702702702702703,12.626235992089653,ENSSSCG00000039094
Liver,GO:BP,GO:0060119,inner ear receptor cell development,0.32121298256088726,43,37,1,0.02702702702702703,12.0389692017599,ENSSSCG00000013377
Liver,GO:BP,GO:0001754,eye photoreceptor cell differentiation,0.32121298256088726,42,37,1,0.02702702702702703,12.325611325611327,ENSSSCG00000013377
Liver,GO:BP,GO:0031648,protein destabilization,0.32121298256088726,43,37,1,0.02702702702702703,12.0389692017599,ENSSSCG00000037508
Liver,GO:BP,GO:0032506,cytokinetic process,0.32121298256088726,43,37,1,0.02702702702702703,12.0389692017599,ENSSSCG00000039094
Liver,GO:BP,GO:1901293,nucleoside phosphate biosynthetic process,0.32121298256088726,238,37,2,0.05405405405405406,4.3502157619804684,"ENSSSCG00000037120,ENSSSCG00000023903"
Liver,GO:BP,GO:1903317,regulation of protein maturation,0.32121298256088726,43,37,1,0.02702702702702703,12.0389692017599,ENSSSCG00000037508
Liver,GO:BP,GO:0019229,regulation of vasoconstriction,0.32121298256088726,43,37,1,0.02702702702702703,12.0389692017599,ENSSSCG00000029096
Liver,GO:BP,GO:0030490,maturation of SSU-rRNA,0.32121298256088726,42,37,1,0.02702702702702703,12.325611325611327,ENSSSCG00000002753
Liver,GO:BP,GO:1903311,regulation of mRNA metabolic process,0.32121298256088726,240,37,2,0.05405405405405406,4.313963963963964,"ENSSSCG00000034280,ENSSSCG00000017795"
Liver,KEGG,KEGG:01240,Biosynthesis of cofactors,0.32375733107311105,141,16,1,0.0625,3.7482269503546095,ENSSSCG00000008935
Liver,KEGG,KEGG:00190,Oxidative phosphorylation,0.32375733107311105,133,16,1,0.0625,3.9736842105263155,ENSSSCG00000023903
Liver,KEGG,KEGG:05017,Spinocerebellar ataxia,0.32375733107311105,141,16,1,0.0625,3.7482269503546095,ENSSSCG00000033332
Liver,GO:BP,GO:0035315,hair cell differentiation,0.32411313760179633,44,37,1,0.02702702702702703,11.765356265356266,ENSSSCG00000013377
Liver,GO:BP,GO:0051148,negative regulation of muscle cell differentiation,0.32411313760179633,44,37,1,0.02702702702702703,11.765356265356266,ENSSSCG00000028552
Liver,GO:BP,GO:0170034,L-amino acid biosynthetic process,0.32411313760179633,44,37,1,0.02702702702702703,11.765356265356266,ENSSSCG00000010495
Liver,KEGG,KEGG:04723,Retrograde endocannabinoid signaling,0.32452859449973737,146,16,1,0.0625,3.6198630136986303,ENSSSCG00000004280
Liver,REAC,REAC:R-SSC-3858494,Beta-catenin independent WNT signaling,0.3248750195696083,104,17,1,0.058823529411764705,4.408371040723981,ENSSSCG00000033332
Liver,GO:BP,GO:0043113,receptor clustering,0.3255346049798274,45,37,1,0.02702702702702703,11.503903903903906,ENSSSCG00000037508
Liver,GO:BP,GO:0006520,amino acid metabolic process,0.3255346049798274,248,37,2,0.05405405405405406,4.174803836094159,"ENSSSCG00000010495,ENSSSCG00000004401"
Liver,GO:BP,GO:0001895,retina homeostasis,0.3255346049798274,45,37,1,0.02702702702702703,11.503903903903906,ENSSSCG00000013377
Liver,GO:BP,GO:0042461,photoreceptor cell development,0.3255346049798274,45,37,1,0.02702702702702703,11.503903903903906,ENSSSCG00000013377
Liver,GO:BP,GO:0046928,regulation of neurotransmitter secretion,0.3296542523760967,46,37,1,0.02702702702702703,11.253819036427734,ENSSSCG00000004280
Liver,GO:BP,GO:0007129,homologous chromosome pairing at meiosis,0.3296542523760967,46,37,1,0.02702702702702703,11.253819036427734,ENSSSCG00000011376
Liver,GO:BP,GO:0045010,actin nucleation,0.3309228935316558,47,37,1,0.02702702702702703,11.014376078205865,ENSSSCG00000037508
Liver,GO:BP,GO:0030834,regulation of actin filament depolymerization,0.3309228935316558,47,37,1,0.02702702702702703,11.014376078205865,ENSSSCG00000037508
Liver,GO:BP,GO:0030837,negative regulation of actin filament polymerization,0.3309228935316558,47,37,1,0.02702702702702703,11.014376078205865,ENSSSCG00000037508
Liver,GO:BP,GO:0099024,plasma membrane invagination,0.3309228935316558,47,37,1,0.02702702702702703,11.014376078205865,ENSSSCG00000037508
Liver,REAC,REAC:R-SSC-68867,Assembly of the pre-replicative complex,0.3331772779475307,108,17,1,0.058823529411764705,4.245098039215686,ENSSSCG00000033332
Liver,GO:BP,GO:0170038,proteinogenic amino acid biosynthetic process,0.3348712607848534,48,37,1,0.02702702702702703,10.78490990990991,ENSSSCG00000010495
Liver,GO:BP,GO:0050885,neuromuscular process controlling balance,0.3348712607848534,48,37,1,0.02702702702702703,10.78490990990991,ENSSSCG00000013377
Liver,REAC,REAC:R-SSC-453279,Mitotic G1 phase and G1/S transition,0.3358245669024215,110,17,1,0.058823529411764705,4.167914438502674,ENSSSCG00000033332
Liver,GO:BP,GO:0000381,"regulation of alternative mRNA splicing, via spliceosome",0.3373656931235234,49,37,1,0.02702702702702703,10.564809707666852,ENSSSCG00000017795
Liver,GO:BP,GO:0046635,positive regulation of alpha-beta T cell activation,0.3373656931235234,49,37,1,0.02702702702702703,10.564809707666852,ENSSSCG00000012613
Liver,GO:BP,GO:0072527,pyrimidine-containing compound metabolic process,0.3373656931235234,49,37,1,0.02702702702702703,10.564809707666852,ENSSSCG00000037120
Liver,GO:BP,GO:0030865,cortical cytoskeleton organization,0.34350321308372045,51,37,1,0.02702702702702703,10.150503444621092,ENSSSCG00000039094
Liver,GO:BP,GO:0019233,sensory perception of pain,0.34350321308372045,51,37,1,0.02702702702702703,10.150503444621092,ENSSSCG00000016792
Liver,GO:BP,GO:0046637,regulation of alpha-beta T cell differentiation,0.34350321308372045,51,37,1,0.02702702702702703,10.150503444621092,ENSSSCG00000012613
Liver,GO:BP,GO:0086003,cardiac muscle cell contraction,0.34350321308372045,51,37,1,0.02702702702702703,10.150503444621092,ENSSSCG00000037508
Liver,GO:BP,GO:1901657,glycosyl compound metabolic process,0.34350321308372045,51,37,1,0.02702702702702703,10.150503444621092,ENSSSCG00000037120
Liver,GO:BP,GO:0048255,mRNA stabilization,0.3457811790752671,52,37,1,0.02702702702702703,9.955301455301456,ENSSSCG00000034280
Liver,GO:BP,GO:0000423,mitophagy,0.3457811790752671,52,37,1,0.02702702702702703,9.955301455301456,ENSSSCG00000016792
Liver,GO:BP,GO:0030042,actin filament depolymerization,0.3457811790752671,52,37,1,0.02702702702702703,9.955301455301456,ENSSSCG00000037508
Liver,REAC,REAC:R-SSC-418555,G alpha (s) signalling events,0.3464321694925995,115,17,1,0.058823529411764705,3.9867007672634274,ENSSSCG00000029096
Liver,GO:BP,GO:0051289,protein homotetramerization,0.34664534852955403,53,37,1,0.02702702702702703,9.767465578786334,ENSSSCG00000037120
Liver,GO:BP,GO:0010324,membrane invagination,0.34664534852955403,53,37,1,0.02702702702702703,9.767465578786334,ENSSSCG00000037508
Liver,GO:BP,GO:0017156,calcium-ion regulated exocytosis,0.34664534852955403,53,37,1,0.02702702702702703,9.767465578786334,ENSSSCG00000004280
Liver,GO:BP,GO:0006754,ATP biosynthetic process,0.34664534852955403,53,37,1,0.02702702702702703,9.767465578786334,ENSSSCG00000023903
Liver,GO:BP,GO:0015980,energy derivation by oxidation of organic compounds,0.34695797517460575,274,37,2,0.05405405405405406,3.778654566975735,"ENSSSCG00000023903,ENSSSCG00000039094"
Liver,KEGG,KEGG:04141,Protein processing in endoplasmic reticulum,0.34742486392280164,163,16,1,0.0625,3.2423312883435584,ENSSSCG00000027538
Liver,REAC,REAC:R-SSC-9711123,Cellular response to chemical stress,0.34784262328099624,120,17,1,0.058823529411764705,3.8205882352941174,ENSSSCG00000033332
Liver,REAC,REAC:R-SSC-69242,S Phase,0.34784262328099624,121,17,1,0.058823529411764705,3.7890131259115214,ENSSSCG00000033332
Liver,REAC,REAC:R-SSC-5357801,Programmed Cell Death,0.34784262328099624,119,17,1,0.058823529411764705,3.8526940187839838,ENSSSCG00000039094
Liver,REAC,REAC:R-SSC-5358351,Signaling by Hedgehog,0.34784262328099624,118,17,1,0.058823529411764705,3.885343968095713,ENSSSCG00000033332
Liver,REAC,REAC:R-SSC-69002,DNA Replication Pre-Initiation,0.34784262328099624,121,17,1,0.058823529411764705,3.7890131259115214,ENSSSCG00000033332
Liver,GO:BP,GO:0030036,actin cytoskeleton organization,0.3497725405464914,576,37,3,0.08108108108108109,2.6962274774774775,"ENSSSCG00000016397,ENSSSCG00000037508,ENSSSCG00000039094"
Liver,GO:BP,GO:1901607,alpha-amino acid biosynthetic process,0.3535785698932088,55,37,1,0.02702702702702703,9.412285012285013,ENSSSCG00000010495
Liver,GO:BP,GO:0045143,homologous chromosome segregation,0.3535785698932088,55,37,1,0.02702702702702703,9.412285012285013,ENSSSCG00000011376
Liver,GO:BP,GO:0051588,regulation of neurotransmitter transport,0.35452267398645987,56,37,1,0.02702702702702703,9.244208494208495,ENSSSCG00000004280
Liver,GO:BP,GO:0008544,epidermis development,0.35452267398645987,282,37,2,0.05405405405405406,3.671458692735289,"ENSSSCG00000013377,ENSSSCG00000039094"
Liver,GO:BP,GO:0060113,inner ear receptor cell differentiation,0.35452267398645987,56,37,1,0.02702702702702703,9.244208494208495,ENSSSCG00000013377
Liver,GO:BP,GO:0060042,retina morphogenesis in camera-type eye,0.35452267398645987,56,37,1,0.02702702702702703,9.244208494208495,ENSSSCG00000013377
Liver,GO:BP,GO:0072678,T cell migration,0.3551770659070668,57,37,1,0.02702702702702703,9.082029397818872,ENSSSCG00000039094
Liver,GO:BP,GO:0030162,regulation of proteolysis,0.3551770659070668,283,37,2,0.05405405405405406,3.6584853404641393,"ENSSSCG00000005659,ENSSSCG00000037508"
Liver,GO:BP,GO:0051153,regulation of striated muscle cell differentiation,0.3551770659070668,58,37,1,0.02702702702702703,8.925442684063375,ENSSSCG00000028552
Liver,GO:BP,GO:0008152,metabolic process,0.3551770659070668,11268,37,26,0.7027027027027027,1.194494814303121,"ENSSSCG00000034280,ENSSSCG00000005232,ENSSSCG00000010495,ENSSSCG00000027538,ENSSSCG00000033310,ENSSSCG00000016314,ENSSSCG00000037120,ENSSSCG00000028552,ENSSSCG00000016792,ENSSSCG00000014257,ENSSSCG00000012613,ENSSSCG00000008171,ENSSSCG00000011376,ENSSSCG00000011720,ENSSSCG00000018926,ENSSSCG00000033332,ENSSSCG00000005659,ENSSSCG00000017566,ENSSSCG00000025138,ENSSSCG00000037508,ENSSSCG00000034639,ENSSSCG00000004401,ENSSSCG00000023903,ENSSSCG00000002753,ENSSSCG00000039094,ENSSSCG00000017795"
Liver,GO:BP,GO:0051247,positive regulation of protein metabolic process,0.3551770659070668,594,37,3,0.08108108108108109,2.6145236145236144,"ENSSSCG00000034280,ENSSSCG00000005659,ENSSSCG00000037508"
Liver,GO:BP,GO:0032272,negative regulation of protein polymerization,0.3551770659070668,57,37,1,0.02702702702702703,9.082029397818872,ENSSSCG00000037508
Liver,GO:BP,GO:0007422,peripheral nervous system development,0.3551770659070668,58,37,1,0.02702702702702703,8.925442684063375,ENSSSCG00000039094
Liver,GO:BP,GO:0014706,striated muscle tissue development,0.3551770659070668,288,37,2,0.05405405405405406,3.59496996996997,"ENSSSCG00000016397,ENSSSCG00000039094"
Liver,GO:BP,GO:0046530,photoreceptor cell differentiation,0.3551770659070668,58,37,1,0.02702702702702703,8.925442684063375,ENSSSCG00000013377
Liver,GO:BP,GO:0070192,chromosome organization involved in meiotic cell cycle,0.3561424789337614,59,37,1,0.02702702702702703,8.774163994502977,ENSSSCG00000011376
Liver,GO:BP,GO:0043489,RNA stabilization,0.3561424789337614,59,37,1,0.02702702702702703,8.774163994502977,ENSSSCG00000034280
Liver,GO:BP,GO:1902373,negative regulation of mRNA catabolic process,0.3561424789337614,59,37,1,0.02702702702702703,8.774163994502977,ENSSSCG00000034280
Liver,GO:BP,GO:0019226,transmission of nerve impulse,0.3592593452022688,60,37,1,0.02702702702702703,8.627927927927928,ENSSSCG00000039094
Liver,GO:BP,GO:0006487,protein N-linked glycosylation,0.3592593452022688,60,37,1,0.02702702702702703,8.627927927927928,ENSSSCG00000027538
Liver,REAC,REAC:R-SSC-201681,TCF dependent signaling in response to WNT,0.36004001603107727,127,17,1,0.058823529411764705,3.6100046317739696,ENSSSCG00000033332
Liver,GO:BP,GO:0042310,vasoconstriction,0.3610411158381953,61,37,1,0.02702702702702703,8.486486486486486,ENSSSCG00000029096
Liver,GO:BP,GO:0042490,mechanoreceptor differentiation,0.3610411158381953,61,37,1,0.02702702702702703,8.486486486486486,ENSSSCG00000013377
Liver,GO:BP,GO:1901880,negative regulation of protein depolymerization,0.3610411158381953,61,37,1,0.02702702702702703,8.486486486486486,ENSSSCG00000037508
Liver,GO:BP,GO:0043500,muscle adaptation,0.363205968184876,62,37,1,0.02702702702702703,8.349607672188318,ENSSSCG00000037508
Liver,GO:BP,GO:0006368,transcription elongation by RNA polymerase II,0.363205968184876,63,37,1,0.02702702702702703,8.217074217074218,ENSSSCG00000005232
Liver,GO:BP,GO:0002260,lymphocyte homeostasis,0.363205968184876,63,37,1,0.02702702702702703,8.217074217074218,ENSSSCG00000012956
Liver,GO:BP,GO:0000380,"alternative mRNA splicing, via spliceosome",0.363205968184876,63,37,1,0.02702702702702703,8.217074217074218,ENSSSCG00000017795
Liver,GO:BP,GO:0003407,neural retina development,0.363205968184876,62,37,1,0.02702702702702703,8.349607672188318,ENSSSCG00000013377
Liver,GO:BP,GO:0170035,L-amino acid catabolic process,0.363205968184876,63,37,1,0.02702702702702703,8.217074217074218,ENSSSCG00000004401
Liver,GO:BP,GO:0008652,amino acid biosynthetic process,0.363205968184876,63,37,1,0.02702702702702703,8.217074217074218,ENSSSCG00000010495
Liver,GO:BP,GO:0048468,cell development,0.36523818439084815,2157,37,7,0.1891891891891892,1.6799859664950068,"ENSSSCG00000028552,ENSSSCG00000004280,ENSSSCG00000012613,ENSSSCG00000013377,ENSSSCG00000011376,ENSSSCG00000016397,ENSSSCG00000039094"
Liver,GO:BP,GO:0009145,purine nucleoside triphosphate biosynthetic process,0.36551980094128744,65,37,1,0.02702702702702703,7.964241164241164,ENSSSCG00000023903
Liver,GO:BP,GO:0071346,cellular response to type II interferon,0.36551980094128744,65,37,1,0.02702702702702703,7.964241164241164,ENSSSCG00000037508
Liver,GO:BP,GO:0009206,purine ribonucleoside triphosphate biosynthetic process,0.36551980094128744,64,37,1,0.02702702702702703,8.088682432432433,ENSSSCG00000023903
Liver,GO:BP,GO:0007044,cell-substrate junction assembly,0.36551980094128744,65,37,1,0.02702702702702703,7.964241164241164,ENSSSCG00000039094
Liver,GO:BP,GO:0060537,muscle tissue development,0.36551980094128744,307,37,2,0.05405405405405406,3.3724799718285063,"ENSSSCG00000016397,ENSSSCG00000039094"
Liver,GO:BP,GO:0044281,small molecule metabolic process,0.36551980094128744,1357,37,5,0.13513513513513514,1.9074269553267342,"ENSSSCG00000010495,ENSSSCG00000037120,ENSSSCG00000017566,ENSSSCG00000004401,ENSSSCG00000023903"
Liver,REAC,REAC:R-SSC-397014,Muscle contraction,0.36564787154491174,134,17,1,0.058823529411764705,3.4214223002633886,ENSSSCG00000016397
Liver,REAC,REAC:R-SSC-983712,Ion channel transport,0.36564787154491174,132,17,1,0.058823529411764705,3.473262032085562,ENSSSCG00000016314
Liver,REAC,REAC:R-SSC-2871837,FCERI mediated NF-kB activation,0.36564787154491174,131,17,1,0.058823529411764705,3.4997754827121685,ENSSSCG00000033332
Liver,REAC,REAC:R-SSC-69481,G2/M Checkpoints,0.36564787154491174,134,17,1,0.058823529411764705,3.4214223002633886,ENSSSCG00000033332
Liver,GO:BP,GO:0071229,cellular response to acid chemical,0.36926207043860104,66,37,1,0.02702702702702703,7.843570843570845,ENSSSCG00000039094
Liver,GO:BP,GO:0120193,tight junction organization,0.37149914106248416,69,37,1,0.02702702702702703,7.502546024285155,ENSSSCG00000039094
Liver,GO:BP,GO:0150115,cell-substrate junction organization,0.37149914106248416,70,37,1,0.02702702702702703,7.395366795366796,ENSSSCG00000039094
Liver,GO:BP,GO:1902369,negative regulation of RNA catabolic process,0.37149914106248416,69,37,1,0.02702702702702703,7.502546024285155,ENSSSCG00000034280
Liver,GO:BP,GO:0030029,actin filament-based process,0.37149914106248416,637,37,3,0.08108108108108109,2.4380330094615807,"ENSSSCG00000016397,ENSSSCG00000037508,ENSSSCG00000039094"
Liver,GO:BP,GO:0170040,proteinogenic amino acid catabolic process,0.37149914106248416,70,37,1,0.02702702702702703,7.395366795366796,ENSSSCG00000004401
Liver,GO:BP,GO:0045109,intermediate filament organization,0.37149914106248416,68,37,1,0.02702702702702703,7.612877583465819,ENSSSCG00000039094
Liver,GO:BP,GO:0120162,positive regulation of cold-induced thermogenesis,0.37149914106248416,70,37,1,0.02702702702702703,7.395366795366796,ENSSSCG00000016314
Liver,GO:BP,GO:0009064,glutamine family amino acid metabolic process,0.37149914106248416,68,37,1,0.02702702702702703,7.612877583465819,ENSSSCG00000010495
Liver,GO:BP,GO:0009201,ribonucleoside triphosphate biosynthetic process,0.37149914106248416,70,37,1,0.02702702702702703,7.395366795366796,ENSSSCG00000023903
Liver,GO:BP,GO:0043242,negative regulation of protein-containing complex disassembly,0.37149914106248416,69,37,1,0.02702702702702703,7.502546024285155,ENSSSCG00000037508
Liver,GO:BP,GO:0032963,collagen metabolic process,0.37149914106248416,69,37,1,0.02702702702702703,7.502546024285155,ENSSSCG00000016792
Liver,GO:BP,GO:0048871,multicellular organismal-level homeostasis,0.37149914106248416,632,37,3,0.08108108108108109,2.4573212452959288,"ENSSSCG00000016314,ENSSSCG00000013377,ENSSSCG00000012956"
Liver,GO:BP,GO:0070252,actin-mediated cell contraction,0.37149914106248416,67,37,1,0.02702702702702703,7.726502622025011,ENSSSCG00000037508
Liver,GO:BP,GO:0032436,positive regulation of proteasomal ubiquitin-dependent protein catabolic process,0.37149914106248416,70,37,1,0.02702702702702703,7.395366795366796,ENSSSCG00000005659
Liver,GO:BP,GO:0009123,nucleoside monophosphate metabolic process,0.37149914106248416,69,37,1,0.02702702702702703,7.502546024285155,ENSSSCG00000037120
Liver,GO:BP,GO:0044238,primary metabolic process,0.37406878125493026,9866,37,23,0.6216216216216216,1.2068255159680257,"ENSSSCG00000034280,ENSSSCG00000005232,ENSSSCG00000010495,ENSSSCG00000027538,ENSSSCG00000033310,ENSSSCG00000037120,ENSSSCG00000028552,ENSSSCG00000014257,ENSSSCG00000012613,ENSSSCG00000008171,ENSSSCG00000011376,ENSSSCG00000011720,ENSSSCG00000018926,ENSSSCG00000033332,ENSSSCG00000005659,ENSSSCG00000017566,ENSSSCG00000025138,ENSSSCG00000037508,ENSSSCG00000034639,ENSSSCG00000004401,ENSSSCG00000023903,ENSSSCG00000002753,ENSSSCG00000017795"
Liver,GO:BP,GO:0044042,glucan metabolic process,0.37406878125493026,71,37,1,0.02702702702702703,7.291206699657405,ENSSSCG00000034639
Liver,GO:BP,GO:0022402,cell cycle process,0.3798445867170681,1016,37,4,0.10810810810810811,2.038093211321558,"ENSSSCG00000037120,ENSSSCG00000013377,ENSSSCG00000011376,ENSSSCG00000039094"
Liver,GO:BP,GO:0045582,positive regulation of T cell differentiation,0.38147556897905005,73,37,1,0.02702702702702703,7.091447611995558,ENSSSCG00000012613
Liver,REAC,REAC:R-SSC-69306,DNA Replication,0.3816801905212233,148,17,1,0.058823529411764705,3.0977742448330683,ENSSSCG00000033332
Liver,REAC,REAC:R-SSC-2467813,Separation of Sister Chromatids,0.3816801905212233,151,17,1,0.058823529411764705,3.036229061160888,ENSSSCG00000033332
Liver,REAC,REAC:R-SSC-8978868,Fatty acid metabolism,0.3816801905212233,148,17,1,0.058823529411764705,3.0977742448330683,ENSSSCG00000017566
Liver,REAC,REAC:R-SSC-72163,mRNA Splicing - Major Pathway,0.3816801905212233,149,17,1,0.058823529411764705,3.0769838136596923,ENSSSCG00000012613
Liver,REAC,REAC:R-SSC-69275,G2/M Transition,0.3816801905212233,149,17,1,0.058823529411764705,3.0769838136596923,ENSSSCG00000033332
Liver,REAC,REAC:R-SSC-983705,Signaling by the B Cell Receptor (BCR),0.3816801905212233,145,17,1,0.058823529411764705,3.161866125760649,ENSSSCG00000033332
Liver,REAC,REAC:R-SSC-453274,Mitotic G2-G2/M phases,0.3816801905212233,151,17,1,0.058823529411764705,3.036229061160888,ENSSSCG00000033332
Liver,REAC,REAC:R-SSC-8953854,Metabolism of RNA,0.3816801905212233,473,17,2,0.11764705882352941,1.9385648551175227,"ENSSSCG00000012613,ENSSSCG00000033332"
Liver,REAC,REAC:R-SSC-8878171,Transcriptional regulation by RUNX1,0.38532138934551957,154,17,1,0.058823529411764705,2.9770817417876243,ENSSSCG00000033332
Liver,REAC,REAC:R-SSC-72172,mRNA Splicing,0.38677464283196955,156,17,1,0.058823529411764705,2.938914027149321,ENSSSCG00000012613
Liver,GO:BP,GO:0050877,nervous system process,0.3886997466538228,2245,37,7,0.1891891891891892,1.614133509901884,"ENSSSCG00000012053,ENSSSCG00000016314,ENSSSCG00000016792,ENSSSCG00000013377,ENSSSCG00000004401,ENSSSCG00000002753,ENSSSCG00000039094"
Liver,GO:BP,GO:0009142,nucleoside triphosphate biosynthetic process,0.3886997466538228,76,37,1,0.02702702702702703,6.811522048364154,ENSSSCG00000023903
Liver,GO:BP,GO:0000422,autophagy of mitochondrion,0.3886997466538228,76,37,1,0.02702702702702703,6.811522048364154,ENSSSCG00000016792
Liver,GO:BP,GO:1901879,regulation of protein depolymerization,0.3886997466538228,76,37,1,0.02702702702702703,6.811522048364154,ENSSSCG00000037508
Liver,GO:BP,GO:1903312,negative regulation of mRNA metabolic process,0.3886997466538228,76,37,1,0.02702702702702703,6.811522048364154,ENSSSCG00000034280
Liver,GO:BP,GO:0019752,carboxylic acid metabolic process,0.3886997466538228,663,37,3,0.08108108108108109,2.3424238718356367,"ENSSSCG00000010495,ENSSSCG00000017566,ENSSSCG00000004401"
Liver,GO:BP,GO:0045132,meiotic chromosome segregation,0.38983117031975284,77,37,1,0.02702702702702703,6.7230607230607236,ENSSSCG00000011376
Liver,GO:BP,GO:0051262,protein tetramerization,0.38983117031975284,77,37,1,0.02702702702702703,6.7230607230607236,ENSSSCG00000037120
Liver,GO:BP,GO:0045445,myoblast differentiation,0.38983117031975284,77,37,1,0.02702702702702703,6.7230607230607236,ENSSSCG00000039094
Liver,GO:BP,GO:0016079,synaptic vesicle exocytosis,0.3913433509185928,78,37,1,0.02702702702702703,6.636867636867637,ENSSSCG00000004280
Liver,GO:BP,GO:0043161,proteasome-mediated ubiquitin-dependent protein catabolic process,0.3913433509185928,341,37,2,0.05405405405405406,3.036220971704843,"ENSSSCG00000033332,ENSSSCG00000005659"
Liver,GO:BP,GO:0022600,digestive system process,0.3913433509185928,78,37,1,0.02702702702702703,6.636867636867637,ENSSSCG00000029096
Liver,KEGG,KEGG:05207,Chemical carcinogenesis - receptor activation,0.3921216900686766,194,16,1,0.0625,2.7242268041237114,ENSSSCG00000008935
Liver,GO:BP,GO:0006354,DNA-templated transcription elongation,0.3943823146180764,79,37,1,0.02702702702702703,6.552856654122476,ENSSSCG00000005232
Liver,GO:BP,GO:0043436,oxoacid metabolic process,0.3947082917474371,679,37,3,0.08108108108108109,2.287226843927875,"ENSSSCG00000010495,ENSSSCG00000017566,ENSSSCG00000004401"
Liver,GO:BP,GO:0001101,response to acid chemical,0.3954127128775928,80,37,1,0.02702702702702703,6.470945945945946,ENSSSCG00000039094
Liver,GO:BP,GO:0005976,polysaccharide metabolic process,0.3954127128775928,80,37,1,0.02702702702702703,6.470945945945946,ENSSSCG00000034639
Liver,GO:BP,GO:0006082,organic acid metabolic process,0.3975994695305935,685,37,3,0.08108108108108109,2.267192740185441,"ENSSSCG00000010495,ENSSSCG00000017566,ENSSSCG00000004401"
Liver,GO:BP,GO:0046634,regulation of alpha-beta T cell activation,0.3975994695305935,81,37,1,0.02702702702702703,6.391057724391059,ENSSSCG00000012613
Liver,GO:BP,GO:0097435,supramolecular fiber organization,0.3986705118708143,687,37,3,0.08108108108108109,2.260592470199457,"ENSSSCG00000016397,ENSSSCG00000037508,ENSSSCG00000039094"
Liver,GO:BP,GO:0007029,endoplasmic reticulum organization,0.3997517383491549,82,37,1,0.02702702702702703,6.313117996044826,ENSSSCG00000016792
Liver,GO:BP,GO:0003002,regionalization,0.40075440289945446,352,37,2,0.05405405405405406,2.9413390663390664,"ENSSSCG00000028552,ENSSSCG00000040313"
Liver,GO:BP,GO:0090066,regulation of anatomical structure size,0.4019094837047497,359,37,2,0.05405405405405406,2.8839870511179706,"ENSSSCG00000029096,ENSSSCG00000037508"
Liver,GO:BP,GO:0051983,regulation of chromosome segregation,0.4019094837047497,87,37,1,0.02702702702702703,5.950295122708916,ENSSSCG00000011376
Liver,GO:BP,GO:1901606,alpha-amino acid catabolic process,0.4019094837047497,84,37,1,0.02702702702702703,6.162805662805663,ENSSSCG00000004401
Liver,GO:BP,GO:1903305,regulation of regulated secretory pathway,0.4019094837047497,85,37,1,0.02702702702702703,6.090302066772655,ENSSSCG00000004280
Liver,GO:BP,GO:2000060,positive regulation of ubiquitin-dependent protein catabolic process,0.4019094837047497,86,37,1,0.02702702702702703,6.01948460087995,ENSSSCG00000005659
Liver,GO:BP,GO:0045621,positive regulation of lymphocyte differentiation,0.4019094837047497,87,37,1,0.02702702702702703,5.950295122708916,ENSSSCG00000012613
Liver,GO:BP,GO:0072676,lymphocyte migration,0.4019094837047497,85,37,1,0.02702702702702703,6.090302066772655,ENSSSCG00000039094
Liver,GO:BP,GO:0048477,oogenesis,0.4019094837047497,87,37,1,0.02702702702702703,5.950295122708916,ENSSSCG00000011376
Liver,GO:BP,GO:0021782,glial cell development,0.4019094837047497,84,37,1,0.02702702702702703,6.162805662805663,ENSSSCG00000039094
Liver,GO:BP,GO:0009628,response to abiotic stimulus,0.4019094837047497,706,37,3,0.08108108108108109,2.19975499578899,"ENSSSCG00000016314,ENSSSCG00000037508,ENSSSCG00000039094"
Liver,GO:BP,GO:0034341,response to type II interferon,0.4019094837047497,85,37,1,0.02702702702702703,6.090302066772655,ENSSSCG00000037508
Liver,GO:BP,GO:0001776,leukocyte homeostasis,0.4019094837047497,85,37,1,0.02702702702702703,6.090302066772655,ENSSSCG00000012956
Liver,GO:BP,GO:0030048,actin filament-based movement,0.4019094837047497,86,37,1,0.02702702702702703,6.01948460087995,ENSSSCG00000037508
Liver,GO:BP,GO:0003014,renal system process,0.4019094837047497,85,37,1,0.02702702702702703,6.090302066772655,ENSSSCG00000037508
Liver,GO:BP,GO:0045104,intermediate filament cytoskeleton organization,0.4019094837047497,87,37,1,0.02702702702702703,5.950295122708916,ENSSSCG00000039094
Liver,GO:BP,GO:0034329,cell junction assembly,0.4019094837047497,354,37,2,0.05405405405405406,2.9247213315009923,"ENSSSCG00000004886,ENSSSCG00000039094"
Liver,GO:BP,GO:0045103,intermediate filament-based process,0.40387451967354315,88,37,1,0.02702702702702703,5.882678132678133,ENSSSCG00000039094
Liver,GO:BP,GO:0007586,digestion,0.40387451967354315,88,37,1,0.02702702702702703,5.882678132678133,ENSSSCG00000029096
Liver,GO:BP,GO:0051851,host-mediated perturbation of symbiont process,0.40694639255661746,89,37,1,0.02702702702702703,5.816580625569389,ENSSSCG00000037508
Liver,REAC,REAC:R-SSC-2454202,Fc epsilon receptor (FCERI) signaling,0.40785821550527085,169,17,1,0.058823529411764705,2.712843717368604,ENSSSCG00000033332
Liver,REAC,REAC:R-SSC-5689880,Ub-specific processing proteases,0.40785821550527085,169,17,1,0.058823529411764705,2.712843717368604,ENSSSCG00000033332
Liver,REAC,REAC:R-SSC-211859,Biological oxidations,0.4109843620163177,172,17,1,0.058823529411764705,2.6655266757865936,ENSSSCG00000012053
Liver,GO:BP,GO:0042472,inner ear morphogenesis,0.41416880825728847,91,37,1,0.02702702702702703,5.688743688743689,ENSSSCG00000013377
Liver,REAC,REAC:R-SSC-112315,Transmission across Chemical Synapses,0.41598802053640915,176,17,1,0.058823529411764705,2.604946524064171,ENSSSCG00000004280
Liver,GO:BP,GO:0048024,"regulation of mRNA splicing, via spliceosome",0.4160124495143779,92,37,1,0.02702702702702703,5.626909518213867,ENSSSCG00000017795
Liver,GO:BP,GO:0045739,positive regulation of DNA repair,0.4160124495143779,92,37,1,0.02702702702702703,5.626909518213867,ENSSSCG00000008171
Liver,GO:BP,GO:0006091,generation of precursor metabolites and energy,0.41782793494505294,377,37,2,0.05405405405405406,2.7462900566348845,"ENSSSCG00000023903,ENSSSCG00000039094"
Liver,GO:BP,GO:0061640,cytoskeleton-dependent cytokinesis,0.41782793494505294,93,37,1,0.02702702702702703,5.566405114792212,ENSSSCG00000039094
Liver,REAC,REAC:R-SSC-1428517,Aerobic respiration and respiratory electron transport,0.417931718078151,182,17,1,0.058823529411764705,2.5190691661279896,ENSSSCG00000023903
Liver,REAC,REAC:R-SSC-2555396,Mitotic Metaphase and Anaphase,0.417931718078151,185,17,1,0.058823529411764705,2.4782193958664545,ENSSSCG00000033332
Liver,REAC,REAC:R-SSC-68882,Mitotic Anaphase,0.417931718078151,184,17,1,0.058823529411764705,2.491687979539642,ENSSSCG00000033332
Liver,REAC,REAC:R-SSC-8951664,Neddylation,0.417931718078151,182,17,1,0.058823529411764705,2.5190691661279896,ENSSSCG00000033332
Liver,REAC,REAC:R-SSC-1852241,Organelle biogenesis and maintenance,0.417931718078151,184,17,1,0.058823529411764705,2.491687979539642,ENSSSCG00000023903
Liver,REAC,REAC:R-SSC-1257604,PIP3 activates AKT signaling,0.417931718078151,186,17,1,0.058823529411764705,2.4648956356736242,ENSSSCG00000033332
Liver,GO:BP,GO:0032501,multicellular organismal process,0.41804892077836636,6574,37,16,0.43243243243243246,1.2599347141482828,"ENSSSCG00000012053,ENSSSCG00000016314,ENSSSCG00000028552,ENSSSCG00000004280,ENSSSCG00000016792,ENSSSCG00000012613,ENSSSCG00000029096,ENSSSCG00000013377,ENSSSCG00000040313,ENSSSCG00000016397,ENSSSCG00000037508,ENSSSCG00000004401,ENSSSCG00000002753,ENSSSCG00000039094,ENSSSCG00000017795,ENSSSCG00000012956"
Liver,GO:BP,GO:0060048,cardiac muscle contraction,0.4196157428710476,94,37,1,0.02702702702702703,5.507188039102933,ENSSSCG00000037508
Liver,GO:BP,GO:0042274,ribosomal small subunit biogenesis,0.421376341133763,95,37,1,0.02702702702702703,5.449217638691323,ENSSSCG00000002753
Liver,GO:BP,GO:0009063,amino acid catabolic process,0.421376341133763,95,37,1,0.02702702702702703,5.449217638691323,ENSSSCG00000004401
Liver,GO:BP,GO:1901800,positive regulation of proteasomal protein catabolic process,0.4242630761730418,96,37,1,0.02702702702702703,5.392454954954955,ENSSSCG00000005659
Liver,GO:BP,GO:1990138,neuron projection extension,0.42526279120222155,100,37,1,0.02702702702702703,5.176756756756757,ENSSSCG00000004280
Liver,GO:BP,GO:0009057,macromolecule catabolic process,0.42526279120222155,1137,37,4,0.10810810810810811,1.8211985072143384,"ENSSSCG00000034280,ENSSSCG00000033332,ENSSSCG00000005659,ENSSSCG00000034639"
Liver,GO:BP,GO:0030307,positive regulation of cell growth,0.42526279120222155,100,37,1,0.02702702702702703,5.176756756756757,ENSSSCG00000004280
Liver,GO:BP,GO:0008104,protein localization,0.42526279120222155,1964,37,6,0.16216216216216217,1.5814939175427973,"ENSSSCG00000004280,ENSSSCG00000013377,ENSSSCG00000037508,ENSSSCG00000039094,ENSSSCG00000011269,ENSSSCG00000012956"
Liver,GO:BP,GO:0070727,cellular macromolecule localization,0.42526279120222155,1972,37,6,0.16216216216216217,1.575078120717066,"ENSSSCG00000004280,ENSSSCG00000013377,ENSSSCG00000037508,ENSSSCG00000039094,ENSSSCG00000011269,ENSSSCG00000012956"
Liver,GO:BP,GO:0050806,positive regulation of synaptic transmission,0.42526279120222155,100,37,1,0.02702702702702703,5.176756756756757,ENSSSCG00000004280
Liver,GO:BP,GO:0046632,alpha-beta T cell differentiation,0.42526279120222155,97,37,1,0.02702702702702703,5.336862635831708,ENSSSCG00000012613
Liver,GO:BP,GO:0035821,modulation of process of another organism,0.42526279120222155,99,37,1,0.02702702702702703,5.22904722904723,ENSSSCG00000037508
Liver,GO:BP,GO:0006259,DNA metabolic process,0.42526279120222155,750,37,3,0.08108108108108109,2.070702702702703,"ENSSSCG00000037120,ENSSSCG00000008171,ENSSSCG00000011376"
Liver,GO:BP,GO:0007389,pattern specification process,0.42526279120222155,387,37,2,0.05405405405405406,2.6753264892799775,"ENSSSCG00000028552,ENSSSCG00000040313"
Liver,GO:BP,GO:0051147,regulation of muscle cell differentiation,0.42526279120222155,99,37,1,0.02702702702702703,5.22904722904723,ENSSSCG00000028552
Liver,GO:BP,GO:0051261,protein depolymerization,0.42526279120222155,100,37,1,0.02702702702702703,5.176756756756757,ENSSSCG00000037508
Liver,GO:BP,GO:0007127,meiosis I,0.42526279120222155,100,37,1,0.02702702702702703,5.176756756756757,ENSSSCG00000011376
Liver,GO:BP,GO:0120161,regulation of cold-induced thermogenesis,0.4301446444644514,107,37,1,0.02702702702702703,4.838090426875474,ENSSSCG00000016314
Liver,GO:BP,GO:0106106,cold-induced thermogenesis,0.4301446444644514,108,37,1,0.02702702702702703,4.793293293293294,ENSSSCG00000016314
Liver,GO:BP,GO:0099643,signal release from synapse,0.4301446444644514,102,37,1,0.02702702702702703,5.075251722310546,ENSSSCG00000004280
Liver,GO:BP,GO:0048593,camera-type eye morphogenesis,0.4301446444644514,106,37,1,0.02702702702702703,4.883732789393167,ENSSSCG00000013377
Liver,GO:BP,GO:0097746,blood vessel diameter maintenance,0.4301446444644514,107,37,1,0.02702702702702703,4.838090426875474,ENSSSCG00000029096
Liver,GO:BP,GO:0060972,left/right pattern formation,0.4301446444644514,109,37,1,0.02702702702702703,4.749318125464915,ENSSSCG00000040313
Liver,GO:BP,GO:0048639,positive regulation of developmental growth,0.4301446444644514,111,37,1,0.02702702702702703,4.6637448259069885,ENSSSCG00000004280
Liver,GO:BP,GO:0042471,ear morphogenesis,0.4301446444644514,110,37,1,0.02702702702702703,4.706142506142506,ENSSSCG00000013377
Liver,GO:BP,GO:0000086,G2/M transition of mitotic cell cycle,0.4301446444644514,111,37,1,0.02702702702702703,4.6637448259069885,ENSSSCG00000013377
Liver,GO:BP,GO:0071897,DNA biosynthetic process,0.4301446444644514,107,37,1,0.02702702702702703,4.838090426875474,ENSSSCG00000037120
Liver,GO:BP,GO:0061982,meiosis I cell cycle process,0.4301446444644514,105,37,1,0.02702702702702703,4.93024453024453,ENSSSCG00000011376
Liver,GO:BP,GO:0031333,negative regulation of protein-containing complex assembly,0.4301446444644514,106,37,1,0.02702702702702703,4.883732789393167,ENSSSCG00000037508
Liver,GO:BP,GO:0032434,regulation of proteasomal ubiquitin-dependent protein catabolic process,0.4301446444644514,111,37,1,0.02702702702702703,4.6637448259069885,ENSSSCG00000005659
Liver,GO:BP,GO:0043244,regulation of protein-containing complex disassembly,0.4301446444644514,106,37,1,0.02702702702702703,4.883732789393167,ENSSSCG00000037508
Liver,GO:BP,GO:0045727,positive regulation of translation,0.4301446444644514,103,37,1,0.02702702702702703,5.0259774337444245,ENSSSCG00000034280
Liver,GO:BP,GO:0030003,intracellular monoatomic cation homeostasis,0.4301446444644514,419,37,2,0.05405405405405406,2.4710056118170676,"ENSSSCG00000016314,ENSSSCG00000032923"
Liver,GO:BP,GO:0008366,axon ensheathment,0.4301446444644514,108,37,1,0.02702702702702703,4.793293293293294,ENSSSCG00000039094
Liver,GO:BP,GO:1901135,carbohydrate derivative metabolic process,0.4301446444644514,783,37,3,0.08108108108108109,1.9834317075696388,"ENSSSCG00000027538,ENSSSCG00000037120,ENSSSCG00000023903"
Liver,GO:BP,GO:0050684,regulation of mRNA processing,0.4301446444644514,110,37,1,0.02702702702702703,4.706142506142506,ENSSSCG00000017795
Liver,GO:BP,GO:0007601,visual perception,0.4301446444644514,109,37,1,0.02702702702702703,4.749318125464915,ENSSSCG00000002753
Liver,GO:BP,GO:0009152,purine ribonucleotide biosynthetic process,0.4301446444644514,108,37,1,0.02702702702702703,4.793293293293294,ENSSSCG00000023903
Liver,GO:BP,GO:0035296,regulation of tube diameter,0.4301446444644514,107,37,1,0.02702702702702703,4.838090426875474,ENSSSCG00000029096
Liver,GO:BP,GO:0035150,regulation of tube size,0.4301446444644514,108,37,1,0.02702702702702703,4.793293293293294,ENSSSCG00000029096
Liver,GO:BP,GO:0007368,determination of left/right symmetry,0.4301446444644514,104,37,1,0.02702702702702703,4.977650727650728,ENSSSCG00000040313
Liver,GO:BP,GO:0007272,ensheathment of neurons,0.4301446444644514,108,37,1,0.02702702702702703,4.793293293293294,ENSSSCG00000039094
Liver,GO:BP,GO:0009266,response to temperature stimulus,0.4301446444644514,103,37,1,0.02702702702702703,5.0259774337444245,ENSSSCG00000016314
Liver,GO:BP,GO:0007269,neurotransmitter secretion,0.4301446444644514,102,37,1,0.02702702702702703,5.075251722310546,ENSSSCG00000004280
Liver,GO:BP,GO:0007156,homophilic cell adhesion via plasma membrane adhesion molecules,0.4301446444644514,111,37,1,0.02702702702702703,4.6637448259069885,ENSSSCG00000004886
Liver,GO:BP,GO:0009799,specification of symmetry,0.4301446444644514,111,37,1,0.02702702702702703,4.6637448259069885,ENSSSCG00000040313
Liver,GO:BP,GO:0009855,determination of bilateral symmetry,0.4301446444644514,111,37,1,0.02702702702702703,4.6637448259069885,ENSSSCG00000040313
Liver,GO:BP,GO:1903052,positive regulation of proteolysis involved in protein catabolic process,0.4301446444644514,110,37,1,0.02702702702702703,4.706142506142506,ENSSSCG00000005659
Liver,GO:BP,GO:0022904,respiratory electron transport chain,0.4301446444644514,103,37,1,0.02702702702702703,5.0259774337444245,ENSSSCG00000039094
Liver,GO:BP,GO:0042552,myelination,0.4301446444644514,106,37,1,0.02702702702702703,4.883732789393167,ENSSSCG00000039094
Liver,GO:BP,GO:0098773,skin epidermis development,0.4324167406904128,112,37,1,0.02702702702702703,4.6221042471042475,ENSSSCG00000039094
Liver,KEGG,KEGG:04714,Thermogenesis,0.43320631464770665,226,16,1,0.0625,2.338495575221239,ENSSSCG00000023903
Liver,GO:BP,GO:0022900,electron transport chain,0.43378480475901626,113,37,1,0.02702702702702703,4.581200669696245,ENSSSCG00000039094
Liver,GO:BP,GO:0030833,regulation of actin filament polymerization,0.43378480475901626,113,37,1,0.02702702702702703,4.581200669696245,ENSSSCG00000037508
Liver,GO:BP,GO:0009056,catabolic process,0.4341346999828109,2045,37,6,0.16216216216216217,1.5188528381682418,"ENSSSCG00000034280,ENSSSCG00000016792,ENSSSCG00000033332,ENSSSCG00000005659,ENSSSCG00000034639,ENSSSCG00000004401"
Liver,GO:BP,GO:0098771,inorganic ion homeostasis,0.43475973682947017,426,37,2,0.05405405405405406,2.430402233219135,"ENSSSCG00000016314,ENSSSCG00000032923"
Liver,GO:BP,GO:0006997,nucleus organization,0.43475973682947017,114,37,1,0.02702702702702703,4.541014698909436,ENSSSCG00000039094
Liver,GO:BP,GO:0006873,intracellular monoatomic ion homeostasis,0.43526318746015036,427,37,2,0.05405405405405406,2.424710424710425,"ENSSSCG00000016314,ENSSSCG00000032923"
Liver,REAC,REAC:R-SSC-195721,Signaling by WNT,0.4368091686697126,198,17,1,0.058823529411764705,2.3155080213903743,ENSSSCG00000033332
Liver,GO:BP,GO:0032502,developmental process,0.442114505711823,4832,37,12,0.32432432432432434,1.2856183998568105,"ENSSSCG00000004886,ENSSSCG00000028552,ENSSSCG00000004280,ENSSSCG00000016792,ENSSSCG00000012613,ENSSSCG00000013377,ENSSSCG00000011376,ENSSSCG00000040313,ENSSSCG00000016397,ENSSSCG00000037508,ENSSSCG00000039094,ENSSSCG00000017795"
Liver,GO:BP,GO:1990845,adaptive thermogenesis,0.4445110247101025,118,37,1,0.02702702702702703,4.387081997251489,ENSSSCG00000016314
Liver,KEGG,KEGG:04020,Calcium signaling pathway,0.4477048770253453,243,16,1,0.0625,2.174897119341564,ENSSSCG00000029096
Liver,REAC,REAC:R-SSC-9006925,Intracellular signaling by second messengers,0.447971367246339,206,17,1,0.058823529411764705,2.225585379782981,ENSSSCG00000033332
Liver,GO:BP,GO:0042110,T cell activation,0.44949990247354776,439,37,2,0.05405405405405406,2.3584313242627597,"ENSSSCG00000012613,ENSSSCG00000037508"
Liver,GO:BP,GO:2001236,regulation of extrinsic apoptotic signaling pathway,0.44949990247354776,120,37,1,0.02702702702702703,4.313963963963964,ENSSSCG00000003177
Liver,GO:BP,GO:0009260,ribonucleotide biosynthetic process,0.4513620743790457,121,37,1,0.02702702702702703,4.27831136922046,ENSSSCG00000023903
Liver,GO:BP,GO:0007292,female gamete generation,0.45149207587367357,122,37,1,0.02702702702702703,4.243243243243243,ENSSSCG00000011376
Liver,GO:BP,GO:0006119,oxidative phosphorylation,0.45149207587367357,122,37,1,0.02702702702702703,4.243243243243243,ENSSSCG00000023903
Liver,GO:BP,GO:0030010,establishment of cell polarity,0.45149207587367357,122,37,1,0.02702702702702703,4.243243243243243,ENSSSCG00000037508
Liver,KEGG,KEGG:05012,Parkinson disease,0.4524736422458198,258,16,1,0.0625,2.048449612403101,ENSSSCG00000033332
Liver,KEGG,KEGG:05020,Prion disease,0.4524736422458198,262,16,1,0.0625,2.017175572519084,ENSSSCG00000033332
Liver,GO:BP,GO:0007605,sensory perception of sound,0.4526643459683984,123,37,1,0.02702702702702703,4.2087453306965505,ENSSSCG00000013377
Liver,GO:BP,GO:0045580,regulation of T cell differentiation,0.4526643459683984,123,37,1,0.02702702702702703,4.2087453306965505,ENSSSCG00000012613
Liver,GO:BP,GO:0090407,organophosphate biosynthetic process,0.45319711285932773,458,37,2,0.05405405405405406,2.260592470199457,"ENSSSCG00000037120,ENSSSCG00000023903"
Liver,GO:BP,GO:0016052,carbohydrate catabolic process,0.45319711285932773,129,37,1,0.02702702702702703,4.012989733919967,ENSSSCG00000034639
Liver,GO:BP,GO:0043524,negative regulation of neuron apoptotic process,0.45319711285932773,128,37,1,0.02702702702702703,4.044341216216217,ENSSSCG00000016792
Liver,GO:BP,GO:0008064,regulation of actin polymerization or depolymerization,0.45319711285932773,129,37,1,0.02702702702702703,4.012989733919967,ENSSSCG00000037508
Liver,GO:BP,GO:0017157,regulation of exocytosis,0.45319711285932773,128,37,1,0.02702702702702703,4.044341216216217,ENSSSCG00000004280
Liver,GO:BP,GO:0051494,negative regulation of cytoskeleton organization,0.45319711285932773,127,37,1,0.02702702702702703,4.076186422643116,ENSSSCG00000037508
Liver,GO:BP,GO:0044283,small molecule biosynthetic process,0.45319711285932773,450,37,2,0.05405405405405406,2.300780780780781,"ENSSSCG00000010495,ENSSSCG00000037120"
Liver,GO:BP,GO:0030216,keratinocyte differentiation,0.45319711285932773,126,37,1,0.02702702702702703,4.108537108537109,ENSSSCG00000039094
Liver,GO:BP,GO:0007338,single fertilization,0.45319711285932773,125,37,1,0.02702702702702703,4.141405405405406,ENSSSCG00000004280
Liver,GO:BP,GO:0007275,multicellular organism development,0.45319711285932773,3461,37,9,0.24324324324324326,1.346166160381705,"ENSSSCG00000028552,ENSSSCG00000004280,ENSSSCG00000012613,ENSSSCG00000013377,ENSSSCG00000040313,ENSSSCG00000016397,ENSSSCG00000037508,ENSSSCG00000039094,ENSSSCG00000017795"
Liver,GO:BP,GO:0030832,regulation of actin filament length,0.45319711285932773,129,37,1,0.02702702702702703,4.012989733919967,ENSSSCG00000037508
Liver,GO:BP,GO:0046390,ribose phosphate biosynthetic process,0.45319711285932773,126,37,1,0.02702702702702703,4.108537108537109,ENSSSCG00000023903
Liver,GO:BP,GO:0048588,developmental cell growth,0.45319711285932773,126,37,1,0.02702702702702703,4.108537108537109,ENSSSCG00000004280
Liver,GO:BP,GO:0007043,cell-cell junction assembly,0.45319711285932773,125,37,1,0.02702702702702703,4.141405405405406,ENSSSCG00000004886
Liver,GO:BP,GO:0044839,cell cycle G2/M phase transition,0.45319711285932773,126,37,1,0.02702702702702703,4.108537108537109,ENSSSCG00000013377
Liver,GO:BP,GO:0006941,striated muscle contraction,0.45319711285932773,128,37,1,0.02702702702702703,4.044341216216217,ENSSSCG00000037508
Liver,GO:BP,GO:0010498,proteasomal protein catabolic process,0.45319711285932773,453,37,2,0.05405405405405406,2.285543821967663,"ENSSSCG00000033332,ENSSSCG00000005659"
Liver,GO:BP,GO:0048592,eye morphogenesis,0.45319711285932773,128,37,1,0.02702702702702703,4.044341216216217,ENSSSCG00000013377
Liver,GO:BP,GO:1902904,negative regulation of supramolecular fiber organization,0.45326128090065476,130,37,1,0.02702702702702703,3.982120582120582,ENSSSCG00000037508
Liver,GO:BP,GO:0070925,organelle assembly,0.45326128090065476,845,37,3,0.08108108108108109,1.8379018071325763,"ENSSSCG00000016397,ENSSSCG00000037508,ENSSSCG00000039094"
Liver,GO:BP,GO:0006261,DNA-templated DNA replication,0.45326128090065476,130,37,1,0.02702702702702703,3.982120582120582,ENSSSCG00000037120
Liver,GO:BP,GO:0006164,purine nucleotide biosynthetic process,0.4570959633029188,132,37,1,0.02702702702702703,3.9217854217854224,ENSSSCG00000023903
Liver,GO:BP,GO:0030041,actin filament polymerization,0.4570959633029188,133,37,1,0.02702702702702703,3.8922983133509454,ENSSSCG00000037508
Liver,GO:BP,GO:0048589,developmental growth,0.4570959633029188,466,37,2,0.05405405405405406,2.2217840157754325,"ENSSSCG00000004280,ENSSSCG00000039094"
Liver,GO:BP,GO:1903708,positive regulation of hemopoiesis,0.4570959633029188,133,37,1,0.02702702702702703,3.8922983133509454,ENSSSCG00000012613
Liver,GO:BP,GO:0007049,cell cycle,0.4570959633029188,1269,37,4,0.10810810810810811,1.6317594189934617,"ENSSSCG00000037120,ENSSSCG00000013377,ENSSSCG00000011376,ENSSSCG00000039094"
Liver,GO:BP,GO:1902107,positive regulation of leukocyte differentiation,0.4570959633029188,133,37,1,0.02702702702702703,3.8922983133509454,ENSSSCG00000012613
Liver,GO:BP,GO:0046631,alpha-beta T cell activation,0.4574046506925749,134,37,1,0.02702702702702703,3.8632513110125055,ENSSSCG00000012613
Liver,GO:BP,GO:0007519,skeletal muscle tissue development,0.4574046506925749,134,37,1,0.02702702702702703,3.8632513110125055,ENSSSCG00000039094
Liver,GO:BP,GO:0001659,temperature homeostasis,0.45840385280029367,135,37,1,0.02702702702702703,3.834634634634635,ENSSSCG00000016314
Liver,GO:BP,GO:0072359,circulatory system development,0.45840385280029367,860,37,3,0.08108108108108109,1.8058453802639851,"ENSSSCG00000040313,ENSSSCG00000016397,ENSSSCG00000039094"
Liver,REAC,REAC:R-SSC-425407,SLC-mediated transmembrane transport,0.4587541625057927,214,17,1,0.058823529411764705,2.14238592633315,ENSSSCG00000014257
Liver,GO:BP,GO:0035264,multicellular organism growth,0.4593219384378596,136,37,1,0.02702702702702703,3.8064387917329094,ENSSSCG00000039094
Liver,GO:BP,GO:0055080,monoatomic cation homeostasis,0.4593219384378596,476,37,2,0.05405405405405406,2.1751078809902342,"ENSSSCG00000016314,ENSSSCG00000032923"
Liver,GO:BP,GO:0060041,retina development in camera-type eye,0.4593219384378596,138,37,1,0.02702702702702703,3.7512730121425775,ENSSSCG00000013377
Liver,GO:BP,GO:0048856,anatomical structure development,0.4593219384378596,4485,37,11,0.2972972972972973,1.2696616348790262,"ENSSSCG00000004886,ENSSSCG00000028552,ENSSSCG00000004280,ENSSSCG00000012613,ENSSSCG00000013377,ENSSSCG00000011376,ENSSSCG00000040313,ENSSSCG00000016397,ENSSSCG00000037508,ENSSSCG00000039094,ENSSSCG00000017795"
Liver,GO:BP,GO:0022008,neurogenesis,0.4593219384378596,1288,37,4,0.10810810810810811,1.6076884337753903,"ENSSSCG00000028552,ENSSSCG00000004280,ENSSSCG00000013377,ENSSSCG00000039094"
Liver,GO:BP,GO:0043488,regulation of mRNA stability,0.4593219384378596,136,37,1,0.02702702702702703,3.8064387917329094,ENSSSCG00000034280
Liver,GO:BP,GO:2000241,regulation of reproductive process,0.4593219384378596,138,37,1,0.02702702702702703,3.7512730121425775,ENSSSCG00000011376
Liver,GO:BP,GO:2000058,regulation of ubiquitin-dependent protein catabolic process,0.4593219384378596,139,37,1,0.02702702702702703,3.7242854365156526,ENSSSCG00000005659
Liver,GO:BP,GO:1902905,positive regulation of supramolecular fiber organization,0.4593219384378596,139,37,1,0.02702702702702703,3.7242854365156526,ENSSSCG00000037508
Liver,GO:BP,GO:0050905,neuromuscular process,0.4593219384378596,137,37,1,0.02702702702702703,3.778654566975735,ENSSSCG00000013377
Liver,GO:BP,GO:0050954,sensory perception of mechanical stimulus,0.4593219384378596,137,37,1,0.02702702702702703,3.778654566975735,ENSSSCG00000013377
Liver,GO:BP,GO:0050801,monoatomic ion homeostasis,0.46312725518760406,483,37,2,0.05405405405405406,2.143584578367187,"ENSSSCG00000016314,ENSSSCG00000032923"
Liver,GO:BP,GO:1902600,proton transmembrane transport,0.46312725518760406,141,37,1,0.02702702702702703,3.671458692735289,ENSSSCG00000023903
Liver,GO:BP,GO:0006915,apoptotic process,0.46334618009631334,1298,37,4,0.10810810810810811,1.595302544455087,"ENSSSCG00000027538,ENSSSCG00000016792,ENSSSCG00000003177,ENSSSCG00000037508"
Liver,GO:BP,GO:0048167,regulation of synaptic plasticity,0.46403284932473804,142,37,1,0.02702702702702703,3.6456033498287024,ENSSSCG00000004280
Liver,REAC,REAC:R-SSC-72203,Processing of Capped Intron-Containing Pre-mRNA,0.4675067854649442,221,17,1,0.058823529411764705,2.0745275485759915,ENSSSCG00000012613
Liver,GO:BP,GO:0072657,protein localization to membrane,0.4677543205898192,489,37,2,0.05405405405405406,2.117282927098878,"ENSSSCG00000037508,ENSSSCG00000012956"
Liver,GO:BP,GO:1905475,regulation of protein localization to membrane,0.4677543205898192,144,37,1,0.02702702702702703,3.59496996996997,ENSSSCG00000037508
Liver,GO:BP,GO:0060538,skeletal muscle organ development,0.4686170548762928,145,37,1,0.02702702702702703,3.5701770736253495,ENSSSCG00000039094
Liver,GO:BP,GO:0043487,regulation of RNA stability,0.4686170548762928,145,37,1,0.02702702702702703,3.5701770736253495,ENSSSCG00000034280
Liver,GO:BP,GO:0006282,regulation of DNA repair,0.47225677457692794,147,37,1,0.02702702702702703,3.5216032358889504,ENSSSCG00000008171
Liver,GO:BP,GO:0006836,neurotransmitter transport,0.47225677457692794,147,37,1,0.02702702702702703,3.5216032358889504,ENSSSCG00000004280
Liver,GO:BP,GO:0045619,regulation of lymphocyte differentiation,0.4738871565763019,148,37,1,0.02702702702702703,3.497808619430241,ENSSSCG00000012613
Liver,GO:BP,GO:0006753,nucleoside phosphate metabolic process,0.4738871565763019,499,37,2,0.05405405405405406,2.0748524075177386,"ENSSSCG00000037120,ENSSSCG00000023903"
Liver,GO:BP,GO:0061013,regulation of mRNA catabolic process,0.4738871565763019,149,37,1,0.02702702702702703,3.4743333937964813,ENSSSCG00000034280
Liver,GO:BP,GO:0000910,cytokinesis,0.4738871565763019,149,37,1,0.02702702702702703,3.4743333937964813,ENSSSCG00000039094
Liver,REAC,REAC:R-SSC-5688426,Deubiquitination,0.4743449227669194,227,17,1,0.058823529411764705,2.019694221300855,ENSSSCG00000033332
Liver,GO:BP,GO:0051495,positive regulation of cytoskeleton organization,0.4756592327390876,150,37,1,0.02702702702702703,3.4511711711711714,ENSSSCG00000037508
Liver,GO:BP,GO:0007399,nervous system development,0.47716607035181635,1772,37,5,0.13513513513513514,1.460710145811726,"ENSSSCG00000028552,ENSSSCG00000004280,ENSSSCG00000013377,ENSSSCG00000037508,ENSSSCG00000039094"
Liver,GO:BP,GO:0042592,homeostatic process,0.47716607035181635,1331,37,4,0.10810810810810811,1.55574958880744,"ENSSSCG00000016314,ENSSSCG00000032923,ENSSSCG00000013377,ENSSSCG00000012956"
Liver,GO:BP,GO:0060560,developmental growth involved in morphogenesis,0.47818822438633624,152,37,1,0.02702702702702703,3.405761024182077,ENSSSCG00000004280
Liver,REAC,REAC:R-SSC-1474244,Extracellular matrix organization,0.47936908474664125,232,17,1,0.058823529411764705,1.9761663286004056,ENSSSCG00000039094
Liver,REAC,REAC:R-SSC-69620,Cell Cycle Checkpoints,0.479497480981494,234,17,1,0.058823529411764705,1.9592760180995474,ENSSSCG00000033332
Liver,GO:BP,GO:0060047,heart contraction,0.48164292836456657,154,37,1,0.02702702702702703,3.3615303615303618,ENSSSCG00000037508
Liver,GO:BP,GO:0140013,meiotic nuclear division,0.48164292836456657,154,37,1,0.02702702702702703,3.3615303615303618,ENSSSCG00000011376
Liver,REAC,REAC:R-SSC-5673001,RAF/MAP kinase cascade,0.48430823002454276,239,17,1,0.058823529411764705,1.9182869800639921,ENSSSCG00000033332
Liver,GO:BP,GO:0046034,ATP metabolic process,0.4844636403762716,159,37,1,0.02702702702702703,3.2558218595954442,ENSSSCG00000023903
Liver,GO:BP,GO:0012501,programmed cell death,0.4844636403762716,1357,37,4,0.10810810810810811,1.5259415642613874,"ENSSSCG00000027538,ENSSSCG00000016792,ENSSSCG00000003177,ENSSSCG00000037508"
Liver,GO:BP,GO:0008154,actin polymerization or depolymerization,0.4844636403762716,158,37,1,0.02702702702702703,3.276428327061238,ENSSSCG00000037508
Liver,GO:BP,GO:0006511,ubiquitin-dependent protein catabolic process,0.4844636403762716,517,37,2,0.05405405405405406,2.0026138324010665,"ENSSSCG00000033332,ENSSSCG00000005659"
Liver,GO:BP,GO:0009060,aerobic respiration,0.4844636403762716,160,37,1,0.02702702702702703,3.235472972972973,ENSSSCG00000023903
Liver,GO:BP,GO:0032271,regulation of protein polymerization,0.4844636403762716,160,37,1,0.02702702702702703,3.235472972972973,ENSSSCG00000037508
Liver,GO:BP,GO:0071674,mononuclear cell migration,0.4844636403762716,158,37,1,0.02702702702702703,3.276428327061238,ENSSSCG00000039094
Liver,GO:BP,GO:0098916,anterograde trans-synaptic signaling,0.4844636403762716,519,37,2,0.05405405405405406,1.994896630734781,"ENSSSCG00000004280,ENSSSCG00000029096"
Liver,GO:BP,GO:0099537,trans-synaptic signaling,0.4844636403762716,522,37,2,0.05405405405405406,1.9834317075696386,"ENSSSCG00000004280,ENSSSCG00000029096"
Liver,GO:BP,GO:0008219,cell death,0.4844636403762716,1357,37,4,0.10810810810810811,1.5259415642613874,"ENSSSCG00000027538,ENSSSCG00000016792,ENSSSCG00000003177,ENSSSCG00000037508"
Liver,GO:BP,GO:0055086,nucleobase-containing small molecule metabolic process,0.4844636403762716,516,37,2,0.05405405405405406,2.0064948669599834,"ENSSSCG00000037120,ENSSSCG00000023903"
Liver,GO:BP,GO:0007268,chemical synaptic transmission,0.4844636403762716,519,37,2,0.05405405405405406,1.994896630734781,"ENSSSCG00000004280,ENSSSCG00000029096"
Liver,GO:BP,GO:0043523,regulation of neuron apoptotic process,0.4844636403762716,160,37,1,0.02702702702702703,3.235472972972973,ENSSSCG00000016792
Liver,GO:BP,GO:0009566,fertilization,0.4844636403762716,159,37,1,0.02702702702702703,3.2558218595954442,ENSSSCG00000004280
Liver,GO:BP,GO:1903522,regulation of blood circulation,0.4855733588165287,161,37,1,0.02702702702702703,3.2153768675507806,ENSSSCG00000029096
Liver,REAC,REAC:R-SSC-5684996,MAPK1/MAPK3 signaling,0.48590047576481016,242,17,1,0.058823529411764705,1.8945065629557607,ENSSSCG00000033332
Liver,GO:BP,GO:0003015,heart process,0.486232803481537,162,37,1,0.02702702702702703,3.1955288621955296,ENSSSCG00000037508
Liver,GO:BP,GO:0048839,inner ear development,0.486232803481537,162,37,1,0.02702702702702703,3.1955288621955296,ENSSSCG00000013377
Liver,REAC,REAC:R-SSC-373076,Class A/1 (Rhodopsin-like receptors),0.487434289653197,247,17,1,0.058823529411764705,1.8561562276732553,ENSSSCG00000029096
Liver,REAC,REAC:R-SSC-983168,Antigen processing: Ubiquitination & Proteasome degradation,0.487434289653197,247,17,1,0.058823529411764705,1.8561562276732553,ENSSSCG00000033332
Liver,KEGG,KEGG:05016,Huntington disease,0.4878634108498094,298,16,1,0.0625,1.7734899328859062,ENSSSCG00000033332
Liver,GO:BP,GO:0019941,modification-dependent protein catabolic process,0.48844524423101043,528,37,2,0.05405405405405406,1.9608927108927112,"ENSSSCG00000033332,ENSSSCG00000005659"
Liver,GO:BP,GO:0043632,modification-dependent macromolecule catabolic process,0.4884739811782567,529,37,2,0.05405405405405406,1.9571859193787362,"ENSSSCG00000033332,ENSSSCG00000005659"
Liver,GO:BP,GO:0061136,regulation of proteasomal protein catabolic process,0.4884739811782567,164,37,1,0.02702702702702703,3.156558998022413,ENSSSCG00000005659
Liver,GO:BP,GO:0030595,leukocyte chemotaxis,0.4906698793482047,166,37,1,0.02702702702702703,3.118528166720938,ENSSSCG00000039094
Liver,GO:BP,GO:0019722,calcium-mediated signaling,0.4906698793482047,166,37,1,0.02702702702702703,3.118528166720938,ENSSSCG00000016314
Liver,GO:BP,GO:0006909,phagocytosis,0.4906698793482047,166,37,1,0.02702702702702703,3.118528166720938,ENSSSCG00000037508
Liver,GO:BP,GO:0045055,regulated exocytosis,0.4922276202000315,167,37,1,0.02702702702702703,3.099854345363328,ENSSSCG00000004280
Liver,GO:BP,GO:0099504,synaptic vesicle cycle,0.49282135489166656,168,37,1,0.02702702702702703,3.0814028314028317,ENSSSCG00000004280
Liver,GO:BP,GO:0009165,nucleotide biosynthetic process,0.49282135489166656,168,37,1,0.02702702702702703,3.0814028314028317,ENSSSCG00000023903
Liver,GO:BP,GO:0030154,cell differentiation,0.493605353106782,3235,37,8,0.21621621621621623,1.2801871423200635,"ENSSSCG00000028552,ENSSSCG00000004280,ENSSSCG00000016792,ENSSSCG00000012613,ENSSSCG00000013377,ENSSSCG00000011376,ENSSSCG00000016397,ENSSSCG00000039094"
Liver,GO:BP,GO:0045927,positive regulation of growth,0.493605353106782,170,37,1,0.02702702702702703,3.0451510333863276,ENSSSCG00000004280
Liver,GO:BP,GO:0048869,cellular developmental process,0.493605353106782,3235,37,8,0.21621621621621623,1.2801871423200635,"ENSSSCG00000028552,ENSSSCG00000004280,ENSSSCG00000016792,ENSSSCG00000012613,ENSSSCG00000013377,ENSSSCG00000011376,ENSSSCG00000016397,ENSSSCG00000039094"
Liver,GO:BP,GO:0045732,positive regulation of protein catabolic process,0.493605353106782,171,37,1,0.02702702702702703,3.0273431326062905,ENSSSCG00000005659
Liver,GO:BP,GO:0099536,synaptic signaling,0.493605353106782,542,37,2,0.05405405405405406,1.9102423456667,"ENSSSCG00000004280,ENSSSCG00000029096"
Liver,GO:BP,GO:0002064,epithelial cell development,0.493605353106782,170,37,1,0.02702702702702703,3.0451510333863276,ENSSSCG00000039094
Liver,GO:BP,GO:0006886,intracellular protein transport,0.493605353106782,543,37,2,0.05405405405405406,1.906724403961973,"ENSSSCG00000004280,ENSSSCG00000011269"
Liver,REAC,REAC:R-SSC-449147,Signaling by Interleukins,0.4948245687280704,254,17,1,0.058823529411764705,1.8050023158869848,ENSSSCG00000033332
Liver,GO:BP,GO:0055082,intracellular chemical homeostasis,0.4999926352985723,549,37,2,0.05405405405405406,1.885885885885886,"ENSSSCG00000016314,ENSSSCG00000032923"
Liver,REAC,REAC:R-SSC-5683057,MAPK family signaling cascades,0.5005261969237761,260,17,1,0.058823529411764705,1.7633484162895927,ENSSSCG00000033332
Liver,GO:BP,GO:0050870,positive regulation of T cell activation,0.5014367889890765,175,37,1,0.02702702702702703,2.9581467181467183,ENSSSCG00000012613
Liver,GO:BP,GO:0097191,extrinsic apoptotic signaling pathway,0.5019465501423649,176,37,1,0.02702702702702703,2.9413390663390664,ENSSSCG00000003177
Liver,GO:BP,GO:0022604,regulation of cell morphogenesis,0.5019465501423649,176,37,1,0.02702702702702703,2.9413390663390664,ENSSSCG00000004280
Liver,GO:BP,GO:0016485,protein processing,0.5033959402549946,177,37,1,0.02702702702702703,2.9247213315009923,ENSSSCG00000037508
Liver,GO:BP,GO:0006364,rRNA processing,0.5048353336701162,178,37,1,0.02702702702702703,2.9082903127846946,ENSSSCG00000002753
Liver,GO:BP,GO:0072522,purine-containing compound biosynthetic process,0.5062647951136623,179,37,1,0.02702702702702703,2.8920428808696967,ENSSSCG00000023903
Liver,GO:BP,GO:1903046,meiotic cell cycle process,0.5067336689816453,180,37,1,0.02702702702702703,2.8759759759759764,ENSSSCG00000011376
Liver,GO:BP,GO:0010001,glial cell differentiation,0.5067336689816453,180,37,1,0.02702702702702703,2.8759759759759764,ENSSSCG00000039094
Liver,GO:BP,GO:0009205,purine ribonucleoside triphosphate metabolic process,0.509981681543127,182,37,1,0.02702702702702703,2.8443718443718446,ENSSSCG00000023903
Liver,GO:BP,GO:0033036,macromolecule localization,0.509981681543127,2350,37,6,0.16216216216216217,1.3217251293847039,"ENSSSCG00000004280,ENSSSCG00000013377,ENSSSCG00000037508,ENSSSCG00000039094,ENSSSCG00000011269,ENSSSCG00000012956"
Liver,GO:BP,GO:0030855,epithelial cell differentiation,0.509981681543127,566,37,2,0.05405405405405406,1.8292426702320697,"ENSSSCG00000013377,ENSSSCG00000039094"
Liver,GO:BP,GO:0007163,establishment or maintenance of cell polarity,0.509981681543127,183,37,1,0.02702702702702703,2.8288288288288292,ENSSSCG00000037508
Liver,GO:BP,GO:0001667,ameboidal-type cell migration,0.5113608437197339,184,37,1,0.02702702702702703,2.8134547591069334,ENSSSCG00000039094
Liver,GO:BP,GO:0051668,localization within membrane,0.5114963073680596,569,37,2,0.05405405405405406,1.8195981570322521,"ENSSSCG00000037508,ENSSSCG00000012956"
Liver,GO:BP,GO:0045444,fat cell differentiation,0.5117827473854079,185,37,1,0.02702702702702703,2.7982468955441933,ENSSSCG00000016792
Liver,GO:BP,GO:0009144,purine nucleoside triphosphate metabolic process,0.5121971708481805,186,37,1,0.02702702702702703,2.783202557396106,ENSSSCG00000023903
Liver,GO:BP,GO:0043583,ear development,0.5121971708481805,186,37,1,0.02702702702702703,2.783202557396106,ENSSSCG00000013377
Liver,GO:BP,GO:0098742,cell-cell adhesion via plasma-membrane adhesion molecules,0.5139435050355798,188,37,1,0.02702702702702703,2.7535940195514663,ENSSSCG00000004886
Liver,GO:BP,GO:0060284,regulation of cell development,0.5139435050355798,575,37,2,0.05405405405405406,1.8006110458284372,"ENSSSCG00000028552,ENSSSCG00000012613"
Liver,GO:BP,GO:0044085,cellular component biogenesis,0.5139435050355798,3802,37,9,0.24324324324324326,1.2254290060707735,"ENSSSCG00000004886,ENSSSCG00000037120,ENSSSCG00000004280,ENSSSCG00000032923,ENSSSCG00000013377,ENSSSCG00000016397,ENSSSCG00000037508,ENSSSCG00000002753,ENSSSCG00000039094"
Liver,GO:BP,GO:0009199,ribonucleoside triphosphate metabolic process,0.5152735923789047,189,37,1,0.02702702702702703,2.7390247390247393,ENSSSCG00000023903
Liver,REAC,REAC:R-SSC-112316,Neuronal System,0.5159138742606488,273,17,1,0.058823529411764705,1.6793794440853265,ENSSSCG00000004280
Liver,GO:BP,GO:1903039,positive regulation of leukocyte cell-cell adhesion,0.5165945249154426,190,37,1,0.02702702702702703,2.7246088193456615,ENSSSCG00000012613
Liver,GO:BP,GO:0051054,positive regulation of DNA metabolic process,0.5169647126656124,191,37,1,0.02702702702702703,2.710343851705108,ENSSSCG00000008171
Liver,GO:BP,GO:1903050,regulation of proteolysis involved in protein catabolic process,0.5169647126656124,191,37,1,0.02702702702702703,2.710343851705108,ENSSSCG00000005659
Liver,GO:BP,GO:1902115,regulation of organelle assembly,0.518266853557516,192,37,1,0.02702702702702703,2.6962274774774775,ENSSSCG00000037508
Liver,GO:BP,GO:0009952,anterior/posterior pattern specification,0.5195600308330592,193,37,1,0.02702702702702703,2.6822573869205995,ENSSSCG00000028552
Liver,GO:BP,GO:1903047,mitotic cell cycle process,0.5197336108466807,586,37,2,0.05405405405405406,1.766811179780463,"ENSSSCG00000037120,ENSSSCG00000013377"
Liver,GO:BP,GO:0099003,vesicle-mediated transport in synapse,0.5199041487746571,194,37,1,0.02702702702702703,2.668431317915854,ENSSSCG00000004280
Liver,GO:BP,GO:0043413,macromolecule glycosylation,0.5202415914253039,195,37,1,0.02702702702702703,2.654747054747055,ENSSSCG00000027538
Liver,GO:BP,GO:0006486,protein glycosylation,0.5202415914253039,195,37,1,0.02702702702702703,2.654747054747055,ENSSSCG00000027538
Liver,GO:BP,GO:0046395,carboxylic acid catabolic process,0.5205724382874097,196,37,1,0.02702702702702703,2.641202426916713,ENSSSCG00000004401
Liver,GO:BP,GO:0016054,organic acid catabolic process,0.5205724382874097,196,37,1,0.02702702702702703,2.641202426916713,ENSSSCG00000004401
Liver,KEGG,KEGG:04080,Neuroactive ligand-receptor interaction,0.524630478948939,343,16,1,0.0625,1.5408163265306123,ENSSSCG00000029096
Liver,KEGG,KEGG:05014,Amyotrophic lateral sclerosis,0.524630478948939,350,16,1,0.0625,1.5099999999999998,ENSSSCG00000033332
Liver,GO:BP,GO:0042981,regulation of apoptotic process,0.5246466505310162,1029,37,3,0.08108108108108109,1.509258529666693,"ENSSSCG00000016792,ENSSSCG00000003177,ENSSSCG00000037508"
Liver,GO:BP,GO:0051321,meiotic cell cycle,0.5252513690603254,199,37,1,0.02702702702702703,2.601385304902893,ENSSSCG00000011376
Liver,GO:BP,GO:0009141,nucleoside triphosphate metabolic process,0.5282401037275337,201,37,1,0.02702702702702703,2.5755008740083367,ENSSSCG00000023903
Liver,GO:BP,GO:0034330,cell junction organization,0.5282401037275337,602,37,2,0.05405405405405406,1.7198527431085573,"ENSSSCG00000004886,ENSSSCG00000039094"
Liver,GO:BP,GO:0001894,tissue homeostasis,0.5282401037275337,202,37,1,0.02702702702702703,2.562750869681563,ENSSSCG00000013377
Liver,GO:BP,GO:0048638,regulation of developmental growth,0.5282401037275337,202,37,1,0.02702702702702703,2.562750869681563,ENSSSCG00000004280
Liver,GO:BP,GO:0060249,anatomical structure homeostasis,0.5282512228527808,203,37,1,0.02702702702702703,2.550126481160964,ENSSSCG00000013377
Liver,GO:BP,GO:0061024,membrane organization,0.5282512228527808,603,37,2,0.05405405405405406,1.7170005826722246,"ENSSSCG00000037508,ENSSSCG00000039094"
Liver,GO:BP,GO:0051402,neuron apoptotic process,0.52851548712684715,204,37,1,0.02702702702702703,2.537625861155273,ENSSSCG00000016792
Liver,GO:BP,GO:0006402,mRNA catabolic process,0.52851548712684715,204,37,1,0.02702702702702703,2.537625861155273,ENSSSCG00000034280
Liver,REAC,REAC:R-SSC-983169,Class I MHC mediated antigen processing & presentation,0.5292607116232383,285,17,1,0.058823529411764705,1.6086687306501546,ENSSSCG00000033332
Liver,KEGG,KEGG:05010,Alzheimer disease,0.5317712958058239,368,16,1,0.0625,1.4361413043478262,ENSSSCG00000033332
Liver,GO:BP,GO:0050890,cognition,0.5336631903898983,207,37,1,0.02702702702702703,2.5008486747617185,ENSSSCG00000012053
Liver,GO:BP,GO:0016072,rRNA metabolic process,0.5336631903898983,208,37,1,0.02702702702702703,2.488825363825364,ENSSSCG00000002753
Liver,GO:BP,GO:0048731,system development,0.5336631903898983,2927,37,7,0.1891891891891892,1.2380354389237205,"ENSSSCG00000028552,ENSSSCG00000004280,ENSSSCG00000013377,ENSSSCG00000040313,ENSSSCG00000016397,ENSSSCG00000037508,ENSSSCG00000039094"
Liver,GO:BP,GO:0032984,protein-containing complex disassembly,0.5336631903898983,208,37,1,0.02702702702702703,2.488825363825364,ENSSSCG00000037508
Liver,GO:BP,GO:0046649,lymphocyte activation,0.5336631903898983,614,37,2,0.05405405405405406,1.6862399859142532,"ENSSSCG00000012613,ENSSSCG00000037508"
Liver,GO:BP,GO:0006260,DNA replication,0.5355199217647437,210,37,1,0.02702702702702703,2.465122265122265,ENSSSCG00000037120
Liver,GO:BP,GO:0062197,cellular response to chemical stress,0.5407888587491484,213,37,1,0.02702702702702703,2.430402233219135,ENSSSCG00000039094
Liver,GO:BP,GO:0043067,regulation of programmed cell death,0.5417248053256523,1067,37,3,0.08108108108108109,1.4555079915904658,"ENSSSCG00000016792,ENSSSCG00000003177,ENSSSCG00000037508"
Liver,GO:BP,GO:0110053,regulation of actin filament organization,0.5430140160881018,215,37,1,0.02702702702702703,2.4077938403519803,ENSSSCG00000037508
Liver,GO:BP,GO:0040007,growth,0.5452082840845471,629,37,2,0.05405405405405406,1.646027585614231,"ENSSSCG00000004280,ENSSSCG00000039094"
Liver,GO:BP,GO:0070085,glycosylation,0.5452082840845471,217,37,1,0.02702702702702703,2.3856021920538053,ENSSSCG00000027538
Liver,GO:BP,GO:0019725,cellular homeostasis,0.5452286018897557,630,37,2,0.05405405405405406,1.6434148434148435,"ENSSSCG00000016314,ENSSSCG00000032923"
Liver,GO:BP,GO:0006936,muscle contraction,0.5453536873433676,218,37,1,0.02702702702702703,2.3746590627324573,ENSSSCG00000037508
Liver,GO:BP,GO:0034976,response to endoplasmic reticulum stress,0.554452834162931,223,37,1,0.02702702702702703,2.3214155859895773,ENSSSCG00000027538
Liver,GO:BP,GO:0022409,positive regulation of cell-cell adhesion,0.5554941771411368,224,37,1,0.02702702702702703,2.3110521235521237,ENSSSCG00000012613
Liver,GO:BP,GO:0051258,protein polymerization,0.5565281713747233,225,37,1,0.02702702702702703,2.300780780780781,ENSSSCG00000037508
Liver,GO:BP,GO:0051253,negative regulation of RNA metabolic process,0.5635888563944819,1106,37,3,0.08108108108108109,1.4041835687405309,"ENSSSCG00000034280,ENSSSCG00000028552,ENSSSCG00000012613"
Liver,GO:BP,GO:0098662,inorganic cation transmembrane transport,0.5635888563944819,651,37,2,0.05405405405405406,1.5904014613692035,"ENSSSCG00000016314,ENSSSCG00000023903"
Liver,GO:BP,GO:0070588,calcium ion transmembrane transport,0.5635888563944819,230,37,1,0.02702702702702703,2.2507638072855465,ENSSSCG00000016314
Liver,GO:BP,GO:0104004,cellular response to environmental stimulus,0.5635888563944819,232,37,1,0.02702702702702703,2.231360671015844,ENSSSCG00000039094
Liver,GO:BP,GO:0051251,positive regulation of lymphocyte activation,0.5635888563944819,233,37,1,0.02702702702702703,2.2217840157754325,ENSSSCG00000012613
Liver,GO:BP,GO:0051603,proteolysis involved in protein catabolic process,0.5635888563944819,657,37,2,0.05405405405405406,1.5758772471101241,"ENSSSCG00000033332,ENSSSCG00000005659"
Liver,GO:BP,GO:0090596,sensory organ morphogenesis,0.5635888563944819,233,37,1,0.02702702702702703,2.2217840157754325,ENSSSCG00000013377
Liver,GO:BP,GO:0072659,protein localization to plasma membrane,0.5635888563944819,232,37,1,0.02702702702702703,2.231360671015844,ENSSSCG00000012956
Liver,GO:BP,GO:0071214,cellular response to abiotic stimulus,0.5635888563944819,232,37,1,0.02702702702702703,2.231360671015844,ENSSSCG00000039094
Liver,GO:BP,GO:0046394,carboxylic acid biosynthetic process,0.563609816378757,234,37,1,0.02702702702702703,2.2122892122892126,ENSSSCG00000010495
Liver,GO:BP,GO:0006874,intracellular calcium ion homeostasis,0.563609816378757,234,37,1,0.02702702702702703,2.2122892122892126,ENSSSCG00000016314
Liver,GO:BP,GO:0043933,protein-containing complex organization,0.5649475337662889,2543,37,6,0.16216216216216217,1.2214133126441424,"ENSSSCG00000037120,ENSSSCG00000004280,ENSSSCG00000032923,ENSSSCG00000013377,ENSSSCG00000037508,ENSSSCG00000039094"
Liver,GO:BP,GO:1902105,regulation of leukocyte differentiation,0.5655287054747689,236,37,1,0.02702702702702703,2.1935409986257444,ENSSSCG00000012613
Liver,GO:BP,GO:0030217,T cell differentiation,0.5655320994809444,237,37,1,0.02702702702702703,2.1842855513741593,ENSSSCG00000012613
Liver,GO:BP,GO:0016053,organic acid biosynthetic process,0.5655320994809444,238,37,1,0.02702702702702703,2.1751078809902342,ENSSSCG00000010495
Liver,GO:BP,GO:0007517,muscle organ development,0.5655320994809444,237,37,1,0.02702702702702703,2.1842855513741593,ENSSSCG00000039094
Liver,GO:BP,GO:0001558,regulation of cell growth,0.5655320994809444,238,37,1,0.02702702702702703,2.1751078809902342,ENSSSCG00000004280
Liver,GO:BP,GO:0042063,gliogenesis,0.5664678378906287,239,37,1,0.02702702702702703,2.166007011195296,ENSSSCG00000039094
Liver,GO:BP,GO:0050767,regulation of neurogenesis,0.5669714154087667,240,37,1,0.02702702702702703,2.156981981981982,ENSSSCG00000028552
Liver,GO:BP,GO:0009653,anatomical structure morphogenesis,0.5669714154087667,2077,37,5,0.13513513513513514,1.2462101003266146,"ENSSSCG00000004886,ENSSSCG00000004280,ENSSSCG00000013377,ENSSSCG00000016397,ENSSSCG00000039094"
Liver,GO:BP,GO:0031647,regulation of protein stability,0.5682958800310566,242,37,1,0.02702702702702703,2.13915568461023,ENSSSCG00000037508
Liver,GO:BP,GO:0006401,RNA catabolic process,0.5682958800310566,242,37,1,0.02702702702702703,2.13915568461023,ENSSSCG00000034280
Liver,GO:BP,GO:0098655,monoatomic cation transmembrane transport,0.5699416238279198,676,37,2,0.05405405405405406,1.5315848392771472,"ENSSSCG00000016314,ENSSSCG00000023903"
Liver,GO:BP,GO:0051246,regulation of protein metabolic process,0.5699650526442872,1137,37,3,0.08108108108108109,1.365898880410754,"ENSSSCG00000034280,ENSSSCG00000005659,ENSSSCG00000037508"
Liver,GO:BP,GO:0060326,cell chemotaxis,0.5746591120001876,247,37,1,0.02702702702702703,2.095852937958201,ENSSSCG00000039094
Liver,GO:BP,GO:0022607,cellular component assembly,0.5761229182268824,3569,37,8,0.21621621621621623,1.1603825736636049,"ENSSSCG00000004886,ENSSSCG00000037120,ENSSSCG00000004280,ENSSSCG00000032923,ENSSSCG00000013377,ENSSSCG00000016397,ENSSSCG00000037508,ENSSSCG00000039094"
Liver,GO:BP,GO:0046903,secretion,0.5766712816250402,686,37,2,0.05405405405405406,1.509258529666693,"ENSSSCG00000004280,ENSSSCG00000029096"
Liver,GO:BP,GO:0043588,skin development,0.5772712790462354,250,37,1,0.02702702702702703,2.070702702702703,ENSSSCG00000039094
Liver,REAC,REAC:R-SSC-68886,M Phase,0.5777196998795731,325,17,1,0.058823529411764705,1.4106787330316743,ENSSSCG00000033332
Liver,REAC,REAC:R-SSC-500792,GPCR ligand binding,0.5779363225590015,328,17,1,0.058823529411764705,1.3977761836441893,ENSSSCG00000029096
Liver,GO:BP,GO:0002696,positive regulation of leukocyte activation,0.57803995601662,252,37,1,0.02702702702702703,2.0542685542685546,ENSSSCG00000012613
Liver,GO:BP,GO:0009101,glycoprotein biosynthetic process,0.57803995601662,252,37,1,0.02702702702702703,2.0542685542685546,ENSSSCG00000027538
Liver,GO:BP,GO:0098813,nuclear chromosome segregation,0.57803995601662,252,37,1,0.02702702702702703,2.0542685542685546,ENSSSCG00000011376
Liver,GO:BP,GO:0055074,calcium ion homeostasis,0.5797256624363984,254,37,1,0.02702702702702703,2.038093211321558,ENSSSCG00000016314
Liver,GO:BP,GO:0032535,regulation of cellular component size,0.5797256624363984,254,37,1,0.02702702702702703,2.038093211321558,ENSSSCG00000037508
Liver,GO:BP,GO:0048562,embryonic organ morphogenesis,0.5806113906630577,256,37,1,0.02702702702702703,2.0221706081081083,ENSSSCG00000013377
Liver,GO:BP,GO:0016236,macroautophagy,0.5806113906630577,256,37,1,0.02702702702702703,2.0221706081081083,ENSSSCG00000016792
Liver,GO:BP,GO:0098609,cell-cell adhesion,0.5806113906630577,698,37,2,0.05405405405405406,1.4833113916208471,"ENSSSCG00000004886,ENSSSCG00000012613"
Liver,GO:BP,GO:0080090,regulation of primary metabolic process,0.5811002753108984,4098,37,9,0.24324324324324326,1.1369158323770332,"ENSSSCG00000034280,ENSSSCG00000028552,ENSSSCG00000012613,ENSSSCG00000008171,ENSSSCG00000011720,ENSSSCG00000005659,ENSSSCG00000025138,ENSSSCG00000037508,ENSSSCG00000017795"
Liver,GO:BP,GO:0009150,purine ribonucleotide metabolic process,0.5838338190792436,259,37,1,0.02702702702702703,1.9987477825315663,ENSSSCG00000023903
Liver,GO:BP,GO:0051240,positive regulation of multicellular organismal process,0.5843574194262176,1175,37,3,0.08108108108108109,1.3217251293847039,"ENSSSCG00000016314,ENSSSCG00000012613,ENSSSCG00000029096"
Liver,GO:BP,GO:0141188,nucleic acid catabolic process,0.5843574194262176,262,37,1,0.02702702702702703,1.9758613575407469,ENSSSCG00000034280
Liver,GO:BP,GO:0006887,exocytosis,0.5843574194262176,262,37,1,0.02702702702702703,1.9758613575407469,ENSSSCG00000004280
Liver,GO:BP,GO:0031175,neuron projection development,0.5843574194262176,705,37,2,0.05405405405405406,1.4685834770941153,"ENSSSCG00000004280,ENSSSCG00000013377"
Liver,GO:BP,GO:0050867,positive regulation of cell activation,0.5843574194262176,262,37,1,0.02702702702702703,1.9758613575407469,ENSSSCG00000012613
Liver,GO:BP,GO:0000278,mitotic cell cycle,0.587632812462298,713,37,2,0.05405405405405406,1.4521056821197074,"ENSSSCG00000037120,ENSSSCG00000013377"
Liver,GO:BP,GO:0032956,regulation of actin cytoskeleton organization,0.587632812462298,265,37,1,0.02702702702702703,1.9534931157572668,ENSSSCG00000037508
Liver,GO:BP,GO:0065008,regulation of biological quality,0.5903041372986138,2168,37,5,0.13513513513513514,1.1939014660416876,"ENSSSCG00000034280,ENSSSCG00000004280,ENSSSCG00000029096,ENSSSCG00000037508,ENSSSCG00000039094"
Liver,GO:BP,GO:0006417,regulation of translation,0.5903041372986138,269,37,1,0.02702702702702703,1.9244448909876422,ENSSSCG00000034280
Liver,GO:BP,GO:0031667,response to nutrient levels,0.5903041372986138,270,37,1,0.02702702702702703,1.9173173173173175,ENSSSCG00000039094
Liver,GO:BP,GO:0003012,muscle system process,0.5903041372986138,268,37,1,0.02702702702702703,1.9316256555062528,ENSSSCG00000037508
Liver,GO:BP,GO:0120036,plasma membrane bounded cell projection organization,0.5903041372986138,1194,37,3,0.08108108108108109,1.3006926524514466,"ENSSSCG00000004280,ENSSSCG00000013377,ENSSSCG00000037508"
Liver,GO:BP,GO:0019953,sexual reproduction,0.5903041372986138,723,37,2,0.05405405405405406,1.4320212328511086,"ENSSSCG00000004280,ENSSSCG00000011376"
Liver,GO:BP,GO:0048872,homeostasis of number of cells,0.5903041372986138,271,37,1,0.02702702702702703,1.9102423456667,ENSSSCG00000012956
Liver,GO:BP,GO:0009895,negative regulation of catabolic process,0.5903041372986138,270,37,1,0.02702702702702703,1.9173173173173175,ENSSSCG00000034280
Liver,GO:BP,GO:1903037,regulation of leukocyte cell-cell adhesion,0.5908464523282436,273,37,1,0.02702702702702703,1.8962478962478964,ENSSSCG00000012613
Liver,GO:BP,GO:0045321,leukocyte activation,0.5908464523282436,726,37,2,0.05405405405405406,1.4261037897401536,"ENSSSCG00000012613,ENSSSCG00000037508"
Liver,GO:BP,GO:0006366,transcription by RNA polymerase II,0.5908464523282436,2171,37,5,0.13513513513513514,1.1922516712935876,"ENSSSCG00000005232,ENSSSCG00000028552,ENSSSCG00000012613,ENSSSCG00000008171,ENSSSCG00000025138"
Liver,GO:BP,GO:0045934,negative regulation of nucleobase-containing compound metabolic process,0.5937166778529502,1207,37,3,0.08108108108108109,1.2866835352336594,"ENSSSCG00000034280,ENSSSCG00000028552,ENSSSCG00000012613"
Liver,GO:BP,GO:0010639,negative regulation of organelle organization,0.5937166778529502,277,37,1,0.02702702702702703,1.8688652551468437,ENSSSCG00000037508
Liver,GO:BP,GO:0009259,ribonucleotide metabolic process,0.5937166778529502,276,37,1,0.02702702702702703,1.8756365060712887,ENSSSCG00000023903
Liver,GO:BP,GO:0050863,regulation of T cell activation,0.5937166778529502,277,37,1,0.02702702702702703,1.8688652551468437,ENSSSCG00000012613
Liver,GO:BP,GO:0006310,DNA recombination,0.5942000266239023,279,37,1,0.02702702702702703,1.8554683715974039,ENSSSCG00000011376
Liver,GO:BP,GO:0044282,small molecule catabolic process,0.5942000266239023,279,37,1,0.02702702702702703,1.8554683715974039,ENSSSCG00000004401
Liver,GO:BP,GO:0030030,cell projection organization,0.5942000266239023,1213,37,3,0.08108108108108109,1.2803190659744657,"ENSSSCG00000004280,ENSSSCG00000013377,ENSSSCG00000037508"
Liver,GO:BP,GO:0043010,camera-type eye development,0.5948940761750532,280,37,1,0.02702702702702703,1.848841698841699,ENSSSCG00000013377
Liver,GO:BP,GO:0098660,inorganic ion transmembrane transport,0.596252115416012,741,37,2,0.05405405405405406,1.3972352919721343,"ENSSSCG00000016314,ENSSSCG00000023903"
Liver,GO:BP,GO:0019693,ribose phosphate metabolic process,0.5962665841737452,282,37,1,0.02702702702702703,1.8357293463676445,ENSSSCG00000023903
Liver,GO:BP,GO:0050900,leukocyte migration,0.5969451018546739,283,37,1,0.02702702702702703,1.8292426702320697,ENSSSCG00000039094
Liver,GO:BP,GO:0042060,wound healing,0.5998672892779603,286,37,1,0.02702702702702703,1.8100548100548102,ENSSSCG00000039094
Liver,GO:BP,GO:0042254,ribosome biogenesis,0.5998672892779603,286,37,1,0.02702702702702703,1.8100548100548102,ENSSSCG00000002753
Liver,GO:BP,GO:0006631,fatty acid metabolic process,0.6005251114963844,287,37,1,0.02702702702702703,1.8037479988699503,ENSSSCG00000017566
Liver,KEGG,KEGG:05022,Pathways of neurodegeneration - multiple diseases,0.6009451877468334,456,16,1,0.0625,1.1589912280701755,ENSSSCG00000033332
Liver,GO:BP,GO:0000122,negative regulation of transcription by RNA polymerase II,0.6011805633510386,752,37,2,0.05405405405405406,1.3767970097757332,"ENSSSCG00000028552,ENSSSCG00000012613"
Liver,GO:BP,GO:0016049,cell growth,0.6015530297714785,290,37,1,0.02702702702702703,1.7850885368126748,ENSSSCG00000004280
Liver,GO:BP,GO:0032970,regulation of actin filament-based process,0.6015530297714785,290,37,1,0.02702702702702703,1.7850885368126748,ENSSSCG00000037508
Liver,GO:BP,GO:1990778,protein localization to cell periphery,0.6015530297714785,290,37,1,0.02702702702702703,1.7850885368126748,ENSSSCG00000012956
Liver,GO:BP,GO:0007281,germ cell development,0.603154466935217,292,37,1,0.02702702702702703,1.7728619029988895,ENSSSCG00000011376
Liver,GO:BP,GO:0006412,translation,0.603154466935217,759,37,2,0.05405405405405406,1.3640992771427554,"ENSSSCG00000034280,ENSSSCG00000033310"
Liver,GO:BP,GO:0051641,cellular localization,0.6045740373982982,2731,37,6,0.16216216216216217,1.1373321325719714,"ENSSSCG00000004280,ENSSSCG00000013377,ENSSSCG00000037508,ENSSSCG00000039094,ENSSSCG00000011269,ENSSSCG00000012956"
Liver,GO:BP,GO:0007010,cytoskeleton organization,0.6057446653963615,1249,37,3,0.08108108108108109,1.243416354705386,"ENSSSCG00000016397,ENSSSCG00000037508,ENSSSCG00000039094"
Liver,GO:BP,GO:0006508,proteolysis,0.6062775796154719,1251,37,3,0.08108108108108109,1.241428478838551,"ENSSSCG00000033332,ENSSSCG00000005659,ENSSSCG00000037508"
Liver,GO:BP,GO:0006816,calcium ion transport,0.6098676938989155,299,37,1,0.02702702702702703,1.7313567748350358,ENSSSCG00000016314
Liver,GO:BP,GO:1903706,regulation of hemopoiesis,0.6104615983200979,300,37,1,0.02702702702702703,1.7255855855855857,ENSSSCG00000012613
Liver,GO:BP,GO:0051960,regulation of nervous system development,0.6110508384617944,301,37,1,0.02702702702702703,1.7198527431085573,ENSSSCG00000028552
Liver,GO:BP,GO:0042176,regulation of protein catabolic process,0.6122154310148438,303,37,1,0.02702702702702703,1.7085005797877086,ENSSSCG00000005659
Liver,GO:BP,GO:0010720,positive regulation of cell development,0.6122154310148438,303,37,1,0.02702702702702703,1.7085005797877086,ENSSSCG00000012613
Liver,GO:BP,GO:2001233,regulation of apoptotic signaling pathway,0.6127908355634865,304,37,1,0.02702702702702703,1.7028805120910384,ENSSSCG00000003177
Liver,GO:BP,GO:1902903,regulation of supramolecular fiber organization,0.6130074354328308,305,37,1,0.02702702702702703,1.6972972972972975,ENSSSCG00000037508
Liver,GO:BP,GO:0043170,macromolecule metabolic process,0.6130074354328308,9375,37,19,0.5135135135135135,1.049156036036036,"ENSSSCG00000034280,ENSSSCG00000005232,ENSSSCG00000027538,ENSSSCG00000033310,ENSSSCG00000037120,ENSSSCG00000028552,ENSSSCG00000012613,ENSSSCG00000008171,ENSSSCG00000011376,ENSSSCG00000011720,ENSSSCG00000018926,ENSSSCG00000033332,ENSSSCG00000005659,ENSSSCG00000025138,ENSSSCG00000037508,ENSSSCG00000034639,ENSSSCG00000002753,ENSSSCG00000039094,ENSSSCG00000017795"
Liver,GO:BP,GO:0007159,leukocyte cell-cell adhesion,0.6159623581744662,308,37,1,0.02702702702702703,1.6807651807651809,ENSSSCG00000012613
Liver,GO:BP,GO:0009100,glycoprotein metabolic process,0.6179794453752707,310,37,1,0.02702702702702703,1.6699215344376634,ENSSSCG00000027538
Liver,GO:BP,GO:0048878,chemical homeostasis,0.6212662149065715,793,37,2,0.05405405405405406,1.3056133056133057,"ENSSSCG00000016314,ENSSSCG00000032923"
Liver,GO:BP,GO:0009894,regulation of catabolic process,0.6212662149065715,794,37,2,0.05405405405405406,1.3039689563619037,"ENSSSCG00000034280,ENSSSCG00000005659"
Liver,GO:BP,GO:0006139,nucleobase-containing compound metabolic process,0.6245272990923646,6355,37,13,0.35135135135135137,1.058974631594616,"ENSSSCG00000034280,ENSSSCG00000005232,ENSSSCG00000037120,ENSSSCG00000028552,ENSSSCG00000012613,ENSSSCG00000008171,ENSSSCG00000011376,ENSSSCG00000011720,ENSSSCG00000018926,ENSSSCG00000025138,ENSSSCG00000023903,ENSSSCG00000002753,ENSSSCG00000017795"
Liver,GO:BP,GO:0022412,cellular process involved in reproduction in multicellular organism,0.6245272990923646,317,37,1,0.02702702702702703,1.6330462955068632,ENSSSCG00000011376
Liver,REAC,REAC:R-SSC-168249,Innate Immune System,0.6246944544758096,845,17,2,0.11764705882352941,1.0851374869474417,"ENSSSCG00000033332,ENSSSCG00000034639"
Liver,GO:BP,GO:0006163,purine nucleotide metabolic process,0.6249542228773997,318,37,1,0.02702702702702703,1.6279109297977221,ENSSSCG00000023903
Liver,GO:BP,GO:0044772,mitotic cell cycle phase transition,0.6254608640804531,319,37,1,0.02702702702702703,1.6228077607387952,ENSSSCG00000013377
Liver,GO:BP,GO:0001654,eye development,0.6287995870360064,322,37,1,0.02702702702702703,1.6076884337753903,ENSSSCG00000013377
Liver,GO:BP,GO:0150063,visual system development,0.6321041648310193,325,37,1,0.02702702702702703,1.5928482328482332,ENSSSCG00000013377
Liver,GO:BP,GO:0007059,chromosome segregation,0.6339783743585147,327,37,1,0.02702702702702703,1.5831060418216383,ENSSSCG00000011376
Liver,GO:BP,GO:0043254,regulation of protein-containing complex assembly,0.6349068241985706,329,37,1,0.02702702702702703,1.5734822968865525,ENSSSCG00000037508
Liver,GO:BP,GO:0001775,cell activation,0.6349068241985706,819,37,2,0.05405405405405406,1.2641652641652643,"ENSSSCG00000012613,ENSSSCG00000037508"
Liver,GO:BP,GO:0009058,biosynthetic process,0.6353447191520147,8460,37,17,0.4594594594594595,1.0402466296083317,"ENSSSCG00000034280,ENSSSCG00000005232,ENSSSCG00000010495,ENSSSCG00000027538,ENSSSCG00000033310,ENSSSCG00000037120,ENSSSCG00000028552,ENSSSCG00000012613,ENSSSCG00000008171,ENSSSCG00000011720,ENSSSCG00000018926,ENSSSCG00000025138,ENSSSCG00000037508,ENSSSCG00000023903,ENSSSCG00000002753,ENSSSCG00000039094,ENSSSCG00000017795"
Liver,GO:BP,GO:0034220,monoatomic ion transmembrane transport,0.6353447191520147,823,37,2,0.05405405405405406,1.2580210830514598,"ENSSSCG00000016314,ENSSSCG00000023903"
Liver,GO:BP,GO:0048880,sensory system development,0.6353447191520147,331,37,1,0.02702702702702703,1.5639748509839146,ENSSSCG00000013377
Liver,GO:BP,GO:0022411,cellular component disassembly,0.6353447191520147,332,37,1,0.02702702702702703,1.559264083360469,ENSSSCG00000037508
Liver,GO:BP,GO:0090304,nucleic acid metabolic process,0.6362348624146869,5908,37,12,0.32432432432432434,1.0514739519478855,"ENSSSCG00000034280,ENSSSCG00000005232,ENSSSCG00000037120,ENSSSCG00000028552,ENSSSCG00000012613,ENSSSCG00000008171,ENSSSCG00000011376,ENSSSCG00000011720,ENSSSCG00000018926,ENSSSCG00000025138,ENSSSCG00000002753,ENSSSCG00000017795"
Liver,GO:BP,GO:0006935,chemotaxis,0.6362348624146869,334,37,1,0.02702702702702703,1.549927172681664,ENSSSCG00000039094
Liver,GO:BP,GO:0051052,regulation of DNA metabolic process,0.6366223171243482,337,37,1,0.02702702702702703,1.5361296014115007,ENSSSCG00000008171
Liver,GO:BP,GO:0042330,taxis,0.6366223171243482,336,37,1,0.02702702702702703,1.5407014157014158,ENSSSCG00000039094
Liver,GO:BP,GO:0030098,lymphocyte differentiation,0.6366223171243482,337,37,1,0.02702702702702703,1.5361296014115007,ENSSSCG00000012613
Liver,GO:BP,GO:0048666,neuron development,0.6366223171243482,830,37,2,0.05405405405405406,1.2474112666883752,"ENSSSCG00000004280,ENSSSCG00000013377"
Liver,GO:BP,GO:0030163,protein catabolic process,0.6366846346584734,833,37,2,0.05405405405405406,1.2429187891372766,"ENSSSCG00000033332,ENSSSCG00000005659"
Liver,GO:BP,GO:0007600,sensory perception,0.6390616646666512,1849,37,4,0.10810810810810811,1.1199041117916186,"ENSSSCG00000016314,ENSSSCG00000016792,ENSSSCG00000013377,ENSSSCG00000002753"
Liver,GO:BP,GO:0006812,monoatomic cation transport,0.6398863218919576,839,37,2,0.05405405405405406,1.2340302161517895,"ENSSSCG00000016314,ENSSSCG00000023903"
Liver,GO:BP,GO:0060271,cilium assembly,0.639955659172141,345,37,1,0.02702702702702703,1.500509204857031,ENSSSCG00000037508
Liver,GO:BP,GO:0023061,signal release,0.639955659172141,345,37,1,0.02702702702702703,1.500509204857031,ENSSSCG00000004280
Liver,GO:BP,GO:0019637,organophosphate metabolic process,0.639955659172141,849,37,2,0.05405405405405406,1.2194951134880463,"ENSSSCG00000037120,ENSSSCG00000023903"
Liver,GO:BP,GO:0044057,regulation of system process,0.639955659172141,347,37,1,0.02702702702702703,1.4918607368175092,ENSSSCG00000029096
Liver,GO:BP,GO:0050804,modulation of chemical synaptic transmission,0.639955659172141,344,37,1,0.02702702702702703,1.5048711502199874,ENSSSCG00000004280
Liver,GO:BP,GO:0042391,regulation of membrane potential,0.639955659172141,347,37,1,0.02702702702702703,1.4918607368175092,ENSSSCG00000004280
Liver,GO:BP,GO:0045785,positive regulation of cell adhesion,0.639955659172141,347,37,1,0.02702702702702703,1.4918607368175092,ENSSSCG00000012613
Liver,GO:BP,GO:0099177,regulation of trans-synaptic signaling,0.639955659172141,344,37,1,0.02702702702702703,1.5048711502199874,ENSSSCG00000004280
Liver,GO:BP,GO:0065003,protein-containing complex assembly,0.639955659172141,2376,37,5,0.13513513513513514,1.0893848393848393,"ENSSSCG00000037120,ENSSSCG00000004280,ENSSSCG00000032923,ENSSSCG00000013377,ENSSSCG00000037508"
Liver,GO:BP,GO:0051252,regulation of RNA metabolic process,0.6403629797490947,2893,37,6,0.16216216216216217,1.0736446782074158,"ENSSSCG00000034280,ENSSSCG00000028552,ENSSSCG00000012613,ENSSSCG00000008171,ENSSSCG00000025138,ENSSSCG00000017795"
Liver,GO:BP,GO:0051179,localization,0.6403629797490947,4427,37,9,0.24324324324324326,1.0524240074725733,"ENSSSCG00000016314,ENSSSCG00000004280,ENSSSCG00000029096,ENSSSCG00000013377,ENSSSCG00000037508,ENSSSCG00000023903,ENSSSCG00000039094,ENSSSCG00000011269,ENSSSCG00000012956"
Liver,GO:BP,GO:0007267,cell-cell signaling,0.6445690663287976,858,37,2,0.05405405405405406,1.2067032067032069,"ENSSSCG00000004280,ENSSSCG00000029096"
Liver,GO:BP,GO:0022407,regulation of cell-cell adhesion,0.6453957216136965,357,37,1,0.02702702702702703,1.4500719206601562,ENSSSCG00000012613
Liver,GO:BP,GO:0007005,mitochondrion organization,0.6453957216136965,355,37,1,0.02702702702702703,1.4582413399314806,ENSSSCG00000039094
Liver,GO:BP,GO:0080135,regulation of cellular response to stress,0.6453957216136965,357,37,1,0.02702702702702703,1.4500719206601562,ENSSSCG00000008171
Liver,GO:BP,GO:0000280,nuclear division,0.6453957216136965,356,37,1,0.02702702702702703,1.4541451563923473,ENSSSCG00000011376
Liver,GO:BP,GO:0001701,in utero embryonic development,0.6520122628585513,363,37,1,0.02702702702702703,1.4261037897401536,ENSSSCG00000017795
Liver,REAC,REAC:R-SSC-1280215,Cytokine Signaling in Immune system,0.6546890700642064,403,17,1,0.058823529411764705,1.1376441395416728,ENSSSCG00000033332
Liver,GO:BP,GO:0033554,cellular response to stress,0.6556134482722731,1394,37,3,0.08108108108108109,1.1140796463608515,"ENSSSCG00000027538,ENSSSCG00000008171,ENSSSCG00000039094"
Liver,GO:BP,GO:0009611,response to wounding,0.6563749639952846,368,37,1,0.02702702702702703,1.4067273795534667,ENSSSCG00000039094
Liver,GO:BP,GO:0051249,regulation of lymphocyte activation,0.6563899919881194,371,37,1,0.02702702702702703,1.395352225540905,ENSSSCG00000012613
Liver,GO:BP,GO:0009117,nucleotide metabolic process,0.6563899919881194,369,37,1,0.02702702702702703,1.4029151102321835,ENSSSCG00000023903
Liver,GO:BP,GO:0044782,cilium organization,0.6563899919881194,371,37,1,0.02702702702702703,1.395352225540905,ENSSSCG00000037508
Liver,GO:BP,GO:1903530,regulation of secretion by cell,0.6563899919881194,370,37,1,0.02702702702702703,1.3991234477720966,ENSSSCG00000004280
Liver,GO:BP,GO:0007283,spermatogenesis,0.6591150967457017,374,37,1,0.02702702702702703,1.3841595606301489,ENSSSCG00000011376
Liver,GO:BP,GO:0048568,embryonic organ development,0.6594077111146766,375,37,1,0.02702702702702703,1.3804684684684685,ENSSSCG00000013377
Liver,GO:BP,GO:0034654,nucleobase-containing compound biosynthetic process,0.6598888988031901,5545,37,11,0.2972972972972973,1.026949041015768,"ENSSSCG00000005232,ENSSSCG00000037120,ENSSSCG00000028552,ENSSSCG00000012613,ENSSSCG00000008171,ENSSSCG00000011720,ENSSSCG00000018926,ENSSSCG00000025138,ENSSSCG00000023903,ENSSSCG00000002753,ENSSSCG00000017795"
Liver,GO:BP,GO:0051301,cell division,0.6599836052693128,377,37,1,0.02702702702702703,1.3731450283174422,ENSSSCG00000039094
Liver,GO:BP,GO:0043065,positive regulation of apoptotic process,0.6650186212078966,382,37,1,0.02702702702702703,1.355171925852554,ENSSSCG00000037508
Liver,GO:BP,GO:0060627,regulation of vesicle-mediated transport,0.6658684960224213,384,37,1,0.02702702702702703,1.3481137387387387,ENSSSCG00000004280
Liver,GO:BP,GO:0048646,anatomical structure formation involved in morphogenesis,0.6658684960224213,906,37,2,0.05405405405405406,1.1427719109838315,"ENSSSCG00000016397,ENSSSCG00000039094"
Liver,GO:BP,GO:0040008,regulation of growth,0.6669740846969829,386,37,1,0.02702702702702703,1.3411286934602997,ENSSSCG00000004280
Liver,GO:BP,GO:0009059,macromolecule biosynthetic process,0.667973479445959,7644,37,15,0.40540540540540543,1.0158470872756589,"ENSSSCG00000034280,ENSSSCG00000005232,ENSSSCG00000027538,ENSSSCG00000033310,ENSSSCG00000037120,ENSSSCG00000028552,ENSSSCG00000012613,ENSSSCG00000008171,ENSSSCG00000011720,ENSSSCG00000018926,ENSSSCG00000025138,ENSSSCG00000037508,ENSSSCG00000002753,ENSSSCG00000039094,ENSSSCG00000017795"
Liver,GO:BP,GO:0048232,male gamete generation,0.6709502305019522,391,37,1,0.02702702702702703,1.3239787101679688,ENSSSCG00000011376
Liver,GO:BP,GO:0043068,positive regulation of programmed cell death,0.6720948516845983,395,37,1,0.02702702702702703,1.3105713308244955,ENSSSCG00000037508
Liver,GO:BP,GO:0048285,organelle fission,0.6720948516845983,396,37,1,0.02702702702702703,1.3072618072618074,ENSSSCG00000011376
Liver,GO:BP,GO:0009790,embryo development,0.6720948516845983,923,37,2,0.05405405405405406,1.1217241076396007,"ENSSSCG00000013377,ENSSSCG00000017795"
Liver,GO:BP,GO:0010628,positive regulation of gene expression,0.6720948516845983,921,37,2,0.05405405405405406,1.1241599906095021,"ENSSSCG00000034280,ENSSSCG00000037508"
Liver,GO:BP,GO:0010638,positive regulation of organelle organization,0.6720948516845983,395,37,1,0.02702702702702703,1.3105713308244955,ENSSSCG00000037508
Liver,REAC,REAC:R-SSC-6798695,Neutrophil degranulation,0.6727657426674906,425,17,1,0.058823529411764705,1.0787543252595155,ENSSSCG00000034639
Liver,REAC,REAC:R-SSC-2262752,Cellular responses to stress,0.6731919247386206,435,17,1,0.058823529411764705,1.0539553752535498,ENSSSCG00000033332
Liver,REAC,REAC:R-SSC-392499,Metabolism of proteins,0.6731919247386206,1434,17,3,0.17647058823529413,0.9591434900319962,"ENSSSCG00000010495,ENSSSCG00000032923,ENSSSCG00000033332"
Liver,REAC,REAC:R-SSC-8953897,Cellular responses to stimuli,0.6731919247386206,440,17,1,0.058823529411764705,1.0419786096256685,ENSSSCG00000033332
Liver,REAC,REAC:R-SSC-69278,"Cell Cycle, Mitotic",0.6731919247386206,442,17,1,0.058823529411764705,1.0372637742879958,ENSSSCG00000033332
Liver,GO:BP,GO:0044770,cell cycle phase transition,0.6779511686324977,402,37,1,0.02702702702702703,1.2877504370041684,ENSSSCG00000013377
Liver,GO:BP,GO:1903131,mononuclear cell differentiation,0.6814950508217729,406,37,1,0.02702702702702703,1.275063240580482,ENSSSCG00000012613
Liver,GO:BP,GO:0051046,regulation of secretion,0.6827876538118112,408,37,1,0.02702702702702703,1.2688129305776366,ENSSSCG00000004280
Liver,GO:BP,GO:0006914,autophagy,0.6830022268387409,411,37,1,0.02702702702702703,1.259551522325245,ENSSSCG00000016792
Liver,GO:BP,GO:0051604,protein maturation,0.6830022268387409,412,37,1,0.02702702702702703,1.2564943584361061,ENSSSCG00000037508
Liver,GO:BP,GO:0051094,positive regulation of developmental process,0.6830022268387409,949,37,2,0.05405405405405406,1.090991940307009,"ENSSSCG00000004280,ENSSSCG00000012613"
Liver,GO:BP,GO:0061919,process utilizing autophagic mechanism,0.6830022268387409,411,37,1,0.02702702702702703,1.259551522325245,ENSSSCG00000016792
Liver,GO:BP,GO:0034655,nucleobase-containing compound catabolic process,0.6830022268387409,411,37,1,0.02702702702702703,1.259551522325245,ENSSSCG00000034280
Liver,GO:BP,GO:0051493,regulation of cytoskeleton organization,0.6859899363183778,416,37,1,0.02702702702702703,1.244412681912682,ENSSSCG00000037508
Liver,GO:BP,GO:0002694,regulation of leukocyte activation,0.6861468861340482,417,37,1,0.02702702702702703,1.2414284788385508,ENSSSCG00000012613
Liver,GO:BP,GO:0002376,immune system process,0.6867096249435392,2023,37,4,0.10810810810810811,1.0235801792895218,"ENSSSCG00000012613,ENSSSCG00000037508,ENSSSCG00000039094,ENSSSCG00000012956"
Liver,GO:BP,GO:0051276,chromosome organization,0.6907157162614057,423,37,1,0.02702702702702703,1.2238195642450962,ENSSSCG00000011376
Liver,GO:BP,GO:0072521,purine-containing compound metabolic process,0.6920382010999317,426,37,1,0.02702702702702703,1.2152011166095675,ENSSSCG00000023903
Liver,GO:BP,GO:0060429,epithelium development,0.6920382010999317,969,37,2,0.05405405405405406,1.0684740468022202,"ENSSSCG00000013377,ENSSSCG00000039094"
Liver,GO:BP,GO:0009896,positive regulation of catabolic process,0.692165643354148,427,37,1,0.02702702702702703,1.2123552123552126,ENSSSCG00000005659
Liver,GO:BP,GO:0048667,cell morphogenesis involved in neuron differentiation,0.6974943473991481,433,37,1,0.02702702702702703,1.195555832969228,ENSSSCG00000013377
Liver,GO:BP,GO:0019222,regulation of metabolic process,0.7002646050867132,5219,37,10,0.2702702702702703,0.9919058740672078,"ENSSSCG00000034280,ENSSSCG00000016314,ENSSSCG00000028552,ENSSSCG00000012613,ENSSSCG00000008171,ENSSSCG00000011720,ENSSSCG00000005659,ENSSSCG00000025138,ENSSSCG00000037508,ENSSSCG00000017795"
Liver,GO:BP,GO:0019219,regulation of nucleobase-containing compound metabolic process,0.7012199883800865,3129,37,6,0.16216216216216217,0.9926666839418518,"ENSSSCG00000034280,ENSSSCG00000028552,ENSSSCG00000012613,ENSSSCG00000008171,ENSSSCG00000025138,ENSSSCG00000017795"
Liver,GO:BP,GO:0010468,regulation of gene expression,0.7012199883800865,4181,37,8,0.21621621621621623,0.9905298745289178,"ENSSSCG00000034280,ENSSSCG00000028552,ENSSSCG00000012613,ENSSSCG00000008171,ENSSSCG00000011720,ENSSSCG00000025138,ENSSSCG00000037508,ENSSSCG00000017795"
Liver,GO:BP,GO:0006357,regulation of transcription by RNA polymerase II,0.7035486673648194,2074,37,4,0.10810810810810811,0.9984101748807631,"ENSSSCG00000028552,ENSSSCG00000012613,ENSSSCG00000008171,ENSSSCG00000025138"
Liver,REAC,REAC:R-SSC-388396,GPCR downstream signalling,0.7067097012627713,485,17,1,0.058823529411764705,0.9453001819284415,ENSSSCG00000029096
Liver,GO:BP,GO:0009888,tissue development,0.7108555299244279,1552,37,3,0.08108108108108109,1.0006617442184453,"ENSSSCG00000013377,ENSSSCG00000016397,ENSSSCG00000039094"
Liver,GO:BP,GO:0006281,DNA repair,0.7112342701153485,453,37,1,0.02702702702702703,1.1427719109838315,ENSSSCG00000008171
Liver,GO:BP,GO:0050865,regulation of cell activation,0.7112342701153485,454,37,1,0.02702702702702703,1.140254792237171,ENSSSCG00000012613
Liver,GO:BP,GO:0032787,monocarboxylic acid metabolic process,0.7112342701153485,454,37,1,0.02702702702702703,1.140254792237171,ENSSSCG00000017566
Liver,GO:BP,GO:0005975,carbohydrate metabolic process,0.7112803809471239,455,37,1,0.02702702702702703,1.1377487377487376,ENSSSCG00000034639
Liver,GO:BP,GO:2000026,regulation of multicellular organismal development,0.7118101276755635,1015,37,2,0.05405405405405406,1.0200505924643857,"ENSSSCG00000028552,ENSSSCG00000012613"
Liver,GO:BP,GO:0015031,protein transport,0.7151965708469685,1023,37,2,0.05405405405405406,1.0120736572349476,"ENSSSCG00000004280,ENSSSCG00000011269"
Liver,GO:BP,GO:0006811,monoatomic ion transport,0.7151965708469685,1022,37,2,0.05405405405405406,1.0130639445707939,"ENSSSCG00000016314,ENSSSCG00000023903"
Liver,GO:BP,GO:0010556,regulation of macromolecule biosynthetic process,0.7153593124073763,4253,37,8,0.21621621621621623,0.9737609699989197,"ENSSSCG00000034280,ENSSSCG00000028552,ENSSSCG00000012613,ENSSSCG00000008171,ENSSSCG00000011720,ENSSSCG00000025138,ENSSSCG00000037508,ENSSSCG00000017795"
Liver,GO:BP,GO:0022414,reproductive process,0.7153593124073763,1029,37,2,0.05405405405405406,1.0061723531111286,"ENSSSCG00000004280,ENSSSCG00000011376"
Liver,GO:BP,GO:0045892,negative regulation of DNA-templated transcription,0.7153593124073763,1025,37,2,0.05405405405405406,1.0100988793671721,"ENSSSCG00000028552,ENSSSCG00000012613"
Liver,GO:BP,GO:1902679,negative regulation of RNA biosynthetic process,0.7153593124073763,1028,37,2,0.05405405405405406,1.007151119991587,"ENSSSCG00000028552,ENSSSCG00000012613"
Liver,GO:BP,GO:0048812,neuron projection morphogenesis,0.715386887685017,467,37,1,0.02702702702702703,1.1085132241449158,ENSSSCG00000004280
Liver,GO:BP,GO:0141187,nucleic acid biosynthetic process,0.7162182215679532,5314,37,10,0.2702702702702703,0.9741732699956261,"ENSSSCG00000005232,ENSSSCG00000037120,ENSSSCG00000028552,ENSSSCG00000012613,ENSSSCG00000008171,ENSSSCG00000011720,ENSSSCG00000018926,ENSSSCG00000025138,ENSSSCG00000002753,ENSSSCG00000017795"
Liver,GO:BP,GO:0030182,neuron differentiation,0.71770741762624,1037,37,2,0.05405405405405406,0.9984101748807631,"ENSSSCG00000004280,ENSSSCG00000013377"
Liver,GO:BP,GO:0006629,lipid metabolic process,0.7191633534101202,1043,37,2,0.05405405405405406,0.9926666839418518,"ENSSSCG00000014257,ENSSSCG00000017566"
Liver,GO:BP,GO:0060255,regulation of macromolecule metabolic process,0.7191633534101202,4807,37,9,0.24324324324324326,0.9692284337593262,"ENSSSCG00000034280,ENSSSCG00000028552,ENSSSCG00000012613,ENSSSCG00000008171,ENSSSCG00000011720,ENSSSCG00000005659,ENSSSCG00000025138,ENSSSCG00000037508,ENSSSCG00000017795"
Liver,GO:BP,GO:0045596,negative regulation of cell differentiation,0.7191633534101202,476,37,1,0.02702702702702703,1.0875539404951171,ENSSSCG00000028552
Liver,GO:BP,GO:0097190,apoptotic signaling pathway,0.7191633534101202,477,37,1,0.02702702702702703,1.0852739531984816,ENSSSCG00000003177
Liver,GO:BP,GO:0120039,plasma membrane bounded cell projection morphogenesis,0.7219094300223134,481,37,1,0.02702702702702703,1.0762488059785358,ENSSSCG00000004280
Liver,GO:BP,GO:0009893,positive regulation of metabolic process,0.7227811589758939,2699,37,5,0.13513513513513514,0.9590138489730932,"ENSSSCG00000034280,ENSSSCG00000016314,ENSSSCG00000008171,ENSSSCG00000005659,ENSSSCG00000037508"
Liver,GO:BP,GO:0048858,cell projection morphogenesis,0.7227811589758939,484,37,1,0.02702702702702703,1.069577842305115,ENSSSCG00000004280
Liver,GO:BP,GO:0051239,regulation of multicellular organismal process,0.7227863657568767,2161,37,4,0.10810810810810811,0.9582150405843141,"ENSSSCG00000016314,ENSSSCG00000028552,ENSSSCG00000012613,ENSSSCG00000029096"
Liver,GO:BP,GO:0120031,plasma membrane bounded cell projection assembly,0.7263242543742182,490,37,1,0.02702702702702703,1.0564809707666851,ENSSSCG00000037508
Liver,REAC,REAC:R-SSC-372790,Signaling by GPCR,0.7263462169100823,520,17,1,0.058823529411764705,0.8816742081447964,ENSSSCG00000029096
Liver,REAC,REAC:R-SSC-1640170,Cell Cycle,0.7263462169100823,519,17,1,0.058823529411764705,0.8833730023801428,ENSSSCG00000033332
Liver,GO:BP,GO:0007423,sensory organ development,0.7271765142483742,492,37,1,0.02702702702702703,1.0521863326741376,ENSSSCG00000013377
Liver,GO:BP,GO:0002252,immune effector process,0.7297339956861116,496,37,1,0.02702702702702703,1.0437009590235398,ENSSSCG00000039094
Liver,GO:BP,GO:0002521,leukocyte differentiation,0.7297339956861116,497,37,1,0.02702702702702703,1.0416009570939149,ENSSSCG00000012613
Liver,GO:BP,GO:0030031,cell projection assembly,0.7314286228050491,500,37,1,0.02702702702702703,1.0353513513513515,ENSSSCG00000037508
Liver,GO:BP,GO:0051129,negative regulation of cellular component organization,0.733034784832324,503,37,1,0.02702702702702703,1.0291762935898126,ENSSSCG00000037508
Liver,GO:BP,GO:0006897,endocytosis,0.733034784832324,504,37,1,0.02702702702702703,1.0271342771342773,ENSSSCG00000037508
Liver,GO:BP,GO:0048598,embryonic morphogenesis,0.7337500726825374,507,37,1,0.02702702702702703,1.021056559518098,ENSSSCG00000013377
Liver,GO:BP,GO:0016070,RNA metabolic process,0.7337500726825374,5420,37,10,0.2702702702702703,0.95512117283335,"ENSSSCG00000034280,ENSSSCG00000005232,ENSSSCG00000028552,ENSSSCG00000012613,ENSSSCG00000008171,ENSSSCG00000011720,ENSSSCG00000018926,ENSSSCG00000025138,ENSSSCG00000002753,ENSSSCG00000017795"
Liver,REAC,REAC:R-SSC-556833,Metabolism of lipids,0.7355888722225117,538,17,1,0.058823529411764705,0.8521758145637436,ENSSSCG00000017566
Liver,GO:BP,GO:0009889,regulation of biosynthetic process,0.7356694667759075,4371,37,8,0.21621621621621623,0.9474732110284616,"ENSSSCG00000034280,ENSSSCG00000028552,ENSSSCG00000012613,ENSSSCG00000008171,ENSSSCG00000011720,ENSSSCG00000025138,ENSSSCG00000037508,ENSSSCG00000017795"
Liver,GO:BP,GO:0007155,cell adhesion,0.7361884507374672,1096,37,2,0.05405405405405406,0.9446636417439338,"ENSSSCG00000004886,ENSSSCG00000012613"
Liver,GO:BP,GO:0019538,protein metabolic process,0.739810491166039,3318,37,6,0.16216216216216217,0.9361223791603539,"ENSSSCG00000034280,ENSSSCG00000027538,ENSSSCG00000033310,ENSSSCG00000033332,ENSSSCG00000005659,ENSSSCG00000037508"
Liver,GO:BP,GO:0048699,generation of neurons,0.739810491166039,1107,37,2,0.05405405405405406,0.9352767401547889,"ENSSSCG00000004280,ENSSSCG00000013377"
Liver,GO:BP,GO:0046907,intracellular transport,0.739810491166039,1106,37,2,0.05405405405405406,0.9361223791603539,"ENSSSCG00000004280,ENSSSCG00000011269"
Liver,REAC,REAC:R-SSC-597592,Post-translational protein modification,0.7405590072673938,1096,17,2,0.11764705882352941,0.8366251610133104,"ENSSSCG00000032923,ENSSSCG00000033332"
Liver,GO:BP,GO:0045595,regulation of cell differentiation,0.7463505553116327,1120,37,2,0.05405405405405406,0.9244208494208495,"ENSSSCG00000028552,ENSSSCG00000012613"
Liver,GO:BP,GO:0007276,gamete generation,0.7471997071521822,531,37,1,0.02702702702702703,0.974907110500331,ENSSSCG00000011376
Liver,GO:BP,GO:0006351,DNA-templated transcription,0.7503799888998112,2814,37,5,0.13513513513513514,0.9198217407172632,"ENSSSCG00000005232,ENSSSCG00000028552,ENSSSCG00000012613,ENSSSCG00000008171,ENSSSCG00000025138"
Liver,GO:BP,GO:0048513,animal organ development,0.7503799888998112,2264,37,4,0.10810810810810811,0.9146213351160348,"ENSSSCG00000013377,ENSSSCG00000040313,ENSSSCG00000016397,ENSSSCG00000039094"
Liver,GO:BP,GO:0006338,chromatin remodeling,0.7586766583601351,549,37,1,0.02702702702702703,0.942942942942943,ENSSSCG00000005232
Liver,GO:BP,GO:0006954,inflammatory response,0.7598781852303789,553,37,1,0.02702702702702703,0.9361223791603539,ENSSSCG00000027538
Liver,GO:BP,GO:0071840,cellular component organization or biogenesis,0.7598781852303789,6600,37,12,0.32432432432432434,0.9412285012285012,"ENSSSCG00000004886,ENSSSCG00000005232,ENSSSCG00000037120,ENSSSCG00000004280,ENSSSCG00000016792,ENSSSCG00000032923,ENSSSCG00000013377,ENSSSCG00000011376,ENSSSCG00000016397,ENSSSCG00000037508,ENSSSCG00000002753,ENSSSCG00000039094"
Liver,GO:BP,GO:0010564,regulation of cell cycle process,0.7612351782626676,556,37,1,0.02702702702702703,0.9310713591289131,ENSSSCG00000011376
Liver,GO:BP,GO:0006796,phosphate-containing compound metabolic process,0.7726827109221681,1182,37,2,0.05405405405405406,0.8759317693327846,"ENSSSCG00000037120,ENSSSCG00000023903"
Liver,GO:BP,GO:0006793,phosphorus metabolic process,0.7726827109221681,1186,37,2,0.05405405405405406,0.8729775306503805,"ENSSSCG00000037120,ENSSSCG00000023903"
Liver,GO:BP,GO:0006950,response to stress,0.7726827109221681,2897,37,5,0.13513513513513514,0.8934685462127644,"ENSSSCG00000027538,ENSSSCG00000016314,ENSSSCG00000008171,ENSSSCG00000037508,ENSSSCG00000039094"
Liver,GO:BP,GO:0043009,chordate embryonic development,0.7726827109221681,575,37,1,0.02702702702702703,0.9003055229142186,ENSSSCG00000017795
Liver,GO:BP,GO:0006996,organelle organization,0.7735051009576401,2902,37,5,0.13513513513513514,0.8919291448581593,"ENSSSCG00000016792,ENSSSCG00000011376,ENSSSCG00000016397,ENSSSCG00000037508,ENSSSCG00000039094"
Liver,GO:BP,GO:0009792,embryo development ending in birth or egg hatching,0.7739040726292247,582,37,1,0.02702702702702703,0.8894771059719514,ENSSSCG00000017795
Liver,GO:BP,GO:0022603,regulation of anatomical structure morphogenesis,0.7739040726292247,581,37,1,0.02702702702702703,0.8910080476345537,ENSSSCG00000004280
Liver,GO:BP,GO:0016477,cell migration,0.7739813827257933,1199,37,2,0.05405405405405406,0.8635123864481663,"ENSSSCG00000004886,ENSSSCG00000039094"
Liver,GO:BP,GO:0030155,regulation of cell adhesion,0.7739813827257933,584,37,1,0.02702702702702703,0.8864309514994447,ENSSSCG00000012613
Liver,GO:BP,GO:0032940,secretion by cell,0.7740875670823884,587,37,1,0.02702702702702703,0.8819006399926332,ENSSSCG00000004280
Liver,GO:BP,GO:0050793,regulation of developmental process,0.7740875670823884,1789,37,3,0.08108108108108109,0.8680978351185171,"ENSSSCG00000028552,ENSSSCG00000004280,ENSSSCG00000012613"
Liver,GO:BP,GO:0045184,establishment of protein localization,0.7896704451527659,1236,37,2,0.05405405405405406,0.8376629056240708,"ENSSSCG00000004280,ENSSSCG00000011269"
Liver,REAC,REAC:R-SSC-1280218,Adaptive Immune System,0.7900397778347864,635,17,1,0.058823529411764705,0.7220009263547938,ENSSSCG00000033332
Liver,GO:BP,GO:0045597,positive regulation of cell differentiation,0.7904497253959343,614,37,1,0.02702702702702703,0.8431199929571266,ENSSSCG00000012613
Liver,GO:BP,GO:0048609,multicellular organismal reproductive process,0.7914927194074755,617,37,1,0.02702702702702703,0.8390205440448553,ENSSSCG00000011376
Liver,GO:BP,GO:0016192,vesicle-mediated transport,0.7932233405356369,1253,37,2,0.05405405405405406,0.8262979659627705,"ENSSSCG00000004280,ENSSSCG00000037508"
Liver,GO:BP,GO:0010467,gene expression,0.7932233405356369,7313,37,13,0.35135135135135137,0.9202493892771482,"ENSSSCG00000034280,ENSSSCG00000005232,ENSSSCG00000033310,ENSSSCG00000028552,ENSSSCG00000012613,ENSSSCG00000008171,ENSSSCG00000011720,ENSSSCG00000018926,ENSSSCG00000025138,ENSSSCG00000037508,ENSSSCG00000002753,ENSSSCG00000039094,ENSSSCG00000017795"
Liver,GO:BP,GO:0043066,negative regulation of apoptotic process,0.7932233405356369,624,37,1,0.02702702702702703,0.8296084546084547,ENSSSCG00000016792
Liver,GO:BP,GO:0006810,transport,0.801618497934682,3595,37,6,0.16216216216216217,0.8639927827688606,"ENSSSCG00000016314,ENSSSCG00000004280,ENSSSCG00000029096,ENSSSCG00000037508,ENSSSCG00000023903,ENSSSCG00000011269"
Liver,GO:BP,GO:0140352,export from cell,0.801618497934682,644,37,1,0.02702702702702703,0.8038442168876951,ENSSSCG00000004280
Liver,GO:BP,GO:0010608,post-transcriptional regulation of gene expression,0.801618497934682,646,37,1,0.02702702702702703,0.8013555351016652,ENSSSCG00000034280
Liver,GO:BP,GO:0032774,RNA biosynthetic process,0.801618497934682,5242,37,9,0.24324324324324326,0.8887983748723924,"ENSSSCG00000005232,ENSSSCG00000028552,ENSSSCG00000012613,ENSSSCG00000008171,ENSSSCG00000011720,ENSSSCG00000018926,ENSSSCG00000025138,ENSSSCG00000002753,ENSSSCG00000017795"
Liver,GO:BP,GO:0010604,positive regulation of macromolecule metabolic process,0.801618497934682,2467,37,4,0.10810810810810811,0.8393606415495349,"ENSSSCG00000034280,ENSSSCG00000008171,ENSSSCG00000005659,ENSSSCG00000037508"
Liver,GO:BP,GO:0006325,chromatin organization,0.801618497934682,639,37,1,0.02702702702702703,0.8101340777397115,ENSSSCG00000005232
Liver,GO:BP,GO:0043069,negative regulation of programmed cell death,0.8026691137544983,651,37,1,0.02702702702702703,0.7952007306846017,ENSSSCG00000016792
Liver,GO:BP,GO:0051093,negative regulation of developmental process,0.8026691137544983,651,37,1,0.02702702702702703,0.7952007306846017,ENSSSCG00000028552
Liver,GO:BP,GO:0045087,innate immune response,0.8044066090240723,657,37,1,0.02702702702702703,0.7879386235550621,ENSSSCG00000037508
Liver,GO:BP,GO:0032880,regulation of protein localization,0.8044066090240723,657,37,1,0.02702702702702703,0.7879386235550621,ENSSSCG00000037508
Liver,GO:BP,GO:0071345,cellular response to cytokine stimulus,0.8070666169685733,663,37,1,0.02702702702702703,0.7808079572785456,ENSSSCG00000037508
Liver,GO:BP,GO:0006952,defense response,0.8071245059984223,1309,37,2,0.05405405405405406,0.7909483203600851,"ENSSSCG00000027538,ENSSSCG00000037508"
Liver,GO:BP,GO:0055085,transmembrane transport,0.8114037104395502,1321,37,2,0.05405405405405406,0.7837633242629458,"ENSSSCG00000016314,ENSSSCG00000023903"
Liver,GO:BP,GO:0098657,import into cell,0.8118438530249846,678,37,1,0.02702702702702703,0.7635334449493743,ENSSSCG00000037508
Liver,GO:BP,GO:0006396,RNA processing,0.8118438530249846,2527,37,4,0.10810810810810811,0.819431223863357,"ENSSSCG00000011720,ENSSSCG00000018926,ENSSSCG00000002753,ENSSSCG00000017795"
Liver,GO:BP,GO:0016043,cellular component organization,0.8118438530249846,6401,37,11,0.2972972972972973,0.8896160650574024,"ENSSSCG00000004886,ENSSSCG00000005232,ENSSSCG00000037120,ENSSSCG00000004280,ENSSSCG00000016792,ENSSSCG00000032923,ENSSSCG00000013377,ENSSSCG00000011376,ENSSSCG00000016397,ENSSSCG00000037508,ENSSSCG00000039094"
Liver,GO:BP,GO:0003006,developmental process involved in reproduction,0.8118438530249846,679,37,1,0.02702702702702703,0.7624089479759584,ENSSSCG00000011376
Liver,GO:BP,GO:0010558,negative regulation of macromolecule biosynthetic process,0.8135491455186991,1948,37,3,0.08108108108108109,0.7972418003218824,"ENSSSCG00000034280,ENSSSCG00000028552,ENSSSCG00000012613"
Liver,GO:BP,GO:0030001,metal ion transport,0.8172710569647101,694,37,1,0.02702702702702703,0.7459303684087546,ENSSSCG00000016314
Liver,GO:BP,GO:0006974,DNA damage response,0.8181052057806547,699,37,1,0.02702702702702703,0.740594671925144,ENSSSCG00000008171
Liver,GO:BP,GO:0007417,central nervous system development,0.8181052057806547,699,37,1,0.02702702702702703,0.740594671925144,ENSSSCG00000037508
Liver,GO:BP,GO:0006955,immune response,0.8219279996969339,1367,37,2,0.05405405405405406,0.7573894303960143,"ENSSSCG00000037508,ENSSSCG00000039094"
Liver,GO:BP,GO:0009890,negative regulation of biosynthetic process,0.8231165167581237,1989,37,3,0.08108108108108109,0.7808079572785456,"ENSSSCG00000034280,ENSSSCG00000028552,ENSSSCG00000012613"
Liver,GO:BP,GO:0140546,defense response to symbiont,0.8244208755307111,716,37,1,0.02702702702702703,0.7230107202174242,ENSSSCG00000037508
Liver,GO:BP,GO:0048518,positive regulation of biological process,0.8269381993025708,4869,37,8,0.21621621621621623,0.8505659078672019,"ENSSSCG00000034280,ENSSSCG00000016314,ENSSSCG00000004280,ENSSSCG00000012613,ENSSSCG00000008171,ENSSSCG00000029096,ENSSSCG00000005659,ENSSSCG00000037508"
Liver,GO:BP,GO:1901652,response to peptide,0.8272833411009273,727,37,1,0.02702702702702703,0.7120710807093201,ENSSSCG00000037508
Liver,GO:BP,GO:0034097,response to cytokine,0.8272833411009273,726,37,1,0.02702702702702703,0.7130518948700768,ENSSSCG00000037508
Liver,GO:BP,GO:0048870,cell motility,0.8283599212480262,1398,37,2,0.05405405405405406,0.740594671925144,"ENSSSCG00000004886,ENSSSCG00000039094"
Liver,GO:BP,GO:0060341,regulation of cellular localization,0.8299644106557786,736,37,1,0.02702702702702703,0.7033636897767334,ENSSSCG00000037508
Liver,GO:BP,GO:0010557,positive regulation of macromolecule biosynthetic process,0.8323325330073176,2037,37,3,0.08108108108108109,0.7624089479759583,"ENSSSCG00000034280,ENSSSCG00000008171,ENSSSCG00000037508"
Liver,GO:BP,GO:0071705,nitrogen compound transport,0.8341967161270558,1421,37,2,0.05405405405405406,0.7286075660459898,"ENSSSCG00000004280,ENSSSCG00000011269"
Liver,GO:BP,GO:0030097,hemopoiesis,0.8350475326692789,752,37,1,0.02702702702702703,0.6883985048878666,ENSSSCG00000012613
Liver,REAC,REAC:R-SSC-212436,Generic Transcription Pathway,0.835342336799974,731,17,1,0.058823529411764705,0.6271827472439043,ENSSSCG00000033332
Liver,GO:BP,GO:0032879,regulation of localization,0.837434238459323,1435,37,2,0.05405405405405406,0.72149919954798,"ENSSSCG00000004280,ENSSSCG00000037508"
Liver,GO:BP,GO:0006355,regulation of DNA-templated transcription,0.8408008475285577,2683,37,4,0.10810810810810811,0.7717863222894904,"ENSSSCG00000028552,ENSSSCG00000012613,ENSSSCG00000008171,ENSSSCG00000025138"
Liver,GO:BP,GO:1901701,cellular response to oxygen-containing compound,0.8408008475285577,768,37,1,0.02702702702702703,0.6740568693693694,ENSSSCG00000039094
Liver,GO:BP,GO:0051234,establishment of localization,0.8408315523525942,3857,37,6,0.16216216216216217,0.8053030993139887,"ENSSSCG00000016314,ENSSSCG00000004280,ENSSSCG00000029096,ENSSSCG00000037508,ENSSSCG00000023903,ENSSSCG00000011269"
Liver,GO:BP,GO:2001141,regulation of RNA biosynthetic process,0.8408315523525942,2689,37,4,0.10810810810810811,0.7700642256239133,"ENSSSCG00000028552,ENSSSCG00000012613,ENSSSCG00000008171,ENSSSCG00000025138"
Liver,GO:BP,GO:0008380,RNA splicing,0.8408315523525942,1458,37,2,0.05405405405405406,0.7101175249323398,"ENSSSCG00000011720,ENSSSCG00000017795"
Liver,GO:BP,GO:0009891,positive regulation of biosynthetic process,0.843322991933114,2103,37,3,0.08108108108108109,0.7384817056714347,"ENSSSCG00000034280,ENSSSCG00000008171,ENSSSCG00000037508"
Liver,GO:BP,GO:0044087,regulation of cellular component biogenesis,0.843322991933114,786,37,1,0.02702702702702703,0.6586204525135824,ENSSSCG00000037508
Liver,GO:BP,GO:0033365,protein localization to organelle,0.8464129871582948,795,37,1,0.02702702702702703,0.6511643719190889,ENSSSCG00000012956
Liver,GO:BP,GO:0051726,regulation of cell cycle,0.8489839321637914,803,37,1,0.02702702702702703,0.6446770556359598,ENSSSCG00000011376
Liver,GO:BP,GO:0051130,positive regulation of cellular component organization,0.8523591774096744,813,37,1,0.02702702702702703,0.6367474485555666,ENSSSCG00000037508
Liver,GO:BP,GO:0009887,animal organ morphogenesis,0.8547939926919215,821,37,1,0.02702702702702703,0.6305428449155611,ENSSSCG00000013377
Liver,GO:BP,GO:0002684,positive regulation of immune system process,0.8550713513103617,824,37,1,0.02702702702702703,0.6282471792180531,ENSSSCG00000012613
Liver,GO:BP,GO:0010605,negative regulation of macromolecule metabolic process,0.8685972546407312,2214,37,3,0.08108108108108109,0.7014575551160918,"ENSSSCG00000034280,ENSSSCG00000028552,ENSSSCG00000012613"
Liver,GO:BP,GO:0048522,positive regulation of cellular process,0.8691603646085011,4596,37,7,0.1891891891891892,0.7884529438054243,"ENSSSCG00000034280,ENSSSCG00000016314,ENSSSCG00000004280,ENSSSCG00000012613,ENSSSCG00000008171,ENSSSCG00000005659,ENSSSCG00000037508"
Liver,GO:BP,GO:0051649,establishment of localization in cell,0.8706946526110861,1580,37,2,0.05405405405405406,0.6552856654122478,"ENSSSCG00000004280,ENSSSCG00000011269"
Liver,REAC,REAC:R-SSC-73857,RNA Polymerase II Transcription,0.872324802571621,832,17,1,0.058823529411764705,0.5510463800904977,ENSSSCG00000033332
Liver,REAC,REAC:R-SSC-168256,Immune System,0.8728514224008895,1471,17,2,0.11764705882352941,0.6233454632702844,"ENSSSCG00000033332,ENSSSCG00000034639"
Liver,GO:BP,GO:0033043,regulation of organelle organization,0.877925140665536,895,37,1,0.02702702702702703,0.5784085761739394,ENSSSCG00000037508
Liver,GO:BP,GO:0098542,defense response to other organism,0.877925140665536,893,37,1,0.02702702702702703,0.5797040041160982,ENSSSCG00000037508
Liver,GO:BP,GO:0040011,locomotion,0.8902458039844442,933,37,1,0.02702702702702703,0.5548506706062977,ENSSSCG00000039094
Liver,GO:BP,GO:0009892,negative regulation of metabolic process,0.8960326539325095,2351,37,3,0.08108108108108109,0.6605814661960984,"ENSSSCG00000034280,ENSSSCG00000028552,ENSSSCG00000012613"
Liver,REAC,REAC:R-SSC-74160,Gene expression (Transcription),0.8965786448470782,937,17,1,0.058823529411764705,0.4892962521187771,ENSSSCG00000033332
Liver,GO:BP,GO:0016071,mRNA metabolic process,0.8985320810076002,1700,37,2,0.05405405405405406,0.6090302066772656,"ENSSSCG00000034280,ENSSSCG00000017795"
Liver,GO:BP,GO:0009605,response to external stimulus,0.9063765629220117,1738,37,2,0.05405405405405406,0.5957142412838616,"ENSSSCG00000037508,ENSSSCG00000039094"
Liver,GO:BP,GO:1901700,response to oxygen-containing compound,0.9063765629220117,997,37,1,0.02702702702702703,0.5192333758030849,ENSSSCG00000039094
Liver,GO:BP,GO:0080134,regulation of response to stress,0.9068105101785023,1002,37,1,0.02702702702702703,0.516642390893888,ENSSSCG00000008171
Liver,GO:BP,GO:0051128,regulation of cellular component organization,0.9162037495374112,1793,37,2,0.05405405405405406,0.5774407982996941,"ENSSSCG00000004280,ENSSSCG00000037508"
Liver,GO:BP,GO:0051049,regulation of transport,0.9272763349034734,1090,37,1,0.02702702702702703,0.47493181254649147,ENSSSCG00000004280
Liver,GO:BP,GO:0010629,negative regulation of gene expression,0.9272763349034734,1090,37,1,0.02702702702702703,0.47493181254649147,ENSSSCG00000034280
Liver,GO:BP,GO:0051707,response to other organism,0.9313592334209426,1113,37,1,0.02702702702702703,0.4651174085136349,ENSSSCG00000037508
Liver,GO:BP,GO:0043207,response to external biotic stimulus,0.9313592334209426,1116,37,1,0.02702702702702703,0.46386709289935096,ENSSSCG00000037508
Liver,GO:BP,GO:0009607,response to biotic stimulus,0.9381380180933081,1151,37,1,0.02702702702702703,0.44976166435766785,ENSSSCG00000037508
Liver,GO:BP,GO:0009987,cellular process,0.9415303624203881,18585,37,35,0.9459459459459459,0.9749071105003309,"ENSSSCG00000034280,ENSSSCG00000004886,ENSSSCG00000005232,ENSSSCG00000010495,ENSSSCG00000027538,ENSSSCG00000033310,ENSSSCG00000016314,ENSSSCG00000037120,ENSSSCG00000028552,ENSSSCG00000004280,ENSSSCG00000016792,ENSSSCG00000014257,ENSSSCG00000012613,ENSSSCG00000032923,ENSSSCG00000008171,ENSSSCG00000003177,ENSSSCG00000029096,ENSSSCG00000013377,ENSSSCG00000011376,ENSSSCG00000011720,ENSSSCG00000018926,ENSSSCG00000033332,ENSSSCG00000016397,ENSSSCG00000005659,ENSSSCG00000017566,ENSSSCG00000025138,ENSSSCG00000037508,ENSSSCG00000034639,ENSSSCG00000004401,ENSSSCG00000023903,ENSSSCG00000002753,ENSSSCG00000039094,ENSSSCG00000011269,ENSSSCG00000017795,ENSSSCG00000012956"
Liver,GO:BP,GO:0002682,regulation of immune system process,0.9472421923704136,1206,37,1,0.02702702702702703,0.42925014566805614,ENSSSCG00000012613
Liver,GO:BP,GO:0044419,biological process involved in interspecies interaction between organisms,0.9510567844934219,1232,37,1,0.02702702702702703,0.4201912951912952,ENSSSCG00000037508
Liver,REAC,REAC:R-SSC-162582,Signal Transduction,0.956067991321721,1956,17,2,0.11764705882352941,0.46878383255142547,"ENSSSCG00000029096,ENSSSCG00000033332"
Liver,GO:BP,GO:0048523,negative regulation of cellular process,0.9626306808925128,4148,37,5,0.13513513513513514,0.624006359300477,"ENSSSCG00000034280,ENSSSCG00000028552,ENSSSCG00000016792,ENSSSCG00000012613,ENSSSCG00000037508"
Liver,GO:BP,GO:0036211,protein modification process,0.965318667450423,1352,37,1,0.02702702702702703,0.3828962098192868,ENSSSCG00000027538
Liver,GO:BP,GO:0000375,"RNA splicing, via transesterification reactions",0.965318667450423,1385,37,1,0.02702702702702703,0.37377305102936875,ENSSSCG00000017795
Liver,GO:BP,GO:0000398,"mRNA splicing, via spliceosome",0.965318667450423,1385,37,1,0.02702702702702703,0.37377305102936875,ENSSSCG00000017795
Liver,GO:BP,GO:1902680,positive regulation of RNA biosynthetic process,0.965318667450423,1373,37,1,0.02702702702702703,0.3770398220507471,ENSSSCG00000008171
Liver,GO:BP,GO:0000377,"RNA splicing, via transesterification reactions with bulged adenosine as nucleophile",0.965318667450423,1385,37,1,0.02702702702702703,0.37377305102936875,ENSSSCG00000017795
Liver,GO:BP,GO:0045893,positive regulation of DNA-templated transcription,0.965318667450423,1371,37,1,0.02702702702702703,0.3775898436729947,ENSSSCG00000008171
Liver,GO:BP,GO:0023056,positive regulation of signaling,0.965318667450423,1348,37,1,0.02702702702702703,0.38403240035287517,ENSSSCG00000004280
Liver,GO:BP,GO:0010647,positive regulation of cell communication,0.965318667450423,1343,37,1,0.02702702702702703,0.3854621561248516,ENSSSCG00000004280
Liver,GO:BP,GO:0048519,negative regulation of biological process,0.9668492472478054,4306,37,5,0.13513513513513514,0.6011097023637665,"ENSSSCG00000034280,ENSSSCG00000028552,ENSSSCG00000016792,ENSSSCG00000012613,ENSSSCG00000037508"
Liver,GO:BP,GO:0141124,intracellular signaling cassette,0.9668492472478054,1409,37,1,0.02702702702702703,0.36740644121765487,ENSSSCG00000016314
Liver,GO:BP,GO:0051254,positive regulation of RNA metabolic process,0.9728808464253728,1474,37,1,0.02702702702702703,0.3512046646375005,ENSSSCG00000008171
Liver,GO:BP,GO:0006397,mRNA processing,0.9728884680974097,1484,37,1,0.02702702702702703,0.34883805638522625,ENSSSCG00000017795
Liver,GO:BP,GO:0043412,macromolecule modification,0.9742344582232669,1507,37,1,0.02702702702702703,0.34351405154324866,ENSSSCG00000027538
Liver,GO:BP,GO:0022613,ribonucleoprotein complex biogenesis,0.9743711438705275,1519,37,1,0.02702702702702703,0.3408003131505436,ENSSSCG00000002753
Liver,GO:BP,GO:0070887,cellular response to chemical stimulus,0.9762117422333354,1549,37,1,0.02702702702702703,0.3341999197389772,ENSSSCG00000039094
Liver,GO:BP,GO:0045935,positive regulation of nucleobase-containing compound metabolic process,0.9807083401270119,1612,37,1,0.02702702702702703,0.32113875662262764,ENSSSCG00000008171
Liver,GO:BP,GO:0023051,regulation of signaling,0.9881208743846521,2649,37,2,0.05405405405405406,0.3908461122504158,"ENSSSCG00000004280,ENSSSCG00000003177"
Liver,GO:BP,GO:0010646,regulation of cell communication,0.9881208743846521,2643,37,2,0.05405405405405406,0.39173339059831686,"ENSSSCG00000004280,ENSSSCG00000003177"
Liver,GO:BP,GO:0048584,positive regulation of response to stimulus,0.9881208743846521,1743,37,1,0.02702702702702703,0.29700268254485124,ENSSSCG00000008171
Liver,GO:BP,GO:0050794,regulation of cellular process,0.9962081187200946,10756,37,15,0.40540540540540543,0.7219352115224188,"ENSSSCG00000034280,ENSSSCG00000016314,ENSSSCG00000028552,ENSSSCG00000004280,ENSSSCG00000016792,ENSSSCG00000012613,ENSSSCG00000008171,ENSSSCG00000003177,ENSSSCG00000029096,ENSSSCG00000011376,ENSSSCG00000011720,ENSSSCG00000005659,ENSSSCG00000025138,ENSSSCG00000037508,ENSSSCG00000017795"
Liver,GO:BP,GO:0035556,intracellular signal transduction,0.999135604611769,2314,37,1,0.02702702702702703,0.22371463944497655,ENSSSCG00000016314
Liver,GO:BP,GO:0050789,regulation of biological process,0.999135604611769,11104,37,15,0.40540540540540543,0.6993097203832074,"ENSSSCG00000034280,ENSSSCG00000016314,ENSSSCG00000028552,ENSSSCG00000004280,ENSSSCG00000016792,ENSSSCG00000012613,ENSSSCG00000008171,ENSSSCG00000003177,ENSSSCG00000029096,ENSSSCG00000011376,ENSSSCG00000011720,ENSSSCG00000005659,ENSSSCG00000025138,ENSSSCG00000037508,ENSSSCG00000017795"
Liver,GO:BP,GO:0007186,G protein-coupled receptor signaling pathway,0.999135604611769,2230,37,1,0.02702702702702703,0.23214155859895771,ENSSSCG00000029096
Liver,GO:BP,GO:0065007,biological regulation,0.999135604611769,11438,37,16,0.43243243243243246,0.7241485234141293,"ENSSSCG00000034280,ENSSSCG00000016314,ENSSSCG00000028552,ENSSSCG00000004280,ENSSSCG00000016792,ENSSSCG00000012613,ENSSSCG00000008171,ENSSSCG00000003177,ENSSSCG00000029096,ENSSSCG00000011376,ENSSSCG00000011720,ENSSSCG00000005659,ENSSSCG00000025138,ENSSSCG00000037508,ENSSSCG00000039094,ENSSSCG00000017795"
Liver,GO:BP,GO:0007166,cell surface receptor signaling pathway,0.999135604611769,2212,37,1,0.02702702702702703,0.23403059479008848,ENSSSCG00000003177
Liver,GO:BP,GO:0048583,regulation of response to stimulus,0.999135604611769,3016,37,2,0.05405405405405406,0.34328625707936056,"ENSSSCG00000008171,ENSSSCG00000003177"
Liver,GO:BP,GO:0009966,regulation of signal transduction,0.999135604611769,2290,37,1,0.02702702702702703,0.22605924701994573,ENSSSCG00000003177
Liver,GO:BP,GO:0050896,response to stimulus,1,8186,37,7,0.1891891891891892,0.4426740446774652,"ENSSSCG00000027538,ENSSSCG00000016314,ENSSSCG00000008171,ENSSSCG00000003177,ENSSSCG00000029096,ENSSSCG00000037508,ENSSSCG00000039094"
Liver,GO:BP,GO:0023052,signaling,1,6362,37,4,0.10810810810810811,0.3254798338105474,"ENSSSCG00000016314,ENSSSCG00000004280,ENSSSCG00000003177,ENSSSCG00000029096"
Liver,GO:BP,GO:0051716,cellular response to stimulus,1,7052,37,6,0.16216216216216217,0.4404500927473134,"ENSSSCG00000027538,ENSSSCG00000016314,ENSSSCG00000008171,ENSSSCG00000003177,ENSSSCG00000029096,ENSSSCG00000039094"
Liver,GO:BP,GO:0008150,biological_process,1,19154,37,37,1,1,"ENSSSCG00000034280,ENSSSCG00000004886,ENSSSCG00000005232,ENSSSCG00000012053,ENSSSCG00000010495,ENSSSCG00000027538,ENSSSCG00000033310,ENSSSCG00000016314,ENSSSCG00000037120,ENSSSCG00000028552,ENSSSCG00000004280,ENSSSCG00000016792,ENSSSCG00000014257,ENSSSCG00000012613,ENSSSCG00000032923,ENSSSCG00000008171,ENSSSCG00000003177,ENSSSCG00000029096,ENSSSCG00000013377,ENSSSCG00000011376,ENSSSCG00000011720,ENSSSCG00000018926,ENSSSCG00000040313,ENSSSCG00000033332,ENSSSCG00000016397,ENSSSCG00000005659,ENSSSCG00000017566,ENSSSCG00000025138,ENSSSCG00000037508,ENSSSCG00000034639,ENSSSCG00000004401,ENSSSCG00000023903,ENSSSCG00000002753,ENSSSCG00000039094,ENSSSCG00000011269,ENSSSCG00000017795,ENSSSCG00000012956"
Liver,GO:BP,GO:0007165,signal transduction,1,5967,37,3,0.08108108108108109,0.26026931909284856,"ENSSSCG00000016314,ENSSSCG00000003177,ENSSSCG00000029096"
Liver,GO:BP,GO:0007154,cell communication,1,6387,37,5,0.13513513513513514,0.4052573005132893,"ENSSSCG00000016314,ENSSSCG00000004280,ENSSSCG00000003177,ENSSSCG00000029096,ENSSSCG00000039094"
Liver,GO:BP,GO:0042221,response to chemical,1,3985,37,2,0.05405405405405406,0.2598121333378548,"ENSSSCG00000037508,ENSSSCG00000039094"
Liver,KEGG,KEGG:00000,KEGG root term,1,8456,16,16,1,1,"ENSSSCG00000012053,ENSSSCG00000010495,ENSSSCG00000027538,ENSSSCG00000008935,ENSSSCG00000016314,ENSSSCG00000037120,ENSSSCG00000028552,ENSSSCG00000004280,ENSSSCG00000014257,ENSSSCG00000008171,ENSSSCG00000029096,ENSSSCG00000033332,ENSSSCG00000034639,ENSSSCG00000004401,ENSSSCG00000023903,ENSSSCG00000002753"
Liver,REAC,REAC:0000000,REACTOME root term,1,7794,17,17,1,1,"ENSSSCG00000004886,ENSSSCG00000012053,ENSSSCG00000010495,ENSSSCG00000008935,ENSSSCG00000016314,ENSSSCG00000037120,ENSSSCG00000004280,ENSSSCG00000014257,ENSSSCG00000012613,ENSSSCG00000032923,ENSSSCG00000029096,ENSSSCG00000033332,ENSSSCG00000016397,ENSSSCG00000017566,ENSSSCG00000034639,ENSSSCG00000023903,ENSSSCG00000039094"
Lung,GO:BP,GO:0070934,CRD-mediated mRNA stabilization,0.11662840250050038,10,34,2,0.058823529411764705,112.6705882352941,"ENSSSCG00000011795,ENSSSCG00000036695"
Lung,REAC,REAC:R-SSC-397014,Muscle contraction,0.12745574559118023,134,17,3,0.17647058823529413,10.264266900790167,"ENSSSCG00000010144,ENSSSCG00000009889,ENSSSCG00000003218"
Lung,REAC,REAC:R-SSC-390522,Striated Muscle Contraction,0.12745574559118023,30,17,2,0.11764705882352941,30.56470588235294,"ENSSSCG00000010144,ENSSSCG00000003218"
Lung,REAC,REAC:R-SSC-1482798,Acyl chain remodeling of CL,0.13046737862075275,4,17,1,0.058823529411764705,114.61764705882352,ENSSSCG00000025901
Lung,REAC,REAC:R-SSC-380615,Serotonin clearance from the synaptic cleft,0.13046737862075275,3,17,1,0.058823529411764705,152.82352941176472,ENSSSCG00000009889
Lung,REAC,REAC:R-SSC-380612,Metabolism of serotonin,0.13046737862075275,2,17,1,0.058823529411764705,229.23529411764704,ENSSSCG00000009889
Lung,REAC,REAC:R-SSC-173736,Alternative complement activation,0.13046737862075275,4,17,1,0.058823529411764705,114.61764705882352,ENSSSCG00000032810
Lung,GO:BP,GO:0045214,sarcomere organization,0.13543517884211154,38,34,2,0.058823529411764705,29.65015479876161,"ENSSSCG00000010144,ENSSSCG00000003218"
Lung,GO:BP,GO:0015931,nucleobase-containing compound transport,0.13543517884211154,175,34,3,0.08823529411764706,9.657478991596639,"ENSSSCG00000011795,ENSSSCG00000011491,ENSSSCG00000036695"
Lung,GO:BP,GO:0045957,"negative regulation of complement activation, alternative pathway",0.13543517884211154,2,34,1,0.029411764705882353,281.6764705882353,ENSSSCG00000035170
Lung,GO:BP,GO:0018937,nitroglycerin metabolic process,0.13543517884211154,1,34,1,0.029411764705882353,563.3529411764706,ENSSSCG00000009889
Lung,GO:BP,GO:0021730,trigeminal sensory nucleus development,0.13543517884211154,2,34,1,0.029411764705882353,281.6764705882353,ENSSSCG00000005190
Lung,GO:BP,GO:0006403,RNA localization,0.13543517884211154,136,34,3,0.08823529411764706,12.426903114186851,"ENSSSCG00000011795,ENSSSCG00000011491,ENSSSCG00000036695"
Lung,GO:BP,GO:0060689,cell differentiation involved in salivary gland development,0.13543517884211154,2,34,1,0.029411764705882353,281.6764705882353,ENSSSCG00000005190
Lung,GO:BP,GO:0050658,RNA transport,0.13543517884211154,112,34,3,0.08823529411764706,15.089810924369749,"ENSSSCG00000011795,ENSSSCG00000011491,ENSSSCG00000036695"
Lung,GO:BP,GO:0051028,mRNA transport,0.13543517884211154,82,34,3,0.08823529411764706,20.610473457675756,"ENSSSCG00000011795,ENSSSCG00000011491,ENSSSCG00000036695"
Lung,GO:BP,GO:0051236,establishment of RNA localization,0.13543517884211154,115,34,3,0.08823529411764706,14.696163682864452,"ENSSSCG00000011795,ENSSSCG00000011491,ENSSSCG00000036695"
Lung,GO:BP,GO:0051253,negative regulation of RNA metabolic process,0.13543517884211154,1106,34,7,0.20588235294117646,3.565524944154877,"ENSSSCG00000006902,ENSSSCG00000011795,ENSSSCG00000009569,ENSSSCG00000009101,ENSSSCG00000005190,ENSSSCG00000036695,ENSSSCG00000010219"
Lung,GO:BP,GO:0051695,actin filament uncapping,0.13543517884211154,2,34,1,0.029411764705882353,281.6764705882353,ENSSSCG00000010144
Lung,GO:BP,GO:0021740,principal sensory nucleus of trigeminal nerve development,0.13543517884211154,2,34,1,0.029411764705882353,281.6764705882353,ENSSSCG00000005190
Lung,GO:BP,GO:0050657,nucleic acid transport,0.13543517884211154,112,34,3,0.08823529411764706,15.089810924369749,"ENSSSCG00000011795,ENSSSCG00000011491,ENSSSCG00000036695"
Lung,GO:BP,GO:0030451,"regulation of complement activation, alternative pathway",0.13543517884211154,2,34,1,0.029411764705882353,281.6764705882353,ENSSSCG00000035170
Lung,GO:BP,GO:2000791,negative regulation of mesenchymal cell proliferation involved in lung development,0.13543517884211154,2,34,1,0.029411764705882353,281.6764705882353,ENSSSCG00000005190
Lung,GO:BP,GO:2000790,regulation of mesenchymal cell proliferation involved in lung development,0.13543517884211154,2,34,1,0.029411764705882353,281.6764705882353,ENSSSCG00000005190
Lung,GO:BP,GO:1905627,regulation of serotonin biosynthetic process,0.13543517884211154,1,34,1,0.029411764705882353,563.3529411764706,ENSSSCG00000009889
Lung,GO:BP,GO:1903179,regulation of dopamine biosynthetic process,0.13543517884211154,2,34,1,0.029411764705882353,281.6764705882353,ENSSSCG00000009889
Lung,GO:BP,GO:0097601,retina blood vessel maintenance,0.13543517884211154,2,34,1,0.029411764705882353,281.6764705882353,ENSSSCG00000010385
Lung,GO:BP,GO:2000795,negative regulation of epithelial cell proliferation involved in lung morphogenesis,0.13543517884211154,1,34,1,0.029411764705882353,563.3529411764706,ENSSSCG00000005190
Lung,GO:BP,GO:0009607,response to biotic stimulus,0.13543517884211154,1151,34,7,0.20588235294117646,3.4261256196657635,"ENSSSCG00000006902,ENSSSCG00000009569,ENSSSCG00000005190,ENSSSCG00000035110,ENSSSCG00000005360,ENSSSCG00000035170,ENSSSCG00000006243"
Lung,GO:BP,GO:0048255,mRNA stabilization,0.13666381118039891,52,34,2,0.058823529411764705,21.667420814479637,"ENSSSCG00000011795,ENSSSCG00000036695"
Lung,GO:BP,GO:0042427,serotonin biosynthetic process,0.1376164183478927,4,34,1,0.029411764705882353,140.83823529411765,ENSSSCG00000009889
Lung,GO:BP,GO:0006216,cytidine catabolic process,0.1376164183478927,4,34,1,0.029411764705882353,140.83823529411765,ENSSSCG00000015775
Lung,GO:BP,GO:1902373,negative regulation of mRNA catabolic process,0.1376164183478927,59,34,2,0.058823529411764705,19.096709870388832,"ENSSSCG00000011795,ENSSSCG00000036695"
Lung,GO:BP,GO:1902369,negative regulation of RNA catabolic process,0.1376164183478927,69,34,2,0.058823529411764705,16.329070758738276,"ENSSSCG00000011795,ENSSSCG00000036695"
Lung,GO:BP,GO:0086097,phospholipase C-activating angiotensin-activated signaling pathway,0.1376164183478927,3,34,1,0.029411764705882353,187.7843137254902,ENSSSCG00000010144
Lung,GO:BP,GO:1901162,primary amino compound biosynthetic process,0.1376164183478927,4,34,1,0.029411764705882353,140.83823529411765,ENSSSCG00000009889
Lung,GO:BP,GO:0070103,regulation of interleukin-6-mediated signaling pathway,0.1376164183478927,4,34,1,0.029411764705882353,140.83823529411765,ENSSSCG00000006902
Lung,GO:BP,GO:0061141,lung ciliated cell differentiation,0.1376164183478927,3,34,1,0.029411764705882353,187.7843137254902,ENSSSCG00000005190
Lung,GO:BP,GO:0060486,club cell differentiation,0.1376164183478927,4,34,1,0.029411764705882353,140.83823529411765,ENSSSCG00000005190
Lung,GO:BP,GO:0009972,cytidine deamination,0.1376164183478927,4,34,1,0.029411764705882353,140.83823529411765,ENSSSCG00000015775
Lung,GO:BP,GO:0030035,microspike assembly,0.1376164183478927,3,34,1,0.029411764705882353,187.7843137254902,ENSSSCG00000010144
Lung,GO:BP,GO:0036149,phosphatidylinositol acyl-chain remodeling,0.1376164183478927,3,34,1,0.029411764705882353,187.7843137254902,ENSSSCG00000025901
Lung,GO:BP,GO:0002118,aggressive behavior,0.1376164183478927,4,34,1,0.029411764705882353,140.83823529411765,ENSSSCG00000006243
Lung,GO:BP,GO:0035898,parathyroid hormone secretion,0.1376164183478927,4,34,1,0.029411764705882353,140.83823529411765,ENSSSCG00000016469
Lung,GO:BP,GO:0070105,positive regulation of interleukin-6-mediated signaling pathway,0.1376164183478927,3,34,1,0.029411764705882353,187.7843137254902,ENSSSCG00000006902
Lung,GO:BP,GO:0030239,myofibril assembly,0.1376164183478927,54,34,2,0.058823529411764705,20.864923747276688,"ENSSSCG00000010144,ENSSSCG00000003218"
Lung,GO:BP,GO:0045934,negative regulation of nucleobase-containing compound metabolic process,0.1376164183478927,1207,34,7,0.20588235294117646,3.2671670159364488,"ENSSSCG00000006902,ENSSSCG00000011795,ENSSSCG00000009569,ENSSSCG00000009101,ENSSSCG00000005190,ENSSSCG00000036695,ENSSSCG00000010219"
Lung,GO:BP,GO:0043489,RNA stabilization,0.1376164183478927,59,34,2,0.058823529411764705,19.096709870388832,"ENSSSCG00000011795,ENSSSCG00000036695"
Lung,GO:BP,GO:0046087,cytidine metabolic process,0.1376164183478927,4,34,1,0.029411764705882353,140.83823529411765,ENSSSCG00000015775
Lung,GO:BP,GO:0071228,cellular response to tumor cell,0.1376164183478927,4,34,1,0.029411764705882353,140.83823529411765,ENSSSCG00000005360
Lung,REAC,REAC:R-SSC-947581,Molybdenum cofactor biosynthesis,0.13964308828378053,5,17,1,0.058823529411764705,91.69411764705883,ENSSSCG00000001596
Lung,GO:BP,GO:2000973,regulation of pro-B cell differentiation,0.14167273452338008,6,34,1,0.029411764705882353,93.8921568627451,ENSSSCG00000005015
Lung,GO:BP,GO:2000794,regulation of epithelial cell proliferation involved in lung morphogenesis,0.14167273452338008,6,34,1,0.029411764705882353,93.8921568627451,ENSSSCG00000005190
Lung,GO:BP,GO:0060510,type II pneumocyte differentiation,0.14167273452338008,6,34,1,0.029411764705882353,93.8921568627451,ENSSSCG00000005190
Lung,GO:BP,GO:0060605,tube lumen cavitation,0.14167273452338008,5,34,1,0.029411764705882353,112.6705882352941,ENSSSCG00000005190
Lung,GO:BP,GO:0086073,bundle of His cell-Purkinje myocyte adhesion involved in cell communication,0.14167273452338008,6,34,1,0.029411764705882353,93.8921568627451,ENSSSCG00000024800
Lung,GO:BP,GO:1903312,negative regulation of mRNA metabolic process,0.14167273452338008,76,34,2,0.058823529411764705,14.825077399380804,"ENSSSCG00000011795,ENSSSCG00000036695"
Lung,GO:BP,GO:0060916,mesenchymal cell proliferation involved in lung development,0.14167273452338008,5,34,1,0.029411764705882353,112.6705882352941,ENSSSCG00000005190
Lung,GO:BP,GO:0019720,Mo-molybdopterin cofactor metabolic process,0.14167273452338008,5,34,1,0.029411764705882353,112.6705882352941,ENSSSCG00000001596
Lung,GO:BP,GO:0009617,response to bacterium,0.14167273452338008,474,34,4,0.11764705882352941,4.75403325887317,"ENSSSCG00000006902,ENSSSCG00000005190,ENSSSCG00000035110,ENSSSCG00000006243"
Lung,GO:BP,GO:0006777,Mo-molybdopterin cofactor biosynthetic process,0.14167273452338008,5,34,1,0.029411764705882353,112.6705882352941,ENSSSCG00000001596
Lung,GO:BP,GO:0086042,cardiac muscle cell-cardiac muscle cell adhesion,0.14167273452338008,6,34,1,0.029411764705882353,93.8921568627451,ENSSSCG00000024800
Lung,GO:BP,GO:0060613,fat pad development,0.14167273452338008,6,34,1,0.029411764705882353,93.8921568627451,ENSSSCG00000010219
Lung,GO:BP,GO:0046131,pyrimidine ribonucleoside metabolic process,0.14167273452338008,6,34,1,0.029411764705882353,93.8921568627451,ENSSSCG00000015775
Lung,GO:BP,GO:0060662,salivary gland cavitation,0.14167273452338008,5,34,1,0.029411764705882353,112.6705882352941,ENSSSCG00000005190
Lung,GO:BP,GO:0038003,G protein-coupled opioid receptor signaling pathway,0.14167273452338008,6,34,1,0.029411764705882353,93.8921568627451,ENSSSCG00000006243
Lung,GO:BP,GO:0042435,indole-containing compound biosynthetic process,0.14167273452338008,6,34,1,0.029411764705882353,93.8921568627451,ENSSSCG00000009889
Lung,GO:BP,GO:0043545,molybdopterin cofactor metabolic process,0.14167273452338008,5,34,1,0.029411764705882353,112.6705882352941,ENSSSCG00000001596
Lung,GO:BP,GO:0046133,pyrimidine ribonucleoside catabolic process,0.14167273452338008,6,34,1,0.029411764705882353,93.8921568627451,ENSSSCG00000015775
Lung,GO:BP,GO:0051189,prosthetic group metabolic process,0.14167273452338008,5,34,1,0.029411764705882353,112.6705882352941,ENSSSCG00000001596
Lung,GO:BP,GO:0032324,molybdopterin cofactor biosynthetic process,0.14167273452338008,5,34,1,0.029411764705882353,112.6705882352941,ENSSSCG00000001596
Lung,GO:BP,GO:0043207,response to external biotic stimulus,0.14736583811093812,1116,34,6,0.17647058823529413,3.0287792536369387,"ENSSSCG00000006902,ENSSSCG00000009569,ENSSSCG00000005190,ENSSSCG00000035110,ENSSSCG00000035170,ENSSSCG00000006243"
Lung,GO:BP,GO:1990830,cellular response to leukemia inhibitory factor,0.14736583811093812,94,34,2,0.058823529411764705,11.986232790988735,"ENSSSCG00000009101,ENSSSCG00000010219"
Lung,GO:BP,GO:1990823,response to leukemia inhibitory factor,0.14736583811093812,96,34,2,0.058823529411764705,11.736519607843137,"ENSSSCG00000009101,ENSSSCG00000010219"
Lung,GO:BP,GO:0072201,negative regulation of mesenchymal cell proliferation,0.14736583811093812,7,34,1,0.029411764705882353,80.47899159663865,ENSSSCG00000005190
Lung,GO:BP,GO:0021780,glial cell fate specification,0.14736583811093812,7,34,1,0.029411764705882353,80.47899159663865,ENSSSCG00000005190
Lung,GO:BP,GO:0021960,anterior commissure morphogenesis,0.14736583811093812,7,34,1,0.029411764705882353,80.47899159663865,ENSSSCG00000005190
Lung,GO:BP,GO:0006068,ethanol catabolic process,0.14736583811093812,7,34,1,0.029411764705882353,80.47899159663865,ENSSSCG00000009889
Lung,GO:BP,GO:2001137,positive regulation of endocytic recycling,0.14736583811093812,7,34,1,0.029411764705882353,80.47899159663865,ENSSSCG00000010144
Lung,GO:BP,GO:0051707,response to other organism,0.14736583811093812,1113,34,6,0.17647058823529413,3.0369430791184397,"ENSSSCG00000006902,ENSSSCG00000009569,ENSSSCG00000005190,ENSSSCG00000035110,ENSSSCG00000035170,ENSSSCG00000006243"
Lung,GO:BP,GO:0060509,type I pneumocyte differentiation,0.14736583811093812,7,34,1,0.029411764705882353,80.47899159663865,ENSSSCG00000005190
Lung,GO:BP,GO:0060502,epithelial cell proliferation involved in lung morphogenesis,0.14899524595804464,8,34,1,0.029411764705882353,70.41911764705883,ENSSSCG00000005190
Lung,GO:BP,GO:0006067,ethanol metabolic process,0.14899524595804464,8,34,1,0.029411764705882353,70.41911764705883,ENSSSCG00000009889
Lung,GO:BP,GO:0045023,G0 to G1 transition,0.14899524595804464,8,34,1,0.029411764705882353,70.41911764705883,ENSSSCG00000017193
Lung,GO:BP,GO:0010927,cellular component assembly involved in morphogenesis,0.14899524595804464,99,34,2,0.058823529411764705,11.380867498514558,"ENSSSCG00000010144,ENSSSCG00000003218"
Lung,GO:BP,GO:0032989,cellular anatomical entity morphogenesis,0.14899524595804464,99,34,2,0.058823529411764705,11.380867498514558,"ENSSSCG00000010144,ENSSSCG00000003218"
Lung,GO:BP,GO:0046135,pyrimidine nucleoside catabolic process,0.14899524595804464,8,34,1,0.029411764705882353,70.41911764705883,ENSSSCG00000015775
Lung,GO:BP,GO:0034310,primary alcohol catabolic process,0.14899524595804464,8,34,1,0.029411764705882353,70.41911764705883,ENSSSCG00000009889
Lung,GO:BP,GO:0042428,serotonin metabolic process,0.15773855757154454,9,34,1,0.029411764705882353,62.59477124183007,ENSSSCG00000009889
Lung,GO:BP,GO:1905456,regulation of lymphoid progenitor cell differentiation,0.15773855757154454,9,34,1,0.029411764705882353,62.59477124183007,ENSSSCG00000005015
Lung,GO:BP,GO:0042416,dopamine biosynthetic process,0.15773855757154454,9,34,1,0.029411764705882353,62.59477124183007,ENSSSCG00000009889
Lung,GO:BP,GO:0002328,pro-B cell differentiation,0.15773855757154454,9,34,1,0.029411764705882353,62.59477124183007,ENSSSCG00000005015
Lung,GO:BP,GO:0043174,nucleoside salvage,0.15773855757154454,9,34,1,0.029411764705882353,62.59477124183007,ENSSSCG00000015775
Lung,GO:BP,GO:0061140,lung secretory cell differentiation,0.16193372892356228,10,34,1,0.029411764705882353,56.33529411764705,ENSSSCG00000005190
Lung,GO:BP,GO:1901160,primary amino compound metabolic process,0.16193372892356228,10,34,1,0.029411764705882353,56.33529411764705,ENSSSCG00000009889
Lung,GO:BP,GO:1903251,multi-ciliated epithelial cell differentiation,0.16193372892356228,10,34,1,0.029411764705882353,56.33529411764705,ENSSSCG00000005190
Lung,GO:BP,GO:0042069,regulation of catecholamine metabolic process,0.16193372892356228,10,34,1,0.029411764705882353,56.33529411764705,ENSSSCG00000009889
Lung,GO:BP,GO:0006213,pyrimidine nucleoside metabolic process,0.16193372892356228,10,34,1,0.029411764705882353,56.33529411764705,ENSSSCG00000015775
Lung,GO:BP,GO:2000009,negative regulation of protein localization to cell surface,0.16193372892356228,10,34,1,0.029411764705882353,56.33529411764705,ENSSSCG00000010144
Lung,GO:BP,GO:0042053,regulation of dopamine metabolic process,0.16193372892356228,10,34,1,0.029411764705882353,56.33529411764705,ENSSSCG00000009889
Lung,GO:BP,GO:0021781,glial cell fate commitment,0.1638770470466835,11,34,1,0.029411764705882353,51.213903743315505,ENSSSCG00000005190
Lung,GO:BP,GO:0051231,spindle elongation,0.1638770470466835,11,34,1,0.029411764705882353,51.213903743315505,ENSSSCG00000001840
Lung,GO:BP,GO:0030836,positive regulation of actin filament depolymerization,0.1638770470466835,11,34,1,0.029411764705882353,51.213903743315505,ENSSSCG00000010144
Lung,GO:BP,GO:0010558,negative regulation of macromolecule biosynthetic process,0.1638770470466835,1948,34,8,0.23529411764705882,2.3135644401497766,"ENSSSCG00000006902,ENSSSCG00000011795,ENSSSCG00000009569,ENSSSCG00000009101,ENSSSCG00000005190,ENSSSCG00000036695,ENSSSCG00000010219,ENSSSCG00000035170"
Lung,GO:BP,GO:0043031,negative regulation of macrophage activation,0.1638770470466835,11,34,1,0.029411764705882353,51.213903743315505,ENSSSCG00000035170
Lung,GO:BP,GO:0055002,striated muscle cell development,0.1638770470466835,119,34,2,0.058823529411764705,9.468116658428077,"ENSSSCG00000010144,ENSSSCG00000003218"
Lung,GO:BP,GO:0071679,commissural neuron axon guidance,0.1638770470466835,11,34,1,0.029411764705882353,51.213903743315505,ENSSSCG00000005190
Lung,GO:BP,GO:0006957,"complement activation, alternative pathway",0.1638770470466835,11,34,1,0.029411764705882353,51.213903743315505,ENSSSCG00000035170
Lung,GO:BP,GO:0044419,biological process involved in interspecies interaction between organisms,0.16714026437810278,1232,34,6,0.17647058823529413,2.743601986249045,"ENSSSCG00000006902,ENSSSCG00000009569,ENSSSCG00000005190,ENSSSCG00000035110,ENSSSCG00000035170,ENSSSCG00000006243"
Lung,GO:BP,GO:0045088,regulation of innate immune response,0.16970455595121545,330,34,3,0.08823529411764706,5.121390374331551,"ENSSSCG00000006902,ENSSSCG00000009569,ENSSSCG00000035170"
Lung,GO:BP,GO:0009890,negative regulation of biosynthetic process,0.1698442676310867,1989,34,8,0.23529411764705882,2.2658740721024455,"ENSSSCG00000006902,ENSSSCG00000011795,ENSSSCG00000009569,ENSSSCG00000009101,ENSSSCG00000005190,ENSSSCG00000036695,ENSSSCG00000010219,ENSSSCG00000035170"
Lung,GO:BP,GO:0098911,regulation of ventricular cardiac muscle cell action potential,0.17181671564317874,12,34,1,0.029411764705882353,46.94607843137255,ENSSSCG00000024800
Lung,GO:BP,GO:0042454,ribonucleoside catabolic process,0.18080890056745938,13,34,1,0.029411764705882353,43.334841628959275,ENSSSCG00000015775
Lung,GO:BP,GO:0043267,negative regulation of potassium ion transport,0.18080890056745938,13,34,1,0.029411764705882353,43.334841628959275,ENSSSCG00000010144
Lung,GO:BP,GO:0033238,regulation of amine metabolic process,0.18080890056745938,13,34,1,0.029411764705882353,43.334841628959275,ENSSSCG00000009889
Lung,GO:BP,GO:0009163,nucleoside biosynthetic process,0.18331706377037965,14,34,1,0.029411764705882353,40.239495798319325,ENSSSCG00000015775
Lung,GO:BP,GO:0140694,membraneless organelle assembly,0.18331706377037965,355,34,3,0.08823529411764706,4.76072908036454,"ENSSSCG00000009569,ENSSSCG00000010144,ENSSSCG00000003218"
Lung,GO:BP,GO:0043488,regulation of mRNA stability,0.18331706377037965,136,34,2,0.058823529411764705,8.284602076124568,"ENSSSCG00000011795,ENSSSCG00000036695"
Lung,GO:BP,GO:0045916,negative regulation of complement activation,0.18331706377037965,14,34,1,0.029411764705882353,40.239495798319325,ENSSSCG00000035170
Lung,GO:BP,GO:0034404,nucleobase-containing small molecule biosynthetic process,0.18331706377037965,14,34,1,0.029411764705882353,40.239495798319325,ENSSSCG00000015775
Lung,GO:BP,GO:0046185,aldehyde catabolic process,0.18331706377037965,14,34,1,0.029411764705882353,40.239495798319325,ENSSSCG00000009889
Lung,GO:BP,GO:0060041,retina development in camera-type eye,0.18331706377037965,138,34,2,0.058823529411764705,8.164535379369138,"ENSSSCG00000005190,ENSSSCG00000010385"
Lung,GO:BP,GO:0048871,multicellular organismal-level homeostasis,0.18331706377037965,632,34,4,0.11764705882352941,3.565524944154877,"ENSSSCG00000011795,ENSSSCG00000005190,ENSSSCG00000005015,ENSSSCG00000010385"
Lung,GO:BP,GO:0042430,indole-containing compound metabolic process,0.18977771647795444,19,34,1,0.029411764705882353,29.65015479876161,ENSSSCG00000009889
Lung,GO:BP,GO:0030325,adrenal gland development,0.18977771647795444,17,34,1,0.029411764705882353,33.13840830449827,ENSSSCG00000010219
Lung,GO:BP,GO:2000647,negative regulation of stem cell proliferation,0.18977771647795444,19,34,1,0.029411764705882353,29.65015479876161,ENSSSCG00000005190
Lung,GO:BP,GO:1904385,cellular response to angiotensin,0.18977771647795444,19,34,1,0.029411764705882353,29.65015479876161,ENSSSCG00000010144
Lung,GO:BP,GO:0043487,regulation of RNA stability,0.18977771647795444,145,34,2,0.058823529411764705,7.7703853955375255,"ENSSSCG00000011795,ENSSSCG00000036695"
Lung,GO:BP,GO:0042423,catecholamine biosynthetic process,0.18977771647795444,17,34,1,0.029411764705882353,33.13840830449827,ENSSSCG00000009889
Lung,GO:BP,GO:0055001,muscle cell development,0.18977771647795444,145,34,2,0.058823529411764705,7.7703853955375255,"ENSSSCG00000010144,ENSSSCG00000003218"
Lung,GO:BP,GO:1902656,calcium ion import into cytosol,0.18977771647795444,19,34,1,0.029411764705882353,29.65015479876161,ENSSSCG00000016469
Lung,GO:BP,GO:1903830,magnesium ion transmembrane transport,0.18977771647795444,16,34,1,0.029411764705882353,35.20955882352941,ENSSSCG00000021988
Lung,GO:BP,GO:0061013,regulation of mRNA catabolic process,0.18977771647795444,149,34,2,0.058823529411764705,7.561784445321753,"ENSSSCG00000011795,ENSSSCG00000036695"
Lung,GO:BP,GO:1901798,positive regulation of signal transduction by p53 class mediator,0.18977771647795444,19,34,1,0.029411764705882353,29.65015479876161,ENSSSCG00000033326
Lung,GO:BP,GO:2001135,regulation of endocytic recycling,0.18977771647795444,18,34,1,0.029411764705882353,31.297385620915033,ENSSSCG00000010144
Lung,GO:BP,GO:0048857,neural nucleus development,0.18977771647795444,18,34,1,0.029411764705882353,31.297385620915033,ENSSSCG00000005190
Lung,GO:BP,GO:0061298,retina vasculature development in camera-type eye,0.18977771647795444,19,34,1,0.029411764705882353,29.65015479876161,ENSSSCG00000010385
Lung,GO:BP,GO:0070102,interleukin-6-mediated signaling pathway,0.18977771647795444,17,34,1,0.029411764705882353,33.13840830449827,ENSSSCG00000006902
Lung,GO:BP,GO:0034656,nucleobase-containing small molecule catabolic process,0.18977771647795444,19,34,1,0.029411764705882353,29.65015479876161,ENSSSCG00000015775
Lung,GO:BP,GO:0045892,negative regulation of DNA-templated transcription,0.18977771647795444,1025,34,5,0.14705882352941177,2.7480631276901004,"ENSSSCG00000006902,ENSSSCG00000009569,ENSSSCG00000009101,ENSSSCG00000005190,ENSSSCG00000010219"
Lung,GO:BP,GO:0015693,magnesium ion transport,0.18977771647795444,18,34,1,0.029411764705882353,31.297385620915033,ENSSSCG00000021988
Lung,GO:BP,GO:0071216,cellular response to biotic stimulus,0.18977771647795444,160,34,2,0.058823529411764705,7.0419117647058815,"ENSSSCG00000006902,ENSSSCG00000005360"
Lung,GO:BP,GO:0072529,pyrimidine-containing compound catabolic process,0.18977771647795444,16,34,1,0.029411764705882353,35.20955882352941,ENSSSCG00000015775
Lung,GO:BP,GO:0086069,bundle of His cell to Purkinje myocyte communication,0.18977771647795444,15,34,1,0.029411764705882353,37.55686274509804,ENSSSCG00000024800
Lung,GO:BP,GO:0038166,angiotensin-activated signaling pathway,0.18977771647795444,16,34,1,0.029411764705882353,35.20955882352941,ENSSSCG00000010144
Lung,GO:BP,GO:0097164,ammonium ion metabolic process,0.18977771647795444,16,34,1,0.029411764705882353,35.20955882352941,ENSSSCG00000009889
Lung,GO:BP,GO:0098703,calcium ion import across plasma membrane,0.18977771647795444,19,34,1,0.029411764705882353,29.65015479876161,ENSSSCG00000016469
Lung,GO:BP,GO:0009713,catechol-containing compound biosynthetic process,0.18977771647795444,17,34,1,0.029411764705882353,33.13840830449827,ENSSSCG00000009889
Lung,GO:BP,GO:0042129,regulation of T cell proliferation,0.18977771647795444,142,34,2,0.058823529411764705,7.934548467274234,"ENSSSCG00000005015,ENSSSCG00000035170"
Lung,GO:BP,GO:0009164,nucleoside catabolic process,0.18977771647795444,17,34,1,0.029411764705882353,33.13840830449827,ENSSSCG00000015775
Lung,GO:BP,GO:1901659,glycosyl compound biosynthetic process,0.18977771647795444,17,34,1,0.029411764705882353,33.13840830449827,ENSSSCG00000015775
Lung,GO:BP,GO:1901881,positive regulation of protein depolymerization,0.18977771647795444,16,34,1,0.029411764705882353,35.20955882352941,ENSSSCG00000010144
Lung,GO:BP,GO:0030449,regulation of complement activation,0.18977771647795444,17,34,1,0.029411764705882353,33.13840830449827,ENSSSCG00000035170
Lung,GO:BP,GO:0043268,positive regulation of potassium ion transport,0.18977771647795444,18,34,1,0.029411764705882353,31.297385620915033,ENSSSCG00000010144
Lung,GO:BP,GO:0002831,regulation of response to biotic stimulus,0.18977771647795444,397,34,3,0.08823529411764706,4.257075122240332,"ENSSSCG00000006902,ENSSSCG00000009569,ENSSSCG00000035170"
Lung,GO:BP,GO:0002921,negative regulation of humoral immune response,0.18977771647795444,17,34,1,0.029411764705882353,33.13840830449827,ENSSSCG00000035170
Lung,GO:BP,GO:0002320,lymphoid progenitor cell differentiation,0.18977771647795444,19,34,1,0.029411764705882353,29.65015479876161,ENSSSCG00000005015
Lung,GO:BP,GO:1902679,negative regulation of RNA biosynthetic process,0.19057773322534252,1028,34,5,0.14705882352941177,2.7400434882124056,"ENSSSCG00000006902,ENSSSCG00000009569,ENSSSCG00000009101,ENSSSCG00000005190,ENSSSCG00000010219"
Lung,GO:BP,GO:0034655,nucleobase-containing compound catabolic process,0.1921981717602498,411,34,3,0.08823529411764706,4.11206526406183,"ENSSSCG00000011795,ENSSSCG00000036695,ENSSSCG00000015775"
Lung,GO:BP,GO:0021846,cell proliferation in forebrain,0.1921981717602498,21,34,1,0.029411764705882353,26.826330532212886,ENSSSCG00000005190
Lung,GO:BP,GO:0001964,startle response,0.1921981717602498,21,34,1,0.029411764705882353,26.826330532212886,ENSSSCG00000006243
Lung,GO:BP,GO:1990776,response to angiotensin,0.1921981717602498,21,34,1,0.029411764705882353,26.826330532212886,ENSSSCG00000010144
Lung,GO:BP,GO:0010605,negative regulation of macromolecule metabolic process,0.1921981717602498,2214,34,8,0.23529411764705882,2.0356023168074815,"ENSSSCG00000006902,ENSSSCG00000011795,ENSSSCG00000009569,ENSSSCG00000009101,ENSSSCG00000005190,ENSSSCG00000036695,ENSSSCG00000010219,ENSSSCG00000035170"
Lung,GO:BP,GO:0042098,T cell proliferation,0.1921981717602498,169,34,2,0.058823529411764705,6.666898712147581,"ENSSSCG00000005015,ENSSSCG00000035170"
Lung,GO:BP,GO:0098901,regulation of cardiac muscle cell action potential,0.1921981717602498,21,34,1,0.029411764705882353,26.826330532212886,ENSSSCG00000024800
Lung,GO:BP,GO:0033081,regulation of T cell differentiation in thymus,0.1921981717602498,21,34,1,0.029411764705882353,26.826330532212886,ENSSSCG00000005015
Lung,GO:BP,GO:0031032,actomyosin structure organization,0.1921981717602498,166,34,2,0.058823529411764705,6.787384833451453,"ENSSSCG00000010144,ENSSSCG00000003218"
Lung,GO:BP,GO:1902894,negative regulation of miRNA transcription,0.1921981717602498,21,34,1,0.029411764705882353,26.826330532212886,ENSSSCG00000005190
Lung,GO:BP,GO:0010458,exit from mitosis,0.1921981717602498,21,34,1,0.029411764705882353,26.826330532212886,ENSSSCG00000005190
Lung,GO:BP,GO:0002253,activation of immune response,0.1921981717602498,406,34,3,0.08823529411764706,4.1627064618951035,"ENSSSCG00000006902,ENSSSCG00000009569,ENSSSCG00000035170"
Lung,REAC,REAC:R-SSC-112311,Neurotransmitter clearance,0.1946999185817233,8,17,1,0.058823529411764705,57.30882352941176,ENSSSCG00000009889
Lung,REAC,REAC:R-SSC-71384,Ethanol oxidation,0.1946999185817233,9,17,1,0.058823529411764705,50.94117647058823,ENSSSCG00000009889
Lung,GO:BP,GO:0032703,negative regulation of interleukin-2 production,0.1987393634793098,22,34,1,0.029411764705882353,25.606951871657753,ENSSSCG00000035170
Lung,GO:BP,GO:2000629,negative regulation of miRNA metabolic process,0.1987393634793098,22,34,1,0.029411764705882353,25.606951871657753,ENSSSCG00000005190
Lung,GO:BP,GO:0086004,regulation of cardiac muscle cell contraction,0.20510876220017607,23,34,1,0.029411764705882353,24.493606138107417,ENSSSCG00000024800
Lung,GO:BP,GO:0034121,regulation of toll-like receptor signaling pathway,0.20510876220017607,23,34,1,0.029411764705882353,24.493606138107417,ENSSSCG00000006902
Lung,GO:BP,GO:0050670,regulation of lymphocyte proliferation,0.20808050851680163,181,34,2,0.058823529411764705,6.22489437764056,"ENSSSCG00000005015,ENSSSCG00000035170"
Lung,GO:BP,GO:0009119,ribonucleoside metabolic process,0.20884100093508384,24,34,1,0.029411764705882353,23.473039215686274,ENSSSCG00000015775
Lung,GO:BP,GO:0046164,alcohol catabolic process,0.20884100093508384,24,34,1,0.029411764705882353,23.473039215686274,ENSSSCG00000009889
Lung,GO:BP,GO:1901658,glycosyl compound catabolic process,0.20884100093508384,24,34,1,0.029411764705882353,23.473039215686274,ENSSSCG00000015775
Lung,GO:BP,GO:0060325,face morphogenesis,0.2099883774440831,25,34,1,0.029411764705882353,22.534117647058824,ENSSSCG00000010219
Lung,GO:BP,GO:1903115,regulation of actin filament-based movement,0.2099883774440831,25,34,1,0.029411764705882353,22.534117647058824,ENSSSCG00000024800
Lung,GO:BP,GO:0042417,dopamine metabolic process,0.2099883774440831,25,34,1,0.029411764705882353,22.534117647058824,ENSSSCG00000009889
Lung,GO:BP,GO:0007155,cell adhesion,0.2099883774440831,1096,34,5,0.14705882352941177,2.570040790038643,"ENSSSCG00000031648,ENSSSCG00000024800,ENSSSCG00000015297,ENSSSCG00000010144,ENSSSCG00000035170"
Lung,GO:BP,GO:0032944,regulation of mononuclear cell proliferation,0.2099883774440831,185,34,2,0.058823529411764705,6.090302066772655,"ENSSSCG00000005015,ENSSSCG00000035170"
Lung,GO:BP,GO:0071354,cellular response to interleukin-6,0.2099883774440831,25,34,1,0.029411764705882353,22.534117647058824,ENSSSCG00000006902
Lung,GO:BP,GO:2000008,regulation of protein localization to cell surface,0.21337879801001203,26,34,1,0.029411764705882353,21.667420814479637,ENSSSCG00000010144
Lung,GO:BP,GO:0060479,lung cell differentiation,0.21337879801001203,26,34,1,0.029411764705882353,21.667420814479637,ENSSSCG00000005190
Lung,GO:BP,GO:0060487,lung epithelial cell differentiation,0.21337879801001203,26,34,1,0.029411764705882353,21.667420814479637,ENSSSCG00000005190
Lung,GO:BP,GO:0021952,central nervous system projection neuron axonogenesis,0.21337879801001203,26,34,1,0.029411764705882353,21.667420814479637,ENSSSCG00000005190
Lung,GO:BP,GO:0010464,regulation of mesenchymal cell proliferation,0.21778627314663201,27,34,1,0.029411764705882353,20.864923747276688,ENSSSCG00000005190
Lung,GO:BP,GO:0043243,positive regulation of protein-containing complex disassembly,0.21778627314663201,27,34,1,0.029411764705882353,20.864923747276688,ENSSSCG00000010144
Lung,GO:BP,GO:0086005,ventricular cardiac muscle cell action potential,0.21778627314663201,27,34,1,0.029411764705882353,20.864923747276688,ENSSSCG00000024800
Lung,GO:BP,GO:0070663,regulation of leukocyte proliferation,0.21853306558288033,199,34,2,0.058823529411764705,5.66183860478865,"ENSSSCG00000005015,ENSSSCG00000035170"
Lung,GO:BP,GO:0007435,salivary gland morphogenesis,0.21853306558288033,28,34,1,0.029411764705882353,20.119747899159663,ENSSSCG00000005190
Lung,GO:BP,GO:0009309,amine biosynthetic process,0.21853306558288033,28,34,1,0.029411764705882353,20.119747899159663,ENSSSCG00000009889
Lung,GO:BP,GO:0001782,B cell homeostasis,0.21853306558288033,28,34,1,0.029411764705882353,20.119747899159663,ENSSSCG00000005015
Lung,GO:BP,GO:0042401,biogenic amine biosynthetic process,0.21853306558288033,28,34,1,0.029411764705882353,20.119747899159663,ENSSSCG00000009889
Lung,GO:BP,GO:0070741,response to interleukin-6,0.21853306558288033,28,34,1,0.029411764705882353,20.119747899159663,ENSSSCG00000006902
Lung,GO:BP,GO:0060249,anatomical structure homeostasis,0.21995805883664976,203,34,2,0.058823529411764705,5.550275282526804,"ENSSSCG00000005190,ENSSSCG00000010385"
Lung,GO:BP,GO:0009892,negative regulation of metabolic process,0.21995805883664976,2351,34,8,0.23529411764705882,1.91698150974554,"ENSSSCG00000006902,ENSSSCG00000011795,ENSSSCG00000009569,ENSSSCG00000009101,ENSSSCG00000005190,ENSSSCG00000036695,ENSSSCG00000010219,ENSSSCG00000035170"
Lung,GO:BP,GO:0006402,mRNA catabolic process,0.21995805883664976,204,34,2,0.058823529411764705,5.523068050749711,"ENSSSCG00000011795,ENSSSCG00000036695"
Lung,GO:BP,GO:0071375,cellular response to peptide hormone stimulus,0.21995805883664976,204,34,2,0.058823529411764705,5.523068050749711,"ENSSSCG00000005015,ENSSSCG00000010144"
Lung,GO:BP,GO:0001894,tissue homeostasis,0.21995805883664976,202,34,2,0.058823529411764705,5.577751892836343,"ENSSSCG00000005190,ENSSSCG00000010385"
Lung,GO:BP,GO:0043094,metabolic compound salvage,0.21995805883664976,29,34,1,0.029411764705882353,19.425963488843813,ENSSSCG00000015775
Lung,GO:BP,GO:1901532,regulation of hematopoietic progenitor cell differentiation,0.21995805883664976,29,34,1,0.029411764705882353,19.425963488843813,ENSSSCG00000005015
Lung,GO:BP,GO:0060323,head morphogenesis,0.22317087819421255,30,34,1,0.029411764705882353,18.77843137254902,ENSSSCG00000010219
Lung,GO:BP,GO:0007431,salivary gland development,0.22317087819421255,30,34,1,0.029411764705882353,18.77843137254902,ENSSSCG00000005190
Lung,GO:BP,GO:0045746,negative regulation of Notch signaling pathway,0.2278885077729311,31,34,1,0.029411764705882353,18.17267552182163,ENSSSCG00000017193
Lung,GO:BP,GO:0042311,vasodilation,0.2278885077729311,31,34,1,0.029411764705882353,18.17267552182163,ENSSSCG00000010385
Lung,GO:BP,GO:0061061,muscle structure development,0.2278885077729311,484,34,3,0.08823529411764706,3.4918570734078758,"ENSSSCG00000010144,ENSSSCG00000010219,ENSSSCG00000003218"
Lung,REAC,REAC:R-SSC-8983432,Interleukin-15 signaling,0.22915881496694698,12,17,1,0.058823529411764705,38.20588235294118,ENSSSCG00000005015
Lung,REAC,REAC:R-SSC-5682910,LGI-ADAM interactions,0.22915881496694698,13,17,1,0.058823529411764705,35.26696832579185,ENSSSCG00000015297
Lung,GO:BP,GO:0061448,connective tissue development,0.23203293133595992,217,34,2,0.058823529411764705,5.192193006234752,"ENSSSCG00000005190,ENSSSCG00000010219"
Lung,GO:BP,GO:0098900,regulation of action potential,0.23203293133595992,33,34,1,0.029411764705882353,17.071301247771835,ENSSSCG00000024800
Lung,GO:BP,GO:0014009,glial cell proliferation,0.23203293133595992,32,34,1,0.029411764705882353,17.604779411764707,ENSSSCG00000005190
Lung,GO:BP,GO:0086065,cell communication involved in cardiac conduction,0.23203293133595992,33,34,1,0.029411764705882353,17.071301247771835,ENSSSCG00000024800
Lung,GO:BP,GO:0002347,response to tumor cell,0.23203293133595992,33,34,1,0.029411764705882353,17.071301247771835,ENSSSCG00000005360
Lung,GO:BP,GO:0051146,striated muscle cell differentiation,0.23203293133595992,215,34,2,0.058823529411764705,5.240492476060192,"ENSSSCG00000010144,ENSSSCG00000003218"
Lung,GO:BP,GO:0048665,neuron fate specification,0.23203293133595992,33,34,1,0.029411764705882353,17.071301247771835,ENSSSCG00000005190
Lung,GO:BP,GO:0021955,central nervous system neuron axonogenesis,0.23203293133595992,33,34,1,0.029411764705882353,17.071301247771835,ENSSSCG00000005190
Lung,GO:BP,GO:0086091,regulation of heart rate by cardiac conduction,0.23439527946862485,34,34,1,0.029411764705882353,16.569204152249135,ENSSSCG00000024800
Lung,GO:BP,GO:0001662,behavioral fear response,0.23439527946862485,34,34,1,0.029411764705882353,16.569204152249135,ENSSSCG00000006243
Lung,GO:BP,GO:0018279,protein N-linked glycosylation via asparagine,0.23439527946862485,34,34,1,0.029411764705882353,16.569204152249135,ENSSSCG00000021988
Lung,GO:BP,GO:0002067,glandular epithelial cell differentiation,0.23439527946862485,34,34,1,0.029411764705882353,16.569204152249135,ENSSSCG00000005190
Lung,GO:BP,GO:0043030,regulation of macrophage activation,0.23776017527394824,36,34,1,0.029411764705882353,15.648692810457517,ENSSSCG00000035170
Lung,GO:BP,GO:0006584,catecholamine metabolic process,0.23776017527394824,36,34,1,0.029411764705882353,15.648692810457517,ENSSSCG00000009889
Lung,GO:BP,GO:0042073,intraciliary transport,0.23776017527394824,35,34,1,0.029411764705882353,16.09579831932773,ENSSSCG00000004469
Lung,GO:BP,GO:0001913,T cell mediated cytotoxicity,0.23776017527394824,36,34,1,0.029411764705882353,15.648692810457517,ENSSSCG00000032810
Lung,GO:BP,GO:0009712,catechol-containing compound metabolic process,0.23776017527394824,36,34,1,0.029411764705882353,15.648692810457517,ENSSSCG00000009889
Lung,GO:BP,GO:0002209,behavioral defense response,0.23776017527394824,35,34,1,0.029411764705882353,16.09579831932773,ENSSSCG00000006243
Lung,GO:BP,GO:0002218,activation of innate immune response,0.23776017527394824,226,34,2,0.058823529411764705,4.985424258198854,"ENSSSCG00000006902,ENSSSCG00000009569"
Lung,GO:BP,GO:0009116,nucleoside metabolic process,0.23776017527394824,36,34,1,0.029411764705882353,15.648692810457517,ENSSSCG00000015775
Lung,GO:BP,GO:0002920,regulation of humoral immune response,0.23776017527394824,36,34,1,0.029411764705882353,15.648692810457517,ENSSSCG00000035170
Lung,GO:BP,GO:0035272,exocrine system development,0.24198569962896077,37,34,1,0.029411764705882353,15.225755166931636,ENSSSCG00000005190
Lung,GO:BP,GO:0072659,protein localization to plasma membrane,0.24198569962896077,232,34,2,0.058823529411764705,4.856490872210953,"ENSSSCG00000033688,ENSSSCG00000010144"
Lung,GO:BP,GO:0006220,pyrimidine nucleotide metabolic process,0.24504641979683148,38,34,1,0.029411764705882353,14.825077399380804,ENSSSCG00000015775
Lung,GO:BP,GO:0086002,cardiac muscle cell action potential involved in contraction,0.24504641979683148,38,34,1,0.029411764705882353,14.825077399380804,ENSSSCG00000024800
Lung,GO:BP,GO:0010171,body morphogenesis,0.24504641979683148,38,34,1,0.029411764705882353,14.825077399380804,ENSSSCG00000010219
Lung,GO:BP,GO:0046189,phenol-containing compound biosynthetic process,0.2480170004285506,39,34,1,0.029411764705882353,14.44494720965309,ENSSSCG00000009889
Lung,GO:BP,GO:0010761,fibroblast migration,0.2480170004285506,39,34,1,0.029411764705882353,14.44494720965309,ENSSSCG00000010219
Lung,GO:BP,GO:0060428,lung epithelium development,0.2480170004285506,39,34,1,0.029411764705882353,14.44494720965309,ENSSSCG00000005190
Lung,GO:BP,GO:1903311,regulation of mRNA metabolic process,0.24876096349694887,240,34,2,0.058823529411764705,4.694607843137255,"ENSSSCG00000011795,ENSSSCG00000036695"
Lung,GO:BP,GO:0042596,fear response,0.2487746469796841,40,34,1,0.029411764705882353,14.083823529411763,ENSSSCG00000006243
Lung,GO:BP,GO:0006401,RNA catabolic process,0.2487746469796841,242,34,2,0.058823529411764705,4.655809431210501,"ENSSSCG00000011795,ENSSSCG00000036695"
Lung,GO:BP,GO:0060612,adipose tissue development,0.2487746469796841,40,34,1,0.029411764705882353,14.083823529411763,ENSSSCG00000010219
Lung,GO:BP,GO:0010463,mesenchymal cell proliferation,0.2487746469796841,40,34,1,0.029411764705882353,14.083823529411763,ENSSSCG00000005190
Lung,REAC,REAC:R-SSC-5223345,Miscellaneous transport and binding events,0.2524242131521269,20,17,1,0.058823529411764705,22.923529411764708,ENSSSCG00000021988
Lung,REAC,REAC:R-SSC-389948,Co-inhibition by PD-1,0.2524242131521269,21,17,1,0.058823529411764705,21.831932773109244,ENSSSCG00000002078
Lung,REAC,REAC:R-SSC-202427,Phosphorylation of CD3 and TCR zeta chains,0.2524242131521269,21,17,1,0.058823529411764705,21.831932773109244,ENSSSCG00000002078
Lung,REAC,REAC:R-SSC-438066,"Unblocking of NMDA receptors, glutamate binding and activation",0.2524242131521269,19,17,1,0.058823529411764705,24.13003095975232,ENSSSCG00000010144
Lung,REAC,REAC:R-SSC-202430,Translocation of ZAP-70 to Immunological synapse,0.2524242131521269,18,17,1,0.058823529411764705,25.470588235294116,ENSSSCG00000002078
Lung,GO:BP,GO:0046651,lymphocyte proliferation,0.2578036041700455,248,34,2,0.058823529411764705,4.543168880455408,"ENSSSCG00000005015,ENSSSCG00000035170"
Lung,GO:BP,GO:0034113,heterotypic cell-cell adhesion,0.25857668444491183,42,34,1,0.029411764705882353,13.413165266106443,ENSSSCG00000024800
Lung,GO:BP,GO:0043434,response to peptide hormone,0.26103022038836027,251,34,2,0.058823529411764705,4.488868057183033,"ENSSSCG00000005015,ENSSSCG00000010144"
Lung,GO:BP,GO:0060986,endocrine hormone secretion,0.26121495318053745,43,34,1,0.029411764705882353,13.101231190150479,ENSSSCG00000016469
Lung,GO:BP,GO:0060324,face development,0.26121495318053745,43,34,1,0.029411764705882353,13.101231190150479,ENSSSCG00000010219
Lung,GO:BP,GO:0032943,mononuclear cell proliferation,0.2631483139976689,254,34,2,0.058823529411764705,4.43584993052339,"ENSSSCG00000005015,ENSSSCG00000035170"
Lung,REAC,REAC:R-SSC-445355,Smooth Muscle Contraction,0.26342901325341195,29,17,1,0.058823529411764705,15.809330628803245,ENSSSCG00000009889
Lung,REAC,REAC:R-SSC-442755,Activation of NMDA receptors and postsynaptic events,0.26342901325341195,28,17,1,0.058823529411764705,16.373949579831933,ENSSSCG00000010144
Lung,REAC,REAC:R-SSC-499943,Interconversion of nucleotide di- and triphosphates,0.26342901325341195,27,17,1,0.058823529411764705,16.980392156862745,ENSSSCG00000015775
Lung,REAC,REAC:R-SSC-202433,Generation of second messenger molecules,0.26342901325341195,27,17,1,0.058823529411764705,16.980392156862745,ENSSSCG00000002078
Lung,REAC,REAC:R-SSC-112315,Transmission across Chemical Synapses,0.26342901325341195,176,17,2,0.11764705882352941,5.209893048128342,"ENSSSCG00000010144,ENSSSCG00000009889"
Lung,GO:BP,GO:0034394,protein localization to cell surface,0.26377835709154074,44,34,1,0.029411764705882353,12.803475935828876,ENSSSCG00000010144
Lung,GO:BP,GO:0048646,anatomical structure formation involved in morphogenesis,0.26377835709154074,906,34,4,0.11764705882352941,2.487209453317751,"ENSSSCG00000005190,ENSSSCG00000010144,ENSSSCG00000010385,ENSSSCG00000003218"
Lung,GO:BP,GO:1903053,regulation of extracellular matrix organization,0.2673520374830967,45,34,1,0.029411764705882353,12.518954248366013,ENSSSCG00000009101
Lung,GO:BP,GO:0001895,retina homeostasis,0.2673520374830967,45,34,1,0.029411764705882353,12.518954248366013,ENSSSCG00000010385
Lung,GO:BP,GO:0050778,positive regulation of immune response,0.26737877073143496,563,34,3,0.08823529411764706,3.0018806812245327,"ENSSSCG00000006902,ENSSSCG00000009569,ENSSSCG00000035170"
Lung,GO:BP,GO:0042130,negative regulation of T cell proliferation,0.26871833028727093,46,34,1,0.029411764705882353,12.246803069053708,ENSSSCG00000035170
Lung,GO:BP,GO:0141188,nucleic acid catabolic process,0.26871833028727093,262,34,2,0.058823529411764705,4.300404131118095,"ENSSSCG00000011795,ENSSSCG00000036695"
Lung,GO:BP,GO:0043271,negative regulation of monoatomic ion transport,0.26871833028727093,46,34,1,0.029411764705882353,12.246803069053708,ENSSSCG00000010144
Lung,GO:BP,GO:0006956,complement activation,0.27212175287575113,47,34,1,0.029411764705882353,11.986232790988735,ENSSSCG00000035170
Lung,GO:BP,GO:0030834,regulation of actin filament depolymerization,0.27212175287575113,47,34,1,0.029411764705882353,11.986232790988735,ENSSSCG00000010144
Lung,GO:BP,GO:0009605,response to external stimulus,0.27235516070592347,1738,34,6,0.17647058823529413,1.9448317877208423,"ENSSSCG00000006902,ENSSSCG00000009569,ENSSSCG00000005190,ENSSSCG00000035110,ENSSSCG00000035170,ENSSSCG00000006243"
Lung,GO:BP,GO:0060425,lung morphogenesis,0.27235516070592347,48,34,1,0.029411764705882353,11.736519607843137,ENSSSCG00000005190
Lung,GO:BP,GO:0043266,regulation of potassium ion transport,0.27235516070592347,49,34,1,0.029411764705882353,11.496998799519808,ENSSSCG00000010144
Lung,GO:BP,GO:0086003,cardiac muscle cell contraction,0.27235516070592347,51,34,1,0.029411764705882353,11.046136101499423,ENSSSCG00000024800
Lung,GO:BP,GO:0019233,sensory perception of pain,0.27235516070592347,51,34,1,0.029411764705882353,11.046136101499423,ENSSSCG00000006243
Lung,GO:BP,GO:0045089,positive regulation of innate immune response,0.27235516070592347,277,34,2,0.058823529411764705,4.067530261201954,"ENSSSCG00000006902,ENSSSCG00000009569"
Lung,GO:BP,GO:0006805,xenobiotic metabolic process,0.27235516070592347,50,34,1,0.029411764705882353,11.267058823529412,ENSSSCG00000009889
Lung,GO:BP,GO:0055117,regulation of cardiac muscle contraction,0.27235516070592347,49,34,1,0.029411764705882353,11.496998799519808,ENSSSCG00000024800
Lung,GO:BP,GO:0042592,homeostatic process,0.27235516070592347,1331,34,5,0.14705882352941177,2.116277014186591,"ENSSSCG00000011795,ENSSSCG00000005190,ENSSSCG00000005015,ENSSSCG00000016469,ENSSSCG00000010385"
Lung,GO:BP,GO:0001961,positive regulation of cytokine-mediated signaling pathway,0.27235516070592347,48,34,1,0.029411764705882353,11.736519607843137,ENSSSCG00000006902
Lung,GO:BP,GO:0055013,cardiac muscle cell development,0.27235516070592347,50,34,1,0.029411764705882353,11.267058823529412,ENSSSCG00000010144
Lung,GO:BP,GO:0086001,cardiac muscle cell action potential,0.27235516070592347,49,34,1,0.029411764705882353,11.496998799519808,ENSSSCG00000024800
Lung,GO:BP,GO:0050863,regulation of T cell activation,0.27235516070592347,277,34,2,0.058823529411764705,4.067530261201954,"ENSSSCG00000005015,ENSSSCG00000035170"
Lung,GO:BP,GO:0006417,regulation of translation,0.27235516070592347,269,34,2,0.058823529411764705,4.18849770391428,"ENSSSCG00000011795,ENSSSCG00000036695"
Lung,GO:BP,GO:0009895,negative regulation of catabolic process,0.27235516070592347,270,34,2,0.058823529411764705,4.172984749455337,"ENSSSCG00000011795,ENSSSCG00000036695"
Lung,GO:BP,GO:0050896,response to stimulus,0.27235516070592347,8186,34,19,0.5588235294117647,1.307562409278395,"ENSSSCG00000006902,ENSSSCG00000031648,ENSSSCG00000024800,ENSSSCG00000015297,ENSSSCG00000032810,ENSSSCG00000009569,ENSSSCG00000009101,ENSSSCG00000005190,ENSSSCG00000035110,ENSSSCG00000005015,ENSSSCG00000016469,ENSSSCG00000005360,ENSSSCG00000010144,ENSSSCG00000009889,ENSSSCG00000010219,ENSSSCG00000033326,ENSSSCG00000035170,ENSSSCG00000006243,ENSSSCG00000017193"
Lung,GO:BP,GO:0048008,platelet-derived growth factor receptor signaling pathway,0.27235516070592347,51,34,1,0.029411764705882353,11.046136101499423,ENSSSCG00000010219
Lung,GO:BP,GO:0031347,regulation of defense response,0.27235516070592347,589,34,3,0.08823529411764706,2.869369819234995,"ENSSSCG00000006902,ENSSSCG00000009569,ENSSSCG00000035170"
Lung,GO:BP,GO:0070661,leukocyte proliferation,0.27235516070592347,278,34,2,0.058823529411764705,4.0528988573846805,"ENSSSCG00000005015,ENSSSCG00000035170"
Lung,GO:BP,GO:1901657,glycosyl compound metabolic process,0.27235516070592347,51,34,1,0.029411764705882353,11.046136101499423,ENSSSCG00000015775
Lung,GO:BP,GO:0072527,pyrimidine-containing compound metabolic process,0.27235516070592347,49,34,1,0.029411764705882353,11.496998799519808,ENSSSCG00000015775
Lung,GO:BP,GO:0030042,actin filament depolymerization,0.27273496121772584,52,34,1,0.029411764705882353,10.833710407239819,ENSSSCG00000010144
Lung,GO:BP,GO:0055006,cardiac cell development,0.27273496121772584,52,34,1,0.029411764705882353,10.833710407239819,ENSSSCG00000010144
Lung,GO:BP,GO:0043010,camera-type eye development,0.27273496121772584,280,34,2,0.058823529411764705,4.023949579831933,"ENSSSCG00000005190,ENSSSCG00000010385"
Lung,GO:BP,GO:0044282,small molecule catabolic process,0.27273496121772584,279,34,2,0.058823529411764705,4.038372338182585,"ENSSSCG00000009889,ENSSSCG00000015775"
Lung,GO:BP,GO:0060760,positive regulation of response to cytokine stimulus,0.2802803560028553,55,34,1,0.029411764705882353,10.242780748663101,ENSSSCG00000006902
Lung,GO:BP,GO:0032663,regulation of interleukin-2 production,0.2802803560028553,54,34,1,0.029411764705882353,10.432461873638344,ENSSSCG00000035170
Lung,GO:BP,GO:0048041,focal adhesion assembly,0.2802803560028553,55,34,1,0.029411764705882353,10.242780748663101,ENSSSCG00000010144
Lung,GO:BP,GO:0032981,mitochondrial respiratory chain complex I assembly,0.2802803560028553,55,34,1,0.029411764705882353,10.242780748663101,ENSSSCG00000037869
Lung,GO:BP,GO:0032623,interleukin-2 production,0.2802803560028553,54,34,1,0.029411764705882353,10.432461873638344,ENSSSCG00000035170
Lung,GO:BP,GO:0032970,regulation of actin filament-based process,0.2802803560028553,290,34,2,0.058823529411764705,3.8851926977687627,"ENSSSCG00000024800,ENSSSCG00000010144"
Lung,GO:BP,GO:0010257,NADH dehydrogenase complex assembly,0.2802803560028553,55,34,1,0.029411764705882353,10.242780748663101,ENSSSCG00000037869
Lung,GO:BP,GO:1990778,protein localization to cell periphery,0.2802803560028553,290,34,2,0.058823529411764705,3.8851926977687627,"ENSSSCG00000033688,ENSSSCG00000010144"
Lung,GO:BP,GO:0070509,calcium ion import,0.28251799850688236,56,34,1,0.029411764705882353,10.059873949579831,ENSSSCG00000016469
Lung,GO:BP,GO:0002224,toll-like receptor signaling pathway,0.28251799850688236,56,34,1,0.029411764705882353,10.059873949579831,ENSSSCG00000006902
Lung,REAC,REAC:R-SSC-1483166,Synthesis of PA,0.28851598968842446,35,17,1,0.058823529411764705,13.099159663865544,ENSSSCG00000025901
Lung,REAC,REAC:R-SSC-451927,Interleukin-2 family signaling,0.28851598968842446,35,17,1,0.058823529411764705,13.099159663865544,ENSSSCG00000005015
Lung,GO:BP,GO:0006406,mRNA export from nucleus,0.29008955377215534,58,34,1,0.029411764705882353,9.712981744421906,ENSSSCG00000011491
Lung,GO:BP,GO:0042692,muscle cell differentiation,0.29008955377215534,298,34,2,0.058823529411764705,3.7808922226608765,"ENSSSCG00000010144,ENSSSCG00000003218"
Lung,GO:BP,GO:0002833,positive regulation of response to biotic stimulus,0.291641241315547,300,34,2,0.058823529411764705,3.755686274509804,"ENSSSCG00000006902,ENSSSCG00000009569"
Lung,GO:BP,GO:0050672,negative regulation of lymphocyte proliferation,0.2918113748965914,59,34,1,0.029411764705882353,9.548354935194416,ENSSSCG00000035170
Lung,GO:BP,GO:0061337,cardiac conduction,0.2918113748965914,59,34,1,0.029411764705882353,9.548354935194416,ENSSSCG00000024800
Lung,GO:BP,GO:0006081,aldehyde metabolic process,0.29349013223551146,60,34,1,0.029411764705882353,9.38921568627451,ENSSSCG00000009889
Lung,GO:BP,GO:0006487,protein N-linked glycosylation,0.29349013223551146,60,34,1,0.029411764705882353,9.38921568627451,ENSSSCG00000021988
Lung,GO:BP,GO:0019226,transmission of nerve impulse,0.29349013223551146,60,34,1,0.029411764705882353,9.38921568627451,ENSSSCG00000006243
Lung,GO:BP,GO:0097009,energy homeostasis,0.295127139717915,61,34,1,0.029411764705882353,9.235294117647058,ENSSSCG00000011795
Lung,GO:BP,GO:0030029,actin filament-based process,0.295127139717915,637,34,3,0.08823529411764706,2.6531535691199557,"ENSSSCG00000024800,ENSSSCG00000010144,ENSSSCG00000003218"
Lung,GO:BP,GO:0032945,negative regulation of mononuclear cell proliferation,0.295127139717915,61,34,1,0.029411764705882353,9.235294117647058,ENSSSCG00000035170
Lung,GO:BP,GO:0045824,negative regulation of innate immune response,0.2987084325067138,62,34,1,0.029411764705882353,9.086337760910816,ENSSSCG00000035170
Lung,REAC,REAC:R-SSC-3214842,HDMs demethylate histones,0.2992788266459473,38,17,1,0.058823529411764705,12.06501547987616,ENSSSCG00000010219
Lung,GO:BP,GO:0070664,negative regulation of leukocyte proliferation,0.3012538007443555,63,34,1,0.029411764705882353,8.942110177404295,ENSSSCG00000035170
Lung,GO:BP,GO:0002260,lymphocyte homeostasis,0.3012538007443555,63,34,1,0.029411764705882353,8.942110177404295,ENSSSCG00000005015
Lung,GO:BP,GO:0048644,muscle organ morphogenesis,0.3014691736926318,64,34,1,0.029411764705882353,8.802389705882353,ENSSSCG00000010219
Lung,GO:BP,GO:0048732,gland development,0.3014691736926318,316,34,2,0.058823529411764705,3.565524944154877,"ENSSSCG00000005190,ENSSSCG00000010219"
Lung,GO:BP,GO:1902893,regulation of miRNA transcription,0.3014691736926318,64,34,1,0.029411764705882353,8.802389705882353,ENSSSCG00000005190
Lung,GO:BP,GO:0061614,miRNA transcription,0.3014691736926318,64,34,1,0.029411764705882353,8.802389705882353,ENSSSCG00000005190
Lung,GO:BP,GO:1901796,regulation of signal transduction by p53 class mediator,0.3014691736926318,64,34,1,0.029411764705882353,8.802389705882353,ENSSSCG00000033326
Lung,GO:BP,GO:0007044,cell-substrate junction assembly,0.30323854649143017,65,34,1,0.029411764705882353,8.666968325791855,ENSSSCG00000010144
Lung,GO:BP,GO:0006942,regulation of striated muscle contraction,0.30323854649143017,65,34,1,0.029411764705882353,8.666968325791855,ENSSSCG00000024800
Lung,GO:BP,GO:0045087,innate immune response,0.3042975763118765,657,34,3,0.08823529411764706,2.5723878592532907,"ENSSSCG00000006902,ENSSSCG00000009569,ENSSSCG00000035170"
Lung,GO:BP,GO:0001654,eye development,0.3051052511246508,322,34,2,0.058823529411764705,3.499086591158202,"ENSSSCG00000005190,ENSSSCG00000010385"
Lung,GO:BP,GO:0042116,macrophage activation,0.3051052511246508,67,34,1,0.029411764705882353,8.408252853380159,ENSSSCG00000035170
Lung,GO:BP,GO:0071345,cellular response to cytokine stimulus,0.3051052511246508,663,34,3,0.08823529411764706,2.549108331115252,"ENSSSCG00000006902,ENSSSCG00000009101,ENSSSCG00000010219"
Lung,GO:BP,GO:0010977,negative regulation of neuron projection development,0.3051052511246508,67,34,1,0.029411764705882353,8.408252853380159,ENSSSCG00000006902
Lung,GO:BP,GO:0048663,neuron fate commitment,0.3051052511246508,66,34,1,0.029411764705882353,8.535650623885918,ENSSSCG00000005190
Lung,GO:BP,GO:0070252,actin-mediated cell contraction,0.3051052511246508,67,34,1,0.029411764705882353,8.408252853380159,ENSSSCG00000024800
Lung,GO:BP,GO:0150063,visual system development,0.30584576484618514,325,34,2,0.058823529411764705,3.4667873303167425,"ENSSSCG00000005190,ENSSSCG00000010385"
Lung,GO:BP,GO:0008015,blood circulation,0.30798767565828783,327,34,2,0.058823529411764705,3.445583738082389,"ENSSSCG00000024800,ENSSSCG00000010385"
Lung,GO:BP,GO:0150115,cell-substrate junction organization,0.3100824370245812,70,34,1,0.029411764705882353,8.047899159663865,ENSSSCG00000010144
Lung,GO:BP,GO:0034109,homotypic cell-cell adhesion,0.3100824370245812,70,34,1,0.029411764705882353,8.047899159663865,ENSSSCG00000024800
Lung,GO:BP,GO:0033555,multicellular organismal response to stress,0.3100824370245812,70,34,1,0.029411764705882353,8.047899159663865,ENSSSCG00000006243
Lung,GO:BP,GO:0006576,biogenic amine metabolic process,0.3100824370245812,69,34,1,0.029411764705882353,8.164535379369138,ENSSSCG00000009889
Lung,GO:BP,GO:0072091,regulation of stem cell proliferation,0.3100824370245812,70,34,1,0.029411764705882353,8.047899159663865,ENSSSCG00000005190
Lung,GO:BP,GO:0048880,sensory system development,0.3100824370245812,331,34,2,0.058823529411764705,3.403945263906167,"ENSSSCG00000005190,ENSSSCG00000010385"
Lung,GO:BP,GO:0034308,primary alcohol metabolic process,0.31231216603160206,71,34,1,0.029411764705882353,7.934548467274234,ENSSSCG00000009889
Lung,GO:BP,GO:0050886,endocrine process,0.31231216603160206,71,34,1,0.029411764705882353,7.934548467274234,ENSSSCG00000016469
Lung,GO:BP,GO:0002027,regulation of heart rate,0.3195832352299194,73,34,1,0.029411764705882353,7.71716357775987,ENSSSCG00000024800
Lung,REAC,REAC:R-SSC-72187,mRNA 3'-end processing,0.32194522028026323,45,17,1,0.058823529411764705,10.188235294117646,ENSSSCG00000011491
Lung,REAC,REAC:R-SSC-388841,Regulation of T cell activation by CD28 family,0.32194522028026323,49,17,1,0.058823529411764705,9.356542617046818,ENSSSCG00000002078
Lung,REAC,REAC:R-SSC-73856,RNA Polymerase II Transcription Termination,0.32194522028026323,50,17,1,0.058823529411764705,9.169411764705881,ENSSSCG00000011491
Lung,REAC,REAC:R-SSC-6799198,Complex I biogenesis,0.32194522028026323,45,17,1,0.058823529411764705,10.188235294117646,ENSSSCG00000037869
Lung,REAC,REAC:R-SSC-193648,NRAGE signals death through JNK,0.32194522028026323,49,17,1,0.058823529411764705,9.356542617046818,ENSSSCG00000005015
Lung,GO:BP,GO:0008585,female gonad development,0.321996374944623,76,34,1,0.029411764705882353,7.412538699690402,ENSSSCG00000010219
Lung,GO:BP,GO:0021954,central nervous system neuron development,0.321996374944623,76,34,1,0.029411764705882353,7.412538699690402,ENSSSCG00000005190
Lung,GO:BP,GO:0006405,RNA export from nucleus,0.321996374944623,76,34,1,0.029411764705882353,7.412538699690402,ENSSSCG00000011491
Lung,GO:BP,GO:0030001,metal ion transport,0.321996374944623,694,34,3,0.08823529411764706,2.4352432615697577,"ENSSSCG00000021988,ENSSSCG00000016469,ENSSSCG00000010144"
Lung,GO:BP,GO:2000628,regulation of miRNA metabolic process,0.321996374944623,75,34,1,0.029411764705882353,7.511372549019608,ENSSSCG00000005190
Lung,GO:BP,GO:0042391,regulation of membrane potential,0.321996374944623,347,34,2,0.058823529411764705,3.2469910154263433,"ENSSSCG00000024800,ENSSSCG00000010144"
Lung,GO:BP,GO:0060021,roof of mouth development,0.321996374944623,76,34,1,0.029411764705882353,7.412538699690402,ENSSSCG00000010219
Lung,GO:BP,GO:0032456,endocytic recycling,0.321996374944623,76,34,1,0.029411764705882353,7.412538699690402,ENSSSCG00000010144
Lung,GO:BP,GO:0003013,circulatory system process,0.321996374944623,344,34,2,0.058823529411764705,3.2753077975376197,"ENSSSCG00000024800,ENSSSCG00000010385"
Lung,GO:BP,GO:1901879,regulation of protein depolymerization,0.321996374944623,76,34,1,0.029411764705882353,7.412538699690402,ENSSSCG00000010144
Lung,KEGG,KEGG:00340,Histidine metabolism,0.32204901927337903,22,15,1,0.06666666666666667,25.62424242424242,ENSSSCG00000009889
Lung,KEGG,KEGG:00071,Fatty acid degradation,0.32204901927337903,43,15,1,0.06666666666666667,13.110077519379844,ENSSSCG00000009889
Lung,KEGG,KEGG:00513,Various types of N-glycan biosynthesis,0.32204901927337903,41,15,1,0.06666666666666667,13.74959349593496,ENSSSCG00000021988
Lung,KEGG,KEGG:00410,beta-Alanine metabolism,0.32204901927337903,33,15,1,0.06666666666666667,17.08282828282828,ENSSSCG00000009889
Lung,KEGG,KEGG:00561,Glycerolipid metabolism,0.32204901927337903,61,15,2,0.13333333333333333,18.483060109289617,"ENSSSCG00000025901,ENSSSCG00000009889"
Lung,KEGG,KEGG:00330,Arginine and proline metabolism,0.32204901927337903,50,15,1,0.06666666666666667,11.274666666666667,ENSSSCG00000009889
Lung,KEGG,KEGG:00240,Pyrimidine metabolism,0.32204901927337903,52,15,1,0.06666666666666667,10.84102564102564,ENSSSCG00000015775
Lung,KEGG,KEGG:00310,Lysine degradation,0.32204901927337903,62,15,1,0.06666666666666667,9.09247311827957,ENSSSCG00000009889
Lung,KEGG,KEGG:00280,"Valine, leucine and isoleucine degradation",0.32204901927337903,51,15,1,0.06666666666666667,11.05359477124183,ENSSSCG00000009889
Lung,KEGG,KEGG:00620,Pyruvate metabolism,0.32204901927337903,40,15,1,0.06666666666666667,14.093333333333334,ENSSSCG00000009889
Lung,KEGG,KEGG:00380,Tryptophan metabolism,0.32204901927337903,45,15,1,0.06666666666666667,12.527407407407408,ENSSSCG00000009889
Lung,KEGG,KEGG:00770,Pantothenate and CoA biosynthesis,0.32204901927337903,22,15,1,0.06666666666666667,25.62424242424242,ENSSSCG00000009889
Lung,KEGG,KEGG:00790,Folate biosynthesis,0.32204901927337903,31,15,1,0.06666666666666667,18.18494623655914,ENSSSCG00000001596
Lung,KEGG,KEGG:00564,Glycerophospholipid metabolism,0.32204901927337903,96,15,1,0.06666666666666667,5.872222222222222,ENSSSCG00000025901
Lung,KEGG,KEGG:00510,N-Glycan biosynthesis,0.32204901927337903,51,15,1,0.06666666666666667,11.05359477124183,ENSSSCG00000021988
Lung,KEGG,KEGG:05412,Arrhythmogenic right ventricular cardiomyopathy,0.32204901927337903,82,15,2,0.13333333333333333,13.74959349593496,"ENSSSCG00000024800,ENSSSCG00000010144"
Lung,KEGG,KEGG:04012,ErbB signaling pathway,0.32204901927337903,84,15,1,0.06666666666666667,6.71111111111111,ENSSSCG00000005015
Lung,KEGG,KEGG:05214,Glioma,0.32204901927337903,70,15,1,0.06666666666666667,8.053333333333333,ENSSSCG00000005015
Lung,KEGG,KEGG:05213,Endometrial cancer,0.32204901927337903,58,15,1,0.06666666666666667,9.719540229885057,ENSSSCG00000005015
Lung,KEGG,KEGG:05211,Renal cell carcinoma,0.32204901927337903,67,15,1,0.06666666666666667,8.413930348258706,ENSSSCG00000005015
Lung,KEGG,KEGG:05210,Colorectal cancer,0.32204901927337903,89,15,1,0.06666666666666667,6.334082397003746,ENSSSCG00000005015
Lung,KEGG,KEGG:01521,EGFR tyrosine kinase inhibitor resistance,0.32204901927337903,78,15,1,0.06666666666666667,7.227350427350427,ENSSSCG00000005015
Lung,KEGG,KEGG:01522,Endocrine resistance,0.32204901927337903,92,15,1,0.06666666666666667,6.127536231884058,ENSSSCG00000005015
Lung,KEGG,KEGG:05208,Chemical carcinogenesis - reactive oxygen species,0.32204901927337903,220,15,2,0.13333333333333333,5.124848484848485,"ENSSSCG00000037869,ENSSSCG00000005015"
Lung,KEGG,KEGG:00010,Glycolysis / Gluconeogenesis,0.32204901927337903,60,15,1,0.06666666666666667,9.395555555555555,ENSSSCG00000009889
Lung,KEGG,KEGG:04978,Mineral absorption,0.32204901927337903,53,15,1,0.06666666666666667,10.636477987421385,ENSSSCG00000016469
Lung,KEGG,KEGG:01100,Metabolic pathways,0.32204901927337903,1498,15,5,0.3333333333333333,1.881619937694704,"ENSSSCG00000037869,ENSSSCG00000025901,ENSSSCG00000001596,ENSSSCG00000009889,ENSSSCG00000015775"
Lung,KEGG,KEGG:04970,Salivary secretion,0.32204901927337903,87,15,1,0.06666666666666667,6.479693486590038,ENSSSCG00000016469
Lung,KEGG,KEGG:04917,Prolactin signaling pathway,0.32204901927337903,71,15,1,0.06666666666666667,7.9399061032863845,ENSSSCG00000005015
Lung,KEGG,KEGG:04912,GnRH signaling pathway,0.32204901927337903,88,15,1,0.06666666666666667,6.406060606060605,ENSSSCG00000005015
Lung,KEGG,KEGG:04340,Hedgehog signaling pathway,0.32204901927337903,52,15,1,0.06666666666666667,10.84102564102564,ENSSSCG00000001840
Lung,KEGG,KEGG:04714,Thermogenesis,0.32204901927337903,226,15,2,0.13333333333333333,4.988790560471976,"ENSSSCG00000037869,ENSSSCG00000005015"
Lung,KEGG,KEGG:04540,Gap junction,0.32204901927337903,84,15,1,0.06666666666666667,6.71111111111111,ENSSSCG00000005015
Lung,KEGG,KEGG:04610,Complement and coagulation cascades,0.32204901927337903,77,15,1,0.06666666666666667,7.321212121212121,ENSSSCG00000035170
Lung,KEGG,KEGG:04664,Fc epsilon RI signaling pathway,0.32204901927337903,63,15,1,0.06666666666666667,8.948148148148148,ENSSSCG00000005015
Lung,KEGG,KEGG:04662,B cell receptor signaling pathway,0.32204901927337903,74,15,1,0.06666666666666667,7.618018018018018,ENSSSCG00000005015
Lung,KEGG,KEGG:05215,Prostate cancer,0.32204901927337903,96,15,1,0.06666666666666667,5.872222222222222,ENSSSCG00000005015
Lung,KEGG,KEGG:05217,Basal cell carcinoma,0.32204901927337903,61,15,1,0.06666666666666667,9.241530054644809,ENSSSCG00000001840
Lung,KEGG,KEGG:00053,Ascorbate and aldarate metabolism,0.32204901927337903,24,15,1,0.06666666666666667,23.488888888888887,ENSSSCG00000009889
Lung,KEGG,KEGG:05221,Acute myeloid leukemia,0.32204901927337903,66,15,1,0.06666666666666667,8.54141414141414,ENSSSCG00000005015
Lung,KEGG,KEGG:05223,Non-small cell lung cancer,0.32204901927337903,69,15,1,0.06666666666666667,8.170048309178743,ENSSSCG00000005015
Lung,KEGG,KEGG:01232,Nucleotide metabolism,0.32204901927337903,79,15,1,0.06666666666666667,7.135864978902954,ENSSSCG00000015775
Lung,KEGG,KEGG:01240,Biosynthesis of cofactors,0.32204901927337903,141,15,2,0.13333333333333333,7.996217494089834,"ENSSSCG00000001596,ENSSSCG00000009889"
Lung,KEGG,KEGG:05231,Choline metabolism in cancer,0.32204901927337903,96,15,1,0.06666666666666667,5.872222222222222,ENSSSCG00000005015
Lung,KEGG,KEGG:05220,Chronic myeloid leukemia,0.32204901927337903,75,15,1,0.06666666666666667,7.516444444444445,ENSSSCG00000005015
Lung,GO:BP,GO:0009308,amine metabolic process,0.3240287384604307,77,34,1,0.029411764705882353,7.316271963330786,ENSSSCG00000009889
Lung,GO:BP,GO:0008593,regulation of Notch signaling pathway,0.3240287384604307,77,34,1,0.029411764705882353,7.316271963330786,ENSSSCG00000017193
Lung,GO:BP,GO:0033077,T cell differentiation in thymus,0.3257525120020027,79,34,1,0.029411764705882353,7.131049888309754,ENSSSCG00000005015
Lung,GO:BP,GO:0051252,regulation of RNA metabolic process,0.3257525120020027,2893,34,8,0.23529411764705882,1.5578373762225248,"ENSSSCG00000006902,ENSSSCG00000011795,ENSSSCG00000009569,ENSSSCG00000009101,ENSSSCG00000005190,ENSSSCG00000036695,ENSSSCG00000010144,ENSSSCG00000010219"
Lung,GO:BP,GO:0031099,regeneration,0.3257525120020027,79,34,1,0.029411764705882353,7.131049888309754,ENSSSCG00000005190
Lung,GO:BP,GO:0000278,mitotic cell cycle,0.3257525120020027,713,34,3,0.08823529411764706,2.370348981107169,"ENSSSCG00000009101,ENSSSCG00000005190,ENSSSCG00000001840"
Lung,GO:BP,GO:0055007,cardiac muscle cell differentiation,0.3257525120020027,78,34,1,0.029411764705882353,7.222473604826545,ENSSSCG00000010144
Lung,GO:BP,GO:0050776,regulation of immune response,0.3257525120020027,710,34,3,0.08823529411764706,2.38036454018227,"ENSSSCG00000006902,ENSSSCG00000009569,ENSSSCG00000035170"
Lung,GO:BP,GO:0050673,epithelial cell proliferation,0.3257525120020027,357,34,2,0.058823529411764705,3.1560388861426927,"ENSSSCG00000005190,ENSSSCG00000010385"
Lung,GO:BP,GO:0046545,development of primary female sexual characteristics,0.3257525120020027,79,34,1,0.029411764705882353,7.131049888309754,ENSSSCG00000010219
Lung,GO:BP,GO:0140546,defense response to symbiont,0.32682375938709934,716,34,3,0.08823529411764706,2.3604173512980613,"ENSSSCG00000006902,ENSSSCG00000009569,ENSSSCG00000035170"
Lung,GO:BP,GO:0090066,regulation of anatomical structure size,0.32682375938709934,359,34,2,0.058823529411764705,3.1384564968048503,"ENSSSCG00000010144,ENSSSCG00000010385"
Lung,KEGG,KEGG:04650,Natural killer cell mediated cytotoxicity,0.3271105617190704,100,15,1,0.06666666666666667,5.637333333333333,ENSSSCG00000005015
Lung,REAC,REAC:R-SSC-204998,"Cell death signalling via NRAGE, NRIF and NADE",0.32888480339841564,53,17,1,0.058823529411764705,8.6503884572697,ENSSSCG00000005015
Lung,GO:BP,GO:0010586,miRNA metabolic process,0.3290041713025011,81,34,1,0.029411764705882353,6.954974582425564,ENSSSCG00000005190
Lung,GO:BP,GO:0009791,post-embryonic development,0.3308886453624774,82,34,1,0.029411764705882353,6.870157819225251,ENSSSCG00000010219
Lung,GO:BP,GO:0001708,cell fate specification,0.3308886453624774,82,34,1,0.029411764705882353,6.870157819225251,ENSSSCG00000005190
Lung,GO:BP,GO:0034097,response to cytokine,0.3325993914597614,726,34,3,0.08823529411764706,2.327904715605251,"ENSSSCG00000006902,ENSSSCG00000009101,ENSSSCG00000010219"
Lung,GO:BP,GO:1901652,response to peptide,0.3326425828640578,727,34,3,0.08823529411764706,2.324702645845133,"ENSSSCG00000006902,ENSSSCG00000009101,ENSSSCG00000010219"
Lung,GO:BP,GO:0031349,positive regulation of defense response,0.3329204829021046,367,34,2,0.058823529411764705,3.0700432761660523,"ENSSSCG00000006902,ENSSSCG00000009569"
Lung,KEGG,KEGG:04150,mTOR signaling pathway,0.33302584851886335,150,15,1,0.06666666666666667,3.7582222222222224,ENSSSCG00000005015
Lung,KEGG,KEGG:04141,Protein processing in endoplasmic reticulum,0.33302584851886335,163,15,1,0.06666666666666667,3.458486707566462,ENSSSCG00000021988
Lung,KEGG,KEGG:04722,Neurotrophin signaling pathway,0.33302584851886335,117,15,1,0.06666666666666667,4.818233618233618,ENSSSCG00000005015
Lung,KEGG,KEGG:04630,JAK-STAT signaling pathway,0.33302584851886335,159,15,1,0.06666666666666667,3.5454926624737944,ENSSSCG00000005015
Lung,KEGG,KEGG:04723,Retrograde endocannabinoid signaling,0.33302584851886335,146,15,1,0.06666666666666667,3.8611872146118724,ENSSSCG00000037869
Lung,KEGG,KEGG:04910,Insulin signaling pathway,0.33302584851886335,135,15,1,0.06666666666666667,4.175802469135802,ENSSSCG00000005015
Lung,KEGG,KEGG:00190,Oxidative phosphorylation,0.33302584851886335,133,15,1,0.06666666666666667,4.23859649122807,ENSSSCG00000037869
Lung,KEGG,KEGG:04660,T cell receptor signaling pathway,0.33302584851886335,117,15,1,0.06666666666666667,4.818233618233618,ENSSSCG00000005015
Lung,KEGG,KEGG:05224,Breast cancer,0.33302584851886335,142,15,1,0.06666666666666667,3.9699530516431922,ENSSSCG00000005015
Lung,KEGG,KEGG:04926,Relaxin signaling pathway,0.33302584851886335,127,15,1,0.06666666666666667,4.438845144356955,ENSSSCG00000005015
Lung,KEGG,KEGG:05161,Hepatitis B,0.33302584851886335,163,15,1,0.06666666666666667,3.458486707566462,ENSSSCG00000005015
Lung,KEGG,KEGG:04932,Non-alcoholic fatty liver disease,0.33302584851886335,155,15,1,0.06666666666666667,3.636989247311828,ENSSSCG00000037869
Lung,KEGG,KEGG:05034,Alcoholism,0.33302584851886335,161,15,1,0.06666666666666667,3.5014492753623188,ENSSSCG00000005015
Lung,KEGG,KEGG:04935,"Growth hormone synthesis, secretion and action",0.33302584851886335,117,15,1,0.06666666666666667,4.818233618233618,ENSSSCG00000005015
Lung,KEGG,KEGG:03010,Ribosome,0.33302584851886335,130,15,1,0.06666666666666667,4.3364102564102565,ENSSSCG00000033326
Lung,KEGG,KEGG:04936,Alcoholic liver disease,0.33302584851886335,134,15,1,0.06666666666666667,4.206965174129353,ENSSSCG00000009889
Lung,KEGG,KEGG:03013,Nucleocytoplasmic transport,0.33302584851886335,106,15,1,0.06666666666666667,5.318238993710692,ENSSSCG00000011491
Lung,KEGG,KEGG:05160,Hepatitis C,0.33302584851886335,149,15,1,0.06666666666666667,3.7834451901565997,ENSSSCG00000005015
Lung,KEGG,KEGG:04072,Phospholipase D signaling pathway,0.33302584851886335,144,15,1,0.06666666666666667,3.9148148148148145,ENSSSCG00000005015
Lung,KEGG,KEGG:04068,FoxO signaling pathway,0.33302584851886335,130,15,1,0.06666666666666667,4.3364102564102565,ENSSSCG00000005015
Lung,KEGG,KEGG:05200,Pathways in cancer,0.33302584851886335,508,15,2,0.13333333333333333,2.2194225721784777,"ENSSSCG00000005015,ENSSSCG00000001840"
Lung,KEGG,KEGG:05226,Gastric cancer,0.33302584851886335,145,15,1,0.06666666666666667,3.8878160919540234,ENSSSCG00000005015
Lung,KEGG,KEGG:04915,Estrogen signaling pathway,0.33302584851886335,129,15,1,0.06666666666666667,4.370025839793281,ENSSSCG00000005015
Lung,KEGG,KEGG:05225,Hepatocellular carcinoma,0.33302584851886335,157,15,1,0.06666666666666667,3.5906581740976646,ENSSSCG00000005015
Lung,GO:BP,GO:0007265,Ras protein signal transduction,0.3345746104462876,84,34,1,0.029411764705882353,6.7065826330532214,ENSSSCG00000005015
Lung,GO:BP,GO:0042752,regulation of circadian rhythm,0.33543745198983305,85,34,1,0.029411764705882353,6.627681660899654,ENSSSCG00000009569
Lung,GO:BP,GO:0001776,leukocyte homeostasis,0.33543745198983305,85,34,1,0.029411764705882353,6.627681660899654,ENSSSCG00000005015
Lung,GO:BP,GO:0051249,regulation of lymphocyte activation,0.33543745198983305,371,34,2,0.058823529411764705,3.0369430791184397,"ENSSSCG00000005015,ENSSSCG00000035170"
Lung,GO:BP,GO:0043270,positive regulation of monoatomic ion transport,0.3362796602494711,86,34,1,0.029411764705882353,6.550615595075239,ENSSSCG00000010144
Lung,GO:BP,GO:0002832,negative regulation of response to biotic stimulus,0.3362796602494711,86,34,1,0.029411764705882353,6.550615595075239,ENSSSCG00000035170
Lung,GO:BP,GO:0030048,actin filament-based movement,0.3362796602494711,86,34,1,0.029411764705882353,6.550615595075239,ENSSSCG00000024800
Lung,GO:BP,GO:0099587,inorganic ion import across plasma membrane,0.3380304108365868,87,34,1,0.029411764705882353,6.475321162947937,ENSSSCG00000016469
Lung,GO:BP,GO:0098659,inorganic cation import across plasma membrane,0.3380304108365868,87,34,1,0.029411764705882353,6.475321162947937,ENSSSCG00000016469
Lung,GO:BP,GO:0007018,microtubule-based movement,0.33805020346156245,377,34,2,0.058823529411764705,2.9886097675144327,"ENSSSCG00000004469,ENSSSCG00000001840"
Lung,GO:BP,GO:0018958,phenol-containing compound metabolic process,0.33882747805786756,88,34,1,0.029411764705882353,6.401737967914438,ENSSSCG00000009889
Lung,GO:BP,GO:0007200,phospholipase C-activating G protein-coupled receptor signaling pathway,0.33882747805786756,88,34,1,0.029411764705882353,6.401737967914438,ENSSSCG00000010144
Lung,GO:BP,GO:0010557,positive regulation of macromolecule biosynthetic process,0.3418330319944396,2037,34,6,0.17647058823529413,1.6593606514770858,"ENSSSCG00000011795,ENSSSCG00000009101,ENSSSCG00000005190,ENSSSCG00000036695,ENSSSCG00000010144,ENSSSCG00000010219"
Lung,REAC,REAC:R-SSC-112316,Neuronal System,0.3420103829848862,273,17,2,0.11764705882352941,3.358758888170653,"ENSSSCG00000010144,ENSSSCG00000009889"
Lung,GO:BP,GO:0046660,female sex differentiation,0.3422046378072813,90,34,1,0.029411764705882353,6.2594771241830065,ENSSSCG00000010219
Lung,GO:BP,GO:0071466,cellular response to xenobiotic stimulus,0.3422046378072813,90,34,1,0.029411764705882353,6.2594771241830065,ENSSSCG00000009889
Lung,GO:BP,GO:0000122,negative regulation of transcription by RNA polymerase II,0.3422046378072813,752,34,3,0.08823529411764706,2.247418648310388,"ENSSSCG00000006902,ENSSSCG00000009101,ENSSSCG00000010219"
Lung,GO:BP,GO:0051592,response to calcium ion,0.3438568944992379,91,34,1,0.029411764705882353,6.190691661279897,ENSSSCG00000016469
Lung,GO:BP,GO:0007218,neuropeptide signaling pathway,0.3438568944992379,91,34,1,0.029411764705882353,6.190691661279897,ENSSSCG00000006243
Lung,GO:BP,GO:0050868,negative regulation of T cell activation,0.34456417262039496,92,34,1,0.029411764705882353,6.123401534526854,ENSSSCG00000035170
Lung,GO:BP,GO:0006412,translation,0.34456417262039496,759,34,3,0.08823529411764706,2.2266914671006743,"ENSSSCG00000011795,ENSSSCG00000036695,ENSSSCG00000033326"
Lung,GO:BP,GO:0017148,negative regulation of translation,0.34456417262039496,92,34,1,0.029411764705882353,6.123401534526854,ENSSSCG00000011795
Lung,GO:BP,GO:0072089,stem cell proliferation,0.3482704649248094,94,34,1,0.029411764705882353,5.993116395494368,ENSSSCG00000005190
Lung,GO:BP,GO:0002062,chondrocyte differentiation,0.3482704649248094,94,34,1,0.029411764705882353,5.993116395494368,ENSSSCG00000005190
Lung,GO:BP,GO:1901701,cellular response to oxygen-containing compound,0.3482704649248094,768,34,3,0.08823529411764706,2.2005974264705883,"ENSSSCG00000006902,ENSSSCG00000005015,ENSSSCG00000010144"
Lung,GO:BP,GO:0060048,cardiac muscle contraction,0.3482704649248094,94,34,1,0.029411764705882353,5.993116395494368,ENSSSCG00000024800
Lung,KEGG,KEGG:04062,Chemokine signaling pathway,0.349139688633793,175,15,1,0.06666666666666667,3.221333333333333,ENSSSCG00000005015
Lung,GO:BP,GO:0001909,leukocyte mediated cytotoxicity,0.35023292019293373,95,34,1,0.029411764705882353,5.9300309597523215,ENSSSCG00000032810
Lung,KEGG,KEGG:04814,Motor proteins,0.3510369737414209,179,15,1,0.06666666666666667,3.149348230912477,ENSSSCG00000001840
Lung,GO:BP,GO:0002698,negative regulation of immune effector process,0.3526938377890801,96,34,1,0.029411764705882353,5.8682598039215685,ENSSSCG00000035170
Lung,GO:BP,GO:0006612,protein targeting to membrane,0.3542087852483696,97,34,1,0.029411764705882353,5.8077622801698,ENSSSCG00000033688
Lung,GO:BP,GO:0007229,integrin-mediated signaling pathway,0.3542087852483696,97,34,1,0.029411764705882353,5.8077622801698,ENSSSCG00000015297
Lung,GO:BP,GO:0120036,plasma membrane bounded cell projection organization,0.3547524618645491,1194,34,4,0.11764705882352941,1.8872795349295497,"ENSSSCG00000006902,ENSSSCG00000004469,ENSSSCG00000005190,ENSSSCG00000010144"
Lung,REAC,REAC:R-SSC-416482,G alpha (12/13) signalling events,0.3549126312617887,72,17,1,0.058823529411764705,6.367647058823529,ENSSSCG00000005015
Lung,REAC,REAC:R-SSC-5632684,Hedgehog 'on' state,0.3549126312617887,69,17,1,0.058823529411764705,6.6445012787723785,ENSSSCG00000001840
Lung,REAC,REAC:R-SSC-9837999,Mitochondrial protein degradation,0.3549126312617887,70,17,1,0.058823529411764705,6.549579831932772,ENSSSCG00000009889
Lung,REAC,REAC:R-SSC-9013408,RHOG GTPase cycle,0.3549126312617887,63,17,1,0.058823529411764705,7.277310924369747,ENSSSCG00000037869
Lung,REAC,REAC:R-SSC-72202,Transport of Mature Transcript to Cytoplasm,0.3549126312617887,72,17,1,0.058823529411764705,6.367647058823529,ENSSSCG00000011491
Lung,REAC,REAC:R-SSC-159236,Transport of Mature mRNA derived from an Intron-Containing Transcript,0.3549126312617887,66,17,1,0.058823529411764705,6.946524064171124,ENSSSCG00000011491
Lung,REAC,REAC:R-SSC-202424,Downstream TCR signaling,0.3549126312617887,74,17,1,0.058823529411764705,6.195548489666137,ENSSSCG00000002078
Lung,GO:BP,GO:0002456,T cell mediated immunity,0.35570221058514645,98,34,1,0.029411764705882353,5.748499399759904,ENSSSCG00000032810
Lung,GO:BP,GO:0008286,insulin receptor signaling pathway,0.3572673494502526,100,34,1,0.029411764705882353,5.633529411764706,ENSSSCG00000005015
Lung,GO:BP,GO:0034219,carbohydrate transmembrane transport,0.3572673494502526,100,34,1,0.029411764705882353,5.633529411764706,ENSSSCG00000008874
Lung,GO:BP,GO:0002682,regulation of immune system process,0.3572673494502526,1206,34,4,0.11764705882352941,1.8685006340844796,"ENSSSCG00000006902,ENSSSCG00000009569,ENSSSCG00000005015,ENSSSCG00000035170"
Lung,GO:BP,GO:0002065,columnar/cuboidal epithelial cell differentiation,0.3572673494502526,100,34,1,0.029411764705882353,5.633529411764706,ENSSSCG00000005190
Lung,GO:BP,GO:0032101,regulation of response to external stimulus,0.3572673494502526,790,34,3,0.08823529411764706,2.1393149664929267,"ENSSSCG00000006902,ENSSSCG00000009569,ENSSSCG00000035170"
Lung,GO:BP,GO:0051261,protein depolymerization,0.3572673494502526,100,34,1,0.029411764705882353,5.633529411764706,ENSSSCG00000010144
Lung,GO:BP,GO:0009891,positive regulation of biosynthetic process,0.3572673494502526,2103,34,6,0.17647058823529413,1.6072837123437107,"ENSSSCG00000011795,ENSSSCG00000009101,ENSSSCG00000005190,ENSSSCG00000036695,ENSSSCG00000010144,ENSSSCG00000010219"
Lung,GO:BP,GO:0031345,negative regulation of cell projection organization,0.3582244021387735,101,34,1,0.029411764705882353,5.577751892836343,ENSSSCG00000006902
Lung,GO:BP,GO:0030030,cell projection organization,0.35963723741714326,1213,34,4,0.11764705882352941,1.8577178604335385,"ENSSSCG00000006902,ENSSSCG00000004469,ENSSSCG00000005190,ENSSSCG00000010144"
Lung,GO:BP,GO:1903038,negative regulation of leukocyte cell-cell adhesion,0.35963723741714326,102,34,1,0.029411764705882353,5.523068050749711,ENSSSCG00000035170
Lung,GO:BP,GO:0022904,respiratory electron transport chain,0.3601231656357711,103,34,1,0.029411764705882353,5.46944603083952,ENSSSCG00000037869
Lung,GO:BP,GO:0001501,skeletal system development,0.3601231656357711,415,34,2,0.058823529411764705,2.714953933380581,"ENSSSCG00000005190,ENSSSCG00000010219"
Lung,GO:BP,GO:0035051,cardiocyte differentiation,0.3601231656357711,103,34,1,0.029411764705882353,5.46944603083952,ENSSSCG00000010144
Lung,GO:BP,GO:0008643,carbohydrate transport,0.36149176635855707,105,34,1,0.029411764705882353,5.365266106442577,ENSSSCG00000008874
Lung,GO:BP,GO:0022612,gland morphogenesis,0.36149176635855707,106,34,1,0.029411764705882353,5.314650388457269,ENSSSCG00000005190
Lung,GO:BP,GO:0008584,male gonad development,0.36149176635855707,105,34,1,0.029411764705882353,5.365266106442577,ENSSSCG00000010219
Lung,GO:BP,GO:1901699,cellular response to nitrogen compound,0.36149176635855707,425,34,2,0.058823529411764705,2.651072664359862,"ENSSSCG00000005015,ENSSSCG00000010144"
Lung,GO:BP,GO:0046546,development of primary male sexual characteristics,0.36149176635855707,106,34,1,0.029411764705882353,5.314650388457269,ENSSSCG00000010219
Lung,GO:BP,GO:0006937,regulation of muscle contraction,0.36149176635855707,108,34,1,0.029411764705882353,5.216230936819172,ENSSSCG00000024800
Lung,GO:BP,GO:0002694,regulation of leukocyte activation,0.36149176635855707,417,34,2,0.058823529411764705,2.701932571589787,"ENSSSCG00000005015,ENSSSCG00000035170"
Lung,GO:BP,GO:0002040,sprouting angiogenesis,0.36149176635855707,107,34,1,0.029411764705882353,5.264980758658604,ENSSSCG00000010385
Lung,GO:BP,GO:0032388,positive regulation of intracellular transport,0.36149176635855707,105,34,1,0.029411764705882353,5.365266106442577,ENSSSCG00000010144
Lung,GO:BP,GO:0033108,mitochondrial respiratory chain complex assembly,0.36149176635855707,107,34,1,0.029411764705882353,5.264980758658604,ENSSSCG00000037869
Lung,GO:BP,GO:0106106,cold-induced thermogenesis,0.36149176635855707,108,34,1,0.029411764705882353,5.216230936819172,ENSSSCG00000011795
Lung,GO:BP,GO:0043244,regulation of protein-containing complex disassembly,0.36149176635855707,106,34,1,0.029411764705882353,5.314650388457269,ENSSSCG00000010144
Lung,GO:BP,GO:0097746,blood vessel diameter maintenance,0.36149176635855707,107,34,1,0.029411764705882353,5.264980758658604,ENSSSCG00000010385
Lung,GO:BP,GO:0035150,regulation of tube size,0.36149176635855707,108,34,1,0.029411764705882353,5.216230936819172,ENSSSCG00000010385
Lung,GO:BP,GO:0035270,endocrine system development,0.36149176635855707,106,34,1,0.029411764705882353,5.314650388457269,ENSSSCG00000010219
Lung,GO:BP,GO:0035296,regulation of tube diameter,0.36149176635855707,107,34,1,0.029411764705882353,5.264980758658604,ENSSSCG00000010385
Lung,KEGG,KEGG:04510,Focal adhesion,0.3638765938982633,195,15,1,0.06666666666666667,2.890940170940171,ENSSSCG00000005015
Lung,KEGG,KEGG:05205,Proteoglycans in cancer,0.3638765938982633,198,15,1,0.06666666666666667,2.847138047138047,ENSSSCG00000005015
Lung,KEGG,KEGG:05415,Diabetic cardiomyopathy,0.3638765938982633,199,15,1,0.06666666666666667,2.832830820770519,ENSSSCG00000037869
Lung,KEGG,KEGG:05207,Chemical carcinogenesis - receptor activation,0.3638765938982633,194,15,1,0.06666666666666667,2.9058419243986253,ENSSSCG00000005015
Lung,GO:BP,GO:0048468,cell development,0.3660278341407669,2157,34,6,0.17647058823529413,1.5670457334533257,"ENSSSCG00000006902,ENSSSCG00000005190,ENSSSCG00000005015,ENSSSCG00000010144,ENSSSCG00000010219,ENSSSCG00000003218"
Lung,REAC,REAC:R-SSC-193704,p75 NTR receptor-mediated signalling,0.3664696191515085,80,17,1,0.058823529411764705,5.730882352941177,ENSSSCG00000005015
Lung,REAC,REAC:R-SSC-6809371,Formation of the cornified envelope,0.3664696191515085,81,17,1,0.058823529411764705,5.660130718954249,ENSSSCG00000024800
Lung,GO:BP,GO:0002684,positive regulation of immune system process,0.3672840614827272,824,34,3,0.08823529411764706,2.0510422615648203,"ENSSSCG00000006902,ENSSSCG00000009569,ENSSSCG00000035170"
Lung,REAC,REAC:R-SSC-15869,Metabolism of nucleotides,0.36776686170281303,85,17,1,0.058823529411764705,5.3937716262975774,ENSSSCG00000015775
Lung,REAC,REAC:R-SSC-5610787,Hedgehog 'off' state,0.36776686170281303,88,17,1,0.058823529411764705,5.209893048128342,ENSSSCG00000001840
Lung,REAC,REAC:R-SSC-202403,TCR signaling,0.36776686170281303,88,17,1,0.058823529411764705,5.209893048128342,ENSSSCG00000002078
Lung,REAC,REAC:R-SSC-1266738,Developmental Biology,0.3678423608675242,359,17,2,0.11764705882352941,2.5541536949041457,"ENSSSCG00000024800,ENSSSCG00000015297"
Lung,REAC,REAC:R-SSC-611105,Respiratory electron transport,0.3678423608675242,94,17,1,0.058823529411764705,4.877346683354193,ENSSSCG00000037869
Lung,REAC,REAC:R-SSC-196849,Metabolism of water-soluble vitamins and cofactors,0.3678423608675242,100,17,1,0.058823529411764705,4.5847058823529405,ENSSSCG00000001596
Lung,REAC,REAC:R-SSC-1483206,Glycerophospholipid biosynthesis,0.3678423608675242,104,17,1,0.058823529411764705,4.408371040723981,ENSSSCG00000025901
Lung,REAC,REAC:R-SSC-9012999,RHO GTPase cycle,0.3678423608675242,385,17,2,0.11764705882352941,2.3816653934300995,"ENSSSCG00000037869,ENSSSCG00000005015"
Lung,REAC,REAC:R-SSC-166663,Initial triggering of complement,0.3678423608675242,100,17,1,0.058823529411764705,4.5847058823529405,ENSSSCG00000032810
Lung,REAC,REAC:R-SSC-211945,Phase I - Functionalization of compounds,0.3678423608675242,99,17,1,0.058823529411764705,4.6310160427807485,ENSSSCG00000009889
Lung,GO:BP,GO:0007156,homophilic cell adhesion via plasma membrane adhesion molecules,0.36793400316993974,111,34,1,0.029411764705882353,5.075251722310545,ENSSSCG00000024800
Lung,GO:BP,GO:0019219,regulation of nucleobase-containing compound metabolic process,0.3681877508273597,3129,34,8,0.23529411764705882,1.4403398943470005,"ENSSSCG00000006902,ENSSSCG00000011795,ENSSSCG00000009569,ENSSSCG00000009101,ENSSSCG00000005190,ENSSSCG00000036695,ENSSSCG00000010144,ENSSSCG00000010219"
Lung,GO:BP,GO:0065008,regulation of biological quality,0.36859562473954294,2168,34,6,0.17647058823529413,1.559094855654439,"ENSSSCG00000011795,ENSSSCG00000024800,ENSSSCG00000016469,ENSSSCG00000036695,ENSSSCG00000010144,ENSSSCG00000010385"
Lung,GO:BP,GO:0006812,monoatomic cation transport,0.37081801262859754,839,34,3,0.08823529411764706,2.014372852836009,"ENSSSCG00000021988,ENSSSCG00000016469,ENSSSCG00000010144"
Lung,GO:BP,GO:0022900,electron transport chain,0.37081801262859754,113,34,1,0.029411764705882353,4.985424258198854,ENSSSCG00000037869
Lung,GO:BP,GO:0032870,cellular response to hormone stimulus,0.37081801262859754,443,34,2,0.058823529411764705,2.5433541362368874,"ENSSSCG00000005015,ENSSSCG00000010144"
Lung,GO:BP,GO:0050680,negative regulation of epithelial cell proliferation,0.37081801262859754,114,34,1,0.029411764705882353,4.941692466460268,ENSSSCG00000005190
Lung,GO:BP,GO:0007049,cell cycle,0.37081801262859754,1269,34,4,0.11764705882352941,1.7757381912575905,"ENSSSCG00000009101,ENSSSCG00000005190,ENSSSCG00000001840,ENSSSCG00000017193"
Lung,GO:BP,GO:0048523,negative regulation of cellular process,0.37081801262859754,4148,34,10,0.29411764705882354,1.3581314878892734,"ENSSSCG00000006902,ENSSSCG00000011795,ENSSSCG00000009569,ENSSSCG00000009101,ENSSSCG00000005190,ENSSSCG00000036695,ENSSSCG00000010144,ENSSSCG00000010219,ENSSSCG00000035170,ENSSSCG00000017193"
Lung,GO:BP,GO:0097553,calcium ion transmembrane import into cytosol,0.37081801262859754,114,34,1,0.029411764705882353,4.941692466460268,ENSSSCG00000016469
Lung,GO:BP,GO:0019827,stem cell population maintenance,0.37081801262859754,115,34,1,0.029411764705882353,4.8987212276214835,ENSSSCG00000005190
Lung,GO:BP,GO:0042110,T cell activation,0.37081801262859754,439,34,2,0.058823529411764705,2.566528205815356,"ENSSSCG00000005015,ENSSSCG00000035170"
Lung,GO:BP,GO:0072331,signal transduction by p53 class mediator,0.37132523844424425,116,34,1,0.029411764705882353,4.856490872210953,ENSSSCG00000033326
Lung,GO:BP,GO:0035148,tube formation,0.37132523844424425,116,34,1,0.029411764705882353,4.856490872210953,ENSSSCG00000005190
Lung,GO:BP,GO:0030902,hindbrain development,0.37155023570770696,118,34,1,0.029411764705882353,4.774177467597208,ENSSSCG00000005190
Lung,GO:BP,GO:0002244,hematopoietic progenitor cell differentiation,0.37155023570770696,118,34,1,0.029411764705882353,4.774177467597208,ENSSSCG00000005015
Lung,GO:BP,GO:0070925,organelle assembly,0.37155023570770696,845,34,3,0.08823529411764706,2.0000696136442744,"ENSSSCG00000009569,ENSSSCG00000010144,ENSSSCG00000003218"
Lung,GO:BP,GO:0098727,maintenance of cell number,0.37155023570770696,117,34,1,0.029411764705882353,4.814982403217697,ENSSSCG00000005190
Lung,GO:BP,GO:0007052,mitotic spindle organization,0.37155023570770696,118,34,1,0.029411764705882353,4.774177467597208,ENSSSCG00000001840
Lung,GO:BP,GO:1990845,adaptive thermogenesis,0.37155023570770696,118,34,1,0.029411764705882353,4.774177467597208,ENSSSCG00000011795
Lung,GO:BP,GO:0019637,organophosphate metabolic process,0.37155023570770696,849,34,3,0.08823529411764706,1.9906464352525461,"ENSSSCG00000025901,ENSSSCG00000001596,ENSSSCG00000015775"
Lung,REAC,REAC:R-SSC-6805567,Keratinization,0.37178343756911936,109,17,1,0.058823529411764705,4.2061521856449,ENSSSCG00000024800
Lung,REAC,REAC:R-SSC-166658,Complement cascade,0.37178343756911936,122,17,1,0.058823529411764705,3.7579556412729027,ENSSSCG00000032810
Lung,REAC,REAC:R-SSC-114608,Platelet degranulation ,0.37178343756911936,113,17,1,0.058823529411764705,4.057261842790213,ENSSSCG00000010144
Lung,REAC,REAC:R-SSC-76005,Response to elevated platelet cytosolic Ca2+,0.37178343756911936,117,17,1,0.058823529411764705,3.918552036199095,ENSSSCG00000010144
Lung,REAC,REAC:R-SSC-5358351,Signaling by Hedgehog,0.37178343756911936,118,17,1,0.058823529411764705,3.885343968095713,ENSSSCG00000001840
Lung,REAC,REAC:R-SSC-1430728,Metabolism,0.37178343756911936,1537,17,5,0.29411764705882354,1.4914462857361555,"ENSSSCG00000037869,ENSSSCG00000025901,ENSSSCG00000001596,ENSSSCG00000009889,ENSSSCG00000015775"
Lung,REAC,REAC:R-SSC-112314,Neurotransmitter receptors and postsynaptic signal transmission,0.37178343756911936,120,17,1,0.058823529411764705,3.8205882352941174,ENSSSCG00000010144
Lung,GO:BP,GO:0051250,negative regulation of lymphocyte activation,0.37218399223730436,119,34,1,0.029411764705882353,4.734058329214038,ENSSSCG00000035170
Lung,GO:BP,GO:0001959,regulation of cytokine-mediated signaling pathway,0.37218399223730436,119,34,1,0.029411764705882353,4.734058329214038,ENSSSCG00000006902
Lung,GO:BP,GO:0050865,regulation of cell activation,0.37385097354838304,454,34,2,0.058823529411764705,2.481731018398549,"ENSSSCG00000005015,ENSSSCG00000035170"
Lung,GO:BP,GO:0001508,action potential,0.3760936955550889,121,34,1,0.029411764705882353,4.655809431210501,ENSSSCG00000024800
Lung,GO:BP,GO:0045580,regulation of T cell differentiation,0.37994879057050157,123,34,1,0.029411764705882353,4.580105212816834,ENSSSCG00000005015
Lung,GO:BP,GO:0046661,male sex differentiation,0.37994879057050157,123,34,1,0.029411764705882353,4.580105212816834,ENSSSCG00000010219
Lung,GO:BP,GO:0032103,positive regulation of response to external stimulus,0.38099800718865423,463,34,2,0.058823529411764705,2.4334900266802184,"ENSSSCG00000006902,ENSSSCG00000009569"
Lung,GO:BP,GO:0010970,transport along microtubule,0.38099800718865423,124,34,1,0.029411764705882353,4.543168880455408,ENSSSCG00000004469
Lung,GO:BP,GO:0006952,defense response,0.383860978477502,1309,34,4,0.11764705882352941,1.7214757560778322,"ENSSSCG00000006902,ENSSSCG00000009569,ENSSSCG00000035170,ENSSSCG00000006243"
Lung,REAC,REAC:R-SSC-73887,Death Receptor Signaling,0.38625065345396936,130,17,1,0.058823529411764705,3.5266968325791854,ENSSSCG00000005015
Lung,KEGG,KEGG:04810,Regulation of actin cytoskeleton,0.3863060528910342,221,15,1,0.06666666666666667,2.5508295625942683,ENSSSCG00000005015
Lung,KEGG,KEGG:05163,Human cytomegalovirus infection,0.3863060528910342,218,15,1,0.06666666666666667,2.5859327217125383,ENSSSCG00000005015
Lung,KEGG,KEGG:04014,Ras signaling pathway,0.3863060528910342,224,15,1,0.06666666666666667,2.5166666666666666,ENSSSCG00000005015
Lung,GO:BP,GO:0001935,endothelial cell proliferation,0.3866333929675563,127,34,1,0.029411764705882353,4.43584993052339,ENSSSCG00000010385
Lung,GO:BP,GO:0008016,regulation of heart contraction,0.3866333929675563,127,34,1,0.029411764705882353,4.43584993052339,ENSSSCG00000024800
Lung,GO:BP,GO:0098876,vesicle-mediated transport to the plasma membrane,0.3867629066058757,128,34,1,0.029411764705882353,4.401194852941177,ENSSSCG00000010144
Lung,GO:BP,GO:0061351,neural precursor cell proliferation,0.3867629066058757,128,34,1,0.029411764705882353,4.401194852941177,ENSSSCG00000005190
Lung,GO:BP,GO:0006941,striated muscle contraction,0.3867629066058757,128,34,1,0.029411764705882353,4.401194852941177,ENSSSCG00000024800
Lung,GO:BP,GO:0060759,regulation of response to cytokine stimulus,0.38688605415667243,129,34,1,0.029411764705882353,4.367077063383492,ENSSSCG00000006902
Lung,GO:BP,GO:0030832,regulation of actin filament length,0.38688605415667243,129,34,1,0.029411764705882353,4.367077063383492,ENSSSCG00000010144
Lung,GO:BP,GO:0008064,regulation of actin polymerization or depolymerization,0.38688605415667243,129,34,1,0.029411764705882353,4.367077063383492,ENSSSCG00000010144
Lung,GO:BP,GO:0008285,negative regulation of cell population proliferation,0.3870029687688571,476,34,2,0.058823529411764705,2.367029164607019,"ENSSSCG00000005190,ENSSSCG00000035170"
Lung,GO:BP,GO:0062207,regulation of pattern recognition receptor signaling pathway,0.3870029687688571,130,34,1,0.029411764705882353,4.333484162895927,ENSSSCG00000006902
Lung,GO:BP,GO:1901137,carbohydrate derivative biosynthetic process,0.3870029687688571,475,34,2,0.058823529411764705,2.3720123839009286,"ENSSSCG00000021988,ENSSSCG00000015775"
Lung,KEGG,KEGG:05171,Coronavirus disease - COVID-19,0.3884552935447535,229,15,1,0.06666666666666667,2.461717612809316,ENSSSCG00000033326
Lung,GO:BP,GO:0071222,cellular response to lipopolysaccharide,0.3888042332935363,131,34,1,0.029411764705882353,4.300404131118095,ENSSSCG00000006902
Lung,GO:BP,GO:0098542,defense response to other organism,0.39044284244497957,893,34,3,0.08823529411764706,1.8925630722613795,"ENSSSCG00000006902,ENSSSCG00000009569,ENSSSCG00000035170"
Lung,GO:BP,GO:0001906,cell killing,0.39044284244497957,132,34,1,0.029411764705882353,4.267825311942959,ENSSSCG00000032810
Lung,GO:BP,GO:0035264,multicellular organism growth,0.39578031280292664,136,34,1,0.029411764705882353,4.142301038062284,ENSSSCG00000010219
Lung,GO:BP,GO:0071219,cellular response to molecule of bacterial origin,0.39578031280292664,137,34,1,0.029411764705882353,4.112065264061829,ENSSSCG00000006902
Lung,GO:BP,GO:0007423,sensory organ development,0.39578031280292664,492,34,2,0.058823529411764705,2.290052606408417,"ENSSSCG00000005190,ENSSSCG00000010385"
Lung,GO:BP,GO:0002695,negative regulation of leukocyte activation,0.39578031280292664,137,34,1,0.029411764705882353,4.112065264061829,ENSSSCG00000035170
Lung,GO:BP,GO:0050905,neuromuscular process,0.39578031280292664,137,34,1,0.029411764705882353,4.112065264061829,ENSSSCG00000006243
Lung,GO:BP,GO:0001659,temperature homeostasis,0.39578031280292664,135,34,1,0.029411764705882353,4.172984749455337,ENSSSCG00000011795
Lung,GO:BP,GO:0046488,phosphatidylinositol metabolic process,0.39578031280292664,136,34,1,0.029411764705882353,4.142301038062284,ENSSSCG00000025901
Lung,GO:BP,GO:0072657,protein localization to membrane,0.39578031280292664,489,34,2,0.058823529411764705,2.30410200890172,"ENSSSCG00000033688,ENSSSCG00000010144"
Lung,GO:BP,GO:0050777,negative regulation of immune response,0.39578031280292664,137,34,1,0.029411764705882353,4.112065264061829,ENSSSCG00000035170
Lung,GO:BP,GO:0048519,negative regulation of biological process,0.3959608110807086,4306,34,10,0.29411764705882354,1.3082975874976093,"ENSSSCG00000006902,ENSSSCG00000011795,ENSSSCG00000009569,ENSSSCG00000009101,ENSSSCG00000005190,ENSSSCG00000036695,ENSSSCG00000010144,ENSSSCG00000010219,ENSSSCG00000035170,ENSSSCG00000017193"
Lung,GO:BP,GO:0051168,nuclear export,0.3959608110807086,138,34,1,0.029411764705882353,4.082267689684569,ENSSSCG00000011491
Lung,GO:BP,GO:1902905,positive regulation of supramolecular fiber organization,0.3971713676242913,139,34,1,0.029411764705882353,4.0528988573846805,ENSSSCG00000010144
Lung,GO:BP,GO:0002252,immune effector process,0.3971713676242913,496,34,2,0.058823529411764705,2.271584440227704,"ENSSSCG00000032810,ENSSSCG00000035170"
Lung,GO:BP,GO:0003018,vascular process in circulatory system,0.39854476437767056,141,34,1,0.029411764705882353,3.995410930329579,ENSSSCG00000010385
Lung,GO:BP,GO:0006955,immune response,0.39854476437767056,1367,34,4,0.11764705882352941,1.6484358190972075,"ENSSSCG00000006902,ENSSSCG00000032810,ENSSSCG00000009569,ENSSSCG00000035170"
Lung,GO:BP,GO:0022408,negative regulation of cell-cell adhesion,0.39854476437767056,141,34,1,0.029411764705882353,3.995410930329579,ENSSSCG00000035170
Lung,GO:BP,GO:0007169,cell surface receptor protein tyrosine kinase signaling pathway,0.39854476437767056,500,34,2,0.058823529411764705,2.2534117647058824,"ENSSSCG00000005015,ENSSSCG00000010219"
Lung,GO:BP,GO:0009267,cellular response to starvation,0.39930303550842233,142,34,1,0.029411764705882353,3.967274233637117,ENSSSCG00000024800
Lung,GO:BP,GO:0045893,positive regulation of DNA-templated transcription,0.39930303550842233,1371,34,4,0.11764705882352941,1.643626378341271,"ENSSSCG00000009101,ENSSSCG00000005190,ENSSSCG00000010144,ENSSSCG00000010219"
Lung,GO:BP,GO:1902680,positive regulation of RNA biosynthetic process,0.3996261924893788,1373,34,4,0.11764705882352941,1.64123216657384,"ENSSSCG00000009101,ENSSSCG00000005190,ENSSSCG00000010144,ENSSSCG00000010219"
Lung,GO:BP,GO:0090257,regulation of muscle system process,0.4025739350293526,144,34,1,0.029411764705882353,3.912173202614379,ENSSSCG00000024800
Lung,GO:BP,GO:0048518,positive regulation of biological process,0.4036953213302924,4869,34,11,0.3235294117647059,1.2727217812571734,"ENSSSCG00000006902,ENSSSCG00000011795,ENSSSCG00000031648,ENSSSCG00000009569,ENSSSCG00000009101,ENSSSCG00000005190,ENSSSCG00000036695,ENSSSCG00000010144,ENSSSCG00000010219,ENSSSCG00000033326,ENSSSCG00000035170"
Lung,KEGG,KEGG:05206,MicroRNAs in cancer,0.40532322462876685,245,15,1,0.06666666666666667,2.300952380952381,ENSSSCG00000005015
Lung,GO:BP,GO:1902850,microtubule cytoskeleton organization involved in mitosis,0.40580071161435577,146,34,1,0.029411764705882353,3.858581788879935,ENSSSCG00000001840
Lung,GO:BP,GO:0030705,cytoskeleton-dependent intracellular transport,0.40739774261516826,147,34,1,0.029411764705882353,3.832332933173269,ENSSSCG00000004469
Lung,GO:BP,GO:0051234,establishment of localization,0.40804069240524626,3857,34,9,0.2647058823529412,1.3145388827037168,"ENSSSCG00000011795,ENSSSCG00000004469,ENSSSCG00000021988,ENSSSCG00000011491,ENSSSCG00000008874,ENSSSCG00000016469,ENSSSCG00000036695,ENSSSCG00000033688,ENSSSCG00000010144"
Lung,GO:BP,GO:0007623,circadian rhythm,0.40804069240524626,148,34,1,0.029411764705882353,3.806438791732909,ENSSSCG00000009569
Lung,GO:BP,GO:0032869,cellular response to insulin stimulus,0.40804069240524626,149,34,1,0.029411764705882353,3.7808922226608765,ENSSSCG00000005015
Lung,GO:BP,GO:0045619,regulation of lymphocyte differentiation,0.40804069240524626,148,34,1,0.029411764705882353,3.806438791732909,ENSSSCG00000005015
Lung,GO:BP,GO:0009889,regulation of biosynthetic process,0.40804069240524626,4371,34,10,0.29411764705882354,1.2888422355901867,"ENSSSCG00000006902,ENSSSCG00000011795,ENSSSCG00000009569,ENSSSCG00000009101,ENSSSCG00000005190,ENSSSCG00000036695,ENSSSCG00000010144,ENSSSCG00000009889,ENSSSCG00000010219,ENSSSCG00000035170"
Lung,GO:BP,GO:0051495,positive regulation of cytoskeleton organization,0.40960108758470093,150,34,1,0.029411764705882353,3.755686274509804,ENSSSCG00000010144
Lung,GO:BP,GO:0007219,Notch signaling pathway,0.4126904395327875,152,34,1,0.029411764705882353,3.706269349845201,ENSSSCG00000017193
Lung,GO:BP,GO:0050866,negative regulation of cell activation,0.4126904395327875,152,34,1,0.029411764705882353,3.706269349845201,ENSSSCG00000035170
Lung,GO:BP,GO:0098739,import across plasma membrane,0.4133810366512127,153,34,1,0.029411764705882353,3.6820453671664746,ENSSSCG00000016469
Lung,GO:BP,GO:0099111,microtubule-based transport,0.4133810366512127,153,34,1,0.029411764705882353,3.6820453671664746,ENSSSCG00000004469
Lung,GO:BP,GO:0060047,heart contraction,0.4140619797969885,154,34,1,0.029411764705882353,3.658135981665393,ENSSSCG00000024800
Lung,GO:BP,GO:1903828,negative regulation of protein localization,0.4140619797969885,154,34,1,0.029411764705882353,3.658135981665393,ENSSSCG00000010144
Lung,KEGG,KEGG:05012,Parkinson disease,0.4173422655331335,258,15,1,0.06666666666666667,2.1850129198966406,ENSSSCG00000037869
Lung,KEGG,KEGG:05020,Prion disease,0.4173958081640989,262,15,1,0.06666666666666667,2.151653944020356,ENSSSCG00000037869
Lung,GO:BP,GO:0048738,cardiac muscle tissue development,0.41938985904083487,157,34,1,0.029411764705882353,3.5882352941176467,ENSSSCG00000010144
Lung,GO:BP,GO:0002274,myeloid leukocyte activation,0.41938985904083487,157,34,1,0.029411764705882353,3.5882352941176467,ENSSSCG00000035170
Lung,GO:BP,GO:0008154,actin polymerization or depolymerization,0.42086691345545213,158,34,1,0.029411764705882353,3.565524944154877,ENSSSCG00000010144
Lung,GO:BP,GO:0006950,response to stress,0.4222636402177505,2897,34,7,0.20588235294117646,1.3612256086417998,"ENSSSCG00000006902,ENSSSCG00000024800,ENSSSCG00000009569,ENSSSCG00000005190,ENSSSCG00000035170,ENSSSCG00000006243,ENSSSCG00000017193"
Lung,GO:BP,GO:0060322,head development,0.4222636402177505,538,34,2,0.058823529411764705,2.09424885195714,"ENSSSCG00000005190,ENSSSCG00000010219"
Lung,GO:BP,GO:0006996,organelle organization,0.4238200434016768,2902,34,7,0.20588235294117646,1.3588802854015485,"ENSSSCG00000004469,ENSSSCG00000037869,ENSSSCG00000009569,ENSSSCG00000005190,ENSSSCG00000010144,ENSSSCG00000001840,ENSSSCG00000003218"
Lung,GO:BP,GO:1903522,regulation of blood circulation,0.4241468259134929,161,34,1,0.029411764705882353,3.499086591158202,ENSSSCG00000024800
Lung,GO:BP,GO:0009725,response to hormone,0.4241468259134929,543,34,2,0.058823529411764705,2.074964792546853,"ENSSSCG00000005015,ENSSSCG00000010144"
Lung,GO:BP,GO:0003015,heart process,0.4241468259134929,162,34,1,0.029411764705882353,3.477487291212782,ENSSSCG00000024800
Lung,GO:BP,GO:0009410,response to xenobiotic stimulus,0.4241468259134929,162,34,1,0.029411764705882353,3.477487291212782,ENSSSCG00000009889
Lung,GO:BP,GO:0042594,response to starvation,0.4247337063583347,163,34,1,0.029411764705882353,3.4561530133525804,ENSSSCG00000024800
Lung,GO:BP,GO:0031503,protein-containing complex localization,0.4247337063583347,163,34,1,0.029411764705882353,3.4561530133525804,ENSSSCG00000004469
Lung,GO:BP,GO:0051216,cartilage development,0.42614766137169907,164,34,1,0.029411764705882353,3.4350789096126255,ENSSSCG00000005190
Lung,GO:BP,GO:0030324,lung development,0.42878740181793723,166,34,1,0.029411764705882353,3.3936924167257265,ENSSSCG00000005190
Lung,GO:BP,GO:0048731,system development,0.42878740181793723,2927,34,7,0.20588235294117646,1.3472738600052252,"ENSSSCG00000006902,ENSSSCG00000011795,ENSSSCG00000005190,ENSSSCG00000036695,ENSSSCG00000010144,ENSSSCG00000010219,ENSSSCG00000010385"
Lung,GO:BP,GO:0008283,cell population proliferation,0.42878740181793723,1456,34,4,0.11764705882352941,1.5476729153199742,"ENSSSCG00000005190,ENSSSCG00000005015,ENSSSCG00000035170,ENSSSCG00000010385"
Lung,GO:BP,GO:0007160,cell-matrix adhesion,0.4305639832381833,169,34,1,0.029411764705882353,3.3334493560737903,ENSSSCG00000010144
Lung,GO:BP,GO:0030323,respiratory tube development,0.4305639832381833,169,34,1,0.029411764705882353,3.3334493560737903,ENSSSCG00000005190
Lung,GO:BP,GO:0008406,gonad development,0.4305639832381833,168,34,1,0.029411764705882353,3.3532913165266107,ENSSSCG00000010219
Lung,GO:BP,GO:1901700,response to oxygen-containing compound,0.4305639832381833,997,34,3,0.08823529411764706,1.6951442562983068,"ENSSSCG00000006902,ENSSSCG00000005015,ENSSSCG00000010144"
Lung,GO:BP,GO:0007626,locomotory behavior,0.4305639832381833,168,34,1,0.029411764705882353,3.3532913165266107,ENSSSCG00000006243
Lung,GO:BP,GO:0080134,regulation of response to stress,0.43231270248244674,1002,34,3,0.08823529411764706,1.6866854526241637,"ENSSSCG00000006902,ENSSSCG00000009569,ENSSSCG00000035170"
Lung,GO:BP,GO:0007275,multicellular organism development,0.43243215291406595,3461,34,8,0.23529411764705882,1.3021738021992963,"ENSSSCG00000006902,ENSSSCG00000011795,ENSSSCG00000005190,ENSSSCG00000005015,ENSSSCG00000036695,ENSSSCG00000010144,ENSSSCG00000010219,ENSSSCG00000010385"
Lung,GO:BP,GO:0021953,central nervous system neuron differentiation,0.43243215291406595,171,34,1,0.029411764705882353,3.2944616443068453,ENSSSCG00000005190
Lung,GO:BP,GO:0045137,development of primary sexual characteristics,0.4329374326348955,172,34,1,0.029411764705882353,3.2753077975376197,ENSSSCG00000010219
Lung,GO:BP,GO:0051254,positive regulation of RNA metabolic process,0.4329374326348955,1474,34,4,0.11764705882352941,1.5287732460691197,"ENSSSCG00000009101,ENSSSCG00000005190,ENSSSCG00000010144,ENSSSCG00000010219"
Lung,GO:BP,GO:0043542,endothelial cell migration,0.4364143355662494,174,34,1,0.029411764705882353,3.2376605814739685,ENSSSCG00000010385
Lung,GO:BP,GO:0051668,localization within membrane,0.43680382163208925,569,34,2,0.058823529411764705,1.9801509355939213,"ENSSSCG00000033688,ENSSSCG00000010144"
Lung,GO:BP,GO:0022402,cell cycle process,0.43680382163208925,1016,34,3,0.08823529411764706,1.6634437239462716,"ENSSSCG00000005190,ENSSSCG00000001840,ENSSSCG00000017193"
Lung,GO:BP,GO:0010604,positive regulation of macromolecule metabolic process,0.43680382163208925,2467,34,6,0.17647058823529413,1.3701328119411527,"ENSSSCG00000011795,ENSSSCG00000009101,ENSSSCG00000005190,ENSSSCG00000036695,ENSSSCG00000010144,ENSSSCG00000010219"
Lung,GO:BP,GO:0006811,monoatomic ion transport,0.4407212115213008,1022,34,3,0.08823529411764706,1.6536779095199725,"ENSSSCG00000021988,ENSSSCG00000016469,ENSSSCG00000010144"
Lung,GO:BP,GO:0030036,actin cytoskeleton organization,0.44141907855326457,576,34,2,0.058823529411764705,1.9560866013071896,"ENSSSCG00000010144,ENSSSCG00000003218"
Lung,GO:BP,GO:0032868,response to insulin,0.4420395620128126,179,34,1,0.029411764705882353,3.1472231350640816,ENSSSCG00000005015
Lung,GO:BP,GO:0010001,glial cell differentiation,0.4424707046908084,180,34,1,0.029411764705882353,3.1297385620915033,ENSSSCG00000005190
Lung,GO:BP,GO:0031669,cellular response to nutrient levels,0.4424707046908084,180,34,1,0.029411764705882353,3.1297385620915033,ENSSSCG00000024800
Lung,GO:BP,GO:0007051,spindle organization,0.44581235316230916,182,34,1,0.029411764705882353,3.0953458306399484,ENSSSCG00000001840
Lung,REAC,REAC:R-SSC-196854,Metabolism of vitamins and cofactors,0.44648917804485155,157,17,1,0.058823529411764705,2.9201948295241666,ENSSSCG00000001596
Lung,KEGG,KEGG:04010,MAPK signaling pathway,0.44662931277038836,290,15,1,0.06666666666666667,1.9439080459770117,ENSSSCG00000005015
Lung,GO:BP,GO:0031348,negative regulation of defense response,0.4474480047461008,184,34,1,0.029411764705882353,3.061700767263427,ENSSSCG00000035170
Lung,GO:BP,GO:1903047,mitotic cell cycle process,0.4474480047461008,586,34,2,0.058823529411764705,1.9227062838787392,"ENSSSCG00000005190,ENSSSCG00000001840"
Lung,GO:BP,GO:0001667,ameboidal-type cell migration,0.4474480047461008,184,34,1,0.029411764705882353,3.061700767263427,ENSSSCG00000010219
Lung,GO:BP,GO:0045444,fat cell differentiation,0.4478362236719559,185,34,1,0.029411764705882353,3.0451510333863276,ENSSSCG00000010219
Lung,GO:BP,GO:0006959,humoral immune response,0.4478362236719559,185,34,1,0.029411764705882353,3.0451510333863276,ENSSSCG00000035170
Lung,REAC,REAC:R-SSC-109582,Hemostasis,0.44804525533427453,541,17,2,0.11764705882352941,1.6949005110362076,"ENSSSCG00000030821,ENSSSCG00000010144"
Lung,REAC,REAC:R-SSC-1428517,Aerobic respiration and respiratory electron transport,0.44804525533427453,182,17,1,0.058823529411764705,2.5190691661279896,ENSSSCG00000037869
Lung,REAC,REAC:R-SSC-202733,Cell surface interactions at the vascular wall,0.44804525533427453,178,17,1,0.058823529411764705,2.575677461996034,ENSSSCG00000030821
Lung,REAC,REAC:R-SSC-9013149,RAC1 GTPase cycle,0.44804525533427453,162,17,1,0.058823529411764705,2.8300653594771243,ENSSSCG00000005015
Lung,REAC,REAC:R-SSC-1483257,Phospholipid metabolism,0.44804525533427453,170,17,1,0.058823529411764705,2.6968858131487887,ENSSSCG00000025901
Lung,REAC,REAC:R-SSC-198933,Immunoregulatory interactions between a Lymphoid and a non-Lymphoid cell,0.44804525533427453,172,17,1,0.058823529411764705,2.6655266757865936,ENSSSCG00000002078
Lung,REAC,REAC:R-SSC-4839726,Chromatin organization,0.44804525533427453,187,17,1,0.058823529411764705,2.451714375589808,ENSSSCG00000010219
Lung,REAC,REAC:R-SSC-211859,Biological oxidations,0.44804525533427453,172,17,1,0.058823529411764705,2.6655266757865936,ENSSSCG00000009889
Lung,REAC,REAC:R-SSC-3247509,Chromatin modifying enzymes,0.44804525533427453,187,17,1,0.058823529411764705,2.451714375589808,ENSSSCG00000010219
Lung,GO:BP,GO:0010038,response to metal ion,0.44821800032273074,186,34,1,0.029411764705882353,3.0287792536369387,ENSSSCG00000016469
Lung,GO:BP,GO:0060541,respiratory system development,0.44821800032273074,186,34,1,0.029411764705882353,3.0287792536369387,ENSSSCG00000005190
Lung,GO:BP,GO:0021537,telencephalon development,0.4506222859786413,188,34,1,0.029411764705882353,2.996558197747184,ENSSSCG00000005190
Lung,GO:BP,GO:0098742,cell-cell adhesion via plasma-membrane adhesion molecules,0.4506222859786413,188,34,1,0.029411764705882353,2.996558197747184,ENSSSCG00000024800
Lung,KEGG,KEGG:05016,Huntington disease,0.45073772558439734,298,15,1,0.06666666666666667,1.8917225950782999,ENSSSCG00000037869
Lung,GO:BP,GO:0032496,response to lipopolysaccharide,0.4509804192515355,189,34,1,0.029411764705882353,2.980703392468098,ENSSSCG00000006902
Lung,GO:BP,GO:0007411,axon guidance,0.4509804192515355,189,34,1,0.029411764705882353,2.980703392468098,ENSSSCG00000005190
Lung,GO:BP,GO:0002376,immune system process,0.45114500090857185,2023,34,5,0.14705882352941177,1.3923700968276584,"ENSSSCG00000006902,ENSSSCG00000032810,ENSSSCG00000009569,ENSSSCG00000005015,ENSSSCG00000035170"
Lung,GO:BP,GO:0006813,potassium ion transport,0.45250562817208573,191,34,1,0.029411764705882353,2.949491838620265,ENSSSCG00000010144
Lung,GO:BP,GO:0097485,neuron projection guidance,0.45250562817208573,191,34,1,0.029411764705882353,2.949491838620265,ENSSSCG00000005190
Lung,GO:BP,GO:0080090,regulation of primary metabolic process,0.456629025862507,4098,34,9,0.2647058823529412,1.2372319352338301,"ENSSSCG00000006902,ENSSSCG00000011795,ENSSSCG00000009569,ENSSSCG00000009101,ENSSSCG00000005190,ENSSSCG00000036695,ENSSSCG00000010144,ENSSSCG00000009889,ENSSSCG00000010219"
Lung,GO:BP,GO:0045333,cellular respiration,0.456629025862507,194,34,1,0.029411764705882353,2.9038811400849,ENSSSCG00000037869
Lung,GO:BP,GO:0006486,protein glycosylation,0.456629025862507,195,34,1,0.029411764705882353,2.888989441930618,ENSSSCG00000021988
Lung,GO:BP,GO:0043413,macromolecule glycosylation,0.456629025862507,195,34,1,0.029411764705882353,2.888989441930618,ENSSSCG00000021988
Lung,GO:BP,GO:0070887,cellular response to chemical stimulus,0.456629025862507,1549,34,4,0.11764705882352941,1.4547525918049595,"ENSSSCG00000006902,ENSSSCG00000005015,ENSSSCG00000010144,ENSSSCG00000009889"
Lung,GO:BP,GO:0046649,lymphocyte activation,0.46050335363506734,614,34,2,0.058823529411764705,1.835025867024334,"ENSSSCG00000005015,ENSSSCG00000035170"
Lung,GO:BP,GO:0048705,skeletal system morphogenesis,0.46050335363506734,198,34,1,0.029411764705882353,2.8452168746286395,ENSSSCG00000010219
Lung,KEGG,KEGG:05165,Human papillomavirus infection,0.4613881853490819,312,15,1,0.06666666666666667,1.8068376068376069,ENSSSCG00000005015
Lung,GO:BP,GO:0006810,transport,0.46224032389896613,3595,34,8,0.23529411764705882,1.2536365867626604,"ENSSSCG00000011795,ENSSSCG00000004469,ENSSSCG00000021988,ENSSSCG00000011491,ENSSSCG00000008874,ENSSSCG00000016469,ENSSSCG00000036695,ENSSSCG00000010144"
Lung,GO:BP,GO:0002237,response to molecule of bacterial origin,0.4640757635676783,202,34,1,0.029411764705882353,2.7888759464181714,ENSSSCG00000006902
Lung,GO:BP,GO:0032386,regulation of intracellular transport,0.4640757635676783,202,34,1,0.029411764705882353,2.7888759464181714,ENSSSCG00000010144
Lung,GO:BP,GO:0048511,rhythmic process,0.4640757635676783,201,34,1,0.029411764705882353,2.8027509511267192,ENSSSCG00000009569
Lung,GO:BP,GO:0001818,negative regulation of cytokine production,0.4640757635676783,202,34,1,0.029411764705882353,2.7888759464181714,ENSSSCG00000035170
Lung,GO:BP,GO:0002221,pattern recognition receptor signaling pathway,0.4645747920803771,204,34,1,0.029411764705882353,2.7615340253748557,ENSSSCG00000006902
Lung,GO:BP,GO:0010629,negative regulation of gene expression,0.4645747920803771,1090,34,3,0.08823529411764706,1.5505126821370752,"ENSSSCG00000011795,ENSSSCG00000036695,ENSSSCG00000035170"
Lung,GO:BP,GO:0032259,methylation,0.4645747920803771,204,34,1,0.029411764705882353,2.7615340253748557,ENSSSCG00000009101
Lung,GO:BP,GO:1901136,carbohydrate derivative catabolic process,0.4645747920803771,203,34,1,0.029411764705882353,2.775137641263402,ENSSSCG00000015775
Lung,GO:BP,GO:0009653,anatomical structure morphogenesis,0.465268522638851,2077,34,5,0.14705882352941177,1.356169815061316,"ENSSSCG00000005190,ENSSSCG00000010144,ENSSSCG00000010219,ENSSSCG00000010385,ENSSSCG00000003218"
Lung,GO:BP,GO:0040007,growth,0.46650919954284076,629,34,2,0.058823529411764705,1.7912653137566632,"ENSSSCG00000005360,ENSSSCG00000010219"
Lung,GO:BP,GO:0050890,cognition,0.46775616815020554,207,34,1,0.029411764705882353,2.7215117931230464,ENSSSCG00000021988
Lung,GO:BP,GO:0032984,protein-containing complex disassembly,0.467975777474791,208,34,1,0.029411764705882353,2.7084276018099547,ENSSSCG00000010144
Lung,GO:BP,GO:0007548,sex differentiation,0.467975777474791,208,34,1,0.029411764705882353,2.7084276018099547,ENSSSCG00000010219
Lung,GO:BP,GO:0007162,negative regulation of cell adhesion,0.4686348087664977,209,34,1,0.029411764705882353,2.695468618069237,ENSSSCG00000035170
Lung,GO:BP,GO:0006260,DNA replication,0.4686348087664977,210,34,1,0.029411764705882353,2.6826330532212883,ENSSSCG00000005190
Lung,GO:BP,GO:0046907,intracellular transport,0.4686348087664977,1106,34,3,0.08823529411764706,1.5280821189235188,"ENSSSCG00000004469,ENSSSCG00000011491,ENSSSCG00000010144"
Lung,GO:BP,GO:0002758,innate immune response-activating signaling pathway,0.4686348087664977,210,34,1,0.029411764705882353,2.6826330532212883,ENSSSCG00000006902
Lung,GO:BP,GO:0090150,establishment of protein localization to membrane,0.46942533679307535,211,34,1,0.029411764705882353,2.669919152495121,ENSSSCG00000033688
Lung,GO:BP,GO:0010468,regulation of gene expression,0.4716803838779837,4181,34,9,0.2647058823529412,1.2126707655078295,"ENSSSCG00000006902,ENSSSCG00000011795,ENSSSCG00000009569,ENSSSCG00000009101,ENSSSCG00000005190,ENSSSCG00000036695,ENSSSCG00000010144,ENSSSCG00000010219,ENSSSCG00000035170"
Lung,GO:BP,GO:0010959,regulation of metal ion transport,0.47328185769302566,214,34,1,0.029411764705882353,2.632490379329302,ENSSSCG00000010144
Lung,GO:BP,GO:0010608,post-transcriptional regulation of gene expression,0.47345834789348173,646,34,2,0.058823529411764705,1.7441267528683302,"ENSSSCG00000011795,ENSSSCG00000036695"
Lung,GO:BP,GO:0110053,regulation of actin filament organization,0.47345834789348173,215,34,1,0.029411764705882353,2.620246238030096,ENSSSCG00000010144
Lung,GO:BP,GO:0045935,positive regulation of nucleobase-containing compound metabolic process,0.47442952275201844,1612,34,4,0.11764705882352941,1.3978981170632025,"ENSSSCG00000009101,ENSSSCG00000005190,ENSSSCG00000010144,ENSSSCG00000010219"
Lung,GO:BP,GO:0070085,glycosylation,0.4754322326873557,217,34,1,0.029411764705882353,2.596096503117376,ENSSSCG00000021988
Lung,GO:BP,GO:0098662,inorganic cation transmembrane transport,0.4755888577747535,651,34,2,0.058823529411764705,1.7307310020782507,"ENSSSCG00000021988,ENSSSCG00000016469"
Lung,GO:BP,GO:0006936,muscle contraction,0.4755888577747535,218,34,1,0.029411764705882353,2.584187803561792,ENSSSCG00000024800
Lung,REAC,REAC:R-SSC-194315,Signaling by Rho GTPases,0.4827555681364056,587,17,2,0.11764705882352941,1.5620803687744262,"ENSSSCG00000037869,ENSSSCG00000005015"
Lung,REAC,REAC:R-SSC-9716542,"Signaling by Rho GTPases, Miro GTPases and RHOBTB3",0.48316512663995764,594,17,2,0.11764705882352941,1.5436720142602496,"ENSSSCG00000037869,ENSSSCG00000005015"
Lung,GO:BP,GO:0045165,cell fate commitment,0.48368830110174316,223,34,1,0.029411764705882353,2.5262463729886573,ENSSSCG00000005190
Lung,KEGG,KEGG:04151,PI3K-Akt signaling pathway,0.48398730610235396,338,15,1,0.06666666666666667,1.6678500986193292,ENSSSCG00000005015
Lung,KEGG,KEGG:04080,Neuroactive ligand-receptor interaction,0.48398730610235396,343,15,1,0.06666666666666667,1.6435374149659865,ENSSSCG00000006243
Lung,GO:BP,GO:0140014,mitotic nuclear division,0.48462845962569756,224,34,1,0.029411764705882353,2.514968487394958,ENSSSCG00000005190
Lung,GO:BP,GO:0035239,tube morphogenesis,0.48515483842712576,664,34,2,0.058823529411764705,1.6968462083628633,"ENSSSCG00000005190,ENSSSCG00000010385"
Lung,KEGG,KEGG:05014,Amyotrophic lateral sclerosis,0.4856971146046434,350,15,1,0.06666666666666667,1.6106666666666665,ENSSSCG00000037869
Lung,GO:BP,GO:0046879,hormone secretion,0.4864898912258003,226,34,1,0.029411764705882353,2.492712129099427,ENSSSCG00000016469
Lung,REAC,REAC:R-SSC-72203,Processing of Capped Intron-Containing Pre-mRNA,0.48728051245323034,221,17,1,0.058823529411764705,2.0745275485759915,ENSSSCG00000011491
Lung,REAC,REAC:R-SSC-76002,"Platelet activation, signaling and aggregation",0.48728051245323034,223,17,1,0.058823529411764705,2.0559219203376418,ENSSSCG00000010144
Lung,GO:BP,GO:0048608,reproductive structure development,0.4883263915997252,228,34,1,0.029411764705882353,2.470846233230134,ENSSSCG00000010219
Lung,GO:BP,GO:0006605,protein targeting,0.4883263915997252,228,34,1,0.029411764705882353,2.470846233230134,ENSSSCG00000033688
Lung,GO:BP,GO:0010556,regulation of macromolecule biosynthetic process,0.4889239172779739,4253,34,9,0.2647058823529412,1.192141187535442,"ENSSSCG00000006902,ENSSSCG00000011795,ENSSSCG00000009569,ENSSSCG00000009101,ENSSSCG00000005190,ENSSSCG00000036695,ENSSSCG00000010144,ENSSSCG00000010219,ENSSSCG00000035170"
Lung,GO:BP,GO:0061458,reproductive system development,0.4901378079814857,231,34,1,0.029411764705882353,2.4387573211102622,ENSSSCG00000010219
Lung,GO:BP,GO:0098655,monoatomic cation transmembrane transport,0.4901378079814857,676,34,2,0.058823529411764705,1.6667246780368952,"ENSSSCG00000021988,ENSSSCG00000016469"
Lung,GO:BP,GO:0070588,calcium ion transmembrane transport,0.4901378079814857,230,34,1,0.029411764705882353,2.4493606138107418,ENSSSCG00000016469
Lung,GO:BP,GO:0006355,regulation of DNA-templated transcription,0.4901378079814857,2683,34,6,0.17647058823529413,1.2598276731490212,"ENSSSCG00000006902,ENSSSCG00000009569,ENSSSCG00000009101,ENSSSCG00000005190,ENSSSCG00000010144,ENSSSCG00000010219"
Lung,GO:BP,GO:2001141,regulation of RNA biosynthetic process,0.49219158568225224,2689,34,6,0.17647058823529413,1.257016603591976,"ENSSSCG00000006902,ENSSSCG00000009569,ENSSSCG00000009101,ENSSSCG00000005190,ENSSSCG00000010144,ENSSSCG00000010219"
Lung,GO:BP,GO:0048869,cellular developmental process,0.4923030827795719,3235,34,7,0.20588235294117646,1.2190017274297662,"ENSSSCG00000006902,ENSSSCG00000031648,ENSSSCG00000005190,ENSSSCG00000005015,ENSSSCG00000010144,ENSSSCG00000010219,ENSSSCG00000003218"
Lung,GO:BP,GO:0032502,developmental process,0.4923030827795719,4832,34,10,0.29411764705882354,1.1658794312426959,"ENSSSCG00000006902,ENSSSCG00000011795,ENSSSCG00000031648,ENSSSCG00000005190,ENSSSCG00000005015,ENSSSCG00000036695,ENSSSCG00000010144,ENSSSCG00000010219,ENSSSCG00000010385,ENSSSCG00000003218"
Lung,GO:BP,GO:1901698,response to nitrogen compound,0.4923030827795719,681,34,2,0.058823529411764705,1.6544873455990325,"ENSSSCG00000005015,ENSSSCG00000010144"
Lung,GO:BP,GO:0002449,lymphocyte mediated immunity,0.4923030827795719,241,34,1,0.029411764705882353,2.337564071271662,ENSSSCG00000032810
Lung,GO:BP,GO:1902105,regulation of leukocyte differentiation,0.4923030827795719,236,34,1,0.029411764705882353,2.387088733798604,ENSSSCG00000005015
Lung,GO:BP,GO:0006650,glycerophospholipid metabolic process,0.4923030827795719,242,34,1,0.029411764705882353,2.3279047156052504,ENSSSCG00000025901
Lung,GO:BP,GO:0001558,regulation of cell growth,0.4923030827795719,238,34,1,0.029411764705882353,2.367029164607019,ENSSSCG00000005360
Lung,GO:BP,GO:0042063,gliogenesis,0.4923030827795719,239,34,1,0.029411764705882353,2.3571252768889983,ENSSSCG00000005190
Lung,GO:BP,GO:0042127,regulation of cell population proliferation,0.4923030827795719,1183,34,3,0.08823529411764706,1.428621152603053,"ENSSSCG00000005190,ENSSSCG00000005015,ENSSSCG00000035170"
Lung,GO:BP,GO:0007517,muscle organ development,0.4923030827795719,237,34,1,0.029411764705882353,2.377016629436585,ENSSSCG00000010219
Lung,GO:BP,GO:0016197,endosomal transport,0.4923030827795719,240,34,1,0.029411764705882353,2.3473039215686273,ENSSSCG00000010144
Lung,GO:BP,GO:0030217,T cell differentiation,0.4923030827795719,237,34,1,0.029411764705882353,2.377016629436585,ENSSSCG00000005015
Lung,GO:BP,GO:0006796,phosphate-containing compound metabolic process,0.4923030827795719,1182,34,3,0.08823529411764706,1.4298297999402807,"ENSSSCG00000025901,ENSSSCG00000001596,ENSSSCG00000015775"
Lung,GO:BP,GO:0030154,cell differentiation,0.4923030827795719,3235,34,7,0.20588235294117646,1.2190017274297662,"ENSSSCG00000006902,ENSSSCG00000031648,ENSSSCG00000005190,ENSSSCG00000005015,ENSSSCG00000010144,ENSSSCG00000010219,ENSSSCG00000003218"
Lung,GO:BP,GO:0009914,hormone transport,0.4923030827795719,235,34,1,0.029411764705882353,2.397246558197747,ENSSSCG00000016469
Lung,GO:BP,GO:0009893,positive regulation of metabolic process,0.4923030827795719,2699,34,6,0.17647058823529413,1.2523592616001569,"ENSSSCG00000011795,ENSSSCG00000009101,ENSSSCG00000005190,ENSSSCG00000036695,ENSSSCG00000010144,ENSSSCG00000010219"
Lung,GO:BP,GO:0001822,kidney development,0.4923030827795719,242,34,1,0.029411764705882353,2.3279047156052504,ENSSSCG00000010219
Lung,GO:BP,GO:0097435,supramolecular fiber organization,0.4923030827795719,687,34,2,0.058823529411764705,1.6400376744584295,"ENSSSCG00000010144,ENSSSCG00000003218"
Lung,GO:BP,GO:0098609,cell-cell adhesion,0.49324882502442735,698,34,2,0.058823529411764705,1.614191808528569,"ENSSSCG00000024800,ENSSSCG00000035170"
Lung,GO:BP,GO:0006793,phosphorus metabolic process,0.49324882502442735,1186,34,3,0.08823529411764706,1.4250074397381212,"ENSSSCG00000025901,ENSSSCG00000001596,ENSSSCG00000015775"
Lung,GO:BP,GO:0006974,DNA damage response,0.49335247846854147,699,34,2,0.058823529411764705,1.6118825212488428,"ENSSSCG00000006902,ENSSSCG00000017193"
Lung,GO:BP,GO:0007166,cell surface receptor signaling pathway,0.49519251083035,2212,34,5,0.14705882352941177,1.273401765769599,"ENSSSCG00000006902,ENSSSCG00000015297,ENSSSCG00000005015,ENSSSCG00000010219,ENSSSCG00000017193"
Lung,GO:BP,GO:0031175,neuron projection development,0.49717432205492534,705,34,2,0.058823529411764705,1.5981643721318313,"ENSSSCG00000006902,ENSSSCG00000005190"
Lung,GO:BP,GO:0002460,adaptive immune response based on somatic recombination of immune receptors built from immunoglobulin superfamily domains,0.4971789334344715,248,34,1,0.029411764705882353,2.271584440227704,ENSSSCG00000032810
Lung,GO:BP,GO:0051051,negative regulation of transport,0.49797253977098443,249,34,1,0.029411764705882353,2.2624616111504845,ENSSSCG00000010144
Lung,KEGG,KEGG:05010,Alzheimer disease,0.4980883965475892,368,15,1,0.06666666666666667,1.5318840579710145,ENSSSCG00000037869
Lung,GO:BP,GO:0098813,nuclear chromosome segregation,0.5003213472575843,252,34,1,0.029411764705882353,2.235527544351074,ENSSSCG00000001840
Lung,GO:BP,GO:0009101,glycoprotein biosynthetic process,0.5003213472575843,252,34,1,0.029411764705882353,2.235527544351074,ENSSSCG00000021988
Lung,GO:BP,GO:0043269,regulation of monoatomic ion transport,0.5003213472575843,252,34,1,0.029411764705882353,2.235527544351074,ENSSSCG00000010144
Lung,GO:BP,GO:0032535,regulation of cellular component size,0.50105529162626,254,34,1,0.029411764705882353,2.217924965261695,ENSSSCG00000010144
Lung,GO:BP,GO:0072001,renal system development,0.50105529162626,253,34,1,0.029411764705882353,2.2266914671006743,ENSSSCG00000010219
Lung,GO:BP,GO:0055074,calcium ion homeostasis,0.50105529162626,254,34,1,0.029411764705882353,2.217924965261695,ENSSSCG00000016469
Lung,REAC,REAC:R-SSC-5684996,MAPK1/MAPK3 signaling,0.5051755164337717,242,17,1,0.058823529411764705,1.8945065629557607,ENSSSCG00000010144
Lung,REAC,REAC:R-SSC-5673001,RAF/MAP kinase cascade,0.5051755164337717,239,17,1,0.058823529411764705,1.9182869800639921,ENSSSCG00000010144
Lung,GO:BP,GO:0010975,regulation of neuron projection development,0.5078252422123989,259,34,1,0.029411764705882353,2.1751078809902338,ENSSSCG00000006902
Lung,GO:BP,GO:0045321,leukocyte activation,0.5078252422123989,726,34,2,0.058823529411764705,1.551936477070167,"ENSSSCG00000005015,ENSSSCG00000035170"
Lung,GO:BP,GO:0019538,protein metabolic process,0.5101075541308786,3318,34,7,0.20588235294117646,1.1885083147182924,"ENSSSCG00000011795,ENSSSCG00000021988,ENSSSCG00000015297,ENSSSCG00000001596,ENSSSCG00000032810,ENSSSCG00000036695,ENSSSCG00000033326"
Lung,GO:BP,GO:0006066,alcohol metabolic process,0.5101075541308786,262,34,1,0.029411764705882353,2.1502020655590477,ENSSSCG00000009889
Lung,GO:BP,GO:0048584,positive regulation of response to stimulus,0.5101075541308786,1743,34,4,0.11764705882352941,1.2928352063717052,"ENSSSCG00000006902,ENSSSCG00000009569,ENSSSCG00000033326,ENSSSCG00000035170"
Lung,GO:BP,GO:0032501,multicellular organismal process,0.5106320252198653,6574,34,13,0.38235294117647056,1.1140231571789043,"ENSSSCG00000006902,ENSSSCG00000011795,ENSSSCG00000024800,ENSSSCG00000021988,ENSSSCG00000005190,ENSSSCG00000005015,ENSSSCG00000016469,ENSSSCG00000036695,ENSSSCG00000010144,ENSSSCG00000010219,ENSSSCG00000035170,ENSSSCG00000010385,ENSSSCG00000006243"
Lung,GO:BP,GO:0030198,extracellular matrix organization,0.5106688401618737,266,34,1,0.029411764705882353,2.1178681999115434,ENSSSCG00000009101
Lung,GO:BP,GO:0045229,external encapsulating structure organization,0.5106688401618737,266,34,1,0.029411764705882353,2.1178681999115434,ENSSSCG00000009101
Lung,GO:BP,GO:0051169,nuclear transport,0.5106688401618737,265,34,1,0.029411764705882353,2.1258601553829077,ENSSSCG00000011491
Lung,GO:BP,GO:0032956,regulation of actin cytoskeleton organization,0.5106688401618737,265,34,1,0.029411764705882353,2.1258601553829077,ENSSSCG00000010144
Lung,GO:BP,GO:0006913,nucleocytoplasmic transport,0.5106688401618737,265,34,1,0.029411764705882353,2.1258601553829077,ENSSSCG00000011491
Lung,GO:BP,GO:0098660,inorganic ion transmembrane transport,0.5112636001211349,741,34,2,0.058823529411764705,1.5205207589108518,"ENSSSCG00000021988,ENSSSCG00000016469"
Lung,GO:BP,GO:0043062,extracellular structure organization,0.5112636001211349,268,34,1,0.029411764705882353,2.1020632133450396,ENSSSCG00000009101
Lung,GO:BP,GO:0003012,muscle system process,0.5112636001211349,268,34,1,0.029411764705882353,2.1020632133450396,ENSSSCG00000024800
Lung,GO:BP,GO:0048872,homeostasis of number of cells,0.5117269677364756,271,34,1,0.029411764705882353,2.0787931408725853,ENSSSCG00000005015
Lung,GO:BP,GO:0031667,response to nutrient levels,0.5117269677364756,270,34,1,0.029411764705882353,2.0864923747276687,ENSSSCG00000024800
Lung,GO:BP,GO:0051179,localization,0.5117269677364756,4427,34,9,0.2647058823529412,1.1452849493083885,"ENSSSCG00000011795,ENSSSCG00000004469,ENSSSCG00000021988,ENSSSCG00000011491,ENSSSCG00000008874,ENSSSCG00000016469,ENSSSCG00000036695,ENSSSCG00000033688,ENSSSCG00000010144"
Lung,GO:BP,GO:0007010,cytoskeleton organization,0.5117269677364756,1249,34,3,0.08823529411764706,1.3531295624735085,"ENSSSCG00000010144,ENSSSCG00000001840,ENSSSCG00000003218"
Lung,GO:BP,GO:0006351,DNA-templated transcription,0.5117269677364756,2814,34,6,0.17647058823529413,1.2011789790543084,"ENSSSCG00000006902,ENSSSCG00000009569,ENSSSCG00000009101,ENSSSCG00000005190,ENSSSCG00000010144,ENSSSCG00000010219"
Lung,GO:BP,GO:1903037,regulation of leukocyte cell-cell adhesion,0.5135001427223355,273,34,1,0.029411764705882353,2.0635638870932986,ENSSSCG00000035170
Lung,GO:BP,GO:0007399,nervous system development,0.5135001427223355,1772,34,4,0.11764705882352941,1.2716770681184437,"ENSSSCG00000006902,ENSSSCG00000011795,ENSSSCG00000005190,ENSSSCG00000036695"
Lung,GO:BP,GO:0015980,energy derivation by oxidation of organic compounds,0.5137481821636745,274,34,1,0.029411764705882353,2.0560326320309144,ENSSSCG00000037869
Lung,GO:BP,GO:0031589,cell-substrate adhesion,0.5158698040572772,276,34,1,0.029411764705882353,2.0411338448422844,ENSSSCG00000010144
Lung,REAC,REAC:R-SSC-449147,Signaling by Interleukins,0.5171714847351445,254,17,1,0.058823529411764705,1.8050023158869848,ENSSSCG00000005015
Lung,GO:BP,GO:0032102,negative regulation of response to external stimulus,0.5171753507489765,278,34,1,0.029411764705882353,2.0264494286923402,ENSSSCG00000035170
Lung,GO:BP,GO:0051241,negative regulation of multicellular organismal process,0.5171753507489765,758,34,2,0.058823529411764705,1.4864193698587613,"ENSSSCG00000005190,ENSSSCG00000035170"
Lung,REAC,REAC:R-SSC-5683057,MAPK family signaling cascades,0.519434020152221,260,17,1,0.058823529411764705,1.7633484162895927,ENSSSCG00000010144
Lung,GO:BP,GO:0051128,regulation of cellular component organization,0.5210797905355408,1793,34,4,0.11764705882352941,1.2567829139463929,"ENSSSCG00000006902,ENSSSCG00000009101,ENSSSCG00000005360,ENSSSCG00000010144"
Lung,GO:BP,GO:0030900,forebrain development,0.5250665098725593,285,34,1,0.029411764705882353,1.9766769865841074,ENSSSCG00000005190
Lung,GO:BP,GO:0048856,anatomical structure development,0.5250665098725593,4485,34,9,0.2647058823529412,1.1304741294511116,"ENSSSCG00000006902,ENSSSCG00000011795,ENSSSCG00000005190,ENSSSCG00000005015,ENSSSCG00000036695,ENSSSCG00000010144,ENSSSCG00000010219,ENSSSCG00000010385,ENSSSCG00000003218"
Lung,GO:BP,GO:0007167,enzyme-linked receptor protein signaling pathway,0.5250665098725593,771,34,2,0.058823529411764705,1.4613565270466162,"ENSSSCG00000005015,ENSSSCG00000010219"
Lung,GO:BP,GO:0014706,striated muscle tissue development,0.527443098835124,288,34,1,0.029411764705882353,1.9560866013071896,ENSSSCG00000010144
Lung,GO:BP,GO:0016049,cell growth,0.5286397721023018,290,34,1,0.029411764705882353,1.9425963488843814,ENSSSCG00000005360
Lung,GO:BP,GO:0050678,regulation of epithelial cell proliferation,0.5286397721023018,290,34,1,0.029411764705882353,1.9425963488843814,ENSSSCG00000005190
Lung,GO:BP,GO:0033036,macromolecule localization,0.5299672421126695,2350,34,5,0.14705882352941177,1.1986232790988736,"ENSSSCG00000011795,ENSSSCG00000011491,ENSSSCG00000036695,ENSSSCG00000033688,ENSSSCG00000010144"
Lung,GO:BP,GO:1901135,carbohydrate derivative metabolic process,0.5304220775588916,783,34,2,0.058823529411764705,1.4389602584328751,"ENSSSCG00000021988,ENSSSCG00000015775"
Lung,GO:BP,GO:0002697,regulation of immune effector process,0.5331728662480317,295,34,1,0.029411764705882353,1.9096709870388833,ENSSSCG00000035170
Lung,GO:BP,GO:0006816,calcium ion transport,0.5370515251469592,299,34,1,0.029411764705882353,1.884123549085186,ENSSSCG00000016469
Lung,GO:BP,GO:0009894,regulation of catabolic process,0.5370515251469592,794,34,2,0.058823529411764705,1.4190250407467773,"ENSSSCG00000011795,ENSSSCG00000036695"
Lung,GO:BP,GO:1903706,regulation of hemopoiesis,0.5376045518299346,300,34,1,0.029411764705882353,1.877843137254902,ENSSSCG00000005015
Lung,GO:BP,GO:0002443,leukocyte mediated immunity,0.5381535213067871,301,34,1,0.029411764705882353,1.8716044557357827,ENSSSCG00000032810
Lung,GO:BP,GO:0055085,transmembrane transport,0.5404697259791985,1321,34,3,0.08823529411764706,1.2793783675468673,"ENSSSCG00000021988,ENSSSCG00000008874,ENSSSCG00000016469"
Lung,GO:BP,GO:1902903,regulation of supramolecular fiber organization,0.541936710662593,305,34,1,0.029411764705882353,1.8470588235294116,ENSSSCG00000010144
Lung,GO:BP,GO:0060537,muscle tissue development,0.5438056223676933,307,34,1,0.029411764705882353,1.835025867024334,ENSSSCG00000010144
Lung,GO:BP,GO:0007159,leukocyte cell-cell adhesion,0.5443254914950716,308,34,1,0.029411764705882353,1.8290679908326966,ENSSSCG00000035170
Lung,GO:BP,GO:0009100,glycoprotein metabolic process,0.5461711865664715,310,34,1,0.029411764705882353,1.817267552182163,ENSSSCG00000021988
Lung,GO:BP,GO:0006644,phospholipid metabolic process,0.5503471451602241,316,34,1,0.029411764705882353,1.7827624720774384,ENSSSCG00000025901
Lung,GO:BP,GO:0034220,monoatomic ion transmembrane transport,0.5503471451602241,823,34,2,0.058823529411764705,1.3690229433207062,"ENSSSCG00000021988,ENSSSCG00000016469"
Lung,GO:BP,GO:0009887,animal organ morphogenesis,0.5503471451602241,821,34,2,0.058823529411764705,1.3723579565809272,"ENSSSCG00000005190,ENSSSCG00000010219"
Lung,GO:BP,GO:0048522,positive regulation of cellular process,0.5503471451602241,4596,34,9,0.2647058823529412,1.1031715558285977,"ENSSSCG00000006902,ENSSSCG00000011795,ENSSSCG00000031648,ENSSSCG00000009101,ENSSSCG00000005190,ENSSSCG00000036695,ENSSSCG00000010144,ENSSSCG00000010219,ENSSSCG00000033326"
Lung,GO:BP,GO:0001775,cell activation,0.5503471451602241,819,34,2,0.058823529411764705,1.3757092580621992,"ENSSSCG00000005015,ENSSSCG00000035170"
Lung,GO:BP,GO:0044772,mitotic cell cycle phase transition,0.5530593168597336,319,34,1,0.029411764705882353,1.7659966808039829,ENSSSCG00000005190
Lung,GO:BP,GO:0048666,neuron development,0.5541898323875173,830,34,2,0.058823529411764705,1.3574769666902906,"ENSSSCG00000006902,ENSSSCG00000005190"
Lung,GO:BP,GO:0046486,glycerolipid metabolic process,0.5563903296525197,323,34,1,0.029411764705882353,1.7441267528683302,ENSSSCG00000025901
Lung,GO:BP,GO:0007017,microtubule-based process,0.5563903296525197,836,34,2,0.058823529411764705,1.3477343090346185,"ENSSSCG00000004469,ENSSSCG00000001840"
Lung,GO:BP,GO:0035295,tube development,0.5563903296525197,835,34,2,0.058823529411764705,1.3493483620993307,"ENSSSCG00000005190,ENSSSCG00000010385"
Lung,GO:BP,GO:0007059,chromosome segregation,0.5592011670464446,327,34,1,0.029411764705882353,1.7227918690411945,ENSSSCG00000001840
Lung,GO:BP,GO:0022411,cellular component disassembly,0.5646836317745554,332,34,1,0.029411764705882353,1.6968462083628633,ENSSSCG00000010144
Lung,GO:BP,GO:0048583,regulation of response to stimulus,0.5670144222415004,3016,34,6,0.17647058823529413,1.1207286628179123,"ENSSSCG00000006902,ENSSSCG00000009569,ENSSSCG00000005360,ENSSSCG00000033326,ENSSSCG00000035170,ENSSSCG00000017193"
Lung,GO:BP,GO:0019222,regulation of metabolic process,0.5678033810053105,5219,34,10,0.29411764705882354,1.0794269806025496,"ENSSSCG00000006902,ENSSSCG00000011795,ENSSSCG00000009569,ENSSSCG00000009101,ENSSSCG00000005190,ENSSSCG00000036695,ENSSSCG00000010144,ENSSSCG00000009889,ENSSSCG00000010219,ENSSSCG00000035170"
Lung,GO:BP,GO:0072359,circulatory system development,0.5683969788354298,860,34,2,0.058823529411764705,1.310123119015048,"ENSSSCG00000010144,ENSSSCG00000010385"
Lung,GO:BP,GO:0030098,lymphocyte differentiation,0.5683969788354298,337,34,1,0.029411764705882353,1.6716704485948681,ENSSSCG00000005015
Lung,GO:BP,GO:0033554,cellular response to stress,0.5683969788354298,1394,34,3,0.08823529411764706,1.2123807916279854,"ENSSSCG00000006902,ENSSSCG00000024800,ENSSSCG00000017193"
Lung,GO:BP,GO:0007409,axonogenesis,0.5683969788354298,339,34,1,0.029411764705882353,1.661808086066285,ENSSSCG00000005190
Lung,KEGG,KEGG:05022,Pathways of neurodegeneration - multiple diseases,0.5711296105200084,456,15,1,0.06666666666666667,1.2362573099415204,ENSSSCG00000037869
Lung,GO:BP,GO:0023061,signal release,0.5748959043596625,345,34,1,0.029411764705882353,1.6329070758738278,ENSSSCG00000016469
Lung,GO:BP,GO:0002757,immune response-activating signaling pathway,0.576011800347857,348,34,1,0.029411764705882353,1.6188302907369843,ENSSSCG00000006902
Lung,GO:BP,GO:0044057,regulation of system process,0.576011800347857,347,34,1,0.029411764705882353,1.6234955077131716,ENSSSCG00000024800
Lung,GO:BP,GO:0002250,adaptive immune response,0.576011800347857,348,34,1,0.029411764705882353,1.6188302907369843,ENSSSCG00000032810
Lung,GO:BP,GO:0071705,nitrogen compound transport,0.5788589224154165,1421,34,3,0.08823529411764706,1.1893447033986009,"ENSSSCG00000011795,ENSSSCG00000011491,ENSSSCG00000036695"
Lung,GO:BP,GO:0007154,cell communication,0.5795339410792559,6387,34,12,0.35294117647058826,1.0584367142817672,"ENSSSCG00000006902,ENSSSCG00000031648,ENSSSCG00000024800,ENSSSCG00000015297,ENSSSCG00000005015,ENSSSCG00000016469,ENSSSCG00000005360,ENSSSCG00000010144,ENSSSCG00000010219,ENSSSCG00000033326,ENSSSCG00000006243,ENSSSCG00000017193"
Lung,GO:BP,GO:0007005,mitochondrion organization,0.580641767756532,355,34,1,0.029411764705882353,1.5869096934548466,ENSSSCG00000037869
Lung,GO:BP,GO:0000280,nuclear division,0.580641767756532,356,34,1,0.029411764705882353,1.5824520819563779,ENSSSCG00000005190
Lung,GO:BP,GO:0071495,cellular response to endogenous stimulus,0.580641767756532,888,34,2,0.058823529411764705,1.2688129305776363,"ENSSSCG00000005015,ENSSSCG00000010144"
Lung,GO:BP,GO:0034329,cell junction assembly,0.580641767756532,354,34,1,0.029411764705882353,1.5913924891990694,ENSSSCG00000010144
Lung,GO:BP,GO:0022407,regulation of cell-cell adhesion,0.5808540163853697,357,34,1,0.029411764705882353,1.5780194430713463,ENSSSCG00000035170
Lung,GO:BP,GO:0007264,small GTPase-mediated signal transduction,0.5835235583667323,360,34,1,0.029411764705882353,1.5648692810457516,ENSSSCG00000005015
Lung,GO:BP,GO:0071396,cellular response to lipid,0.5873228178755838,364,34,1,0.029411764705882353,1.5476729153199742,ENSSSCG00000006902
Lung,GO:BP,GO:0009611,response to wounding,0.5910787762607417,368,34,1,0.029411764705882353,1.5308503836317136,ENSSSCG00000005190
Lung,GO:BP,GO:0009117,nucleotide metabolic process,0.591376750125212,369,34,1,0.029411764705882353,1.5267017376056113,ENSSSCG00000015775
Lung,GO:BP,GO:0044782,cilium organization,0.5928086078502239,371,34,1,0.029411764705882353,1.5184715395592199,ENSSSCG00000004469
Lung,GO:BP,GO:0010628,positive regulation of gene expression,0.5956880122185017,921,34,2,0.058823529411764705,1.2233505780162228,"ENSSSCG00000011795,ENSSSCG00000036695"
Lung,GO:BP,GO:0007015,actin filament organization,0.5956880122185017,376,34,1,0.029411764705882353,1.498279098873592,ENSSSCG00000010144
Lung,GO:BP,GO:0060255,regulation of macromolecule metabolic process,0.5956880122185017,4807,34,9,0.2647058823529412,1.0547485896792668,"ENSSSCG00000006902,ENSSSCG00000011795,ENSSSCG00000009569,ENSSSCG00000009101,ENSSSCG00000005190,ENSSSCG00000036695,ENSSSCG00000010144,ENSSSCG00000010219,ENSSSCG00000035170"
Lung,GO:BP,GO:0061564,axon development,0.5956880122185017,377,34,1,0.029411764705882353,1.4943048837572164,ENSSSCG00000005190
Lung,GO:BP,GO:0006091,generation of precursor metabolites and energy,0.5956880122185017,377,34,1,0.029411764705882353,1.4943048837572164,ENSSSCG00000037869
Lung,GO:BP,GO:0002683,negative regulation of immune system process,0.6000457475453692,382,34,1,0.029411764705882353,1.4747459193101324,ENSSSCG00000035170
Lung,GO:BP,GO:0060627,regulation of vesicle-mediated transport,0.6002035992721403,384,34,1,0.029411764705882353,1.4670649509803921,ENSSSCG00000010144
Lung,GO:BP,GO:0010817,regulation of hormone levels,0.6002035992721403,386,34,1,0.029411764705882353,1.4594635781773848,ENSSSCG00000016469
Lung,GO:BP,GO:0002764,immune response-regulating signaling pathway,0.6002035992721403,384,34,1,0.029411764705882353,1.4670649509803921,ENSSSCG00000006902
Lung,GO:BP,GO:0009056,catabolic process,0.6002035992721403,2045,34,4,0.11764705882352941,1.1019128433769596,"ENSSSCG00000011795,ENSSSCG00000036695,ENSSSCG00000009889,ENSSSCG00000015775"
Lung,GO:BP,GO:0040008,regulation of growth,0.6002035992721403,386,34,1,0.029411764705882353,1.4594635781773848,ENSSSCG00000005360
Lung,GO:BP,GO:0001525,angiogenesis,0.6004483871924405,387,34,1,0.029411764705882353,1.4556923544611642,ENSSSCG00000010385
Lung,GO:BP,GO:0010638,positive regulation of organelle organization,0.6082195390965748,395,34,1,0.029411764705882353,1.426209977661951,ENSSSCG00000010144
Lung,GO:BP,GO:0048285,organelle fission,0.6084353998384755,396,34,1,0.029411764705882353,1.4226084373143197,ENSSSCG00000005190
Lung,GO:BP,GO:0006357,regulation of transcription by RNA polymerase II,0.6093489472144148,2074,34,4,0.11764705882352941,1.0865051903114187,"ENSSSCG00000006902,ENSSSCG00000009101,ENSSSCG00000005190,ENSSSCG00000010219"
Lung,GO:BP,GO:0044770,cell cycle phase transition,0.6130803047107071,402,34,1,0.029411764705882353,1.4013754755633596,ENSSSCG00000005190
Lung,GO:BP,GO:1903131,mononuclear cell differentiation,0.6164115635731972,406,34,1,0.029411764705882353,1.387568820631701,ENSSSCG00000005015
Lung,GO:BP,GO:0019221,cytokine-mediated signaling pathway,0.6238250226986838,414,34,1,0.029411764705882353,1.3607558965615232,ENSSSCG00000006902
Lung,GO:BP,GO:0051493,regulation of cytoskeleton organization,0.6250052913333284,416,34,1,0.029411764705882353,1.3542138009049773,ENSSSCG00000010144
Lung,GO:BP,GO:0009888,tissue development,0.6253078148358463,1552,34,3,0.08823529411764706,1.0889554275318374,"ENSSSCG00000005190,ENSSSCG00000010144,ENSSSCG00000010219"
Lung,GO:BP,GO:0120035,regulation of plasma membrane bounded cell projection organization,0.6253078148358463,418,34,1,0.029411764705882353,1.3477343090346185,ENSSSCG00000006902
Lung,GO:BP,GO:0031344,regulation of cell projection organization,0.6304932245262497,424,34,1,0.029411764705882353,1.3286625971143173,ENSSSCG00000006902
Lung,GO:BP,GO:0009719,response to endogenous stimulus,0.6305721846224375,996,34,2,0.058823529411764705,1.1312308055752422,"ENSSSCG00000005015,ENSSSCG00000010144"
Lung,GO:BP,GO:0098771,inorganic ion homeostasis,0.6307509885999416,426,34,1,0.029411764705882353,1.3224247445457056,ENSSSCG00000016469
Lung,GO:BP,GO:0051248,negative regulation of protein metabolic process,0.6338497534645985,430,34,1,0.029411764705882353,1.310123119015048,ENSSSCG00000011795
Lung,GO:BP,GO:0048667,cell morphogenesis involved in neuron differentiation,0.6350576417156756,433,34,1,0.029411764705882353,1.3010460535253363,ENSSSCG00000005190
Lung,GO:BP,GO:0051649,establishment of localization in cell,0.6350576417156756,1580,34,3,0.08823529411764706,1.0696574832464634,"ENSSSCG00000004469,ENSSSCG00000011491,ENSSSCG00000010144"
Lung,GO:BP,GO:0051239,regulation of multicellular organismal process,0.6382389948190024,2161,34,4,0.11764705882352941,1.042763426518224,"ENSSSCG00000024800,ENSSSCG00000005190,ENSSSCG00000005015,ENSSSCG00000035170"
Lung,GO:BP,GO:0003008,system process,0.6412530594586685,2743,34,5,0.14705882352941177,1.0268919817288928,"ENSSSCG00000024800,ENSSSCG00000021988,ENSSSCG00000016469,ENSSSCG00000010385,ENSSSCG00000006243"
Lung,GO:BP,GO:0006366,transcription by RNA polymerase II,0.6412530594586685,2171,34,4,0.11764705882352941,1.0379602785379467,"ENSSSCG00000006902,ENSSSCG00000009101,ENSSSCG00000005190,ENSSSCG00000010219"
Lung,GO:BP,GO:0007507,heart development,0.6412530594586685,443,34,1,0.029411764705882353,1.2716770681184437,ENSSSCG00000010144
Lung,GO:BP,GO:0044283,small molecule biosynthetic process,0.647034307060003,450,34,1,0.029411764705882353,1.2518954248366012,ENSSSCG00000015775
Lung,GO:BP,GO:0045944,positive regulation of transcription by RNA polymerase II,0.6470440794839989,1037,34,2,0.058823529411764705,1.0865051903114187,"ENSSSCG00000009101,ENSSSCG00000005190"
Lung,GO:BP,GO:0030182,neuron differentiation,0.6470440794839989,1037,34,2,0.058823529411764705,1.0865051903114187,"ENSSSCG00000006902,ENSSSCG00000005190"
Lung,GO:BP,GO:0090407,organophosphate biosynthetic process,0.651873219788721,458,34,1,0.029411764705882353,1.2300282558438222,ENSSSCG00000001596
Lung,GO:BP,GO:0048812,neuron projection morphogenesis,0.6565902693430279,467,34,1,0.029411764705882353,1.2063232145106437,ENSSSCG00000005190
Lung,GO:BP,GO:0048514,blood vessel morphogenesis,0.6565902693430279,467,34,1,0.029411764705882353,1.2063232145106437,ENSSSCG00000010385
Lung,GO:BP,GO:0048589,developmental growth,0.6565902693430279,466,34,1,0.029411764705882353,1.208911890936632,ENSSSCG00000010219
Lung,GO:BP,GO:0009058,biosynthetic process,0.6565902693430279,8460,34,15,0.4411764705882353,0.9988527325823946,"ENSSSCG00000006902,ENSSSCG00000011795,ENSSSCG00000021988,ENSSSCG00000001596,ENSSSCG00000011491,ENSSSCG00000009569,ENSSSCG00000009101,ENSSSCG00000005190,ENSSSCG00000036695,ENSSSCG00000010144,ENSSSCG00000009889,ENSSSCG00000010219,ENSSSCG00000033326,ENSSSCG00000035170,ENSSSCG00000015775"
Lung,GO:BP,GO:0007610,behavior,0.6593199608211744,471,34,1,0.029411764705882353,1.196078431372549,ENSSSCG00000006243
Lung,GO:BP,GO:0055080,monoatomic cation homeostasis,0.6629092601291674,476,34,1,0.029411764705882353,1.1835145823035096,ENSSSCG00000016469
Lung,GO:BP,GO:0042221,response to chemical,0.6663995542640713,3985,34,7,0.20588235294117646,0.989578566683888,"ENSSSCG00000006902,ENSSSCG00000009101,ENSSSCG00000005015,ENSSSCG00000016469,ENSSSCG00000010144,ENSSSCG00000009889,ENSSSCG00000010219"
Lung,GO:BP,GO:0120039,plasma membrane bounded cell projection morphogenesis,0.6663995542640713,481,34,1,0.029411764705882353,1.1712119359178181,ENSSSCG00000005190
Lung,GO:BP,GO:0048858,cell projection morphogenesis,0.6663995542640713,484,34,1,0.029411764705882353,1.1639523578026252,ENSSSCG00000005190
Lung,GO:BP,GO:0050801,monoatomic ion homeostasis,0.6663995542640713,483,34,1,0.029411764705882353,1.166362197052734,ENSSSCG00000016469
Lung,GO:BP,GO:0048513,animal organ development,0.6671609572483916,2264,34,4,0.11764705882352941,0.9953232176262732,"ENSSSCG00000005190,ENSSSCG00000010144,ENSSSCG00000010219,ENSSSCG00000010385"
Lung,GO:BP,GO:0033993,response to lipid,0.6680935920848832,488,34,1,0.029411764705882353,1.1544117647058822,ENSSSCG00000006902
Lung,GO:BP,GO:0120031,plasma membrane bounded cell projection assembly,0.6689280270414646,490,34,1,0.029411764705882353,1.1496998799519806,ENSSSCG00000010144
Lung,GO:BP,GO:0007420,brain development,0.6711961674046809,498,34,1,0.029411764705882353,1.1312308055752422,ENSSSCG00000005190
Lung,GO:BP,GO:0002521,leukocyte differentiation,0.6711961674046809,497,34,1,0.029411764705882353,1.1335069238963191,ENSSSCG00000005015
Lung,GO:BP,GO:0009966,regulation of signal transduction,0.6711961674046809,2290,34,4,0.11764705882352941,0.9840226046750578,"ENSSSCG00000006902,ENSSSCG00000005360,ENSSSCG00000033326,ENSSSCG00000017193"
Lung,GO:BP,GO:0006753,nucleoside phosphate metabolic process,0.6711961674046809,499,34,1,0.029411764705882353,1.128963809972887,ENSSSCG00000015775
Lung,GO:BP,GO:0016071,mRNA metabolic process,0.6711961674046809,1700,34,3,0.08823529411764706,0.9941522491349483,"ENSSSCG00000011795,ENSSSCG00000011491,ENSSSCG00000036695"
Lung,GO:BP,GO:0030031,cell projection assembly,0.6711961674046809,500,34,1,0.029411764705882353,1.1267058823529412,ENSSSCG00000010144
Lung,GO:BP,GO:0048699,generation of neurons,0.6711961674046809,1107,34,2,0.058823529411764705,1.0178011584037407,"ENSSSCG00000006902,ENSSSCG00000005190"
Lung,GO:BP,GO:0051129,negative regulation of cellular component organization,0.6728156997402436,503,34,1,0.029411764705882353,1.1199859665536194,ENSSSCG00000006902
Lung,GO:BP,GO:0045595,regulation of cell differentiation,0.6757659029109447,1120,34,2,0.058823529411764705,1.0059873949579832,"ENSSSCG00000031648,ENSSSCG00000005015"
Lung,GO:BP,GO:0051246,regulation of protein metabolic process,0.6816530497200501,1137,34,2,0.058823529411764705,0.9909462465725076,"ENSSSCG00000011795,ENSSSCG00000036695"
Lung,GO:BP,GO:0023052,signaling,0.6816530497200501,6362,34,11,0.3235294117647059,0.9740462673595058,"ENSSSCG00000006902,ENSSSCG00000031648,ENSSSCG00000015297,ENSSSCG00000005015,ENSSSCG00000016469,ENSSSCG00000005360,ENSSSCG00000010144,ENSSSCG00000010219,ENSSSCG00000033326,ENSSSCG00000006243,ENSSSCG00000017193"
Lung,GO:BP,GO:0055086,nucleobase-containing small molecule metabolic process,0.6816530497200501,516,34,1,0.029411764705882353,1.091769265845873,ENSSSCG00000015775
Lung,GO:BP,GO:0009057,macromolecule catabolic process,0.6816530497200501,1137,34,2,0.058823529411764705,0.9909462465725076,"ENSSSCG00000011795,ENSSSCG00000036695"
Lung,GO:BP,GO:0065007,biological regulation,0.6885856596870873,11438,34,20,0.5882352941176471,0.9850549767030435,"ENSSSCG00000006902,ENSSSCG00000011795,ENSSSCG00000031648,ENSSSCG00000024800,ENSSSCG00000015297,ENSSSCG00000009569,ENSSSCG00000009101,ENSSSCG00000005190,ENSSSCG00000005015,ENSSSCG00000016469,ENSSSCG00000005360,ENSSSCG00000036695,ENSSSCG00000010144,ENSSSCG00000009889,ENSSSCG00000010219,ENSSSCG00000033326,ENSSSCG00000035170,ENSSSCG00000010385,ENSSSCG00000006243,ENSSSCG00000017193"
Lung,GO:BP,GO:0016043,cellular component organization,0.6891953025613706,6401,34,11,0.3235294117647059,0.9681116002095261,"ENSSSCG00000006902,ENSSSCG00000004469,ENSSSCG00000033733,ENSSSCG00000037869,ENSSSCG00000009569,ENSSSCG00000009101,ENSSSCG00000005190,ENSSSCG00000005360,ENSSSCG00000010144,ENSSSCG00000001840,ENSSSCG00000003218"
Lung,REAC,REAC:R-SSC-1280215,Cytokine Signaling in Immune system,0.695281438044727,403,17,1,0.058823529411764705,1.1376441395416728,ENSSSCG00000005015
Lung,GO:BP,GO:0051050,positive regulation of transport,0.6976165829802484,543,34,1,0.029411764705882353,1.0374823962734265,ENSSSCG00000010144
Lung,GO:BP,GO:0001568,blood vessel development,0.6993417671369951,547,34,1,0.029411764705882353,1.0298956877083556,ENSSSCG00000010385
Lung,GO:BP,GO:0050793,regulation of developmental process,0.6993417671369951,1789,34,3,0.08823529411764706,0.9446947029230922,"ENSSSCG00000031648,ENSSSCG00000005190,ENSSSCG00000005015"
Lung,GO:BP,GO:0009967,positive regulation of signal transduction,0.7061599910598179,1193,34,2,0.058823529411764705,0.9444307479907302,"ENSSSCG00000006902,ENSSSCG00000033326"
Lung,GO:BP,GO:0051716,cellular response to stimulus,0.7065052584363201,7052,34,12,0.35294117647058826,0.9586266724500351,"ENSSSCG00000006902,ENSSSCG00000031648,ENSSSCG00000024800,ENSSSCG00000015297,ENSSSCG00000005015,ENSSSCG00000005360,ENSSSCG00000010144,ENSSSCG00000009889,ENSSSCG00000010219,ENSSSCG00000033326,ENSSSCG00000006243,ENSSSCG00000017193"
Lung,GO:BP,GO:0016477,cell migration,0.7065052584363201,1199,34,2,0.058823529411764705,0.9397046558406514,"ENSSSCG00000010219,ENSSSCG00000010385"
Lung,GO:BP,GO:0044238,primary metabolic process,0.7065052584363201,9866,34,17,0.5,0.9707074802351511,"ENSSSCG00000006902,ENSSSCG00000011795,ENSSSCG00000021988,ENSSSCG00000025901,ENSSSCG00000015297,ENSSSCG00000001596,ENSSSCG00000011491,ENSSSCG00000032810,ENSSSCG00000009569,ENSSSCG00000009101,ENSSSCG00000005190,ENSSSCG00000036695,ENSSSCG00000010144,ENSSSCG00000009889,ENSSSCG00000010219,ENSSSCG00000033326,ENSSSCG00000015775"
Lung,GO:BP,GO:0030855,epithelial cell differentiation,0.7084428637905524,566,34,1,0.029411764705882353,0.9953232176262732,ENSSSCG00000005190
Lung,GO:BP,GO:0001817,regulation of cytokine production,0.7111585059450124,571,34,1,0.029411764705882353,0.9866076027608942,ENSSSCG00000035170
Lung,GO:BP,GO:0000226,microtubule cytoskeleton organization,0.7116816684556079,573,34,1,0.029411764705882353,0.983163946206755,ENSSSCG00000001840
Lung,GO:BP,GO:0060284,regulation of cell development,0.7119952558168213,575,34,1,0.029411764705882353,0.9797442455242966,ENSSSCG00000005015
Lung,GO:BP,GO:0001816,cytokine production,0.7119952558168213,576,34,1,0.029411764705882353,0.9780433006535948,ENSSSCG00000035170
Lung,GO:BP,GO:0001944,vasculature development,0.713212560775315,579,34,1,0.029411764705882353,0.9729757187849233,ENSSSCG00000010385
Lung,GO:BP,GO:0007165,signal transduction,0.7137537390507444,5967,34,10,0.29411764705882354,0.9441141967093525,"ENSSSCG00000006902,ENSSSCG00000031648,ENSSSCG00000015297,ENSSSCG00000005015,ENSSSCG00000005360,ENSSSCG00000010144,ENSSSCG00000010219,ENSSSCG00000033326,ENSSSCG00000006243,ENSSSCG00000017193"
Lung,GO:BP,GO:0030155,regulation of cell adhesion,0.714903274050791,584,34,1,0.029411764705882353,0.9646454472199838,ENSSSCG00000035170
Lung,GO:BP,GO:0032940,secretion by cell,0.7160821438916574,587,34,1,0.029411764705882353,0.9597154023449243,ENSSSCG00000016469
Lung,GO:BP,GO:0016070,RNA metabolic process,0.71877315994957,5420,34,9,0.2647058823529412,0.9354569133926632,"ENSSSCG00000006902,ENSSSCG00000011795,ENSSSCG00000011491,ENSSSCG00000009569,ENSSSCG00000009101,ENSSSCG00000005190,ENSSSCG00000036695,ENSSSCG00000010144,ENSSSCG00000010219"
Lung,GO:BP,GO:0006508,proteolysis,0.7222718986505425,1251,34,2,0.058823529411764705,0.9006441905299291,"ENSSSCG00000015297,ENSSSCG00000032810"
Lung,GO:BP,GO:0034330,cell junction organization,0.7236099437023374,602,34,1,0.029411764705882353,0.9358022278678914,ENSSSCG00000010144
Lung,GO:BP,GO:0071840,cellular component organization or biogenesis,0.7238516736040145,6600,34,11,0.3235294117647059,0.938921568627451,"ENSSSCG00000006902,ENSSSCG00000004469,ENSSSCG00000033733,ENSSSCG00000037869,ENSSSCG00000009569,ENSSSCG00000009101,ENSSSCG00000005190,ENSSSCG00000005360,ENSSSCG00000010144,ENSSSCG00000001840,ENSSSCG00000003218"
Lung,GO:BP,GO:0050789,regulation of biological process,0.7249416956588048,11104,34,19,0.5588235294117647,0.9639504577046957,"ENSSSCG00000006902,ENSSSCG00000011795,ENSSSCG00000031648,ENSSSCG00000024800,ENSSSCG00000015297,ENSSSCG00000009569,ENSSSCG00000009101,ENSSSCG00000005190,ENSSSCG00000005015,ENSSSCG00000016469,ENSSSCG00000005360,ENSSSCG00000036695,ENSSSCG00000010144,ENSSSCG00000009889,ENSSSCG00000010219,ENSSSCG00000033326,ENSSSCG00000035170,ENSSSCG00000006243,ENSSSCG00000017193"
Lung,GO:BP,GO:0045597,positive regulation of cell differentiation,0.7288393643668285,614,34,1,0.029411764705882353,0.917512933512167,ENSSSCG00000031648
Lung,GO:BP,GO:0022008,neurogenesis,0.7350762268945085,1288,34,2,0.058823529411764705,0.8747716477895505,"ENSSSCG00000006902,ENSSSCG00000005190"
Lung,REAC,REAC:R-SSC-8953854,Metabolism of RNA,0.7373566964809501,473,17,1,0.058823529411764705,0.9692824275587614,ENSSSCG00000011491
Lung,REAC,REAC:R-SSC-168256,Immune System,0.7373566964809501,1471,17,3,0.17647058823529413,0.9350181949054266,"ENSSSCG00000032810,ENSSSCG00000005015,ENSSSCG00000002078"
Lung,REAC,REAC:R-SSC-162582,Signal Transduction,0.7373566964809501,1956,17,4,0.23529411764705882,0.93756766510285094,"ENSSSCG00000037869,ENSSSCG00000005015,ENSSSCG00000010144,ENSSSCG00000001840"
Lung,REAC,REAC:R-SSC-388396,GPCR downstream signalling,0.7387944905674132,485,17,1,0.058823529411764705,0.9453001819284415,ENSSSCG00000005015
Lung,GO:BP,GO:0006325,chromatin organization,0.7427744506910678,639,34,1,0.029411764705882353,0.8816164963638037,ENSSSCG00000033733
Lung,GO:BP,GO:0048585,negative regulation of response to stimulus,0.7427744506910678,1309,34,2,0.058823529411764705,0.8607378780389161,"ENSSSCG00000035170,ENSSSCG00000017193"
Lung,GO:BP,GO:0140352,export from cell,0.7442978942392123,644,34,1,0.029411764705882353,0.8747716477895505,ENSSSCG00000016469
Lung,GO:BP,GO:0051093,negative regulation of developmental process,0.7476740196375192,651,34,1,0.029411764705882353,0.8653655010391254,ENSSSCG00000005190
Lung,GO:BP,GO:0032880,regulation of protein localization,0.7503830329564933,657,34,1,0.029411764705882353,0.8574626197510968,ENSSSCG00000010144
Lung,GO:BP,GO:0010647,positive regulation of cell communication,0.7539991891681427,1343,34,2,0.058823529411764705,0.8389470456835004,"ENSSSCG00000006902,ENSSSCG00000033326"
Lung,GO:BP,GO:0008152,metabolic process,0.75504052477333,11268,34,19,0.5588235294117647,0.9499206498360793,"ENSSSCG00000006902,ENSSSCG00000011795,ENSSSCG00000037869,ENSSSCG00000021988,ENSSSCG00000025901,ENSSSCG00000015297,ENSSSCG00000001596,ENSSSCG00000011491,ENSSSCG00000032810,ENSSSCG00000009569,ENSSSCG00000009101,ENSSSCG00000005190,ENSSSCG00000036695,ENSSSCG00000010144,ENSSSCG00000009889,ENSSSCG00000010219,ENSSSCG00000033326,ENSSSCG00000035170,ENSSSCG00000015775"
Lung,GO:BP,GO:0023056,positive regulation of signaling,0.75504052477333,1348,34,2,0.058823529411764705,0.8358352242974341,"ENSSSCG00000006902,ENSSSCG00000033326"
Lung,GO:BP,GO:0044281,small molecule metabolic process,0.7571460034892536,1357,34,2,0.058823529411764705,0.8302917334951666,"ENSSSCG00000009889,ENSSSCG00000015775"
Lung,GO:BP,GO:0003006,developmental process involved in reproduction,0.7577073102704306,679,34,1,0.029411764705882353,0.8296803257385428,ENSSSCG00000010219
Lung,GO:BP,GO:0098657,import into cell,0.7577073102704306,678,34,1,0.029411764705882353,0.8309040430331425,ENSSSCG00000016469
Lung,GO:BP,GO:0046903,secretion,0.757928020167673,686,34,1,0.029411764705882353,0.8212141999657006,ENSSSCG00000016469
Lung,GO:BP,GO:0050794,regulation of cellular process,0.757928020167673,10756,34,18,0.5294117647058824,0.9427624526939821,"ENSSSCG00000006902,ENSSSCG00000011795,ENSSSCG00000031648,ENSSSCG00000024800,ENSSSCG00000015297,ENSSSCG00000009569,ENSSSCG00000009101,ENSSSCG00000005190,ENSSSCG00000005015,ENSSSCG00000005360,ENSSSCG00000036695,ENSSSCG00000010144,ENSSSCG00000009889,ENSSSCG00000010219,ENSSSCG00000033326,ENSSSCG00000035170,ENSSSCG00000006243,ENSSSCG00000017193"
Lung,GO:BP,GO:0023051,regulation of signaling,0.757928020167673,2649,34,4,0.11764705882352941,0.8506650678391403,"ENSSSCG00000006902,ENSSSCG00000005360,ENSSSCG00000033326,ENSSSCG00000017193"
Lung,GO:BP,GO:0010646,regulation of cell communication,0.757928020167673,2643,34,4,0.11764705882352941,0.8525962030669249,"ENSSSCG00000006902,ENSSSCG00000005360,ENSSSCG00000033326,ENSSSCG00000017193"
Lung,REAC,REAC:R-SSC-372790,Signaling by GPCR,0.7586346207302395,520,17,1,0.058823529411764705,0.8816742081447964,ENSSSCG00000005015
Lung,REAC,REAC:R-SSC-556833,Metabolism of lipids,0.7633199723412771,538,17,1,0.058823529411764705,0.8521758145637436,ENSSSCG00000025901
Lung,GO:BP,GO:0007417,central nervous system development,0.7642716929022032,699,34,1,0.029411764705882353,0.8059412606244214,ENSSSCG00000005190
Lung,GO:BP,GO:0048870,cell motility,0.7664740894551861,1398,34,2,0.058823529411764705,0.8059412606244214,"ENSSSCG00000010219,ENSSSCG00000010385"
Lung,REAC,REAC:R-SSC-382551,Transport of small molecules,0.7758281042360151,568,17,1,0.058823529411764705,0.8071665285832642,ENSSSCG00000021988
Lung,GO:BP,GO:0009987,cellular process,0.7775184282558822,18585,34,33,0.9705882352941176,1.0003038503537007,"ENSSSCG00000006902,ENSSSCG00000011795,ENSSSCG00000004469,ENSSSCG00000033733,ENSSSCG00000031648,ENSSSCG00000024800,ENSSSCG00000037869,ENSSSCG00000021988,ENSSSCG00000025901,ENSSSCG00000015297,ENSSSCG00000001596,ENSSSCG00000011491,ENSSSCG00000032810,ENSSSCG00000009569,ENSSSCG00000009101,ENSSSCG00000005190,ENSSSCG00000005015,ENSSSCG00000008874,ENSSSCG00000016469,ENSSSCG00000005360,ENSSSCG00000036695,ENSSSCG00000033688,ENSSSCG00000010144,ENSSSCG00000009889,ENSSSCG00000010219,ENSSSCG00000033326,ENSSSCG00000035170,ENSSSCG00000010385,ENSSSCG00000015775,ENSSSCG00000006243,ENSSSCG00000001840,ENSSSCG00000003218,ENSSSCG00000017193"
Lung,GO:BP,GO:0051641,cellular localization,0.7789413770255085,2731,34,4,0.11764705882352941,0.82512331186594,"ENSSSCG00000004469,ENSSSCG00000011491,ENSSSCG00000033688,ENSSSCG00000010144"
Lung,GO:BP,GO:0060341,regulation of cellular localization,0.7802218390167337,736,34,1,0.029411764705882353,0.7654251918158568,ENSSSCG00000010144
Lung,GO:BP,GO:0006139,nucleobase-containing compound metabolic process,0.7805265754470826,6355,34,10,0.29411764705882354,0.886471976674226,"ENSSSCG00000006902,ENSSSCG00000011795,ENSSSCG00000011491,ENSSSCG00000009569,ENSSSCG00000009101,ENSSSCG00000005190,ENSSSCG00000036695,ENSSSCG00000010144,ENSSSCG00000010219,ENSSSCG00000015775"
Lung,GO:BP,GO:0000902,cell morphogenesis,0.7828881151406953,745,34,1,0.029411764705882353,0.7561784445321753,ENSSSCG00000005190
Lung,GO:BP,GO:0006259,DNA metabolic process,0.7844394463301138,750,34,1,0.029411764705882353,0.7511372549019608,ENSSSCG00000005190
Lung,GO:BP,GO:0030097,hemopoiesis,0.7844717975530086,752,34,1,0.029411764705882353,0.749139549436796,ENSSSCG00000005015
Lung,GO:BP,GO:0048878,chemical homeostasis,0.8032014212438233,793,34,1,0.029411764705882353,0.7104072398190046,ENSSSCG00000016469
Lung,GO:BP,GO:0009059,macromolecule biosynthetic process,0.8032317247584284,7644,34,12,0.35294117647058826,0.8843845230399854,"ENSSSCG00000006902,ENSSSCG00000011795,ENSSSCG00000021988,ENSSSCG00000011491,ENSSSCG00000009569,ENSSSCG00000009101,ENSSSCG00000005190,ENSSSCG00000036695,ENSSSCG00000010144,ENSSSCG00000010219,ENSSSCG00000033326,ENSSSCG00000035170"
Lung,GO:BP,GO:0090304,nucleic acid metabolic process,0.804871876598241,5908,34,9,0.2647058823529412,0.8581882990162889,"ENSSSCG00000006902,ENSSSCG00000011795,ENSSSCG00000011491,ENSSSCG00000009569,ENSSSCG00000009101,ENSSSCG00000005190,ENSSSCG00000036695,ENSSSCG00000010144,ENSSSCG00000010219"
Lung,GO:BP,GO:0043170,macromolecule metabolic process,0.8061972320469722,9375,34,15,0.4411764705882353,0.901364705882353,"ENSSSCG00000006902,ENSSSCG00000011795,ENSSSCG00000021988,ENSSSCG00000015297,ENSSSCG00000001596,ENSSSCG00000011491,ENSSSCG00000032810,ENSSSCG00000009569,ENSSSCG00000009101,ENSSSCG00000005190,ENSSSCG00000036695,ENSSSCG00000010144,ENSSSCG00000010219,ENSSSCG00000033326,ENSSSCG00000035170"
Lung,GO:BP,GO:0051130,positive regulation of cellular component organization,0.8083129381016193,813,34,1,0.029411764705882353,0.6929310469575284,ENSSSCG00000010144
Lung,REAC,REAC:R-SSC-1280218,Adaptive Immune System,0.8095284251058533,635,17,1,0.058823529411764705,0.7220009263547938,ENSSSCG00000002078
Lung,GO:BP,GO:1902533,positive regulation of intracellular signal transduction,0.8202840944348457,843,34,1,0.029411764705882353,0.6682715790942712,ENSSSCG00000033326
Lung,GO:BP,GO:0007267,cell-cell signaling,0.8254957163915487,858,34,1,0.029411764705882353,0.6565885095296861,ENSSSCG00000016469
Lung,GO:BP,GO:0033043,regulation of organelle organization,0.839097935043408,895,34,1,0.029411764705882353,0.6294446270128162,ENSSSCG00000010144
Lung,GO:BP,GO:0010467,gene expression,0.8431369269764226,7313,34,11,0.3235294117647059,0.8473789625244328,"ENSSSCG00000006902,ENSSSCG00000011795,ENSSSCG00000011491,ENSSSCG00000009569,ENSSSCG00000009101,ENSSSCG00000005190,ENSSSCG00000036695,ENSSSCG00000010144,ENSSSCG00000010219,ENSSSCG00000033326,ENSSSCG00000035170"
Lung,GO:BP,GO:0034654,nucleobase-containing compound biosynthetic process,0.8443383017930441,5545,34,8,0.23529411764705882,0.8127725030499126,"ENSSSCG00000006902,ENSSSCG00000011491,ENSSSCG00000009569,ENSSSCG00000009101,ENSSSCG00000005190,ENSSSCG00000010144,ENSSSCG00000010219,ENSSSCG00000015775"
Lung,GO:BP,GO:0051094,positive regulation of developmental process,0.8556056807278056,949,34,1,0.029411764705882353,0.59362796751999,ENSSSCG00000031648
Lung,GO:BP,GO:0060429,epithelium development,0.8613333837220912,969,34,1,0.029411764705882353,0.5813755842894432,ENSSSCG00000005190
Lung,GO:BP,GO:2000026,regulation of multicellular organismal development,0.8749326400543567,1015,34,1,0.029411764705882353,0.5550275282526804,ENSSSCG00000005015
Lung,GO:BP,GO:0022414,reproductive process,0.8780861128610827,1029,34,1,0.029411764705882353,0.5474761333104671,ENSSSCG00000010219
Lung,GO:BP,GO:0009968,negative regulation of signal transduction,0.8806374021467195,1045,34,1,0.029411764705882353,0.5390937236138474,ENSSSCG00000017193
Lung,GO:BP,GO:0006629,lipid metabolic process,0.8806374021467195,1043,34,1,0.029411764705882353,0.5401274603801252,ENSSSCG00000025901
Lung,REAC,REAC:R-SSC-73857,RNA Polymerase II Transcription,0.8877412956111576,832,17,1,0.058823529411764705,0.5510463800904977,ENSSSCG00000011491
Lung,REAC,REAC:R-SSC-168249,Innate Immune System,0.8877412956111576,845,17,1,0.058823529411764705,0.5425687434737209,ENSSSCG00000032810
Lung,GO:BP,GO:0032774,RNA biosynthetic process,0.8895157457529543,5242,34,7,0.20588235294117646,0.7522835918037569,"ENSSSCG00000006902,ENSSSCG00000011491,ENSSSCG00000009569,ENSSSCG00000009101,ENSSSCG00000005190,ENSSSCG00000010144,ENSSSCG00000010219"
Lung,GO:BP,GO:0051049,regulation of transport,0.8909220168983912,1090,34,1,0.029411764705882353,0.5168375607123583,ENSSSCG00000010144
Lung,GO:BP,GO:0010648,negative regulation of cell communication,0.8929396878957114,1102,34,1,0.029411764705882353,0.5112095654958898,ENSSSCG00000017193
Lung,GO:BP,GO:0023057,negative regulation of signaling,0.8929396878957114,1106,34,1,0.029411764705882353,0.5093607063078396,ENSSSCG00000017193
Lung,GO:BP,GO:0141187,nucleic acid biosynthetic process,0.8958077113220411,5314,34,7,0.20588235294117646,0.7420908144966681,"ENSSSCG00000006902,ENSSSCG00000011491,ENSSSCG00000009569,ENSSSCG00000009101,ENSSSCG00000005190,ENSSSCG00000010144,ENSSSCG00000010219"
Lung,GO:BP,GO:0008104,protein localization,0.8999617376110636,1964,34,2,0.058823529411764705,0.5736791661674853,"ENSSSCG00000033688,ENSSSCG00000010144"
Lung,GO:BP,GO:0070727,cellular macromolecule localization,0.9004185073134837,1972,34,2,0.058823529411764705,0.5713518673189357,"ENSSSCG00000033688,ENSSSCG00000010144"
Lung,REAC,REAC:R-SSC-74160,Gene expression (Transcription),0.9070956963995366,937,17,1,0.058823529411764705,0.4892962521187771,ENSSSCG00000011491
Lung,GO:BP,GO:0045184,establishment of protein localization,0.9181674069872521,1236,34,1,0.029411764705882353,0.45578716923662665,ENSSSCG00000033688
Lung,GO:BP,GO:0022607,cellular component assembly,0.9202940279300406,3569,34,4,0.11764705882352941,0.6313846356699025,"ENSSSCG00000037869,ENSSSCG00000009569,ENSSSCG00000010144,ENSSSCG00000003218"
Lung,GO:BP,GO:0016192,vesicle-mediated transport,0.9202940279300406,1253,34,1,0.029411764705882353,0.4496033050091545,ENSSSCG00000010144
Lung,GO:BP,GO:0006915,apoptotic process,0.9266087591428649,1298,34,1,0.029411764705882353,0.43401613341792805,ENSSSCG00000032810
Lung,GO:BP,GO:0008219,cell death,0.9328866081820835,1357,34,1,0.029411764705882353,0.4151458667475833,ENSSSCG00000032810
Lung,GO:BP,GO:0036211,protein modification process,0.9328866081820835,1352,34,1,0.029411764705882353,0.4166811695092238,ENSSSCG00000021988
Lung,GO:BP,GO:0007186,G protein-coupled receptor signaling pathway,0.9328866081820835,2230,34,2,0.058823529411764705,0.5052492745977314,"ENSSSCG00000010144,ENSSSCG00000006243"
Lung,GO:BP,GO:0012501,programmed cell death,0.9328866081820835,1357,34,1,0.029411764705882353,0.4151458667475833,ENSSSCG00000032810
Lung,GO:BP,GO:0050877,nervous system process,0.9337324517319346,2245,34,2,0.058823529411764705,0.5018734442552076,"ENSSSCG00000021988,ENSSSCG00000006243"
Lung,GO:BP,GO:0141124,intracellular signaling cassette,0.9378061066627291,1409,34,1,0.029411764705882353,0.3998246566192126,ENSSSCG00000005015
Lung,GO:BP,GO:0032879,regulation of localization,0.9381332090028383,1435,34,1,0.029411764705882353,0.39258044681287146,ENSSSCG00000010144
Lung,GO:BP,GO:0044085,cellular component biogenesis,0.9381332090028383,3802,34,4,0.11764705882352941,0.5926911532629885,"ENSSSCG00000037869,ENSSSCG00000009569,ENSSSCG00000010144,ENSSSCG00000003218"
Lung,GO:BP,GO:0035556,intracellular signal transduction,0.9381332090028383,2314,34,2,0.058823529411764705,0.4869083329096548,"ENSSSCG00000005015,ENSSSCG00000033326"
Lung,GO:BP,GO:1902531,regulation of intracellular signal transduction,0.9403684756213745,1460,34,1,0.029411764705882353,0.38585817888799356,ENSSSCG00000033326
Lung,GO:BP,GO:0006397,mRNA processing,0.9423217102274872,1484,34,1,0.029411764705882353,0.37961788488980497,ENSSSCG00000011491
Lung,GO:BP,GO:0043412,macromolecule modification,0.9440170271201951,1507,34,1,0.029411764705882353,0.37382411491471174,ENSSSCG00000021988
Lung,GO:BP,GO:0043933,protein-containing complex organization,0.9557005271498993,2543,34,2,0.058823529411764705,0.4430616918415027,"ENSSSCG00000037869,ENSSSCG00000010144"
Lung,GO:BP,GO:0007600,sensory perception,0.9718124702168971,1849,34,1,0.029411764705882353,0.30467979511977855,ENSSSCG00000006243
Lung,REAC,REAC:R-SSC-392499,Metabolism of proteins,0.9794682897076435,1434,17,1,0.058823529411764705,0.31971449667733204,ENSSSCG00000009889
Lung,GO:BP,GO:0065003,protein-containing complex assembly,0.9912896967132231,2376,34,1,0.029411764705882353,0.23710140621905326,ENSSSCG00000037869
Lung,GO:BP,GO:0006396,RNA processing,0.9930534532012918,2527,34,1,0.029411764705882353,0.2229334947275309,ENSSSCG00000011491
Lung,GO:BP,GO:0008150,biological_process,1,19154,34,34,1,1,"ENSSSCG00000006902,ENSSSCG00000011795,ENSSSCG00000004469,ENSSSCG00000033733,ENSSSCG00000031648,ENSSSCG00000024800,ENSSSCG00000037869,ENSSSCG00000021988,ENSSSCG00000025901,ENSSSCG00000015297,ENSSSCG00000001596,ENSSSCG00000011491,ENSSSCG00000032810,ENSSSCG00000009569,ENSSSCG00000009101,ENSSSCG00000005190,ENSSSCG00000035110,ENSSSCG00000005015,ENSSSCG00000008874,ENSSSCG00000016469,ENSSSCG00000005360,ENSSSCG00000036695,ENSSSCG00000033688,ENSSSCG00000010144,ENSSSCG00000009889,ENSSSCG00000010219,ENSSSCG00000033326,ENSSSCG00000035170,ENSSSCG00000010385,ENSSSCG00000015775,ENSSSCG00000006243,ENSSSCG00000001840,ENSSSCG00000003218,ENSSSCG00000017193"
Lung,KEGG,KEGG:00000,KEGG root term,1,8456,15,15,1,1,"ENSSSCG00000024800,ENSSSCG00000037869,ENSSSCG00000021988,ENSSSCG00000025901,ENSSSCG00000001596,ENSSSCG00000011491,ENSSSCG00000005015,ENSSSCG00000016469,ENSSSCG00000010144,ENSSSCG00000009889,ENSSSCG00000033326,ENSSSCG00000035170,ENSSSCG00000015775,ENSSSCG00000006243,ENSSSCG00000001840"
Lung,REAC,REAC:0000000,REACTOME root term,1,7794,17,17,1,1,"ENSSSCG00000024800,ENSSSCG00000037869,ENSSSCG00000021988,ENSSSCG00000025901,ENSSSCG00000015297,ENSSSCG00000001596,ENSSSCG00000011491,ENSSSCG00000032810,ENSSSCG00000030821,ENSSSCG00000005015,ENSSSCG00000010144,ENSSSCG00000009889,ENSSSCG00000010219,ENSSSCG00000002078,ENSSSCG00000015775,ENSSSCG00000001840,ENSSSCG00000003218"
Muscle,GO:BP,GO:0072359,circulatory system development,0.019370324258219263,860,38,9,0.23684210526315788,5.274969400244798,"ENSSSCG00000036512,ENSSSCG00000004803,ENSSSCG00000028771,ENSSSCG00000015796,ENSSSCG00000013349,ENSSSCG00000012402,ENSSSCG00000021333,ENSSSCG00000039342,ENSSSCG00000009192"
Muscle,GO:BP,GO:0061061,muscle structure development,0.019370324258219263,484,38,7,0.18421052631578946,7.290017398869073,"ENSSSCG00000036512,ENSSSCG00000004803,ENSSSCG00000028771,ENSSSCG00000015796,ENSSSCG00000011646,ENSSSCG00000028552,ENSSSCG00000009192"
Muscle,GO:BP,GO:0023057,negative regulation of signaling,0.022671300156026558,1106,38,9,0.23684210526315788,4.101694108689445,"ENSSSCG00000037539,ENSSSCG00000012667,ENSSSCG00000009972,ENSSSCG00000033673,ENSSSCG00000022280,ENSSSCG00000035805,ENSSSCG00000032684,ENSSSCG00000033323,ENSSSCG00000040140"
Muscle,GO:BP,GO:0048731,system development,0.022671300156026558,2927,38,15,0.39473684210526316,2.5831190548972365,"ENSSSCG00000036512,ENSSSCG00000009972,ENSSSCG00000030303,ENSSSCG00000004803,ENSSSCG00000028771,ENSSSCG00000015796,ENSSSCG00000013349,ENSSSCG00000012402,ENSSSCG00000028552,ENSSSCG00000021333,ENSSSCG00000026211,ENSSSCG00000039342,ENSSSCG00000010570,ENSSSCG00000040140,ENSSSCG00000009192"
Muscle,GO:BP,GO:0035795,negative regulation of mitochondrial membrane permeability,0.022671300156026558,11,38,2,0.05263157894736842,91.64593301435406,"ENSSSCG00000033673,ENSSSCG00000032684"
Muscle,GO:BP,GO:0010648,negative regulation of cell communication,0.022671300156026558,1102,38,9,0.23684210526315788,4.116582290572165,"ENSSSCG00000037539,ENSSSCG00000012667,ENSSSCG00000009972,ENSSSCG00000033673,ENSSSCG00000022280,ENSSSCG00000035805,ENSSSCG00000032684,ENSSSCG00000033323,ENSSSCG00000040140"
Muscle,GO:BP,GO:0048523,negative regulation of cellular process,0.022671300156026558,4148,38,19,0.5,2.3088235294117645,"ENSSSCG00000037539,ENSSSCG00000036512,ENSSSCG00000012667,ENSSSCG00000009972,ENSSSCG00000033673,ENSSSCG00000004803,ENSSSCG00000028771,ENSSSCG00000022280,ENSSSCG00000027613,ENSSSCG00000026707,ENSSSCG00000035805,ENSSSCG00000032684,ENSSSCG00000012234,ENSSSCG00000033323,ENSSSCG00000028552,ENSSSCG00000021333,ENSSSCG00000002863,ENSSSCG00000036747,ENSSSCG00000040140"
Muscle,GO:BP,GO:0048519,negative regulation of biological process,0.022671300156026558,4306,38,19,0.5,2.2241058987459357,"ENSSSCG00000037539,ENSSSCG00000036512,ENSSSCG00000012667,ENSSSCG00000009972,ENSSSCG00000033673,ENSSSCG00000004803,ENSSSCG00000028771,ENSSSCG00000022280,ENSSSCG00000027613,ENSSSCG00000026707,ENSSSCG00000035805,ENSSSCG00000032684,ENSSSCG00000012234,ENSSSCG00000033323,ENSSSCG00000028552,ENSSSCG00000021333,ENSSSCG00000002863,ENSSSCG00000036747,ENSSSCG00000040140"
Muscle,GO:BP,GO:1901029,negative regulation of mitochondrial outer membrane permeabilization involved in apoptotic signaling pathway,0.022671300156026558,10,38,2,0.05263157894736842,100.81052631578946,"ENSSSCG00000033673,ENSSSCG00000032684"
Muscle,GO:BP,GO:0007507,heart development,0.022671300156026558,443,38,6,0.15789473684210525,6.8268979446358555,"ENSSSCG00000036512,ENSSSCG00000004803,ENSSSCG00000028771,ENSSSCG00000015796,ENSSSCG00000039342,ENSSSCG00000009192"
Muscle,GO:BP,GO:0055003,cardiac myofibril assembly,0.022671300156026558,12,38,2,0.05263157894736842,84.00877192982455,"ENSSSCG00000004803,ENSSSCG00000028771"
Muscle,GO:BP,GO:1905709,negative regulation of membrane permeability,0.023612340490281467,13,38,2,0.05263157894736842,77.54655870445343,"ENSSSCG00000033673,ENSSSCG00000032684"
Muscle,GO:BP,GO:1901028,regulation of mitochondrial outer membrane permeabilization involved in apoptotic signaling pathway,0.037813438753340686,17,38,2,0.05263157894736842,59.30030959752322,"ENSSSCG00000033673,ENSSSCG00000032684"
Muscle,GO:BP,GO:0009968,negative regulation of signal transduction,0.05240478494344493,1045,38,8,0.21052631578947367,3.858776126920171,"ENSSSCG00000012667,ENSSSCG00000009972,ENSSSCG00000033673,ENSSSCG00000022280,ENSSSCG00000035805,ENSSSCG00000032684,ENSSSCG00000033323,ENSSSCG00000040140"
Muscle,GO:BP,GO:0032989,cellular anatomical entity morphogenesis,0.05240478494344493,99,38,3,0.07894736842105263,15.274322169059012,"ENSSSCG00000004803,ENSSSCG00000028771,ENSSSCG00000016579"
Muscle,GO:BP,GO:0097345,mitochondrial outer membrane permeabilization,0.05240478494344493,24,38,2,0.05263157894736842,42.004385964912274,"ENSSSCG00000033673,ENSSSCG00000032684"
Muscle,GO:BP,GO:0010927,cellular component assembly involved in morphogenesis,0.05240478494344493,99,38,3,0.07894736842105263,15.274322169059012,"ENSSSCG00000004803,ENSSSCG00000028771,ENSSSCG00000016579"
Muscle,GO:BP,GO:0048856,anatomical structure development,0.05240478494344493,4485,38,18,0.47368421052631576,2.0229537053335678,"ENSSSCG00000036512,ENSSSCG00000009972,ENSSSCG00000030303,ENSSSCG00000004803,ENSSSCG00000028771,ENSSSCG00000022280,ENSSSCG00000015796,ENSSSCG00000013349,ENSSSCG00000011646,ENSSSCG00000012402,ENSSSCG00000028552,ENSSSCG00000021333,ENSSSCG00000026211,ENSSSCG00000039342,ENSSSCG00000010570,ENSSSCG00000040140,ENSSSCG00000016579,ENSSSCG00000009192"
Muscle,GO:BP,GO:0032502,developmental process,0.05240478494344493,4832,38,19,0.5,1.9819950331125828,"ENSSSCG00000036512,ENSSSCG00000009972,ENSSSCG00000030303,ENSSSCG00000004803,ENSSSCG00000028771,ENSSSCG00000022280,ENSSSCG00000015796,ENSSSCG00000013349,ENSSSCG00000011646,ENSSSCG00000012402,ENSSSCG00000028552,ENSSSCG00000021333,ENSSSCG00000002863,ENSSSCG00000026211,ENSSSCG00000039342,ENSSSCG00000010570,ENSSSCG00000040140,ENSSSCG00000016579,ENSSSCG00000009192"
Muscle,GO:BP,GO:0023051,regulation of signaling,0.05819798375476416,2649,38,13,0.34210526315789475,2.4736444735848684,"ENSSSCG00000037539,ENSSSCG00000012667,ENSSSCG00000009972,ENSSSCG00000033673,ENSSSCG00000030303,ENSSSCG00000022280,ENSSSCG00000026087,ENSSSCG00000035805,ENSSSCG00000032684,ENSSSCG00000012234,ENSSSCG00000033323,ENSSSCG00000021333,ENSSSCG00000040140"
Muscle,GO:BP,GO:1902110,positive regulation of mitochondrial membrane permeability involved in apoptotic process,0.06417221648680242,28,38,2,0.05263157894736842,36.003759398496236,"ENSSSCG00000033673,ENSSSCG00000032684"
Muscle,GO:BP,GO:0007275,multicellular organism development,0.06445651691343202,3461,38,15,0.39473684210526316,2.1845678918475038,"ENSSSCG00000036512,ENSSSCG00000009972,ENSSSCG00000030303,ENSSSCG00000004803,ENSSSCG00000028771,ENSSSCG00000015796,ENSSSCG00000013349,ENSSSCG00000012402,ENSSSCG00000028552,ENSSSCG00000021333,ENSSSCG00000026211,ENSSSCG00000039342,ENSSSCG00000010570,ENSSSCG00000040140,ENSSSCG00000009192"
Muscle,GO:BP,GO:1902108,regulation of mitochondrial membrane permeability involved in apoptotic process,0.06445651691343202,29,38,2,0.05263157894736842,34.762250453720505,"ENSSSCG00000033673,ENSSSCG00000032684"
Muscle,GO:BP,GO:1902686,mitochondrial outer membrane permeabilization involved in programmed cell death,0.06445651691343202,30,38,2,0.05263157894736842,33.603508771929825,"ENSSSCG00000033673,ENSSSCG00000032684"
Muscle,GO:BP,GO:0035794,positive regulation of mitochondrial membrane permeability,0.066063108030861,31,38,2,0.05263157894736842,32.5195246179966,"ENSSSCG00000033673,ENSSSCG00000032684"
Muscle,GO:BP,GO:0006581,acetylcholine catabolic process,0.06809096197737231,1,38,1,0.02631578947368421,504.05263157894734,ENSSSCG00000030303
Muscle,GO:BP,GO:1905710,positive regulation of membrane permeability,0.06809096197737231,33,38,2,0.05263157894736842,30.548644338118024,"ENSSSCG00000033673,ENSSSCG00000032684"
Muscle,GO:BP,GO:0002625,regulation of T cell antigen processing and presentation,0.06809096197737231,1,38,1,0.02631578947368421,504.05263157894734,ENSSSCG00000036747
Muscle,GO:BP,GO:0046902,regulation of mitochondrial membrane permeability,0.07625124509120808,36,38,2,0.05263157894736842,28.002923976608187,"ENSSSCG00000033673,ENSSSCG00000032684"
Muscle,GO:BP,GO:0006810,transport,0.07625124509120808,3595,38,15,0.39473684210526316,2.1031403264768316,"ENSSSCG00000037539,ENSSSCG00000033673,ENSSSCG00000030303,ENSSSCG00000028771,ENSSSCG00000004399,ENSSSCG00000027613,ENSSSCG00000026707,ENSSSCG00000013349,ENSSSCG00000032684,ENSSSCG00000012234,ENSSSCG00000000148,ENSSSCG00000039342,ENSSSCG00000036747,ENSSSCG00000031077,ENSSSCG00000010570"
Muscle,GO:BP,GO:0055013,cardiac muscle cell development,0.08984033973540699,50,38,2,0.05263157894736842,20.162105263157894,"ENSSSCG00000004803,ENSSSCG00000028771"
Muscle,GO:BP,GO:0055005,ventricular cardiac myofibril assembly,0.08984033973540699,2,38,1,0.02631578947368421,252.02631578947367,ENSSSCG00000028771
Muscle,GO:BP,GO:0060047,heart contraction,0.08984033973540699,154,38,3,0.07894736842105263,9.819207108680793,"ENSSSCG00000004803,ENSSSCG00000028771,ENSSSCG00000027613"
Muscle,GO:BP,GO:0090559,regulation of membrane permeability,0.08984033973540699,46,38,2,0.05263157894736842,21.91533180778032,"ENSSSCG00000033673,ENSSSCG00000032684"
Muscle,GO:BP,GO:0007154,cell communication,0.08984033973540699,6387,38,21,0.5526315789473685,1.6572890657832935,"ENSSSCG00000037539,ENSSSCG00000036512,ENSSSCG00000012669,ENSSSCG00000012667,ENSSSCG00000009972,ENSSSCG00000033673,ENSSSCG00000030303,ENSSSCG00000028771,ENSSSCG00000022280,ENSSSCG00000026707,ENSSSCG00000026087,ENSSSCG00000035805,ENSSSCG00000012402,ENSSSCG00000032684,ENSSSCG00000012234,ENSSSCG00000033323,ENSSSCG00000021333,ENSSSCG00000039342,ENSSSCG00000036747,ENSSSCG00000031077,ENSSSCG00000040140"
Muscle,GO:BP,GO:0003015,heart process,0.08984033973540699,162,38,3,0.07894736842105263,9.33430799220273,"ENSSSCG00000004803,ENSSSCG00000028771,ENSSSCG00000027613"
Muscle,GO:BP,GO:0012501,programmed cell death,0.08984033973540699,1357,38,8,0.21052631578947367,2.97157041461428,"ENSSSCG00000009972,ENSSSCG00000033673,ENSSSCG00000004803,ENSSSCG00000013349,ENSSSCG00000032684,ENSSSCG00000012234,ENSSSCG00000021333,ENSSSCG00000040140"
Muscle,GO:BP,GO:0048585,negative regulation of response to stimulus,0.08984033973540699,1309,38,8,0.21052631578947367,3.0805355635076994,"ENSSSCG00000012667,ENSSSCG00000009972,ENSSSCG00000033673,ENSSSCG00000022280,ENSSSCG00000035805,ENSSSCG00000032684,ENSSSCG00000033323,ENSSSCG00000040140"
Muscle,GO:BP,GO:0010646,regulation of cell communication,0.08984033973540699,2643,38,12,0.3157894736842105,2.288547702969114,"ENSSSCG00000037539,ENSSSCG00000012667,ENSSSCG00000009972,ENSSSCG00000033673,ENSSSCG00000022280,ENSSSCG00000026087,ENSSSCG00000035805,ENSSSCG00000032684,ENSSSCG00000012234,ENSSSCG00000033323,ENSSSCG00000021333,ENSSSCG00000040140"
Muscle,GO:BP,GO:0019722,calcium-mediated signaling,0.08984033973540699,166,38,3,0.07894736842105263,9.109384908053265,"ENSSSCG00000026707,ENSSSCG00000012402,ENSSSCG00000040140"
Muscle,GO:BP,GO:0023052,signaling,0.08984033973540699,6362,38,21,0.5526315789473685,1.6638015188868116,"ENSSSCG00000037539,ENSSSCG00000036512,ENSSSCG00000012669,ENSSSCG00000012667,ENSSSCG00000009972,ENSSSCG00000033673,ENSSSCG00000030303,ENSSSCG00000028771,ENSSSCG00000022280,ENSSSCG00000026707,ENSSSCG00000026087,ENSSSCG00000035805,ENSSSCG00000012402,ENSSSCG00000032684,ENSSSCG00000012234,ENSSSCG00000033323,ENSSSCG00000021333,ENSSSCG00000039342,ENSSSCG00000036747,ENSSSCG00000031077,ENSSSCG00000040140"
Muscle,GO:BP,GO:0007166,cell surface receptor signaling pathway,0.08984033973540699,2212,38,11,0.2894736842105263,2.5065908441991054,"ENSSSCG00000036512,ENSSSCG00000012667,ENSSSCG00000009972,ENSSSCG00000022280,ENSSSCG00000026707,ENSSSCG00000026087,ENSSSCG00000035805,ENSSSCG00000012402,ENSSSCG00000012234,ENSSSCG00000039342,ENSSSCG00000040140"
Muscle,GO:BP,GO:0009966,regulation of signal transduction,0.08984033973540699,2290,38,11,0.2894736842105263,2.4212135141346818,"ENSSSCG00000012667,ENSSSCG00000009972,ENSSSCG00000033673,ENSSSCG00000022280,ENSSSCG00000026087,ENSSSCG00000035805,ENSSSCG00000032684,ENSSSCG00000012234,ENSSSCG00000033323,ENSSSCG00000021333,ENSSSCG00000040140"
Muscle,GO:BP,GO:0008219,cell death,0.08984033973540699,1357,38,8,0.21052631578947367,2.97157041461428,"ENSSSCG00000009972,ENSSSCG00000033673,ENSSSCG00000004803,ENSSSCG00000013349,ENSSSCG00000032684,ENSSSCG00000012234,ENSSSCG00000021333,ENSSSCG00000040140"
Muscle,GO:BP,GO:0031032,actomyosin structure organization,0.08984033973540699,166,38,3,0.07894736842105263,9.109384908053265,"ENSSSCG00000004803,ENSSSCG00000028771,ENSSSCG00000036747"
Muscle,GO:BP,GO:0045163,clustering of voltage-gated potassium channels,0.08984033973540699,2,38,1,0.02631578947368421,252.02631578947367,ENSSSCG00000010570
Muscle,GO:BP,GO:0048583,regulation of response to stimulus,0.08984033973540699,3016,38,13,0.34210526315789475,2.172640653357532,"ENSSSCG00000012667,ENSSSCG00000009972,ENSSSCG00000033673,ENSSSCG00000028771,ENSSSCG00000022280,ENSSSCG00000026087,ENSSSCG00000035805,ENSSSCG00000032684,ENSSSCG00000012234,ENSSSCG00000033323,ENSSSCG00000021333,ENSSSCG00000036747,ENSSSCG00000040140"
Muscle,GO:BP,GO:1903766,positive regulation of potassium ion export across plasma membrane,0.08984033973540699,2,38,1,0.02631578947368421,252.02631578947367,ENSSSCG00000010570
Muscle,GO:BP,GO:0055006,cardiac cell development,0.09278411728844113,52,38,2,0.05263157894736842,19.386639676113358,"ENSSSCG00000004803,ENSSSCG00000028771"
Muscle,GO:BP,GO:0051234,establishment of localization,0.09278411728844113,3857,38,15,0.39473684210526316,1.9602772812248408,"ENSSSCG00000037539,ENSSSCG00000033673,ENSSSCG00000030303,ENSSSCG00000028771,ENSSSCG00000004399,ENSSSCG00000027613,ENSSSCG00000026707,ENSSSCG00000013349,ENSSSCG00000032684,ENSSSCG00000012234,ENSSSCG00000000148,ENSSSCG00000039342,ENSSSCG00000036747,ENSSSCG00000031077,ENSSSCG00000010570"
Muscle,GO:BP,GO:0030239,myofibril assembly,0.09683894947682935,54,38,2,0.05263157894736842,18.66861598440546,"ENSSSCG00000004803,ENSSSCG00000028771"
Muscle,GO:BP,GO:0030036,actin cytoskeleton organization,0.09873271674394604,576,38,5,0.13157894736842105,4.375456871345029,"ENSSSCG00000004803,ENSSSCG00000028771,ENSSSCG00000015796,ENSSSCG00000036747,ENSSSCG00000009192"
Muscle,GO:BP,GO:0090131,mesenchyme migration,0.101939258161313,3,38,1,0.02631578947368421,168.0175438596491,ENSSSCG00000004803
Muscle,GO:BP,GO:1903711,spermidine transmembrane transport,0.101939258161313,3,38,1,0.02631578947368421,168.0175438596491,ENSSSCG00000004399
Muscle,GO:BP,GO:1904708,regulation of granulosa cell apoptotic process,0.101939258161313,3,38,1,0.02631578947368421,168.0175438596491,ENSSSCG00000032684
Muscle,GO:BP,GO:1904700,granulosa cell apoptotic process,0.101939258161313,3,38,1,0.02631578947368421,168.0175438596491,ENSSSCG00000032684
Muscle,GO:BP,GO:0051902,negative regulation of mitochondrial depolarization,0.11182524818952463,4,38,1,0.02631578947368421,126.01315789473684,ENSSSCG00000032684
Muscle,GO:BP,GO:0070375,ERK5 cascade,0.11182524818952463,4,38,1,0.02631578947368421,126.01315789473684,ENSSSCG00000028771
Muscle,GO:BP,GO:0097360,chorionic trophoblast cell proliferation,0.11182524818952463,4,38,1,0.02631578947368421,126.01315789473684,ENSSSCG00000032684
Muscle,GO:BP,GO:0086036,regulation of cardiac muscle cell membrane potential,0.11182524818952463,4,38,1,0.02631578947368421,126.01315789473684,ENSSSCG00000027613
Muscle,GO:BP,GO:0019695,choline metabolic process,0.11182524818952463,4,38,1,0.02631578947368421,126.01315789473684,ENSSSCG00000030303
Muscle,GO:BP,GO:0015848,spermidine transport,0.11182524818952463,4,38,1,0.02631578947368421,126.01315789473684,ENSSSCG00000004399
Muscle,GO:BP,GO:0060244,negative regulation of cell proliferation involved in contact inhibition,0.11182524818952463,4,38,1,0.02631578947368421,126.01315789473684,ENSSSCG00000012234
Muscle,GO:BP,GO:0002913,positive regulation of lymphocyte anergy,0.11182524818952463,4,38,1,0.02631578947368421,126.01315789473684,ENSSSCG00000040140
Muscle,GO:BP,GO:0048468,cell development,0.11182524818952463,2157,38,10,0.2631578947368421,2.336822584974257,"ENSSSCG00000009972,ENSSSCG00000030303,ENSSSCG00000004803,ENSSSCG00000028771,ENSSSCG00000028552,ENSSSCG00000021333,ENSSSCG00000026211,ENSSSCG00000010570,ENSSSCG00000040140,ENSSSCG00000016579"
Muscle,GO:BP,GO:0002669,positive regulation of T cell anergy,0.11182524818952463,4,38,1,0.02631578947368421,126.01315789473684,ENSSSCG00000040140
Muscle,GO:BP,GO:1903899,positive regulation of PERK-mediated unfolded protein response,0.11182524818952463,4,38,1,0.02631578947368421,126.01315789473684,ENSSSCG00000032684
Muscle,GO:BP,GO:1901382,regulation of chorionic trophoblast cell proliferation,0.11182524818952463,4,38,1,0.02631578947368421,126.01315789473684,ENSSSCG00000032684
Muscle,GO:BP,GO:0030029,actin filament-based process,0.11295421472020517,637,38,5,0.13157894736842105,3.956457076757828,"ENSSSCG00000004803,ENSSSCG00000028771,ENSSSCG00000015796,ENSSSCG00000036747,ENSSSCG00000009192"
Muscle,GO:BP,GO:0048513,animal organ development,0.11344867055230944,2264,38,10,0.2631578947368421,2.226380881532453,"ENSSSCG00000036512,ENSSSCG00000030303,ENSSSCG00000004803,ENSSSCG00000028771,ENSSSCG00000022280,ENSSSCG00000015796,ENSSSCG00000011646,ENSSSCG00000039342,ENSSSCG00000040140,ENSSSCG00000009192"
Muscle,GO:BP,GO:0048646,anatomical structure formation involved in morphogenesis,0.11344867055230944,906,38,6,0.15789473684210525,3.3380968978738235,"ENSSSCG00000004803,ENSSSCG00000028771,ENSSSCG00000013349,ENSSSCG00000012402,ENSSSCG00000021333,ENSSSCG00000016579"
Muscle,GO:BP,GO:0007165,signal transduction,0.11344867055230944,5967,38,19,0.5,1.6049941344058993,"ENSSSCG00000036512,ENSSSCG00000012669,ENSSSCG00000012667,ENSSSCG00000009972,ENSSSCG00000033673,ENSSSCG00000030303,ENSSSCG00000028771,ENSSSCG00000022280,ENSSSCG00000026707,ENSSSCG00000026087,ENSSSCG00000035805,ENSSSCG00000012402,ENSSSCG00000032684,ENSSSCG00000012234,ENSSSCG00000033323,ENSSSCG00000021333,ENSSSCG00000039342,ENSSSCG00000036747,ENSSSCG00000040140"
Muscle,GO:BP,GO:0002249,lymphocyte anergy,0.11344867055230944,6,38,1,0.02631578947368421,84.00877192982455,ENSSSCG00000040140
Muscle,GO:BP,GO:0007006,mitochondrial membrane organization,0.11344867055230944,78,38,2,0.05263157894736842,12.924426450742239,"ENSSSCG00000033673,ENSSSCG00000032684"
Muscle,GO:BP,GO:0051146,striated muscle cell differentiation,0.11344867055230944,215,38,3,0.07894736842105263,7.033292533659731,"ENSSSCG00000004803,ENSSSCG00000028771,ENSSSCG00000028552"
Muscle,GO:BP,GO:0051208,sequestering of calcium ion,0.11344867055230944,90,38,2,0.05263157894736842,11.201169590643275,"ENSSSCG00000027613,ENSSSCG00000026707"
Muscle,GO:BP,GO:0051282,regulation of sequestering of calcium ion,0.11344867055230944,88,38,2,0.05263157894736842,11.455741626794257,"ENSSSCG00000027613,ENSSSCG00000026707"
Muscle,GO:BP,GO:1902237,positive regulation of endoplasmic reticulum stress-induced intrinsic apoptotic signaling pathway,0.11344867055230944,7,38,1,0.02631578947368421,72.00751879699247,ENSSSCG00000032684
Muscle,GO:BP,GO:0051283,negative regulation of sequestering of calcium ion,0.11344867055230944,86,38,2,0.05263157894736842,11.722154222766218,"ENSSSCG00000027613,ENSSSCG00000026707"
Muscle,GO:BP,GO:0006874,intracellular calcium ion homeostasis,0.11344867055230944,234,38,3,0.07894736842105263,6.46221322537112,"ENSSSCG00000027613,ENSSSCG00000026707,ENSSSCG00000032684"
Muscle,GO:BP,GO:1901030,positive regulation of mitochondrial outer membrane permeabilization involved in apoptotic signaling pathway,0.11344867055230944,6,38,1,0.02631578947368421,84.00877192982455,ENSSSCG00000032684
Muscle,GO:BP,GO:0002457,T cell antigen processing and presentation,0.11344867055230944,5,38,1,0.02631578947368421,100.81052631578946,ENSSSCG00000036747
Muscle,GO:BP,GO:0055007,cardiac muscle cell differentiation,0.11344867055230944,78,38,2,0.05263157894736842,12.924426450742239,"ENSSSCG00000004803,ENSSSCG00000028771"
Muscle,GO:BP,GO:1900619,acetate ester metabolic process,0.11344867055230944,5,38,1,0.02631578947368421,100.81052631578946,ENSSSCG00000030303
Muscle,GO:BP,GO:0055015,ventricular cardiac muscle cell development,0.11344867055230944,7,38,1,0.02631578947368421,72.00751879699247,ENSSSCG00000028771
Muscle,GO:BP,GO:0051209,release of sequestered calcium ion into cytosol,0.11344867055230944,85,38,2,0.05263157894736842,11.860061919504643,"ENSSSCG00000027613,ENSSSCG00000026707"
Muscle,GO:BP,GO:0007204,positive regulation of cytosolic calcium ion concentration,0.11344867055230944,82,38,2,0.05263157894736842,12.293966623876765,"ENSSSCG00000026707,ENSSSCG00000012402"
Muscle,GO:BP,GO:1903764,regulation of potassium ion export across plasma membrane,0.11344867055230944,7,38,1,0.02631578947368421,72.00751879699247,ENSSSCG00000010570
Muscle,GO:BP,GO:0055074,calcium ion homeostasis,0.11344867055230944,254,38,3,0.07894736842105263,5.953377538334024,"ENSSSCG00000027613,ENSSSCG00000026707,ENSSSCG00000032684"
Muscle,GO:BP,GO:2001241,positive regulation of extrinsic apoptotic signaling pathway in absence of ligand,0.11344867055230944,7,38,1,0.02631578947368421,72.00751879699247,ENSSSCG00000012234
Muscle,GO:BP,GO:0014866,skeletal myofibril assembly,0.11344867055230944,6,38,1,0.02631578947368421,84.00877192982455,ENSSSCG00000004803
Muscle,GO:BP,GO:0010821,regulation of mitochondrion organization,0.11344867055230944,84,38,2,0.05263157894736842,12.00125313283208,"ENSSSCG00000033673,ENSSSCG00000032684"
Muscle,GO:BP,GO:1990869,cellular response to chemokine,0.11344867055230944,81,38,2,0.05263157894736842,12.445743989603638,"ENSSSCG00000026707,ENSSSCG00000012402"
Muscle,GO:BP,GO:1990868,response to chemokine,0.11344867055230944,81,38,2,0.05263157894736842,12.445743989603638,"ENSSSCG00000026707,ENSSSCG00000012402"
Muscle,GO:BP,GO:1990544,mitochondrial ATP transmembrane transport,0.11344867055230944,7,38,1,0.02631578947368421,72.00751879699247,ENSSSCG00000033673
Muscle,GO:BP,GO:0030048,actin filament-based movement,0.11344867055230944,86,38,2,0.05263157894736842,11.722154222766218,"ENSSSCG00000004803,ENSSSCG00000036747"
Muscle,GO:BP,GO:0030240,skeletal muscle thin filament assembly,0.11344867055230944,5,38,1,0.02631578947368421,100.81052631578946,ENSSSCG00000004803
Muscle,GO:BP,GO:0033275,actin-myosin filament sliding,0.11344867055230944,7,38,1,0.02631578947368421,72.00751879699247,ENSSSCG00000004803
Muscle,GO:BP,GO:0033634,positive regulation of cell-cell adhesion mediated by integrin,0.11344867055230944,5,38,1,0.02631578947368421,100.81052631578946,ENSSSCG00000040140
Muscle,GO:BP,GO:0034762,regulation of transmembrane transport,0.11344867055230944,219,38,3,0.07894736842105263,6.904830569574621,"ENSSSCG00000028771,ENSSSCG00000027613,ENSSSCG00000010570"
Muscle,GO:BP,GO:0034764,positive regulation of transmembrane transport,0.11344867055230944,88,38,2,0.05263157894736842,11.455741626794257,"ENSSSCG00000028771,ENSSSCG00000010570"
Muscle,GO:BP,GO:0008637,apoptotic mitochondrial changes,0.11344867055230944,73,38,2,0.05263157894736842,13.809661139149242,"ENSSSCG00000033673,ENSSSCG00000032684"
Muscle,GO:BP,GO:1904180,negative regulation of membrane depolarization,0.11344867055230944,5,38,1,0.02631578947368421,100.81052631578946,ENSSSCG00000032684
Muscle,GO:BP,GO:0008291,acetylcholine metabolic process,0.11344867055230944,5,38,1,0.02631578947368421,100.81052631578946,ENSSSCG00000030303
Muscle,GO:BP,GO:0007517,muscle organ development,0.11344867055230944,237,38,3,0.07894736842105263,6.380413057961359,"ENSSSCG00000036512,ENSSSCG00000004803,ENSSSCG00000011646"
Muscle,GO:BP,GO:0045161,neuronal ion channel clustering,0.11344867055230944,7,38,1,0.02631578947368421,72.00751879699247,ENSSSCG00000010570
Muscle,GO:BP,GO:1902603,carnitine transmembrane transport,0.11344867055230944,7,38,1,0.02631578947368421,72.00751879699247,ENSSSCG00000004399
Muscle,GO:BP,GO:0060242,contact inhibition,0.11344867055230944,6,38,1,0.02631578947368421,84.00877192982455,ENSSSCG00000012234
Muscle,GO:BP,GO:0006915,apoptotic process,0.11344867055230944,1298,38,7,0.18421052631578946,2.7183115724596547,"ENSSSCG00000009972,ENSSSCG00000033673,ENSSSCG00000004803,ENSSSCG00000032684,ENSSSCG00000012234,ENSSSCG00000021333,ENSSSCG00000040140"
Muscle,GO:BP,GO:0060245,detection of cell density,0.11344867055230944,7,38,1,0.02631578947368421,72.00751879699247,ENSSSCG00000012234
Muscle,GO:BP,GO:0002666,positive regulation of T cell tolerance induction,0.11344867055230944,6,38,1,0.02631578947368421,84.00877192982455,ENSSSCG00000040140
Muscle,GO:BP,GO:0002667,regulation of T cell anergy,0.11344867055230944,6,38,1,0.02631578947368421,84.00877192982455,ENSSSCG00000040140
Muscle,GO:BP,GO:0070098,chemokine-mediated signaling pathway,0.11344867055230944,73,38,2,0.05263157894736842,13.809661139149242,"ENSSSCG00000026707,ENSSSCG00000012402"
Muscle,GO:BP,GO:0002911,regulation of lymphocyte anergy,0.11344867055230944,6,38,1,0.02631578947368421,84.00877192982455,ENSSSCG00000040140
Muscle,GO:BP,GO:0002870,T cell anergy,0.11344867055230944,6,38,1,0.02631578947368421,84.00877192982455,ENSSSCG00000040140
Muscle,GO:BP,GO:0060539,diaphragm development,0.11344867055230944,6,38,1,0.02631578947368421,84.00877192982455,ENSSSCG00000036512
Muscle,GO:BP,GO:0140021,mitochondrial ADP transmembrane transport,0.11344867055230944,5,38,1,0.02631578947368421,100.81052631578946,ENSSSCG00000033673
Muscle,GO:BP,GO:0097190,apoptotic signaling pathway,0.11697712098044344,477,38,4,0.10526315789473684,4.226856449299349,"ENSSSCG00000033673,ENSSSCG00000032684,ENSSSCG00000012234,ENSSSCG00000040140"
Muscle,GO:BP,GO:0015879,carnitine transport,0.1231677703417662,8,38,1,0.02631578947368421,63.00657894736842,ENSSSCG00000004399
Muscle,GO:BP,GO:1903897,regulation of PERK-mediated unfolded protein response,0.1231677703417662,8,38,1,0.02631578947368421,63.00657894736842,ENSSSCG00000032684
Muscle,GO:BP,GO:0002645,positive regulation of tolerance induction,0.1231677703417662,8,38,1,0.02631578947368421,63.00657894736842,ENSSSCG00000040140
Muscle,GO:BP,GO:2000563,"positive regulation of CD4-positive, alpha-beta T cell proliferation",0.1231677703417662,8,38,1,0.02631578947368421,63.00657894736842,ENSSSCG00000040140
Muscle,GO:BP,GO:0010944,negative regulation of transcription by competitive promoter binding,0.1231677703417662,8,38,1,0.02631578947368421,63.00657894736842,ENSSSCG00000028552
Muscle,GO:BP,GO:0033632,regulation of cell-cell adhesion mediated by integrin,0.1282615361779629,9,38,1,0.02631578947368421,56.005847953216374,ENSSSCG00000040140
Muscle,GO:BP,GO:1900103,positive regulation of endoplasmic reticulum unfolded protein response,0.1282615361779629,9,38,1,0.02631578947368421,56.005847953216374,ENSSSCG00000032684
Muscle,GO:BP,GO:0010639,negative regulation of organelle organization,0.1282615361779629,277,38,3,0.07894736842105263,5.4590537716131475,"ENSSSCG00000033673,ENSSSCG00000032684,ENSSSCG00000036747"
Muscle,GO:BP,GO:0035051,cardiocyte differentiation,0.1282615361779629,103,38,2,0.05263157894736842,9.787429739397036,"ENSSSCG00000004803,ENSSSCG00000028771"
Muscle,GO:BP,GO:0008286,insulin receptor signaling pathway,0.1282615361779629,100,38,2,0.05263157894736842,10.081052631578947,"ENSSSCG00000026087,ENSSSCG00000039342"
Muscle,GO:BP,GO:0015838,amino-acid betaine transport,0.1282615361779629,9,38,1,0.02631578947368421,56.005847953216374,ENSSSCG00000004399
Muscle,GO:BP,GO:0002664,regulation of T cell tolerance induction,0.1282615361779629,9,38,1,0.02631578947368421,56.005847953216374,ENSSSCG00000040140
Muscle,GO:BP,GO:0051129,negative regulation of cellular component organization,0.1282615361779629,503,38,4,0.10526315789473684,4.008370827665585,"ENSSSCG00000009972,ENSSSCG00000033673,ENSSSCG00000032684,ENSSSCG00000036747"
Muscle,GO:BP,GO:0051179,localization,0.1282615361779629,4427,38,15,0.39473684210526316,1.707881064758123,"ENSSSCG00000037539,ENSSSCG00000033673,ENSSSCG00000030303,ENSSSCG00000028771,ENSSSCG00000004399,ENSSSCG00000027613,ENSSSCG00000026707,ENSSSCG00000013349,ENSSSCG00000032684,ENSSSCG00000012234,ENSSSCG00000000148,ENSSSCG00000039342,ENSSSCG00000036747,ENSSSCG00000031077,ENSSSCG00000010570"
Muscle,GO:BP,GO:0043067,regulation of programmed cell death,0.1282615361779629,1067,38,6,0.15789473684210525,2.8344102994130123,"ENSSSCG00000033673,ENSSSCG00000004803,ENSSSCG00000013349,ENSSSCG00000032684,ENSSSCG00000012234,ENSSSCG00000021333"
Muscle,GO:BP,GO:0045060,negative thymic T cell selection,0.13500398851508053,10,38,1,0.02631578947368421,50.40526315789473,ENSSSCG00000040140
Muscle,GO:BP,GO:0048869,cellular developmental process,0.13500398851508053,3235,38,12,0.3157894736842105,1.8697470104937768,"ENSSSCG00000009972,ENSSSCG00000030303,ENSSSCG00000004803,ENSSSCG00000028771,ENSSSCG00000022280,ENSSSCG00000028552,ENSSSCG00000021333,ENSSSCG00000002863,ENSSSCG00000026211,ENSSSCG00000010570,ENSSSCG00000040140,ENSSSCG00000016579"
Muscle,GO:BP,GO:0010832,negative regulation of myotube differentiation,0.13500398851508053,10,38,1,0.02631578947368421,50.40526315789473,ENSSSCG00000028552
Muscle,GO:BP,GO:0141124,intracellular signaling cassette,0.13500398851508053,1409,38,7,0.18421052631578946,2.5041649546150686,"ENSSSCG00000028771,ENSSSCG00000026707,ENSSSCG00000012402,ENSSSCG00000032684,ENSSSCG00000021333,ENSSSCG00000036747,ENSSSCG00000040140"
Muscle,GO:BP,GO:0030154,cell differentiation,0.13500398851508053,3235,38,12,0.3157894736842105,1.8697470104937768,"ENSSSCG00000009972,ENSSSCG00000030303,ENSSSCG00000004803,ENSSSCG00000028771,ENSSSCG00000022280,ENSSSCG00000028552,ENSSSCG00000021333,ENSSSCG00000002863,ENSSSCG00000026211,ENSSSCG00000010570,ENSSSCG00000040140,ENSSSCG00000016579"
Muscle,GO:BP,GO:0055012,ventricular cardiac muscle cell differentiation,0.13500398851508053,10,38,1,0.02631578947368421,50.40526315789473,ENSSSCG00000028771
Muscle,GO:BP,GO:0002517,T cell tolerance induction,0.13500398851508053,10,38,1,0.02631578947368421,50.40526315789473,ENSSSCG00000040140
Muscle,GO:BP,GO:1902047,polyamine transmembrane transport,0.14148122546305145,11,38,1,0.02631578947368421,45.82296650717703,ENSSSCG00000004399
Muscle,GO:BP,GO:0070571,negative regulation of neuron projection regeneration,0.14148122546305145,12,38,1,0.02631578947368421,42.004385964912274,ENSSSCG00000009972
Muscle,GO:BP,GO:0048681,negative regulation of axon regeneration,0.14148122546305145,12,38,1,0.02631578947368421,42.004385964912274,ENSSSCG00000009972
Muscle,GO:BP,GO:0140627,ubiquitin-dependent protein catabolic process via the C-end degron rule pathway,0.14148122546305145,12,38,1,0.02631578947368421,42.004385964912274,ENSSSCG00000022901
Muscle,GO:BP,GO:0048666,neuron development,0.14148122546305145,830,38,5,0.13157894736842105,3.036461636017755,"ENSSSCG00000009972,ENSSSCG00000021333,ENSSSCG00000026211,ENSSSCG00000010570,ENSSSCG00000040140"
Muscle,GO:BP,GO:0055002,striated muscle cell development,0.14148122546305145,119,38,2,0.05263157894736842,8.471472799646174,"ENSSSCG00000004803,ENSSSCG00000028771"
Muscle,GO:BP,GO:0090090,negative regulation of canonical Wnt signaling pathway,0.14148122546305145,118,38,2,0.05263157894736842,8.543264942016057,"ENSSSCG00000009972,ENSSSCG00000022280"
Muscle,GO:BP,GO:0043383,negative T cell selection,0.14148122546305145,11,38,1,0.02631578947368421,45.82296650717703,ENSSSCG00000040140
Muscle,GO:BP,GO:0045059,positive thymic T cell selection,0.14148122546305145,12,38,1,0.02631578947368421,42.004385964912274,ENSSSCG00000040140
Muscle,GO:BP,GO:0036499,PERK-mediated unfolded protein response,0.14148122546305145,12,38,1,0.02631578947368421,42.004385964912274,ENSSSCG00000032684
Muscle,GO:BP,GO:0042692,muscle cell differentiation,0.14148122546305145,298,38,3,0.07894736842105263,5.074355351465913,"ENSSSCG00000004803,ENSSSCG00000028771,ENSSSCG00000028552"
Muscle,GO:BP,GO:0006607,NLS-bearing protein import into nucleus,0.14148122546305145,12,38,1,0.02631578947368421,42.004385964912274,ENSSSCG00000031077
Muscle,GO:BP,GO:0032488,Cdc42 protein signal transduction,0.14148122546305145,12,38,1,0.02631578947368421,42.004385964912274,ENSSSCG00000036747
Muscle,GO:BP,GO:0001503,ossification,0.14148122546305145,298,38,3,0.07894736842105263,5.074355351465913,"ENSSSCG00000009972,ENSSSCG00000030303,ENSSSCG00000002863"
Muscle,GO:BP,GO:0097553,calcium ion transmembrane import into cytosol,0.14148122546305145,114,38,2,0.05263157894736842,8.843028624192058,"ENSSSCG00000027613,ENSSSCG00000026707"
Muscle,GO:BP,GO:1900119,positive regulation of execution phase of apoptosis,0.14148122546305145,12,38,1,0.02631578947368421,42.004385964912274,ENSSSCG00000032684
Muscle,GO:BP,GO:2001233,regulation of apoptotic signaling pathway,0.14148122546305145,304,38,3,0.07894736842105263,4.974203601108033,"ENSSSCG00000033673,ENSSSCG00000032684,ENSSSCG00000012234"
Muscle,GO:BP,GO:0015866,ADP transport,0.14148122546305145,12,38,1,0.02631578947368421,42.004385964912274,ENSSSCG00000033673
Muscle,GO:BP,GO:2001235,positive regulation of apoptotic signaling pathway,0.14148122546305145,118,38,2,0.05263157894736842,8.543264942016057,"ENSSSCG00000032684,ENSSSCG00000012234"
Muscle,GO:BP,GO:0032926,negative regulation of activin receptor signaling pathway,0.14148122546305145,11,38,1,0.02631578947368421,45.82296650717703,ENSSSCG00000012667
Muscle,GO:BP,GO:0010880,regulation of release of sequestered calcium ion into cytosol by sarcoplasmic reticulum,0.1449692312018086,13,38,1,0.02631578947368421,38.773279352226716,ENSSSCG00000027613
Muscle,GO:BP,GO:0015697,quaternary ammonium group transport,0.1449692312018086,13,38,1,0.02631578947368421,38.773279352226716,ENSSSCG00000004399
Muscle,GO:BP,GO:0015846,polyamine transport,0.1449692312018086,13,38,1,0.02631578947368421,38.773279352226716,ENSSSCG00000004399
Muscle,GO:BP,GO:0002577,regulation of antigen processing and presentation,0.1449692312018086,13,38,1,0.02631578947368421,38.773279352226716,ENSSSCG00000036747
Muscle,GO:BP,GO:0002643,regulation of tolerance induction,0.1449692312018086,13,38,1,0.02631578947368421,38.773279352226716,ENSSSCG00000040140
Muscle,GO:BP,GO:0070925,organelle assembly,0.1449692312018086,845,38,5,0.13157894736842105,2.982559950171286,"ENSSSCG00000004803,ENSSSCG00000028771,ENSSSCG00000012234,ENSSSCG00000039342,ENSSSCG00000016579"
Muscle,GO:BP,GO:0010613,positive regulation of cardiac muscle hypertrophy,0.1449692312018086,13,38,1,0.02631578947368421,38.773279352226716,ENSSSCG00000028771
Muscle,GO:BP,GO:0060546,negative regulation of necroptotic process,0.1449692312018086,13,38,1,0.02631578947368421,38.773279352226716,ENSSSCG00000032684
Muscle,GO:BP,GO:0007338,single fertilization,0.1449692312018086,125,38,2,0.05263157894736842,8.064842105263157,"ENSSSCG00000004399,ENSSSCG00000016579"
Muscle,GO:BP,GO:0008015,blood circulation,0.15062287559137355,327,38,3,0.07894736842105263,4.624336069531627,"ENSSSCG00000004803,ENSSSCG00000028771,ENSSSCG00000027613"
Muscle,GO:BP,GO:0097623,potassium ion export across plasma membrane,0.15062287559137355,14,38,1,0.02631578947368421,36.003759398496236,ENSSSCG00000010570
Muscle,GO:BP,GO:0014742,positive regulation of muscle hypertrophy,0.15062287559137355,14,38,1,0.02631578947368421,36.003759398496236,ENSSSCG00000028771
Muscle,GO:BP,GO:1901381,positive regulation of potassium ion transmembrane transport,0.15062287559137355,14,38,1,0.02631578947368421,36.003759398496236,ENSSSCG00000010570
Muscle,GO:BP,GO:0062099,negative regulation of programmed necrotic cell death,0.15062287559137355,14,38,1,0.02631578947368421,36.003759398496236,ENSSSCG00000032684
Muscle,GO:BP,GO:0051900,regulation of mitochondrial depolarization,0.15062287559137355,14,38,1,0.02631578947368421,36.003759398496236,ENSSSCG00000032684
Muscle,GO:BP,GO:1904062,regulation of monoatomic cation transmembrane transport,0.15176681896859995,131,38,2,0.05263157894736842,7.695460024106066,"ENSSSCG00000027613,ENSSSCG00000010570"
Muscle,GO:BP,GO:0051170,import into nucleus,0.15304206220636934,132,38,2,0.05263157894736842,7.637161084529506,"ENSSSCG00000013349,ENSSSCG00000031077"
Muscle,GO:BP,GO:0120036,plasma membrane bounded cell projection organization,0.15558597928312756,1194,38,6,0.15789473684210525,2.5329277968791324,"ENSSSCG00000009972,ENSSSCG00000021333,ENSSSCG00000026211,ENSSSCG00000039342,ENSSSCG00000036747,ENSSSCG00000040140"
Muscle,GO:BP,GO:0006839,mitochondrial transport,0.15558597928312756,134,38,2,0.05263157894736842,7.523173605655931,"ENSSSCG00000033673,ENSSSCG00000032684"
Muscle,GO:BP,GO:0002076,osteoblast development,0.15674784618327417,15,38,1,0.02631578947368421,33.603508771929825,ENSSSCG00000030303
Muscle,GO:BP,GO:0030030,cell projection organization,0.15908272003684687,1213,38,6,0.15789473684210525,2.4932529179502754,"ENSSSCG00000009972,ENSSSCG00000021333,ENSSSCG00000026211,ENSSSCG00000039342,ENSSSCG00000036747,ENSSSCG00000040140"
Muscle,GO:BP,GO:0097164,ammonium ion metabolic process,0.15908272003684687,16,38,1,0.02631578947368421,31.50328947368421,ENSSSCG00000030303
Muscle,GO:BP,GO:0001845,phagolysosome assembly,0.15908272003684687,16,38,1,0.02631578947368421,31.50328947368421,ENSSSCG00000012234
Muscle,GO:BP,GO:0003013,circulatory system process,0.15908272003684687,344,38,3,0.07894736842105263,4.395807833537331,"ENSSSCG00000004803,ENSSSCG00000028771,ENSSSCG00000027613"
Muscle,GO:BP,GO:0042391,regulation of membrane potential,0.15908272003684687,347,38,3,0.07894736842105263,4.357803731230092,"ENSSSCG00000027613,ENSSSCG00000032684,ENSSSCG00000010570"
Muscle,GO:BP,GO:0033631,cell-cell adhesion mediated by integrin,0.15908272003684687,16,38,1,0.02631578947368421,31.50328947368421,ENSSSCG00000040140
Muscle,GO:BP,GO:0046628,positive regulation of insulin receptor signaling pathway,0.15908272003684687,16,38,1,0.02631578947368421,31.50328947368421,ENSSSCG00000026087
Muscle,GO:BP,GO:0014046,dopamine secretion,0.15908272003684687,16,38,1,0.02631578947368421,31.50328947368421,ENSSSCG00000031077
Muscle,GO:BP,GO:0048311,mitochondrion distribution,0.15908272003684687,16,38,1,0.02631578947368421,31.50328947368421,ENSSSCG00000028771
Muscle,GO:BP,GO:0030178,negative regulation of Wnt signaling pathway,0.16095759272607368,141,38,2,0.05263157894736842,7.149682717431878,"ENSSSCG00000009972,ENSSSCG00000022280"
Muscle,GO:BP,GO:1900117,regulation of execution phase of apoptosis,0.16230257635302417,17,38,1,0.02631578947368421,29.65015479876161,ENSSSCG00000032684
Muscle,GO:BP,GO:0050789,regulation of biological process,0.16230257635302417,11104,38,28,0.7368421052631579,1.2710260882754436,"ENSSSCG00000037539,ENSSSCG00000036512,ENSSSCG00000012669,ENSSSCG00000012667,ENSSSCG00000009972,ENSSSCG00000033673,ENSSSCG00000030303,ENSSSCG00000004803,ENSSSCG00000028771,ENSSSCG00000022280,ENSSSCG00000027613,ENSSSCG00000026707,ENSSSCG00000013349,ENSSSCG00000026087,ENSSSCG00000035805,ENSSSCG00000012402,ENSSSCG00000032684,ENSSSCG00000012234,ENSSSCG00000033323,ENSSSCG00000028552,ENSSSCG00000004170,ENSSSCG00000021333,ENSSSCG00000002863,ENSSSCG00000039342,ENSSSCG00000036747,ENSSSCG00000031077,ENSSSCG00000010570,ENSSSCG00000040140"
Muscle,GO:BP,GO:0032501,multicellular organismal process,0.16230257635302417,6574,38,19,0.5,1.456799513233952,"ENSSSCG00000036512,ENSSSCG00000009972,ENSSSCG00000030303,ENSSSCG00000004803,ENSSSCG00000028771,ENSSSCG00000022280,ENSSSCG00000027613,ENSSSCG00000015796,ENSSSCG00000013349,ENSSSCG00000012402,ENSSSCG00000028552,ENSSSCG00000021333,ENSSSCG00000002863,ENSSSCG00000026211,ENSSSCG00000039342,ENSSSCG00000036747,ENSSSCG00000010570,ENSSSCG00000040140,ENSSSCG00000009192"
Muscle,GO:BP,GO:0014808,release of sequestered calcium ion into cytosol by sarcoplasmic reticulum,0.16230257635302417,17,38,1,0.02631578947368421,29.65015479876161,ENSSSCG00000027613
Muscle,GO:BP,GO:0055001,muscle cell development,0.16230257635302417,145,38,2,0.05263157894736842,6.952450090744101,"ENSSSCG00000004803,ENSSSCG00000028771"
Muscle,GO:BP,GO:0035739,"CD4-positive, alpha-beta T cell proliferation",0.16230257635302417,17,38,1,0.02631578947368421,29.65015479876161,ENSSSCG00000040140
Muscle,GO:BP,GO:0007005,mitochondrion organization,0.16230257635302417,355,38,3,0.07894736842105263,4.259599703484062,"ENSSSCG00000033673,ENSSSCG00000028771,ENSSSCG00000032684"
Muscle,GO:BP,GO:0080135,regulation of cellular response to stress,0.16230257635302417,357,38,3,0.07894736842105263,4.235736399823088,"ENSSSCG00000009972,ENSSSCG00000032684,ENSSSCG00000036747"
Muscle,GO:BP,GO:2000561,"regulation of CD4-positive, alpha-beta T cell proliferation",0.16230257635302417,17,38,1,0.02631578947368421,29.65015479876161,ENSSSCG00000040140
Muscle,GO:BP,GO:0051651,maintenance of location in cell,0.16256275326042807,148,38,2,0.05263157894736842,6.811522048364153,"ENSSSCG00000027613,ENSSSCG00000026707"
Muscle,GO:BP,GO:0007010,cytoskeleton organization,0.16256275326042807,1249,38,6,0.15789473684210525,2.421389743373646,"ENSSSCG00000004803,ENSSSCG00000028771,ENSSSCG00000015796,ENSSSCG00000039342,ENSSSCG00000036747,ENSSSCG00000009192"
Muscle,GO:BP,GO:0033630,positive regulation of cell adhesion mediated by integrin,0.16256275326042807,18,38,1,0.02631578947368421,28.002923976608187,ENSSSCG00000040140
Muscle,GO:BP,GO:0097722,sperm motility,0.16256275326042807,152,38,2,0.05263157894736842,6.632271468144044,"ENSSSCG00000004399,ENSSSCG00000039342"
Muscle,GO:BP,GO:0032753,positive regulation of interleukin-4 production,0.16256275326042807,19,38,1,0.02631578947368421,26.529085872576175,ENSSSCG00000040140
Muscle,GO:BP,GO:0032869,cellular response to insulin stimulus,0.16256275326042807,149,38,2,0.05263157894736842,6.765807135287884,"ENSSSCG00000026087,ENSSSCG00000039342"
Muscle,GO:BP,GO:0032925,regulation of activin receptor signaling pathway,0.16256275326042807,19,38,1,0.02631578947368421,26.529085872576175,ENSSSCG00000012667
Muscle,GO:BP,GO:0060292,long-term synaptic depression,0.16256275326042807,19,38,1,0.02631578947368421,26.529085872576175,ENSSSCG00000037539
Muscle,GO:BP,GO:0051882,mitochondrial depolarization,0.16256275326042807,18,38,1,0.02631578947368421,28.002923976608187,ENSSSCG00000032684
Muscle,GO:BP,GO:0030317,flagellated sperm motility,0.16256275326042807,152,38,2,0.05263157894736842,6.632271468144044,"ENSSSCG00000004399,ENSSSCG00000039342"
Muscle,GO:BP,GO:0046641,positive regulation of alpha-beta T cell proliferation,0.16256275326042807,18,38,1,0.02631578947368421,28.002923976608187,ENSSSCG00000040140
Muscle,GO:BP,GO:0043066,negative regulation of apoptotic process,0.16256275326042807,624,38,4,0.10526315789473684,3.2311066126855597,"ENSSSCG00000033673,ENSSSCG00000004803,ENSSSCG00000032684,ENSSSCG00000021333"
Muscle,GO:BP,GO:0036158,outer dynein arm assembly,0.16256275326042807,19,38,1,0.02631578947368421,26.529085872576175,ENSSSCG00000039342
Muscle,GO:BP,GO:0043268,positive regulation of potassium ion transport,0.16256275326042807,18,38,1,0.02631578947368421,28.002923976608187,ENSSSCG00000010570
Muscle,GO:BP,GO:0001919,regulation of receptor recycling,0.16256275326042807,19,38,1,0.02631578947368421,26.529085872576175,ENSSSCG00000030303
Muscle,GO:BP,GO:1900078,positive regulation of cellular response to insulin stimulus,0.16256275326042807,19,38,1,0.02631578947368421,26.529085872576175,ENSSSCG00000026087
Muscle,GO:BP,GO:0034765,regulation of monoatomic ion transmembrane transport,0.16256275326042807,152,38,2,0.05263157894736842,6.632271468144044,"ENSSSCG00000027613,ENSSSCG00000010570"
Muscle,GO:BP,GO:1903514,release of sequestered calcium ion into cytosol by endoplasmic reticulum,0.16256275326042807,19,38,1,0.02631578947368421,26.529085872576175,ENSSSCG00000027613
Muscle,GO:BP,GO:0048679,regulation of axon regeneration,0.16256275326042807,19,38,1,0.02631578947368421,26.529085872576175,ENSSSCG00000009972
Muscle,GO:BP,GO:1900101,regulation of endoplasmic reticulum unfolded protein response,0.16256275326042807,19,38,1,0.02631578947368421,26.529085872576175,ENSSSCG00000032684
Muscle,GO:BP,GO:0045061,thymic T cell selection,0.16512343116846864,20,38,1,0.02631578947368421,25.202631578947365,ENSSSCG00000040140
Muscle,GO:BP,GO:0002507,tolerance induction,0.16512343116846864,20,38,1,0.02631578947368421,25.202631578947365,ENSSSCG00000040140
Muscle,GO:BP,GO:0051235,maintenance of location,0.16512343116846864,155,38,2,0.05263157894736842,6.50390492359932,"ENSSSCG00000027613,ENSSSCG00000026707"
Muscle,GO:BP,GO:0051093,negative regulation of developmental process,0.16512343116846864,651,38,4,0.10526315789473684,3.0970975826663434,"ENSSSCG00000009972,ENSSSCG00000022280,ENSSSCG00000028552,ENSSSCG00000002863"
Muscle,GO:BP,GO:0070570,regulation of neuron projection regeneration,0.16512343116846864,20,38,1,0.02631578947368421,25.202631578947365,ENSSSCG00000009972
Muscle,GO:BP,GO:0048738,cardiac muscle tissue development,0.16512343116846864,157,38,2,0.05263157894736842,6.421052631578947,"ENSSSCG00000004803,ENSSSCG00000028771"
Muscle,GO:BP,GO:0070296,sarcoplasmic reticulum calcium ion transport,0.16512343116846864,20,38,1,0.02631578947368421,25.202631578947365,ENSSSCG00000027613
Muscle,GO:BP,GO:0001649,osteoblast differentiation,0.16512343116846864,158,38,2,0.05263157894736842,6.380413057961358,"ENSSSCG00000030303,ENSSSCG00000002863"
Muscle,GO:BP,GO:0043069,negative regulation of programmed cell death,0.16512343116846864,651,38,4,0.10526315789473684,3.0970975826663434,"ENSSSCG00000033673,ENSSSCG00000004803,ENSSSCG00000032684,ENSSSCG00000021333"
Muscle,GO:BP,GO:0009566,fertilization,0.16593909457233152,159,38,2,0.05263157894736842,6.340284673949022,"ENSSSCG00000004399,ENSSSCG00000016579"
Muscle,GO:BP,GO:0022008,neurogenesis,0.16593909457233152,1288,38,6,0.15789473684210525,2.34807126511932,"ENSSSCG00000009972,ENSSSCG00000028552,ENSSSCG00000021333,ENSSSCG00000026211,ENSSSCG00000010570,ENSSSCG00000040140"
Muscle,GO:BP,GO:0001525,angiogenesis,0.1669865410607566,387,38,3,0.07894736842105263,3.907384740922072,"ENSSSCG00000013349,ENSSSCG00000012402,ENSSSCG00000021333"
Muscle,GO:BP,GO:0016358,dendrite development,0.1669865410607566,162,38,2,0.05263157894736842,6.222871994801819,"ENSSSCG00000021333,ENSSSCG00000040140"
Muscle,GO:BP,GO:0006921,cellular component disassembly involved in execution phase of apoptosis,0.1669865410607566,21,38,1,0.02631578947368421,24.00250626566416,ENSSSCG00000032684
Muscle,GO:BP,GO:0060544,regulation of necroptotic process,0.1669865410607566,21,38,1,0.02631578947368421,24.00250626566416,ENSSSCG00000032684
Muscle,GO:BP,GO:0015867,ATP transport,0.1669865410607566,21,38,1,0.02631578947368421,24.00250626566416,ENSSSCG00000033673
Muscle,GO:BP,GO:0140467,integrated stress response signaling,0.1669865410607566,21,38,1,0.02631578947368421,24.00250626566416,ENSSSCG00000032684
Muscle,GO:BP,GO:0060294,cilium movement involved in cell motility,0.17289042732877621,166,38,2,0.05263157894736842,6.07292327203551,"ENSSSCG00000004399,ENSSSCG00000039342"
Muscle,GO:BP,GO:0051154,negative regulation of striated muscle cell differentiation,0.17289042732877621,22,38,1,0.02631578947368421,22.911483253588514,ENSSSCG00000028552
Muscle,GO:BP,GO:0043068,positive regulation of programmed cell death,0.17348619806274004,395,38,3,0.07894736842105263,3.8282478347768154,"ENSSSCG00000013349,ENSSSCG00000032684,ENSSSCG00000012234"
Muscle,GO:BP,GO:0050794,regulation of cellular process,0.17451588247818892,10756,38,27,0.7105263157894737,1.265286449668239,"ENSSSCG00000037539,ENSSSCG00000036512,ENSSSCG00000012669,ENSSSCG00000012667,ENSSSCG00000009972,ENSSSCG00000033673,ENSSSCG00000030303,ENSSSCG00000004803,ENSSSCG00000028771,ENSSSCG00000022280,ENSSSCG00000027613,ENSSSCG00000026707,ENSSSCG00000013349,ENSSSCG00000026087,ENSSSCG00000035805,ENSSSCG00000012402,ENSSSCG00000032684,ENSSSCG00000012234,ENSSSCG00000033323,ENSSSCG00000028552,ENSSSCG00000004170,ENSSSCG00000021333,ENSSSCG00000002863,ENSSSCG00000039342,ENSSSCG00000036747,ENSSSCG00000010570,ENSSSCG00000040140"
Muscle,GO:BP,GO:1901679,nucleotide transmembrane transport,0.17451588247818892,23,38,1,0.02631578947368421,21.91533180778032,ENSSSCG00000033673
Muscle,GO:BP,GO:0031295,T cell costimulation,0.17451588247818892,23,38,1,0.02631578947368421,21.91533180778032,ENSSSCG00000040140
Muscle,GO:BP,GO:0095500,acetylcholine receptor signaling pathway,0.17451588247818892,23,38,1,0.02631578947368421,21.91533180778032,ENSSSCG00000030303
Muscle,GO:BP,GO:0009595,detection of biotic stimulus,0.17451588247818892,23,38,1,0.02631578947368421,21.91533180778032,ENSSSCG00000012234
Muscle,GO:BP,GO:0051497,negative regulation of stress fiber assembly,0.17451588247818892,23,38,1,0.02631578947368421,21.91533180778032,ENSSSCG00000036747
Muscle,GO:BP,GO:0055085,transmembrane transport,0.17451588247818892,1321,38,6,0.15789473684210525,2.2894139208733413,"ENSSSCG00000033673,ENSSSCG00000028771,ENSSSCG00000004399,ENSSSCG00000027613,ENSSSCG00000026707,ENSSSCG00000010570"
Muscle,GO:BP,GO:0060285,cilium-dependent cell motility,0.17501772708515065,171,38,2,0.05263157894736842,5.895352416128039,"ENSSSCG00000004399,ENSSSCG00000039342"
Muscle,GO:BP,GO:0001539,cilium or flagellum-dependent cell motility,0.17501772708515065,171,38,2,0.05263157894736842,5.895352416128039,"ENSSSCG00000004399,ENSSSCG00000039342"
Muscle,GO:BP,GO:1905145,cellular response to acetylcholine,0.1755077344054861,24,38,1,0.02631578947368421,21.002192982456137,ENSSSCG00000030303
Muscle,GO:BP,GO:0031294,lymphocyte costimulation,0.1755077344054861,24,38,1,0.02631578947368421,21.002192982456137,ENSSSCG00000040140
Muscle,GO:BP,GO:0032633,interleukin-4 production,0.1755077344054861,24,38,1,0.02631578947368421,21.002192982456137,ENSSSCG00000040140
Muscle,GO:BP,GO:0062098,regulation of programmed necrotic cell death,0.1755077344054861,24,38,1,0.02631578947368421,21.002192982456137,ENSSSCG00000032684
Muscle,GO:BP,GO:0050432,catecholamine secretion,0.1755077344054861,24,38,1,0.02631578947368421,21.002192982456137,ENSSSCG00000031077
Muscle,GO:BP,GO:0090382,phagosome maturation,0.1755077344054861,24,38,1,0.02631578947368421,21.002192982456137,ENSSSCG00000012234
Muscle,GO:BP,GO:0032673,regulation of interleukin-4 production,0.1755077344054861,24,38,1,0.02631578947368421,21.002192982456137,ENSSSCG00000040140
Muscle,GO:BP,GO:0009653,anatomical structure morphogenesis,0.179753182226967,2077,38,8,0.21052631578947367,1.9414641562983046,"ENSSSCG00000036512,ENSSSCG00000004803,ENSSSCG00000028771,ENSSSCG00000013349,ENSSSCG00000012402,ENSSSCG00000021333,ENSSSCG00000026211,ENSSSCG00000016579"
Muscle,GO:BP,GO:0046717,acid secretion,0.179967912275613,26,38,1,0.02631578947368421,19.386639676113358,ENSSSCG00000004399
Muscle,GO:BP,GO:0045879,negative regulation of smoothened signaling pathway,0.179967912275613,27,38,1,0.02631578947368421,18.66861598440546,ENSSSCG00000040140
Muscle,GO:BP,GO:0046326,positive regulation of D-glucose import,0.179967912275613,27,38,1,0.02631578947368421,18.66861598440546,ENSSSCG00000028771
Muscle,GO:BP,GO:1901699,cellular response to nitrogen compound,0.179967912275613,425,38,3,0.07894736842105263,3.5580185758513934,"ENSSSCG00000030303,ENSSSCG00000026087,ENSSSCG00000039342"
Muscle,GO:BP,GO:2000352,negative regulation of endothelial cell apoptotic process,0.179967912275613,26,38,1,0.02631578947368421,19.386639676113358,ENSSSCG00000021333
Muscle,GO:BP,GO:0098926,postsynaptic signal transduction,0.179967912275613,27,38,1,0.02631578947368421,18.66861598440546,ENSSSCG00000030303
Muscle,GO:BP,GO:0098771,inorganic ion homeostasis,0.179967912275613,426,38,3,0.07894736842105263,3.549666419570052,"ENSSSCG00000027613,ENSSSCG00000026707,ENSSSCG00000032684"
Muscle,GO:BP,GO:0030003,intracellular monoatomic cation homeostasis,0.179967912275613,419,38,3,0.07894736842105263,3.6089687225222957,"ENSSSCG00000027613,ENSSSCG00000026707,ENSSSCG00000032684"
Muscle,GO:BP,GO:1902235,regulation of endoplasmic reticulum stress-induced intrinsic apoptotic signaling pathway,0.179967912275613,25,38,1,0.02631578947368421,20.162105263157894,ENSSSCG00000032684
Muscle,GO:BP,GO:0042981,regulation of apoptotic process,0.179967912275613,1029,38,5,0.13157894736842105,2.4492353332310364,"ENSSSCG00000033673,ENSSSCG00000004803,ENSSSCG00000032684,ENSSSCG00000012234,ENSSSCG00000021333"
Muscle,GO:BP,GO:0031103,axon regeneration,0.179967912275613,26,38,1,0.02631578947368421,19.386639676113358,ENSSSCG00000009972
Muscle,GO:BP,GO:0031175,neuron projection development,0.179967912275613,705,38,4,0.10526315789473684,2.8598730869727507,"ENSSSCG00000009972,ENSSSCG00000021333,ENSSSCG00000026211,ENSSSCG00000040140"
Muscle,GO:BP,GO:0032232,negative regulation of actin filament bundle assembly,0.179967912275613,25,38,1,0.02631578947368421,20.162105263157894,ENSSSCG00000036747
Muscle,GO:BP,GO:1905144,response to acetylcholine,0.179967912275613,26,38,1,0.02631578947368421,19.386639676113358,ENSSSCG00000030303
Muscle,GO:BP,GO:0032868,response to insulin,0.179967912275613,179,38,2,0.05263157894736842,5.631872978535725,"ENSSSCG00000026087,ENSSSCG00000039342"
Muscle,GO:BP,GO:0060306,regulation of membrane repolarization,0.179967912275613,27,38,1,0.02631578947368421,18.66861598440546,ENSSSCG00000010570
Muscle,GO:BP,GO:2001234,negative regulation of apoptotic signaling pathway,0.179967912275613,179,38,2,0.05263157894736842,5.631872978535725,"ENSSSCG00000033673,ENSSSCG00000032684"
Muscle,GO:BP,GO:0050805,negative regulation of synaptic transmission,0.179967912275613,27,38,1,0.02631578947368421,18.66861598440546,ENSSSCG00000037539
Muscle,GO:BP,GO:0000002,mitochondrial genome maintenance,0.179967912275613,26,38,1,0.02631578947368421,19.386639676113358,ENSSSCG00000028771
Muscle,GO:BP,GO:0001675,acrosome assembly,0.179967912275613,26,38,1,0.02631578947368421,19.386639676113358,ENSSSCG00000016579
Muscle,GO:BP,GO:0006996,organelle organization,0.179967912275613,2902,38,10,0.2631578947368421,1.7369146505132576,"ENSSSCG00000033673,ENSSSCG00000004803,ENSSSCG00000028771,ENSSSCG00000015796,ENSSSCG00000032684,ENSSSCG00000012234,ENSSSCG00000039342,ENSSSCG00000036747,ENSSSCG00000016579,ENSSSCG00000009192"
Muscle,GO:BP,GO:0010611,regulation of cardiac muscle hypertrophy,0.179967912275613,27,38,1,0.02631578947368421,18.66861598440546,ENSSSCG00000028771
Muscle,GO:BP,GO:0006873,intracellular monoatomic ion homeostasis,0.179967912275613,427,38,3,0.07894736842105263,3.5413533834586466,"ENSSSCG00000027613,ENSSSCG00000026707,ENSSSCG00000032684"
Muscle,GO:BP,GO:0030182,neuron differentiation,0.18063262990161097,1037,38,5,0.13157894736842105,2.4303405572755414,"ENSSSCG00000009972,ENSSSCG00000021333,ENSSSCG00000026211,ENSSSCG00000010570,ENSSSCG00000040140"
Muscle,GO:BP,GO:0065007,biological regulation,0.18170222852900084,11438,38,28,0.7368421052631579,1.2339109708174965,"ENSSSCG00000037539,ENSSSCG00000036512,ENSSSCG00000012669,ENSSSCG00000012667,ENSSSCG00000009972,ENSSSCG00000033673,ENSSSCG00000030303,ENSSSCG00000004803,ENSSSCG00000028771,ENSSSCG00000022280,ENSSSCG00000027613,ENSSSCG00000026707,ENSSSCG00000013349,ENSSSCG00000026087,ENSSSCG00000035805,ENSSSCG00000012402,ENSSSCG00000032684,ENSSSCG00000012234,ENSSSCG00000033323,ENSSSCG00000028552,ENSSSCG00000004170,ENSSSCG00000021333,ENSSSCG00000002863,ENSSSCG00000039342,ENSSSCG00000036747,ENSSSCG00000031077,ENSSSCG00000010570,ENSSSCG00000040140"
Muscle,GO:BP,GO:1905898,positive regulation of response to endoplasmic reticulum stress,0.18444513870501417,28,38,1,0.02631578947368421,18.001879699248118,ENSSSCG00000032684
Muscle,GO:BP,GO:0072337,modified amino acid transport,0.18950537130039963,29,38,1,0.02631578947368421,17.381125226860252,ENSSSCG00000004399
Muscle,GO:BP,GO:0014743,regulation of muscle hypertrophy,0.18950537130039963,29,38,1,0.02631578947368421,17.381125226860252,ENSSSCG00000028771
Muscle,GO:BP,GO:0010591,regulation of lamellipodium assembly,0.19048639667849562,30,38,1,0.02631578947368421,16.801754385964912,ENSSSCG00000036747
Muscle,GO:BP,GO:0010719,negative regulation of epithelial to mesenchymal transition,0.19048639667849562,30,38,1,0.02631578947368421,16.801754385964912,ENSSSCG00000022280
Muscle,GO:BP,GO:2001239,regulation of extrinsic apoptotic signaling pathway in absence of ligand,0.19048639667849562,30,38,1,0.02631578947368421,16.801754385964912,ENSSSCG00000012234
Muscle,GO:BP,GO:0015868,purine ribonucleotide transport,0.19048639667849562,30,38,1,0.02631578947368421,16.801754385964912,ENSSSCG00000033673
Muscle,GO:BP,GO:0031102,neuron projection regeneration,0.19048639667849562,30,38,1,0.02631578947368421,16.801754385964912,ENSSSCG00000009972
Muscle,GO:BP,GO:0003351,epithelial cilium movement involved in extracellular fluid movement,0.19048639667849562,30,38,1,0.02631578947368421,16.801754385964912,ENSSSCG00000039342
Muscle,GO:BP,GO:0030279,negative regulation of ossification,0.19048639667849562,30,38,1,0.02631578947368421,16.801754385964912,ENSSSCG00000009972
Muscle,GO:BP,GO:0015872,dopamine transport,0.19048639667849562,30,38,1,0.02631578947368421,16.801754385964912,ENSSSCG00000031077
Muscle,GO:BP,GO:0051239,regulation of multicellular organismal process,0.19089330840460839,2161,38,8,0.21052631578947367,1.8659977106115588,"ENSSSCG00000009972,ENSSSCG00000030303,ENSSSCG00000028771,ENSSSCG00000022280,ENSSSCG00000013349,ENSSSCG00000028552,ENSSSCG00000021333,ENSSSCG00000040140"
Muscle,GO:BP,GO:0065008,regulation of biological quality,0.19140347611477312,2168,38,8,0.21052631578947367,1.8599728102544182,"ENSSSCG00000037539,ENSSSCG00000033673,ENSSSCG00000027613,ENSSSCG00000026707,ENSSSCG00000012402,ENSSSCG00000032684,ENSSSCG00000036747,ENSSSCG00000010570"
Muscle,GO:BP,GO:0032743,positive regulation of interleukin-2 production,0.19140347611477312,31,38,1,0.02631578947368421,16.2597623089983,ENSSSCG00000040140
Muscle,GO:BP,GO:2000516,"positive regulation of CD4-positive, alpha-beta T cell activation",0.19140347611477312,31,38,1,0.02631578947368421,16.2597623089983,ENSSSCG00000040140
Muscle,GO:BP,GO:0072530,purine-containing compound transmembrane transport,0.19140347611477312,31,38,1,0.02631578947368421,16.2597623089983,ENSSSCG00000033673
Muscle,GO:BP,GO:0045746,negative regulation of Notch signaling pathway,0.19140347611477312,31,38,1,0.02631578947368421,16.2597623089983,ENSSSCG00000035805
Muscle,GO:BP,GO:0003341,cilium movement,0.19140347611477312,198,38,2,0.05263157894736842,5.09144072301967,"ENSSSCG00000004399,ENSSSCG00000039342"
Muscle,GO:BP,GO:0046640,regulation of alpha-beta T cell proliferation,0.19140347611477312,31,38,1,0.02631578947368421,16.2597623089983,ENSSSCG00000040140
Muscle,GO:BP,GO:0006858,extracellular transport,0.1946954430331545,32,38,1,0.02631578947368421,15.751644736842104,ENSSSCG00000039342
Muscle,GO:BP,GO:0070286,axonemal dynein complex assembly,0.1946954430331545,32,38,1,0.02631578947368421,15.751644736842104,ENSSSCG00000039342
Muscle,GO:BP,GO:0060412,ventricular septum morphogenesis,0.1946954430331545,32,38,1,0.02631578947368421,15.751644736842104,ENSSSCG00000036512
Muscle,GO:BP,GO:0071375,cellular response to peptide hormone stimulus,0.1946954430331545,204,38,2,0.05263157894736842,4.941692466460268,"ENSSSCG00000026087,ENSSSCG00000039342"
Muscle,GO:BP,GO:0032879,regulation of localization,0.1946954430331545,1435,38,6,0.15789473684210525,2.107537135521731,"ENSSSCG00000033673,ENSSSCG00000028771,ENSSSCG00000027613,ENSSSCG00000026707,ENSSSCG00000032684,ENSSSCG00000010570"
Muscle,GO:BP,GO:0051049,regulation of transport,0.19672352978115112,1090,38,5,0.13157894736842105,2.3121680347658136,"ENSSSCG00000033673,ENSSSCG00000028771,ENSSSCG00000027613,ENSSSCG00000032684,ENSSSCG00000010570"
Muscle,GO:BP,GO:0045765,regulation of angiogenesis,0.19676615955261806,206,38,2,0.05263157894736842,4.893714869698518,"ENSSSCG00000013349,ENSSSCG00000021333"
Muscle,GO:BP,GO:0010828,positive regulation of D-glucose transmembrane transport,0.19807999013699093,33,38,1,0.02631578947368421,15.274322169059012,ENSSSCG00000028771
Muscle,GO:BP,GO:0070266,necroptotic process,0.19810539941658864,34,38,1,0.02631578947368421,14.825077399380804,ENSSSCG00000032684
Muscle,GO:BP,GO:0003254,regulation of membrane depolarization,0.19810539941658864,34,38,1,0.02631578947368421,14.825077399380804,ENSSSCG00000032684
Muscle,GO:BP,GO:0051503,adenine nucleotide transport,0.19810539941658864,34,38,1,0.02631578947368421,14.825077399380804,ENSSSCG00000033673
Muscle,GO:BP,GO:0009250,glucan biosynthetic process,0.19810539941658864,35,38,1,0.02631578947368421,14.401503759398494,ENSSSCG00000038044
Muscle,GO:BP,GO:0005978,glycogen biosynthetic process,0.19810539941658864,35,38,1,0.02631578947368421,14.401503759398494,ENSSSCG00000038044
Muscle,GO:BP,GO:0048514,blood vessel morphogenesis,0.19810539941658864,467,38,3,0.07894736842105263,3.23802547052857,"ENSSSCG00000013349,ENSSSCG00000012402,ENSSSCG00000021333"
Muscle,GO:BP,GO:0010830,regulation of myotube differentiation,0.19810539941658864,35,38,1,0.02631578947368421,14.401503759398494,ENSSSCG00000028552
Muscle,GO:BP,GO:0003007,heart morphogenesis,0.19810539941658864,213,38,2,0.05263157894736842,4.732888559426736,"ENSSSCG00000036512,ENSSSCG00000004803"
Muscle,GO:BP,GO:0060828,regulation of canonical Wnt signaling pathway,0.19810539941658864,213,38,2,0.05263157894736842,4.732888559426736,"ENSSSCG00000009972,ENSSSCG00000022280"
Muscle,GO:BP,GO:0043368,positive T cell selection,0.19810539941658864,35,38,1,0.02631578947368421,14.401503759398494,ENSSSCG00000040140
Muscle,GO:BP,GO:1901342,regulation of vasculature development,0.19810539941658864,212,38,2,0.05263157894736842,4.755213505461767,"ENSSSCG00000013349,ENSSSCG00000021333"
Muscle,GO:BP,GO:0046633,alpha-beta T cell proliferation,0.19810539941658864,34,38,1,0.02631578947368421,14.825077399380804,ENSSSCG00000040140
Muscle,GO:BP,GO:0007167,enzyme-linked receptor protein signaling pathway,0.19810539941658864,771,38,4,0.10526315789473684,2.6150590483992078,"ENSSSCG00000036512,ENSSSCG00000012667,ENSSSCG00000026087,ENSSSCG00000039342"
Muscle,GO:BP,GO:0048678,response to axon injury,0.19810539941658864,35,38,1,0.02631578947368421,14.401503759398494,ENSSSCG00000009972
Muscle,GO:BP,GO:0015865,purine nucleotide transport,0.19810539941658864,35,38,1,0.02631578947368421,14.401503759398494,ENSSSCG00000033673
Muscle,GO:BP,GO:0048699,generation of neurons,0.19810539941658864,1107,38,5,0.13157894736842105,2.2766604859031045,"ENSSSCG00000009972,ENSSSCG00000021333,ENSSSCG00000026211,ENSSSCG00000010570,ENSSSCG00000040140"
Muscle,GO:BP,GO:0051716,cellular response to stimulus,0.19810539941658864,7052,38,19,0.5,1.3580544526375495,"ENSSSCG00000036512,ENSSSCG00000012669,ENSSSCG00000012667,ENSSSCG00000009972,ENSSSCG00000033673,ENSSSCG00000030303,ENSSSCG00000028771,ENSSSCG00000022280,ENSSSCG00000026707,ENSSSCG00000026087,ENSSSCG00000035805,ENSSSCG00000012402,ENSSSCG00000032684,ENSSSCG00000012234,ENSSSCG00000033323,ENSSSCG00000021333,ENSSSCG00000039342,ENSSSCG00000036747,ENSSSCG00000040140"
Muscle,GO:BP,GO:0010959,regulation of metal ion transport,0.19810539941658864,214,38,2,0.05263157894736842,4.710772257747172,"ENSSSCG00000027613,ENSSSCG00000010570"
Muscle,GO:BP,GO:0055080,monoatomic cation homeostasis,0.19877996044347643,476,38,3,0.07894736842105263,3.1768022998673153,"ENSSSCG00000027613,ENSSSCG00000026707,ENSSSCG00000032684"
Muscle,GO:BP,GO:0045596,negative regulation of cell differentiation,0.19877996044347643,476,38,3,0.07894736842105263,3.1768022998673153,"ENSSSCG00000022280,ENSSSCG00000028552,ENSSSCG00000002863"
Muscle,GO:BP,GO:0006984,ER-nucleus signaling pathway,0.20110314111828162,36,38,1,0.02631578947368421,14.001461988304094,ENSSSCG00000032684
Muscle,GO:BP,GO:1905168,positive regulation of double-strand break repair via homologous recombination,0.20110314111828162,36,38,1,0.02631578947368421,14.001461988304094,ENSSSCG00000036747
Muscle,GO:BP,GO:0015837,amine transport,0.20340974556089825,37,38,1,0.02631578947368421,13.623044096728306,ENSSSCG00000004399
Muscle,GO:BP,GO:0001836,release of cytochrome c from mitochondria,0.20340974556089825,37,38,1,0.02631578947368421,13.623044096728306,ENSSSCG00000032684
Muscle,GO:BP,GO:0050801,monoatomic ion homeostasis,0.20340974556089825,483,38,3,0.07894736842105263,3.13076168682576,"ENSSSCG00000027613,ENSSSCG00000026707,ENSSSCG00000032684"
Muscle,GO:BP,GO:0042551,neuron maturation,0.20340974556089825,37,38,1,0.02631578947368421,13.623044096728306,ENSSSCG00000010570
Muscle,GO:BP,GO:0050850,positive regulation of calcium-mediated signaling,0.20340974556089825,37,38,1,0.02631578947368421,13.623044096728306,ENSSSCG00000040140
Muscle,GO:BP,GO:0001954,positive regulation of cell-matrix adhesion,0.20503534101112375,38,38,1,0.02631578947368421,13.264542936288088,ENSSSCG00000040140
Muscle,GO:BP,GO:0086009,membrane repolarization,0.20503534101112375,38,38,1,0.02631578947368421,13.264542936288088,ENSSSCG00000010570
Muscle,GO:BP,GO:0046324,regulation of D-glucose import,0.20503534101112375,38,38,1,0.02631578947368421,13.264542936288088,ENSSSCG00000028771
Muscle,GO:BP,GO:1904262,negative regulation of TORC1 signaling,0.20503534101112375,38,38,1,0.02631578947368421,13.264542936288088,ENSSSCG00000033323
Muscle,GO:BP,GO:0051646,mitochondrion localization,0.20503534101112375,38,38,1,0.02631578947368421,13.264542936288088,ENSSSCG00000028771
Muscle,GO:BP,GO:0034976,response to endoplasmic reticulum stress,0.20503534101112375,223,38,2,0.05263157894736842,4.520651404295492,"ENSSSCG00000032684,ENSSSCG00000012234"
Muscle,REAC,REAC:R-SSC-380108,Chemokine receptors bind chemokines,0.2071838538330196,41,16,2,0.125,23.76219512195122,"ENSSSCG00000026707,ENSSSCG00000012402"
Muscle,REAC,REAC:R-SSC-397014,Muscle contraction,0.2071838538330196,134,16,3,0.1875,10.905783582089551,"ENSSSCG00000004803,ENSSSCG00000027613,ENSSSCG00000010570"
Muscle,GO:BP,GO:1904035,regulation of epithelial cell apoptotic process,0.20809157288030034,40,38,1,0.02631578947368421,12.601315789473682,ENSSSCG00000032684
Muscle,GO:BP,GO:0007169,cell surface receptor protein tyrosine kinase signaling pathway,0.20809157288030034,500,38,3,0.07894736842105263,3.0243157894736843,"ENSSSCG00000036512,ENSSSCG00000026087,ENSSSCG00000039342"
Muscle,GO:BP,GO:0051937,catecholamine transport,0.20809157288030034,39,38,1,0.02631578947368421,12.924426450742239,ENSSSCG00000031077
Muscle,GO:BP,GO:0006862,nucleotide transport,0.20809157288030034,40,38,1,0.02631578947368421,12.601315789473682,ENSSSCG00000033673
Muscle,GO:BP,GO:0042157,lipoprotein metabolic process,0.20809157288030034,40,38,1,0.02631578947368421,12.601315789473682,ENSSSCG00000000148
Muscle,GO:BP,GO:0033628,regulation of cell adhesion mediated by integrin,0.20809157288030034,40,38,1,0.02631578947368421,12.601315789473682,ENSSSCG00000040140
Muscle,GO:BP,GO:1902743,regulation of lamellipodium organization,0.20809157288030034,40,38,1,0.02631578947368421,12.601315789473682,ENSSSCG00000036747
Muscle,GO:BP,GO:0033363,secretory granule organization,0.20809157288030034,40,38,1,0.02631578947368421,12.601315789473682,ENSSSCG00000016579
Muscle,GO:BP,GO:1901379,regulation of potassium ion transmembrane transport,0.20809157288030034,40,38,1,0.02631578947368421,12.601315789473682,ENSSSCG00000010570
Muscle,GO:BP,GO:0001881,receptor recycling,0.20809157288030034,39,38,1,0.02631578947368421,12.924426450742239,ENSSSCG00000030303
Muscle,GO:BP,GO:0032924,activin receptor signaling pathway,0.20809157288030034,39,38,1,0.02631578947368421,12.924426450742239,ENSSSCG00000012667
Muscle,GO:BP,GO:0070588,calcium ion transmembrane transport,0.20809157288030034,230,38,2,0.05263157894736842,4.3830663615560645,"ENSSSCG00000027613,ENSSSCG00000026707"
Muscle,REAC,REAC:R-SSC-9609507,Protein localization,0.21129607935333125,88,16,2,0.125,11.071022727272728,"ENSSSCG00000033673,ENSSSCG00000033323"
Muscle,REAC,REAC:R-SSC-70221,Glycogen breakdown (glycogenolysis),0.21129607935333125,10,16,1,0.0625,48.7125,ENSSSCG00000038044
Muscle,REAC,REAC:R-SSC-112311,Neurotransmitter clearance,0.21129607935333125,8,16,1,0.0625,60.890625,ENSSSCG00000030303
Muscle,REAC,REAC:R-SSC-549127,Organic cation transport,0.21129607935333125,8,16,1,0.0625,60.890625,ENSSSCG00000004399
Muscle,REAC,REAC:R-SSC-5576891,Cardiac conduction,0.21129607935333125,78,16,2,0.125,12.490384615384615,"ENSSSCG00000027613,ENSSSCG00000010570"
Muscle,REAC,REAC:R-SSC-83936,Transport of nucleosides and free purine and pyrimidine bases across the plasma membrane,0.21129607935333125,11,16,1,0.0625,44.284090909090914,ENSSSCG00000033673
Muscle,REAC,REAC:R-SSC-141405,Inhibition of the proteolytic activity of APC/C required for the onset of anaphase by mitotic spindle checkpoint components,0.21129607935333125,14,16,1,0.0625,34.794642857142854,ENSSSCG00000033323
Muscle,REAC,REAC:R-SSC-549132,Organic cation/anion/zwitterion transport,0.21129607935333125,13,16,1,0.0625,37.47115384615385,ENSSSCG00000004399
Muscle,REAC,REAC:R-SSC-5658623,FGFRL1 modulation of FGFR1 signaling,0.21129607935333125,12,16,1,0.0625,40.59375,ENSSSCG00000036512
Muscle,REAC,REAC:R-SSC-3772470,Negative regulation of TCF-dependent signaling by WNT ligand antagonists,0.21129607935333125,7,16,1,0.0625,69.58928571428571,ENSSSCG00000009972
Muscle,REAC,REAC:R-SSC-8982491,Glycogen metabolism,0.21129607935333125,14,16,1,0.0625,34.794642857142854,ENSSSCG00000038044
Muscle,REAC,REAC:R-SSC-5576894,Phase 1 - inactivation of fast Na+ channels,0.21129607935333125,5,16,1,0.0625,97.425,ENSSSCG00000010570
Muscle,REAC,REAC:R-SSC-176407,Conversion from APC/C:Cdc20 to APC/C:Cdh1 in late anaphase,0.21129607935333125,14,16,1,0.0625,34.794642857142854,ENSSSCG00000033323
Muscle,REAC,REAC:R-SSC-176412,Phosphorylation of the APC/C,0.21129607935333125,14,16,1,0.0625,34.794642857142854,ENSSSCG00000033323
Muscle,REAC,REAC:R-SSC-3322077,Glycogen synthesis,0.21129607935333125,6,16,1,0.0625,81.1875,ENSSSCG00000038044
Muscle,REAC,REAC:R-SSC-141430,Inactivation of APC/C via direct inhibition of the APC/C complex,0.21129607935333125,14,16,1,0.0625,34.794642857142854,ENSSSCG00000033323
Muscle,GO:BP,GO:0060485,mesenchyme development,0.21171689361257137,234,38,2,0.05263157894736842,4.308142150247413,"ENSSSCG00000004803,ENSSSCG00000022280"
Muscle,GO:BP,GO:2001238,positive regulation of extrinsic apoptotic signaling pathway,0.21171689361257137,41,38,1,0.02631578947368421,12.293966623876765,ENSSSCG00000012234
Muscle,GO:BP,GO:2000351,regulation of endothelial cell apoptotic process,0.21171689361257137,41,38,1,0.02631578947368421,12.293966623876765,ENSSSCG00000021333
Muscle,REAC,REAC:R-SSC-375276,Peptide ligand-binding receptors,0.21179399564937876,142,16,2,0.125,6.860915492957746,"ENSSSCG00000026707,ENSSSCG00000012402"
Muscle,REAC,REAC:R-SSC-1268020,Mitochondrial protein import,0.21179399564937876,16,16,1,0.0625,30.4453125,ENSSSCG00000033673
Muscle,REAC,REAC:R-SSC-202430,Translocation of ZAP-70 to Immunological synapse,0.21179399564937876,18,16,1,0.0625,27.0625,ENSSSCG00000040140
Muscle,REAC,REAC:R-SSC-179409,APC-Cdc20 mediated degradation of Nek2A,0.21179399564937876,18,16,1,0.0625,27.0625,ENSSSCG00000033323
Muscle,REAC,REAC:R-SSC-174048,APC/C:Cdc20 mediated degradation of Cyclin B,0.21179399564937876,18,16,1,0.0625,27.0625,ENSSSCG00000033323
Muscle,GO:BP,GO:0035556,intracellular signal transduction,0.21675373345734708,2314,38,8,0.21052631578947367,1.7426192967292906,"ENSSSCG00000028771,ENSSSCG00000026707,ENSSSCG00000012402,ENSSSCG00000032684,ENSSSCG00000033323,ENSSSCG00000021333,ENSSSCG00000036747,ENSSSCG00000040140"
Muscle,REAC,REAC:R-SSC-202427,Phosphorylation of CD3 and TCR zeta chains,0.21795446164972906,21,16,1,0.0625,23.196428571428573,ENSSSCG00000040140
Muscle,REAC,REAC:R-SSC-389948,Co-inhibition by PD-1,0.21795446164972906,21,16,1,0.0625,23.196428571428573,ENSSSCG00000040140
Muscle,REAC,REAC:R-SSC-937041,IKK complex recruitment mediated by RIP1,0.21795446164972906,20,16,1,0.0625,24.35625,ENSSSCG00000033323
Muscle,GO:BP,GO:0097300,programmed necrotic cell death,0.21933032103587868,43,38,1,0.02631578947368421,11.722154222766218,ENSSSCG00000032684
Muscle,GO:BP,GO:0003300,cardiac muscle hypertrophy,0.21933032103587868,43,38,1,0.02631578947368421,11.722154222766218,ENSSSCG00000028771
Muscle,REAC,REAC:R-SSC-525793,Myogenesis,0.21966585061509772,22,16,1,0.0625,22.142045454545457,ENSSSCG00000028771
Muscle,GO:BP,GO:0070887,cellular response to chemical stimulus,0.2204485186920351,1549,38,6,0.15789473684210525,1.9524311100540246,"ENSSSCG00000030303,ENSSSCG00000028771,ENSSSCG00000026707,ENSSSCG00000026087,ENSSSCG00000012402,ENSSSCG00000039342"
Muscle,GO:BP,GO:0072577,endothelial cell apoptotic process,0.2205311162701422,44,38,1,0.02631578947368421,11.455741626794257,ENSSSCG00000021333
Muscle,GO:BP,GO:0051148,negative regulation of muscle cell differentiation,0.2205311162701422,44,38,1,0.02631578947368421,11.455741626794257,ENSSSCG00000028552
Muscle,GO:BP,GO:0045599,negative regulation of fat cell differentiation,0.2205311162701422,44,38,1,0.02631578947368421,11.455741626794257,ENSSSCG00000002863
Muscle,GO:BP,GO:0000271,polysaccharide biosynthetic process,0.2205311162701422,44,38,1,0.02631578947368421,11.455741626794257,ENSSSCG00000038044
Muscle,GO:BP,GO:0043502,regulation of muscle adaptation,0.2205311162701422,44,38,1,0.02631578947368421,11.455741626794257,ENSSSCG00000028771
Muscle,REAC,REAC:R-SSC-1483191,Synthesis of PC,0.22268183829964872,24,16,1,0.0625,20.296875,ENSSSCG00000030303
Muscle,REAC,REAC:R-SSC-8866652,Synthesis of active ubiquitin: roles of E1 and E2 enzymes,0.22268183829964872,24,16,1,0.0625,20.296875,ENSSSCG00000033323
Muscle,GO:BP,GO:0072132,mesenchyme morphogenesis,0.2234911224872323,45,38,1,0.02631578947368421,11.201169590643275,ENSSSCG00000004803
Muscle,GO:BP,GO:1904064,positive regulation of cation transmembrane transport,0.2234911224872323,45,38,1,0.02631578947368421,11.201169590643275,ENSSSCG00000010570
Muscle,GO:BP,GO:0051279,regulation of release of sequestered calcium ion into cytosol,0.2234911224872323,45,38,1,0.02631578947368421,11.201169590643275,ENSSSCG00000027613
Muscle,GO:BP,GO:0060326,cell chemotaxis,0.22406366788979823,247,38,2,0.05263157894736842,4.081397826550181,"ENSSSCG00000026707,ENSSSCG00000012402"
Muscle,GO:BP,GO:0014896,muscle hypertrophy,0.22578553376569613,46,38,1,0.02631578947368421,10.95766590389016,ENSSSCG00000028771
Muscle,GO:BP,GO:0034767,positive regulation of monoatomic ion transmembrane transport,0.22578553376569613,46,38,1,0.02631578947368421,10.95766590389016,ENSSSCG00000010570
Muscle,GO:BP,GO:0014897,striated muscle hypertrophy,0.22578553376569613,46,38,1,0.02631578947368421,10.95766590389016,ENSSSCG00000028771
Muscle,REAC,REAC:R-SSC-5689896,Ovarian tumor domain proteases,0.22637995696660104,27,16,1,0.0625,18.041666666666664,ENSSSCG00000033323
Muscle,REAC,REAC:R-SSC-2173795,Downregulation of SMAD2/3:SMAD4 transcriptional activity,0.22637995696660104,26,16,1,0.0625,18.735576923076923,ENSSSCG00000033323
Muscle,REAC,REAC:R-SSC-202433,Generation of second messenger molecules,0.22637995696660104,27,16,1,0.0625,18.041666666666664,ENSSSCG00000040140
Muscle,REAC,REAC:R-SSC-176408,Regulation of APC/C activators between G1/S and early anaphase,0.227432585750667,28,16,1,0.0625,17.397321428571427,ENSSSCG00000033323
Muscle,GO:BP,GO:0043434,response to peptide hormone,0.22780323530560204,251,38,2,0.05263157894736842,4.016355630111135,"ENSSSCG00000026087,ENSSSCG00000039342"
Muscle,GO:BP,GO:0043269,regulation of monoatomic ion transport,0.22863018741960786,252,38,2,0.05263157894736842,4.000417710944027,"ENSSSCG00000027613,ENSSSCG00000010570"
Muscle,GO:BP,GO:0003179,heart valve morphogenesis,0.22863018741960786,47,38,1,0.02631578947368421,10.724524076147816,ENSSSCG00000036512
Muscle,GO:BP,GO:0007528,neuromuscular junction development,0.23081014410364564,48,38,1,0.02631578947368421,10.501096491228068,ENSSSCG00000011646
Muscle,GO:BP,GO:0051480,regulation of cytosolic calcium ion concentration,0.23081014410364564,48,38,1,0.02631578947368421,10.501096491228068,ENSSSCG00000032684
Muscle,GO:BP,GO:0097192,extrinsic apoptotic signaling pathway in absence of ligand,0.23081014410364564,48,38,1,0.02631578947368421,10.501096491228068,ENSSSCG00000012234
Muscle,GO:BP,GO:0045058,T cell selection,0.23081014410364564,48,38,1,0.02631578947368421,10.501096491228068,ENSSSCG00000040140
Muscle,GO:BP,GO:0051050,positive regulation of transport,0.23318832127260486,543,38,3,0.07894736842105263,2.7848211689444606,"ENSSSCG00000028771,ENSSSCG00000032684,ENSSSCG00000010570"
Muscle,GO:BP,GO:0043266,regulation of potassium ion transport,0.23354554430205457,49,38,1,0.02631578947368421,10.286788399570355,ENSSSCG00000010570
Muscle,GO:BP,GO:0046635,positive regulation of alpha-beta T cell activation,0.23354554430205457,49,38,1,0.02631578947368421,10.286788399570355,ENSSSCG00000040140
Muscle,GO:BP,GO:0001568,blood vessel development,0.23527137319950792,547,38,3,0.07894736842105263,2.7644568459540073,"ENSSSCG00000013349,ENSSSCG00000012402,ENSSSCG00000021333"
Muscle,GO:BP,GO:0070059,intrinsic apoptotic signaling pathway in response to endoplasmic reticulum stress,0.23561758175845457,50,38,1,0.02631578947368421,10.081052631578947,ENSSSCG00000032684
Muscle,GO:BP,GO:0055082,intracellular chemical homeostasis,0.23561758175845457,549,38,3,0.07894736842105263,2.7543859649122804,"ENSSSCG00000027613,ENSSSCG00000026707,ENSSSCG00000032684"
Muscle,GO:BP,GO:0038034,signal transduction in absence of ligand,0.23561758175845457,50,38,1,0.02631578947368421,10.081052631578947,ENSSSCG00000012234
Muscle,REAC,REAC:R-SSC-390522,Striated Muscle Contraction,0.2360587239687585,30,16,1,0.0625,16.2375,ENSSSCG00000004803
Muscle,REAC,REAC:R-SSC-201451,Signaling by BMP,0.23673151458209413,31,16,1,0.0625,15.713709677419356,ENSSSCG00000033323
Muscle,GO:BP,GO:0016043,cellular component organization,0.23689667184414354,6401,38,17,0.4473684210526316,1.3386806337825503,"ENSSSCG00000009972,ENSSSCG00000033673,ENSSSCG00000004803,ENSSSCG00000028771,ENSSSCG00000022280,ENSSSCG00000015796,ENSSSCG00000011646,ENSSSCG00000032684,ENSSSCG00000012234,ENSSSCG00000021333,ENSSSCG00000026211,ENSSSCG00000039342,ENSSSCG00000036747,ENSSSCG00000010570,ENSSSCG00000040140,ENSSSCG00000016579,ENSSSCG00000009192"
Muscle,GO:BP,GO:0051881,regulation of mitochondrial membrane potential,0.23689667184414354,51,38,1,0.02631578947368421,9.883384932920537,ENSSSCG00000032684
Muscle,GO:BP,GO:0010827,regulation of D-glucose transmembrane transport,0.23689667184414354,51,38,1,0.02631578947368421,9.883384932920537,ENSSSCG00000028771
Muscle,GO:BP,GO:0030111,regulation of Wnt signaling pathway,0.23689667184414354,265,38,2,0.05263157894736842,3.8041708043694142,"ENSSSCG00000009972,ENSSSCG00000022280"
Muscle,GO:BP,GO:0060070,canonical Wnt signaling pathway,0.23689667184414354,264,38,2,0.05263157894736842,3.818580542264753,"ENSSSCG00000009972,ENSSSCG00000022280"
Muscle,GO:BP,GO:0051169,nuclear transport,0.23689667184414354,265,38,2,0.05263157894736842,3.8041708043694142,"ENSSSCG00000013349,ENSSSCG00000031077"
Muscle,GO:BP,GO:0015844,monoamine transport,0.23689667184414354,51,38,1,0.02631578947368421,9.883384932920537,ENSSSCG00000031077
Muscle,GO:BP,GO:0006913,nucleocytoplasmic transport,0.23689667184414354,265,38,2,0.05263157894736842,3.8041708043694142,"ENSSSCG00000013349,ENSSSCG00000031077"
Muscle,GO:BP,GO:0140115,export across plasma membrane,0.23779923214505244,52,38,1,0.02631578947368421,9.693319838056679,ENSSSCG00000010570
Muscle,GO:BP,GO:0046626,regulation of insulin receptor signaling pathway,0.23779923214505244,52,38,1,0.02631578947368421,9.693319838056679,ENSSSCG00000026087
Muscle,GO:BP,GO:0055008,cardiac muscle tissue morphogenesis,0.23779923214505244,52,38,1,0.02631578947368421,9.693319838056679,ENSSSCG00000004803
Muscle,GO:BP,GO:0003012,muscle system process,0.23848456995829462,268,38,2,0.05263157894736842,3.7615868028279653,"ENSSSCG00000028771,ENSSSCG00000010570"
Muscle,GO:BP,GO:0031401,positive regulation of protein modification process,0.23912991983862433,270,38,2,0.05263157894736842,3.7337231968810913,"ENSSSCG00000033323,ENSSSCG00000040140"
Muscle,GO:BP,GO:2001244,positive regulation of intrinsic apoptotic signaling pathway,0.23912991983862433,53,38,1,0.02631578947368421,9.510427010923534,ENSSSCG00000032684
Muscle,GO:BP,GO:0030032,lamellipodium assembly,0.23912991983862433,53,38,1,0.02631578947368421,9.510427010923534,ENSSSCG00000036747
Muscle,GO:BP,GO:0032007,negative regulation of TOR signaling,0.23912991983862433,53,38,1,0.02631578947368421,9.510427010923534,ENSSSCG00000033323
Muscle,GO:BP,GO:0046323,D-glucose import,0.24041970763680579,54,38,1,0.02631578947368421,9.33430799220273,ENSSSCG00000028771
Muscle,GO:BP,GO:2000514,"regulation of CD4-positive, alpha-beta T cell activation",0.24041970763680579,54,38,1,0.02631578947368421,9.33430799220273,ENSSSCG00000040140
Muscle,GO:BP,GO:0032663,regulation of interleukin-2 production,0.24041970763680579,54,38,1,0.02631578947368421,9.33430799220273,ENSSSCG00000040140
Muscle,GO:BP,GO:0003281,ventricular septum development,0.24041970763680579,54,38,1,0.02631578947368421,9.33430799220273,ENSSSCG00000036512
Muscle,GO:BP,GO:0032623,interleukin-2 production,0.24041970763680579,54,38,1,0.02631578947368421,9.33430799220273,ENSSSCG00000040140
Muscle,GO:BP,GO:0032922,circadian regulation of gene expression,0.24284897842649988,55,38,1,0.02631578947368421,9.164593301435406,ENSSSCG00000028552
Muscle,GO:BP,GO:1900076,regulation of cellular response to insulin stimulus,0.24284897842649988,55,38,1,0.02631578947368421,9.164593301435406,ENSSSCG00000026087
Muscle,GO:BP,GO:0003170,heart valve development,0.24284897842649988,55,38,1,0.02631578947368421,9.164593301435406,ENSSSCG00000036512
Muscle,REAC,REAC:R-SSC-8866654,E3 ubiquitin ligases ubiquitinate target proteins,0.24453643995335778,33,16,1,0.0625,14.761363636363638,ENSSSCG00000033323
Muscle,GO:BP,GO:0016050,vesicle organization,0.24553913463016636,278,38,2,0.05263157894736842,3.626277925028398,"ENSSSCG00000012234,ENSSSCG00000016579"
Muscle,GO:BP,GO:0060996,dendritic spine development,0.24583013227613887,56,38,1,0.02631578947368421,9.000939849624059,ENSSSCG00000021333
Muscle,REAC,REAC:R-SSC-5578775,Ion homeostasis,0.24670521455783878,35,16,1,0.0625,13.917857142857141,ENSSSCG00000027613
Muscle,REAC,REAC:R-SSC-425407,SLC-mediated transmembrane transport,0.24670521455783878,214,16,2,0.125,4.552570093457944,"ENSSSCG00000033673,ENSSSCG00000004399"
Muscle,GO:BP,GO:0060415,muscle tissue morphogenesis,0.24698471776489875,57,38,1,0.02631578947368421,8.843028624192058,ENSSSCG00000004803
Muscle,GO:BP,GO:0097194,execution phase of apoptosis,0.24698471776489875,57,38,1,0.02631578947368421,8.843028624192058,ENSSSCG00000032684
Muscle,GO:BP,GO:0045669,positive regulation of osteoblast differentiation,0.24698471776489875,57,38,1,0.02631578947368421,8.843028624192058,ENSSSCG00000002863
Muscle,GO:BP,GO:0030968,endoplasmic reticulum unfolded protein response,0.24698471776489875,57,38,1,0.02631578947368421,8.843028624192058,ENSSSCG00000032684
Muscle,GO:BP,GO:0001944,vasculature development,0.24698471776489875,579,38,3,0.07894736842105263,2.611671666212162,"ENSSSCG00000013349,ENSSSCG00000012402,ENSSSCG00000021333"
Muscle,GO:BP,GO:0010628,positive regulation of gene expression,0.24855711087362106,921,38,4,0.10526315789473684,2.189153665923767,"ENSSSCG00000004803,ENSSSCG00000028771,ENSSSCG00000002863,ENSSSCG00000040140"
Muscle,GO:BP,GO:0060411,cardiac septum morphogenesis,0.24928553772625273,58,38,1,0.02631578947368421,8.690562613430126,ENSSSCG00000036512
Muscle,GO:BP,GO:0051153,regulation of striated muscle cell differentiation,0.24928553772625273,58,38,1,0.02631578947368421,8.690562613430126,ENSSSCG00000028552
Muscle,GO:BP,GO:2000781,positive regulation of double-strand break repair,0.25154590155334494,59,38,1,0.02631578947368421,8.543264942016057,ENSSSCG00000036747
Muscle,GO:BP,GO:0061337,cardiac conduction,0.25154590155334494,59,38,1,0.02631578947368421,8.543264942016057,ENSSSCG00000028771
Muscle,GO:BP,GO:0043112,receptor metabolic process,0.25154590155334494,59,38,1,0.02631578947368421,8.543264942016057,ENSSSCG00000030303
Muscle,REAC,REAC:R-SSC-388841,Regulation of T cell activation by CD28 family,0.25198388666319077,49,16,1,0.0625,9.941326530612244,ENSSSCG00000040140
Muscle,REAC,REAC:R-SSC-5654736,Signaling by FGFR1,0.25198388666319077,47,16,1,0.0625,10.36436170212766,ENSSSCG00000036512
Muscle,REAC,REAC:R-SSC-1234174,Cellular response to hypoxia,0.25198388666319077,54,16,1,0.0625,9.020833333333332,ENSSSCG00000033323
Muscle,REAC,REAC:R-SSC-373076,Class A/1 (Rhodopsin-like receptors),0.25198388666319077,247,16,2,0.125,3.9443319838056676,"ENSSSCG00000026707,ENSSSCG00000012402"
Muscle,REAC,REAC:R-SSC-2173793,Transcriptional activity of SMAD2/SMAD3:SMAD4 heterotrimer,0.25198388666319077,42,16,1,0.0625,11.598214285714286,ENSSSCG00000033323
Muscle,REAC,REAC:R-SSC-174084,Autodegradation of Cdh1 by Cdh1:APC/C,0.25198388666319077,45,16,1,0.0625,10.825,ENSSSCG00000033323
Muscle,REAC,REAC:R-SSC-5357905,Regulation of TNFR1 signaling,0.25198388666319077,44,16,1,0.0625,11.071022727272728,ENSSSCG00000033323
Muscle,REAC,REAC:R-SSC-75893,TNF signaling,0.25198388666319077,53,16,1,0.0625,9.191037735849056,ENSSSCG00000033323
Muscle,REAC,REAC:R-SSC-382551,Transport of small molecules,0.25198388666319077,568,16,3,0.1875,2.572843309859155,"ENSSSCG00000033673,ENSSSCG00000004399,ENSSSCG00000027613"
Muscle,REAC,REAC:R-SSC-174154,APC/C:Cdc20 mediated degradation of Securin,0.25198388666319077,49,16,1,0.0625,9.941326530612244,ENSSSCG00000033323
Muscle,REAC,REAC:R-SSC-174184,Cdc20:Phospho-APC/C mediated degradation of Cyclin A,0.25198388666319077,53,16,1,0.0625,9.191037735849056,ENSSSCG00000033323
Muscle,REAC,REAC:R-SSC-69017,CDK-mediated phosphorylation and removal of Cdc6,0.25198388666319077,54,16,1,0.0625,9.020833333333332,ENSSSCG00000033323
Muscle,REAC,REAC:R-SSC-176814,Activation of APC/C and APC/C:Cdc20 mediated degradation of mitotic proteins,0.25198388666319077,56,16,1,0.0625,8.698660714285714,ENSSSCG00000033323
Muscle,REAC,REAC:R-SSC-1234176,Oxygen-dependent proline hydroxylation of Hypoxia-inducible Factor Alpha,0.25198388666319077,49,16,1,0.0625,9.941326530612244,ENSSSCG00000033323
Muscle,REAC,REAC:R-SSC-425397,"Transport of vitamins, nucleosides, and related molecules",0.25198388666319077,39,16,1,0.0625,12.490384615384615,ENSSSCG00000033673
Muscle,REAC,REAC:R-SSC-179419,APC:Cdc20 mediated degradation of cell cycle proteins prior to satisfation of the cell cycle checkpoint,0.25198388666319077,53,16,1,0.0625,9.191037735849056,ENSSSCG00000033323
Muscle,REAC,REAC:R-SSC-8852135,Protein ubiquitination,0.25198388666319077,48,16,1,0.0625,10.1484375,ENSSSCG00000033323
Muscle,REAC,REAC:R-SSC-176409,APC/C:Cdc20 mediated degradation of mitotic proteins,0.25198388666319077,55,16,1,0.0625,8.856818181818182,ENSSSCG00000033323
Muscle,REAC,REAC:R-SSC-174178,APC/C:Cdh1 mediated degradation of Cdc20 and other APC/C:Cdh1 targeted proteins in late mitosis/early G1,0.25198388666319077,55,16,1,0.0625,8.856818181818182,ENSSSCG00000033323
Muscle,REAC,REAC:R-SSC-9033241,Peroxisomal protein import,0.25198388666319077,50,16,1,0.0625,9.7425,ENSSSCG00000033323
Muscle,GO:BP,GO:0014706,striated muscle tissue development,0.25240302746657334,288,38,2,0.05263157894736842,3.5003654970760234,"ENSSSCG00000004803,ENSSSCG00000028771"
Muscle,GO:BP,GO:0016049,cell growth,0.25411059473326575,290,38,2,0.05263157894736842,3.4762250453720505,"ENSSSCG00000022280,ENSSSCG00000026211"
Muscle,GO:BP,GO:0071277,cellular response to calcium ion,0.25411059473326575,60,38,1,0.02631578947368421,8.400877192982456,ENSSSCG00000028771
Muscle,KEGG,KEGG:04260,Cardiac muscle contraction,0.25859613334493164,85,17,2,0.11764705882352941,11.703806228373702,"ENSSSCG00000004803,ENSSSCG00000027613"
Muscle,KEGG,KEGG:04062,Chemokine signaling pathway,0.25859613334493164,175,17,3,0.17647058823529413,8.527058823529412,"ENSSSCG00000026707,ENSSSCG00000012402,ENSSSCG00000036747"
Muscle,KEGG,KEGG:04061,Viral protein interaction with cytokine and cytokine receptor,0.25859613334493164,79,17,2,0.11764705882352941,12.592702903946389,"ENSSSCG00000026707,ENSSSCG00000012402"
Muscle,GO:BP,GO:0032729,positive regulation of type II interferon production,0.26050491133745013,62,38,1,0.02631578947368421,8.12988115449915,ENSSSCG00000040140
Muscle,GO:BP,GO:0043500,muscle adaptation,0.26050491133745013,62,38,1,0.02631578947368421,8.12988115449915,ENSSSCG00000028771
Muscle,GO:BP,GO:0061024,membrane organization,0.26143374451679907,603,38,3,0.07894736842105263,2.5077245352186437,"ENSSSCG00000033673,ENSSSCG00000032684,ENSSSCG00000010570"
Muscle,GO:BP,GO:0006816,calcium ion transport,0.26475029379559006,299,38,2,0.05263157894736842,3.37158950888928,"ENSSSCG00000027613,ENSSSCG00000026707"
Muscle,GO:BP,GO:0048644,muscle organ morphogenesis,0.26591311672470097,64,38,1,0.02631578947368421,7.875822368421052,ENSSSCG00000004803
Muscle,GO:BP,GO:1904019,epithelial cell apoptotic process,0.26591311672470097,64,38,1,0.02631578947368421,7.875822368421052,ENSSSCG00000032684
Muscle,GO:BP,GO:0071346,cellular response to type II interferon,0.26918877449717904,65,38,1,0.02631578947368421,7.754655870445343,ENSSSCG00000036747
Muscle,GO:BP,GO:0070252,actin-mediated cell contraction,0.2719217631639896,67,38,1,0.02631578947368421,7.523173605655931,ENSSSCG00000004803
Muscle,GO:BP,GO:0010977,negative regulation of neuron projection development,0.2719217631639896,67,38,1,0.02631578947368421,7.523173605655931,ENSSSCG00000009972
Muscle,GO:BP,GO:0045911,positive regulation of DNA recombination,0.2719217631639896,67,38,1,0.02631578947368421,7.523173605655931,ENSSSCG00000036747
Muscle,GO:BP,GO:1903035,negative regulation of response to wounding,0.2719217631639896,67,38,1,0.02631578947368421,7.523173605655931,ENSSSCG00000009972
Muscle,GO:BP,GO:0071840,cellular component organization or biogenesis,0.2719217631639896,6600,38,17,0.4473684210526316,1.298317384370016,"ENSSSCG00000009972,ENSSSCG00000033673,ENSSSCG00000004803,ENSSSCG00000028771,ENSSSCG00000022280,ENSSSCG00000015796,ENSSSCG00000011646,ENSSSCG00000032684,ENSSSCG00000012234,ENSSSCG00000021333,ENSSSCG00000026211,ENSSSCG00000039342,ENSSSCG00000036747,ENSSSCG00000010570,ENSSSCG00000040140,ENSSSCG00000016579,ENSSSCG00000009192"
Muscle,GO:BP,GO:0034620,cellular response to unfolded protein,0.2719217631639896,67,38,1,0.02631578947368421,7.523173605655931,ENSSSCG00000032684
Muscle,GO:BP,GO:1905897,regulation of response to endoplasmic reticulum stress,0.2719217631639896,66,38,1,0.02631578947368421,7.637161084529506,ENSSSCG00000032684
Muscle,GO:BP,GO:0060537,muscle tissue development,0.2719217631639896,307,38,2,0.05263157894736842,3.2837304988856504,"ENSSSCG00000004803,ENSSSCG00000028771"
Muscle,GO:BP,GO:0097581,lamellipodium organization,0.27447402962522144,68,38,1,0.02631578947368421,7.412538699690402,ENSSSCG00000036747
Muscle,GO:BP,GO:0072332,intrinsic apoptotic signaling pathway by p53 class mediator,0.27447402962522144,68,38,1,0.02631578947368421,7.412538699690402,ENSSSCG00000032684
Muscle,REAC,REAC:R-SSC-9013026,RHOB GTPase cycle,0.27467116662739743,65,16,1,0.0625,7.49423076923077,ENSSSCG00000004803
Muscle,REAC,REAC:R-SSC-453276,Regulation of mitotic cell cycle,0.27467116662739743,66,16,1,0.0625,7.380681818181819,ENSSSCG00000033323
Muscle,REAC,REAC:R-SSC-190236,Signaling by FGFR,0.27467116662739743,67,16,1,0.0625,7.270522388059701,ENSSSCG00000036512
Muscle,REAC,REAC:R-SSC-425366,"Transport of bile salts and organic acids, metal ions and amine compounds",0.27467116662739743,65,16,1,0.0625,7.49423076923077,ENSSSCG00000004399
Muscle,REAC,REAC:R-SSC-174143,APC/C-mediated degradation of cell cycle proteins,0.27467116662739743,66,16,1,0.0625,7.380681818181819,ENSSSCG00000033323
Muscle,GO:BP,GO:0005977,glycogen metabolic process,0.2761973636931093,69,38,1,0.02631578947368421,7.305110602593439,ENSSSCG00000038044
Muscle,GO:BP,GO:0051899,membrane depolarization,0.2761973636931093,69,38,1,0.02631578947368421,7.305110602593439,ENSSSCG00000032684
Muscle,GO:BP,GO:0019725,cellular homeostasis,0.2761973636931093,630,38,3,0.07894736842105263,2.400250626566416,"ENSSSCG00000027613,ENSSSCG00000026707,ENSSSCG00000032684"
Muscle,GO:BP,GO:0008589,regulation of smoothened signaling pathway,0.2761973636931093,69,38,1,0.02631578947368421,7.305110602593439,ENSSSCG00000040140
Muscle,GO:BP,GO:0051492,regulation of stress fiber assembly,0.2770094409601903,70,38,1,0.02631578947368421,7.200751879699247,ENSSSCG00000036747
Muscle,GO:BP,GO:0033627,cell adhesion mediated by integrin,0.2770094409601903,70,38,1,0.02631578947368421,7.200751879699247,ENSSSCG00000040140
Muscle,GO:BP,GO:0008543,fibroblast growth factor receptor signaling pathway,0.2770094409601903,70,38,1,0.02631578947368421,7.200751879699247,ENSSSCG00000036512
Muscle,GO:BP,GO:0120162,positive regulation of cold-induced thermogenesis,0.2770094409601903,70,38,1,0.02631578947368421,7.200751879699247,ENSSSCG00000030303
Muscle,REAC,REAC:R-SSC-202424,Downstream TCR signaling,0.2795435241020051,74,16,1,0.0625,6.58277027027027,ENSSSCG00000040140
Muscle,REAC,REAC:R-SSC-9837999,Mitochondrial protein degradation,0.2795435241020051,70,16,1,0.0625,6.9589285714285705,ENSSSCG00000033673
Muscle,REAC,REAC:R-SSC-500792,GPCR ligand binding,0.2795435241020051,328,16,2,0.125,2.9702743902439024,"ENSSSCG00000026707,ENSSSCG00000012402"
Muscle,REAC,REAC:R-SSC-163125,Post-translational modification: synthesis of GPI-anchored proteins,0.2795435241020051,72,16,1,0.0625,6.765625,ENSSSCG00000026211
Muscle,REAC,REAC:R-SSC-69052,Switching of origins to a post-replicative state,0.2795435241020051,72,16,1,0.0625,6.765625,ENSSSCG00000033323
Muscle,REAC,REAC:R-SSC-170834,Signaling by TGF-beta Receptor Complex,0.2795435241020051,75,16,1,0.0625,6.495,ENSSSCG00000033323
Muscle,GO:BP,GO:0044042,glucan metabolic process,0.2800797240900999,71,38,1,0.02631578947368421,7.099332839140104,ENSSSCG00000038044
Muscle,REAC,REAC:R-SSC-2672351,Stimuli-sensing channels,0.2814235296845267,77,16,1,0.0625,6.326298701298702,ENSSSCG00000027613
Muscle,GO:BP,GO:0050848,regulation of calcium-mediated signaling,0.28312932642379,72,38,1,0.02631578947368421,7.000730994152047,ENSSSCG00000040140
Muscle,GO:BP,GO:1901264,carbohydrate derivative transport,0.28427989651294616,73,38,1,0.02631578947368421,6.904830569574621,ENSSSCG00000033673
Muscle,GO:BP,GO:0007399,nervous system development,0.28427989651294616,1772,38,6,0.15789473684210525,1.7067244861589639,"ENSSSCG00000009972,ENSSSCG00000028552,ENSSSCG00000021333,ENSSSCG00000026211,ENSSSCG00000010570,ENSSSCG00000040140"
Muscle,GO:BP,GO:0002709,regulation of T cell mediated immunity,0.28427989651294616,73,38,1,0.02631578947368421,6.904830569574621,ENSSSCG00000036747
Muscle,GO:BP,GO:0031398,positive regulation of protein ubiquitination,0.28427989651294616,73,38,1,0.02631578947368421,6.904830569574621,ENSSSCG00000033323
Muscle,GO:BP,GO:0010569,regulation of double-strand break repair via homologous recombination,0.287272980079671,74,38,1,0.02631578947368421,6.811522048364153,ENSSSCG00000036747
Muscle,REAC,REAC:R-SSC-2559582,Senescence-Associated Secretory Phenotype (SASP),0.2874537726826321,80,16,1,0.0625,6.0890625,ENSSSCG00000033323
Muscle,REAC,REAC:R-SSC-937061,TRIF (TICAM1)-mediated TLR4 signaling ,0.2884985094496452,84,16,1,0.0625,5.799107142857143,ENSSSCG00000033323
Muscle,REAC,REAC:R-SSC-2168880,Scavenging of heme from plasma,0.2884985094496452,84,16,1,0.0625,5.799107142857143,ENSSSCG00000000148
Muscle,REAC,REAC:R-SSC-166166,MyD88-independent TLR4 cascade ,0.2884985094496452,84,16,1,0.0625,5.799107142857143,ENSSSCG00000033323
Muscle,GO:BP,GO:0098662,inorganic cation transmembrane transport,0.28873948365424945,651,38,3,0.07894736842105263,2.3228231869997575,"ENSSSCG00000027613,ENSSSCG00000026707,ENSSSCG00000010570"
Muscle,GO:BP,GO:0050793,regulation of developmental process,0.28951380641215424,1789,38,6,0.15789473684210525,1.6905063104939542,"ENSSSCG00000009972,ENSSSCG00000022280,ENSSSCG00000013349,ENSSSCG00000028552,ENSSSCG00000021333,ENSSSCG00000002863"
Muscle,GO:BP,GO:0021549,cerebellum development,0.28951380641215424,75,38,1,0.02631578947368421,6.720701754385964,ENSSSCG00000040140
Muscle,GO:BP,GO:0006112,energy reserve metabolic process,0.29192992743632756,76,38,1,0.02631578947368421,6.632271468144044,ENSSSCG00000038044
Muscle,GO:BP,GO:0048870,cell motility,0.2919998528214103,1398,38,5,0.13157894736842105,1.8027633461335741,"ENSSSCG00000004399,ENSSSCG00000026707,ENSSSCG00000012402,ENSSSCG00000039342,ENSSSCG00000036747"
Muscle,GO:BP,GO:0035239,tube morphogenesis,0.2923091930323255,664,38,3,0.07894736842105263,2.2773462270133162,"ENSSSCG00000013349,ENSSSCG00000012402,ENSSSCG00000021333"
Muscle,GO:BP,GO:0050896,response to stimulus,0.2923091930323255,8186,38,20,0.5263157894736842,1.2314992220350534,"ENSSSCG00000036512,ENSSSCG00000012669,ENSSSCG00000012667,ENSSSCG00000009972,ENSSSCG00000033673,ENSSSCG00000030303,ENSSSCG00000028771,ENSSSCG00000022280,ENSSSCG00000027613,ENSSSCG00000026707,ENSSSCG00000026087,ENSSSCG00000035805,ENSSSCG00000012402,ENSSSCG00000032684,ENSSSCG00000012234,ENSSSCG00000033323,ENSSSCG00000021333,ENSSSCG00000039342,ENSSSCG00000036747,ENSSSCG00000040140"
Muscle,GO:BP,GO:0050731,positive regulation of peptidyl-tyrosine phosphorylation,0.2923091930323255,77,38,1,0.02631578947368421,6.546138072453862,ENSSSCG00000040140
Muscle,GO:BP,GO:0008593,regulation of Notch signaling pathway,0.2923091930323255,77,38,1,0.02631578947368421,6.546138072453862,ENSSSCG00000035805
Muscle,GO:BP,GO:0080171,lytic vacuole organization,0.2923091930323255,78,38,1,0.02631578947368421,6.462213225371119,ENSSSCG00000012234
Muscle,GO:BP,GO:0071345,cellular response to cytokine stimulus,0.2923091930323255,663,38,3,0.07894736842105263,2.2807811383662777,"ENSSSCG00000026707,ENSSSCG00000012402,ENSSSCG00000036747"
Muscle,GO:BP,GO:0042330,taxis,0.2923091930323255,336,38,2,0.05263157894736842,3.00031328320802,"ENSSSCG00000026707,ENSSSCG00000012402"
Muscle,GO:BP,GO:0007040,lysosome organization,0.2923091930323255,78,38,1,0.02631578947368421,6.462213225371119,ENSSSCG00000012234
Muscle,GO:BP,GO:0006935,chemotaxis,0.2923091930323255,334,38,2,0.05263157894736842,3.0182792310116606,"ENSSSCG00000026707,ENSSSCG00000012402"
Muscle,GO:BP,GO:0110020,regulation of actomyosin structure organization,0.2923091930323255,77,38,1,0.02631578947368421,6.546138072453862,ENSSSCG00000036747
Muscle,GO:BP,GO:0022414,reproductive process,0.2924656123379268,1029,38,4,0.10526315789473684,1.9593882665848292,"ENSSSCG00000004399,ENSSSCG00000004170,ENSSSCG00000039342,ENSSSCG00000016579"
Muscle,GO:BP,GO:0031099,regeneration,0.2924656123379268,79,38,1,0.02631578947368421,6.380413057961358,ENSSSCG00000009972
Muscle,GO:BP,GO:0048518,positive regulation of biological process,0.2924656123379268,4869,38,13,0.34210526315789475,1.3457967160661977,"ENSSSCG00000030303,ENSSSCG00000004803,ENSSSCG00000028771,ENSSSCG00000013349,ENSSSCG00000026087,ENSSSCG00000032684,ENSSSCG00000012234,ENSSSCG00000033323,ENSSSCG00000021333,ENSSSCG00000002863,ENSSSCG00000036747,ENSSSCG00000010570,ENSSSCG00000040140"
Muscle,GO:BP,GO:0033077,T cell differentiation in thymus,0.2924656123379268,79,38,1,0.02631578947368421,6.380413057961358,ENSSSCG00000040140
Muscle,GO:BP,GO:1903169,regulation of calcium ion transmembrane transport,0.2924656123379268,79,38,1,0.02631578947368421,6.380413057961358,ENSSSCG00000027613
Muscle,GO:BP,GO:0006986,response to unfolded protein,0.2934325889911368,80,38,1,0.02631578947368421,6.300657894736841,ENSSSCG00000032684
Muscle,GO:BP,GO:0043161,proteasome-mediated ubiquitin-dependent protein catabolic process,0.2934325889911368,341,38,2,0.05263157894736842,2.9563204198178727,"ENSSSCG00000022901,ENSSSCG00000033323"
Muscle,GO:BP,GO:0090130,tissue migration,0.2934325889911368,80,38,1,0.02631578947368421,6.300657894736841,ENSSSCG00000004803
Muscle,GO:BP,GO:0005976,polysaccharide metabolic process,0.2934325889911368,80,38,1,0.02631578947368421,6.300657894736841,ENSSSCG00000038044
Muscle,GO:BP,GO:0046634,regulation of alpha-beta T cell activation,0.29559355301979595,81,38,1,0.02631578947368421,6.222871994801819,ENSSSCG00000040140
Muscle,GO:BP,GO:0035967,cellular response to topologically incorrect protein,0.29559355301979595,81,38,1,0.02631578947368421,6.222871994801819,ENSSSCG00000032684
Muscle,GO:BP,GO:0098655,monoatomic cation transmembrane transport,0.29613825235224944,676,38,3,0.07894736842105263,2.2369199626284644,"ENSSSCG00000027613,ENSSSCG00000026707,ENSSSCG00000010570"
Muscle,GO:BP,GO:0019882,antigen processing and presentation,0.29651000817804835,82,38,1,0.02631578947368421,6.146983311938382,ENSSSCG00000036747
Muscle,GO:BP,GO:0030038,contractile actin filament bundle assembly,0.29651000817804835,82,38,1,0.02631578947368421,6.146983311938382,ENSSSCG00000036747
Muscle,GO:BP,GO:0043149,stress fiber assembly,0.29651000817804835,82,38,1,0.02631578947368421,6.146983311938382,ENSSSCG00000036747
Muscle,REAC,REAC:R-SSC-202403,TCR signaling,0.297083603085675,88,16,1,0.0625,5.535511363636364,ENSSSCG00000040140
Muscle,GO:BP,GO:0032231,regulation of actin filament bundle assembly,0.2974051358952294,83,38,1,0.02631578947368421,6.07292327203551,ENSSSCG00000036747
Muscle,GO:BP,GO:0001952,regulation of cell-matrix adhesion,0.2974051358952294,83,38,1,0.02631578947368421,6.07292327203551,ENSSSCG00000040140
Muscle,GO:BP,GO:1901698,response to nitrogen compound,0.2974051358952294,681,38,3,0.07894736842105263,2.220496174356596,"ENSSSCG00000030303,ENSSSCG00000026087,ENSSSCG00000039342"
Muscle,GO:BP,GO:0010717,regulation of epithelial to mesenchymal transition,0.2974051358952294,83,38,1,0.02631578947368421,6.07292327203551,ENSSSCG00000022280
Muscle,GO:BP,GO:0009893,positive regulation of metabolic process,0.29760579987064795,2699,38,8,0.21052631578947367,1.4940426278738712,"ENSSSCG00000030303,ENSSSCG00000004803,ENSSSCG00000028771,ENSSSCG00000013349,ENSSSCG00000033323,ENSSSCG00000002863,ENSSSCG00000036747,ENSSSCG00000040140"
Muscle,GO:BP,GO:0097435,supramolecular fiber organization,0.29760579987064795,687,38,3,0.07894736842105263,2.2011031946678923,"ENSSSCG00000004803,ENSSSCG00000028771,ENSSSCG00000036747"
Muscle,GO:BP,GO:0140694,membraneless organelle assembly,0.29760579987064795,355,38,2,0.05263157894736842,2.839733135656041,"ENSSSCG00000004803,ENSSSCG00000028771"
Muscle,GO:BP,GO:0003002,regionalization,0.29760579987064795,352,38,2,0.05263157894736842,2.8639354066985643,"ENSSSCG00000028552,ENSSSCG00000039342"
Muscle,GO:BP,GO:1990542,mitochondrial transmembrane transport,0.29760579987064795,86,38,1,0.02631578947368421,5.861077111383109,ENSSSCG00000033673
Muscle,GO:BP,GO:0003279,cardiac septum development,0.29760579987064795,85,38,1,0.02631578947368421,5.9300309597523215,ENSSSCG00000036512
Muscle,GO:BP,GO:0044344,cellular response to fibroblast growth factor stimulus,0.29760579987064795,85,38,1,0.02631578947368421,5.9300309597523215,ENSSSCG00000036512
Muscle,GO:BP,GO:0071774,response to fibroblast growth factor,0.29760579987064795,86,38,1,0.02631578947368421,5.861077111383109,ENSSSCG00000036512
Muscle,GO:BP,GO:0022037,metencephalon development,0.29760579987064795,85,38,1,0.02631578947368421,5.9300309597523215,ENSSSCG00000040140
Muscle,GO:BP,GO:1904659,D-glucose transmembrane transport,0.29760579987064795,85,38,1,0.02631578947368421,5.9300309597523215,ENSSSCG00000028771
Muscle,GO:BP,GO:0008645,hexose transmembrane transport,0.29760579987064795,86,38,1,0.02631578947368421,5.861077111383109,ENSSSCG00000028771
Muscle,GO:BP,GO:0034341,response to type II interferon,0.29760579987064795,85,38,1,0.02631578947368421,5.9300309597523215,ENSSSCG00000036747
Muscle,GO:BP,GO:1903432,regulation of TORC1 signaling,0.29760579987064795,86,38,1,0.02631578947368421,5.861077111383109,ENSSSCG00000033323
Muscle,GO:BP,GO:0035082,axoneme assembly,0.29760579987064795,86,38,1,0.02631578947368421,5.861077111383109,ENSSSCG00000039342
Muscle,GO:BP,GO:0043270,positive regulation of monoatomic ion transport,0.29760579987064795,86,38,1,0.02631578947368421,5.861077111383109,ENSSSCG00000010570
Muscle,GO:BP,GO:0042102,positive regulation of T cell proliferation,0.29760579987064795,84,38,1,0.02631578947368421,6.00062656641604,ENSSSCG00000040140
Muscle,GO:BP,GO:0030001,metal ion transport,0.29823788238398746,694,38,3,0.07894736842105263,2.178901865615046,"ENSSSCG00000027613,ENSSSCG00000026707,ENSSSCG00000010570"
Muscle,GO:BP,GO:0032649,regulation of type II interferon production,0.2984328182300607,87,38,1,0.02631578947368421,5.793708408953417,ENSSSCG00000040140
Muscle,GO:BP,GO:0032609,type II interferon production,0.2984328182300607,87,38,1,0.02631578947368421,5.793708408953417,ENSSSCG00000040140
Muscle,GO:BP,GO:0016055,Wnt signaling pathway,0.2984328182300607,359,38,2,0.05263157894736842,2.8080926550359186,"ENSSSCG00000009972,ENSSSCG00000022280"
Muscle,REAC,REAC:R-SSC-69618,Mitotic Spindle Checkpoint,0.3023131908634825,91,16,1,0.0625,5.353021978021978,ENSSSCG00000033323
Muscle,GO:BP,GO:0015749,monosaccharide transmembrane transport,0.30353293162709966,89,38,1,0.02631578947368421,5.663512714370194,ENSSSCG00000028771
Muscle,GO:BP,GO:0035710,"CD4-positive, alpha-beta T cell activation",0.30353293162709966,89,38,1,0.02631578947368421,5.663512714370194,ENSSSCG00000040140
Muscle,REAC,REAC:R-SSC-2173782,Binding and Uptake of Ligands by Scavenger Receptors,0.30537175123643473,95,16,1,0.0625,5.127631578947368,ENSSSCG00000000148
Muscle,REAC,REAC:R-SSC-69239,Synthesis of DNA,0.30537175123643473,96,16,1,0.0625,5.07421875,ENSSSCG00000033323
Muscle,REAC,REAC:R-SSC-8957275,Post-translational protein phosphorylation,0.30537175123643473,95,16,1,0.0625,5.127631578947368,ENSSSCG00000000148
Muscle,GO:BP,GO:1903322,positive regulation of protein modification by small protein conjugation or removal,0.3054659030911573,90,38,1,0.02631578947368421,5.6005847953216374,ENSSSCG00000033323
Muscle,GO:BP,GO:0010811,positive regulation of cell-substrate adhesion,0.3054659030911573,90,38,1,0.02631578947368421,5.6005847953216374,ENSSSCG00000040140
Muscle,GO:BP,GO:0051592,response to calcium ion,0.30678568614851026,91,38,1,0.02631578947368421,5.53903990746096,ENSSSCG00000028771
Muscle,GO:BP,GO:0070936,protein K48-linked ubiquitination,0.30678568614851026,91,38,1,0.02631578947368421,5.53903990746096,ENSSSCG00000033323
Muscle,GO:BP,GO:1901875,positive regulation of post-translational protein modification,0.30678568614851026,91,38,1,0.02631578947368421,5.53903990746096,ENSSSCG00000033323
Muscle,GO:BP,GO:0038202,TORC1 signaling,0.30867567770672566,92,38,1,0.02631578947368421,5.47883295194508,ENSSSCG00000033323
Muscle,GO:BP,GO:0045739,positive regulation of DNA repair,0.30867567770672566,92,38,1,0.02631578947368421,5.47883295194508,ENSSSCG00000036747
Muscle,REAC,REAC:R-SSC-9006936,Signaling by TGFB family members,0.30879679297347346,102,16,1,0.0625,4.775735294117647,ENSSSCG00000033323
Muscle,REAC,REAC:R-SSC-162582,Signal Transduction,0.30879679297347346,1956,16,6,0.375,1.4942484662576687,"ENSSSCG00000036512,ENSSSCG00000009972,ENSSSCG00000004803,ENSSSCG00000026707,ENSSSCG00000012402,ENSSSCG00000033323"
Muscle,REAC,REAC:R-SSC-1483206,Glycerophospholipid biosynthesis,0.30879679297347346,104,16,1,0.0625,4.683894230769231,ENSSSCG00000030303
Muscle,REAC,REAC:R-SSC-381426,Regulation of Insulin-like Growth Factor (IGF) transport and uptake by Insulin-like Growth Factor Binding Proteins (IGFBPs),0.30879679297347346,101,16,1,0.0625,4.823019801980198,ENSSSCG00000000148
Muscle,REAC,REAC:R-SSC-166016,Toll Like Receptor 4 (TLR4) Cascade,0.30879679297347346,99,16,1,0.0625,4.920454545454546,ENSSSCG00000033323
Muscle,GO:BP,GO:0007155,cell adhesion,0.31405130551853383,1096,38,4,0.10526315789473684,1.839608144448713,"ENSSSCG00000036512,ENSSSCG00000030303,ENSSSCG00000012402,ENSSSCG00000040140"
Muscle,GO:BP,GO:0007015,actin filament organization,0.3140579104936846,376,38,2,0.05263157894736842,2.681131019036954,"ENSSSCG00000004803,ENSSSCG00000036747"
Muscle,GO:BP,GO:0007018,microtubule-based movement,0.31475460196009153,377,38,2,0.05263157894736842,2.674019265670808,"ENSSSCG00000004399,ENSSSCG00000039342"
Muscle,GO:BP,GO:0019953,sexual reproduction,0.31482003346042087,723,38,3,0.07894736842105263,2.091504695348329,"ENSSSCG00000004399,ENSSSCG00000004170,ENSSSCG00000016579"
Muscle,GO:BP,GO:0030278,regulation of ossification,0.3148216897372539,95,38,1,0.02631578947368421,5.305817174515235,ENSSSCG00000009972
Muscle,REAC,REAC:R-SSC-68867,Assembly of the pre-replicative complex,0.31571341184761376,108,16,1,0.0625,4.510416666666666,ENSSSCG00000033323
Muscle,GO:BP,GO:1901652,response to peptide,0.3160342000002726,727,38,3,0.07894736842105263,2.0799971041772243,"ENSSSCG00000026707,ENSSSCG00000012402,ENSSSCG00000036747"
Muscle,GO:BP,GO:0035966,response to topologically incorrect protein,0.3160342000002726,96,38,1,0.02631578947368421,5.250548245614034,ENSSSCG00000032684
Muscle,GO:BP,GO:0034097,response to cytokine,0.3160342000002726,726,38,3,0.07894736842105263,2.0828621139625922,"ENSSSCG00000026707,ENSSSCG00000012402,ENSSSCG00000036747"
Muscle,GO:BP,GO:0046907,intracellular transport,0.31640814685095126,1106,38,4,0.10526315789473684,1.822975159417531,"ENSSSCG00000037539,ENSSSCG00000013349,ENSSSCG00000036747,ENSSSCG00000031077"
Muscle,GO:BP,GO:0043065,positive regulation of apoptotic process,0.3170140362630972,382,38,2,0.05263157894736842,2.639019013502342,"ENSSSCG00000032684,ENSSSCG00000012234"
Muscle,GO:BP,GO:0015695,organic cation transport,0.31722724793001755,97,38,1,0.02631578947368421,5.196418882257189,ENSSSCG00000004399
Muscle,GO:BP,GO:0002456,T cell mediated immunity,0.3195959229154333,98,38,1,0.02631578947368421,5.1433941997851775,ENSSSCG00000036747
Muscle,GO:BP,GO:0007389,pattern specification process,0.32134820682465093,387,38,2,0.05263157894736842,2.6049231606147147,"ENSSSCG00000028552,ENSSSCG00000039342"
Muscle,GO:BP,GO:0051147,regulation of muscle cell differentiation,0.32134820682465093,99,38,1,0.02631578947368421,5.09144072301967,ENSSSCG00000028552
Muscle,GO:BP,GO:1990138,neuron projection extension,0.32189131387715497,100,38,1,0.02631578947368421,5.0405263157894735,ENSSSCG00000026211
Muscle,GO:BP,GO:0003231,cardiac ventricle development,0.32189131387715497,100,38,1,0.02631578947368421,5.0405263157894735,ENSSSCG00000036512
Muscle,GO:BP,GO:0034219,carbohydrate transmembrane transport,0.32189131387715497,100,38,1,0.02631578947368421,5.0405263157894735,ENSSSCG00000028771
Muscle,GO:BP,GO:0098660,inorganic ion transmembrane transport,0.32189131387715497,741,38,3,0.07894736842105263,2.0406989132750906,"ENSSSCG00000027613,ENSSSCG00000026707,ENSSSCG00000010570"
Muscle,GO:BP,GO:0048522,positive regulation of cellular process,0.32189131387715497,4596,38,12,0.3157894736842105,1.3160643122165727,"ENSSSCG00000030303,ENSSSCG00000004803,ENSSSCG00000028771,ENSSSCG00000013349,ENSSSCG00000026087,ENSSSCG00000032684,ENSSSCG00000012234,ENSSSCG00000033323,ENSSSCG00000002863,ENSSSCG00000036747,ENSSSCG00000010570,ENSSSCG00000040140"
Muscle,GO:BP,GO:0050852,T cell receptor signaling pathway,0.3229989657952463,101,38,1,0.02631578947368421,4.990620114643043,ENSSSCG00000040140
Muscle,GO:BP,GO:0031345,negative regulation of cell projection organization,0.3229989657952463,101,38,1,0.02631578947368421,4.990620114643043,ENSSSCG00000009972
Muscle,GO:BP,GO:2000779,regulation of double-strand break repair,0.3246928972270225,102,38,1,0.02631578947368421,4.941692466460268,ENSSSCG00000036747
Muscle,GO:BP,GO:0014902,myotube differentiation,0.3246928972270225,102,38,1,0.02631578947368421,4.941692466460268,ENSSSCG00000028552
Muscle,GO:BP,GO:0007368,determination of left/right symmetry,0.32922857622483054,104,38,1,0.02631578947368421,4.8466599190283395,ENSSSCG00000039342
Muscle,GO:BP,GO:0031623,receptor internalization,0.32922857622483054,104,38,1,0.02631578947368421,4.8466599190283395,ENSSSCG00000030303
Muscle,GO:BP,GO:0003206,cardiac chamber morphogenesis,0.3308707737406187,105,38,1,0.02631578947368421,4.800501253132832,ENSSSCG00000036512
Muscle,GO:BP,GO:0008643,carbohydrate transport,0.3308707737406187,105,38,1,0.02631578947368421,4.800501253132832,ENSSSCG00000028771
Muscle,GO:BP,GO:0045598,regulation of fat cell differentiation,0.33531794855210956,107,38,1,0.02631578947368421,4.710772257747172,ENSSSCG00000002863
Muscle,GO:BP,GO:0120161,regulation of cold-induced thermogenesis,0.33531794855210956,107,38,1,0.02631578947368421,4.710772257747172,ENSSSCG00000030303
Muscle,GO:BP,GO:0106106,cold-induced thermogenesis,0.3369097634736189,108,38,1,0.02631578947368421,4.667153996101365,ENSSSCG00000030303
Muscle,GO:BP,GO:0045667,regulation of osteoblast differentiation,0.3369097634736189,108,38,1,0.02631578947368421,4.667153996101365,ENSSSCG00000002863
Muscle,GO:BP,GO:1901701,cellular response to oxygen-containing compound,0.3378747700282589,768,38,3,0.07894736842105263,1.968955592105263,"ENSSSCG00000030303,ENSSSCG00000026087,ENSSSCG00000039342"
Muscle,GO:BP,GO:0001578,microtubule bundle formation,0.3378747700282589,109,38,1,0.02631578947368421,4.624336069531627,ENSSSCG00000039342
Muscle,GO:BP,GO:0060972,left/right pattern formation,0.3378747700282589,109,38,1,0.02631578947368421,4.624336069531627,ENSSSCG00000039342
Muscle,GO:BP,GO:0006914,autophagy,0.3380447890777709,411,38,2,0.05263157894736842,2.4528108592649507,"ENSSSCG00000032684,ENSSSCG00000012234"
Muscle,GO:BP,GO:0061919,process utilizing autophagic mechanism,0.3380447890777709,411,38,2,0.05263157894736842,2.4528108592649507,"ENSSSCG00000032684,ENSSSCG00000012234"
Muscle,GO:BP,GO:0050671,positive regulation of lymphocyte proliferation,0.33821789119447876,110,38,1,0.02631578947368421,4.582296650717703,ENSSSCG00000040140
Muscle,GO:BP,GO:0090101,negative regulation of transmembrane receptor protein serine/threonine kinase signaling pathway,0.33821789119447876,110,38,1,0.02631578947368421,4.582296650717703,ENSSSCG00000012667
Muscle,GO:BP,GO:0009799,specification of symmetry,0.33855081092786016,111,38,1,0.02631578947368421,4.541014698909436,ENSSSCG00000039342
Muscle,GO:BP,GO:0009855,determination of bilateral symmetry,0.33855081092786016,111,38,1,0.02631578947368421,4.541014698909436,ENSSSCG00000039342
Muscle,GO:BP,GO:0030308,negative regulation of cell growth,0.33855081092786016,111,38,1,0.02631578947368421,4.541014698909436,ENSSSCG00000022280
Muscle,GO:BP,GO:0019221,cytokine-mediated signaling pathway,0.33855081092786016,414,38,2,0.05263157894736842,2.4350368675311467,"ENSSSCG00000026707,ENSSSCG00000012402"
Muscle,GO:BP,GO:0032946,positive regulation of mononuclear cell proliferation,0.34067627510304954,112,38,1,0.02631578947368421,4.5004699248120295,ENSSSCG00000040140
Muscle,GO:BP,GO:0051649,establishment of localization in cell,0.34126630587929585,1580,38,5,0.13157894736842105,1.5951032644903398,"ENSSSCG00000037539,ENSSSCG00000027613,ENSSSCG00000013349,ENSSSCG00000036747,ENSSSCG00000031077"
Muscle,GO:BP,GO:0120035,regulation of plasma membrane bounded cell projection organization,0.34126630587929585,418,38,2,0.05263157894736842,2.4117350793251067,"ENSSSCG00000009972,ENSSSCG00000036747"
Muscle,REAC,REAC:R-SSC-69002,DNA Replication Pre-Initiation,0.3414023547074899,121,16,1,0.0625,4.025826446280992,ENSSSCG00000033323
Muscle,REAC,REAC:R-SSC-69242,S Phase,0.3414023547074899,121,16,1,0.0625,4.025826446280992,ENSSSCG00000033323
Muscle,GO:BP,GO:0007266,Rho protein signal transduction,0.3415797965659977,113,38,1,0.02631578947368421,4.460642757335817,ENSSSCG00000036747
Muscle,GO:BP,GO:0051240,positive regulation of multicellular organismal process,0.3423724926560457,1175,38,4,0.10526315789473684,1.7159238521836504,"ENSSSCG00000030303,ENSSSCG00000028771,ENSSSCG00000021333,ENSSSCG00000040140"
Muscle,REAC,REAC:R-SSC-201681,TCF dependent signaling in response to WNT,0.34445062643470487,127,16,1,0.0625,3.8356299212598426,ENSSSCG00000009972
Muscle,REAC,REAC:R-SSC-168898,Toll-like Receptor Cascades,0.34445062643470487,126,16,1,0.0625,3.8660714285714284,ENSSSCG00000033323
Muscle,REAC,REAC:R-SSC-8980692,RHOA GTPase cycle,0.34445062643470487,125,16,1,0.0625,3.8970000000000002,ENSSSCG00000004803
Muscle,GO:BP,GO:0045766,positive regulation of angiogenesis,0.34660988618155264,116,38,1,0.02631578947368421,4.345281306715063,ENSSSCG00000021333
Muscle,GO:BP,GO:0042127,regulation of cell population proliferation,0.34660988618155264,1183,38,4,0.10526315789473684,1.704319971526449,"ENSSSCG00000036512,ENSSSCG00000032684,ENSSSCG00000012234,ENSSSCG00000040140"
Muscle,GO:BP,GO:0072331,signal transduction by p53 class mediator,0.34660988618155264,116,38,1,0.02631578947368421,4.345281306715063,ENSSSCG00000032684
Muscle,GO:BP,GO:0031344,regulation of cell projection organization,0.34660988618155264,424,38,2,0.05263157894736842,2.3776067527308835,"ENSSSCG00000009972,ENSSSCG00000036747"
Muscle,GO:BP,GO:0048878,chemical homeostasis,0.3475746296316407,793,38,3,0.07894736842105263,1.9068825910931173,"ENSSSCG00000027613,ENSSSCG00000026707,ENSSSCG00000032684"
Muscle,REAC,REAC:R-SSC-73887,Death Receptor Signaling,0.3477377301461974,130,16,1,0.0625,3.747115384615385,ENSSSCG00000033323
Muscle,GO:BP,GO:1903034,regulation of response to wounding,0.3480545092669167,117,38,1,0.02631578947368421,4.308142150247413,ENSSSCG00000009972
Muscle,REAC,REAC:R-SSC-983712,Ion channel transport,0.3485987858571956,132,16,1,0.0625,3.6903409090909096,ENSSSCG00000027613
Muscle,GO:BP,GO:0000018,regulation of DNA recombination,0.34887827169153784,118,38,1,0.02631578947368421,4.2716324710080285,ENSSSCG00000036747
Muscle,GO:BP,GO:1990845,adaptive thermogenesis,0.34887827169153784,118,38,1,0.02631578947368421,4.2716324710080285,ENSSSCG00000030303
Muscle,GO:BP,GO:0030902,hindbrain development,0.34887827169153784,118,38,1,0.02631578947368421,4.2716324710080285,ENSSSCG00000040140
Muscle,GO:BP,GO:0009967,positive regulation of signal transduction,0.3489060416544989,1193,38,4,0.10526315789473684,1.690033970088675,"ENSSSCG00000026087,ENSSSCG00000032684,ENSSSCG00000012234,ENSSSCG00000040140"
Muscle,GO:BP,GO:1904018,positive regulation of vasculature development,0.34928693521913873,120,38,1,0.02631578947368421,4.200438596491228,ENSSSCG00000021333
Muscle,GO:BP,GO:0018108,peptidyl-tyrosine phosphorylation,0.34928693521913873,120,38,1,0.02631578947368421,4.200438596491228,ENSSSCG00000040140
Muscle,GO:BP,GO:0050730,regulation of peptidyl-tyrosine phosphorylation,0.34928693521913873,119,38,1,0.02631578947368421,4.235736399823087,ENSSSCG00000040140
Muscle,GO:BP,GO:0018212,peptidyl-tyrosine modification,0.34928693521913873,120,38,1,0.02631578947368421,4.200438596491228,ENSSSCG00000040140
Muscle,GO:BP,GO:2001236,regulation of extrinsic apoptotic signaling pathway,0.34928693521913873,120,38,1,0.02631578947368421,4.200438596491228,ENSSSCG00000012234
Muscle,GO:BP,GO:0010604,positive regulation of macromolecule metabolic process,0.34928693521913873,2467,38,7,0.18421052631578946,1.4302263563245363,"ENSSSCG00000004803,ENSSSCG00000028771,ENSSSCG00000013349,ENSSSCG00000033323,ENSSSCG00000002863,ENSSSCG00000036747,ENSSSCG00000040140"
Muscle,GO:BP,GO:0010557,positive regulation of macromolecule biosynthetic process,0.34928693521913873,2037,38,6,0.15789473684210525,1.4846911092163397,"ENSSSCG00000004803,ENSSSCG00000028771,ENSSSCG00000013349,ENSSSCG00000002863,ENSSSCG00000036747,ENSSSCG00000040140"
Muscle,GO:BP,GO:0001508,action potential,0.35126875111685496,121,38,1,0.02631578947368421,4.1657242279251845,ENSSSCG00000010570
Muscle,KEGG,KEGG:04660,T cell receptor signaling pathway,0.3518998819429732,117,17,2,0.11764705882352941,8.502765208647562,"ENSSSCG00000021333,ENSSSCG00000040140"
Muscle,KEGG,KEGG:04814,Motor proteins,0.3518998819429732,179,17,2,0.11764705882352941,5.557673348669077,"ENSSSCG00000004803,ENSSSCG00000039342"
Muscle,KEGG,KEGG:04215,Apoptosis - multiple species,0.3518998819429732,33,17,1,0.058823529411764705,15.073083778966131,ENSSSCG00000032684
Muscle,KEGG,KEGG:05166,Human T-cell leukemia virus 1 infection,0.3518998819429732,213,17,2,0.11764705882352941,4.670533001933168,"ENSSSCG00000033673,ENSSSCG00000040140"
Muscle,KEGG,KEGG:05340,Primary immunodeficiency,0.3518998819429732,33,17,1,0.058823529411764705,15.073083778966131,ENSSSCG00000040140
Muscle,KEGG,KEGG:04022,cGMP-PKG signaling pathway,0.3518998819429732,165,17,2,0.11764705882352941,6.029233511586453,"ENSSSCG00000033673,ENSSSCG00000028771"
Muscle,KEGG,KEGG:05170,Human immunodeficiency virus 1 infection,0.3518998819429732,203,17,2,0.11764705882352941,4.900608519269777,"ENSSSCG00000021333,ENSSSCG00000040140"
Muscle,KEGG,KEGG:00500,Starch and sucrose metabolism,0.3518998819429732,34,17,1,0.058823529411764705,14.629757785467127,ENSSSCG00000038044
Muscle,KEGG,KEGG:04710,Circadian rhythm,0.3518998819429732,34,17,1,0.058823529411764705,14.629757785467127,ENSSSCG00000028552
Muscle,GO:BP,GO:0007224,smoothened signaling pathway,0.35323881184166706,122,38,1,0.02631578947368421,4.13157894736842,ENSSSCG00000040140
Muscle,GO:BP,GO:0042110,T cell activation,0.3534786186901919,439,38,2,0.05263157894736842,2.2963673420453183,"ENSSSCG00000036747,ENSSSCG00000040140"
Muscle,GO:BP,GO:0032870,cellular response to hormone stimulus,0.3570454140055339,443,38,2,0.05263157894736842,2.275632648211952,"ENSSSCG00000026087,ENSSSCG00000039342"
Muscle,GO:BP,GO:0070665,positive regulation of leukocyte proliferation,0.3570454140055339,124,38,1,0.02631578947368421,4.064940577249575,ENSSSCG00000040140
Muscle,GO:BP,GO:0032006,regulation of TOR signaling,0.35786604950990925,125,38,1,0.02631578947368421,4.0324210526315785,ENSSSCG00000033323
Muscle,GO:BP,GO:0071248,cellular response to metal ion,0.35786604950990925,125,38,1,0.02631578947368421,4.0324210526315785,ENSSSCG00000028771
Muscle,GO:BP,GO:0048588,developmental cell growth,0.3597853364821332,126,38,1,0.02631578947368421,4.000417710944027,ENSSSCG00000026211
Muscle,GO:BP,GO:0034220,monoatomic ion transmembrane transport,0.35987570984158845,823,38,3,0.07894736842105263,1.8373728976146317,"ENSSSCG00000027613,ENSSSCG00000026707,ENSSSCG00000010570"
Muscle,GO:BP,GO:0051494,negative regulation of cytoskeleton organization,0.35987570984158845,127,38,1,0.02631578947368421,3.9689183588893493,ENSSSCG00000036747
Muscle,GO:BP,GO:0051017,actin filament bundle assembly,0.35987570984158845,127,38,1,0.02631578947368421,3.9689183588893493,ENSSSCG00000036747
Muscle,GO:BP,GO:0008016,regulation of heart contraction,0.35987570984158845,127,38,1,0.02631578947368421,3.9689183588893493,ENSSSCG00000028771
Muscle,GO:BP,GO:0006606,protein import into nucleus,0.36055998256395394,128,38,1,0.02631578947368421,3.937911184210526,ENSSSCG00000031077
Muscle,GO:BP,GO:0043524,negative regulation of neuron apoptotic process,0.36055998256395394,128,38,1,0.02631578947368421,3.937911184210526,ENSSSCG00000032684
Muscle,GO:BP,GO:0001837,epithelial to mesenchymal transition,0.36055998256395394,128,38,1,0.02631578947368421,3.937911184210526,ENSSSCG00000022280
Muscle,REAC,REAC:R-SSC-2559583,Cellular Senescence,0.36077761755331594,139,16,1,0.0625,3.504496402877698,ENSSSCG00000033323
Muscle,GO:BP,GO:0008064,regulation of actin polymerization or depolymerization,0.36123264065762306,129,38,1,0.02631578947368421,3.907384740922072,ENSSSCG00000036747
Muscle,GO:BP,GO:0010498,proteasomal protein catabolic process,0.36123264065762306,453,38,2,0.05263157894736842,2.2253979319158823,"ENSSSCG00000022901,ENSSSCG00000033323"
Muscle,GO:BP,GO:0030832,regulation of actin filament length,0.36123264065762306,129,38,1,0.02631578947368421,3.907384740922072,ENSSSCG00000036747
Muscle,GO:BP,GO:0061572,actin filament bundle organization,0.3624920373448828,130,38,1,0.02631578947368421,3.8773279352226715,ENSSSCG00000036747
Muscle,GO:BP,GO:1902904,negative regulation of supramolecular fiber organization,0.3624920373448828,130,38,1,0.02631578947368421,3.8773279352226715,ENSSSCG00000036747
Muscle,GO:BP,GO:0035295,tube development,0.36343306665344455,835,38,3,0.07894736842105263,1.8109675386069963,"ENSSSCG00000013349,ENSSSCG00000012402,ENSSSCG00000021333"
Muscle,GO:BP,GO:0006812,monoatomic cation transport,0.3661818598228962,839,38,3,0.07894736842105263,1.8023336051690606,"ENSSSCG00000027613,ENSSSCG00000026707,ENSSSCG00000010570"
Muscle,GO:BP,GO:0030041,actin filament polymerization,0.36739504614841406,133,38,1,0.02631578947368421,3.7898694103680253,ENSSSCG00000036747
Muscle,GO:BP,GO:0003205,cardiac chamber development,0.36739504614841406,133,38,1,0.02631578947368421,3.7898694103680253,ENSSSCG00000036512
Muscle,GO:BP,GO:0046631,alpha-beta T cell activation,0.36800076472671606,134,38,1,0.02631578947368421,3.7615868028279653,ENSSSCG00000040140
Muscle,GO:BP,GO:0009891,positive regulation of biosynthetic process,0.36800076472671606,2103,38,6,0.15789473684210525,1.4380959531496358,"ENSSSCG00000004803,ENSSSCG00000028771,ENSSSCG00000013349,ENSSSCG00000002863,ENSSSCG00000036747,ENSSSCG00000040140"
Muscle,GO:BP,GO:0031396,regulation of protein ubiquitination,0.36800076472671606,134,38,1,0.02631578947368421,3.7615868028279653,ENSSSCG00000033323
Muscle,GO:BP,GO:0001659,temperature homeostasis,0.36979851172527434,135,38,1,0.02631578947368421,3.7337231968810913,ENSSSCG00000030303
Muscle,GO:BP,GO:0051924,regulation of calcium ion transport,0.37158574519927207,136,38,1,0.02631578947368421,3.706269349845201,ENSSSCG00000027613
Muscle,REAC,REAC:R-SSC-69306,DNA Replication,0.37291699130416306,148,16,1,0.0625,3.291385135135135,ENSSSCG00000033323
Muscle,REAC,REAC:R-SSC-388396,GPCR downstream signalling,0.37291699130416306,485,16,2,0.125,2.008762886597938,"ENSSSCG00000026707,ENSSSCG00000012402"
Muscle,REAC,REAC:R-SSC-2467813,Separation of Sister Chromatids,0.3754658422229418,151,16,1,0.0625,3.2259933774834435,ENSSSCG00000033323
Muscle,GO:BP,GO:0060041,retina development in camera-type eye,0.37573887722845073,138,38,1,0.02631578947368421,3.6525553012967196,ENSSSCG00000030303
Muscle,GO:BP,GO:0007267,cell-cell signaling,0.37658325726653835,858,38,3,0.07894736842105263,1.7624217887375782,"ENSSSCG00000037539,ENSSSCG00000030303,ENSSSCG00000031077"
Muscle,GO:BP,GO:0050851,antigen receptor-mediated signaling pathway,0.37688496332403043,139,38,1,0.02631578947368421,3.626277925028398,ENSSSCG00000040140
Muscle,KEGG,KEGG:05142,Chagas disease,0.3779294488286178,101,17,1,0.058823529411764705,4.924868957483984,ENSSSCG00000040140
Muscle,KEGG,KEGG:04141,Protein processing in endoplasmic reticulum,0.3779294488286178,163,17,1,0.058823529411764705,3.051605918440996,ENSSSCG00000033323
Muscle,KEGG,KEGG:04217,Necroptosis,0.3779294488286178,150,17,1,0.058823529411764705,3.3160784313725493,ENSSSCG00000033673
Muscle,KEGG,KEGG:05164,Influenza A,0.3779294488286178,156,17,1,0.058823529411764705,3.188536953242836,ENSSSCG00000033673
Muscle,KEGG,KEGG:04261,Adrenergic signaling in cardiomyocytes,0.3779294488286178,147,17,1,0.058823529411764705,3.3837535014005606,ENSSSCG00000004803
Muscle,KEGG,KEGG:04350,TGF-beta signaling pathway,0.3779294488286178,107,17,1,0.058823529411764705,4.648708081363386,ENSSSCG00000012667
Muscle,KEGG,KEGG:04371,Apelin signaling pathway,0.3779294488286178,135,17,1,0.058823529411764705,3.6845315904139433,ENSSSCG00000028771
Muscle,KEGG,KEGG:04520,Adherens junction,0.3779294488286178,92,17,1,0.058823529411764705,5.406649616368287,ENSSSCG00000036747
Muscle,KEGG,KEGG:04530,Tight junction,0.3779294488286178,160,17,1,0.058823529411764705,3.1088235294117648,ENSSSCG00000036747
Muscle,KEGG,KEGG:04613,Neutrophil extracellular trap formation,0.3779294488286178,163,17,1,0.058823529411764705,3.051605918440996,ENSSSCG00000033673
Muscle,KEGG,KEGG:04640,Hematopoietic cell lineage,0.3779294488286178,84,17,1,0.058823529411764705,5.92156862745098,ENSSSCG00000040140
Muscle,KEGG,KEGG:04658,Th1 and Th2 cell differentiation,0.3779294488286178,85,17,1,0.058823529411764705,5.851903114186851,ENSSSCG00000040140
Muscle,KEGG,KEGG:05418,Fluid shear stress and atherosclerosis,0.3779294488286178,134,17,1,0.058823529411764705,3.7120280948200173,ENSSSCG00000028771
Muscle,KEGG,KEGG:04666,Fc gamma R-mediated phagocytosis,0.3779294488286178,91,17,1,0.058823529411764705,5.46606334841629,ENSSSCG00000036747
Muscle,KEGG,KEGG:04120,Ubiquitin mediated proteolysis,0.3779294488286178,138,17,1,0.058823529411764705,3.6044330775788573,ENSSSCG00000033323
Muscle,KEGG,KEGG:05414,Dilated cardiomyopathy,0.3779294488286178,97,17,1,0.058823529411764705,5.127956337174044,ENSSSCG00000004803
Muscle,KEGG,KEGG:05410,Hypertrophic cardiomyopathy,0.3779294488286178,94,17,1,0.058823529411764705,5.291614518147685,ENSSSCG00000004803
Muscle,KEGG,KEGG:05235,PD-L1 expression and PD-1 checkpoint pathway in cancer,0.3779294488286178,85,17,1,0.058823529411764705,5.851903114186851,ENSSSCG00000040140
Muscle,KEGG,KEGG:04725,Cholinergic synapse,0.3779294488286178,111,17,1,0.058823529411764705,4.481187069422363,ENSSSCG00000030303
Muscle,KEGG,KEGG:05231,Choline metabolism in cancer,0.3779294488286178,96,17,1,0.058823529411764705,5.181372549019608,ENSSSCG00000036747
Muscle,KEGG,KEGG:05211,Renal cell carcinoma,0.3779294488286178,67,17,1,0.058823529411764705,7.4240561896400346,ENSSSCG00000021333
Muscle,KEGG,KEGG:04928,"Parathyroid hormone synthesis, secretion and action",0.3779294488286178,104,17,1,0.058823529411764705,4.782805429864253,ENSSSCG00000028771
Muscle,KEGG,KEGG:05016,Huntington disease,0.3779294488286178,298,17,2,0.11764705882352941,3.338333991314647,"ENSSSCG00000033673,ENSSSCG00000039342"
Muscle,KEGG,KEGG:05017,Spinocerebellar ataxia,0.3779294488286178,141,17,1,0.058823529411764705,3.527743012098456,ENSSSCG00000033673
Muscle,KEGG,KEGG:05022,Pathways of neurodegeneration - multiple diseases,0.3779294488286178,456,17,2,0.11764705882352941,2.181630546955624,"ENSSSCG00000033673,ENSSSCG00000039342"
Muscle,KEGG,KEGG:05135,Yersinia infection,0.3779294488286178,132,17,1,0.058823529411764705,3.768270944741533,ENSSSCG00000036747
Muscle,KEGG,KEGG:04659,Th17 cell differentiation,0.3779294488286178,103,17,1,0.058823529411764705,4.829240434037692,ENSSSCG00000040140
Muscle,KEGG,KEGG:04060,Cytokine-cytokine receptor interaction,0.3779294488286178,254,17,2,0.11764705882352941,3.9166280685502546,"ENSSSCG00000026707,ENSSSCG00000012402"
Muscle,KEGG,KEGG:04218,Cellular senescence,0.3779294488286178,149,17,1,0.058823529411764705,3.338333991314647,ENSSSCG00000033673
Muscle,KEGG,KEGG:05162,Measles,0.3779294488286178,130,17,1,0.058823529411764705,3.8262443438914024,ENSSSCG00000040140
Muscle,KEGG,KEGG:04020,Calcium signaling pathway,0.3779294488286178,243,17,2,0.11764705882352941,4.093923989348826,"ENSSSCG00000033673,ENSSSCG00000027613"
Muscle,KEGG,KEGG:04012,ErbB signaling pathway,0.3779294488286178,84,17,1,0.058823529411764705,5.92156862745098,ENSSSCG00000021333
Muscle,KEGG,KEGG:00564,Glycerophospholipid metabolism,0.3779294488286178,96,17,1,0.058823529411764705,5.181372549019608,ENSSSCG00000030303
Muscle,KEGG,KEGG:03013,Nucleocytoplasmic transport,0.3779294488286178,106,17,1,0.058823529411764705,4.692563817980022,ENSSSCG00000031077
Muscle,KEGG,KEGG:03083,Polycomb repressive complex,0.3779294488286178,79,17,1,0.058823529411764705,6.2963514519731945,ENSSSCG00000033323
Muscle,GO:BP,GO:2001242,regulation of intrinsic apoptotic signaling pathway,0.37801905820743315,140,38,1,0.02631578947368421,3.6003759398496236,ENSSSCG00000032684
Muscle,GO:BP,GO:0008285,negative regulation of cell population proliferation,0.37801905820743315,476,38,2,0.05263157894736842,2.1178681999115434,"ENSSSCG00000036512,ENSSSCG00000012234"
Muscle,GO:BP,GO:0042129,regulation of T cell proliferation,0.38086310801678874,142,38,1,0.02631578947368421,3.549666419570052,ENSSSCG00000040140
Muscle,GO:BP,GO:0048167,regulation of synaptic plasticity,0.38086310801678874,142,38,1,0.02631578947368421,3.549666419570052,ENSSSCG00000037539
Muscle,GO:BP,GO:0016051,carbohydrate biosynthetic process,0.38086310801678874,142,38,1,0.02631578947368421,3.549666419570052,ENSSSCG00000038044
Muscle,GO:BP,GO:0031929,TOR signaling,0.3825748722323857,143,38,1,0.02631578947368421,3.5248435774751563,ENSSSCG00000033323
Muscle,GO:BP,GO:0090257,regulation of muscle system process,0.3842766359530831,144,38,1,0.02631578947368421,3.5003654970760234,ENSSSCG00000028771
Muscle,GO:BP,GO:0060538,skeletal muscle organ development,0.38596845571605526,145,38,1,0.02631578947368421,3.4762250453720505,ENSSSCG00000036512
Muscle,GO:BP,GO:0120031,plasma membrane bounded cell projection assembly,0.3893224876358148,490,38,2,0.05263157894736842,2.0573576799140705,"ENSSSCG00000039342,ENSSSCG00000036747"
Muscle,GO:BP,GO:0006282,regulation of DNA repair,0.3893224876358148,147,38,1,0.02631578947368421,3.428929466523451,ENSSSCG00000036747
Muscle,GO:BP,GO:0007623,circadian rhythm,0.3909848109943132,148,38,1,0.02631578947368421,3.4057610241820764,ENSSSCG00000028552
Muscle,GO:BP,GO:0045926,negative regulation of growth,0.3920141788159137,149,38,1,0.02631578947368421,3.382903567643942,ENSSSCG00000022280
Muscle,GO:BP,GO:0002706,regulation of lymphocyte mediated immunity,0.3920141788159137,149,38,1,0.02631578947368421,3.382903567643942,ENSSSCG00000036747
Muscle,GO:BP,GO:0071495,cellular response to endogenous stimulus,0.39215520969056605,888,38,3,0.07894736842105263,1.7028805120910382,"ENSSSCG00000036512,ENSSSCG00000026087,ENSSSCG00000039342"
Muscle,GO:BP,GO:0002822,regulation of adaptive immune response based on somatic recombination of immune receptors built from immunoglobulin superfamily domains,0.3930326251293717,150,38,1,0.02631578947368421,3.360350877192982,ENSSSCG00000036747
Muscle,GO:BP,GO:0015748,organophosphate ester transport,0.3931825637938602,151,38,1,0.02631578947368421,3.3380968978738235,ENSSSCG00000033673
Muscle,GO:BP,GO:0007219,Notch signaling pathway,0.3931825637938602,152,38,1,0.02631578947368421,3.316135734072022,ENSSSCG00000035805
Muscle,GO:BP,GO:0048584,positive regulation of response to stimulus,0.3931825637938602,1743,38,5,0.13157894736842105,1.4459341123894072,"ENSSSCG00000026087,ENSSSCG00000032684,ENSSSCG00000012234,ENSSSCG00000036747,ENSSSCG00000040140"
Muscle,GO:BP,GO:0009605,response to external stimulus,0.3931825637938602,1738,38,5,0.13157894736842105,1.4500938768093998,"ENSSSCG00000009972,ENSSSCG00000027613,ENSSSCG00000026707,ENSSSCG00000012402,ENSSSCG00000036747"
Muscle,GO:BP,GO:0033043,regulation of organelle organization,0.3931825637938602,895,38,3,0.07894736842105263,1.6895618935607173,"ENSSSCG00000033673,ENSSSCG00000032684,ENSSSCG00000036747"
Muscle,GO:BP,GO:0030031,cell projection assembly,0.3931825637938602,500,38,2,0.05263157894736842,2.0162105263157892,"ENSSSCG00000039342,ENSSSCG00000036747"
Muscle,GO:BP,GO:0060560,developmental growth involved in morphogenesis,0.3931825637938602,152,38,1,0.02631578947368421,3.316135734072022,ENSSSCG00000026211
Muscle,GO:BP,GO:0099111,microtubule-based transport,0.3947859711579489,153,38,1,0.02631578947368421,3.2944616443068453,ENSSSCG00000039342
Muscle,GO:BP,GO:0120032,regulation of plasma membrane bounded cell projection assembly,0.39576264943947337,154,38,1,0.02631578947368421,3.273069036226931,ENSSSCG00000036747
Muscle,GO:BP,GO:0006897,endocytosis,0.39576264943947337,504,38,2,0.05263157894736842,2.0002088554720134,"ENSSSCG00000030303,ENSSSCG00000012234"
Muscle,GO:BP,GO:0010810,regulation of cell-substrate adhesion,0.39892010720903803,156,38,1,0.02631578947368421,3.2311066126855597,ENSSSCG00000040140
Muscle,GO:BP,GO:0060491,regulation of cell projection assembly,0.39892010720903803,156,38,1,0.02631578947368421,3.2311066126855597,ENSSSCG00000036747
Muscle,REAC,REAC:R-SSC-372790,Signaling by GPCR,0.40032019289030035,520,16,2,0.125,1.8735576923076924,"ENSSSCG00000026707,ENSSSCG00000012402"
Muscle,GO:BP,GO:0042592,homeostatic process,0.4019361658622388,1331,38,4,0.10526315789473684,1.5148088101546124,"ENSSSCG00000030303,ENSSSCG00000027613,ENSSSCG00000026707,ENSSSCG00000032684"
Muscle,GO:BP,GO:0008154,actin polymerization or depolymerization,0.4020409974467726,158,38,1,0.02631578947368421,3.190206528980679,ENSSSCG00000036747
Muscle,GO:BP,GO:0048736,appendage development,0.40264028909390637,160,38,1,0.02631578947368421,3.1503289473684206,ENSSSCG00000009972
Muscle,GO:BP,GO:0043523,regulation of neuron apoptotic process,0.40264028909390637,160,38,1,0.02631578947368421,3.1503289473684206,ENSSSCG00000032684
Muscle,GO:BP,GO:0002819,regulation of adaptive immune response,0.40264028909390637,159,38,1,0.02631578947368421,3.170142336974511,ENSSSCG00000036747
Muscle,GO:BP,GO:0000724,double-strand break repair via homologous recombination,0.40264028909390637,159,38,1,0.02631578947368421,3.170142336974511,ENSSSCG00000036747
Muscle,GO:BP,GO:0031399,regulation of protein modification process,0.40264028909390637,515,38,2,0.05263157894736842,1.957485947879407,"ENSSSCG00000033323,ENSSSCG00000040140"
Muscle,GO:BP,GO:0060173,limb development,0.40264028909390637,160,38,1,0.02631578947368421,3.1503289473684206,ENSSSCG00000009972
Muscle,GO:BP,GO:0006511,ubiquitin-dependent protein catabolic process,0.4029383288970981,517,38,2,0.05263157894736842,1.949913468390512,"ENSSSCG00000022901,ENSSSCG00000033323"
Muscle,GO:BP,GO:1903522,regulation of blood circulation,0.40354566794485736,161,38,1,0.02631578947368421,3.1307616868257595,ENSSSCG00000028771
Muscle,KEGG,KEGG:04360,Axon guidance,0.4036657880675607,181,17,1,0.058823529411764705,2.7481312967175824,ENSSSCG00000021333
Muscle,KEGG,KEGG:05207,Chemical carcinogenesis - receptor activation,0.4036657880675607,194,17,1,0.058823529411764705,2.563978168587022,ENSSSCG00000031077
Muscle,KEGG,KEGG:05415,Diabetic cardiomyopathy,0.4036657880675607,199,17,1,0.058823529411764705,2.499556606562223,ENSSSCG00000033673
Muscle,KEGG,KEGG:05169,Epstein-Barr virus infection,0.4036657880675607,193,17,1,0.058823529411764705,2.577263029564157,ENSSSCG00000040140
Muscle,KEGG,KEGG:04510,Focal adhesion,0.4036657880675607,195,17,1,0.058823529411764705,2.5508295625942683,ENSSSCG00000021333
Muscle,GO:BP,GO:0010647,positive regulation of cell communication,0.4036912917351089,1343,38,4,0.10526315789473684,1.5012736606967902,"ENSSSCG00000026087,ENSSSCG00000032684,ENSSSCG00000012234,ENSSSCG00000040140"
Muscle,GO:BP,GO:0000725,recombinational repair,0.4044413764181401,162,38,1,0.02631578947368421,3.1114359974009096,ENSSSCG00000036747
Muscle,GO:BP,GO:1903320,regulation of protein modification by small protein conjugation or removal,0.4047124460279823,163,38,1,0.02631578947368421,3.092347432999677,ENSSSCG00000033323
Muscle,GO:BP,GO:0001934,positive regulation of protein phosphorylation,0.4047124460279823,163,38,1,0.02631578947368421,3.092347432999677,ENSSSCG00000040140
Muscle,GO:BP,GO:0023056,positive regulation of signaling,0.4047124460279823,1348,38,4,0.10526315789473684,1.495705138216461,"ENSSSCG00000026087,ENSSSCG00000032684,ENSSSCG00000012234,ENSSSCG00000040140"
Muscle,REAC,REAC:R-SSC-198933,Immunoregulatory interactions between a Lymphoid and a non-Lymphoid cell,0.4067420069053733,172,16,1,0.0625,2.832122093023256,ENSSSCG00000040140
Muscle,REAC,REAC:R-SSC-1483257,Phospholipid metabolism,0.4067420069053733,170,16,1,0.0625,2.865441176470588,ENSSSCG00000030303
Muscle,GO:BP,GO:0048469,cell maturation,0.4074389548648726,166,38,1,0.02631578947368421,3.036461636017755,ENSSSCG00000010570
Muscle,GO:BP,GO:0051128,regulation of cellular component organization,0.4074389548648726,1793,38,5,0.13157894736842105,1.4056124695453078,"ENSSSCG00000009972,ENSSSCG00000033673,ENSSSCG00000022280,ENSSSCG00000032684,ENSSSCG00000036747"
Muscle,GO:BP,GO:0040011,locomotion,0.4074389548648726,933,38,3,0.07894736842105263,1.6207480115078694,"ENSSSCG00000026707,ENSSSCG00000012402,ENSSSCG00000036747"
Muscle,GO:BP,GO:0006909,phagocytosis,0.4074389548648726,166,38,1,0.02631578947368421,3.036461636017755,ENSSSCG00000012234
Muscle,GO:BP,GO:0002520,immune system development,0.4074389548648726,166,38,1,0.02631578947368421,3.036461636017755,ENSSSCG00000040140
Muscle,GO:BP,GO:0019941,modification-dependent protein catabolic process,0.4074389548648726,528,38,2,0.05263157894736842,1.9092902711323765,"ENSSSCG00000022901,ENSSSCG00000033323"
Muscle,GO:BP,GO:0043632,modification-dependent macromolecule catabolic process,0.40755429624067807,529,38,2,0.05263157894736842,1.905681026763506,"ENSSSCG00000022901,ENSSSCG00000033323"
Muscle,GO:BP,GO:0002685,regulation of leukocyte migration,0.40755429624067807,167,38,1,0.02631578947368421,3.0182792310116606,ENSSSCG00000012402
Muscle,GO:BP,GO:1901873,regulation of post-translational protein modification,0.40755429624067807,167,38,1,0.02631578947368421,3.0182792310116606,ENSSSCG00000033323
Muscle,GO:BP,GO:0007276,gamete generation,0.4081934672407067,531,38,2,0.05263157894736842,1.8985033204480126,"ENSSSCG00000004170,ENSSSCG00000016579"
Muscle,GO:BP,GO:0007160,cell-matrix adhesion,0.4092269118742007,169,38,1,0.02631578947368421,2.9825599501712863,ENSSSCG00000040140
Muscle,GO:BP,GO:0042098,T cell proliferation,0.4092269118742007,169,38,1,0.02631578947368421,2.9825599501712863,ENSSSCG00000040140
Muscle,GO:BP,GO:0006955,immune response,0.4092269118742007,1367,38,4,0.10526315789473684,1.4749162591922382,"ENSSSCG00000026707,ENSSSCG00000012402,ENSSSCG00000036747,ENSSSCG00000040140"
Muscle,REAC,REAC:R-SSC-416476,G alpha (q) signalling events,0.4103191713153899,178,16,1,0.0625,2.7366573033707864,ENSSSCG00000026707
Muscle,REAC,REAC:R-SSC-112315,Transmission across Chemical Synapses,0.4103191713153899,176,16,1,0.0625,2.767755681818182,ENSSSCG00000030303
Muscle,REAC,REAC:R-SSC-2555396,Mitotic Metaphase and Anaphase,0.411493855450013,185,16,1,0.0625,2.6331081081081082,ENSSSCG00000033323
Muscle,REAC,REAC:R-SSC-68882,Mitotic Anaphase,0.411493855450013,184,16,1,0.0625,2.6474184782608696,ENSSSCG00000033323
Muscle,REAC,REAC:R-SSC-8951664,Neddylation,0.411493855450013,182,16,1,0.0625,2.676510989010989,ENSSSCG00000033323
Muscle,GO:BP,GO:0000165,MAPK cascade,0.41210913767120194,537,38,2,0.05263157894736842,1.8772909928452415,"ENSSSCG00000028771,ENSSSCG00000021333"
Muscle,GO:BP,GO:0009725,response to hormone,0.4165911777346399,543,38,2,0.05263157894736842,1.8565474459629736,"ENSSSCG00000026087,ENSSSCG00000039342"
Muscle,GO:BP,GO:0006886,intracellular protein transport,0.4165911777346399,543,38,2,0.05263157894736842,1.8565474459629736,"ENSSSCG00000037539,ENSSSCG00000031077"
Muscle,GO:BP,GO:0099536,synaptic signaling,0.4165911777346399,542,38,2,0.05263157894736842,1.8599728102544182,"ENSSSCG00000037539,ENSSSCG00000030303"
Muscle,GO:BP,GO:0015931,nucleobase-containing compound transport,0.41769755474914066,175,38,1,0.02631578947368421,2.880300751879699,ENSSSCG00000033673
Muscle,GO:BP,GO:0050870,positive regulation of T cell activation,0.41769755474914066,175,38,1,0.02631578947368421,2.880300751879699,ENSSSCG00000040140
Muscle,GO:BP,GO:0071805,potassium ion transmembrane transport,0.41846477086852635,176,38,1,0.02631578947368421,2.8639354066985643,ENSSSCG00000010570
Muscle,GO:BP,GO:0097191,extrinsic apoptotic signaling pathway,0.41846477086852635,176,38,1,0.02631578947368421,2.8639354066985643,ENSSSCG00000012234
Muscle,GO:BP,GO:0007286,spermatid development,0.41983920766513305,177,38,1,0.02631578947368421,2.847754980672019,ENSSSCG00000016579
Muscle,KEGG,KEGG:04014,Ras signaling pathway,0.4200602578171824,224,17,1,0.058823529411764705,2.2205882352941178,ENSSSCG00000021333
Muscle,KEGG,KEGG:05208,Chemical carcinogenesis - reactive oxygen species,0.4200602578171824,220,17,1,0.058823529411764705,2.2609625668449196,ENSSSCG00000033673
Muscle,KEGG,KEGG:04810,Regulation of actin cytoskeleton,0.4200602578171824,221,17,1,0.058823529411764705,2.250731966994943,ENSSSCG00000021333
Muscle,GO:BP,GO:0033554,cellular response to stress,0.4202297729839515,1394,38,4,0.10526315789473684,1.446349014573737,"ENSSSCG00000009972,ENSSSCG00000032684,ENSSSCG00000012234,ENSSSCG00000036747"
Muscle,GO:BP,GO:0048515,spermatid differentiation,0.42453593588040045,180,38,1,0.02631578947368421,2.8002923976608187,ENSSSCG00000016579
Muscle,GO:BP,GO:0050670,regulation of lymphocyte proliferation,0.42588006896254094,181,38,1,0.02631578947368421,2.7848211689444606,ENSSSCG00000040140
Muscle,REAC,REAC:R-SSC-195721,Signaling by WNT,0.4272623515808504,198,16,1,0.0625,2.460227272727273,ENSSSCG00000009972
Muscle,REAC,REAC:R-SSC-392499,Metabolism of proteins,0.4272623515808504,1434,16,4,0.25,1.358786610878661,"ENSSSCG00000033673,ENSSSCG00000033323,ENSSSCG00000026211,ENSSSCG00000000148"
Muscle,GO:BP,GO:0042327,positive regulation of phosphorylation,0.43112121302331385,184,38,1,0.02631578947368421,2.73941647597254,ENSSSCG00000040140
Muscle,GO:BP,GO:0032944,regulation of mononuclear cell proliferation,0.43180713295073336,185,38,1,0.02631578947368421,2.7246088193456615,ENSSSCG00000040140
Muscle,GO:BP,GO:0045444,fat cell differentiation,0.43180713295073336,185,38,1,0.02631578947368421,2.7246088193456615,ENSSSCG00000002863
Muscle,GO:BP,GO:0060541,respiratory system development,0.43185850543966536,186,38,1,0.02631578947368421,2.7099603848330505,ENSSSCG00000036512
Muscle,GO:BP,GO:0010038,response to metal ion,0.43185850543966536,186,38,1,0.02631578947368421,2.7099603848330505,ENSSSCG00000028771
Muscle,GO:BP,GO:0006898,receptor-mediated endocytosis,0.43185850543966536,186,38,1,0.02631578947368421,2.7099603848330505,ENSSSCG00000030303
Muscle,GO:BP,GO:0071705,nitrogen compound transport,0.4319164262097241,1421,38,4,0.10526315789473684,1.4188673654579798,"ENSSSCG00000037539,ENSSSCG00000033673,ENSSSCG00000004399,ENSSSCG00000031077"
Muscle,GO:BP,GO:0098742,cell-cell adhesion via plasma-membrane adhesion molecules,0.43444555248971634,188,38,1,0.02631578947368421,2.681131019036954,ENSSSCG00000036512
Muscle,GO:BP,GO:0002703,regulation of leukocyte mediated immunity,0.4357278749234059,189,38,1,0.02631578947368421,2.666945140629351,ENSSSCG00000036747
Muscle,GO:BP,GO:0009987,cellular process,0.4359672015842716,18585,38,38,1,1.030616088243207,"ENSSSCG00000037539,ENSSSCG00000036512,ENSSSCG00000012669,ENSSSCG00000012667,ENSSSCG00000009972,ENSSSCG00000038044,ENSSSCG00000006267,ENSSSCG00000033673,ENSSSCG00000030303,ENSSSCG00000004803,ENSSSCG00000028771,ENSSSCG00000004399,ENSSSCG00000022280,ENSSSCG00000027613,ENSSSCG00000015796,ENSSSCG00000026707,ENSSSCG00000013349,ENSSSCG00000026087,ENSSSCG00000035805,ENSSSCG00000011646,ENSSSCG00000012402,ENSSSCG00000032684,ENSSSCG00000022901,ENSSSCG00000012234,ENSSSCG00000033323,ENSSSCG00000028552,ENSSSCG00000004170,ENSSSCG00000021333,ENSSSCG00000002863,ENSSSCG00000026211,ENSSSCG00000000148,ENSSSCG00000039342,ENSSSCG00000036747,ENSSSCG00000031077,ENSSSCG00000010570,ENSSSCG00000040140,ENSSSCG00000016579,ENSSSCG00000009192"
Muscle,GO:BP,GO:0051054,positive regulation of DNA metabolic process,0.4359672015842716,191,38,1,0.02631578947368421,2.639019013502342,ENSSSCG00000036747
Muscle,GO:BP,GO:0006813,potassium ion transport,0.4359672015842716,191,38,1,0.02631578947368421,2.639019013502342,ENSSSCG00000010570
Muscle,GO:BP,GO:0009719,response to endogenous stimulus,0.4359672015842716,996,38,3,0.07894736842105263,1.5182308180088775,"ENSSSCG00000036512,ENSSSCG00000026087,ENSSSCG00000039342"
Muscle,GO:BP,GO:1903039,positive regulation of leukocyte cell-cell adhesion,0.4359672015842716,190,38,1,0.02631578947368421,2.6529085872576177,ENSSSCG00000040140
Muscle,GO:BP,GO:0007033,vacuole organization,0.4359672015842716,190,38,1,0.02631578947368421,2.6529085872576177,ENSSSCG00000012234
Muscle,GO:BP,GO:1901700,response to oxygen-containing compound,0.4359672015842716,997,38,3,0.07894736842105263,1.5167080187932218,"ENSSSCG00000030303,ENSSSCG00000026087,ENSSSCG00000039342"
Muscle,GO:BP,GO:0048762,mesenchymal cell differentiation,0.4363954836803981,192,38,1,0.02631578947368421,2.625274122807017,ENSSSCG00000022280
Muscle,KEGG,KEGG:05206,MicroRNAs in cancer,0.4364801439706803,245,17,1,0.058823529411764705,2.030252100840336,ENSSSCG00000021333
Muscle,KEGG,KEGG:05132,Salmonella infection,0.4364801439706803,246,17,1,0.058823529411764705,2.021999043519847,ENSSSCG00000031077
Muscle,GO:BP,GO:0080134,regulation of response to stress,0.43726525417291623,1002,38,3,0.07894736842105263,1.5091396155058303,"ENSSSCG00000009972,ENSSSCG00000032684,ENSSSCG00000036747"
Muscle,GO:BP,GO:0009952,anterior/posterior pattern specification,0.43726525417291623,193,38,1,0.02631578947368421,2.611671666212162,ENSSSCG00000028552
Muscle,GO:BP,GO:0022603,regulation of anatomical structure morphogenesis,0.4382930223054182,581,38,2,0.05263157894736842,1.7351209348672887,"ENSSSCG00000013349,ENSSSCG00000021333"
Muscle,GO:BP,GO:0016567,protein ubiquitination,0.43867353430581224,582,38,2,0.05263157894736842,1.732139627419063,"ENSSSCG00000006267,ENSSSCG00000033323"
Muscle,GO:BP,GO:0030155,regulation of cell adhesion,0.44005308781452845,584,38,2,0.05263157894736842,1.7262076423936552,"ENSSSCG00000012402,ENSSSCG00000040140"
Muscle,GO:BP,GO:0015850,organic hydroxy compound transport,0.440097707859158,196,38,1,0.02631578947368421,2.5716970998925888,ENSSSCG00000031077
Muscle,REAC,REAC:R-SSC-71387,Metabolism of carbohydrates and carbohydrate derivatives,0.4420110224897317,209,16,1,0.0625,2.3307416267942584,ENSSSCG00000038044
Muscle,KEGG,KEGG:05012,Parkinson disease,0.44277986329531116,258,17,1,0.058823529411764705,1.927952576379389,ENSSSCG00000033673
Muscle,KEGG,KEGG:05020,Prion disease,0.44277986329531116,262,17,1,0.058823529411764705,1.8985181859003142,ENSSSCG00000033673
Muscle,GO:BP,GO:2000026,regulation of multicellular organismal development,0.4432944581692354,1015,38,3,0.07894736842105263,1.4898107337308788,"ENSSSCG00000013349,ENSSSCG00000028552,ENSSSCG00000021333"
Muscle,GO:BP,GO:0008283,cell population proliferation,0.4432944581692354,1456,38,4,0.10526315789473684,1.38475997686524,"ENSSSCG00000036512,ENSSSCG00000032684,ENSSSCG00000012234,ENSSSCG00000040140"
Muscle,GO:BP,GO:0070663,regulation of leukocyte proliferation,0.4437312688736496,199,38,1,0.02631578947368421,2.5329277968791324,ENSSSCG00000040140
Muscle,GO:BP,GO:1902531,regulation of intracellular signal transduction,0.44400625811639155,1460,38,4,0.10526315789473684,1.3809661139149243,"ENSSSCG00000032684,ENSSSCG00000033323,ENSSSCG00000021333,ENSSSCG00000040140"
Muscle,REAC,REAC:R-SSC-418594,G alpha (i) signalling events,0.4446722351976497,213,16,1,0.0625,2.2869718309859155,ENSSSCG00000012402
Muscle,GO:BP,GO:0051247,positive regulation of protein metabolic process,0.4447719089983346,594,38,2,0.05263157894736842,1.6971469076732233,"ENSSSCG00000033323,ENSSSCG00000040140"
Muscle,GO:BP,GO:0019222,regulation of metabolic process,0.4447719089983346,5219,38,12,0.3157894736842105,1.1589637054890531,"ENSSSCG00000012667,ENSSSCG00000030303,ENSSSCG00000004803,ENSSSCG00000028771,ENSSSCG00000013349,ENSSSCG00000032684,ENSSSCG00000033323,ENSSSCG00000028552,ENSSSCG00000004170,ENSSSCG00000002863,ENSSSCG00000036747,ENSSSCG00000040140"
Muscle,GO:BP,GO:0006811,monoatomic ion transport,0.4447719089983346,1022,38,3,0.07894736842105263,1.479606550623133,"ENSSSCG00000027613,ENSSSCG00000026707,ENSSSCG00000010570"
Muscle,GO:BP,GO:0048511,rhythmic process,0.4447719089983346,201,38,1,0.02631578947368421,2.5077245352186437,ENSSSCG00000028552
Muscle,GO:BP,GO:0051402,neuron apoptotic process,0.4483944393384551,204,38,1,0.02631578947368421,2.470846233230134,ENSSSCG00000032684
Muscle,GO:BP,GO:0032259,methylation,0.4483944393384551,204,38,1,0.02631578947368421,2.470846233230134,ENSSSCG00000006267
Muscle,GO:BP,GO:0002429,immune response-activating cell surface receptor signaling pathway,0.4531176002354204,207,38,1,0.02631578947368421,2.4350368675311467,ENSSSCG00000040140
Muscle,GO:BP,GO:0045944,positive regulation of transcription by RNA polymerase II,0.45337545509668276,1037,38,3,0.07894736842105263,1.458204334365325,"ENSSSCG00000028771,ENSSSCG00000013349,ENSSSCG00000036747"
Muscle,GO:BP,GO:0090092,regulation of transmembrane receptor protein serine/threonine kinase signaling pathway,0.45716057027487644,210,38,1,0.02631578947368421,2.400250626566416,ENSSSCG00000012667
Muscle,GO:BP,GO:0046649,lymphocyte activation,0.460167875311278,614,38,2,0.05263157894736842,1.6418652494428252,"ENSSSCG00000036747,ENSSSCG00000040140"
Muscle,GO:BP,GO:2000146,negative regulation of cell motility,0.4611502238672488,213,38,1,0.02631578947368421,2.366444279713368,ENSSSCG00000036747
Muscle,GO:BP,GO:0048609,multicellular organismal reproductive process,0.46161667593499894,617,38,2,0.05263157894736842,1.6338821120873495,"ENSSSCG00000004170,ENSSSCG00000016579"
Muscle,GO:BP,GO:0071695,anatomical structure maturation,0.46161667593499894,214,38,1,0.02631578947368421,2.355386128873586,ENSSSCG00000010570
Muscle,REAC,REAC:R-SSC-5688426,Deubiquitination,0.4617067336270367,227,16,1,0.0625,2.1459251101321586,ENSSSCG00000033323
Muscle,REAC,REAC:R-SSC-1280218,Adaptive Immune System,0.4617067336270367,635,16,2,0.125,1.5342519685039369,"ENSSSCG00000033323,ENSSSCG00000040140"
Muscle,GO:BP,GO:0060255,regulation of macromolecule metabolic process,0.4623560877951715,4807,38,11,0.2894736842105263,1.1534385161989642,"ENSSSCG00000012667,ENSSSCG00000030303,ENSSSCG00000004803,ENSSSCG00000028771,ENSSSCG00000013349,ENSSSCG00000033323,ENSSSCG00000028552,ENSSSCG00000004170,ENSSSCG00000002863,ENSSSCG00000036747,ENSSSCG00000040140"
Muscle,GO:BP,GO:0110053,regulation of actin filament organization,0.4623560877951715,215,38,1,0.02631578947368421,2.3444308445532434,ENSSSCG00000036747
Muscle,GO:BP,GO:0010562,positive regulation of phosphorus metabolic process,0.46533052441683903,218,38,1,0.02631578947368421,2.3121680347658136,ENSSSCG00000040140
Muscle,GO:BP,GO:0006936,muscle contraction,0.46533052441683903,218,38,1,0.02631578947368421,2.3121680347658136,ENSSSCG00000010570
Muscle,GO:BP,GO:0045937,positive regulation of phosphate metabolic process,0.46533052441683903,218,38,1,0.02631578947368421,2.3121680347658136,ENSSSCG00000040140
Muscle,REAC,REAC:R-SSC-69620,Cell Cycle Checkpoints,0.46631184006602666,234,16,1,0.0625,2.081730769230769,ENSSSCG00000033323
Muscle,GO:BP,GO:0002768,immune response-regulating cell surface receptor signaling pathway,0.4664023333509158,219,38,1,0.02631578947368421,2.301610189858207,ENSSSCG00000040140
Muscle,GO:BP,GO:0040007,growth,0.4682106308672909,629,38,2,0.05263157894736842,1.60271107020333,"ENSSSCG00000022280,ENSSSCG00000026211"
Muscle,GO:BP,GO:0022409,positive regulation of cell-cell adhesion,0.47295495031873797,224,38,1,0.02631578947368421,2.2502349624060147,ENSSSCG00000040140
Muscle,GO:BP,GO:0040013,negative regulation of locomotion,0.47295495031873797,224,38,1,0.02631578947368421,2.2502349624060147,ENSSSCG00000036747
Muscle,REAC,REAC:R-SSC-597592,Post-translational protein modification,0.473142216321835,1096,16,3,0.1875,1.3333713503649633,"ENSSSCG00000033323,ENSSSCG00000026211,ENSSSCG00000000148"
Muscle,GO:BP,GO:0051258,protein polymerization,0.47399069477265526,225,38,1,0.02631578947368421,2.240233918128655,ENSSSCG00000036747
Muscle,GO:BP,GO:0032446,protein modification by small protein conjugation,0.47607217138806485,640,38,2,0.05263157894736842,1.5751644736842103,"ENSSSCG00000006267,ENSSSCG00000033323"
Muscle,GO:BP,GO:0051259,protein complex oligomerization,0.477709646084577,228,38,1,0.02631578947368421,2.2107571560480146,ENSSSCG00000032684
Muscle,REAC,REAC:R-SSC-983168,Antigen processing: Ubiquitination & Proteasome degradation,0.4778453738617492,247,16,1,0.0625,1.9721659919028338,ENSSSCG00000033323
Muscle,GO:BP,GO:0140352,export from cell,0.47854464772417116,644,38,2,0.05263157894736842,1.5653808434128798,"ENSSSCG00000031077,ENSSSCG00000010570"
Muscle,GO:BP,GO:0051251,positive regulation of lymphocyte activation,0.4846725034688578,233,38,1,0.02631578947368421,2.163316015360289,ENSSSCG00000040140
Muscle,GO:BP,GO:0051603,proteolysis involved in protein catabolic process,0.4894092803831814,657,38,2,0.05263157894736842,1.5344067932388048,"ENSSSCG00000022901,ENSSSCG00000033323"
Muscle,GO:BP,GO:0030217,T cell differentiation,0.4898929105404423,237,38,1,0.02631578947368421,2.126804352653786,ENSSSCG00000040140
Muscle,GO:BP,GO:0001558,regulation of cell growth,0.4908542025005482,238,38,1,0.02631578947368421,2.1178681999115434,ENSSSCG00000022280
Muscle,GO:BP,GO:0097193,intrinsic apoptotic signaling pathway,0.4914366904788107,240,38,1,0.02631578947368421,2.100219298245614,ENSSSCG00000032684
Muscle,GO:BP,GO:0050767,regulation of neurogenesis,0.4914366904788107,240,38,1,0.02631578947368421,2.100219298245614,ENSSSCG00000028552
Muscle,GO:BP,GO:0016197,endosomal transport,0.4914366904788107,240,38,1,0.02631578947368421,2.100219298245614,ENSSSCG00000036747
Muscle,GO:BP,GO:0000209,protein polyubiquitination,0.4914366904788107,239,38,1,0.02631578947368421,2.1090068266901563,ENSSSCG00000033323
Muscle,GO:BP,GO:0002449,lymphocyte mediated immunity,0.49238003143487136,241,38,1,0.02631578947368421,2.091504695348329,ENSSSCG00000036747
Muscle,GO:BP,GO:0009056,catabolic process,0.4924040085722786,2045,38,5,0.13157894736842105,1.2324025221979154,"ENSSSCG00000030303,ENSSSCG00000032684,ENSSSCG00000022901,ENSSSCG00000012234,ENSSSCG00000033323"
Muscle,GO:BP,GO:0045595,regulation of cell differentiation,0.4945862344912197,1120,38,3,0.07894736842105263,1.3501409774436088,"ENSSSCG00000022280,ENSSSCG00000028552,ENSSSCG00000002863"
Muscle,GO:BP,GO:0034504,protein localization to nucleus,0.4951762343555663,244,38,1,0.02631578947368421,2.06578947368421,ENSSSCG00000031077
Muscle,GO:BP,GO:0046651,lymphocyte proliferation,0.5001109140209418,248,38,1,0.02631578947368421,2.0324702886247876,ENSSSCG00000040140
Muscle,GO:BP,GO:0002460,adaptive immune response based on somatic recombination of immune receptors built from immunoglobulin superfamily domains,0.5001109140209418,248,38,1,0.02631578947368421,2.0324702886247876,ENSSSCG00000036747
Muscle,GO:BP,GO:0098657,import into cell,0.5001109140209418,678,38,2,0.05263157894736842,1.486880919111939,"ENSSSCG00000030303,ENSSSCG00000012234"
Muscle,GO:BP,GO:0006302,double-strand break repair,0.500389184016925,249,38,1,0.02631578947368421,2.02430775734517,ENSSSCG00000036747
Muscle,GO:BP,GO:0010506,regulation of autophagy,0.5028373047966009,251,38,1,0.02631578947368421,2.0081778150555674,ENSSSCG00000032684
Muscle,GO:BP,GO:0002696,positive regulation of leukocyte activation,0.5037205572864226,252,38,1,0.02631578947368421,2.0002088554720134,ENSSSCG00000040140
Muscle,GO:BP,GO:0046903,secretion,0.5046773326585905,686,38,2,0.05263157894736842,1.4695411999386219,"ENSSSCG00000004399,ENSSSCG00000031077"
Muscle,GO:BP,GO:0032535,regulation of cellular component size,0.5048041452284213,254,38,1,0.02631578947368421,1.9844591794446746,ENSSSCG00000036747
Muscle,GO:BP,GO:0032943,mononuclear cell proliferation,0.5048041452284213,254,38,1,0.02631578947368421,1.9844591794446746,ENSSSCG00000040140
Muscle,GO:BP,GO:0009607,response to biotic stimulus,0.508904103164212,1151,38,3,0.07894736842105263,1.3137774932552928,"ENSSSCG00000027613,ENSSSCG00000012234,ENSSSCG00000036747"
Muscle,GO:BP,GO:0010975,regulation of neuron projection development,0.5110960595080309,259,38,1,0.02631578947368421,1.9461491566754723,ENSSSCG00000009972
Muscle,REAC,REAC:R-SSC-112316,Neuronal System,0.5113899407139202,273,16,1,0.0625,1.7843406593406592,ENSSSCG00000030303
Muscle,GO:BP,GO:0098609,cell-cell adhesion,0.5120560322260577,698,38,2,0.05263157894736842,1.4442768813150353,"ENSSSCG00000036512,ENSSSCG00000040140"
Muscle,GO:BP,GO:0050867,positive regulation of cell activation,0.514279182673998,262,38,1,0.02631578947368421,1.9238650060265166,ENSSSCG00000040140
Muscle,GO:BP,GO:0032956,regulation of actin cytoskeleton organization,0.5180973154116663,265,38,1,0.02631578947368421,1.9020854021847071,ENSSSCG00000036747
Muscle,GO:BP,GO:0050776,regulation of immune response,0.5206318268521408,710,38,2,0.05263157894736842,1.4198665678280205,"ENSSSCG00000036747,ENSSSCG00000040140"
Muscle,REAC,REAC:R-SSC-983169,Class I MHC mediated antigen processing & presentation,0.5235646198554065,285,16,1,0.0625,1.7092105263157893,ENSSSCG00000033323
Muscle,GO:BP,GO:0021700,developmental maturation,0.5270951746646747,272,38,1,0.02631578947368421,1.8531346749226005,ENSSSCG00000010570
Muscle,GO:BP,GO:1903037,regulation of leukocyte cell-cell adhesion,0.5278724861816378,273,38,1,0.02631578947368421,1.84634663582032,ENSSSCG00000040140
Muscle,GO:BP,GO:0015980,energy derivation by oxidation of organic compounds,0.5279565631285514,274,38,1,0.02631578947368421,1.839608144448713,ENSSSCG00000038044
Muscle,GO:BP,GO:0141091,transforming growth factor beta receptor superfamily signaling pathway,0.5279565631285514,274,38,1,0.02631578947368421,1.839608144448713,ENSSSCG00000012667
Muscle,GO:BP,GO:0045321,leukocyte activation,0.5295575546842445,726,38,2,0.05263157894736842,1.3885747426417283,"ENSSSCG00000036747,ENSSSCG00000040140"
Muscle,GO:BP,GO:0018193,peptidyl-amino acid modification,0.5295575546842445,277,38,1,0.02631578947368421,1.819684590537716,ENSSSCG00000040140
Muscle,GO:BP,GO:0050863,regulation of T cell activation,0.5295575546842445,277,38,1,0.02631578947368421,1.819684590537716,ENSSSCG00000040140
Muscle,GO:BP,GO:0031589,cell-substrate adhesion,0.5295575546842445,276,38,1,0.02631578947368421,1.8262776506483598,ENSSSCG00000040140
Muscle,GO:BP,GO:0032102,negative regulation of response to external stimulus,0.5296253116716613,278,38,1,0.02631578947368421,1.813138962514199,ENSSSCG00000009972
Muscle,GO:BP,GO:0070661,leukocyte proliferation,0.5296253116716613,278,38,1,0.02631578947368421,1.813138962514199,ENSSSCG00000040140
Muscle,GO:BP,GO:0006310,DNA recombination,0.5303733824732935,279,38,1,0.02631578947368421,1.8066402565553668,ENSSSCG00000036747
Muscle,GO:BP,GO:0043010,camera-type eye development,0.5311167228359601,280,38,1,0.02631578947368421,1.8001879699248118,ENSSSCG00000030303
Muscle,GO:BP,GO:0002682,regulation of immune system process,0.534002333204069,1206,38,3,0.07894736842105263,1.2538622676093218,"ENSSSCG00000012402,ENSSSCG00000036747,ENSSSCG00000040140"
Muscle,GO:BP,GO:0050900,leukocyte migration,0.5340040961430336,283,38,1,0.02631578947368421,1.7811047052259623,ENSSSCG00000012402
Muscle,KEGG,KEGG:05014,Amyotrophic lateral sclerosis,0.538559716021004,350,17,1,0.058823529411764705,1.4211764705882353,ENSSSCG00000039342
Muscle,GO:BP,GO:0032970,regulation of actin filament-based process,0.543132135257395,290,38,1,0.02631578947368421,1.7381125226860252,ENSSSCG00000036747
Muscle,GO:BP,GO:0007178,cell surface receptor protein serine/threonine kinase signaling pathway,0.5443009770124072,292,38,1,0.02631578947368421,1.7262076423936552,ENSSSCG00000012667
Muscle,GO:BP,GO:0007281,germ cell development,0.5443009770124072,292,38,1,0.02631578947368421,1.7262076423936552,ENSSSCG00000016579
Muscle,GO:BP,GO:0000122,negative regulation of transcription by RNA polymerase II,0.5443009770124072,752,38,2,0.05263157894736842,1.340565509518477,"ENSSSCG00000028771,ENSSSCG00000028552"
Muscle,GO:BP,GO:0006355,regulation of DNA-templated transcription,0.5449935585059215,2683,38,6,0.15789473684210525,1.1272142338701767,"ENSSSCG00000012667,ENSSSCG00000028771,ENSSSCG00000013349,ENSSSCG00000028552,ENSSSCG00000004170,ENSSSCG00000036747"
Muscle,GO:BP,GO:0070647,protein modification by small protein conjugation or removal,0.5449935585059215,754,38,2,0.05263157894736842,1.337009632835404,"ENSSSCG00000006267,ENSSSCG00000033323"
Muscle,GO:BP,GO:2001141,regulation of RNA biosynthetic process,0.5458308243223557,2689,38,6,0.15789473684210525,1.124699066371768,"ENSSSCG00000012667,ENSSSCG00000028771,ENSSSCG00000013349,ENSSSCG00000028552,ENSSSCG00000004170,ENSSSCG00000036747"
Muscle,GO:BP,GO:0051241,negative regulation of multicellular organismal process,0.5458308243223557,758,38,2,0.05263157894736842,1.3299541730315232,"ENSSSCG00000009972,ENSSSCG00000022280"
Muscle,GO:BP,GO:0002697,regulation of immune effector process,0.5458308243223557,295,38,1,0.02631578947368421,1.7086529884032113,ENSSSCG00000036747
Muscle,KEGG,KEGG:05010,Alzheimer disease,0.5484056128060772,368,17,1,0.058823529411764705,1.3516624040920717,ENSSSCG00000033673
Muscle,GO:BP,GO:2000145,regulation of cell motility,0.5501006835076306,764,38,2,0.05263157894736842,1.319509506751171,"ENSSSCG00000012402,ENSSSCG00000036747"
Muscle,GO:BP,GO:0002443,leukocyte mediated immunity,0.5505098987551299,301,38,1,0.02631578947368421,1.674593460395174,ENSSSCG00000036747
Muscle,GO:BP,GO:0051960,regulation of nervous system development,0.5505098987551299,301,38,1,0.02631578947368421,1.674593460395174,ENSSSCG00000028552
Muscle,GO:BP,GO:0010468,regulation of gene expression,0.5506230897765304,4181,38,9,0.23684210526315788,1.0850212112438473,"ENSSSCG00000012667,ENSSSCG00000004803,ENSSSCG00000028771,ENSSSCG00000013349,ENSSSCG00000028552,ENSSSCG00000004170,ENSSSCG00000002863,ENSSSCG00000036747,ENSSSCG00000040140"
Muscle,GO:BP,GO:0016192,vesicle-mediated transport,0.5537603312762123,1253,38,3,0.07894736842105263,1.206829923971941,"ENSSSCG00000030303,ENSSSCG00000012234,ENSSSCG00000036747"
Muscle,GO:BP,GO:1902903,regulation of supramolecular fiber organization,0.5537603312762123,305,38,1,0.02631578947368421,1.6526315789473682,ENSSSCG00000036747
Muscle,GO:BP,GO:0007159,leukocyte cell-cell adhesion,0.5570302810805994,308,38,1,0.02631578947368421,1.6365345181134654,ENSSSCG00000040140
Muscle,GO:BP,GO:0051641,cellular localization,0.5590551672744385,2731,38,6,0.15789473684210525,1.107402339609551,"ENSSSCG00000037539,ENSSSCG00000027613,ENSSSCG00000026707,ENSSSCG00000013349,ENSSSCG00000036747,ENSSSCG00000031077"
Muscle,GO:BP,GO:0043687,post-translational protein modification,0.5632247433844301,787,38,2,0.05263157894736842,1.2809469671637799,"ENSSSCG00000006267,ENSSSCG00000033323"
Muscle,GO:BP,GO:0001932,regulation of protein phosphorylation,0.5659419355034675,317,38,1,0.02631578947368421,1.5900713929935246,ENSSSCG00000040140
Muscle,GO:BP,GO:0022412,cellular process involved in reproduction in multicellular organism,0.5659419355034675,317,38,1,0.02631578947368421,1.5900713929935246,ENSSSCG00000016579
Muscle,GO:BP,GO:0040012,regulation of locomotion,0.5675055502268084,795,38,2,0.05263157894736842,1.2680569347898047,"ENSSSCG00000012402,ENSSSCG00000036747"
Muscle,GO:BP,GO:0001654,eye development,0.5707297154057872,322,38,1,0.02631578947368421,1.5653808434128798,ENSSSCG00000030303
Muscle,GO:BP,GO:0010556,regulation of macromolecule biosynthetic process,0.5707297154057872,4253,38,9,0.23684210526315788,1.0666526414790796,"ENSSSCG00000012667,ENSSSCG00000004803,ENSSSCG00000028771,ENSSSCG00000013349,ENSSSCG00000028552,ENSSSCG00000004170,ENSSSCG00000002863,ENSSSCG00000036747,ENSSSCG00000040140"
Muscle,REAC,REAC:R-SSC-68886,M Phase,0.5712053046828899,325,16,1,0.0625,1.498846153846154,ENSSSCG00000033323
Muscle,GO:BP,GO:0150063,visual system development,0.5732991767905989,325,38,1,0.02631578947368421,1.5509311740890688,ENSSSCG00000030303
Muscle,GO:BP,GO:0006468,protein phosphorylation,0.5738449211627104,326,38,1,0.02631578947368421,1.5461737164998386,ENSSSCG00000040140
Muscle,GO:BP,GO:0048880,sensory system development,0.5793848132355071,331,38,1,0.02631578947368421,1.522817618063285,ENSSSCG00000030303
Muscle,GO:BP,GO:0022411,cellular component disassembly,0.5799068965230999,332,38,1,0.02631578947368421,1.5182308180088775,ENSSSCG00000032684
Muscle,GO:BP,GO:0001775,cell activation,0.5813812918022349,819,38,2,0.05263157894736842,1.2308977572135467,"ENSSSCG00000036747,ENSSSCG00000040140"
Muscle,GO:BP,GO:0009887,animal organ morphogenesis,0.5822111275495422,821,38,2,0.05263157894736842,1.2278992243092506,"ENSSSCG00000036512,ENSSSCG00000004803"
Muscle,GO:BP,GO:0051052,regulation of DNA metabolic process,0.5831816554645987,337,38,1,0.02631578947368421,1.495705138216461,ENSSSCG00000036747
Muscle,GO:BP,GO:0030098,lymphocyte differentiation,0.5831816554645987,337,38,1,0.02631578947368421,1.495705138216461,ENSSSCG00000040140
Muscle,GO:BP,GO:0042325,regulation of phosphorylation,0.5836813415467815,338,38,1,0.02631578947368421,1.4912799750856431,ENSSSCG00000040140
Muscle,GO:BP,GO:0006351,DNA-templated transcription,0.5843400306847367,2814,38,6,0.15789473684210525,1.074739086522276,"ENSSSCG00000012667,ENSSSCG00000028771,ENSSSCG00000013349,ENSSSCG00000028552,ENSSSCG00000004170,ENSSSCG00000036747"
Muscle,GO:BP,GO:0050804,modulation of chemical synaptic transmission,0.5870785693843801,344,38,1,0.02631578947368421,1.4652692778457772,ENSSSCG00000037539
Muscle,GO:BP,GO:0023061,signal release,0.5870785693843801,345,38,1,0.02631578947368421,1.461022120518688,ENSSSCG00000031077
Muscle,GO:BP,GO:0030163,protein catabolic process,0.5870785693843801,833,38,2,0.05263157894736842,1.2102103999494533,"ENSSSCG00000022901,ENSSSCG00000033323"
Muscle,GO:BP,GO:0060271,cilium assembly,0.5870785693843801,345,38,1,0.02631578947368421,1.461022120518688,ENSSSCG00000039342
Muscle,GO:BP,GO:0007017,microtubule-based process,0.5870785693843801,836,38,2,0.05263157894736842,1.2058675396625533,"ENSSSCG00000004399,ENSSSCG00000039342"
Muscle,GO:BP,GO:0099177,regulation of trans-synaptic signaling,0.5870785693843801,344,38,1,0.02631578947368421,1.4652692778457772,ENSSSCG00000037539
Muscle,GO:BP,GO:0002757,immune response-activating signaling pathway,0.5877648289388078,348,38,1,0.02631578947368421,1.4484271022383544,ENSSSCG00000040140
Muscle,GO:BP,GO:0044057,regulation of system process,0.5877648289388078,347,38,1,0.02631578947368421,1.452601243743364,ENSSSCG00000028771
Muscle,GO:BP,GO:0045785,positive regulation of cell adhesion,0.5877648289388078,347,38,1,0.02631578947368421,1.452601243743364,ENSSSCG00000040140
Muscle,GO:BP,GO:0002250,adaptive immune response,0.5877648289388078,348,38,1,0.02631578947368421,1.4484271022383544,ENSSSCG00000036747
Muscle,GO:BP,GO:1902533,positive regulation of intracellular signal transduction,0.5881772362719331,843,38,2,0.05263157894736842,1.1958544046950115,"ENSSSCG00000032684,ENSSSCG00000040140"
Muscle,GO:BP,GO:0036211,protein modification process,0.5935581202654926,1352,38,3,0.07894736842105263,1.1184599813142322,"ENSSSCG00000006267,ENSSSCG00000033323,ENSSSCG00000040140"
Muscle,GO:BP,GO:0006869,lipid transport,0.5949465507344082,356,38,1,0.02631578947368421,1.4158781785925485,ENSSSCG00000000148
Muscle,GO:BP,GO:0022407,regulation of cell-cell adhesion,0.5953789131935154,357,38,1,0.02631578947368421,1.4119121332743625,ENSSSCG00000040140
Muscle,GO:BP,GO:0072594,establishment of protein localization to organelle,0.5955136213480622,359,38,1,0.02631578947368421,1.4040463275179593,ENSSSCG00000031077
Muscle,GO:BP,GO:0009889,regulation of biosynthetic process,0.5955136213480622,4371,38,9,0.23684210526315788,1.037857168659466,"ENSSSCG00000012667,ENSSSCG00000004803,ENSSSCG00000028771,ENSSSCG00000013349,ENSSSCG00000028552,ENSSSCG00000004170,ENSSSCG00000002863,ENSSSCG00000036747,ENSSSCG00000040140"
Muscle,GO:BP,GO:0090066,regulation of anatomical structure size,0.5955136213480622,359,38,1,0.02631578947368421,1.4040463275179593,ENSSSCG00000036747
Muscle,GO:BP,GO:0007264,small GTPase-mediated signal transduction,0.595936447716666,360,38,1,0.02631578947368421,1.4001461988304094,ENSSSCG00000036747
Muscle,GO:BP,GO:0001819,positive regulation of cytokine production,0.5963560112806361,361,38,1,0.02631578947368421,1.3962676775040093,ENSSSCG00000040140
Muscle,GO:BP,GO:0045893,positive regulation of DNA-templated transcription,0.5989599570039927,1371,38,3,0.07894736842105263,1.1029598065184845,"ENSSSCG00000028771,ENSSSCG00000013349,ENSSSCG00000036747"
Muscle,GO:BP,GO:1902680,positive regulation of RNA biosynthetic process,0.5994025842989439,1373,38,3,0.07894736842105263,1.1013531644113927,"ENSSSCG00000028771,ENSSSCG00000013349,ENSSSCG00000036747"
Muscle,GO:BP,GO:0051252,regulation of RNA metabolic process,0.6006381537215637,2893,38,6,0.15789473684210525,1.0453908708861679,"ENSSSCG00000012667,ENSSSCG00000028771,ENSSSCG00000013349,ENSSSCG00000028552,ENSSSCG00000004170,ENSSSCG00000036747"
Muscle,GO:BP,GO:0009611,response to wounding,0.6006381537215637,368,38,1,0.02631578947368421,1.36970823798627,ENSSSCG00000009972
Muscle,GO:BP,GO:0015711,organic anion transport,0.6006381537215637,367,38,1,0.02631578947368421,1.3734404130216549,ENSSSCG00000033673
Muscle,REAC,REAC:R-SSC-1266738,Developmental Biology,0.6019774806734169,359,16,1,0.0625,1.3568941504178273,ENSSSCG00000028771
Muscle,REAC,REAC:R-SSC-9006934,Signaling by Receptor Tyrosine Kinases,0.6019774806734169,357,16,1,0.0625,1.3644957983193278,ENSSSCG00000036512
Muscle,GO:BP,GO:0051249,regulation of lymphocyte activation,0.6025275709913307,371,38,1,0.02631578947368421,1.3586324301319335,ENSSSCG00000040140
Muscle,GO:BP,GO:0044782,cilium organization,0.6025275709913307,371,38,1,0.02631578947368421,1.3586324301319335,ENSSSCG00000039342
Muscle,GO:BP,GO:0010876,lipid localization,0.6040114544330811,373,38,1,0.02631578947368421,1.3513475377451671,ENSSSCG00000000148
Muscle,GO:BP,GO:0007283,spermatogenesis,0.6043884184798944,374,38,1,0.02631578947368421,1.3477343090346185,ENSSSCG00000016579
Muscle,GO:BP,GO:0006091,generation of precursor metabolites and energy,0.606221012022136,377,38,1,0.02631578947368421,1.337009632835404,ENSSSCG00000038044
Muscle,GO:BP,GO:0061564,axon development,0.606221012022136,377,38,1,0.02631578947368421,1.337009632835404,ENSSSCG00000009972
Muscle,GO:BP,GO:0050808,synapse organization,0.6087477845729568,380,38,1,0.02631578947368421,1.3264542936288088,ENSSSCG00000011646
Muscle,GO:BP,GO:0016310,phosphorylation,0.6101769585019351,382,38,1,0.02631578947368421,1.319509506751171,ENSSSCG00000040140
Muscle,GO:BP,GO:0002764,immune response-regulating signaling pathway,0.6115942836662136,384,38,1,0.02631578947368421,1.3126370614035086,ENSSSCG00000040140
Muscle,GO:BP,GO:0040008,regulation of growth,0.6129998345218713,386,38,1,0.02631578947368421,1.305835833106081,ENSSSCG00000022280
Muscle,GO:BP,GO:0048232,male gamete generation,0.6175557023654724,391,38,1,0.02631578947368421,1.2891371651635484,ENSSSCG00000016579
Muscle,GO:BP,GO:0010638,positive regulation of organelle organization,0.621008650083089,395,38,1,0.02631578947368421,1.2760826115922719,ENSSSCG00000032684
Muscle,GO:BP,GO:0010558,negative regulation of macromolecule biosynthetic process,0.6223925155240506,1948,38,4,0.10526315789473684,1.035015670593321,"ENSSSCG00000028771,ENSSSCG00000028552,ENSSSCG00000002863,ENSSSCG00000040140"
Muscle,REAC,REAC:R-SSC-9012999,RHO GTPase cycle,0.6257890184591508,385,16,1,0.0625,1.2652597402597403,ENSSSCG00000004803
Muscle,GO:BP,GO:0002253,activation of immune response,0.6301086485539062,406,38,1,0.02631578947368421,1.2415089447757324,ENSSSCG00000040140
Muscle,GO:BP,GO:1903131,mononuclear cell differentiation,0.6301086485539062,406,38,1,0.02631578947368421,1.2415089447757324,ENSSSCG00000040140
Muscle,GO:BP,GO:0009890,negative regulation of biosynthetic process,0.6380724661699869,1989,38,4,0.10526315789473684,1.0136805059405678,"ENSSSCG00000028771,ENSSSCG00000028552,ENSSSCG00000002863,ENSSSCG00000040140"
Muscle,GO:BP,GO:0001501,skeletal system development,0.6380724661699869,415,38,1,0.02631578947368421,1.214584654407102,ENSSSCG00000036512
Muscle,GO:BP,GO:0051094,positive regulation of developmental process,0.6380724661699869,949,38,2,0.05263157894736842,1.0622816260884032,"ENSSSCG00000021333,ENSSSCG00000002863"
Muscle,GO:BP,GO:0051493,regulation of cytoskeleton organization,0.6380724661699869,416,38,1,0.02631578947368421,1.2116649797570849,ENSSSCG00000036747
Muscle,GO:BP,GO:0051254,positive regulation of RNA metabolic process,0.6380724661699869,1474,38,3,0.07894736842105263,1.0258873098621724,"ENSSSCG00000028771,ENSSSCG00000013349,ENSSSCG00000036747"
Muscle,GO:BP,GO:0002694,regulation of leukocyte activation,0.6380724661699869,417,38,1,0.02631578947368421,1.2087593083427994,ENSSSCG00000040140
Muscle,GO:BP,GO:0002376,immune system process,0.6491689170951632,2023,38,4,0.10526315789473684,0.9966438587819028,"ENSSSCG00000026707,ENSSSCG00000012402,ENSSSCG00000036747,ENSSSCG00000040140"
Muscle,GO:BP,GO:0022607,cellular component assembly,0.6491689170951632,3569,38,7,0.18421052631578946,0.9886154163778738,"ENSSSCG00000004803,ENSSSCG00000028771,ENSSSCG00000032684,ENSSSCG00000012234,ENSSSCG00000039342,ENSSSCG00000036747,ENSSSCG00000016579"
Muscle,GO:BP,GO:0019220,regulation of phosphate metabolic process,0.6491689170951632,432,38,1,0.02631578947368421,1.1667884990253412,ENSSSCG00000040140
Muscle,GO:BP,GO:0051174,regulation of phosphorus metabolic process,0.6491689170951632,433,38,1,0.02631578947368421,1.1640938373647745,ENSSSCG00000040140
Muscle,GO:BP,GO:0080090,regulation of primary metabolic process,0.6512992056918468,4098,38,8,0.21052631578947367,0.9839973286070227,"ENSSSCG00000012667,ENSSSCG00000028771,ENSSSCG00000013349,ENSSSCG00000033323,ENSSSCG00000028552,ENSSSCG00000004170,ENSSSCG00000036747,ENSSSCG00000040140"
Muscle,GO:BP,GO:0043412,macromolecule modification,0.6512992056918468,1507,38,3,0.07894736842105263,1.0034226242447526,"ENSSSCG00000006267,ENSSSCG00000033323,ENSSSCG00000040140"
Muscle,GO:BP,GO:0006281,DNA repair,0.6655045947925713,453,38,1,0.02631578947368421,1.1126989659579412,ENSSSCG00000036747
Muscle,GO:BP,GO:0050865,regulation of cell activation,0.6656437139679148,454,38,1,0.02631578947368421,1.110248087178298,ENSSSCG00000040140
Muscle,GO:BP,GO:0005975,carbohydrate metabolic process,0.6657807142542618,455,38,1,0.02631578947368421,1.107807981492192,ENSSSCG00000038044
Muscle,GO:BP,GO:0006357,regulation of transcription by RNA polymerase II,0.6669015366103259,2074,38,4,0.10526315789473684,0.9721362229102166,"ENSSSCG00000028771,ENSSSCG00000013349,ENSSSCG00000028552,ENSSSCG00000036747"
Muscle,REAC,REAC:R-SSC-69278,"Cell Cycle, Mitotic",0.6671753299389551,442,16,1,0.0625,1.1020927601809956,ENSSSCG00000033323
Muscle,REAC,REAC:R-SSC-8953897,Cellular responses to stimuli,0.6671753299389551,440,16,1,0.0625,1.1071022727272728,ENSSSCG00000033323
Muscle,REAC,REAC:R-SSC-2262752,Cellular responses to stress,0.6671753299389551,435,16,1,0.0625,1.1198275862068965,ENSSSCG00000033323
Muscle,GO:BP,GO:0009888,tissue development,0.6682138878724928,1552,38,3,0.07894736842105263,0.9743285404232229,"ENSSSCG00000004803,ENSSSCG00000028771,ENSSSCG00000022280"
Muscle,GO:BP,GO:0010256,endomembrane system organization,0.6682138878724928,461,38,1,0.02631578947368421,1.093389656353465,ENSSSCG00000016579
Muscle,GO:BP,GO:0019219,regulation of nucleobase-containing compound metabolic process,0.6682138878724928,3129,38,6,0.15789473684210525,0.9665438764696976,"ENSSSCG00000012667,ENSSSCG00000028771,ENSSSCG00000013349,ENSSSCG00000028552,ENSSSCG00000004170,ENSSSCG00000036747"
Muscle,GO:BP,GO:0051640,organelle localization,0.6682138878724928,462,38,1,0.02631578947368421,1.0910230120756437,ENSSSCG00000028771
Muscle,GO:BP,GO:0048589,developmental growth,0.6702112439959326,466,38,1,0.02631578947368421,1.0816580076801445,ENSSSCG00000026211
Muscle,GO:BP,GO:0043408,regulation of MAPK cascade,0.6702112439959326,466,38,1,0.02631578947368421,1.0816580076801445,ENSSSCG00000021333
Muscle,GO:BP,GO:0048812,neuron projection morphogenesis,0.6703206533510705,467,38,1,0.02631578947368421,1.0793418235095233,ENSSSCG00000026211
Muscle,GO:BP,GO:0015031,protein transport,0.6704268210045518,1023,38,2,0.05263157894736842,0.985440139939291,"ENSSSCG00000037539,ENSSSCG00000031077"
Muscle,GO:BP,GO:0045892,negative regulation of DNA-templated transcription,0.6708537727048715,1025,38,2,0.05263157894736842,0.9835173299101412,"ENSSSCG00000028771,ENSSSCG00000028552"
Muscle,GO:BP,GO:1902679,negative regulation of RNA biosynthetic process,0.6718711287006744,1028,38,2,0.05263157894736842,0.980647143149703,"ENSSSCG00000028771,ENSSSCG00000028552"
Muscle,GO:BP,GO:0009617,response to bacterium,0.6733269342222304,474,38,1,0.02631578947368421,1.063402176326893,ENSSSCG00000027613
Muscle,GO:BP,GO:0120039,plasma membrane bounded cell projection morphogenesis,0.6785332770837739,481,38,1,0.02631578947368421,1.0479264689791006,ENSSSCG00000026211
Muscle,GO:BP,GO:0048858,cell projection morphogenesis,0.6795200742041526,484,38,1,0.02631578947368421,1.0414310569812961,ENSSSCG00000026211
Muscle,GO:BP,GO:0048729,tissue morphogenesis,0.6795200742041526,484,38,1,0.02631578947368421,1.0414310569812961,ENSSSCG00000004803
Muscle,GO:BP,GO:0007423,sensory organ development,0.6854118535306529,492,38,1,0.02631578947368421,1.024497218656397,ENSSSCG00000030303
Muscle,GO:BP,GO:0071363,cellular response to growth factor stimulus,0.6862821815684935,494,38,1,0.02631578947368421,1.0203494566375453,ENSSSCG00000036512
Muscle,GO:BP,GO:0045935,positive regulation of nucleobase-containing compound metabolic process,0.6863667066866557,1612,38,3,0.07894736842105263,0.9380632101345174,"ENSSSCG00000028771,ENSSSCG00000013349,ENSSSCG00000036747"
Muscle,GO:BP,GO:0002252,immune effector process,0.6863667066866557,496,38,1,0.02631578947368421,1.0162351443123938,ENSSSCG00000036747
Muscle,GO:BP,GO:0002521,leukocyte differentiation,0.6864063945790135,497,38,1,0.02631578947368421,1.0141904055914435,ENSSSCG00000040140
Muscle,GO:BP,GO:0007420,brain development,0.6864443779409223,498,38,1,0.02631578947368421,1.012153878672585,ENSSSCG00000040140
Muscle,GO:BP,GO:0070848,response to growth factor,0.6913277208865052,506,38,1,0.02631578947368421,0.9961514458081964,ENSSSCG00000036512
Muscle,GO:BP,GO:0006366,transcription by RNA polymerase II,0.6913277208865052,2171,38,4,0.10526315789473684,0.9287013018497418,"ENSSSCG00000028771,ENSSSCG00000013349,ENSSSCG00000028552,ENSSSCG00000036747"
Muscle,GO:BP,GO:0010629,negative regulation of gene expression,0.6971644200389028,1090,38,2,0.05263157894736842,0.9248672139063254,"ENSSSCG00000002863,ENSSSCG00000040140"
Muscle,GO:BP,GO:1902532,negative regulation of intracellular signal transduction,0.6984140047287157,518,38,1,0.02631578947368421,0.9730745783377361,ENSSSCG00000033323
Muscle,GO:BP,GO:0007268,chemical synaptic transmission,0.6984140047287157,519,38,1,0.02631578947368421,0.9711996754893012,ENSSSCG00000037539
Muscle,GO:BP,GO:0098916,anterograde trans-synaptic signaling,0.6984140047287157,519,38,1,0.02631578947368421,0.9711996754893012,ENSSSCG00000037539
Muscle,GO:BP,GO:0099537,trans-synaptic signaling,0.6999428902371709,522,38,1,0.02631578947368421,0.9656180681589029,ENSSSCG00000037539
Muscle,GO:BP,GO:0044085,cellular component biogenesis,0.700183739714476,3802,38,7,0.18421052631578946,0.9280295689249425,"ENSSSCG00000004803,ENSSSCG00000028771,ENSSSCG00000032684,ENSSSCG00000012234,ENSSSCG00000039342,ENSSSCG00000036747,ENSSSCG00000016579"
Muscle,GO:BP,GO:0051253,negative regulation of RNA metabolic process,0.7011260473086303,1106,38,2,0.05263157894736842,0.9114875797087655,"ENSSSCG00000028771,ENSSSCG00000028552"
Muscle,GO:BP,GO:0010605,negative regulation of macromolecule metabolic process,0.7019355080280757,2214,38,4,0.10526315789473684,0.9106641943612418,"ENSSSCG00000028771,ENSSSCG00000028552,ENSSSCG00000002863,ENSSSCG00000040140"
Muscle,GO:BP,GO:0051707,response to other organism,0.70328535917564206,1113,38,2,0.05263157894736842,0.905754953421289,"ENSSSCG00000027613,ENSSSCG00000036747"
Muscle,GO:BP,GO:0043207,response to external biotic stimulus,0.7040870827957121,1116,38,2,0.05263157894736842,0.9033201282776834,"ENSSSCG00000027613,ENSSSCG00000036747"
Muscle,GO:BP,GO:0060322,head development,0.7072858094106488,538,38,1,0.02631578947368421,0.936900802191352,ENSSSCG00000040140
Muscle,GO:BP,GO:0051246,regulation of protein metabolic process,0.7126543955912503,1137,38,2,0.05263157894736842,0.8866361153543489,"ENSSSCG00000033323,ENSSSCG00000040140"
Muscle,GO:BP,GO:0009057,macromolecule catabolic process,0.7126543955912503,1137,38,2,0.05263157894736842,0.8866361153543489,"ENSSSCG00000022901,ENSSSCG00000033323"
Muscle,GO:BP,GO:0006954,inflammatory response,0.7158185033587223,553,38,1,0.02631578947368421,0.9114875797087655,ENSSSCG00000012402
Muscle,GO:BP,GO:0050778,positive regulation of immune response,0.7220961634260721,563,38,1,0.02631578947368421,0.8952977470318781,ENSSSCG00000040140
Muscle,GO:BP,GO:0001817,regulation of cytokine production,0.7268469944058389,571,38,1,0.02631578947368421,0.8827541708913264,ENSSSCG00000040140
Muscle,GO:BP,GO:0000226,microtubule cytoskeleton organization,0.7274159638837847,573,38,1,0.02631578947368421,0.8796730045007807,ENSSSCG00000039342
Muscle,GO:BP,GO:0060284,regulation of cell development,0.7278553874878743,575,38,1,0.02631578947368421,0.8766132723112128,ENSSSCG00000028552
Muscle,GO:BP,GO:0001816,cytokine production,0.7278553874878743,576,38,1,0.02631578947368421,0.8750913742690059,ENSSSCG00000040140
Muscle,REAC,REAC:R-SSC-1640170,Cell Cycle,0.7281179282502254,519,16,1,0.0625,0.9385838150289018,ENSSSCG00000033323
Muscle,GO:BP,GO:0032940,secretion by cell,0.7344345050067864,587,38,1,0.02631578947368421,0.8586927284138796,ENSSSCG00000031077
Muscle,GO:BP,GO:0016477,cell migration,0.7368546109908147,1199,38,2,0.05263157894736842,0.8407883762784776,"ENSSSCG00000026707,ENSSSCG00000012402"
Muscle,REAC,REAC:R-SSC-556833,Metabolism of lipids,0.7369474733218626,538,16,1,0.0625,0.9054368029739777,ENSSSCG00000030303
Muscle,GO:BP,GO:0006950,response to stress,0.7392866816580675,2897,38,5,0.13157894736842105,0.8699562160492704,"ENSSSCG00000009972,ENSSSCG00000012402,ENSSSCG00000032684,ENSSSCG00000012234,ENSSSCG00000036747"
Muscle,GO:BP,GO:0045934,negative regulation of nucleobase-containing compound metabolic process,0.7392866816580675,1207,38,2,0.05263157894736842,0.8352156281341298,"ENSSSCG00000028771,ENSSSCG00000028552"
Muscle,GO:BP,GO:0042221,response to chemical,0.7394746149553799,3985,38,7,0.18421052631578946,0.8854124017697945,"ENSSSCG00000030303,ENSSSCG00000028771,ENSSSCG00000026707,ENSSSCG00000026087,ENSSSCG00000012402,ENSSSCG00000039342,ENSSSCG00000036747"
Muscle,GO:BP,GO:0009892,negative regulation of metabolic process,0.7394746149553799,2351,38,4,0.10526315789473684,0.8575969912019521,"ENSSSCG00000028771,ENSSSCG00000028552,ENSSSCG00000002863,ENSSSCG00000040140"
Muscle,GO:BP,GO:0034330,cell junction organization,0.7394746149553799,602,38,1,0.02631578947368421,0.837296730197587,ENSSSCG00000011646
Muscle,REAC,REAC:R-SSC-5653656,Vesicle-mediated transport,0.7443491709610393,556,16,1,0.0625,0.8761241007194245,ENSSSCG00000000148
Muscle,GO:BP,GO:0045597,positive regulation of cell differentiation,0.7461265418320812,614,38,1,0.02631578947368421,0.8209326247214126,ENSSSCG00000002863
Muscle,GO:BP,GO:0044419,biological process involved in interspecies interaction between organisms,0.7464503732074751,1232,38,2,0.05263157894736842,0.8182672590567327,"ENSSSCG00000027613,ENSSSCG00000036747"
Muscle,GO:BP,GO:0045184,establishment of protein localization,0.7474397167720218,1236,38,2,0.05263157894736842,0.815619144949753,"ENSSSCG00000037539,ENSSSCG00000031077"
Muscle,GO:BP,GO:0006508,proteolysis,0.7533039564323933,1251,38,2,0.05263157894736842,0.8058395388951997,"ENSSSCG00000022901,ENSSSCG00000033323"
Muscle,GO:BP,GO:0048871,multicellular organismal-level homeostasis,0.7538635120452118,632,38,1,0.02631578947368421,0.7975516322451698,ENSSSCG00000030303
Muscle,REAC,REAC:R-SSC-194315,Signaling by Rho GTPases,0.7587017364566983,587,16,1,0.0625,0.829855195911414,ENSSSCG00000004803
Muscle,REAC,REAC:R-SSC-9716542,"Signaling by Rho GTPases, Miro GTPases and RHOBTB3",0.7587017364566983,594,16,1,0.0625,0.8200757575757577,ENSSSCG00000004803
Muscle,GO:BP,GO:0045087,innate immune response,0.7676431580367234,657,38,1,0.02631578947368421,0.7672033966194024,ENSSSCG00000036747
Muscle,GO:BP,GO:0008284,positive regulation of cell population proliferation,0.7729986695896012,668,38,1,0.02631578947368421,0.7545698077529152,ENSSSCG00000040140
Muscle,GO:BP,GO:0006952,defense response,0.77462886814087,1309,38,2,0.05263157894736842,0.7701338908769249,"ENSSSCG00000012402,ENSSSCG00000036747"
Muscle,GO:BP,GO:0003006,developmental process involved in reproduction,0.7773646760842486,679,38,1,0.02631578947368421,0.7423455546081699,ENSSSCG00000016579
Muscle,GO:BP,GO:0007417,central nervous system development,0.786308857122391,699,38,1,0.02631578947368421,0.7211053384534296,ENSSSCG00000040140
Muscle,GO:BP,GO:0006974,DNA damage response,0.786308857122391,699,38,1,0.02631578947368421,0.7211053384534296,ENSSSCG00000036747
Muscle,GO:BP,GO:0140546,defense response to symbiont,0.7941522365470145,716,38,1,0.02631578947368421,0.7039841223169656,ENSSSCG00000036747
Muscle,GO:BP,GO:0030334,regulation of cell migration,0.795295916517299,720,38,1,0.02631578947368421,0.7000730994152047,ENSSSCG00000012402
Muscle,GO:BP,GO:0000902,cell morphogenesis,0.8065702808841844,745,38,1,0.02631578947368421,0.6765807135287883,ENSSSCG00000026211
Muscle,GO:BP,GO:0006259,DNA metabolic process,0.8080534665633549,750,38,1,0.02631578947368421,0.6720701754385965,ENSSSCG00000036747
Muscle,GO:BP,GO:0030097,hemopoiesis,0.8081175426644084,752,38,1,0.02631578947368421,0.6702827547592385,ENSSSCG00000040140
Muscle,GO:BP,GO:0044087,regulation of cellular component biogenesis,0.8225316206427026,786,38,1,0.02631578947368421,0.6412883353421722,ENSSSCG00000036747
Muscle,GO:BP,GO:0032101,regulation of response to external stimulus,0.8233772375338193,790,38,1,0.02631578947368421,0.6380413057961359,ENSSSCG00000009972
Muscle,GO:BP,GO:0009894,regulation of catabolic process,0.8237502211903635,794,38,1,0.02631578947368421,0.6348269919130319,ENSSSCG00000032684
Muscle,GO:BP,GO:0033365,protein localization to organelle,0.8237502211903635,795,38,1,0.02631578947368421,0.6340284673949024,ENSSSCG00000031077
Muscle,GO:BP,GO:0051130,positive regulation of cellular component organization,0.8303751294308025,813,38,1,0.02631578947368421,0.6199909367514728,ENSSSCG00000032684
Muscle,REAC,REAC:R-SSC-212436,Generic Transcription Pathway,0.8306715122987998,731,16,1,0.0625,0.6663816689466484,ENSSSCG00000033323
Muscle,GO:BP,GO:0002684,positive regulation of immune system process,0.8330476633680393,824,38,1,0.02631578947368421,0.6117143587123147,ENSSSCG00000040140
Muscle,GO:BP,GO:0019538,protein metabolic process,0.8330476633680393,3318,38,5,0.13157894736842105,0.759572983090638,"ENSSSCG00000006267,ENSSSCG00000022901,ENSSSCG00000033323,ENSSSCG00000000148,ENSSSCG00000040140"
Muscle,GO:BP,GO:0003008,system process,0.8334388925018205,2743,38,4,0.10526315789473684,0.7350384711322601,"ENSSSCG00000004803,ENSSSCG00000028771,ENSSSCG00000027613,ENSSSCG00000010570"
Muscle,GO:BP,GO:0098542,defense response to other organism,0.8569537839906171,893,38,1,0.02631578947368421,0.5644486355867271,ENSSSCG00000036747
Muscle,REAC,REAC:R-SSC-168256,Immune System,0.8601174705685821,1471,16,2,0.125,0.6623045547246771,"ENSSSCG00000033323,ENSSSCG00000040140"
Muscle,REAC,REAC:R-SSC-73857,RNA Polymerase II Transcription,0.8601174705685821,832,16,1,0.0625,0.5854867788461539,ENSSSCG00000033323
Muscle,REAC,REAC:R-SSC-168249,Innate Immune System,0.8601174705685821,845,16,1,0.0625,0.5764792899408284,ENSSSCG00000033323
Muscle,GO:BP,GO:0043170,macromolecule metabolic process,0.8617965426385344,9375,38,16,0.42105263157894735,0.8602498245614034,"ENSSSCG00000012667,ENSSSCG00000038044,ENSSSCG00000006267,ENSSSCG00000030303,ENSSSCG00000004803,ENSSSCG00000028771,ENSSSCG00000013349,ENSSSCG00000022901,ENSSSCG00000033323,ENSSSCG00000028552,ENSSSCG00000004170,ENSSSCG00000002863,ENSSSCG00000000148,ENSSSCG00000036747,ENSSSCG00000031077,ENSSSCG00000040140"
Muscle,REAC,REAC:R-SSC-1430728,Metabolism,0.8664607317376202,1537,16,2,0.125,0.633864671437866,"ENSSSCG00000038044,ENSSSCG00000030303"
Muscle,REAC,REAC:R-SSC-74160,Gene expression (Transcription),0.8780043800874703,937,16,1,0.0625,0.5198772678762006,ENSSSCG00000033323
Muscle,GO:BP,GO:0033036,macromolecule localization,0.8798241927519111,2350,38,3,0.07894736842105263,0.643471444568869,"ENSSSCG00000037539,ENSSSCG00000000148,ENSSSCG00000031077"
Muscle,GO:BP,GO:0065003,protein-containing complex assembly,0.8842038420938197,2376,38,3,0.07894736842105263,0.6364300903774587,"ENSSSCG00000032684,ENSSSCG00000039342,ENSSSCG00000036747"
Muscle,GO:BP,GO:0043933,protein-containing complex organization,0.9134895709146298,2543,38,3,0.07894736842105263,0.594635428524122,"ENSSSCG00000032684,ENSSSCG00000039342,ENSSSCG00000036747"
Muscle,GO:BP,GO:0008104,protein localization,0.9271277314032661,1964,38,2,0.05263157894736842,0.5132918855182763,"ENSSSCG00000037539,ENSSSCG00000031077"
Muscle,GO:BP,GO:0006796,phosphate-containing compound metabolic process,0.9271277314032661,1182,38,1,0.02631578947368421,0.4264404666488556,ENSSSCG00000040140
Muscle,GO:BP,GO:0006793,phosphorus metabolic process,0.9271277314032661,1186,38,1,0.02631578947368421,0.4250022188692642,ENSSSCG00000040140
Muscle,GO:BP,GO:0070727,cellular macromolecule localization,0.9273828494028767,1972,38,2,0.05263157894736842,0.5112095654958898,"ENSSSCG00000037539,ENSSSCG00000031077"
Muscle,GO:BP,GO:0009059,macromolecule biosynthetic process,0.9545518652740591,7644,38,11,0.2894736842105263,0.7253504640722687,"ENSSSCG00000012667,ENSSSCG00000038044,ENSSSCG00000004803,ENSSSCG00000028771,ENSSSCG00000013349,ENSSSCG00000028552,ENSSSCG00000004170,ENSSSCG00000002863,ENSSSCG00000036747,ENSSSCG00000031077,ENSSSCG00000040140"
Muscle,GO:BP,GO:0008152,metabolic process,0.956297833197847,11268,38,18,0.47368421052631576,0.8051958970909702,"ENSSSCG00000012667,ENSSSCG00000038044,ENSSSCG00000006267,ENSSSCG00000030303,ENSSSCG00000004803,ENSSSCG00000028771,ENSSSCG00000013349,ENSSSCG00000032684,ENSSSCG00000022901,ENSSSCG00000012234,ENSSSCG00000033323,ENSSSCG00000028552,ENSSSCG00000004170,ENSSSCG00000002863,ENSSSCG00000000148,ENSSSCG00000036747,ENSSSCG00000031077,ENSSSCG00000040140"
Muscle,GO:BP,GO:0007186,G protein-coupled receptor signaling pathway,0.9566745118788533,2230,38,2,0.05263157894736842,0.45206514042954915,"ENSSSCG00000026707,ENSSSCG00000012402"
Muscle,GO:BP,GO:0010467,gene expression,0.9661710240167065,7313,38,10,0.2631578947368421,0.6892556154504955,"ENSSSCG00000012667,ENSSSCG00000004803,ENSSSCG00000028771,ENSSSCG00000013349,ENSSSCG00000028552,ENSSSCG00000004170,ENSSSCG00000002863,ENSSSCG00000036747,ENSSSCG00000031077,ENSSSCG00000040140"
Muscle,GO:BP,GO:0051606,detection of stimulus,0.9741356398977027,1616,38,1,0.02631578947368421,0.3119137571651902,ENSSSCG00000012234
Muscle,GO:BP,GO:0032774,RNA biosynthetic process,0.9772597690511393,5242,38,6,0.15789473684210525,0.5769392959697985,"ENSSSCG00000012667,ENSSSCG00000028771,ENSSSCG00000013349,ENSSSCG00000028552,ENSSSCG00000004170,ENSSSCG00000036747"
Muscle,KEGG,KEGG:01100,Metabolic pathways,0.9793268512568175,1498,17,1,0.058823529411764705,0.3320505772402419,ENSSSCG00000038044
Muscle,GO:BP,GO:0141187,nucleic acid biosynthetic process,0.9795287865361191,5314,38,6,0.15789473684210525,0.5691222787869183,"ENSSSCG00000012667,ENSSSCG00000028771,ENSSSCG00000013349,ENSSSCG00000028552,ENSSSCG00000004170,ENSSSCG00000036747"
Muscle,GO:BP,GO:0016070,RNA metabolic process,0.9827900227760863,5420,38,6,0.15789473684210525,0.5579918430763254,"ENSSSCG00000012667,ENSSSCG00000028771,ENSSSCG00000013349,ENSSSCG00000028552,ENSSSCG00000004170,ENSSSCG00000036747"
Muscle,GO:BP,GO:0034654,nucleobase-containing compound biosynthetic process,0.98590544148081,5545,38,6,0.15789473684210525,0.5454131270466518,"ENSSSCG00000012667,ENSSSCG00000028771,ENSSSCG00000013349,ENSSSCG00000028552,ENSSSCG00000004170,ENSSSCG00000036747"
Muscle,GO:BP,GO:0009058,biosynthetic process,0.98590544148081,8460,38,11,0.2894736842105263,0.6553875824312555,"ENSSSCG00000012667,ENSSSCG00000038044,ENSSSCG00000004803,ENSSSCG00000028771,ENSSSCG00000013349,ENSSSCG00000028552,ENSSSCG00000004170,ENSSSCG00000002863,ENSSSCG00000036747,ENSSSCG00000031077,ENSSSCG00000040140"
Muscle,GO:BP,GO:0090304,nucleic acid metabolic process,0.9927641541651254,5908,38,6,0.15789473684210525,0.5119017923956811,"ENSSSCG00000012667,ENSSSCG00000028771,ENSSSCG00000013349,ENSSSCG00000028552,ENSSSCG00000004170,ENSSSCG00000036747"
Muscle,GO:BP,GO:0044238,primary metabolic process,0.9969963624190696,9866,38,12,0.3157894736842105,0.6130784085695691,"ENSSSCG00000012667,ENSSSCG00000038044,ENSSSCG00000006267,ENSSSCG00000028771,ENSSSCG00000013349,ENSSSCG00000022901,ENSSSCG00000033323,ENSSSCG00000028552,ENSSSCG00000004170,ENSSSCG00000000148,ENSSSCG00000036747,ENSSSCG00000040140"
Muscle,GO:BP,GO:0006139,nucleobase-containing compound metabolic process,0.9969963624190696,6355,38,6,0.15789473684210525,0.47589548221458444,"ENSSSCG00000012667,ENSSSCG00000028771,ENSSSCG00000013349,ENSSSCG00000028552,ENSSSCG00000004170,ENSSSCG00000036747"
Muscle,GO:BP,GO:0008150,biological_process,1,19154,38,38,1,1,"ENSSSCG00000037539,ENSSSCG00000036512,ENSSSCG00000012669,ENSSSCG00000012667,ENSSSCG00000009972,ENSSSCG00000038044,ENSSSCG00000006267,ENSSSCG00000033673,ENSSSCG00000030303,ENSSSCG00000004803,ENSSSCG00000028771,ENSSSCG00000004399,ENSSSCG00000022280,ENSSSCG00000027613,ENSSSCG00000015796,ENSSSCG00000026707,ENSSSCG00000013349,ENSSSCG00000026087,ENSSSCG00000035805,ENSSSCG00000011646,ENSSSCG00000012402,ENSSSCG00000032684,ENSSSCG00000022901,ENSSSCG00000012234,ENSSSCG00000033323,ENSSSCG00000028552,ENSSSCG00000004170,ENSSSCG00000021333,ENSSSCG00000002863,ENSSSCG00000026211,ENSSSCG00000000148,ENSSSCG00000039342,ENSSSCG00000036747,ENSSSCG00000031077,ENSSSCG00000010570,ENSSSCG00000040140,ENSSSCG00000016579,ENSSSCG00000009192"
Muscle,KEGG,KEGG:00000,KEGG root term,1,8456,17,17,1,1,"ENSSSCG00000012667,ENSSSCG00000038044,ENSSSCG00000033673,ENSSSCG00000030303,ENSSSCG00000004803,ENSSSCG00000028771,ENSSSCG00000027613,ENSSSCG00000026707,ENSSSCG00000012402,ENSSSCG00000032684,ENSSSCG00000033323,ENSSSCG00000028552,ENSSSCG00000021333,ENSSSCG00000039342,ENSSSCG00000036747,ENSSSCG00000031077,ENSSSCG00000040140"
Muscle,REAC,REAC:0000000,REACTOME root term,1,7794,16,16,1,1,"ENSSSCG00000036512,ENSSSCG00000009972,ENSSSCG00000038044,ENSSSCG00000033673,ENSSSCG00000030303,ENSSSCG00000004803,ENSSSCG00000028771,ENSSSCG00000004399,ENSSSCG00000027613,ENSSSCG00000026707,ENSSSCG00000012402,ENSSSCG00000033323,ENSSSCG00000026211,ENSSSCG00000000148,ENSSSCG00000010570,ENSSSCG00000040140"
