term_id,term_name,source,n_tissues,tissues,mean_p_value,mean_fold_enrichment
GO:0031032,actomyosin structure organization,GO:BP,5,"Blood, Brain, Liver, Lung, Muscle",0.2844622305440384,5.8181498750766965
GO:0030048,actin filament-based movement,GO:BP,5,"Blood, Brain, Liver, Lung, Muscle",0.31340338938076784,7.5441468555408475
GO:0065008,regulation of biological quality,GO:BP,5,"Blood, Brain, Liver, Lung, Muscle",0.3218724147302486,1.7505300437367786
REAC:R-SSC-112315,Transmission across Chemical Synapses,REAC,5,"Blood, Brain, Liver, Lung, Muscle",0.34151453261321585,4.1929979546733875
GO:0030029,actin filament-based process,GO:BP,5,"Blood, Brain, Liver, Lung, Muscle",0.3542950777636981,2.534708805085156
REAC:R-SSC-112316,Neuronal System,REAC,5,"Blood, Brain, Liver, Lung, Muscle",0.36902042390065515,3.0036987006801246
GO:0008064,regulation of actin polymerization or depolymerization,GO:BP,5,"Blood, Brain, Liver, Lung, Muscle",0.4024745540552109,4.247954288842817
GO:0030832,regulation of actin filament length,GO:BP,5,"Blood, Brain, Liver, Lung, Muscle",0.4024745540552109,4.247954288842817
GO:0051179,localization,GO:BP,5,"Blood, Brain, Liver, Lung, Muscle",0.42088988387050225,1.3110465786131282
GO:0030036,actin cytoskeleton organization,GO:BP,5,"Blood, Brain, Liver, Lung, Muscle",0.42248394249656634,2.361210831809842
GO:0007010,cytoskeleton organization,GO:BP,5,"Blood, Brain, Liver, Lung, Muscle",0.4233540903266391,1.7010141176265696
GO:0007015,actin filament organization,GO:BP,5,"Blood, Brain, Liver, Lung, Muscle",0.42816433926464925,2.513178914733528
GO:0006810,transport,GO:BP,5,"Blood, Brain, Liver, Lung, Muscle",0.4324440609401355,1.393011369909216
GO:0008154,actin polymerization or depolymerization,GO:BP,5,"Blood, Brain, Liver, Lung, Muscle",0.4377300133170514,3.4682664763336923
GO:0048468,cell development,GO:BP,5,"Blood, Brain, Liver, Lung, Muscle",0.44487538493564616,1.496137197049934
GO:0048871,multicellular organismal-level homeostasis,GO:BP,5,"Blood, Brain, Liver, Lung, Muscle",0.4467374872422861,2.293388649697736
GO:0042592,homeostatic process,GO:BP,5,"Blood, Brain, Liver, Lung, Muscle",0.44735951982719496,1.5852294593600662
GO:0097435,supramolecular fiber organization,GO:BP,5,"Blood, Brain, Liver, Lung, Muscle",0.44819911232864607,1.8927479883149512
GO:0055085,transmembrane transport,GO:BP,5,"Blood, Brain, Liver, Lung, Muscle",0.4483436489179577,1.6373300372913941
GO:0010557,positive regulation of macromolecule biosynthetic process,GO:BP,5,"Blood, Brain, Liver, Lung, Muscle",0.452267765576056,1.453516626153678
GO:0051234,establishment of localization,GO:BP,5,"Blood, Brain, Liver, Lung, Muscle",0.45522466006220247,1.3275982533209558
REAC:R-SSC-382551,Transport of small molecules,REAC,5,"Blood, Brain, Liver, Lung, Muscle",0.45870664208760825,1.8431106994485913
GO:0032970,regulation of actin filament-based process,GO:BP,5,"Blood, Brain, Liver, Lung, Muscle",0.4611805401786481,2.767373010267238
GO:0010628,positive regulation of gene expression,GO:BP,5,"Blood, Brain, Liver, Lung, Muscle",0.4661027234649297,1.699086183965359
GO:0009891,positive regulation of biosynthetic process,GO:BP,5,"Blood, Brain, Liver, Lung, Muscle",0.46704676839062337,1.4078998418806667
GO:0042391,regulation of membrane potential,GO:BP,5,"Blood, Brain, Liver, Lung, Muscle",0.4679674614292183,2.484950271261085
GO:0006996,organelle organization,GO:BP,5,"Blood, Brain, Liver, Lung, Muscle",0.4685477302885591,1.3307970625188872
GO:0010468,regulation of gene expression,GO:BP,5,"Blood, Brain, Liver, Lung, Muscle",0.47455247767350456,1.2700494899261079
GO:0048518,positive regulation of biological process,GO:BP,5,"Blood, Brain, Liver, Lung, Muscle",0.48369551739500594,1.2013908044817787
GO:0060255,regulation of macromolecule metabolic process,GO:BP,5,"Blood, Brain, Liver, Lung, Muscle",0.4844193504428362,1.2161853461040724
GO:0009607,response to biotic stimulus,GO:BP,5,"Blood, Brain, Liver, Lung, Muscle",0.48654443531382435,1.8262748908285735
GO:0009889,regulation of biosynthetic process,GO:BP,5,"Blood, Brain, Liver, Lung, Muscle",0.4865713644023738,1.2406194247578017
GO:0019222,regulation of metabolic process,GO:BP,5,"Blood, Brain, Liver, Lung, Muscle",0.4880333934111867,1.1979895728111742
GO:0010556,regulation of macromolecule biosynthetic process,GO:BP,5,"Blood, Brain, Liver, Lung, Muscle",0.48819511927313636,1.2485485345358704
GO:0010604,positive regulation of macromolecule metabolic process,GO:BP,5,"Blood, Brain, Liver, Lung, Muscle",0.48973585409784137,1.3191112286254518
GO:0007155,cell adhesion,GO:BP,5,"Blood, Brain, Liver, Lung, Muscle",0.4921337312854338,1.5736253612700104
GO:0110053,regulation of actin filament organization,GO:BP,5,"Blood, Brain, Liver, Lung, Muscle",0.49682442093389106,2.5487725733056905
GO:0009605,response to external stimulus,GO:BP,5,"Blood, Brain, Liver, Lung, Muscle",0.4978359802264317,1.4018466515285326
GO:0009893,positive regulation of metabolic process,GO:BP,5,"Blood, Brain, Liver, Lung, Muscle",0.4980001824998965,1.2814349990625842
GO:0007275,multicellular organism development,GO:BP,5,"Blood, Brain, Liver, Lung, Muscle",0.505430076858697,1.3107435271344987
GO:0006955,immune response,GO:BP,5,"Blood, Brain, Liver, Lung, Muscle",0.5075291677926886,1.4133731041581312
GO:0007267,cell-cell signaling,GO:BP,5,"Blood, Brain, Liver, Lung, Muscle",0.509232040907612,1.6980926336339492
GO:0048856,anatomical structure development,GO:BP,5,"Blood, Brain, Liver, Lung, Muscle",0.5110501826760243,1.2531985489441342
GO:0090066,regulation of anatomical structure size,GO:BP,5,"Blood, Brain, Liver, Lung, Muscle",0.5115470091592358,2.1286680407553003
GO:0071705,nitrogen compound transport,GO:BP,5,"Blood, Brain, Liver, Lung, Muscle",0.5138213526886164,1.4684557082533012
GO:0030154,cell differentiation,GO:BP,5,"Blood, Brain, Liver, Lung, Muscle",0.5159879369933034,1.2256732413311417
GO:0048869,cellular developmental process,GO:BP,5,"Blood, Brain, Liver, Lung, Muscle",0.5159879369933034,1.2256732413311417
GO:0048523,negative regulation of cellular process,GO:BP,5,"Blood, Brain, Liver, Lung, Muscle",0.5181912158623274,1.274218013781062
GO:0120036,plasma membrane bounded cell projection organization,GO:BP,5,"Blood, Brain, Liver, Lung, Muscle",0.5183762723105745,1.486848839197546
GO:1902903,regulation of supramolecular fiber organization,GO:BP,5,"Blood, Brain, Liver, Lung, Muscle",0.522514726078099,2.0887687716516288
GO:0030030,cell projection organization,GO:BP,5,"Blood, Brain, Liver, Lung, Muscle",0.522763946628023,1.4635593685093733
GO:0032502,developmental process,GO:BP,5,"Blood, Brain, Liver, Lung, Muscle",0.5237367205704625,1.228810377007587
GO:0051707,response to other organism,GO:BP,5,"Blood, Brain, Liver, Lung, Muscle",0.5238627999002864,1.6968205613590337
GO:0070887,cellular response to chemical stimulus,GO:BP,5,"Blood, Brain, Liver, Lung, Muscle",0.5239384802472762,1.3447127567908763
GO:0043207,response to external biotic stimulus,GO:BP,5,"Blood, Brain, Liver, Lung, Muscle",0.5241284573479439,1.6922592157639824
KEGG:05014,Amyotrophic lateral sclerosis,KEGG,5,"Blood, Brain, Liver, Lung, Muscle",0.524166340886451,1.5777365928189457
GO:0009653,anatomical structure morphogenesis,GO:BP,5,"Blood, Brain, Liver, Lung, Muscle",0.5249866631867587,1.3106903560825507
GO:0051252,regulation of RNA metabolic process,GO:BP,5,"Blood, Brain, Liver, Lung, Muscle",0.5276786918608365,1.2520371877458083
GO:0010558,negative regulation of macromolecule biosynthetic process,GO:BP,5,"Blood, Brain, Liver, Lung, Muscle",0.5281106256049227,1.3678004443770653
GO:0048519,negative regulation of biological process,GO:BP,5,"Blood, Brain, Liver, Lung, Muscle",0.5308400571244667,1.2274631493645713
KEGG:05010,Alzheimer disease,KEGG,5,"Blood, Brain, Liver, Lung, Muscle",0.5309667643806264,1.5005646942571496
GO:0032535,regulation of cellular component size,GO:BP,5,"Blood, Brain, Liver, Lung, Muscle",0.5332881979554747,2.157425603388675
GO:1901701,cellular response to oxygen-containing compound,GO:BP,5,"Blood, Brain, Liver, Lung, Muscle",0.5334976810274246,1.5702059712726502
GO:0009890,negative regulation of biosynthetic process,GO:BP,5,"Blood, Brain, Liver, Lung, Muscle",0.5376799399854899,1.3396054628690415
GO:0048731,system development,GO:BP,5,"Blood, Brain, Liver, Lung, Muscle",0.5380692653592054,1.3312894647213556
GO:0046907,intracellular transport,GO:BP,5,"Blood, Brain, Liver, Lung, Muscle",0.5401441044609195,1.388469694562304
GO:0080090,regulation of primary metabolic process,GO:BP,5,"Blood, Brain, Liver, Lung, Muscle",0.5408400791858035,1.1708317983560117
GO:0032956,regulation of actin cytoskeleton organization,GO:BP,5,"Blood, Brain, Liver, Lung, Muscle",0.5414543900373093,2.067872087776315
GO:0048522,positive regulation of cellular process,GO:BP,5,"Blood, Brain, Liver, Lung, Muscle",0.5455373015406713,1.1290067744834122
GO:0048646,anatomical structure formation involved in morphogenesis,GO:BP,5,"Blood, Brain, Liver, Lung, Muscle",0.5505466256505794,1.6485492656519738
GO:0044419,biological process involved in interspecies interaction between organisms,GO:BP,5,"Blood, Brain, Liver, Lung, Muscle",0.5522272846134846,1.532923120773218
KEGG:01100,Metabolic pathways,KEGG,5,"Blood, Brain, Liver, Lung, Muscle",0.5534379685421992,1.3080959996572972
GO:0048666,neuron development,GO:BP,5,"Blood, Brain, Liver, Lung, Muscle",0.5564812344961781,1.5138822939606431
GO:0098660,inorganic ion transmembrane transport,GO:BP,5,"Blood, Brain, Liver, Lung, Muscle",0.5621911088577439,1.4236184228822604
GO:0006812,monoatomic cation transport,GO:BP,5,"Blood, Brain, Liver, Lung, Muscle",0.5668061391735735,1.3916231699535744
GO:0010605,negative regulation of macromolecule metabolic process,GO:BP,5,"Blood, Brain, Liver, Lung, Muscle",0.5678805125346695,1.2437053467658294
GO:0019219,regulation of nucleobase-containing compound metabolic process,GO:BP,5,"Blood, Brain, Liver, Lung, Muscle",0.5698161024939865,1.157604213534236
GO:0019538,protein metabolic process,GO:BP,5,"Blood, Brain, Liver, Lung, Muscle",0.5707615644117476,1.1556078704165116
GO:0009056,catabolic process,GO:BP,5,"Blood, Brain, Liver, Lung, Muscle",0.5717028986419441,1.170777012641583
GO:0006366,transcription by RNA polymerase II,GO:BP,5,"Blood, Brain, Liver, Lung, Muscle",0.5723109679919365,1.2381982032495102
GO:0033554,cellular response to stress,GO:BP,5,"Blood, Brain, Liver, Lung, Muscle",0.5724164823711453,1.251627572523644
GO:0002376,immune system process,GO:BP,5,"Blood, Brain, Liver, Lung, Muscle",0.5725968188501035,1.2011856826869878
GO:1901700,response to oxygen-containing compound,GO:BP,5,"Blood, Brain, Liver, Lung, Muscle",0.5778641744536703,1.2989032678339205
GO:0022008,neurogenesis,GO:BP,5,"Blood, Brain, Liver, Lung, Muscle",0.5797349630673875,1.2837666713248577
GO:0098609,cell-cell adhesion,GO:BP,5,"Blood, Brain, Liver, Lung, Muscle",0.5798411262940867,1.4425269834218102
GO:0006950,response to stress,GO:BP,5,"Blood, Brain, Liver, Lung, Muscle",0.5802071039547526,1.1465741046414561
GO:0006357,regulation of transcription by RNA polymerase II,GO:BP,5,"Blood, Brain, Liver, Lung, Muscle",0.5804328491975346,1.2461876394019054
GO:0006355,regulation of DNA-templated transcription,GO:BP,5,"Blood, Brain, Liver, Lung, Muscle",0.583127009997479,1.155662976263415
GO:0051641,cellular localization,GO:BP,5,"Blood, Brain, Liver, Lung, Muscle",0.5832784173913274,1.1347018329543455
GO:2001141,regulation of RNA biosynthetic process,GO:BP,5,"Blood, Brain, Liver, Lung, Muscle",0.5837297527950541,1.1530843307232215
GO:0006351,DNA-templated transcription,GO:BP,5,"Blood, Brain, Liver, Lung, Muscle",0.5842900770283188,1.1386563256751518
GO:0048513,animal organ development,GO:BP,5,"Blood, Brain, Liver, Lung, Muscle",0.5845585224234984,1.2353390330996603
GO:0010629,negative regulation of gene expression,GO:BP,5,"Blood, Brain, Liver, Lung, Muscle",0.5850729447911622,1.3074916378799393
GO:0033036,macromolecule localization,GO:BP,5,"Blood, Brain, Liver, Lung, Muscle",0.5862286760484495,1.1620991365532751
GO:0051239,regulation of multicellular organismal process,GO:BP,5,"Blood, Brain, Liver, Lung, Muscle",0.5866408653875157,1.1520593704438387
GO:0001775,cell activation,GO:BP,5,"Blood, Brain, Liver, Lung, Muscle",0.5883514159088417,1.338183402346089
GO:0032501,multicellular organismal process,GO:BP,5,"Blood, Brain, Liver, Lung, Muscle",0.5890280707316466,1.0366820325136403
GO:0002682,regulation of immune system process,GO:BP,5,"Blood, Brain, Liver, Lung, Muscle",0.5899683581607826,1.2711946774985914
GO:0048583,regulation of response to stimulus,GO:BP,5,"Blood, Brain, Liver, Lung, Muscle",0.590212236139767,1.1168028268171397
GO:0002252,immune effector process,GO:BP,5,"Blood, Brain, Liver, Lung, Muscle",0.5904130665169176,1.511582789494034
GO:0006811,monoatomic ion transport,GO:BP,5,"Blood, Brain, Liver, Lung, Muscle",0.5904162269969206,1.2812654805014976
GO:0045321,leukocyte activation,GO:BP,5,"Blood, Brain, Liver, Lung, Muscle",0.5932682712473,1.3868923339234487
GO:0046649,lymphocyte activation,GO:BP,5,"Blood, Brain, Liver, Lung, Muscle",0.5952910906464404,1.4087986204347593
GO:0006508,proteolysis,GO:BP,5,"Blood, Brain, Liver, Lung, Muscle",0.5971261364586595,1.3149074357487598
GO:0009892,negative regulation of metabolic process,GO:BP,5,"Blood, Brain, Liver, Lung, Muscle",0.5973948122781519,1.1712308114587608
GO:0065007,biological regulation,GO:BP,5,"Blood, Brain, Liver, Lung, Muscle",0.5976782047009306,1.0129686272173044
GO:0051493,regulation of cytoskeleton organization,GO:BP,5,"Blood, Brain, Liver, Lung, Muscle",0.5983383818759682,1.5314290272926603
GO:0034220,monoatomic ion transmembrane transport,GO:BP,5,"Blood, Brain, Liver, Lung, Muscle",0.5983575504688121,1.2817755180507349
GO:0048584,positive regulation of response to stimulus,GO:BP,5,"Blood, Brain, Liver, Lung, Muscle",0.6000360176252598,1.1277404975727967
GO:0023061,signal release,GO:BP,5,"Blood, Brain, Liver, Lung, Muscle",0.6041099349382206,1.588365516697749
GO:0050896,response to stimulus,GO:BP,5,"Blood, Brain, Liver, Lung, Muscle",0.6049067159170193,0.9828957540560761
GO:0007399,nervous system development,GO:BP,5,"Blood, Brain, Liver, Lung, Muscle",0.6064989949441945,1.1187177112145261
GO:0051246,regulation of protein metabolic process,GO:BP,5,"Blood, Brain, Liver, Lung, Muscle",0.6075593331905045,1.2116834528079408
GO:0006915,apoptotic process,GO:BP,5,"Blood, Brain, Liver, Lung, Muscle",0.6088819410463496,1.3054118028777892
GO:0006952,defense response,GO:BP,5,"Blood, Brain, Liver, Lung, Muscle",0.6092682037937864,1.2135817412307905
GO:0051128,regulation of cellular component organization,GO:BP,5,"Blood, Brain, Liver, Lung, Muscle",0.613430485845878,1.1043493866767968
GO:0051649,establishment of localization in cell,GO:BP,5,"Blood, Brain, Liver, Lung, Muscle",0.6140882047216738,1.1255313227741641
GO:0008219,cell death,GO:BP,5,"Blood, Brain, Liver, Lung, Muscle",0.6143028035086111,1.3229440283354161
GO:0012501,programmed cell death,GO:BP,5,"Blood, Brain, Liver, Lung, Muscle",0.6143028035086111,1.3229440283354161
GO:0007166,cell surface receptor signaling pathway,GO:BP,5,"Blood, Brain, Liver, Lung, Muscle",0.6145000393699243,1.108596555074553
GO:0008152,metabolic process,GO:BP,5,"Blood, Brain, Liver, Lung, Muscle",0.6163758826247459,1.0285764137524596
GO:0009894,regulation of catabolic process,GO:BP,5,"Blood, Brain, Liver, Lung, Muscle",0.6166373651332384,1.2990641598365522
GO:0044782,cilium organization,GO:BP,5,"Blood, Brain, Liver, Lung, Muscle",0.6207116990920365,1.4770514912687964
GO:0045595,regulation of cell differentiation,GO:BP,5,"Blood, Brain, Liver, Lung, Muscle",0.6272296553117159,1.1480992008305888
GO:0046903,secretion,GO:BP,5,"Blood, Brain, Liver, Lung, Muscle",0.6287670022856375,1.303517851593483
GO:0080134,regulation of response to stress,GO:BP,5,"Blood, Brain, Liver, Lung, Muscle",0.6290807726454944,1.150823429689558
GO:0030182,neuron differentiation,GO:BP,5,"Blood, Brain, Liver, Lung, Muscle",0.6293230777820804,1.2116897820514307
GO:0050789,regulation of biological process,GO:BP,5,"Blood, Brain, Liver, Lung, Muscle",0.6294258686211816,0.9951433005289598
GO:0048878,chemical homeostasis,GO:BP,5,"Blood, Brain, Liver, Lung, Muscle",0.63101672976896,1.2547588556228486
GO:0009966,regulation of signal transduction,GO:BP,5,"Blood, Brain, Liver, Lung, Muscle",0.6322117009389985,1.0605385867609782
REAC:R-SSC-388396,GPCR downstream signalling,REAC,5,"Blood, Brain, Liver, Lung, Muscle",0.6332224561231246,1.241215322611065
GO:0060284,regulation of cell development,GO:BP,5,"Blood, Brain, Liver, Lung, Muscle",0.6352579049958811,1.2880167138937075
GO:0045893,positive regulation of DNA-templated transcription,GO:BP,5,"Blood, Brain, Liver, Lung, Muscle",0.6392332282154328,1.0917326902689541
GO:1902680,positive regulation of RNA biosynthetic process,GO:BP,5,"Blood, Brain, Liver, Lung, Muscle",0.6393863850706144,1.090142402300609
GO:0120031,plasma membrane bounded cell projection assembly,GO:BP,5,"Blood, Brain, Liver, Lung, Muscle",0.6394069209369282,1.3240747542377813
GO:0043170,macromolecule metabolic process,GO:BP,5,"Blood, Brain, Liver, Lung, Muscle",0.6409389347572468,1.0211022109129553
GO:0051254,positive regulation of RNA metabolic process,GO:BP,5,"Blood, Brain, Liver, Lung, Muscle",0.6424963449148522,1.0758845932508543
GO:0008104,protein localization,GO:BP,5,"Blood, Brain, Liver, Lung, Muscle",0.6431118302797543,1.0948213841125476
REAC:R-SSC-1430728,Metabolism,REAC,5,"Blood, Brain, Liver, Lung, Muscle",0.6433230871869131,1.0353420304594743
GO:0030031,cell projection assembly,GO:BP,5,"Blood, Brain, Liver, Lung, Muscle",0.643411439051094,1.297593259153026
GO:0070727,cellular macromolecule localization,GO:BP,5,"Blood, Brain, Liver, Lung, Muscle",0.6436440966835949,1.090379918051239
GO:0002521,leukocyte differentiation,GO:BP,5,"Blood, Brain, Liver, Lung, Muscle",0.6452259640514671,1.281839990651402
GO:1903131,mononuclear cell differentiation,GO:BP,5,"Blood, Brain, Liver, Lung, Muscle",0.6457541773592022,1.3497194661594174
GO:0034330,cell junction organization,GO:BP,5,"Blood, Brain, Liver, Lung, Muscle",0.6466813344534023,1.2302485224067805
GO:0050793,regulation of developmental process,GO:BP,5,"Blood, Brain, Liver, Lung, Muscle",0.6493456996393646,1.0584666178541535
GO:0050794,regulation of cellular process,GO:BP,5,"Blood, Brain, Liver, Lung, Muscle",0.6495049179013849,0.9860189885596861
GO:0048699,generation of neurons,GO:BP,5,"Blood, Brain, Liver, Lung, Muscle",0.6496094638863642,1.135069831966878
GO:0023051,regulation of signaling,GO:BP,5,"Blood, Brain, Liver, Lung, Muscle",0.6496440695816895,1.0855685288527126
GO:0051093,negative regulation of developmental process,GO:BP,5,"Blood, Brain, Liver, Lung, Muscle",0.6520289803568907,1.306325164682169
REAC:R-SSC-372790,Signaling by GPCR,REAC,5,"Blood, Brain, Liver, Lung, Muscle",0.6538766123973596,1.1576719835891662
GO:0022414,reproductive process,GO:BP,5,"Blood, Brain, Liver, Lung, Muscle",0.6544874658526272,1.1002230918651832
GO:0010646,regulation of cell communication,GO:BP,5,"Blood, Brain, Liver, Lung, Muscle",0.6556673018327213,1.049890467883105
GO:0098542,defense response to other organism,GO:BP,5,"Blood, Brain, Liver, Lung, Muscle",0.6579664055735538,1.1652770392053544
GO:0002684,positive regulation of immune system process,GO:BP,5,"Blood, Brain, Liver, Lung, Muscle",0.6596596557220104,1.15473789310359
GO:0044238,primary metabolic process,GO:BP,5,"Blood, Brain, Liver, Lung, Muscle",0.6602698768154927,0.9601172477909493
GO:0048870,cell motility,GO:BP,5,"Blood, Brain, Liver, Lung, Muscle",0.6620752002180917,1.064014418856823
GO:0010647,positive regulation of cell communication,GO:BP,5,"Blood, Brain, Liver, Lung, Muscle",0.6687303622722574,1.0217683307549792
GO:0023056,positive regulation of signaling,GO:BP,5,"Blood, Brain, Liver, Lung, Muscle",0.6695356845030628,1.0179783888753244
GO:0016043,cellular component organization,GO:BP,5,"Blood, Brain, Liver, Lung, Muscle",0.6737710862693085,0.9671251371089451
GO:0098657,import into cell,GO:BP,5,"Blood, Brain, Liver, Lung, Muscle",0.6741536603104229,1.166191904215331
REAC:R-SSC-162582,Signal Transduction,REAC,5,"Blood, Brain, Liver, Lung, Muscle",0.6762246364086625,0.9538012679166832
GO:0045935,positive regulation of nucleobase-containing compound metabolic process,GO:BP,5,"Blood, Brain, Liver, Lung, Muscle",0.6768069413399777,0.9837803290643669
GO:0033043,regulation of organelle organization,GO:BP,5,"Blood, Brain, Liver, Lung, Muscle",0.6818404283876308,1.0366300559534625
GO:0030155,regulation of cell adhesion,GO:BP,5,"Blood, Brain, Liver, Lung, Muscle",0.6861565343094568,1.1109531328364948
GO:0006974,DNA damage response,GO:BP,5,"Blood, Brain, Liver, Lung, Muscle",0.686315544927245,1.0725966574950512
GO:0071840,cellular component organization or biogenesis,GO:BP,5,"Blood, Brain, Liver, Lung, Muscle",0.6886492283339956,0.9536519905711353
GO:0007154,cell communication,GO:BP,5,"Blood, Brain, Liver, Lung, Muscle",0.6928867267030118,0.933127642167592
GO:0009888,tissue development,GO:BP,5,"Blood, Brain, Liver, Lung, Muscle",0.6936745148623243,1.0018491866553783
GO:0009057,macromolecule catabolic process,GO:BP,5,"Blood, Brain, Liver, Lung, Muscle",0.6953012892944713,1.0212497759984482
GO:0045184,establishment of protein localization,GO:BP,5,"Blood, Brain, Liver, Lung, Muscle",0.699202397769444,1.0117853839524453
GO:0030097,hemopoiesis,GO:BP,5,"Blood, Brain, Liver, Lung, Muscle",0.700318282639148,1.0841106642816398
GO:0051716,cellular response to stimulus,GO:BP,5,"Blood, Brain, Liver, Lung, Muscle",0.7043844505983855,0.9093630760450935
GO:0009059,macromolecule biosynthetic process,GO:BP,5,"Blood, Brain, Liver, Lung, Muscle",0.7091299800281613,0.9623827333177659
GO:0009058,biosynthetic process,GO:BP,5,"Blood, Brain, Liver, Lung, Muscle",0.7119008526302945,0.9445182057387916
GO:0023052,signaling,GO:BP,5,"Blood, Brain, Liver, Lung, Muscle",0.7126360667019037,0.9028105198292959
GO:0140352,export from cell,GO:BP,5,"Blood, Brain, Liver, Lung, Muscle",0.7134395365473737,1.007448182572225
REAC:R-SSC-392499,Metabolism of proteins,REAC,5,"Blood, Brain, Liver, Lung, Muscle",0.7145424333538505,0.8551980352510166
GO:0032879,regulation of localization,GO:BP,5,"Blood, Brain, Liver, Lung, Muscle",0.7175312741235198,0.9294429366974581
GO:2000026,regulation of multicellular organismal development,GO:BP,5,"Blood, Brain, Liver, Lung, Muscle",0.7239046210404266,0.9283060720398628
GO:0006259,DNA metabolic process,GO:BP,5,"Blood, Brain, Liver, Lung, Muscle",0.7284543585681197,1.0067418313746583
GO:0051049,regulation of transport,GO:BP,5,"Blood, Brain, Liver, Lung, Muscle",0.7293307292480649,0.9544188812999125
GO:0007165,signal transduction,GO:BP,5,"Blood, Brain, Liver, Lung, Muscle",0.7331669094018928,0.821218251501178
GO:0003008,system process,GO:BP,5,"Blood, Brain, Liver, Lung, Muscle",0.745366268853708,0.8280213626364678
GO:0032940,secretion by cell,GO:BP,5,"Blood, Brain, Liver, Lung, Muscle",0.7453672400921514,0.9335368028291711
GO:0009987,cellular process,GO:BP,5,"Blood, Brain, Liver, Lung, Muscle",0.7472049207630335,1.0009840886693533
GO:0010467,gene expression,GO:BP,5,"Blood, Brain, Liver, Lung, Muscle",0.7542072101863675,0.916851138395343
GO:0016192,vesicle-mediated transport,GO:BP,5,"Blood, Brain, Liver, Lung, Muscle",0.7589787993351401,0.8230798365630361
GO:0141124,intracellular signaling cassette,GO:BP,5,"Blood, Brain, Liver, Lung, Muscle",0.759983046030127,0.8814319611415782
GO:0016070,RNA metabolic process,GO:BP,5,"Blood, Brain, Liver, Lung, Muscle",0.7651495884712574,0.8148007064951159
GO:0035556,intracellular signal transduction,GO:BP,5,"Blood, Brain, Liver, Lung, Muscle",0.773064934891743,0.7672761337368604
GO:0034654,nucleobase-containing compound biosynthetic process,GO:BP,5,"Blood, Brain, Liver, Lung, Muscle",0.7786570767309599,0.820372562233517
GO:0036211,protein modification process,GO:BP,5,"Blood, Brain, Liver, Lung, Muscle",0.7789607728764287,0.7521244616652161
GO:0016477,cell migration,GO:BP,5,"Blood, Brain, Liver, Lung, Muscle",0.7798097395859193,0.7957387197998044
GO:0090304,nucleic acid metabolic process,GO:BP,5,"Blood, Brain, Liver, Lung, Muscle",0.7816203307356292,0.8065625560181584
GO:0043412,macromolecule modification,GO:BP,5,"Blood, Brain, Liver, Lung, Muscle",0.7820667081440791,0.733882312053348
GO:0141187,nucleic acid biosynthetic process,GO:BP,5,"Blood, Brain, Liver, Lung, Muscle",0.7902154921838578,0.8153481622533727
GO:0042221,response to chemical,GO:BP,5,"Blood, Brain, Liver, Lung, Muscle",0.791754697239356,0.7838274670713798
GO:0006139,nucleobase-containing compound metabolic process,GO:BP,5,"Blood, Brain, Liver, Lung, Muscle",0.7932260990626341,0.7838516607908277
GO:0022607,cellular component assembly,GO:BP,5,"Blood, Brain, Liver, Lung, Muscle",0.7944535908635366,0.814938787484114
GO:0044085,cellular component biogenesis,GO:BP,5,"Blood, Brain, Liver, Lung, Muscle",0.802916913099107,0.7922282134839395
GO:0032774,RNA biosynthetic process,GO:BP,5,"Blood, Brain, Liver, Lung, Muscle",0.8053647954791918,0.7797297820674943
REAC:R-SSC-168249,Innate Immune System,REAC,5,"Blood, Brain, Liver, Lung, Muscle",0.8142781314905833,0.7056314190691424
GO:0043933,protein-containing complex organization,GO:BP,5,"Blood, Brain, Liver, Lung, Muscle",0.8211578788123053,0.7385719188583747
GO:0065003,protein-containing complex assembly,GO:BP,5,"Blood, Brain, Liver, Lung, Muscle",0.8485049234737165,0.6619925480611928
REAC:R-SSC-168256,Immune System,REAC,5,"Blood, Brain, Liver, Lung, Muscle",0.8777205166557585,0.5962418656747404
GO:0007186,G protein-coupled receptor signaling pathway,GO:BP,5,"Blood, Brain, Liver, Lung, Muscle",0.9679641463136281,0.381415062737592
GO:0008150,biological_process,GO:BP,5,"Blood, Brain, Liver, Lung, Muscle",1,1
KEGG:00000,KEGG root term,KEGG,5,"Blood, Brain, Liver, Lung, Muscle",1,1
REAC:0000000,REACTOME root term,REAC,5,"Blood, Brain, Liver, Lung, Muscle",1,1
GO:0061061,muscle structure development,GO:BP,4,"Blood, Liver, Lung, Muscle",0.23270257018022295,4.230510891747874
GO:0008015,blood circulation,GO:BP,4,"Blood, Liver, Lung, Muscle",0.24527640593667172,4.289530289703078
GO:0003013,circulatory system process,GO:BP,4,"Blood, Liver, Lung, Muscle",0.2554910587777821,4.077547688177053
REAC:R-SSC-397014,Muscle contraction,REAC,4,"Brain, Liver, Lung, Muscle",0.2872232927047371,6.913186341897324
GO:0048738,cardiac muscle tissue development,GO:BP,4,"Blood, Liver, Lung, Muscle",0.31187714705639674,5.280600259702426
GO:0070252,actin-mediated cell contraction,GO:BP,4,"Blood, Liver, Lung, Muscle",0.31733963832959433,8.561524835218288
REAC:R-SSC-425407,SLC-mediated transmembrane transport,REAC,4,"Blood, Brain, Liver, Muscle",0.31904973296983635,3.939132735663688
GO:0007507,heart development,GO:BP,4,"Blood, Liver, Lung, Muscle",0.32873471559596995,3.7017554020835197
GO:0060047,heart contraction,GO:BP,4,"Blood, Liver, Lung, Muscle",0.3522468606833179,5.361353764604538
GO:0060041,retina development in camera-type eye,GO:BP,4,"Blood, Liver, Lung, Muscle",0.35568963466787396,5.177249269954658
GO:0014706,striated muscle tissue development,GO:BP,4,"Blood, Liver, Lung, Muscle",0.3577870158658909,3.4944655993928224
GO:0003015,heart process,GO:BP,4,"Blood, Liver, Lung, Muscle",0.3578155362316505,5.096595554006784
KEGG:05231,Choline metabolism in cancer,KEGG,4,"Blood, Brain, Lung, Muscle",0.35788322283521745,5.8139037433155085
GO:0007517,muscle organ development,GO:BP,4,"Blood, Liver, Lung, Muscle",0.3604456770665485,4.232068909708653
GO:0060537,muscle tissue development,GO:BP,4,"Blood, Liver, Lung, Muscle",0.3698821348694662,3.2781957414499443
GO:0009617,response to bacterium,GO:BP,4,"Blood, Brain, Lung, Muscle",0.3726428679827732,2.907491979164026
GO:0001508,action potential,GO:BP,4,"Blood, Brain, Lung, Muscle",0.38380495135218284,4.591435621132111
GO:0072359,circulatory system development,GO:BP,4,"Blood, Liver, Lung, Muscle",0.3985405381941034,2.5101806419782875
GO:0030041,actin filament polymerization,GO:BP,4,"Blood, Brain, Liver, Muscle",0.4114356726114508,4.091311231442005
GO:0000122,negative regulation of transcription by RNA polymerase II,GO:BP,4,"Brain, Liver, Lung, Muscle",0.42227734915166015,1.9816239163444944
GO:0048167,regulation of synaptic plasticity,GO:BP,4,"Blood, Brain, Liver, Muscle",0.4232482785723706,3.832002773111174
GO:0002253,activation of immune response,GO:BP,4,"Blood, Brain, Lung, Muscle",0.424307224237578,2.6107416526546277
GO:0051253,negative regulation of RNA metabolic process,GO:BP,4,"Brain, Liver, Lung, Muscle",0.42645014066768144,1.9737369305483266
GO:0009895,negative regulation of catabolic process,GO:BP,4,"Blood, Brain, Liver, Lung",0.43121546480357376,3.0043265614502377
KEGG:05016,Huntington disease,KEGG,4,"Blood, Liver, Lung, Muscle",0.4350268934739963,2.395792059960043
GO:1903522,regulation of blood circulation,GO:BP,4,"Blood, Liver, Lung, Muscle",0.43584805235344326,3.5628705836001564
GO:0070925,organelle assembly,GO:BP,4,"Blood, Liver, Lung, Muscle",0.44438175656539314,1.915016691082421
GO:0045934,negative regulation of nucleobase-containing compound metabolic process,GO:BP,4,"Brain, Liver, Lung, Muscle",0.4511935473720471,1.8085775022257242
GO:0016197,endosomal transport,GO:BP,4,"Blood, Brain, Lung, Muscle",0.4516100354757111,2.7788507303052685
GO:0051259,protein complex oligomerization,GO:BP,4,"Blood, Brain, Liver, Muscle",0.4556983661544324,2.954225055704849
GO:0006914,autophagy,GO:BP,4,"Blood, Brain, Liver, Muscle",0.4590036778661314,2.443403764051973
GO:0061919,process utilizing autophagic mechanism,GO:BP,4,"Blood, Brain, Liver, Muscle",0.4590036778661314,2.443403764051973
GO:0031175,neuron projection development,GO:BP,4,"Brain, Liver, Lung, Muscle",0.45974364734254186,1.7975714471455015
GO:0051129,negative regulation of cellular component organization,GO:BP,4,"Brain, Liver, Lung, Muscle",0.4607836822667668,2.2035609963038194
GO:0072659,protein localization to plasma membrane,GO:BP,4,"Blood, Brain, Liver, Lung",0.46130816327213314,3.016412527910712
GO:0045892,negative regulation of DNA-templated transcription,GO:BP,4,"Brain, Liver, Lung, Muscle",0.4636072774451361,1.7286416152968733
GO:1902679,negative regulation of RNA biosynthetic process,GO:BP,4,"Brain, Liver, Lung, Muscle",0.46451081099441144,1.7235969413222716
GO:0003012,muscle system process,GO:BP,4,"Blood, Liver, Lung, Muscle",0.4675827616656811,2.610579559158068
GO:0042110,T cell activation,GO:BP,4,"Brain, Liver, Lung, Muscle",0.46941238590661466,2.059000203489353
GO:0098662,inorganic cation transmembrane transport,GO:BP,4,"Brain, Liver, Lung, Muscle",0.46960566350586086,1.7531101572086665
GO:0045444,fat cell differentiation,GO:BP,4,"Brain, Liver, Lung, Muscle",0.4697083199975368,2.7439501471570407
GO:0050776,regulation of immune response,GO:BP,4,"Blood, Brain, Lung, Muscle",0.4713827092389397,1.8272320197025276
GO:0034097,response to cytokine,GO:BP,4,"Brain, Liver, Lung, Muscle",0.47160417699648266,1.7411218923337737
GO:1901652,response to peptide,GO:BP,4,"Brain, Liver, Lung, Muscle",0.47161497484755677,1.7387269516290504
GO:0007018,microtubule-based movement,GO:BP,4,"Blood, Brain, Lung, Muscle",0.4770472631754757,2.1814724226680102
GO:0098655,monoatomic cation transmembrane transport,GO:BP,4,"Brain, Liver, Lung, Muscle",0.4793048101824839,1.6882762016905943
GO:0043010,camera-type eye development,GO:BP,4,"Blood, Liver, Lung, Muscle",0.48350141024399673,2.5516442830490815
GO:0071345,cellular response to cytokine stimulus,GO:BP,4,"Brain, Liver, Lung, Muscle",0.49070654869072305,1.7386033615656722
GO:0031667,response to nutrient levels,GO:BP,4,"Blood, Brain, Liver, Lung",0.49105841656121174,2.4827034677683204
GO:0016049,cell growth,GO:BP,4,"Brain, Liver, Lung, Muscle",0.49212686825743773,2.1849790866165146
GO:0006936,muscle contraction,GO:BP,4,"Blood, Liver, Lung, Muscle",0.49573722161673417,2.6312943300900242
GO:0072657,protein localization to membrane,GO:BP,4,"Blood, Brain, Liver, Lung",0.49646386906310397,2.0584426937547153
GO:0051668,localization within membrane,GO:BP,4,"Blood, Brain, Liver, Lung",0.4987893331257715,2.0807211407696093
GO:0007017,microtubule-based process,GO:BP,4,"Blood, Brain, Lung, Muscle",0.5023596487928802,1.5955123810365177
GO:0030001,metal ion transport,GO:BP,4,"Brain, Liver, Lung, Muscle",0.5023716126429996,1.6609424044928538
GO:1990778,protein localization to cell periphery,GO:BP,4,"Blood, Brain, Liver, Lung",0.5024244044682723,2.4131300223285694
GO:0007005,mitochondrion organization,GO:BP,4,"Brain, Liver, Lung, Muscle",0.5078121183450216,2.139879135249369
GO:0050778,positive regulation of immune response,GO:BP,4,"Blood, Brain, Lung, Muscle",0.5101844525597308,1.8827017956976535
GO:1903706,regulation of hemopoiesis,GO:BP,4,"Blood, Brain, Liver, Lung",0.5113633178686107,2.2344331209914885
KEGG:05022,Pathways of neurodegeneration - multiple diseases,KEGG,4,"Blood, Liver, Lung, Muscle",0.5116130637520435,1.565671126903712
GO:0043067,regulation of programmed cell death,GO:BP,4,"Blood, Brain, Liver, Muscle",0.5122114911491304,1.6136460525411804
GO:0022402,cell cycle process,GO:BP,4,"Blood, Brain, Liver, Lung",0.5130571014013342,1.5383701711368079
GO:0051258,protein polymerization,GO:BP,4,"Blood, Brain, Liver, Muscle",0.5147430839426472,2.4184195279190517
GO:0042981,regulation of apoptotic process,GO:BP,4,"Blood, Brain, Liver, Muscle",0.5151541959080594,1.5507747134759016
GO:0007049,cell cycle,GO:BP,4,"Blood, Brain, Liver, Lung",0.5174785384386418,1.4304040932115
GO:0099536,synaptic signaling,GO:BP,4,"Blood, Brain, Liver, Muscle",0.5189728734449811,1.8024507794230522
GO:0006412,translation,GO:BP,4,"Blood, Brain, Liver, Lung",0.5193101126624541,1.6584679547515844
GO:0001654,eye development,GO:BP,4,"Blood, Liver, Lung, Muscle",0.5199015974614376,2.2188211156948534
GO:0150063,visual system development,GO:BP,4,"Blood, Liver, Lung, Muscle",0.5222521947348749,2.198339690011517
GO:1902105,regulation of leukocyte differentiation,GO:BP,4,"Blood, Brain, Liver, Lung",0.5257115271697701,2.3685147083947773
GO:0048880,sensory system development,GO:BP,4,"Blood, Liver, Lung, Muscle",0.5263029555549393,2.1584906321865347
GO:0045087,innate immune response,GO:BP,4,"Brain, Liver, Lung, Muscle",0.5300221186102454,1.7098761691950153
GO:0022411,cellular component disassembly,GO:BP,4,"Brain, Liver, Lung, Muscle",0.5362535413627796,1.8644314528323238
GO:0051249,regulation of lymphocyte activation,GO:BP,4,"Blood, Liver, Lung, Muscle",0.5485198368139258,1.925769270225722
GO:0043066,negative regulation of apoptotic process,GO:BP,4,"Blood, Brain, Liver, Muscle",0.5549798511112521,1.6563210458049298
GO:0140546,defense response to symbiont,GO:BP,4,"Brain, Liver, Lung, Muscle",0.5551132082425789,1.5689785519010127
GO:0097190,apoptotic signaling pathway,GO:BP,4,"Blood, Brain, Liver, Muscle",0.5572685543884263,1.9332995125073316
GO:0009611,response to wounding,GO:BP,4,"Brain, Liver, Lung, Muscle",0.5593475371178168,1.6820414194030748
GO:0045944,positive regulation of transcription by RNA polymerase II,GO:BP,4,"Blood, Brain, Lung, Muscle",0.5625737382243395,1.3003867341610287
GO:0043069,negative regulation of programmed cell death,GO:BP,4,"Blood, Brain, Liver, Muscle",0.5638597429333734,1.5876257028913616
GO:0015031,protein transport,GO:BP,4,"Blood, Brain, Liver, Muscle",0.5685813635161069,1.39039118564263
GO:0040007,growth,GO:BP,4,"Brain, Liver, Lung, Muscle",0.5701447008254279,1.4370446571253193
GO:0000902,cell morphogenesis,GO:BP,4,"Brain, Liver, Lung, Muscle",0.5720447914837407,1.5014878714273387
GO:0002694,regulation of leukocyte activation,GO:BP,4,"Blood, Liver, Lung, Muscle",0.5776149371769052,1.7133342907763618
GO:0007268,chemical synaptic transmission,GO:BP,4,"Blood, Brain, Liver, Muscle",0.5812008800632601,1.639528255399918
GO:0098916,anterograde trans-synaptic signaling,GO:BP,4,"Blood, Brain, Liver, Muscle",0.5812008800632601,1.639528255399918
GO:0099537,trans-synaptic signaling,GO:BP,4,"Blood, Brain, Liver, Muscle",0.5819656765138169,1.6301056792194586
GO:0009887,animal organ morphogenesis,GO:BP,4,"Blood, Liver, Lung, Muscle",0.5836227186010157,1.4557579303924282
GO:0030098,lymphocyte differentiation,GO:BP,4,"Blood, Liver, Lung, Muscle",0.592742979489513,1.7021429197614992
GO:0000226,microtubule cytoskeleton organization,GO:BP,4,"Blood, Brain, Lung, Muscle",0.5937354643839254,1.5526092591724652
GO:0002250,adaptive immune response,GO:BP,4,"Blood, Brain, Lung, Muscle",0.5956447955697863,1.596447442979843
GO:0002757,immune response-activating signaling pathway,GO:BP,4,"Blood, Brain, Lung, Muscle",0.5956447955697863,1.596447442979843
GO:0044057,regulation of system process,GO:BP,4,"Blood, Liver, Lung, Muscle",0.5967278189845368,1.653089809681917
GO:0050865,regulation of cell activation,GO:BP,4,"Blood, Liver, Lung, Muscle",0.6000002147304704,1.573701319942165
GO:0050804,modulation of chemical synaptic transmission,GO:BP,4,"Blood, Brain, Liver, Muscle",0.6112805962700019,1.5818150982028683
GO:0099177,regulation of trans-synaptic signaling,GO:BP,4,"Blood, Brain, Liver, Muscle",0.6112805962700019,1.5818150982028683
GO:0002764,immune response-regulating signaling pathway,GO:BP,4,"Blood, Brain, Lung, Muscle",0.6194273417544032,1.4467804952004828
GO:0048812,neuron projection morphogenesis,GO:BP,4,"Brain, Liver, Lung, Muscle",0.62053639791902,1.3254630456966414
GO:0007423,sensory organ development,GO:BP,4,"Blood, Liver, Lung, Muscle",0.6209530791901972,1.452155283036063
GO:0048589,developmental growth,GO:BP,4,"Brain, Liver, Lung, Muscle",0.6264333496521903,1.3670594337832005
GO:0120039,plasma membrane bounded cell projection morphogenesis,GO:BP,4,"Brain, Liver, Lung, Muscle",0.6289390693938977,1.286884079709629
GO:0048858,cell projection morphogenesis,GO:BP,4,"Brain, Liver, Lung, Muscle",0.6299847240780906,1.2789075254965527
REAC:R-SSC-597592,Post-translational protein modification,REAC,4,"Blood, Brain, Liver, Muscle",0.631585917929114,1.0783995748812045
GO:0044281,small molecule metabolic process,GO:BP,4,"Blood, Brain, Liver, Lung",0.6318788972124647,1.1433786127485615
GO:0060627,regulation of vesicle-mediated transport,GO:BP,4,"Blood, Brain, Liver, Lung",0.6329958948434551,1.4556496645342902
GO:0009967,positive regulation of signal transduction,GO:BP,4,"Blood, Brain, Lung, Muscle",0.6365750839104279,1.0873112735690458
GO:0051240,positive regulation of multicellular organismal process,GO:BP,4,"Blood, Brain, Liver, Muscle",0.6506039516480142,1.09989971950648
GO:0032101,regulation of response to external stimulus,GO:BP,4,"Blood, Brain, Lung, Muscle",0.6515492699266765,1.2007603112170884
GO:0040011,locomotion,GO:BP,4,"Blood, Brain, Liver, Muscle",0.6560979235759011,1.0920596353738676
GO:0001817,regulation of cytokine production,GO:BP,4,"Blood, Brain, Lung, Muscle",0.6648668865486449,1.1679933017044912
GO:0001816,cytokine production,GO:BP,4,"Blood, Brain, Lung, Muscle",0.6655865049859564,1.1578544709605285
GO:0032880,regulation of protein localization,GO:BP,4,"Blood, Brain, Liver, Lung",0.6670426458292469,1.1897875211776647
GO:0030163,protein catabolic process,GO:BP,4,"Blood, Brain, Liver, Muscle",0.6688764758143573,1.093561747553087
GO:0006281,DNA repair,GO:BP,4,"Blood, Brain, Liver, Muscle",0.6846077705661826,1.2012017522776748
GO:0060341,regulation of cellular localization,GO:BP,4,"Blood, Brain, Liver, Lung",0.7007917004396305,1.0620793497469099
GO:0010608,post-transcriptional regulation of gene expression,GO:BP,4,"Blood, Brain, Liver, Lung",0.7045345233490584,1.0832936632744352
GO:0003006,developmental process involved in reproduction,GO:BP,4,"Brain, Liver, Lung, Muscle",0.7275265426545819,0.9116218591168359
GO:0006954,inflammatory response,GO:BP,4,"Blood, Brain, Liver, Muscle",0.7385176766787336,0.9839862455366848
GO:0006796,phosphate-containing compound metabolic process,GO:BP,4,"Brain, Liver, Lung, Muscle",0.7467164188229869,0.8714776919183467
GO:0006793,phosphorus metabolic process,GO:BP,4,"Brain, Liver, Lung, Muscle",0.7469528543842008,0.8685384754194652
REAC:R-SSC-556833,Metabolism of lipids,REAC,4,"Brain, Liver, Lung, Muscle",0.7556448968398665,0.8430653823356773
GO:0045597,positive regulation of cell differentiation,GO:BP,4,"Brain, Liver, Lung, Muscle",0.7650419454454463,0.8267602234919421
GO:0051094,positive regulation of developmental process,GO:BP,4,"Brain, Liver, Lung, Muscle",0.7680058886894783,0.8040704468258253
GO:0044087,regulation of cellular component biogenesis,GO:BP,4,"Blood, Brain, Liver, Muscle",0.7725550688882415,0.8339756474530099
REAC:R-SSC-74160,Gene expression (Transcription),REAC,4,"Brain, Liver, Lung, Muscle",0.7998671092469916,0.7029609806344601
GO:0006629,lipid metabolic process,GO:BP,4,"Blood, Brain, Liver, Lung",0.8009154249478894,0.7667774259025556
REAC:R-SSC-73857,RNA Polymerase II Transcription,REAC,4,"Brain, Liver, Lung, Muscle",0.8328356214675663,0.6684156337446415
GO:0030239,myofibril assembly,GO:BP,3,"Liver, Lung, Muscle",0.125936975436166,19.568904301618442
GO:0010927,cellular component assembly involved in morphogenesis,GO:BP,3,"Liver, Lung, Muscle",0.13095313469245107,12.37109470855601
GO:0032989,cellular anatomical entity morphogenesis,GO:BP,3,"Liver, Lung, Muscle",0.13095313469245107,12.37109470855601
GO:0055013,cardiac muscle cell development,GO:BP,3,"Liver, Lung, Muscle",0.16851701964170215,17.378730371238113
GO:0055002,striated muscle cell development,GO:BP,3,"Liver, Lung, Muscle",0.16857383470590598,8.88000699401173
GO:0055006,cardiac cell development,GO:BP,3,"Liver, Lung, Muscle",0.16962487899664766,16.71031766465203
GO:0051146,striated muscle cell differentiation,GO:BP,3,"Liver, Lung, Muscle",0.17029665831327426,6.499055510258621
REAC:R-SSC-112311,Neurotransmitter clearance,REAC,3,"Blood, Lung, Muscle",0.17235245705834398,68.92254344919786
GO:0055001,muscle cell development,GO:BP,3,"Liver, Lung, Muscle",0.19261273289833636,7.287729877844108
GO:0055007,cardiac muscle cell differentiation,GO:BP,3,"Liver, Lung, Muscle",0.20516959034721333,11.140211776434686
REAC:R-SSC-390522,Striated Muscle Contraction,REAC,3,"Liver, Lung, Muscle",0.20899133123575211,20.69485294117647
GO:0042692,muscle cell differentiation,GO:BP,3,"Liver, Lung, Muscle",0.21064467028106326,4.688915888273837
GO:0035051,cardiocyte differentiation,GO:BP,3,"Liver, Lung, Muscle",0.22955887675189393,8.436276879241802
GO:0140694,membraneless organelle assembly,GO:BP,3,"Liver, Lung, Muscle",0.23556025650168602,3.9917287452716743
REAC:R-SSC-112310,Neurotransmitter release cycle,REAC,3,"Blood, Brain, Liver",0.24273379749035265,12.82298023655722
GO:0097009,energy homeostasis,GO:BP,3,"Blood, Brain, Lung",0.2670660248355076,11.823191636689128
REAC:R-SSC-425397,"Transport of vitamins, nucleosides, and related molecules",REAC,3,"Brain, Liver, Muscle",0.28425280424026766,11.58808644915456
GO:0061337,cardiac conduction,GO:BP,3,"Blood, Lung, Muscle",0.28616150357185477,10.038491413349295
GO:0008286,insulin receptor signaling pathway,GO:BP,3,"Brain, Lung, Muscle",0.2918426991877139,6.723000215998272
GO:0048644,muscle organ morphogenesis,GO:BP,3,"Blood, Lung, Muscle",0.2951445049579771,9.254234271681382
REAC:R-SSC-202424,Downstream TCR signaling,REAC,3,"Liver, Lung, Muscle",0.3043936250382395,6.324622416534181
REAC:R-SSC-9837999,Mitochondrial protein degradation,REAC,3,"Liver, Lung, Muscle",0.3043936250382395,6.6860294117647046
GO:0086003,cardiac muscle cell contraction,GO:BP,3,"Blood, Liver, Lung",0.30471324226484614,11.702196236990547
GO:0071375,cellular response to peptide hormone stimulus,GO:BP,3,"Brain, Lung, Muscle",0.3062849522643068,4.216099682967242
REAC:R-SSC-202403,TCR signaling,REAC,3,"Liver, Lung, Muscle",0.3197616117162527,5.318432486631016
GO:1901699,cellular response to nitrogen compound,GO:BP,3,"Brain, Lung, Muscle",0.32056771801218875,2.7684294102117772
GO:1901264,carbohydrate derivative transport,GO:BP,3,"Blood, Brain, Muscle",0.32147472099988095,7.574894518043246
KEGG:01240,Biosynthesis of cofactors,KEGG,3,"Blood, Liver, Lung",0.32180825398296004,5.732136972562504
GO:0071346,cellular response to type II interferon,GO:BP,3,"Brain, Liver, Muscle",0.32463988548355854,7.523949578049945
GO:0034109,homotypic cell-cell adhesion,GO:BP,3,"Blood, Brain, Lung",0.32808489618774805,8.181915281185686
GO:0043244,regulation of protein-containing complex disassembly,GO:BP,3,"Brain, Liver, Lung",0.33101987641964065,6.20098219428421
GO:0051592,response to calcium ion,GO:BP,3,"Blood, Lung, Muscle",0.3358831471832428,6.508472454808884
GO:0030038,contractile actin filament bundle assembly,GO:BP,3,"Blood, Brain, Muscle",0.3367356343292562,6.7435036563067925
GO:0043149,stress fiber assembly,GO:BP,3,"Blood, Brain, Muscle",0.3367356343292562,6.7435036563067925
GO:0032869,cellular response to insulin stimulus,GO:BP,3,"Brain, Lung, Muscle",0.33785637071489133,4.512080681878035
GO:0019722,calcium-mediated signaling,GO:BP,3,"Blood, Liver, Muscle",0.33788952281908124,5.500483891204669
GO:0051494,negative regulation of cytoskeleton organization,GO:BP,3,"Brain, Liver, Muscle",0.33816534704560985,5.019979076600671
GO:0032456,endocytic recycling,GO:BP,3,"Blood, Brain, Lung",0.33849802629379533,7.53597460109208
KEGG:04062,Chemokine signaling pathway,KEGG,3,"Brain, Lung, Muscle",0.33989061120506925,4.683114845938375
KEGG:05017,Spinocerebellar ataxia,KEGG,3,"Blood, Liver, Muscle",0.3404350638347063,4.242645478565378
GO:1902904,negative regulation of supramolecular fiber organization,GO:BP,3,"Brain, Liver, Muscle",0.3404754117261923,4.9041334056021935
GO:0007623,circadian rhythm,GO:BP,3,"Liver, Lung, Muscle",0.34159446975453,4.735939018258489
GO:0015931,nucleobase-containing compound transport,GO:BP,3,"Brain, Lung, Muscle",0.3436603235628928,5.027720601092334
GO:0043434,response to peptide hormone,GO:BP,3,"Brain, Lung, Muscle",0.3467318843291697,3.426630818029153
GO:0010639,negative regulation of organelle organization,GO:BP,3,"Brain, Liver, Muscle",0.3519729874124402,3.5147019149732253
GO:0008285,negative regulation of cell population proliferation,GO:BP,3,"Brain, Lung, Muscle",0.3525130035472084,2.4307680160407457
KEGG:04141,Protein processing in endoplasmic reticulum,KEGG,3,"Liver, Lung, Muscle",0.3527933870900943,3.250807971450339
GO:0002456,T cell mediated immunity,GO:BP,3,"Brain, Lung, Muscle",0.3541702466137821,5.145739568777327
GO:1901879,regulation of protein depolymerization,GO:BP,3,"Brain, Liver, Lung",0.3546536013351301,6.695045953145888
GO:0034341,response to type II interferon,GO:BP,3,"Brain, Liver, Muscle",0.35488146942710125,5.753608500861723
GO:0015695,organic cation transport,GO:BP,3,"Blood, Brain, Muscle",0.35658020287855535,5.7006938125480096
GO:0032868,response to insulin,GO:BP,3,"Brain, Lung, Muscle",0.36765114650761876,3.7558660424571353
GO:0045739,positive regulation of DNA repair,GO:BP,3,"Brain, Liver, Muscle",0.3678945602055345,5.3158339410135484
GO:0032259,methylation,GO:BP,3,"Brain, Lung, Muscle",0.36797097731393735,3.9276652845600766
GO:1903311,regulation of mRNA metabolic process,GO:BP,3,"Brain, Liver, Lung",0.3693904356067869,3.621526519679734
KEGG:04530,Tight junction,KEGG,3,"Blood, Brain, Muscle",0.3698279573558303,3.476678550207962
KEGG:05211,Renal cell carcinoma,KEGG,3,"Brain, Lung, Muscle",0.3706381599128266,7.282645595551653
REAC:R-SSC-373076,Class A/1 (Rhodopsin-like receptors),REAC,3,"Blood, Liver, Muscle",0.37559329771379124,2.8896977635367724
GO:0106106,cold-induced thermogenesis,GO:BP,3,"Liver, Lung, Muscle",0.3761820580988758,4.8922260754046105
GO:1901137,carbohydrate derivative biosynthetic process,GO:BP,3,"Brain, Liver, Lung",0.3773828294089014,2.505695880919439
GO:0060048,cardiac muscle contraction,GO:BP,3,"Blood, Liver, Lung",0.37747892353871976,6.349063915814019
GO:0008016,regulation of heart contraction,GO:BP,3,"Blood, Lung, Muscle",0.3791075300030599,4.6635511290362865
GO:0015711,organic anion transport,GO:BP,3,"Blood, Brain, Muscle",0.3848335116993649,2.960211651034615
KEGG:05207,Chemical carcinogenesis - receptor activation,KEGG,3,"Liver, Lung, Muscle",0.3865546906781669,2.73134896570312
GO:1990845,adaptive thermogenesis,GO:BP,3,"Liver, Lung, Muscle",0.38831317736978244,4.477630645285575
GO:0051017,actin filament bundle assembly,GO:BP,3,"Blood, Brain, Muscle",0.39031089081467324,4.354073226906748
GO:0051261,protein depolymerization,GO:BP,3,"Brain, Liver, Lung",0.3908431175291334,5.088234924390875
GO:0061572,actin filament bundle organization,GO:BP,3,"Blood, Brain, Muscle",0.3915589902434418,4.25359461397813
GO:0051260,protein homooligomerization,GO:BP,3,"Blood, Brain, Liver",0.3944973501956702,4.124671599291666
GO:0050806,positive regulation of synaptic transmission,GO:BP,3,"Blood, Brain, Liver",0.3963769467465561,5.575083145160664
GO:0043068,positive regulation of programmed cell death,GO:BP,3,"Blood, Liver, Muscle",0.3975732195832377,2.9102518018796055
GO:0055074,calcium ion homeostasis,GO:BP,3,"Liver, Lung, Muscle",0.3980765415383226,3.4031319049724256
GO:0098876,vesicle-mediated transport to the plasma membrane,GO:BP,3,"Blood, Brain, Lung",0.3992732897361023,4.474484919398423
GO:0048511,rhythmic process,GO:BP,3,"Liver, Lung, Muscle",0.39955011640613014,3.487159078120679
GO:0090257,regulation of muscle system process,GO:BP,3,"Blood, Lung, Muscle",0.40045309040227406,4.1129930096361695
REAC:R-SSC-1474244,Extracellular matrix organization,REAC,3,"Blood, Brain, Liver",0.40134860116064064,2.8555130681211605
GO:0001667,ameboidal-type cell migration,GO:BP,3,"Brain, Liver, Lung",0.4044591597789413,3.5723049597506864
GO:2001236,regulation of extrinsic apoptotic signaling pathway,GO:BP,3,"Brain, Liver, Muscle",0.40449920695090863,4.075472688110387
GO:0032386,regulation of intracellular transport,GO:BP,3,"Blood, Brain, Lung",0.40772908301633864,3.5703697516734496
GO:0001659,temperature homeostasis,GO:BP,3,"Liver, Lung, Muscle",0.4079942257761649,3.913780860323688
GO:0030162,regulation of proteolysis,GO:BP,3,"Blood, Brain, Liver",0.4088653771122577,3.104408103285031
GO:0006941,striated muscle contraction,GO:BP,3,"Blood, Liver, Lung",0.4102578355550795,4.6625938131759215
GO:0048588,developmental cell growth,GO:BP,3,"Brain, Liver, Muscle",0.41107530824795235,3.8814025601051307
GO:0006886,intracellular protein transport,GO:BP,3,"Brain, Liver, Muscle",0.4139088015608025,2.0747588679586215
GO:0098771,inorganic ion homeostasis,GO:BP,3,"Liver, Lung, Muscle",0.4151595459016749,2.4341644657782977
GO:0001894,tissue homeostasis,GO:BP,3,"Brain, Liver, Lung",0.41723131462619256,3.448553495864246
GO:0060249,anatomical structure homeostasis,GO:BP,3,"Brain, Liver, Lung",0.41746138116345166,3.4315655476087574
GO:0099111,microtubule-based transport,GO:BP,3,"Brain, Lung, Muscle",0.4190270080048645,3.2959639067985496
GO:0070588,calcium ion transmembrane transport,GO:BP,3,"Liver, Lung, Muscle",0.42060607908542263,3.0277302608841175
GO:0034976,response to endoplasmic reticulum stress,GO:BP,3,"Blood, Liver, Muscle",0.4209551862198181,3.3410887088803856
GO:0015748,organophosphate ester transport,GO:BP,3,"Blood, Brain, Muscle",0.4209939125679659,3.662035098126868
GO:0060538,skeletal muscle organ development,GO:BP,3,"Blood, Liver, Muscle",0.42339534011176266,3.9796223325563918
GO:0042127,regulation of cell population proliferation,GO:BP,3,"Brain, Lung, Muscle",0.4254081760399797,1.5463614515935942
GO:0032984,protein-containing complex disassembly,GO:BP,3,"Brain, Liver, Lung",0.42746369239555865,3.160115925933299
GO:0009628,response to abiotic stimulus,GO:BP,3,"Blood, Brain, Liver",0.4302975514113334,2.0340733820761048
GO:0006282,regulation of DNA repair,GO:BP,3,"Brain, Liver, Muscle",0.4338090145032358,3.326916480090112
GO:0045619,regulation of lymphocyte differentiation,GO:BP,3,"Blood, Liver, Lung",0.4340807644247996,4.032513568152147
GO:0006913,nucleocytoplasmic transport,GO:BP,3,"Brain, Lung, Muscle",0.4361890228580993,2.5369812135842538
GO:0051169,nuclear transport,GO:BP,3,"Brain, Lung, Muscle",0.4361890228580993,2.5369812135842538
KEGG:05012,Parkinson disease,KEGG,3,"Liver, Lung, Muscle",0.4375319236914215,2.0538050362263767
KEGG:05020,Prion disease,KEGG,3,"Liver, Lung, Muscle",0.4375497712350766,2.0224492341465847
GO:0051247,positive regulation of protein metabolic process,GO:BP,3,"Brain, Liver, Muscle",0.43815036100916166,1.9371582553957094
REAC:R-SSC-500792,GPCR ligand binding,REAC,3,"Blood, Liver, Muscle",0.4391512568577257,2.1760833768097037
GO:0048585,negative regulation of response to stimulus,GO:BP,3,"Brain, Lung, Muscle",0.43922991607917206,1.7674801061484555
GO:0031503,protein-containing complex localization,GO:BP,3,"Blood, Brain, Lung",0.43939557743570945,3.5137059489754483
GO:0031349,positive regulation of defense response,GO:BP,3,"Blood, Brain, Lung",0.43963770116835404,2.4768365219714634
GO:0060560,developmental growth involved in morphogenesis,GO:BP,3,"Brain, Liver, Muscle",0.43974808261640724,3.2174784379818844
GO:0043065,positive regulation of apoptotic process,GO:BP,3,"Blood, Liver, Muscle",0.4398549271652218,2.5694552824156935
GO:0055080,monoatomic cation homeostasis,GO:BP,3,"Liver, Lung, Muscle",0.4403370530035011,2.1784749210536862
REAC:R-SSC-5688426,Deubiquitination,REAC,3,"Blood, Liver, Muscle",0.4411377910729807,2.428988315390233
GO:0009968,negative regulation of signal transduction,GO:BP,3,"Brain, Lung, Muscle",0.4430558531250444,2.0343034882515196
GO:0010648,negative regulation of cell communication,GO:BP,3,"Brain, Lung, Muscle",0.44333746438413346,2.0815469047935453
GO:0023057,negative regulation of signaling,GO:BP,3,"Brain, Lung, Muscle",0.44333746438413346,2.074018706222864
GO:0006836,neurotransmitter transport,GO:BP,3,"Blood, Brain, Liver",0.4437875605956863,3.7925735681365063
GO:0050801,monoatomic ion homeostasis,GO:BP,3,"Liver, Lung, Muscle",0.4443121850041912,2.1469028207485605
GO:0009725,response to hormone,GO:BP,3,"Brain, Lung, Muscle",0.44436549939290065,1.857394024825702
GO:0010038,response to metal ion,GO:BP,3,"Blood, Lung, Muscle",0.4460316360621931,3.184252652621551
GO:0007169,cell surface receptor protein tyrosine kinase signaling pathway,GO:BP,3,"Brain, Lung, Muscle",0.44974066564706316,2.056203758369933
REAC:R-SSC-418594,G alpha (i) signalling events,REAC,3,"Blood, Brain, Muscle",0.4499412225588389,2.513115775995687
GO:2001233,regulation of apoptotic signaling pathway,GO:BP,3,"Brain, Liver, Muscle",0.45116864415783503,2.7141177970149495
GO:1901698,response to nitrogen compound,GO:BP,3,"Brain, Lung, Muscle",0.4513776779012818,1.7277276054919313
GO:0009100,glycoprotein metabolic process,GO:BP,3,"Brain, Liver, Lung",0.45519128345921855,2.5993055895134356
GO:0031669,cellular response to nutrient levels,GO:BP,3,"Blood, Brain, Lung",0.4586984245466163,3.1818559426833226
REAC:R-SSC-5673001,RAF/MAP kinase cascade,REAC,3,"Blood, Liver, Lung",0.45894848776110014,2.267066430984718
REAC:R-SSC-5684996,MAPK1/MAPK3 signaling,REAC,3,"Blood, Liver, Lung",0.45947923634118926,2.23896230167499
GO:0006813,potassium ion transport,GO:BP,3,"Brain, Lung, Muscle",0.4611023059528676,2.640222396545435
GO:1901135,carbohydrate derivative metabolic process,GO:BP,3,"Brain, Liver, Lung",0.46130192665716135,1.7096885869626723
GO:0120035,regulation of plasma membrane bounded cell projection organization,GO:BP,3,"Brain, Lung, Muscle",0.4616118269788462,1.9635900520451337
GO:0015980,energy derivation by oxidation of organic compounds,GO:BP,3,"Liver, Lung, Muscle",0.4628875734889439,2.558098447818454
GO:0050863,regulation of T cell activation,GO:BP,3,"Liver, Lung, Muscle",0.46520979774770604,2.5853600356288378
GO:0009101,glycoprotein biosynthetic process,GO:BP,3,"Brain, Liver, Lung",0.46534379229289524,2.608349653151295
GO:0031344,regulation of cell projection organization,GO:BP,3,"Brain, Lung, Muscle",0.46578219537006615,1.9358034003652498
GO:0097191,extrinsic apoptotic signaling pathway,GO:BP,3,"Brain, Liver, Muscle",0.4660865193694391,2.7787313782570817
GO:0098742,cell-cell adhesion via plasma-membrane adhesion molecules,GO:BP,3,"Liver, Lung, Muscle",0.4663371145013125,2.8104277454452014
GO:0008283,cell population proliferation,GO:BP,3,"Brain, Lung, Muscle",0.46889133865913524,1.3853914223631267
REAC:R-SSC-5683057,MAPK family signaling cascades,REAC,3,"Blood, Liver, Lung",0.4693094536139056,2.083957219251337
GO:0006816,calcium ion transport,GO:BP,3,"Liver, Lung, Muscle",0.47055650428048823,2.3290232776031674
GO:0006417,regulation of translation,GO:BP,3,"Brain, Liver, Lung",0.4758452541065202,2.5896200972660885
GO:0016485,protein processing,GO:BP,3,"Blood, Brain, Liver",0.47643092027205225,3.1497644887913356
GO:0032870,cellular response to hormone stimulus,GO:BP,3,"Brain, Lung, Muscle",0.47775765024360384,1.9414996282738541
GO:0048872,homeostasis of number of cells,GO:BP,3,"Brain, Liver, Lung",0.47785365962535836,2.4254764302366283
GO:0044282,small molecule catabolic process,GO:BP,3,"Brain, Liver, Lung",0.48008001323037874,2.496802172632895
GO:0055082,intracellular chemical homeostasis,GO:BP,3,"Blood, Liver, Muscle",0.4817187513887394,1.9774843069190047
GO:0002429,immune response-activating cell surface receptor signaling pathway,GO:BP,3,"Blood, Brain, Muscle",0.48180560614307005,2.6713396126432705
GO:0051054,positive regulation of DNA metabolic process,GO:BP,3,"Brain, Liver, Muscle",0.48258866745070983,2.5605064009070495
GO:0080135,regulation of cellular response to stress,GO:BP,3,"Brain, Liver, Muscle",0.4835355685411848,2.3111815414356998
REAC:R-SSC-1266738,Developmental Biology,REAC,3,"Blood, Lung, Muscle",0.484710435039148,1.96157068803718
GO:0051402,neuron apoptotic process,GO:BP,3,"Blood, Liver, Muscle",0.48707732576929597,2.8286531285327294
GO:0032103,positive regulation of response to external stimulus,GO:BP,3,"Blood, Brain, Lung",0.4914667375435723,1.9632807852343996
GO:0006486,protein glycosylation,GO:BP,3,"Brain, Liver, Lung",0.49179588519674433,2.609351243277372
GO:0043413,macromolecule glycosylation,GO:BP,3,"Brain, Liver, Lung",0.49179588519674433,2.609351243277372
REAC:R-SSC-72203,Processing of Capped Intron-Containing Pre-mRNA,REAC,3,"Brain, Liver, Lung",0.4921944262459675,2.0017371082750794
GO:0002768,immune response-regulating cell surface receptor signaling pathway,GO:BP,3,"Blood, Brain, Muscle",0.493152430785606,2.524964839347749
GO:0051241,negative regulation of multicellular organismal process,GO:BP,3,"Brain, Lung, Muscle",0.4937558450975762,1.5264453504424733
GO:0006260,DNA replication,GO:BP,3,"Blood, Liver, Lung",0.4978488277000032,2.8419619432691325
GO:0000278,mitotic cell cycle,GO:BP,3,"Brain, Liver, Lung",0.49915248153751257,1.6906469826138362
GO:0031347,regulation of defense response,GO:BP,3,"Blood, Brain, Lung",0.5014568683600603,1.8621108952275336
GO:0050890,cognition,GO:BP,3,"Brain, Liver, Lung",0.5023166244750186,2.4580845045366546
GO:0006935,chemotaxis,GO:BP,3,"Blood, Liver, Muscle",0.5033688578982098,2.2307268924560657
GO:0042330,taxis,GO:BP,3,"Blood, Liver, Muscle",0.5039008255634497,2.2174487561914464
GO:0002449,lymphocyte mediated immunity,GO:BP,3,"Brain, Lung, Muscle",0.5079766103826318,2.09245841385966
GO:0070085,glycosylation,GO:BP,3,"Brain, Liver, Lung",0.5118141565511563,2.344808720917454
GO:0062197,cellular response to chemical stress,GO:BP,3,"Blood, Brain, Liver",0.5147279861233178,2.6174099273054763
GO:0002460,adaptive immune response based on somatic recombination of immune receptors built from immunoglobulin superfamily domains,GO:BP,3,"Brain, Lung, Muscle",0.5154408166125437,2.033397087662008
GO:0030217,T cell differentiation,GO:BP,3,"Liver, Lung, Muscle",0.5159093642669862,2.2293688444881767
GO:0001558,regulation of cell growth,GO:BP,3,"Liver, Lung, Muscle",0.5162297949203548,2.2200017485029324
GO:0019725,cellular homeostasis,GO:BP,3,"Blood, Liver, Muscle",0.5184966614644134,1.7232363246008469
GO:0007167,enzyme-linked receptor protein signaling pathway,GO:BP,3,"Brain, Lung, Muscle",0.5234260155068201,1.5513870597206427
GO:0001819,positive regulation of cytokine production,GO:BP,3,"Blood, Brain, Muscle",0.5238077455594949,1.9430690303938942
GO:0034329,cell junction assembly,GO:BP,3,"Blood, Liver, Lung",0.5240381538406202,2.17336318261321
GO:0010975,regulation of neuron projection development,GO:BP,3,"Brain, Lung, Muscle",0.5258688282926748,1.9470365935914211
GO:0031589,cell-substrate adhesion,GO:BP,3,"Blood, Lung, Muscle",0.5262061189698092,2.1459093963319145
GO:0061024,membrane organization,GO:BP,3,"Brain, Liver, Muscle",0.5270098758495714,1.6544782236336704
GO:0009719,response to endogenous stimulus,GO:BP,3,"Brain, Lung, Muscle",0.5271709752120142,1.3303846581275542
GO:0045596,negative regulation of cell differentiation,GO:BP,3,"Blood, Liver, Muscle",0.527242563959552,1.918235978865494
GO:0006066,alcohol metabolic process,GO:BP,3,"Blood, Brain, Lung",0.5336601787605292,2.1860078995534273
GO:0006091,generation of precursor metabolites and energy,GO:BP,3,"Liver, Lung, Muscle",0.5399123197285636,1.8592015244091682
GO:0032102,negative regulation of response to external stimulus,GO:BP,3,"Brain, Lung, Muscle",0.5400164126005055,1.8139657472668276
GO:1903037,regulation of leukocyte cell-cell adhesion,GO:BP,3,"Liver, Lung, Muscle",0.5440730270774057,1.935386139720505
GO:0006511,ubiquitin-dependent protein catabolic process,GO:BP,3,"Brain, Liver, Muscle",0.5461714524071293,1.6047056576237022
GO:0019221,cytokine-mediated signaling pathway,GO:BP,3,"Brain, Lung, Muscle",0.5489745940302242,1.6239130956517565
GO:0019941,modification-dependent protein catabolic process,GO:BP,3,"Brain, Liver, Muscle",0.5499983973812537,1.5712742897565422
GO:0043632,modification-dependent macromolecule catabolic process,GO:BP,3,"Brain, Liver, Muscle",0.5500464234889376,1.5683040169970779
GO:0002697,regulation of immune effector process,GO:BP,3,"Brain, Lung, Muscle",0.5561133967637423,1.7094321279328069
GO:0010256,endomembrane system organization,GO:BP,3,"Brain, Liver, Muscle",0.5587213217841628,1.8094877216710707
GO:0001501,skeletal system development,GO:BP,3,"Brain, Lung, Muscle",0.5610100127600761,1.6676308228088392
GO:0002443,leukocyte mediated immunity,GO:BP,3,"Brain, Lung, Muscle",0.5616948433300697,1.675357068904246
GO:0051248,negative regulation of protein metabolic process,GO:BP,3,"Blood, Brain, Lung",0.563151984939893,1.6772434647396206
GO:0048285,organelle fission,GO:BP,3,"Brain, Liver, Lung",0.5636766756493476,1.6598588701871877
GO:0051050,positive regulation of transport,GO:BP,3,"Brain, Lung, Muscle",0.5640397359855167,1.5475461610671755
GO:0006310,DNA recombination,GO:BP,3,"Brain, Liver, Muscle",0.5659594869822346,1.7528914787571557
GO:0007159,leukocyte cell-cell adhesion,GO:BP,3,"Liver, Lung, Muscle",0.5724393769167124,1.7154558965704476
GO:0007281,germ cell development,GO:BP,3,"Brain, Liver, Muscle",0.5779418679343522,1.6748517896344055
GO:0019953,sexual reproduction,GO:BP,3,"Brain, Liver, Muscle",0.5794876366376688,1.3798760288397003
GO:1903047,mitotic cell cycle process,GO:BP,3,"Brain, Liver, Lung",0.583067507520872,1.4832190524285602
GO:0048667,cell morphogenesis involved in neuron differentiation,GO:BP,3,"Brain, Liver, Lung",0.5842651548390733,1.518023354720846
GO:0042176,regulation of protein catabolic process,GO:BP,3,"Blood, Brain, Liver",0.5879941664054091,1.8399614340464239
GO:0040012,regulation of locomotion,GO:BP,3,"Blood, Brain, Muscle",0.5969056420381453,1.280435325769665
GO:0044772,mitotic cell cycle phase transition,GO:BP,3,"Brain, Liver, Lung",0.5975299888755228,1.5950579700284875
GO:0022412,cellular process involved in reproduction in multicellular organism,GO:BP,3,"Brain, Liver, Muscle",0.6009176154929721,1.542765686350935
GO:0006897,endocytosis,GO:BP,3,"Blood, Liver, Muscle",0.6032515749324442,1.4782991707942976
GO:0060271,cilium assembly,GO:BP,3,"Blood, Liver, Muscle",0.6034044053452874,1.6725948933932662
GO:0044283,small molecule biosynthetic process,GO:BP,3,"Brain, Liver, Lung",0.6035494925327256,1.5141823355503246
GO:0007059,chromosome segregation,GO:BP,3,"Brain, Liver, Lung",0.6052193101738138,1.5560351450736623
GO:0022407,regulation of cell-cell adhesion,GO:BP,3,"Liver, Lung, Muscle",0.6072095503975272,1.4800011656686216
GO:0007264,small GTPase-mediated signal transduction,GO:BP,3,"Brain, Lung, Muscle",0.6077024500884114,1.4007846603893837
GO:0043254,regulation of protein-containing complex assembly,GO:BP,3,"Blood, Brain, Liver",0.6132253114525605,1.6945541474652477
GO:0051052,regulation of DNA metabolic process,GO:BP,3,"Brain, Liver, Muscle",0.6172467814609368,1.4512068919087433
GO:0071495,cellular response to endogenous stimulus,GO:BP,3,"Brain, Lung, Muscle",0.6179798878423819,1.1577723864695568
GO:0061564,axon development,GO:BP,3,"Brain, Lung, Muscle",0.6186178954754449,1.3376193043506048
GO:0051603,proteolysis involved in protein catabolic process,GO:BP,3,"Brain, Liver, Muscle",0.6210029579225613,1.2627592465623352
GO:0045785,positive regulation of cell adhesion,GO:BP,3,"Brain, Liver, Muscle",0.6211146845413628,1.4093853676462433
GO:0010817,regulation of hormone levels,GO:BP,3,"Blood, Brain, Lung",0.6228539519027684,1.48376701990414
GO:0000280,nuclear division,GO:BP,3,"Brain, Liver, Lung",0.6229819656756874,1.4292794731435041
GO:0040008,regulation of growth,GO:BP,3,"Liver, Lung, Muscle",0.6267258394969982,1.3688093682479219
REAC:R-SSC-8953854,Metabolism of RNA,REAC,3,"Brain, Liver, Lung",0.6273993473686712,1.2583666603394446
GO:0010638,positive regulation of organelle organization,GO:BP,3,"Liver, Lung, Muscle",0.633774346954754,1.3376213066929061
GO:0006325,chromatin organization,GO:BP,3,"Brain, Liver, Lung",0.6364906222090659,1.261008971438443
GO:0007276,gamete generation,GO:BP,3,"Brain, Liver, Muscle",0.6367437032547832,1.2374279970487676
GO:0007283,spermatogenesis,GO:BP,3,"Brain, Liver, Muscle",0.639149392470431,1.3076382956503916
GO:0070647,protein modification by small protein conjugation or removal,GO:BP,3,"Blood, Brain, Muscle",0.6455921977824656,1.1531372199361338
GO:0048232,male gamete generation,GO:BP,3,"Brain, Liver, Muscle",0.6511590883502847,1.2507844567090702
REAC:R-SSC-6798695,Neutrophil degranulation,REAC,3,"Blood, Brain, Liver",0.651788115971452,1.237040446350226
GO:0044770,cell cycle phase transition,GO:BP,3,"Brain, Liver, Lung",0.6556271805316248,1.2657300806942475
GO:0043687,post-translational protein modification,GO:BP,3,"Blood, Brain, Muscle",0.6625713804250766,1.104784579201836
GO:0051604,protein maturation,GO:BP,3,"Blood, Brain, Liver",0.6634244801154286,1.3531755206700642
GO:0022603,regulation of anatomical structure morphogenesis,GO:BP,3,"Brain, Liver, Muscle",0.6644352656827202,1.1309367752717652
GO:0048609,multicellular organismal reproductive process,GO:BP,3,"Brain, Liver, Muscle",0.6827568821611207,1.0649501887080965
GO:1902533,positive regulation of intracellular signal transduction,GO:BP,3,"Brain, Lung, Muscle",0.6869973862149084,0.9736425169096867
REAC:R-SSC-1280218,Adaptive Immune System,REAC,3,"Liver, Lung, Muscle",0.6870916455225589,0.9927512737378416
REAC:R-SSC-2262752,Cellular responses to stress,REAC,3,"Brain, Liver, Muscle",0.6942358674441421,1.0389318885448917
REAC:R-SSC-8953897,Cellular responses to stimuli,REAC,3,"Brain, Liver, Muscle",0.6942358674441421,1.0271258443568816
GO:0005975,carbohydrate metabolic process,GO:BP,3,"Brain, Liver, Muscle",0.6968526974027821,1.0748499397214206
GO:1902531,regulation of intracellular signal transduction,GO:BP,3,"Brain, Lung, Muscle",0.7493452486845333,0.7923395407357289
GO:0051726,regulation of cell cycle,GO:BP,3,"Blood, Brain, Liver",0.7603044907495755,0.8791892088058596
GO:0033365,protein localization to organelle,GO:BP,3,"Brain, Liver, Muscle",0.7682592526717144,0.8019337644380946
REAC:R-SSC-212436,Generic Transcription Pathway,REAC,3,"Brain, Liver, Muscle",0.7694895843800439,0.8052971458581272
GO:0050877,nervous system process,GO:BP,3,"Brain, Liver, Lung",0.7732097409226757,0.7714740122565386
GO:0007417,central nervous system development,GO:BP,3,"Liver, Lung, Muscle",0.7895619186017496,0.7558804236676651
GO:0060429,epithelium development,GO:BP,3,"Blood, Liver, Lung",0.7976759547573846,0.7939840729051356
GO:0016071,mRNA metabolic process,GO:BP,3,"Brain, Liver, Lung",0.8265782040455296,0.7090772344727444
GO:0051130,positive regulation of cellular component organization,GO:BP,3,"Liver, Lung, Muscle",0.8303490816473654,0.649889810754856
GO:0006396,RNA processing,GO:BP,3,"Brain, Liver, Lung",0.8858919426272585,0.5824855673050572
GO:0006397,mRNA processing,GO:BP,3,"Brain, Liver, Lung",0.9279581636409024,0.44292729959172933
GO:0055003,cardiac myofibril assembly,GO:BP,2,"Liver, Muscle",0.11151726588200479,63.574205784732094
GO:0002625,regulation of T cell antigen processing and presentation,GO:BP,2,"Brain, Muscle",0.11712530710819125,474.74724602203185
GO:1903711,spermidine transmembrane transport,GO:BP,2,"Blood, Muscle",0.13304080822532593,202.2433398310591
GO:0015848,spermidine transport,GO:BP,2,"Blood, Muscle",0.13798380323943174,151.68250487329433
GO:1902603,carnitine transmembrane transport,GO:BP,2,"Blood, Muscle",0.13879551442082413,86.67571707045391
GO:0014866,skeletal myofibril assembly,GO:BP,2,"Liver, Muscle",0.1448781295198186,85.14402560455191
GO:0015879,carnitine transport,GO:BP,2,"Blood, Muscle",0.14828602515901038,75.84125243664717
GO:0002457,T cell antigen processing and presentation,GO:BP,2,"Brain, Muscle",0.15219618553764466,94.94944920440636
GO:0086042,cardiac muscle cell-cardiac muscle cell adhesion,GO:BP,2,"Blood, Lung",0.15290754640635945,106.06336238198983
GO:0086073,bundle of His cell-Purkinje myocyte adhesion involved in cell communication,GO:BP,2,"Blood, Lung",0.15290754640635945,106.06336238198983
GO:0015838,amino-acid betaine transport,GO:BP,2,"Blood, Muscle",0.15480406262292712,67.41444661035304
REAC:R-SSC-173736,Alternative complement activation,REAC,2,"Brain, Lung",0.15692260830574029,108.58513931888544
GO:0010944,negative regulation of transcription by competitive promoter binding,GO:BP,2,"Liver, Muscle",0.1573135717588149,63.858019203413946
REAC:R-SSC-549127,Organic cation transport,REAC,2,"Blood, Muscle",0.1611787262966543,74.7294034090909
REAC:R-SSC-549132,Organic cation/anion/zwitterion transport,REAC,2,"Blood, Muscle",0.1611787262966543,45.98732517482517
GO:0010832,negative regulation of myotube differentiation,GO:BP,2,"Liver, Muscle",0.16768361006153176,51.086415362731145
GO:0032488,Cdc42 protein signal transduction,GO:BP,2,"Brain, Muscle",0.17145222194948245,39.56227050183598
GO:1902047,polyamine transmembrane transport,GO:BP,2,"Blood, Muscle",0.1719944241786826,55.15727449937975
GO:0002577,regulation of antigen processing and presentation,GO:BP,2,"Brain, Muscle",0.17319622481886104,36.51901892477167
GO:0097164,ammonium ion metabolic process,GO:BP,2,"Lung, Muscle",0.17443021825740065,33.35642414860681
GO:0015697,quaternary ammonium group transport,GO:BP,2,"Blood, Muscle",0.1746041093597777,46.671539961013636
GO:0015846,polyamine transport,GO:BP,2,"Blood, Muscle",0.1746041093597777,46.671539961013636
GO:0043268,positive regulation of potassium ion transport,GO:BP,2,"Lung, Muscle",0.17617023486919126,29.650154798761612
GO:0006213,pyrimidine nucleoside metabolic process,GO:BP,2,"Liver, Lung",0.18114848026577265,54.05143084260731
GO:0006957,"complement activation, alternative pathway",GO:BP,2,"Brain, Lung",0.1826501327412985,45.85430916552667
REAC:R-SSC-438066,"Unblocking of NMDA receptors, glutamate binding and activation",REAC,2,"Blood, Lung",0.184599608520228,30.71094849423023
REAC:R-SSC-181430,Norepinephrine Neurotransmitter Release Cycle,REAC,2,"Blood, Liver",0.1872604486936475,44.88523241464418
GO:0046015,regulation of transcription by glucose,GO:BP,2,"Blood, Brain",0.187413749206084,72.17807924203274
GO:0098911,regulation of ventricular cardiac muscle cell action potential,GO:BP,2,"Blood, Lung",0.18802785158046276,53.03168119099492
REAC:R-SSC-442755,Activation of NMDA receptors and postsynaptic events,REAC,2,"Blood, Lung",0.19010200857087053,20.83957219251337
GO:0032922,circadian regulation of gene expression,GO:BP,2,"Liver, Muscle",0.19310226845513795,13.994581663002716
REAC:R-SSC-5576894,Phase 1 - inactivation of fast Na+ channels,REAC,2,"Brain, Muscle",0.19733695867202955,89.73355263157895
GO:0016358,dendrite development,GO:BP,2,"Brain, Muscle",0.1975609411470372,5.861077111383109
GO:0086069,bundle of His cell to Purkinje myocyte communication,GO:BP,2,"Blood, Lung",0.19927412944913853,42.42534495279593
GO:0170044,non-proteinogenic amino acid catabolic process,GO:BP,2,"Brain, Liver",0.20089322502194823,40.12989733919966
GO:0051497,negative regulation of stress fiber assembly,GO:BP,2,"Brain, Muscle",0.20093977479460018,20.641184609653557
GO:0009163,nucleoside biosynthetic process,GO:BP,2,"Liver, Lung",0.2010269764574285,38.60816488757665
GO:0034404,nucleobase-containing small molecule biosynthetic process,GO:BP,2,"Liver, Lung",0.2010269764574285,38.60816488757665
GO:0045117,azole transmembrane transport,GO:BP,2,"Blood, Brain",0.2028311029768301,44.4172795335586
GO:2001135,regulation of endocytic recycling,GO:BP,2,"Brain, Lung",0.20417108122022165,28.022077823377415
GO:0032232,negative regulation of actin filament bundle assembly,GO:BP,2,"Brain, Muscle",0.20687085100794309,18.989889840881272
REAC:R-SSC-1474228,Degradation of the extracellular matrix,REAC,2,"Blood, Brain",0.20720236045161072,7.8812706555517185
GO:0051154,negative regulation of striated muscle cell differentiation,GO:BP,2,"Liver, Muscle",0.20736459959457662,23.221097892150524
GO:1901659,glycosyl compound biosynthetic process,GO:BP,2,"Liver, Lung",0.20776781117099247,31.794959319180773
GO:0045746,negative regulation of Notch signaling pathway,GO:BP,2,"Lung, Muscle",0.2096459919438521,17.216218915409968
GO:1904019,epithelial cell apoptotic process,GO:BP,2,"Liver, Muscle",0.21324706737907867,12.026593616642959
GO:0098901,regulation of cardiac muscle cell action potential,GO:BP,2,"Blood, Lung",0.21329286948410348,30.303817823425668
KEGG:04710,Circadian rhythm,KEGG,2,"Liver, Muscle",0.21957814015346028,22.858996539792386
GO:0043484,regulation of RNA splicing,GO:BP,2,"Brain, Liver",0.2217604794732907,7.030055008326949
GO:0046717,acid secretion,GO:BP,2,"Liver, Muscle",0.22235771300205115,19.648621293358133
GO:0010591,regulation of lamellipodium assembly,GO:BP,2,"Brain, Muscle",0.2225275137747424,15.824908200734395
GO:0030279,negative regulation of ossification,GO:BP,2,"Brain, Muscle",0.2225275137747424,15.824908200734395
GO:2001239,regulation of extrinsic apoptotic signaling pathway in absence of ligand,GO:BP,2,"Brain, Muscle",0.2225275137747424,15.824908200734395
GO:0045214,sarcomere organization,GO:BP,2,"Liver, Lung",0.22253265504610045,21.636599447744956
GO:0086004,regulation of cardiac muscle cell contraction,GO:BP,2,"Blood, Lung",0.22592917095288798,27.668703230084304
GO:0072337,modified amino acid transport,GO:BP,2,"Blood, Muscle",0.22684692619628574,20.921724810109566
REAC:R-SSC-425366,"Transport of bile salts and organic acids, metal ions and amine compounds",REAC,2,"Blood, Muscle",0.22686345938726415,9.197465034965035
GO:0015872,dopamine transport,GO:BP,2,"Blood, Muscle",0.22733743888533375,20.224333983105915
GO:0170041,non-proteinogenic amino acid metabolic process,GO:BP,2,"Brain, Liver",0.22755378063037612,15.110134814453753
GO:0003007,heart morphogenesis,GO:BP,2,"Blood, Muscle",0.23004998049826525,5.696995488198849
GO:0008637,apoptotic mitochondrial changes,GO:BP,2,"Brain, Muscle",0.23127720447392777,9.955802216595965
REAC:R-SSC-202430,Translocation of ZAP-70 to Immunological synapse,REAC,2,"Lung, Muscle",0.23210910440075283,26.266544117647058
GO:0006515,protein quality control for misfolded or incompletely synthesized proteins,GO:BP,2,"Brain, Liver",0.2335087242892605,21.889034912290725
GO:1903115,regulation of actin filament-based movement,GO:BP,2,"Blood, Lung",0.23407547691091762,25.455206971677562
REAC:R-SSC-202427,Phosphorylation of CD3 and TCR zeta chains,REAC,2,"Lung, Muscle",0.23518933740092796,22.514180672268907
REAC:R-SSC-389948,Co-inhibition by PD-1,REAC,2,"Lung, Muscle",0.23518933740092796,22.514180672268907
GO:1905168,positive regulation of double-strand break repair via homologous recombination,GO:BP,2,"Brain, Muscle",0.23961303434913872,13.187423500611995
GO:0086005,ventricular cardiac muscle cell action potential,GO:BP,2,"Blood, Lung",0.24098737711940194,23.56963608488663
GO:0048255,mRNA stabilization,GO:BP,2,"Liver, Lung",0.241222495127833,15.811361134890547
GO:0001503,ossification,GO:BP,2,"Brain, Muscle",0.24417149388241766,4.031949019575629
REAC:R-SSC-202433,Generation of second messenger molecules,REAC,2,"Lung, Muscle",0.2449044851100065,17.511029411764703
GO:0051646,mitochondrion localization,GO:BP,2,"Brain, Muscle",0.24610549165201165,12.493348579527153
GO:0043489,RNA stabilization,GO:BP,2,"Liver, Lung",0.24687944864082706,13.935436932445905
GO:1902373,negative regulation of mRNA catabolic process,GO:BP,2,"Liver, Lung",0.24687944864082706,13.935436932445905
GO:0051937,catecholamine transport,GO:BP,2,"Blood, Muscle",0.24801316074232369,15.557179987004547
GO:0010830,regulation of myotube differentiation,GO:BP,2,"Liver, Muscle",0.2484469699003538,14.596118675066043
GO:1902743,regulation of lamellipodium organization,GO:BP,2,"Brain, Muscle",0.24869821133288128,11.868681150550795
GO:0086065,cell communication involved in cardiac conduction,GO:BP,2,"Blood, Lung",0.2512658933946641,19.284247705816334
GO:0098900,regulation of action potential,GO:BP,2,"Blood, Lung",0.2512658933946641,19.284247705816334
GO:0086091,regulation of heart rate by cardiac conduction,GO:BP,2,"Blood, Lung",0.2525472199499206,18.71706394976291
GO:0043266,regulation of potassium ion transport,GO:BP,2,"Lung, Muscle",0.252950352503989,10.891893599545082
GO:1902369,negative regulation of RNA catabolic process,GO:BP,2,"Liver, Lung",0.25455777970518845,11.915808391511716
GO:0097553,calcium ion transmembrane import into cytosol,GO:BP,2,"Lung, Muscle",0.2561496190458245,6.892360545326163
REAC:R-SSC-1234174,Cellular response to hypoxia,REAC,2,"Liver, Muscle",0.2577217054052542,8.755514705882351
REAC:R-SSC-1234176,Oxygen-dependent proline hydroxylation of Hypoxia-inducible Factor Alpha,REAC,2,"Liver, Muscle",0.2577217054052542,9.648934573829532
REAC:R-SSC-174084,Autodegradation of Cdh1 by Cdh1:APC/C,REAC,2,"Liver, Muscle",0.2577217054052542,10.506617647058823
REAC:R-SSC-174154,APC/C:Cdc20 mediated degradation of Securin,REAC,2,"Liver, Muscle",0.2577217054052542,9.648934573829532
REAC:R-SSC-174178,APC/C:Cdh1 mediated degradation of Cdc20 and other APC/C:Cdh1 targeted proteins in late mitosis/early G1,REAC,2,"Liver, Muscle",0.2577217054052542,8.596323529411766
REAC:R-SSC-174184,Cdc20:Phospho-APC/C mediated degradation of Cyclin A,REAC,2,"Liver, Muscle",0.2577217054052542,8.920713096559378
REAC:R-SSC-176409,APC/C:Cdc20 mediated degradation of mitotic proteins,REAC,2,"Liver, Muscle",0.2577217054052542,8.596323529411766
REAC:R-SSC-176814,Activation of APC/C and APC/C:Cdc20 mediated degradation of mitotic proteins,REAC,2,"Liver, Muscle",0.2577217054052542,8.44281775210084
REAC:R-SSC-179419,APC:Cdc20 mediated degradation of cell cycle proteins prior to satisfation of the cell cycle checkpoint,REAC,2,"Liver, Muscle",0.2577217054052542,8.920713096559378
REAC:R-SSC-69017,CDK-mediated phosphorylation and removal of Cdc6,REAC,2,"Liver, Muscle",0.2577217054052542,8.755514705882351
REAC:R-SSC-9748784,Drug ADME,REAC,2,"Blood, Liver",0.2579976415931357,6.7069887516134985
GO:0032623,interleukin-2 production,GO:BP,2,"Lung, Muscle",0.2603500318198305,9.883384932920537
GO:0032663,regulation of interleukin-2 production,GO:BP,2,"Lung, Muscle",0.2603500318198305,9.883384932920537
GO:1904035,regulation of epithelial cell apoptotic process,GO:BP,2,"Liver, Muscle",0.2614589545373158,12.771603840682786
GO:0014902,myotube differentiation,GO:BP,2,"Liver, Muscle",0.26229681850565906,7.546097955540681
GO:0003179,heart valve morphogenesis,GO:BP,2,"Blood, Muscle",0.2634557702122512,12.909149350918668
GO:0086002,cardiac muscle cell action potential involved in contraction,GO:BP,2,"Blood, Lung",0.2641250314781431,16.74684669189313
GO:0002218,activation of innate immune response,GO:BP,2,"Brain, Lung",0.26513857946964153,4.463693812573393
GO:1903312,negative regulation of mRNA metabolic process,GO:BP,2,"Liver, Lung",0.2651862405886014,10.818299723872478
GO:0045088,regulation of innate immune response,GO:BP,2,"Brain, Lung",0.2668146946030215,3.9105190067570375
GO:0015844,monoamine transport,GO:BP,2,"Blood, Muscle",0.26758901242451905,11.896667048885831
GO:0009116,nucleoside metabolic process,GO:BP,2,"Liver, Lung",0.2694042206281073,15.0142863451687
GO:0097192,extrinsic apoptotic signaling pathway in absence of ligand,GO:BP,2,"Brain, Muscle",0.26974507629349387,9.890567625458996
GO:0055008,cardiac muscle tissue morphogenesis,GO:BP,2,"Blood, Muscle",0.2698143799476129,11.667884990253409
GO:0001504,neurotransmitter uptake,GO:BP,2,"Blood, Brain",0.26997888469803355,17.497716179886723
GO:0051148,negative regulation of muscle cell differentiation,GO:BP,2,"Liver, Muscle",0.27232212693596924,11.610548946075262
GO:0038034,signal transduction in absence of ligand,GO:BP,2,"Brain, Muscle",0.27407532906342597,9.494944920440636
REAC:R-SSC-174143,APC/C-mediated degradation of cell cycle proteins,REAC,2,"Liver, Muscle",0.27503147798528715,7.163602941176471
REAC:R-SSC-453276,Regulation of mitotic cell cycle,REAC,2,"Liver, Muscle",0.27503147798528715,7.163602941176471
GO:0034113,heterotypic cell-cell adhesion,GO:BP,2,"Blood, Lung",0.2751391321273571,15.151908911712834
GO:0099072,regulation of postsynaptic membrane neurotransmitter receptor levels,GO:BP,2,"Blood, Brain",0.27572017528029447,9.413477225515528
GO:0003170,heart valve development,GO:BP,2,"Blood, Muscle",0.27604718683422136,11.031454899875952
GO:0090090,negative regulation of canonical Wnt signaling pathway,GO:BP,2,"Brain, Muscle",0.27794131528185695,6.159097981453437
GO:0045861,negative regulation of proteolysis,GO:BP,2,"Blood, Brain",0.27822063622573545,8.890506268542445
GO:0009409,response to cold,GO:BP,2,"Brain, Liver",0.2784232983073791,15.048711502199875
GO:0060415,muscle tissue morphogenesis,GO:BP,2,"Blood, Muscle",0.27872791046740286,10.644386306897847
REAC:R-SSC-163125,Post-translational modification: synthesis of GPI-anchored proteins,REAC,2,"Liver, Muscle",0.2791341219264649,6.5666360294117645
REAC:R-SSC-69052,Switching of origins to a post-replicative state,REAC,2,"Liver, Muscle",0.2791341219264649,6.5666360294117645
KEGG:00830,Retinol metabolism,KEGG,2,"Blood, Liver",0.27931377865029616,10.134588068181818
KEGG:04976,Bile secretion,KEGG,2,"Blood, Liver",0.27931377865029616,7.6307486631016035
GO:0042462,eye photoreceptor cell development,GO:BP,2,"Blood, Liver",0.27991469905452593,19.791662630372308
GO:0030032,lamellipodium assembly,GO:BP,2,"Brain, Muscle",0.28025763998469166,8.957495207962864
GO:0010761,fibroblast migration,GO:BP,2,"Liver, Lung",0.2804785024463772,13.859341241694182
KEGG:00053,Ascorbate and aldarate metabolism,KEGG,2,"Liver, Lung",0.28052908248579067,22.75486111111111
KEGG:00240,Pyrimidine metabolism,KEGG,2,"Liver, Lung",0.28052908248579067,10.502243589743589
KEGG:00330,Arginine and proline metabolism,KEGG,2,"Liver, Lung",0.28052908248579067,10.922333333333334
KEGG:00510,N-Glycan biosynthesis,KEGG,2,"Liver, Lung",0.28052908248579067,10.708169934640523
KEGG:00513,Various types of N-glycan biosynthesis,KEGG,2,"Liver, Lung",0.28052908248579067,13.319918699186992
KEGG:01232,Nucleotide metabolism,KEGG,2,"Liver, Lung",0.28052908248579067,6.912869198312237
REAC:R-SSC-2672351,Stimuli-sensing channels,REAC,2,"Liver, Muscle",0.28245163216119146,6.140231092436975
REAC:R-SSC-210500,Glutamate Neurotransmitter Release Cycle,REAC,2,"Brain, Liver",0.28422722261921807,21.71702786377709
GO:0055117,regulation of cardiac muscle contraction,GO:BP,2,"Blood, Lung",0.285318256855409,12.987350495753859
GO:0086001,cardiac muscle cell action potential,GO:BP,2,"Blood, Lung",0.285318256855409,12.987350495753859
GO:0042129,regulation of T cell proliferation,GO:BP,2,"Lung, Muscle",0.2853204122473716,5.742107443422142
GO:0031401,positive regulation of protein modification process,GO:BP,2,"Brain, Muscle",0.285329896839805,3.5166462668298655
GO:0046635,positive regulation of alpha-beta T cell activation,GO:BP,2,"Liver, Muscle",0.28545561871278896,10.425799053618604
REAC:R-SSC-388841,Regulation of T cell activation by CD28 family,REAC,2,"Lung, Muscle",0.286964553471727,9.648934573829532
GO:0060996,dendritic spine development,GO:BP,2,"Brain, Muscle",0.28774820044564925,8.477629393250567
GO:0010977,negative regulation of neuron projection development,GO:BP,2,"Lung, Muscle",0.2885135071443202,7.965713229518045
GO:0006956,complement activation,GO:BP,2,"Brain, Lung",0.2888861165006267,10.731859591931775
REAC:R-SSC-6809371,Formation of the cornified envelope,REAC,2,"Blood, Lung",0.2901086702359448,7.2038027332144985
GO:0006839,mitochondrial transport,GO:BP,2,"Brain, Muscle",0.2909560688809756,5.423683297100787
GO:2000781,positive regulation of double-strand break repair,GO:BP,2,"Brain, Muscle",0.29153788769716527,8.046563491898844
GO:0030317,flagellated sperm motility,GO:BP,2,"Blood, Muscle",0.29300247404836877,5.649712732122704
GO:0097722,sperm motility,GO:BP,2,"Blood, Muscle",0.29300247404836877,5.649712732122704
KEGG:00500,Starch and sucrose metabolism,KEGG,2,"Liver, Muscle",0.2954545138205878,15.086937716262975
GO:0001895,retina homeostasis,GO:BP,2,"Liver, Lung",0.29644332123146205,12.01142907613496
GO:0007338,single fertilization,GO:BP,2,"Liver, Muscle",0.29908317203056817,6.103123755334281
GO:0030178,negative regulation of Wnt signaling pathway,GO:BP,2,"Brain, Muscle",0.2991345759424442,5.154422424195075
REAC:R-SSC-8939236,RUNX1 regulates transcription of genes involved in differentiation of HSCs,REAC,2,"Brain, Liver",0.30038726302880614,8.043343653250773
GO:0002831,regulation of response to biotic stimulus,GO:BP,2,"Brain, Lung",0.3004509905346767,3.250557360780409
GO:0042098,T cell proliferation,GO:BP,2,"Lung, Muscle",0.30071254181722523,4.824729331159434
REAC:R-SSC-5576891,Cardiac conduction,REAC,2,"Brain, Muscle",0.3011543550708913,8.874746963562753
GO:0030834,regulation of actin filament depolymerization,GO:BP,2,"Liver, Lung",0.3015223232037035,11.5003044345973
GO:0051153,regulation of striated muscle cell differentiation,GO:BP,2,"Liver, Muscle",0.3022313018166598,8.80800264874675
GO:0060294,cilium movement involved in cell motility,GO:BP,2,"Blood, Muscle",0.30302438835120415,5.173230935437656
GO:0045089,positive regulation of innate immune response,GO:BP,2,"Brain, Lung",0.3031479544561655,3.641858489680819
GO:0070613,regulation of protein processing,GO:BP,2,"Blood, Liver",0.3032639580020668,15.338538538538538
GO:0006081,aldehyde metabolic process,GO:BP,2,"Blood, Lung",0.3043086832505697,10.606336238198983
GO:0072527,pyrimidine-containing compound metabolic process,GO:BP,2,"Liver, Lung",0.3048604269147234,11.03090425359333
GO:0030003,intracellular monoatomic cation homeostasis,GO:BP,2,"Liver, Muscle",0.3050562783700322,3.0399871671696816
GO:0001754,eye photoreceptor cell differentiation,GO:BP,2,"Blood, Liver",0.30645728118534477,14.608131941465276
GO:0031648,protein destabilization,GO:BP,2,"Brain, Liver",0.30686498311311106,11.199041117916185
GO:1903317,regulation of protein maturation,GO:BP,2,"Blood, Liver",0.3074225449044439,14.268407942826546
GO:0045911,positive regulation of DNA recombination,GO:BP,2,"Brain, Muscle",0.3076093255208744,7.085779791373609
GO:0006873,intracellular monoatomic ion homeostasis,GO:BP,2,"Liver, Muscle",0.3076155498678817,2.9830319040845357
GO:0001539,cilium or flagellum-dependent cell motility,GO:BP,2,"Blood, Muscle",0.3076708833821784,5.021966872997959
GO:0060285,cilium-dependent cell motility,GO:BP,2,"Blood, Muscle",0.3076708833821784,5.021966872997959
REAC:R-SSC-69239,Synthesis of DNA,REAC,2,"Liver, Muscle",0.30781073296287076,4.924977022058824
GO:0019233,sensory perception of pain,GO:BP,2,"Liver, Lung",0.30792918689482196,10.598319773060258
GO:1901657,glycosyl compound metabolic process,GO:BP,2,"Liver, Lung",0.30792918689482196,10.598319773060258
GO:0008593,regulation of Notch signaling pathway,GO:BP,2,"Lung, Muscle",0.3081689657463781,6.931205017892324
GO:0031099,regeneration,GO:BP,2,"Lung, Muscle",0.30910906216996475,6.755731473135556
GO:0033077,T cell differentiation in thymus,GO:BP,2,"Lung, Muscle",0.30910906216996475,6.755731473135556
GO:0030042,actin filament depolymerization,GO:BP,2,"Liver, Lung",0.3092580701464965,10.394505931270636
GO:0097581,lamellipodium organization,GO:BP,2,"Brain, Muscle",0.3100713335039462,6.98157714738282
GO:0042461,photoreceptor cell development,GO:BP,2,"Blood, Liver",0.3108297381173134,13.634256478700923
GO:0043113,receptor clustering,GO:BP,2,"Blood, Liver",0.3108297381173134,13.634256478700923
REAC:R-SSC-6805567,Keratinization,REAC,2,"Blood, Lung",0.3110322842829122,5.3532845999116905
GO:0006942,regulation of striated muscle contraction,GO:BP,2,"Blood, Lung",0.3115858818812416,9.790464219875984
GO:0043500,muscle adaptation,GO:BP,2,"Liver, Muscle",0.31185543976116303,8.239744413343734
GO:0051492,regulation of stress fiber assembly,GO:BP,2,"Brain, Muscle",0.31208717737684977,6.782103514600454
GO:0003018,vascular process in circulatory system,GO:BP,2,"Liver, Lung",0.3121513351208505,5.669164157900078
GO:0042116,macrophage activation,GO:BP,2,"Blood, Lung",0.3129688245459518,9.498211556596104
GO:0045824,negative regulation of innate immune response,GO:BP,2,"Brain, Lung",0.3163245903565607,8.135441948722475
GO:0002709,regulation of T cell mediated immunity,GO:BP,2,"Brain, Muscle",0.31669281745424616,6.503386931808654
GO:0001934,positive regulation of protein phosphorylation,GO:BP,2,"Brain, Muscle",0.31672682599274826,4.278945866592577
REAC:R-SSC-5632684,Hedgehog 'on' state,REAC,2,"Liver, Lung",0.3168186755063567,6.6445012787723785
GO:0043270,positive regulation of monoatomic ion transport,GO:BP,2,"Lung, Muscle",0.3169427300600595,6.205846353229174
GO:0050670,regulation of lymphocyte proliferation,GO:BP,2,"Lung, Muscle",0.31698028873967127,4.50485777329251
GO:0010569,regulation of double-strand break repair via homologous recombination,GO:BP,2,"Brain, Muscle",0.31818935923760855,6.415503324622051
REAC:R-SSC-112314,Neurotransmitter receptors and postsynaptic signal transmission,REAC,2,"Blood, Lung",0.31890595929132803,4.862566844919786
GO:0002833,positive regulation of response to biotic stimulus,GO:BP,2,"Brain, Lung",0.3194030775545281,3.36264933880529
GO:0034308,primary alcohol metabolic process,GO:BP,2,"Blood, Lung",0.32004302622344327,8.963101046365338
GO:0050886,endocrine process,GO:BP,2,"Blood, Lung",0.32004302622344327,8.963101046365338
KEGG:05412,Arrhythmogenic right ventricular cardiomyopathy,KEGG,2,"Blood, Lung",0.3208337154378845,11.562158167036216
GO:0032944,regulation of mononuclear cell proliferation,GO:BP,2,"Lung, Muscle",0.32089775519740826,4.407455443059158
GO:0043488,regulation of mRNA stability,GO:BP,2,"Liver, Lung",0.32131950110411966,6.045520433928738
GO:0050731,positive regulation of peptidyl-tyrosine phosphorylation,GO:BP,2,"Brain, Muscle",0.32380011861833546,6.165548649636777
GO:0110020,regulation of actomyosin structure organization,GO:BP,2,"Brain, Muscle",0.32380011861833546,6.165548649636777
GO:0120162,positive regulation of cold-induced thermogenesis,GO:BP,2,"Liver, Muscle",0.32425429101133724,7.298059337533021
REAC:R-SSC-68867,Assembly of the pre-replicative complex,REAC,2,"Liver, Muscle",0.32444534489757226,4.377757352941176
GO:0097120,receptor localization to synapse,GO:BP,2,"Blood, Brain",0.3245339912360178,9.623743898937697
GO:0007040,lysosome organization,GO:BP,2,"Brain, Muscle",0.3251674461401154,6.0865031541286125
GO:0080171,lytic vacuole organization,GO:BP,2,"Brain, Muscle",0.3251674461401154,6.0865031541286125
GO:0009566,fertilization,GO:BP,2,"Liver, Muscle",0.32520136747430156,4.798053266772233
GO:0002027,regulation of heart rate,GO:BP,2,"Blood, Lung",0.325310881660535,8.71753663413615
KEGG:04721,Synaptic vesicle cycle,KEGG,2,"Brain, Liver",0.3254725786673427,6.12609649122807
KEGG:03010,Ribosome,KEGG,2,"Blood, Lung",0.3263221300606267,5.124848484848485
GO:0006487,protein N-linked glycosylation,GO:BP,2,"Liver, Lung",0.3263747387188901,9.00857180710122
GO:0019226,transmission of nerve impulse,GO:BP,2,"Liver, Lung",0.3263747387188901,9.00857180710122
GO:0044042,glucan metabolic process,GO:BP,2,"Liver, Muscle",0.3270742526725151,7.195269769398754
GO:0060291,long-term synaptic potentiation,GO:BP,2,"Blood, Brain",0.3273785857085536,9.022259905254092
GO:0090130,tissue migration,GO:BP,2,"Brain, Muscle",0.3276699818943323,5.934340575275398
KEGG:00190,Oxidative phosphorylation,KEGG,2,"Liver, Lung",0.3283915897959872,4.106140350877193
KEGG:04723,Retrograde endocannabinoid signaling,KEGG,2,"Liver, Lung",0.32877722150930033,3.7405251141552514
GO:0043487,regulation of RNA stability,GO:BP,2,"Liver, Lung",0.32919738567712364,5.670281234581438
GO:0035967,cellular response to topologically incorrect protein,GO:BP,2,"Brain, Muscle",0.3295202200690567,5.861077111383109
GO:0019882,antigen processing and presentation,GO:BP,2,"Brain, Muscle",0.3299784476481829,5.78960056124429
GO:2001234,negative regulation of apoptotic signaling pathway,GO:BP,2,"Brain, Muscle",0.3304569387550218,4.060187496153662
REAC:R-SSC-15869,Metabolism of nucleotides,REAC,2,"Liver, Lung",0.3311006160315416,5.3937716262975774
REAC:R-SSC-5610787,Hedgehog 'off' state,REAC,2,"Liver, Lung",0.3311006160315416,5.209893048128342
GO:0070663,regulation of leukocyte proliferation,GO:BP,2,"Lung, Muscle",0.331132167228265,4.097383200833891
GO:0032231,regulation of actin filament bundle assembly,GO:BP,2,"Brain, Muscle",0.3312420269483387,5.719846337614841
GO:1903432,regulation of TORC1 signaling,GO:BP,2,"Brain, Muscle",0.33136746228827696,5.520316814209672
GO:1990542,mitochondrial transmembrane transport,GO:BP,2,"Brain, Muscle",0.33136746228827696,5.520316814209672
GO:0061013,regulation of mRNA catabolic process,GO:BP,2,"Liver, Lung",0.3318324365271282,5.518058919559117
GO:0060042,retina morphogenesis in camera-type eye,GO:BP,2,"Blood, Liver",0.33188403461420135,10.956098956098955
GO:0002260,lymphocyte homeostasis,GO:BP,2,"Liver, Lung",0.33222988446461577,8.579592197239258
GO:0000423,mitophagy,GO:BP,2,"Brain, Liver",0.3324277293869661,9.260745539815307
GO:0007044,cell-substrate junction assembly,GO:BP,2,"Liver, Lung",0.33437917371635884,8.31560474501651
GO:0046530,photoreceptor cell differentiation,GO:BP,2,"Blood, Liver",0.3344230511885071,10.578302440371406
GO:0003341,cilium movement,GO:BP,2,"Blood, Muscle",0.33506250953694966,4.337153208498238
GO:0010959,regulation of metal ion transport,GO:BP,2,"Lung, Muscle",0.33569362855480717,3.6716313185382368
KEGG:04215,Apoptosis - multiple species,KEGG,2,"Blood, Muscle",0.3357591467726816,19.183924809593258
REAC:R-SSC-1483206,Glycerophospholipid biosynthesis,REAC,2,"Lung, Muscle",0.33831957692049885,4.546132635746606
GO:0006874,intracellular calcium ion homeostasis,GO:BP,2,"Liver, Muscle",0.3385292434655332,4.337251218830167
GO:0003407,neural retina development,GO:BP,2,"Blood, Liver",0.339166601225252,9.895831315186154
GO:0034219,carbohydrate transmembrane transport,GO:BP,2,"Lung, Muscle",0.3395793316637038,5.33702786377709
GO:0031345,negative regulation of cell projection organization,GO:BP,2,"Lung, Muscle",0.3406116839670099,5.284186003739693
GO:0150115,cell-substrate junction organization,GO:BP,2,"Liver, Lung",0.34079078904353266,7.7216329775153305
GO:0016055,Wnt signaling pathway,GO:BP,2,"Brain, Muscle",0.34100116266184266,2.6448314541617375
REAC:R-SSC-211945,Phase I - Functionalization of compounds,REAC,2,"Liver, Lung",0.3420270192746959,4.6310160427807485
GO:0043161,proteasome-mediated ubiquitin-dependent protein catabolic process,GO:BP,2,"Liver, Muscle",0.34238796995486476,2.996270695761358
KEGG:04660,T cell receptor signaling pathway,KEGG,2,"Lung, Muscle",0.3424628652309183,6.66049941344059
GO:0042327,positive regulation of phosphorylation,GO:BP,2,"Brain, Muscle",0.34284492194715155,3.7905879144271193
GO:0038202,TORC1 signaling,GO:BP,2,"Brain, Muscle",0.34383561555111286,5.160296152413389
GO:0005976,polysaccharide metabolic process,GO:BP,2,"Liver, Muscle",0.34442265093436475,6.385801920341393
GO:0071229,cellular response to acid chemical,GO:BP,2,"Blood, Liver",0.34459764385482705,9.296083962750629
REAC:R-SSC-69002,DNA Replication Pre-Initiation,REAC,2,"Liver, Muscle",0.3446224889942431,3.9074197860962565
REAC:R-SSC-69242,S Phase,REAC,2,"Liver, Muscle",0.3446224889942431,3.9074197860962565
GO:0008643,carbohydrate transport,GO:BP,2,"Lung, Muscle",0.3461812700495879,5.082883679787704
GO:0046634,regulation of alpha-beta T cell activation,GO:BP,2,"Liver, Muscle",0.34659651127519475,6.306964859596439
GO:1901880,negative regulation of protein depolymerization,GO:BP,2,"Brain, Liver",0.3474909320223014,7.894406033940918
GO:0045109,intermediate filament organization,GO:BP,2,"Blood, Liver",0.3475212173386447,9.022669728552081
GO:0003231,cardiac ventricle development,GO:BP,2,"Blood, Muscle",0.3478800754898378,6.067300194931773
GO:0000380,"alternative mRNA splicing, via spliceosome",GO:BP,2,"Brain, Liver",0.34868018990707694,7.643789969371365
GO:0003002,regionalization,GO:BP,2,"Liver, Muscle",0.3491801013850512,2.9026372365188156
GO:0030278,regulation of ossification,GO:BP,2,"Brain, Muscle",0.3491955984154393,4.997339431810861
GO:0035966,response to topologically incorrect protein,GO:BP,2,"Brain, Muscle",0.34982884974835426,4.945283812729498
KEGG:00564,Glycerophospholipid metabolism,KEGG,2,"Lung, Muscle",0.3499892340509984,5.526797385620915
KEGG:04012,ErbB signaling pathway,KEGG,2,"Lung, Muscle",0.3499892340509984,6.316339869281045
GO:0002832,negative regulation of response to biotic stimulus,GO:BP,2,"Brain, Lung",0.3507043924776886,5.865086056055738
GO:0006959,humoral immune response,GO:BP,2,"Brain, Lung",0.35120242727147255,3.9303693570451435
KEGG:04814,Motor proteins,KEGG,2,"Lung, Muscle",0.35146842784219706,4.353510789790777
GO:0033500,carbohydrate homeostasis,GO:BP,2,"Blood, Brain",0.35200862332113625,5.266261794576076
GO:0042593,glucose homeostasis,GO:BP,2,"Blood, Brain",0.35200862332113625,5.266261794576076
GO:0010506,regulation of autophagy,GO:BP,2,"Brain, Muscle",0.3521302616162572,3.666092057717722
REAC:R-SSC-201681,TCF dependent signaling in response to WNT,REAC,2,"Liver, Muscle",0.3522453212328911,3.7228172765169063
GO:0060828,regulation of canonical Wnt signaling pathway,GO:BP,2,"Brain, Muscle",0.35464533799532716,3.412082449819275
GO:0003206,cardiac chamber morphogenesis,GO:BP,2,"Blood, Muscle",0.3549621837450393,5.7783811380302605
KEGG:03013,Nucleocytoplasmic transport,KEGG,2,"Lung, Muscle",0.35547764867374054,5.005401405845357
GO:1901605,alpha-amino acid metabolic process,GO:BP,2,"Brain, Liver",0.355645293189163,4.381045005374165
GO:0045216,cell-cell junction organization,GO:BP,2,"Blood, Liver",0.35594190630499917,4.873627817761896
REAC:R-SSC-983712,Ion channel transport,REAC,2,"Liver, Muscle",0.3571233287010537,3.5818014705882355
GO:0072331,signal transduction by p53 class mediator,GO:BP,2,"Lung, Muscle",0.35896756231289845,4.600886089463009
GO:0043242,negative regulation of protein-containing complex disassembly,GO:BP,2,"Brain, Liver",0.35918045168213403,6.979112580730376
REAC:R-SSC-5358351,Signaling by Hedgehog,REAC,2,"Liver, Lung",0.3598130304250578,3.885343968095713
GO:0030902,hindbrain development,GO:BP,2,"Lung, Muscle",0.3602142536996224,4.522904969302618
GO:2000779,regulation of double-strand break repair,GO:BP,2,"Brain, Muscle",0.3604091347559957,4.654384764921881
GO:0043269,regulation of monoatomic ion transport,GO:BP,2,"Lung, Muscle",0.36447576733859605,3.1179726276475503
REAC:R-SSC-8957275,Post-translational protein phosphorylation,REAC,2,"Brain, Muscle",0.36492393590257255,4.722818559556787
KEGG:04140,Autophagy - animal,KEGG,2,"Blood, Brain",0.36577721161943655,3.615413393191171
REAC:R-SSC-381426,Regulation of Insulin-like Growth Factor (IGF) transport and uptake by Insulin-like Growth Factor Binding Proteins (IGFBPs),REAC,2,"Brain, Muscle",0.3666364567710919,4.442255080771234
KEGG:00310,Lysine degradation,KEGG,2,"Brain, Lung",0.36699251545493106,7.793548387096774
KEGG:05221,Acute myeloid leukemia,KEGG,2,"Brain, Lung",0.36699251545493106,7.32121212121212
REAC:R-SSC-73887,Death Receptor Signaling,REAC,2,"Lung, Muscle",0.3669941918000834,3.636906108597285
GO:0045598,regulation of fat cell differentiation,GO:BP,2,"Brain, Muscle",0.3675376610200338,4.436890149738615
GO:0001776,leukocyte homeostasis,GO:BP,2,"Liver, Lung",0.3686734678472914,6.358991863836154
GO:0007229,integrin-mediated signaling pathway,GO:BP,2,"Brain, Lung",0.3696427018928107,5.199973204338076
GO:0045333,cellular respiration,GO:BP,2,"Liver, Lung",0.3704213708816754,4.120371887958304
GO:0000422,autophagy of mitochondrion,GO:BP,2,"Brain, Liver",0.3709822145303836,6.336299579873631
KEGG:05208,Chemical carcinogenesis - reactive oxygen species,KEGG,2,"Lung, Muscle",0.37105463854528076,3.6929055258467023
GO:0006937,regulation of muscle contraction,GO:BP,2,"Blood, Lung",0.37108559796527374,5.892409021221657
GO:0001101,response to acid chemical,GO:BP,2,"Blood, Liver",0.37127566093998376,7.669269269269269
GO:0042177,negative regulation of protein catabolic process,GO:BP,2,"Blood, Brain",0.37158858784759574,6.208867031572709
GO:0060485,mesenchyme development,GO:BP,2,"Brain, Muscle",0.3717445583290037,3.105869922271391
KEGG:04068,FoxO signaling pathway,KEGG,2,"Brain, Lung",0.3724809300776732,3.7169230769230768
KEGG:04910,Insulin signaling pathway,KEGG,2,"Brain, Lung",0.3724809300776732,3.579259259259259
KEGG:04935,"Growth hormone synthesis, secretion and action",KEGG,2,"Brain, Lung",0.3724809300776732,4.1299145299145295
KEGG:05034,Alcoholism,KEGG,2,"Brain, Lung",0.3724809300776732,3.0012422360248445
GO:0007389,pattern specification process,GO:BP,2,"Liver, Muscle",0.37330549901343624,2.640124824947346
GO:0051147,regulation of muscle cell differentiation,GO:BP,2,"Liver, Muscle",0.37330549901343624,5.16024397603345
GO:1990138,neuron projection extension,GO:BP,2,"Liver, Muscle",0.37357705253968826,5.108641536273115
GO:0006402,mRNA catabolic process,GO:BP,2,"Liver, Lung",0.37423677298174846,4.030346955952492
GO:2000146,negative regulation of cell motility,GO:BP,2,"Brain, Muscle",0.37487117175921064,3.2744984800684973
GO:0034614,cellular response to reactive oxygen species,GO:BP,2,"Blood, Brain",0.37511102083630576,6.01483993683606
GO:0071695,anatomical structure maturation,GO:BP,2,"Brain, Muscle",0.37546076286023056,3.2591970853018224
REAC:R-SSC-5689880,Ub-specific processing proteases,REAC,2,"Blood, Liver",0.3760068572466309,3.45271018574186
GO:0003014,renal system process,GO:BP,2,"Blood, Liver",0.37607974569807623,7.2181357828416655
GO:0007266,Rho protein signal transduction,GO:BP,2,"Brain, Muscle",0.3765910760933831,4.201303062141874
GO:0045104,intermediate filament cytoskeleton organization,GO:BP,2,"Blood, Liver",0.377125674310245,7.05220162691427
REAC:R-SSC-69306,DNA Replication,REAC,2,"Liver, Muscle",0.3772985909126932,3.194579689984102
GO:0010562,positive regulation of phosphorus metabolic process,GO:BP,2,"Brain, Muscle",0.37731768710115066,3.199395303920137
GO:0045937,positive regulation of phosphate metabolic process,GO:BP,2,"Brain, Muscle",0.37731768710115066,3.199395303920137
KEGG:04714,Thermogenesis,KEGG,2,"Liver, Lung",0.37762766696054284,3.663643067846608
GO:0045103,intermediate filament-based process,GO:BP,2,"Blood, Liver",0.37827686701442986,6.972062972062972
REAC:R-SSC-2467813,Separation of Sister Chromatids,REAC,2,"Liver, Muscle",0.37857301637208257,3.1311112193221655
KEGG:05171,Coronavirus disease - COVID-19,KEGG,2,"Blood, Lung",0.37876092015360696,2.9093026333201006
GO:0046651,lymphocyte proliferation,GO:BP,2,"Lung, Muscle",0.3789572590954936,3.287819584540098
GO:0008584,male gonad development,GO:BP,2,"Brain, Lung",0.37909496900204687,4.803784769721842
GO:0032388,positive regulation of intracellular transport,GO:BP,2,"Brain, Lung",0.37909496900204687,4.803784769721842
GO:0046546,development of primary male sexual characteristics,GO:BP,2,"Brain, Lung",0.3793128066776865,4.758466045479183
GO:0007368,determination of left/right symmetry,GO:BP,2,"Liver, Muscle",0.37968661034464096,4.912155323339533
GO:0003205,cardiac chamber development,GO:BP,2,"Blood, Muscle",0.3815530668175159,4.561879845813364
GO:0007029,endoplasmic reticulum organization,GO:BP,2,"Brain, Liver",0.38159931273373615,5.872667903297513
GO:0000018,regulation of DNA recombination,GO:BP,2,"Brain, Muscle",0.38163983839610016,4.023281745949422
GO:0050730,regulation of peptidyl-tyrosine phosphorylation,GO:BP,2,"Brain, Muscle",0.3818441701599006,3.989472655647326
KEGG:04022,cGMP-PKG signaling pathway,KEGG,2,"Brain, Muscle",0.3819179467897281,4.2348187759952465
GO:0018108,peptidyl-tyrosine phosphorylation,GO:BP,2,"Brain, Muscle",0.38199885918958904,3.9562270501835988
GO:0018212,peptidyl-tyrosine modification,GO:BP,2,"Brain, Muscle",0.38199885918958904,3.9562270501835988
GO:0120161,regulation of cold-induced thermogenesis,GO:BP,2,"Liver, Muscle",0.38273129650828047,4.774431342311322
GO:0040013,negative regulation of locomotion,GO:BP,2,"Brain, Muscle",0.3827359669920364,3.1136972154222766
GO:1901606,alpha-amino acid catabolic process,GO:BP,2,"Brain, Liver",0.38349420085309893,5.732842477028524
GO:0001525,angiogenesis,GO:BP,2,"Lung, Muscle",0.3837174641265986,2.681538547691618
KEGG:04510,Focal adhesion,KEGG,2,"Lung, Muscle",0.383771190982912,2.7208848667672196
KEGG:05415,Diabetic cardiomyopathy,KEGG,2,"Lung, Muscle",0.383771190982912,2.666193713666371
GO:0032943,mononuclear cell proliferation,GO:BP,2,"Lung, Muscle",0.3839762296130451,3.2101545549840322
GO:0060972,left/right pattern formation,GO:BP,2,"Liver, Muscle",0.38400970724635514,4.686827097498271
GO:0009799,specification of symmetry,GO:BP,2,"Liver, Muscle",0.38434772769615577,4.602379762408212
GO:0009855,determination of bilateral symmetry,GO:BP,2,"Liver, Muscle",0.38434772769615577,4.602379762408212
GO:0016579,protein deubiquitination,GO:BP,2,"Blood, Brain",0.3867585945290263,5.606064407148173
GO:0035239,tube morphogenesis,GO:BP,2,"Lung, Muscle",0.3887320157297256,1.9870962176880897
GO:0032006,regulation of TOR signaling,GO:BP,2,"Brain, Muscle",0.3890547624561527,3.797977968176254
REAC:R-SSC-71291,Metabolism of amino acids and derivatives,REAC,2,"Brain, Liver",0.39062461990059927,3.1598850066342323
GO:0050851,antigen receptor-mediated signaling pathway,GO:BP,2,"Blood, Muscle",0.39063281127941807,4.364964169015664
GO:0016236,macroautophagy,GO:BP,2,"Brain, Liver",0.3910173045494856,3.621096205216845
GO:0050680,negative regulation of epithelial cell proliferation,GO:BP,2,"Brain, Lung",0.39140139163322757,4.42453860369117
GO:0001959,regulation of cytokine-mediated signaling pathway,GO:BP,2,"Brain, Lung",0.3932926986689834,4.238633620342802
KEGG:04520,Adherens junction,KEGG,2,"Brain, Muscle",0.3949327302325504,4.891730605285593
KEGG:04613,Neutrophil extracellular trap formation,KEGG,2,"Brain, Muscle",0.3949327302325504,2.760976783351377
KEGG:04666,Fc gamma R-mediated phagocytosis,KEGG,2,"Brain, Muscle",0.3949327302325504,4.9454858866623574
KEGG:05135,Yersinia infection,KEGG,2,"Brain, Muscle",0.3949327302325504,3.4093879976232913
GO:0022904,respiratory electron transport chain,GO:BP,2,"Liver, Lung",0.39513390505011126,5.247711732291972
GO:0009416,response to light stimulus,GO:BP,2,"Blood, Brain",0.39561036325688503,4.088282182631428
GO:0035150,regulation of tube size,GO:BP,2,"Liver, Lung",0.39581820541150425,5.0047621150562325
GO:0035296,regulation of tube diameter,GO:BP,2,"Liver, Lung",0.39581820541150425,5.0515355927670385
GO:0097746,blood vessel diameter maintenance,GO:BP,2,"Liver, Lung",0.39581820541150425,5.0515355927670385
REAC:R-SSC-166663,Initial triggering of complement,REAC,2,"Brain, Lung",0.39615924071811726,4.343405572755417
GO:0048024,"regulation of mRNA splicing, via spliceosome",GO:BP,2,"Brain, Liver",0.39750400145493897,5.234334435547783
REAC:R-SSC-114608,Platelet degranulation ,REAC,2,"Brain, Lung",0.39812977906891484,3.843721745801255
GO:0030111,regulation of Wnt signaling pathway,GO:BP,2,"Brain, Muscle",0.3989491142062121,2.7425417426849266
GO:0060070,canonical Wnt signaling pathway,GO:BP,2,"Brain, Muscle",0.3989491142062121,2.752930158376915
GO:0007156,homophilic cell adhesion via plasma membrane adhesion molecules,GO:BP,2,"Liver, Lung",0.39903932381719553,4.869498274108767
GO:0046661,male sex differentiation,GO:BP,2,"Brain, Lung",0.39910507539594897,4.100791876591816
GO:0060326,cell chemotaxis,GO:BP,2,"Liver, Muscle",0.39936138994499293,3.0886253822541914
GO:0000302,response to reactive oxygen species,GO:BP,2,"Blood, Brain",0.3996234294099547,4.935253281506512
GO:0002181,cytoplasmic translation,GO:BP,2,"Blood, Brain",0.3996234294099547,4.935253281506512
GO:0010970,transport along microtubule,GO:BP,2,"Brain, Lung",0.4000923888064104,4.0677209743612375
REAC:R-SSC-76005,Response to elevated platelet cytosolic Ca2+,REAC,2,"Brain, Lung",0.40053669832142735,3.712312455346511
GO:0070661,leukocyte proliferation,GO:BP,2,"Lung, Muscle",0.40099023618879237,2.93301890994944
GO:0007098,centrosome cycle,GO:BP,2,"Blood, Brain",0.4018585802273169,4.852307848203881
GO:0022900,electron transport chain,GO:BP,2,"Liver, Lung",0.40230140869380693,4.783312463947549
GO:0009063,amino acid catabolic process,GO:BP,2,"Brain, Liver",0.40247292411369384,5.069039663898905
GO:0007219,Notch signaling pathway,GO:BP,2,"Lung, Muscle",0.40293650166332384,3.5112025419586113
KEGG:04014,Ras signaling pathway,KEGG,2,"Lung, Muscle",0.4031831553541083,2.368627450980392
KEGG:04810,Regulation of actin cytoskeleton,KEGG,2,"Lung, Muscle",0.4031831553541083,2.4007807647946056
GO:0060759,regulation of response to cytokine stimulus,GO:BP,2,"Brain, Lung",0.4035647647795343,3.9100573707038246
REAC:R-SSC-166658,Complement cascade,REAC,2,"Brain, Lung",0.4043450025406329,3.5601685022585396
GO:0009411,response to UV,GO:BP,2,"Blood, Brain",0.40453742371071577,4.694509218993998
GO:0070646,protein modification by small protein removal,GO:BP,2,"Blood, Brain",0.40453742371071577,4.694509218993998
GO:0048593,camera-type eye morphogenesis,GO:BP,2,"Blood, Liver",0.4045991191069557,5.788127750391901
GO:0071897,DNA biosynthetic process,GO:BP,2,"Blood, Liver",0.4045991191069557,5.73403309851908
GO:0031023,microtubule organizing center organization,GO:BP,2,"Blood, Brain",0.40552848130121566,4.511129952627046
GO:0070201,regulation of establishment of protein localization,GO:BP,2,"Blood, Brain",0.4057111883187163,2.8571689787747996
GO:0043524,negative regulation of neuron apoptotic process,GO:BP,2,"Liver, Muscle",0.40687854771164084,3.9911262002133716
GO:0010498,proteasomal protein catabolic process,GO:BP,2,"Liver, Muscle",0.4072148767584754,2.2554708769417724
GO:0007127,meiosis I,GO:BP,2,"Brain, Liver",0.40763100156857385,4.81558768070396
GO:0030833,regulation of actin filament polymerization,GO:BP,2,"Blood, Liver",0.4084198121395818,5.429571164084438
GO:0006401,RNA catabolic process,GO:BP,2,"Liver, Lung",0.40853526350537034,3.397482557910365
GO:0016050,vesicle organization,GO:BP,2,"Brain, Muscle",0.4093938550055226,2.6142933878111707
GO:0031929,TOR signaling,GO:BP,2,"Brain, Muscle",0.41062151820987547,3.31991081134288
GO:0010810,regulation of cell-substrate adhesion,GO:BP,2,"Blood, Muscle",0.4119081814783362,3.8892949967511368
GO:0046631,alpha-beta T cell activation,GO:BP,2,"Liver, Muscle",0.41270270770964546,3.8124190569202354
KEGG:04020,Calcium signaling pathway,KEGG,2,"Liver, Muscle",0.41281716292698156,3.134410554345195
GO:0009266,response to temperature stimulus,GO:BP,2,"Brain, Liver",0.4131350083747102,4.67532784534365
GO:0061982,meiosis I cell cycle process,GO:BP,2,"Brain, Liver",0.413421408054994,4.586273981622819
GO:0050777,negative regulation of immune response,GO:BP,2,"Brain, Lung",0.4134931642869132,3.681732852706521
GO:0031333,negative regulation of protein-containing complex assembly,GO:BP,2,"Brain, Liver",0.4136392457306337,4.543007245947132
REAC:R-SSC-71387,Metabolism of carbohydrates and carbohydrate derivatives,REAC,2,"Blood, Muscle",0.41468636965735883,2.8604556328838626
REAC:R-SSC-2555396,Mitotic Metaphase and Anaphase,REAC,2,"Liver, Muscle",0.41471278676408196,2.5556637519872814
REAC:R-SSC-68882,Mitotic Anaphase,REAC,2,"Liver, Muscle",0.41471278676408196,2.569553228900256
REAC:R-SSC-8951664,Neddylation,REAC,2,"Liver, Muscle",0.41471278676408196,2.5977900775694893
GO:0045580,regulation of T cell differentiation,GO:BP,2,"Liver, Lung",0.41630656826945,4.394425271756692
GO:0002706,regulation of lymphocyte mediated immunity,GO:BP,2,"Brain, Muscle",0.41748992264745666,3.1862231276646433
GO:0009267,cellular response to starvation,GO:BP,2,"Brain, Lung",0.4183072973336185,3.552094371977419
GO:1903828,negative regulation of protein localization,GO:BP,2,"Blood, Lung",0.4187520873166489,4.1323387941035
GO:0002822,regulation of adaptive immune response based on somatic recombination of immune receptors built from immunoglobulin superfamily domains,GO:BP,2,"Brain, Muscle",0.4189304298563533,3.1649816401468787
GO:0050684,regulation of mRNA processing,GO:BP,2,"Brain, Liver",0.41919154949420734,4.377806982458145
GO:0007160,cell-matrix adhesion,GO:BP,2,"Lung, Muscle",0.419895447556192,3.1580046531225383
KEGG:05206,MicroRNAs in cancer,KEGG,2,"Lung, Muscle",0.4209016842997236,2.1656022408963587
REAC:R-SSC-72163,mRNA Splicing - Major Pathway,REAC,2,"Brain, Liver",0.4214285270834002,2.9150372971512875
GO:0007043,cell-cell junction assembly,GO:BP,2,"Blood, Liver",0.4220053000296814,4.908332332332332
GO:0048592,eye morphogenesis,GO:BP,2,"Blood, Liver",0.4220053000296814,4.793293293293294
GO:0002274,myeloid leukocyte activation,GO:BP,2,"Blood, Lung",0.4221430573942346,4.053376906318082
GO:0120032,regulation of plasma membrane bounded cell projection assembly,GO:BP,2,"Brain, Muscle",0.4223383328224526,3.0827743248183883
REAC:R-SSC-8878171,Transcriptional regulation by RUNX1,REAC,2,"Brain, Liver",0.42324912649554824,2.8203932290619598
GO:0006997,nucleus organization,GO:BP,2,"Brain, Liver",0.4233722537336639,4.224199719915754
GO:0030705,cytoskeleton-dependent intracellular transport,GO:BP,2,"Brain, Lung",0.42362276195606646,3.4312748355156013
REAC:R-SSC-72172,mRNA Splicing,REAC,2,"Brain, Liver",0.42397575323877323,2.784234341509883
GO:0060491,regulation of cell projection assembly,GO:BP,2,"Brain, Muscle",0.42507910803864135,3.0432515770643063
GO:0141188,nucleic acid catabolic process,GO:BP,2,"Liver, Lung",0.4265378748567442,3.138132744329421
GO:0007519,skeletal muscle tissue development,GO:BP,2,"Blood, Liver",0.42717309733525705,4.5786682204592655
GO:0048514,blood vessel morphogenesis,GO:BP,2,"Lung, Muscle",0.4273478343798083,2.2221743425196068
REAC:R-SSC-1483257,Phospholipid metabolism,REAC,2,"Lung, Muscle",0.4273936311198239,2.7811634948096886
REAC:R-SSC-198933,Immunoregulatory interactions between a Lymphoid and a non-Lymphoid cell,REAC,2,"Lung, Muscle",0.4273936311198239,2.7488243844049247
GO:0035264,multicellular organism growth,GO:BP,2,"Liver, Lung",0.4275511256203931,3.9743699148975966
GO:0050905,neuromuscular process,GO:BP,2,"Liver, Lung",0.4275511256203931,3.945359915518782
GO:1902905,positive regulation of supramolecular fiber organization,GO:BP,2,"Liver, Lung",0.42824665303107545,3.8885921469501668
GO:0021700,developmental maturation,GO:BP,2,"Brain, Muscle",0.4293125242528302,2.56422123623011
REAC:R-SSC-211859,Biological oxidations,REAC,2,"Liver, Lung",0.4295148086752961,2.6655266757865936
GO:0000724,double-strand break repair via homologous recombination,GO:BP,2,"Brain, Muscle",0.42958773516798987,2.985831735987621
GO:0002819,regulation of adaptive immune response,GO:BP,2,"Brain, Muscle",0.42958773516798987,2.985831735987621
GO:0018193,peptidyl-amino acid modification,GO:BP,2,"Brain, Muscle",0.431749151445326,2.5179356543487
REAC:R-SSC-195721,Signaling by WNT,REAC,2,"Liver, Muscle",0.4320357601252815,2.3878676470588234
GO:0000725,recombinational repair,GO:BP,2,"Brain, Muscle",0.4329729310172207,2.9305385556915544
REAC:R-SSC-1428517,Aerobic respiration and respiratory electron transport,REAC,2,"Liver, Lung",0.43298848670621276,2.5190691661279896
GO:0046942,carboxylic acid transport,GO:BP,2,"Blood, Brain",0.43444159139802896,2.878221453844676
GO:0015849,organic acid transport,GO:BP,2,"Blood, Brain",0.4345217054172169,2.867905247916917
GO:0048732,gland development,GO:BP,2,"Blood, Lung",0.43466227427109466,2.905242547089159
GO:0048469,cell maturation,GO:BP,2,"Brain, Muscle",0.4363572374276994,2.8599231688074207
GO:0006520,amino acid metabolic process,GO:BP,2,"Brain, Liver",0.4372836036810226,2.9854701851138463
GO:0034655,nucleobase-containing compound catabolic process,GO:BP,2,"Liver, Lung",0.43760019929949534,2.685808393193537
GO:0031399,regulation of protein modification process,GO:BP,2,"Brain, Muscle",0.43826812944181337,1.8436786253282789
GO:0031647,regulation of protein stability,GO:BP,2,"Brain, Liver",0.4384879442571993,2.9102466872022896
GO:0060541,respiratory system development,GO:BP,2,"Lung, Muscle",0.440038252881198,2.8693698192349943
KEGG:05165,Human papillomavirus infection,KEGG,2,"Blood, Lung",0.4424825869911213,2.1353535353535356
GO:0051495,positive regulation of cytoskeleton organization,GO:BP,2,"Liver, Lung",0.44263016016189427,3.603428722840488
GO:0042594,response to starvation,GO:BP,2,"Brain, Lung",0.443119095987318,3.0944625817226594
GO:0043523,regulation of neuron apoptotic process,GO:BP,2,"Liver, Muscle",0.44355196473508895,3.1929009601706966
GO:2000241,regulation of reproductive process,GO:BP,2,"Brain, Liver",0.4456272703036969,3.489556290365188
GO:0071805,potassium ion transmembrane transport,GO:BP,2,"Brain, Muscle",0.44815650398297624,2.6974275342160894
GO:0008406,gonad development,GO:BP,2,"Brain, Lung",0.44884866439586146,3.0023654810761515
GO:0042445,hormone metabolic process,GO:BP,2,"Blood, Brain",0.449026597862063,3.4995432359773444
GO:0006909,phagocytosis,GO:BP,2,"Liver, Muscle",0.44905441710653865,3.0774949013693464
GO:0034599,cellular response to oxidative stress,GO:BP,2,"Blood, Brain",0.4517376733480419,3.4370513924777493
GO:0045137,development of primary sexual characteristics,GO:BP,2,"Brain, Lung",0.4533824017555223,2.932543028027869
GO:0051223,regulation of protein transport,GO:BP,2,"Blood, Brain",0.4534155901633571,2.5978752083403247
GO:1905475,regulation of protein localization to membrane,GO:BP,2,"Brain, Liver",0.45350340127977506,3.344158111599972
GO:0009314,response to radiation,GO:BP,2,"Blood, Brain",0.45570629823982256,2.9780458071564393
GO:0032271,regulation of protein polymerization,GO:BP,2,"Blood, Liver",0.45683231103979083,3.8346346346346345
GO:0015850,organic hydroxy compound transport,GO:BP,2,"Blood, Muscle",0.4580547420160196,3.095561323944783
GO:0050870,positive regulation of T cell activation,GO:BP,2,"Liver, Muscle",0.45956717186910856,2.9192237350132086
GO:0035295,tube development,GO:BP,2,"Lung, Muscle",0.4599116981529821,1.5801579503531635
REAC:R-SSC-1852241,Organelle biogenesis and maintenance,REAC,2,"Brain, Liver",0.4602028695439121,2.3605465069322924
GO:0001932,regulation of protein phosphorylation,GO:BP,2,"Brain, Muscle",0.46061648985390646,2.2002150670491796
GO:0002703,regulation of leukocyte mediated immunity,GO:BP,2,"Brain, Muscle",0.4648251454774298,2.511890190592761
GO:0007051,spindle organization,GO:BP,2,"Brain, Lung",0.46501609576042713,2.77141429022414
GO:0140013,meiotic nuclear division,GO:BP,2,"Brain, Liver",0.4652784722849992,3.127004987470104
GO:0007033,vacuole organization,GO:BP,2,"Brain, Muscle",0.46533856246670846,2.4986697159054305
GO:0048762,mesenchymal cell differentiation,GO:BP,2,"Brain, Muscle",0.4663270504771658,2.472641906364749
GO:0031348,negative regulation of defense response,GO:BP,2,"Brain, Lung",0.4670096255249011,2.741290221852138
GO:0001568,blood vessel development,GO:BP,2,"Lung, Muscle",0.4673065701682515,1.8971762668311816
GO:0006468,protein phosphorylation,GO:BP,2,"Brain, Muscle",0.4686459041405139,2.1394729332962883
GO:0042060,wound healing,GO:BP,2,"Brain, Liver",0.46875878618004113,2.462516427632707
GO:0032496,response to lipopolysaccharide,GO:BP,2,"Brain, Lung",0.4724514176414946,2.6687693165121344
REAC:R-SSC-69620,Cell Cycle Checkpoints,REAC,2,"Liver, Muscle",0.47290466052376035,2.0205033936651584
GO:0042325,regulation of phosphorylation,GO:BP,2,"Brain, Muscle",0.47440523312634375,2.063515314362692
GO:0010001,glial cell differentiation,GO:BP,2,"Liver, Lung",0.47460218683622685,3.00285726903374
REAC:R-SSC-3247509,Chromatin modifying enzymes,REAC,2,"Brain, Lung",0.47525963817197386,2.3226767768745553
REAC:R-SSC-4839726,Chromatin organization,REAC,2,"Brain, Lung",0.47525963817197386,2.3226767768745553
GO:1903039,positive regulation of leukocyte cell-cell adhesion,GO:BP,2,"Liver, Muscle",0.4762808632498571,2.6887587033016396
GO:0009952,anterior/posterior pattern specification,GO:BP,2,"Liver, Muscle",0.47841264250298776,2.646964526566381
GO:0099504,synaptic vesicle cycle,GO:BP,2,"Brain, Liver",0.4799773502226031,2.866421238514262
GO:0001944,vasculature development,GO:BP,2,"Lung, Muscle",0.4800986392701069,1.7923236924985426
REAC:R-SSC-109582,Hemostasis,REAC,2,"Brain, Lung",0.4809235128177539,1.6056952209816702
REAC:R-SSC-983168,Antigen processing: Ubiquitination & Proteasome degradation,REAC,2,"Liver, Muscle",0.4826398317574731,1.9141611097880444
GO:0007163,establishment or maintenance of cell polarity,GO:BP,2,"Blood, Liver",0.48272322708589555,3.352686019352686
GO:0001818,negative regulation of cytokine production,GO:BP,2,"Brain, Lung",0.48378577244103627,2.497016835746502
GO:0002237,response to molecule of bacterial origin,GO:BP,2,"Brain, Lung",0.48378577244103627,2.497016835746502
GO:0050673,epithelial cell proliferation,GO:BP,2,"Brain, Lung",0.48433045982941825,2.201887594983274
GO:0002221,pattern recognition receptor signaling pathway,GO:BP,2,"Brain, Lung",0.4843880735017466,2.472536278533301
GO:2000145,regulation of cell motility,GO:BP,2,"Brain, Muscle",0.4851720794550134,1.5343133799432223
GO:0007548,sex differentiation,GO:BP,2,"Brain, Lung",0.48739422655010756,2.424987503946122
GO:0002758,innate immune response-activating signaling pathway,GO:BP,2,"Brain, Lung",0.488994684437587,2.401892384860921
GO:0090150,establishment of protein localization to membrane,GO:BP,2,"Brain, Lung",0.48969870664721005,2.3905090086293526
GO:1903046,meiotic cell cycle process,GO:BP,2,"Brain, Liver",0.4942819103048217,2.675326489279978
REAC:R-SSC-9012999,RHO GTPase cycle,REAC,2,"Lung, Muscle",0.4968156896633375,1.82346256684492
GO:0045165,cell fate commitment,GO:BP,2,"Brain, Lung",0.5024872550806021,2.2618717525596117
GO:0050808,synapse organization,GO:BP,2,"Brain, Muscle",0.5027229781092467,1.835442569091026
GO:0097193,intrinsic apoptotic signaling pathway,GO:BP,2,"Blood, Muscle",0.5035582997843089,2.5280417478882393
GO:0016310,phosphorylation,GO:BP,2,"Brain, Muscle",0.5036554027493756,1.8258329221324345
KEGG:04080,Neuroactive ligand-receptor interaction,KEGG,2,"Liver, Lung",0.5043088925256465,1.5921768707482995
REAC:R-SSC-76002,"Platelet activation, signaling and aggregation",REAC,2,"Brain, Lung",0.5045382466364792,1.9477155034777658
GO:0019637,organophosphate metabolic process,GO:BP,2,"Liver, Lung",0.505752947439924,1.6050707743702963
REAC:R-SSC-449147,Signaling by Interleukins,REAC,2,"Liver, Lung",0.5059980267316074,1.8050023158869848
GO:0006605,protein targeting,GO:BP,2,"Brain, Lung",0.5076793185106617,2.212269301845585
GO:0048608,reproductive structure development,GO:BP,2,"Brain, Lung",0.5076793185106617,2.212269301845585
GO:0099003,vesicle-mediated transport in synapse,GO:BP,2,"Brain, Liver",0.5092105935385396,2.482261691084515
GO:0016054,organic acid catabolic process,GO:BP,2,"Brain, Liver",0.5099126804545377,2.456932490155082
GO:0046395,carboxylic acid catabolic process,GO:BP,2,"Brain, Liver",0.5099126804545377,2.456932490155082
GO:0061458,reproductive system development,GO:BP,2,"Brain, Lung",0.5104995535247996,2.1835385316917466
GO:0051051,negative regulation of transport,GO:BP,2,"Blood, Lung",0.5112556333829197,2.5557436718551765
GO:0051321,meiotic cell cycle,GO:BP,2,"Brain, Liver",0.5136562857402184,2.4198933068864124
GO:0022409,positive regulation of cell-cell adhesion,GO:BP,2,"Liver, Muscle",0.5142245637299374,2.2806435429790692
GO:0000209,protein polyubiquitination,GO:BP,2,"Brain, Muscle",0.5142891936014936,1.9863901507197985
GO:0050878,regulation of body fluid levels,GO:BP,2,"Blood, Brain",0.519829048532545,2.4996737399838174
GO:0042742,defense response to bacterium,GO:BP,2,"Blood, Brain",0.5200571586407128,2.4782173130311667
GO:0030198,extracellular matrix organization,GO:BP,2,"Blood, Lung",0.520270132872151,2.3924066702704474
GO:0045229,external encapsulating structure organization,GO:BP,2,"Blood, Lung",0.520270132872151,2.3924066702704474
GO:0043062,extracellular structure organization,GO:BP,2,"Blood, Lung",0.520771169702908,2.374552889149026
GO:0051251,positive regulation of lymphocyte activation,GO:BP,2,"Liver, Muscle",0.5241306799316698,2.1925500155678606
GO:0006302,double-strand break repair,GO:BP,2,"Brain, Muscle",0.5252117160983005,1.9066154458716138
REAC:R-SSC-983169,Class I MHC mediated antigen processing & presentation,REAC,2,"Liver, Muscle",0.5264126657393224,1.658939628482972
GO:0050767,regulation of neurogenesis,GO:BP,2,"Liver, Muscle",0.5292040529437887,2.128600640113798
GO:0042063,gliogenesis,GO:BP,2,"Liver, Lung",0.5293854603351003,2.2615661440421473
GO:0048729,tissue morphogenesis,GO:BP,2,"Blood, Muscle",0.53128744686215,1.98643331239025
GO:0019220,regulation of phosphate metabolic process,GO:BP,2,"Brain, Muscle",0.5347061962487797,1.6145096672559953
GO:0051174,regulation of phosphorus metabolic process,GO:BP,2,"Brain, Muscle",0.5347061962487797,1.610781007516374
GO:0090596,sensory organ morphogenesis,GO:BP,2,"Blood, Liver",0.5361928271957292,2.6332255001782903
KEGG:05200,Pathways in cancer,KEGG,2,"Brain, Lung",0.5390769703317312,1.5060367454068242
GO:0098813,nuclear chromosome segregation,GO:BP,2,"Liver, Lung",0.539180651637102,2.1448980493098144
GO:0009306,protein secretion,GO:BP,2,"Blood, Brain",0.5405814476991069,2.264410329161811
GO:0048193,Golgi vesicle transport,GO:BP,2,"Blood, Brain",0.5405814476991069,2.264410329161811
GO:0002696,positive regulation of leukocyte activation,GO:BP,2,"Liver, Muscle",0.5408802566515213,2.027238704870284
GO:0035592,establishment of protein localization to extracellular region,GO:BP,2,"Blood, Brain",0.5441319433831275,2.238079976497139
GO:0006979,response to oxidative stress,GO:BP,2,"Blood, Brain",0.5445558124308563,2.22086397667793
GO:0071692,protein localization to extracellular region,GO:BP,2,"Blood, Brain",0.5454364910753544,2.1955309275143033
GO:0006338,chromatin remodeling,GO:BP,2,"Brain, Liver",0.5454383595863427,1.6885257350373628
GO:0071214,cellular response to abiotic stimulus,GO:BP,2,"Brain, Liver",0.5472250777312977,2.0756843451310174
GO:0104004,cellular response to environmental stimulus,GO:BP,2,"Brain, Liver",0.5472250777312977,2.0756843451310174
GO:0050867,positive regulation of cell activation,GO:BP,2,"Liver, Muscle",0.5493183010501077,1.9498631817836318
GO:0090407,organophosphate biosynthetic process,GO:BP,2,"Liver, Lung",0.5525351663240243,1.7453103630216398
GO:0051640,organelle localization,GO:BP,2,"Brain, Muscle",0.5537331849211118,1.5096713771744372
GO:0050678,regulation of epithelial cell proliferation,GO:BP,2,"Brain, Lung",0.5564219242625034,1.7393013821406669
GO:0060322,head development,GO:BP,2,"Lung, Muscle",0.5647747248141997,1.515574827074246
GO:0050900,leukocyte migration,GO:BP,2,"Liver, Muscle",0.5654745989988537,1.8051736877290159
GO:0006753,nucleoside phosphate metabolic process,GO:BP,2,"Liver, Lung",0.5725416619904914,1.6019081087453126
REAC:R-SSC-68886,M Phase,REAC,2,"Liver, Muscle",0.5744625022812315,1.4547624434389141
GO:0051960,regulation of nervous system development,GO:BP,2,"Liver, Muscle",0.5807803686084622,1.6972231017518657
GO:0055086,nucleobase-containing small molecule metabolic process,GO:BP,2,"Liver, Lung",0.5830583450481609,1.5491320664029282
GO:0006869,lipid transport,GO:BP,2,"Blood, Muscle",0.5924431910902598,1.7042978075651047
GO:0019752,carboxylic acid metabolic process,GO:BP,2,"Brain, Liver",0.6001723027133884,1.5071409407934717
GO:0007409,axonogenesis,GO:BP,2,"Brain, Lung",0.6009935915800362,1.4878979375244645
GO:0010876,lipid localization,GO:BP,2,"Blood, Muscle",0.6023949442341165,1.626622036174738
GO:0043436,oxoacid metabolic process,GO:BP,2,"Brain, Liver",0.6065549374782683,1.4716265740001058
GO:0006082,organic acid metabolic process,GO:BP,2,"Brain, Liver",0.6089178978324458,1.4587364142278418
GO:0031047,regulatory ncRNA-mediated gene silencing,GO:BP,2,"Blood, Brain",0.6090440782617432,1.678559982372854
GO:0030855,epithelial cell differentiation,GO:BP,2,"Liver, Lung",0.6092122726668396,1.4122829439291715
GO:0016567,protein ubiquitination,GO:BP,2,"Brain, Muscle",0.6098911182096649,1.2487518244183944
GO:0072594,establishment of protein localization to organelle,GO:BP,2,"Brain, Muscle",0.6193431891931684,1.3224157270808687
REAC:R-SSC-194315,Signaling by Rho GTPases,REAC,2,"Lung, Muscle",0.6207286522965519,1.1959677823429202
REAC:R-SSC-9716542,"Signaling by Rho GTPases, Miro GTPases and RHOBTB3",REAC,2,"Lung, Muscle",0.6209334315483279,1.1818738859180036
GO:0009117,nucleotide metabolic process,GO:BP,2,"Liver, Lung",0.6238833710566657,1.4648084239188974
GO:0002683,negative regulation of immune system process,GO:BP,2,"Brain, Lung",0.6290496712323128,1.3204120440334908
REAC:R-SSC-5653656,Vesicle-mediated transport,REAC,2,"Brain, Muscle",0.6310694433074602,1.1758507667550169
GO:0032446,protein modification by small protein conjugation,GO:BP,2,"Brain, Muscle",0.6403246201849183,1.1355836903304772
REAC:R-SSC-9006934,Signaling by Receptor Tyrosine Kinases,REAC,2,"Brain, Muscle",0.6452279633975821,1.2567724458204335
GO:0001701,in utero embryonic development,GO:BP,2,"Brain, Liver",0.6487404383965792,1.3266081765024684
GO:0048568,embryonic organ development,GO:BP,2,"Brain, Liver",0.6566761866501867,1.2841567148543893
GO:0051301,cell division,GO:BP,2,"Brain, Liver",0.6569641337275048,1.2773442123883183
GO:0008284,positive regulation of cell population proliferation,GO:BP,2,"Brain, Muscle",0.6661194344344428,1.0441140363092665
REAC:R-SSC-69278,"Cell Cycle, Mitotic",REAC,2,"Liver, Muscle",0.6701836273387878,1.0696782672344956
REAC:R-SSC-1280215,Cytokine Signaling in Immune system,REAC,2,"Liver, Lung",0.6749852540544667,1.1376441395416728
GO:0040017,positive regulation of locomotion,GO:BP,2,"Blood, Brain",0.6758183549113427,1.300505932288878
GO:0007420,brain development,GO:BP,2,"Lung, Muscle",0.67882027267280165,1.0716923421239137
GO:0030334,regulation of cell migration,GO:BP,2,"Brain, Muscle",0.6908330381863658,0.9687058003535972
GO:0007610,behavior,GO:BP,2,"Brain, Lung",0.6923936400556965,1.0709074327405381
GO:0009896,positive regulation of catabolic process,GO:BP,2,"Brain, Liver",0.6929854519962455,1.1277722905629883
GO:0033993,response to lipid,GO:BP,2,"Brain, Lung",0.702784490612653,1.0336012311901503
GO:0070848,response to growth factor,GO:BP,2,"Brain, Muscle",0.7181036619625252,0.9382356640751617
REAC:R-SSC-1640170,Cell Cycle,REAC,2,"Liver, Muscle",0.7272320725801538,0.9109784087045223
GO:0043009,chordate embryonic development,GO:BP,2,"Brain, Liver",0.7761435525211515,0.8374935096876452
GO:0009792,embryo development ending in birth or egg hatching,GO:BP,2,"Brain, Liver",0.777506387371371,0.8274205636948384
GO:0009790,embryo development,GO:BP,2,"Brain, Liver",0.7805535499072798,0.8021631699980866
GO:0007600,sensory perception,GO:BP,2,"Liver, Lung",0.8054370674417741,0.7122919534556986
GO:0008380,RNA splicing,GO:BP,2,"Brain, Liver",0.8522462823342141,0.6605744417975254
GO:0000375,"RNA splicing, via transesterification reactions",GO:BP,2,"Brain, Liver",0.9060322472702753,0.5085051973306528
GO:0000377,"RNA splicing, via transesterification reactions with bulged adenosine as nucleophile",GO:BP,2,"Brain, Liver",0.9060322472702753,0.5085051973306528
GO:0000398,"mRNA splicing, via spliceosome",GO:BP,2,"Brain, Liver",0.9060322472702753,0.5085051973306528
GO:0035795,negative regulation of mitochondrial membrane permeability,GO:BP,1,Muscle,0.022671300156026558,91.64593301435406
GO:1901029,negative regulation of mitochondrial outer membrane permeabilization involved in apoptotic signaling pathway,GO:BP,1,Muscle,0.022671300156026558,100.81052631578946
GO:1905709,negative regulation of membrane permeability,GO:BP,1,Muscle,0.023612340490281467,77.54655870445343
GO:1901028,regulation of mitochondrial outer membrane permeabilization involved in apoptotic signaling pathway,GO:BP,1,Muscle,0.037813438753340686,59.30030959752322
GO:0097345,mitochondrial outer membrane permeabilization,GO:BP,1,Muscle,0.05240478494344493,42.004385964912274
GO:1902110,positive regulation of mitochondrial membrane permeability involved in apoptotic process,GO:BP,1,Muscle,0.06417221648680242,36.003759398496236
GO:1902108,regulation of mitochondrial membrane permeability involved in apoptotic process,GO:BP,1,Muscle,0.06445651691343202,34.762250453720505
GO:1902686,mitochondrial outer membrane permeabilization involved in programmed cell death,GO:BP,1,Muscle,0.06445651691343202,33.603508771929825
GO:0035794,positive regulation of mitochondrial membrane permeability,GO:BP,1,Muscle,0.066063108030861,32.5195246179966
GO:0006581,acetylcholine catabolic process,GO:BP,1,Muscle,0.06809096197737231,504.05263157894734
GO:1905710,positive regulation of membrane permeability,GO:BP,1,Muscle,0.06809096197737231,30.548644338118024
GO:0046902,regulation of mitochondrial membrane permeability,GO:BP,1,Muscle,0.07625124509120808,28.002923976608187
GO:0045163,clustering of voltage-gated potassium channels,GO:BP,1,Muscle,0.08984033973540699,252.02631578947367
GO:0055005,ventricular cardiac myofibril assembly,GO:BP,1,Muscle,0.08984033973540699,252.02631578947367
GO:0090559,regulation of membrane permeability,GO:BP,1,Muscle,0.08984033973540699,21.91533180778032
GO:1903766,positive regulation of potassium ion export across plasma membrane,GO:BP,1,Muscle,0.08984033973540699,252.02631578947367
KEGG:00980,Metabolism of xenobiotics by cytochrome P450,KEGG,1,Liver,0.09506124129782455,19.21818181818182
KEGG:00983,Drug metabolism - other enzymes,KEGG,1,Liver,0.09506124129782455,17.048387096774196
GO:0090131,mesenchyme migration,GO:BP,1,Muscle,0.101939258161313,168.0175438596491
GO:1904700,granulosa cell apoptotic process,GO:BP,1,Muscle,0.101939258161313,168.0175438596491
GO:1904708,regulation of granulosa cell apoptotic process,GO:BP,1,Muscle,0.101939258161313,168.0175438596491
REAC:R-SSC-2161517,Abacavir transmembrane transport,REAC,1,Blood,0.11106137323997736,354.27272727272725
REAC:R-SSC-2161522,Abacavir ADME,REAC,1,Blood,0.11106137323997736,141.70909090909092
REAC:R-SSC-451306,Ionotropic activity of kainate receptors,REAC,1,Blood,0.11106137323997736,70.85454545454546
REAC:R-SSC-451308,Activation of Ca-permeable Kainate Receptor,REAC,1,Blood,0.11106137323997736,70.85454545454546
REAC:R-SSC-8849932,Synaptic adhesion-like molecules,REAC,1,Blood,0.11106137323997736,59.045454545454554
REAC:R-SSC-9793528,Ciprofloxacin ADME,REAC,1,Blood,0.11106137323997736,177.13636363636363
GO:0002669,positive regulation of T cell anergy,GO:BP,1,Muscle,0.11182524818952463,126.01315789473684
GO:0002913,positive regulation of lymphocyte anergy,GO:BP,1,Muscle,0.11182524818952463,126.01315789473684
GO:0019695,choline metabolic process,GO:BP,1,Muscle,0.11182524818952463,126.01315789473684
GO:0051902,negative regulation of mitochondrial depolarization,GO:BP,1,Muscle,0.11182524818952463,126.01315789473684
GO:0060244,negative regulation of cell proliferation involved in contact inhibition,GO:BP,1,Muscle,0.11182524818952463,126.01315789473684
GO:0070375,ERK5 cascade,GO:BP,1,Muscle,0.11182524818952463,126.01315789473684
GO:0086036,regulation of cardiac muscle cell membrane potential,GO:BP,1,Muscle,0.11182524818952463,126.01315789473684
GO:0097360,chorionic trophoblast cell proliferation,GO:BP,1,Muscle,0.11182524818952463,126.01315789473684
GO:1901382,regulation of chorionic trophoblast cell proliferation,GO:BP,1,Muscle,0.11182524818952463,126.01315789473684
GO:1903899,positive regulation of PERK-mediated unfolded protein response,GO:BP,1,Muscle,0.11182524818952463,126.01315789473684
KEGG:00470,D-Amino acid metabolism,KEGG,1,Liver,0.11312669915267293,105.7
GO:0002249,lymphocyte anergy,GO:BP,1,Muscle,0.11344867055230944,84.00877192982455
GO:0002666,positive regulation of T cell tolerance induction,GO:BP,1,Muscle,0.11344867055230944,84.00877192982455
GO:0002667,regulation of T cell anergy,GO:BP,1,Muscle,0.11344867055230944,84.00877192982455
GO:0002870,T cell anergy,GO:BP,1,Muscle,0.11344867055230944,84.00877192982455
GO:0002911,regulation of lymphocyte anergy,GO:BP,1,Muscle,0.11344867055230944,84.00877192982455
GO:0007006,mitochondrial membrane organization,GO:BP,1,Muscle,0.11344867055230944,12.924426450742239
GO:0007204,positive regulation of cytosolic calcium ion concentration,GO:BP,1,Muscle,0.11344867055230944,12.293966623876765
GO:0008291,acetylcholine metabolic process,GO:BP,1,Muscle,0.11344867055230944,100.81052631578946
GO:0010821,regulation of mitochondrion organization,GO:BP,1,Muscle,0.11344867055230944,12.00125313283208
GO:0030240,skeletal muscle thin filament assembly,GO:BP,1,Muscle,0.11344867055230944,100.81052631578946
GO:0033275,actin-myosin filament sliding,GO:BP,1,Muscle,0.11344867055230944,72.00751879699247
GO:0033634,positive regulation of cell-cell adhesion mediated by integrin,GO:BP,1,Muscle,0.11344867055230944,100.81052631578946
GO:0034762,regulation of transmembrane transport,GO:BP,1,Muscle,0.11344867055230944,6.904830569574621
GO:0034764,positive regulation of transmembrane transport,GO:BP,1,Muscle,0.11344867055230944,11.455741626794257
GO:0045161,neuronal ion channel clustering,GO:BP,1,Muscle,0.11344867055230944,72.00751879699247
GO:0051208,sequestering of calcium ion,GO:BP,1,Muscle,0.11344867055230944,11.201169590643275
GO:0051209,release of sequestered calcium ion into cytosol,GO:BP,1,Muscle,0.11344867055230944,11.860061919504643
GO:0051282,regulation of sequestering of calcium ion,GO:BP,1,Muscle,0.11344867055230944,11.455741626794257
GO:0051283,negative regulation of sequestering of calcium ion,GO:BP,1,Muscle,0.11344867055230944,11.722154222766218
GO:0055015,ventricular cardiac muscle cell development,GO:BP,1,Muscle,0.11344867055230944,72.00751879699247
GO:0060242,contact inhibition,GO:BP,1,Muscle,0.11344867055230944,84.00877192982455
GO:0060245,detection of cell density,GO:BP,1,Muscle,0.11344867055230944,72.00751879699247
GO:0060539,diaphragm development,GO:BP,1,Muscle,0.11344867055230944,84.00877192982455
GO:0070098,chemokine-mediated signaling pathway,GO:BP,1,Muscle,0.11344867055230944,13.809661139149242
GO:0140021,mitochondrial ADP transmembrane transport,GO:BP,1,Muscle,0.11344867055230944,100.81052631578946
GO:1900619,acetate ester metabolic process,GO:BP,1,Muscle,0.11344867055230944,100.81052631578946
GO:1901030,positive regulation of mitochondrial outer membrane permeabilization involved in apoptotic signaling pathway,GO:BP,1,Muscle,0.11344867055230944,84.00877192982455
GO:1902237,positive regulation of endoplasmic reticulum stress-induced intrinsic apoptotic signaling pathway,GO:BP,1,Muscle,0.11344867055230944,72.00751879699247
GO:1903764,regulation of potassium ion export across plasma membrane,GO:BP,1,Muscle,0.11344867055230944,72.00751879699247
GO:1904180,negative regulation of membrane depolarization,GO:BP,1,Muscle,0.11344867055230944,100.81052631578946
GO:1990544,mitochondrial ATP transmembrane transport,GO:BP,1,Muscle,0.11344867055230944,72.00751879699247
GO:1990868,response to chemokine,GO:BP,1,Muscle,0.11344867055230944,12.445743989603638
GO:1990869,cellular response to chemokine,GO:BP,1,Muscle,0.11344867055230944,12.445743989603638
GO:2001241,positive regulation of extrinsic apoptotic signaling pathway in absence of ligand,GO:BP,1,Muscle,0.11344867055230944,72.00751879699247
GO:0070934,CRD-mediated mRNA stabilization,GO:BP,1,Lung,0.11662840250050038,112.6705882352941
REAC:R-SSC-2129379,Molecules associated with elastic fibres,REAC,1,Blood,0.11677500388832912,24.432601880877744
REAC:R-SSC-442660,Na+/Cl- dependent neurotransmitter transporters,REAC,1,Blood,0.11677500388832912,41.67914438502674
REAC:R-SSC-451326,Activation of kainate receptors upon glutamate binding,REAC,1,Blood,0.11677500388832912,26.242424242424242
REAC:R-SSC-5365859,RA biosynthesis pathway,REAC,1,Blood,0.11677500388832912,33.740259740259745
REAC:R-SSC-5656169,Termination of translesion DNA synthesis,REAC,1,Blood,0.11677500388832912,24.432601880877744
REAC:R-SSC-6794361,Neurexins and neuroligins,REAC,1,Blood,0.11677500388832912,28.34181818181818
REAC:R-SSC-70263,Gluconeogenesis,REAC,1,Blood,0.11677500388832912,30.80632411067194
REAC:R-SSC-9006931,Signaling by Nuclear Receptors,REAC,1,Blood,0.11677500388832912,7.4978354978354975
REAC:R-SSC-110313,Translesion synthesis by Y family DNA polymerases bypasses lesions on DNA template,REAC,1,Blood,0.12284633263411697,20.83957219251337
REAC:R-SSC-1566948,Elastic fibre formation,REAC,1,Blood,0.12284633263411697,20.24415584415584
REAC:R-SSC-5362517,Signaling by Retinoic Acid,REAC,1,Blood,0.12284633263411697,20.24415584415584
GO:0002645,positive regulation of tolerance induction,GO:BP,1,Muscle,0.1231677703417662,63.00657894736842
GO:1903897,regulation of PERK-mediated unfolded protein response,GO:BP,1,Muscle,0.1231677703417662,63.00657894736842
GO:2000563,"positive regulation of CD4-positive, alpha-beta T cell proliferation",GO:BP,1,Muscle,0.1231677703417662,63.00657894736842
REAC:R-SSC-70326,Glucose metabolism,REAC,1,Blood,0.12451226552072592,19.14987714987715
GO:0002664,regulation of T cell tolerance induction,GO:BP,1,Muscle,0.1282615361779629,56.005847953216374
GO:0033632,regulation of cell-cell adhesion mediated by integrin,GO:BP,1,Muscle,0.1282615361779629,56.005847953216374
GO:1900103,positive regulation of endoplasmic reticulum unfolded protein response,GO:BP,1,Muscle,0.1282615361779629,56.005847953216374
REAC:R-SSC-73893,DNA Damage Bypass,REAC,1,Blood,0.12870540920626458,16.477801268498943
REAC:R-SSC-6794362,Protein-protein interactions at synapses,REAC,1,Blood,0.12988126275459613,15.745454545454546
REAC:R-SSC-1482798,Acyl chain remodeling of CL,REAC,1,Lung,0.13046737862075275,114.61764705882352
REAC:R-SSC-380612,Metabolism of serotonin,REAC,1,Lung,0.13046737862075275,229.23529411764704
REAC:R-SSC-380615,Serotonin clearance from the synaptic cleft,REAC,1,Lung,0.13046737862075275,152.82352941176472
GO:0002517,T cell tolerance induction,GO:BP,1,Muscle,0.13500398851508053,50.40526315789473
GO:0045060,negative thymic T cell selection,GO:BP,1,Muscle,0.13500398851508053,50.40526315789473
GO:0055012,ventricular cardiac muscle cell differentiation,GO:BP,1,Muscle,0.13500398851508053,50.40526315789473
GO:0006403,RNA localization,GO:BP,1,Lung,0.13543517884211154,12.426903114186851
GO:0018937,nitroglycerin metabolic process,GO:BP,1,Lung,0.13543517884211154,563.3529411764706
GO:0021730,trigeminal sensory nucleus development,GO:BP,1,Lung,0.13543517884211154,281.6764705882353
GO:0021740,principal sensory nucleus of trigeminal nerve development,GO:BP,1,Lung,0.13543517884211154,281.6764705882353
GO:0030451,"regulation of complement activation, alternative pathway",GO:BP,1,Lung,0.13543517884211154,281.6764705882353
GO:0045957,"negative regulation of complement activation, alternative pathway",GO:BP,1,Lung,0.13543517884211154,281.6764705882353
GO:0050657,nucleic acid transport,GO:BP,1,Lung,0.13543517884211154,15.089810924369749
GO:0050658,RNA transport,GO:BP,1,Lung,0.13543517884211154,15.089810924369749
GO:0051028,mRNA transport,GO:BP,1,Lung,0.13543517884211154,20.610473457675756
GO:0051236,establishment of RNA localization,GO:BP,1,Lung,0.13543517884211154,14.696163682864452
GO:0051695,actin filament uncapping,GO:BP,1,Lung,0.13543517884211154,281.6764705882353
GO:0060689,cell differentiation involved in salivary gland development,GO:BP,1,Lung,0.13543517884211154,281.6764705882353
GO:0097601,retina blood vessel maintenance,GO:BP,1,Lung,0.13543517884211154,281.6764705882353
GO:1903179,regulation of dopamine biosynthetic process,GO:BP,1,Lung,0.13543517884211154,281.6764705882353
GO:1905627,regulation of serotonin biosynthetic process,GO:BP,1,Lung,0.13543517884211154,563.3529411764706
GO:2000790,regulation of mesenchymal cell proliferation involved in lung development,GO:BP,1,Lung,0.13543517884211154,281.6764705882353
GO:2000791,negative regulation of mesenchymal cell proliferation involved in lung development,GO:BP,1,Lung,0.13543517884211154,281.6764705882353
GO:2000795,negative regulation of epithelial cell proliferation involved in lung morphogenesis,GO:BP,1,Lung,0.13543517884211154,563.3529411764706
GO:0002118,aggressive behavior,GO:BP,1,Lung,0.1376164183478927,140.83823529411765
GO:0006216,cytidine catabolic process,GO:BP,1,Lung,0.1376164183478927,140.83823529411765
GO:0009972,cytidine deamination,GO:BP,1,Lung,0.1376164183478927,140.83823529411765
GO:0030035,microspike assembly,GO:BP,1,Lung,0.1376164183478927,187.7843137254902
GO:0035898,parathyroid hormone secretion,GO:BP,1,Lung,0.1376164183478927,140.83823529411765
GO:0036149,phosphatidylinositol acyl-chain remodeling,GO:BP,1,Lung,0.1376164183478927,187.7843137254902
GO:0042427,serotonin biosynthetic process,GO:BP,1,Lung,0.1376164183478927,140.83823529411765
GO:0046087,cytidine metabolic process,GO:BP,1,Lung,0.1376164183478927,140.83823529411765
GO:0060486,club cell differentiation,GO:BP,1,Lung,0.1376164183478927,140.83823529411765
GO:0061141,lung ciliated cell differentiation,GO:BP,1,Lung,0.1376164183478927,187.7843137254902
GO:0070103,regulation of interleukin-6-mediated signaling pathway,GO:BP,1,Lung,0.1376164183478927,140.83823529411765
GO:0070105,positive regulation of interleukin-6-mediated signaling pathway,GO:BP,1,Lung,0.1376164183478927,187.7843137254902
GO:0071228,cellular response to tumor cell,GO:BP,1,Lung,0.1376164183478927,140.83823529411765
GO:0086097,phospholipase C-activating angiotensin-activated signaling pathway,GO:BP,1,Lung,0.1376164183478927,187.7843137254902
GO:1901162,primary amino compound biosynthetic process,GO:BP,1,Lung,0.1376164183478927,140.83823529411765
REAC:R-SSC-947581,Molybdenum cofactor biosynthesis,REAC,1,Lung,0.13964308828378053,91.69411764705883
GO:0006607,NLS-bearing protein import into nucleus,GO:BP,1,Muscle,0.14148122546305145,42.004385964912274
GO:0015866,ADP transport,GO:BP,1,Muscle,0.14148122546305145,42.004385964912274
GO:0032926,negative regulation of activin receptor signaling pathway,GO:BP,1,Muscle,0.14148122546305145,45.82296650717703
GO:0036499,PERK-mediated unfolded protein response,GO:BP,1,Muscle,0.14148122546305145,42.004385964912274
GO:0043383,negative T cell selection,GO:BP,1,Muscle,0.14148122546305145,45.82296650717703
GO:0045059,positive thymic T cell selection,GO:BP,1,Muscle,0.14148122546305145,42.004385964912274
GO:0048681,negative regulation of axon regeneration,GO:BP,1,Muscle,0.14148122546305145,42.004385964912274
GO:0070571,negative regulation of neuron projection regeneration,GO:BP,1,Muscle,0.14148122546305145,42.004385964912274
GO:0140627,ubiquitin-dependent protein catabolic process via the C-end degron rule pathway,GO:BP,1,Muscle,0.14148122546305145,42.004385964912274
GO:1900119,positive regulation of execution phase of apoptosis,GO:BP,1,Muscle,0.14148122546305145,42.004385964912274
GO:2001235,positive regulation of apoptotic signaling pathway,GO:BP,1,Muscle,0.14148122546305145,8.543264942016057
GO:0006777,Mo-molybdopterin cofactor biosynthetic process,GO:BP,1,Lung,0.14167273452338008,112.6705882352941
GO:0019720,Mo-molybdopterin cofactor metabolic process,GO:BP,1,Lung,0.14167273452338008,112.6705882352941
GO:0032324,molybdopterin cofactor biosynthetic process,GO:BP,1,Lung,0.14167273452338008,112.6705882352941
GO:0038003,G protein-coupled opioid receptor signaling pathway,GO:BP,1,Lung,0.14167273452338008,93.8921568627451
GO:0042435,indole-containing compound biosynthetic process,GO:BP,1,Lung,0.14167273452338008,93.8921568627451
GO:0043545,molybdopterin cofactor metabolic process,GO:BP,1,Lung,0.14167273452338008,112.6705882352941
GO:0046131,pyrimidine ribonucleoside metabolic process,GO:BP,1,Lung,0.14167273452338008,93.8921568627451
GO:0046133,pyrimidine ribonucleoside catabolic process,GO:BP,1,Lung,0.14167273452338008,93.8921568627451
GO:0051189,prosthetic group metabolic process,GO:BP,1,Lung,0.14167273452338008,112.6705882352941
GO:0060510,type II pneumocyte differentiation,GO:BP,1,Lung,0.14167273452338008,93.8921568627451
GO:0060605,tube lumen cavitation,GO:BP,1,Lung,0.14167273452338008,112.6705882352941
GO:0060613,fat pad development,GO:BP,1,Lung,0.14167273452338008,93.8921568627451
GO:0060662,salivary gland cavitation,GO:BP,1,Lung,0.14167273452338008,112.6705882352941
GO:0060916,mesenchymal cell proliferation involved in lung development,GO:BP,1,Lung,0.14167273452338008,112.6705882352941
GO:2000794,regulation of epithelial cell proliferation involved in lung morphogenesis,GO:BP,1,Lung,0.14167273452338008,93.8921568627451
GO:2000973,regulation of pro-B cell differentiation,GO:BP,1,Lung,0.14167273452338008,93.8921568627451
GO:0000023,maltose metabolic process,GO:BP,1,Liver,0.14335555848377599,517.6756756756757
GO:0000025,maltose catabolic process,GO:BP,1,Liver,0.14335555848377599,517.6756756756757
GO:0001766,membrane raft polarization,GO:BP,1,Liver,0.14335555848377599,258.83783783783787
GO:0002522,leukocyte migration involved in immune response,GO:BP,1,Liver,0.14335555848377599,258.83783783783787
GO:0006533,aspartate catabolic process,GO:BP,1,Liver,0.14335555848377599,172.55855855855856
GO:0006592,ornithine biosynthetic process,GO:BP,1,Liver,0.14335555848377599,517.6756756756757
GO:0014891,striated muscle atrophy,GO:BP,1,Liver,0.14335555848377599,172.55855855855856
GO:0019478,D-amino acid catabolic process,GO:BP,1,Liver,0.14335555848377599,258.83783783783787
GO:0034332,adherens junction organization,GO:BP,1,Liver,0.14335555848377599,22.02875215641173
GO:0044855,plasma membrane raft distribution,GO:BP,1,Liver,0.14335555848377599,258.83783783783787
GO:0044856,plasma membrane raft localization,GO:BP,1,Liver,0.14335555848377599,258.83783783783787
GO:0044858,plasma membrane raft polarization,GO:BP,1,Liver,0.14335555848377599,517.6756756756757
GO:0046104,thymidine metabolic process,GO:BP,1,Liver,0.14335555848377599,172.55855855855856
GO:0046105,thymidine biosynthetic process,GO:BP,1,Liver,0.14335555848377599,258.83783783783787
GO:0046120,deoxyribonucleoside biosynthetic process,GO:BP,1,Liver,0.14335555848377599,258.83783783783787
GO:0046125,pyrimidine deoxyribonucleoside metabolic process,GO:BP,1,Liver,0.14335555848377599,172.55855855855856
GO:0046126,pyrimidine deoxyribonucleoside biosynthetic process,GO:BP,1,Liver,0.14335555848377599,258.83783783783787
GO:0046134,pyrimidine nucleoside biosynthetic process,GO:BP,1,Liver,0.14335555848377599,258.83783783783787
GO:0046352,disaccharide catabolic process,GO:BP,1,Liver,0.14335555848377599,172.55855855855856
GO:0046416,D-amino acid metabolic process,GO:BP,1,Liver,0.14335555848377599,172.55855855855856
GO:0060629,regulation of homologous chromosome segregation,GO:BP,1,Liver,0.14335555848377599,172.55855855855856
GO:0071464,cellular response to hydrostatic pressure,GO:BP,1,Liver,0.14335555848377599,172.55855855855856
GO:0071691,cardiac muscle thin filament assembly,GO:BP,1,Liver,0.14335555848377599,172.55855855855856
GO:0090592,DNA synthesis involved in DNA replication,GO:BP,1,Liver,0.14335555848377599,517.6756756756757
GO:1900756,protein processing in phagocytic vesicle,GO:BP,1,Liver,0.14335555848377599,258.83783783783787
GO:1901027,dextrin catabolic process,GO:BP,1,Liver,0.14335555848377599,517.6756756756757
GO:1903906,regulation of plasma membrane raft polarization,GO:BP,1,Liver,0.14335555848377599,517.6756756756757
GO:1903921,regulation of protein processing in phagocytic vesicle,GO:BP,1,Liver,0.14335555848377599,258.83783783783787
GO:1903923,positive regulation of protein processing in phagocytic vesicle,GO:BP,1,Liver,0.14335555848377599,258.83783783783787
GO:1904106,protein localization to microvillus,GO:BP,1,Liver,0.14335555848377599,258.83783783783787
GO:1904860,DNA synthesis involved in mitotic DNA replication,GO:BP,1,Liver,0.14335555848377599,517.6756756756757
GO:2000689,actomyosin contractile ring assembly actin filament organization,GO:BP,1,Liver,0.14335555848377599,258.83783783783787
GO:0002643,regulation of tolerance induction,GO:BP,1,Muscle,0.1449692312018086,38.773279352226716
GO:0010613,positive regulation of cardiac muscle hypertrophy,GO:BP,1,Muscle,0.1449692312018086,38.773279352226716
GO:0010880,regulation of release of sequestered calcium ion into cytosol by sarcoplasmic reticulum,GO:BP,1,Muscle,0.1449692312018086,38.773279352226716
GO:0060546,negative regulation of necroptotic process,GO:BP,1,Muscle,0.1449692312018086,38.773279352226716
GO:0006068,ethanol catabolic process,GO:BP,1,Lung,0.14736583811093812,80.47899159663865
GO:0021780,glial cell fate specification,GO:BP,1,Lung,0.14736583811093812,80.47899159663865
GO:0021960,anterior commissure morphogenesis,GO:BP,1,Lung,0.14736583811093812,80.47899159663865
GO:0060509,type I pneumocyte differentiation,GO:BP,1,Lung,0.14736583811093812,80.47899159663865
GO:0072201,negative regulation of mesenchymal cell proliferation,GO:BP,1,Lung,0.14736583811093812,80.47899159663865
GO:1990823,response to leukemia inhibitory factor,GO:BP,1,Lung,0.14736583811093812,11.736519607843137
GO:1990830,cellular response to leukemia inhibitory factor,GO:BP,1,Lung,0.14736583811093812,11.986232790988735
GO:2001137,positive regulation of endocytic recycling,GO:BP,1,Lung,0.14736583811093812,80.47899159663865
GO:0006067,ethanol metabolic process,GO:BP,1,Lung,0.14899524595804464,70.41911764705883
GO:0034310,primary alcohol catabolic process,GO:BP,1,Lung,0.14899524595804464,70.41911764705883
GO:0045023,G0 to G1 transition,GO:BP,1,Lung,0.14899524595804464,70.41911764705883
GO:0046135,pyrimidine nucleoside catabolic process,GO:BP,1,Lung,0.14899524595804464,70.41911764705883
GO:0060502,epithelial cell proliferation involved in lung morphogenesis,GO:BP,1,Lung,0.14899524595804464,70.41911764705883
GO:0014742,positive regulation of muscle hypertrophy,GO:BP,1,Muscle,0.15062287559137355,36.003759398496236
GO:0051900,regulation of mitochondrial depolarization,GO:BP,1,Muscle,0.15062287559137355,36.003759398496236
GO:0062099,negative regulation of programmed necrotic cell death,GO:BP,1,Muscle,0.15062287559137355,36.003759398496236
GO:0097623,potassium ion export across plasma membrane,GO:BP,1,Muscle,0.15062287559137355,36.003759398496236
GO:1901381,positive regulation of potassium ion transmembrane transport,GO:BP,1,Muscle,0.15062287559137355,36.003759398496236
GO:1904062,regulation of monoatomic cation transmembrane transport,GO:BP,1,Muscle,0.15176681896859995,7.695460024106066
GO:0051170,import into nucleus,GO:BP,1,Muscle,0.15304206220636934,7.637161084529506
GO:0002076,osteoblast development,GO:BP,1,Muscle,0.15674784618327417,33.603508771929825
GO:0002328,pro-B cell differentiation,GO:BP,1,Lung,0.15773855757154454,62.59477124183007
GO:0042416,dopamine biosynthetic process,GO:BP,1,Lung,0.15773855757154454,62.59477124183007
GO:0042428,serotonin metabolic process,GO:BP,1,Lung,0.15773855757154454,62.59477124183007
GO:0043174,nucleoside salvage,GO:BP,1,Lung,0.15773855757154454,62.59477124183007
GO:1905456,regulation of lymphoid progenitor cell differentiation,GO:BP,1,Lung,0.15773855757154454,62.59477124183007
GO:0001845,phagolysosome assembly,GO:BP,1,Muscle,0.15908272003684687,31.50328947368421
GO:0014046,dopamine secretion,GO:BP,1,Muscle,0.15908272003684687,31.50328947368421
GO:0033631,cell-cell adhesion mediated by integrin,GO:BP,1,Muscle,0.15908272003684687,31.50328947368421
GO:0046628,positive regulation of insulin receptor signaling pathway,GO:BP,1,Muscle,0.15908272003684687,31.50328947368421
GO:0048311,mitochondrion distribution,GO:BP,1,Muscle,0.15908272003684687,31.50328947368421
GO:0019240,citrulline biosynthetic process,GO:BP,1,Liver,0.1605810180334564,129.41891891891893
GO:0031580,membrane raft distribution,GO:BP,1,Liver,0.1605810180334564,129.41891891891893
GO:0051599,response to hydrostatic pressure,GO:BP,1,Liver,0.1605810180334564,129.41891891891893
GO:0071462,cellular response to water stimulus,GO:BP,1,Liver,0.1605810180334564,129.41891891891893
GO:1902174,positive regulation of keratinocyte apoptotic process,GO:BP,1,Liver,0.1605810180334564,129.41891891891893
GO:1903903,regulation of establishment of T cell polarity,GO:BP,1,Liver,0.1605810180334564,129.41891891891893
GO:0042053,regulation of dopamine metabolic process,GO:BP,1,Lung,0.16193372892356228,56.33529411764705
GO:0042069,regulation of catecholamine metabolic process,GO:BP,1,Lung,0.16193372892356228,56.33529411764705
GO:0061140,lung secretory cell differentiation,GO:BP,1,Lung,0.16193372892356228,56.33529411764705
GO:1901160,primary amino compound metabolic process,GO:BP,1,Lung,0.16193372892356228,56.33529411764705
GO:1903251,multi-ciliated epithelial cell differentiation,GO:BP,1,Lung,0.16193372892356228,56.33529411764705
GO:2000009,negative regulation of protein localization to cell surface,GO:BP,1,Lung,0.16193372892356228,56.33529411764705
GO:0014808,release of sequestered calcium ion into cytosol by sarcoplasmic reticulum,GO:BP,1,Muscle,0.16230257635302417,29.65015479876161
GO:0035739,"CD4-positive, alpha-beta T cell proliferation",GO:BP,1,Muscle,0.16230257635302417,29.65015479876161
GO:1900117,regulation of execution phase of apoptosis,GO:BP,1,Muscle,0.16230257635302417,29.65015479876161
GO:2000561,"regulation of CD4-positive, alpha-beta T cell proliferation",GO:BP,1,Muscle,0.16230257635302417,29.65015479876161
GO:0001919,regulation of receptor recycling,GO:BP,1,Muscle,0.16256275326042807,26.529085872576175
GO:0032753,positive regulation of interleukin-4 production,GO:BP,1,Muscle,0.16256275326042807,26.529085872576175
GO:0032925,regulation of activin receptor signaling pathway,GO:BP,1,Muscle,0.16256275326042807,26.529085872576175
GO:0033630,positive regulation of cell adhesion mediated by integrin,GO:BP,1,Muscle,0.16256275326042807,28.002923976608187
GO:0034765,regulation of monoatomic ion transmembrane transport,GO:BP,1,Muscle,0.16256275326042807,6.632271468144044
GO:0036158,outer dynein arm assembly,GO:BP,1,Muscle,0.16256275326042807,26.529085872576175
GO:0046641,positive regulation of alpha-beta T cell proliferation,GO:BP,1,Muscle,0.16256275326042807,28.002923976608187
GO:0048679,regulation of axon regeneration,GO:BP,1,Muscle,0.16256275326042807,26.529085872576175
GO:0051651,maintenance of location in cell,GO:BP,1,Muscle,0.16256275326042807,6.811522048364153
GO:0051882,mitochondrial depolarization,GO:BP,1,Muscle,0.16256275326042807,28.002923976608187
GO:0060292,long-term synaptic depression,GO:BP,1,Muscle,0.16256275326042807,26.529085872576175
GO:1900078,positive regulation of cellular response to insulin stimulus,GO:BP,1,Muscle,0.16256275326042807,26.529085872576175
GO:1900101,regulation of endoplasmic reticulum unfolded protein response,GO:BP,1,Muscle,0.16256275326042807,26.529085872576175
GO:1903514,release of sequestered calcium ion into cytosol by endoplasmic reticulum,GO:BP,1,Muscle,0.16256275326042807,26.529085872576175
GO:0021781,glial cell fate commitment,GO:BP,1,Lung,0.1638770470466835,51.213903743315505
GO:0030836,positive regulation of actin filament depolymerization,GO:BP,1,Lung,0.1638770470466835,51.213903743315505
GO:0043031,negative regulation of macrophage activation,GO:BP,1,Lung,0.1638770470466835,51.213903743315505
GO:0051231,spindle elongation,GO:BP,1,Lung,0.1638770470466835,51.213903743315505
GO:0071679,commissural neuron axon guidance,GO:BP,1,Lung,0.1638770470466835,51.213903743315505
GO:0000429,carbon catabolite regulation of transcription from RNA polymerase II promoter,GO:BP,1,Blood,0.16414235828933885,118.23456790123456
GO:0000430,regulation of transcription from RNA polymerase II promoter by glucose,GO:BP,1,Blood,0.16414235828933885,141.88148148148147
GO:0000432,positive regulation of transcription from RNA polymerase II promoter by glucose,GO:BP,1,Blood,0.16414235828933885,141.88148148148147
GO:0000436,carbon catabolite activation of transcription from RNA polymerase II promoter,GO:BP,1,Blood,0.16414235828933885,118.23456790123456
GO:0001999,renal response to blood flow involved in circulatory renin-angiotensin regulation of systemic arterial blood pressure,GO:BP,1,Blood,0.16414235828933885,118.23456790123456
GO:0002001,renin secretion into blood stream,GO:BP,1,Blood,0.16414235828933885,118.23456790123456
GO:0002159,desmosome assembly,GO:BP,1,Blood,0.16414235828933885,141.88148148148147
GO:0009644,response to high light intensity,GO:BP,1,Blood,0.16414235828933885,177.35185185185185
GO:0009756,carbohydrate mediated signaling,GO:BP,1,Blood,0.16414235828933885,101.34391534391534
GO:0009757,hexose mediated signaling,GO:BP,1,Blood,0.16414235828933885,101.34391534391534
GO:0010182,sugar mediated signaling pathway,GO:BP,1,Blood,0.16414235828933885,101.34391534391534
GO:0010255,glucose mediated signaling pathway,GO:BP,1,Blood,0.16414235828933885,101.34391534391534
GO:0015712,hexose phosphate transport,GO:BP,1,Blood,0.16414235828933885,141.88148148148147
GO:0015760,glucose-6-phosphate transport,GO:BP,1,Blood,0.16414235828933885,141.88148148148147
GO:0015847,putrescine transport,GO:BP,1,Blood,0.16414235828933885,236.4691358024691
GO:0015870,acetylcholine transport,GO:BP,1,Blood,0.16414235828933885,141.88148148148147
GO:0034499,late endosome to Golgi transport,GO:BP,1,Blood,0.16414235828933885,118.23456790123456
GO:0045110,intermediate filament bundle assembly,GO:BP,1,Blood,0.16414235828933885,118.23456790123456
GO:0045990,carbon catabolite regulation of transcription,GO:BP,1,Blood,0.16414235828933885,118.23456790123456
GO:0045991,carbon catabolite activation of transcription,GO:BP,1,Blood,0.16414235828933885,118.23456790123456
GO:0046016,positive regulation of transcription by glucose,GO:BP,1,Blood,0.16414235828933885,141.88148148148147
GO:0048241,epinephrine transport,GO:BP,1,Blood,0.16414235828933885,101.34391534391534
GO:0048496,maintenance of animal organ identity,GO:BP,1,Blood,0.16414235828933885,177.35185185185185
GO:0050861,positive regulation of B cell receptor signaling pathway,GO:BP,1,Blood,0.16414235828933885,118.23456790123456
GO:0060177,regulation of angiotensin metabolic process,GO:BP,1,Blood,0.16414235828933885,354.7037037037037
GO:0071934,thiamine transmembrane transport,GO:BP,1,Blood,0.16414235828933885,101.34391534391534
GO:1900749,(R)-carnitine transport,GO:BP,1,Blood,0.16414235828933885,236.4691358024691
GO:1901374,acetate ester transport,GO:BP,1,Blood,0.16414235828933885,118.23456790123456
GO:1902270,(R)-carnitine transmembrane transport,GO:BP,1,Blood,0.16414235828933885,236.4691358024691
GO:1902616,O-acyl-L-carnitine transmembrane transport,GO:BP,1,Blood,0.16414235828933885,354.7037037037037
GO:2000210,positive regulation of anoikis,GO:BP,1,Blood,0.16414235828933885,141.88148148148147
GO:2000642,negative regulation of early endosome to late endosome transport,GO:BP,1,Blood,0.16414235828933885,354.7037037037037
GO:0001649,osteoblast differentiation,GO:BP,1,Muscle,0.16512343116846864,6.380413057961358
GO:0002507,tolerance induction,GO:BP,1,Muscle,0.16512343116846864,25.202631578947365
GO:0045061,thymic T cell selection,GO:BP,1,Muscle,0.16512343116846864,25.202631578947365
GO:0051235,maintenance of location,GO:BP,1,Muscle,0.16512343116846864,6.50390492359932
GO:0070296,sarcoplasmic reticulum calcium ion transport,GO:BP,1,Muscle,0.16512343116846864,25.202631578947365
GO:0070570,regulation of neuron projection regeneration,GO:BP,1,Muscle,0.16512343116846864,25.202631578947365
GO:0043648,dicarboxylic acid metabolic process,GO:BP,1,Liver,0.1654083730515534,14.58241339931481
GO:0010070,zygote asymmetric cell division,GO:BP,1,Brain,0.16615965223901016,445.4418604651163
GO:0016241,regulation of macroautophagy,GO:BP,1,Brain,0.16615965223901016,11.136046511627907
GO:0043045,epigenetic programming of gene expression,GO:BP,1,Brain,0.16615965223901016,30.720128307939056
GO:0044725,epigenetic programming in the zygotic pronuclei,GO:BP,1,Brain,0.16615965223901016,63.63455149501661
GO:0048821,erythrocyte development,GO:BP,1,Brain,0.16615965223901016,26.99647639182523
GO:0070843,misfolded protein transport,GO:BP,1,Brain,0.16615965223901016,445.4418604651163
GO:0070844,polyubiquitinated protein transport,GO:BP,1,Brain,0.16615965223901016,445.4418604651163
GO:0070845,polyubiquitinated misfolded protein transport,GO:BP,1,Brain,0.16615965223901016,445.4418604651163
GO:0071612,IP-10 production,GO:BP,1,Brain,0.16615965223901016,445.4418604651163
GO:0071658,regulation of IP-10 production,GO:BP,1,Brain,0.16615965223901016,445.4418604651163
GO:0071659,negative regulation of IP-10 production,GO:BP,1,Brain,0.16615965223901016,445.4418604651163
GO:0099158,regulation of recycling endosome localization within postsynapse,GO:BP,1,Brain,0.16615965223901016,445.4418604651163
GO:1901052,sarcosine metabolic process,GO:BP,1,Brain,0.16615965223901016,445.4418604651163
GO:1901053,sarcosine catabolic process,GO:BP,1,Brain,0.16615965223901016,445.4418604651163
GO:1903713,asparagine transmembrane transport,GO:BP,1,Brain,0.16615965223901016,445.4418604651163
GO:0006921,cellular component disassembly involved in execution phase of apoptosis,GO:BP,1,Muscle,0.1669865410607566,24.00250626566416
GO:0015867,ATP transport,GO:BP,1,Muscle,0.1669865410607566,24.00250626566416
GO:0060544,regulation of necroptotic process,GO:BP,1,Muscle,0.1669865410607566,24.00250626566416
GO:0140467,integrated stress response signaling,GO:BP,1,Muscle,0.1669865410607566,24.00250626566416
GO:0015888,thiamine transport,GO:BP,1,Blood,0.17340427997625457,88.67592592592592
GO:0009595,detection of biotic stimulus,GO:BP,1,Muscle,0.17451588247818892,21.91533180778032
GO:0031295,T cell costimulation,GO:BP,1,Muscle,0.17451588247818892,21.91533180778032
GO:0095500,acetylcholine receptor signaling pathway,GO:BP,1,Muscle,0.17451588247818892,21.91533180778032
GO:1901679,nucleotide transmembrane transport,GO:BP,1,Muscle,0.17451588247818892,21.91533180778032
GO:0031294,lymphocyte costimulation,GO:BP,1,Muscle,0.1755077344054861,21.002192982456137
GO:0032633,interleukin-4 production,GO:BP,1,Muscle,0.1755077344054861,21.002192982456137
GO:0032673,regulation of interleukin-4 production,GO:BP,1,Muscle,0.1755077344054861,21.002192982456137
GO:0050432,catecholamine secretion,GO:BP,1,Muscle,0.1755077344054861,21.002192982456137
GO:0062098,regulation of programmed necrotic cell death,GO:BP,1,Muscle,0.1755077344054861,21.002192982456137
GO:0090382,phagosome maturation,GO:BP,1,Muscle,0.1755077344054861,21.002192982456137
GO:1905145,cellular response to acetylcholine,GO:BP,1,Muscle,0.1755077344054861,21.002192982456137
GO:0000052,citrulline metabolic process,GO:BP,1,Liver,0.17630758848732778,86.27927927927928
GO:0000912,assembly of actomyosin apparatus involved in cytokinesis,GO:BP,1,Liver,0.17630758848732778,86.27927927927928
GO:0000915,actomyosin contractile ring assembly,GO:BP,1,Liver,0.17630758848732778,86.27927927927928
GO:0006531,aspartate metabolic process,GO:BP,1,Liver,0.17630758848732778,103.53513513513514
GO:0006561,proline biosynthetic process,GO:BP,1,Liver,0.17630758848732778,86.27927927927928
GO:0014889,muscle atrophy,GO:BP,1,Liver,0.17630758848732778,86.27927927927928
GO:0031581,hemidesmosome assembly,GO:BP,1,Liver,0.17630758848732778,103.53513513513514
GO:0044837,actomyosin contractile ring organization,GO:BP,1,Liver,0.17630758848732778,86.27927927927928
GO:0050957,equilibrioception,GO:BP,1,Liver,0.17630758848732778,86.27927927927928
GO:0051665,membrane raft localization,GO:BP,1,Liver,0.17630758848732778,103.53513513513514
GO:0055129,L-proline biosynthetic process,GO:BP,1,Liver,0.17630758848732778,86.27927927927928
GO:1904970,brush border assembly,GO:BP,1,Liver,0.17630758848732778,103.53513513513514
GO:0005984,disaccharide metabolic process,GO:BP,1,Liver,0.17869490998786072,73.95366795366796
GO:0006591,ornithine metabolic process,GO:BP,1,Liver,0.17869490998786072,73.95366795366796
GO:0009157,deoxyribonucleoside monophosphate biosynthetic process,GO:BP,1,Liver,0.17869490998786072,73.95366795366796
GO:0042138,meiotic DNA double-strand break formation,GO:BP,1,Liver,0.17869490998786072,73.95366795366796
GO:0050955,thermoception,GO:BP,1,Liver,0.17869490998786072,73.95366795366796
GO:0060478,acrosomal vesicle exocytosis,GO:BP,1,Liver,0.17869490998786072,73.95366795366796
GO:0097017,renal protein absorption,GO:BP,1,Liver,0.17869490998786072,73.95366795366796
GO:0097283,keratinocyte apoptotic process,GO:BP,1,Liver,0.17869490998786072,73.95366795366796
GO:1902172,regulation of keratinocyte apoptotic process,GO:BP,1,Liver,0.17869490998786072,73.95366795366796
GO:0000002,mitochondrial genome maintenance,GO:BP,1,Muscle,0.179967912275613,19.386639676113358
GO:0001675,acrosome assembly,GO:BP,1,Muscle,0.179967912275613,19.386639676113358
GO:0010611,regulation of cardiac muscle hypertrophy,GO:BP,1,Muscle,0.179967912275613,18.66861598440546
GO:0031103,axon regeneration,GO:BP,1,Muscle,0.179967912275613,19.386639676113358
GO:0045879,negative regulation of smoothened signaling pathway,GO:BP,1,Muscle,0.179967912275613,18.66861598440546
GO:0046326,positive regulation of D-glucose import,GO:BP,1,Muscle,0.179967912275613,18.66861598440546
GO:0050805,negative regulation of synaptic transmission,GO:BP,1,Muscle,0.179967912275613,18.66861598440546
GO:0060306,regulation of membrane repolarization,GO:BP,1,Muscle,0.179967912275613,18.66861598440546
GO:0098926,postsynaptic signal transduction,GO:BP,1,Muscle,0.179967912275613,18.66861598440546
GO:1902235,regulation of endoplasmic reticulum stress-induced intrinsic apoptotic signaling pathway,GO:BP,1,Muscle,0.179967912275613,20.162105263157894
GO:1905144,response to acetylcholine,GO:BP,1,Muscle,0.179967912275613,19.386639676113358
GO:2000352,negative regulation of endothelial cell apoptotic process,GO:BP,1,Muscle,0.179967912275613,19.386639676113358
GO:0033238,regulation of amine metabolic process,GO:BP,1,Lung,0.18080890056745938,43.334841628959275
GO:0042454,ribonucleoside catabolic process,GO:BP,1,Lung,0.18080890056745938,43.334841628959275
GO:0043267,negative regulation of potassium ion transport,GO:BP,1,Lung,0.18080890056745938,43.334841628959275
GO:0001991,regulation of systemic arterial blood pressure by circulatory renin-angiotensin,GO:BP,1,Blood,0.18134658906789136,78.8230452674897
GO:0035435,phosphate ion transmembrane transport,GO:BP,1,Blood,0.18134658906789136,78.8230452674897
GO:0045916,negative regulation of complement activation,GO:BP,1,Lung,0.18331706377037965,40.239495798319325
GO:0046185,aldehyde catabolic process,GO:BP,1,Lung,0.18331706377037965,40.239495798319325
REAC:R-SSC-174577,Activation of C3 and C5,REAC,1,Brain,0.18337783799072785,82.0421052631579
REAC:R-SSC-3371511,HSF1 activation,REAC,1,Brain,0.18337783799072785,58.60150375939849
REAC:R-SSC-425393,Transport of inorganic cations/anions and amino acids/oligopeptides,REAC,1,Brain,0.18337783799072785,8.287081339712918
REAC:R-SSC-5173105,O-linked glycosylation,REAC,1,Brain,0.18337783799072785,8.204210526315789
REAC:R-SSC-6798163,Choline catabolism,REAC,1,Brain,0.18337783799072785,68.36842105263158
REAC:R-SSC-6807047,Cholesterol biosynthesis via desmosterol,REAC,1,Brain,0.18337783799072785,136.73684210526315
REAC:R-SSC-6807062,Cholesterol biosynthesis via lathosterol,REAC,1,Brain,0.18337783799072785,136.73684210526315
REAC:R-SSC-727802,Transport of nucleotide sugars,REAC,1,Brain,0.18337783799072785,45.57894736842105
GO:0002128,tRNA nucleoside ribose methylation,GO:BP,1,Brain,0.18440253580007496,222.72093023255815
GO:0002130,wobble position ribose methylation,GO:BP,1,Brain,0.18440253580007496,222.72093023255815
GO:0010725,regulation of primitive erythrocyte differentiation,GO:BP,1,Brain,0.18440253580007496,222.72093023255815
GO:0030221,basophil differentiation,GO:BP,1,Brain,0.18440253580007496,222.72093023255815
GO:0031914,negative regulation of synaptic plasticity,GO:BP,1,Brain,0.18440253580007496,222.72093023255815
GO:0035854,eosinophil fate commitment,GO:BP,1,Brain,0.18440253580007496,222.72093023255815
GO:0045814,"negative regulation of gene expression, epigenetic",GO:BP,1,Brain,0.18440253580007496,9.754201324053641
GO:0099152,"regulation of neurotransmitter receptor transport, endosome to postsynaptic membrane",GO:BP,1,Brain,0.18440253580007496,222.72093023255815
GO:1905336,negative regulation of aggrephagy,GO:BP,1,Brain,0.18440253580007496,222.72093023255815
GO:2000342,negative regulation of chemokine (C-X-C motif) ligand 2 production,GO:BP,1,Brain,0.18440253580007496,222.72093023255815
GO:1905898,positive regulation of response to endoplasmic reticulum stress,GO:BP,1,Muscle,0.18444513870501417,18.001879699248118
GO:0014743,regulation of muscle hypertrophy,GO:BP,1,Muscle,0.18950537130039963,17.381125226860252
GO:0002320,lymphoid progenitor cell differentiation,GO:BP,1,Lung,0.18977771647795444,29.65015479876161
GO:0002921,negative regulation of humoral immune response,GO:BP,1,Lung,0.18977771647795444,33.13840830449827
GO:0009164,nucleoside catabolic process,GO:BP,1,Lung,0.18977771647795444,33.13840830449827
GO:0009713,catechol-containing compound biosynthetic process,GO:BP,1,Lung,0.18977771647795444,33.13840830449827
GO:0015693,magnesium ion transport,GO:BP,1,Lung,0.18977771647795444,31.297385620915033
GO:0030325,adrenal gland development,GO:BP,1,Lung,0.18977771647795444,33.13840830449827
GO:0030449,regulation of complement activation,GO:BP,1,Lung,0.18977771647795444,33.13840830449827
GO:0034656,nucleobase-containing small molecule catabolic process,GO:BP,1,Lung,0.18977771647795444,29.65015479876161
GO:0038166,angiotensin-activated signaling pathway,GO:BP,1,Lung,0.18977771647795444,35.20955882352941
GO:0042423,catecholamine biosynthetic process,GO:BP,1,Lung,0.18977771647795444,33.13840830449827
GO:0042430,indole-containing compound metabolic process,GO:BP,1,Lung,0.18977771647795444,29.65015479876161
GO:0048857,neural nucleus development,GO:BP,1,Lung,0.18977771647795444,31.297385620915033
GO:0061298,retina vasculature development in camera-type eye,GO:BP,1,Lung,0.18977771647795444,29.65015479876161
GO:0070102,interleukin-6-mediated signaling pathway,GO:BP,1,Lung,0.18977771647795444,33.13840830449827
GO:0071216,cellular response to biotic stimulus,GO:BP,1,Lung,0.18977771647795444,7.0419117647058815
GO:0072529,pyrimidine-containing compound catabolic process,GO:BP,1,Lung,0.18977771647795444,35.20955882352941
GO:0098703,calcium ion import across plasma membrane,GO:BP,1,Lung,0.18977771647795444,29.65015479876161
GO:1901798,positive regulation of signal transduction by p53 class mediator,GO:BP,1,Lung,0.18977771647795444,29.65015479876161
GO:1901881,positive regulation of protein depolymerization,GO:BP,1,Lung,0.18977771647795444,35.20955882352941
GO:1902656,calcium ion import into cytosol,GO:BP,1,Lung,0.18977771647795444,29.65015479876161
GO:1903830,magnesium ion transmembrane transport,GO:BP,1,Lung,0.18977771647795444,35.20955882352941
GO:1904385,cellular response to angiotensin,GO:BP,1,Lung,0.18977771647795444,29.65015479876161
GO:2000647,negative regulation of stem cell proliferation,GO:BP,1,Lung,0.18977771647795444,29.65015479876161
GO:0003351,epithelial cilium movement involved in extracellular fluid movement,GO:BP,1,Muscle,0.19048639667849562,16.801754385964912
GO:0010719,negative regulation of epithelial to mesenchymal transition,GO:BP,1,Muscle,0.19048639667849562,16.801754385964912
GO:0015868,purine ribonucleotide transport,GO:BP,1,Muscle,0.19048639667849562,16.801754385964912
GO:0031102,neuron projection regeneration,GO:BP,1,Muscle,0.19048639667849562,16.801754385964912
GO:0002248,connective tissue replacement involved in inflammatory response wound healing,GO:BP,1,Brain,0.1909437005229799,89.08837209302325
GO:0006867,asparagine transport,GO:BP,1,Brain,0.1909437005229799,111.36046511627907
GO:0010724,regulation of definitive erythrocyte differentiation,GO:BP,1,Brain,0.1909437005229799,148.48062015503874
GO:0015804,neutral amino acid transport,GO:BP,1,Brain,0.1909437005229799,17.468308253533973
GO:0015825,L-serine transport,GO:BP,1,Brain,0.1909437005229799,111.36046511627907
GO:0030222,eosinophil differentiation,GO:BP,1,Brain,0.1909437005229799,74.24031007751937
GO:0031452,negative regulation of heterochromatin formation,GO:BP,1,Brain,0.1909437005229799,74.24031007751937
GO:0032329,serine transport,GO:BP,1,Brain,0.1909437005229799,74.24031007751937
GO:0032481,positive regulation of type I interferon production,GO:BP,1,Brain,0.1909437005229799,13.101231190150479
GO:0036466,synaptic vesicle recycling via endosome,GO:BP,1,Brain,0.1909437005229799,74.24031007751937
GO:0040029,epigenetic regulation of gene expression,GO:BP,1,Brain,0.1909437005229799,6.363455149501661
GO:0043131,erythrocyte enucleation,GO:BP,1,Brain,0.1909437005229799,111.36046511627907
GO:0043354,enucleate erythrocyte maturation,GO:BP,1,Brain,0.1909437005229799,111.36046511627907
GO:0044726,epigenetic programing of female pronucleus,GO:BP,1,Brain,0.1909437005229799,148.48062015503874
GO:0048822,enucleate erythrocyte development,GO:BP,1,Brain,0.1909437005229799,74.24031007751937
GO:0060318,definitive erythrocyte differentiation,GO:BP,1,Brain,0.1909437005229799,111.36046511627907
GO:0060319,primitive erythrocyte differentiation,GO:BP,1,Brain,0.1909437005229799,111.36046511627907
GO:0061355,Wnt protein secretion,GO:BP,1,Brain,0.1909437005229799,89.08837209302325
GO:0061515,myeloid cell development,GO:BP,1,Brain,0.1909437005229799,13.920058139534884
GO:0061523,cilium disassembly,GO:BP,1,Brain,0.1909437005229799,89.08837209302325
GO:0061734,type 2 mitophagy,GO:BP,1,Brain,0.1909437005229799,89.08837209302325
GO:0070106,interleukin-27-mediated signaling pathway,GO:BP,1,Brain,0.1909437005229799,74.24031007751937
GO:0070842,aggresome assembly,GO:BP,1,Brain,0.1909437005229799,89.08837209302325
GO:0070973,protein localization to endoplasmic reticulum exit site,GO:BP,1,Brain,0.1909437005229799,74.24031007751937
GO:0072334,UDP-galactose transmembrane transport,GO:BP,1,Brain,0.1909437005229799,148.48062015503874
GO:0089709,L-histidine transmembrane transport,GO:BP,1,Brain,0.1909437005229799,89.08837209302325
GO:0090310,negative regulation of DNA methylation-dependent heterochromatin formation,GO:BP,1,Brain,0.1909437005229799,148.48062015503874
GO:0090601,enucleation,GO:BP,1,Brain,0.1909437005229799,111.36046511627907
GO:0099532,synaptic vesicle endosomal processing,GO:BP,1,Brain,0.1909437005229799,74.24031007751937
GO:0141068,autosome genomic imprinting,GO:BP,1,Brain,0.1909437005229799,111.36046511627907
GO:1901164,negative regulation of trophoblast cell migration,GO:BP,1,Brain,0.1909437005229799,74.24031007751937
GO:1902475,L-alpha-amino acid transmembrane transport,GO:BP,1,Brain,0.1909437005229799,13.498238195912615
GO:1903939,regulation of TORC2 signaling,GO:BP,1,Brain,0.1909437005229799,111.36046511627907
GO:1904515,positive regulation of TORC2 signaling,GO:BP,1,Brain,0.1909437005229799,148.48062015503874
GO:1904557,L-alanine transmembrane transport,GO:BP,1,Brain,0.1909437005229799,89.08837209302325
GO:1904691,negative regulation of type B pancreatic cell proliferation,GO:BP,1,Brain,0.1909437005229799,148.48062015503874
GO:1905268,negative regulation of chromatin organization,GO:BP,1,Brain,0.1909437005229799,74.24031007751937
GO:1905335,regulation of aggrephagy,GO:BP,1,Brain,0.1909437005229799,74.24031007751937
GO:1905749,regulation of endosome to plasma membrane protein transport,GO:BP,1,Brain,0.1909437005229799,148.48062015503874
GO:0032743,positive regulation of interleukin-2 production,GO:BP,1,Muscle,0.19140347611477312,16.2597623089983
GO:0046640,regulation of alpha-beta T cell proliferation,GO:BP,1,Muscle,0.19140347611477312,16.2597623089983
GO:0072530,purine-containing compound transmembrane transport,GO:BP,1,Muscle,0.19140347611477312,16.2597623089983
GO:2000516,"positive regulation of CD4-positive, alpha-beta T cell activation",GO:BP,1,Muscle,0.19140347611477312,16.2597623089983
GO:0009415,response to water,GO:BP,1,Liver,0.19145937317586362,64.70945945945947
GO:0032287,peripheral nervous system myelin maintenance,GO:BP,1,Liver,0.19145937317586362,64.70945945945947
GO:0055119,relaxation of cardiac muscle,GO:BP,1,Liver,0.19145937317586362,64.70945945945947
GO:0001964,startle response,GO:BP,1,Lung,0.1921981717602498,26.826330532212886
GO:0010458,exit from mitosis,GO:BP,1,Lung,0.1921981717602498,26.826330532212886
GO:0021846,cell proliferation in forebrain,GO:BP,1,Lung,0.1921981717602498,26.826330532212886
GO:0033081,regulation of T cell differentiation in thymus,GO:BP,1,Lung,0.1921981717602498,26.826330532212886
GO:1902894,negative regulation of miRNA transcription,GO:BP,1,Lung,0.1921981717602498,26.826330532212886
GO:1990776,response to angiotensin,GO:BP,1,Lung,0.1921981717602498,26.826330532212886
GO:0006858,extracellular transport,GO:BP,1,Muscle,0.1946954430331545,15.751644736842104
GO:0060412,ventricular septum morphogenesis,GO:BP,1,Muscle,0.1946954430331545,15.751644736842104
GO:0070286,axonemal dynein complex assembly,GO:BP,1,Muscle,0.1946954430331545,15.751644736842104
REAC:R-SSC-71384,Ethanol oxidation,REAC,1,Lung,0.1946999185817233,50.94117647058823
GO:0045765,regulation of angiogenesis,GO:BP,1,Muscle,0.19676615955261806,4.893714869698518
GO:0009642,response to light intensity,GO:BP,1,Blood,0.1967832995339372,70.94074074074074
GO:0010828,positive regulation of D-glucose transmembrane transport,GO:BP,1,Muscle,0.19807999013699093,15.274322169059012
GO:0003254,regulation of membrane depolarization,GO:BP,1,Muscle,0.19810539941658864,14.825077399380804
GO:0005978,glycogen biosynthetic process,GO:BP,1,Muscle,0.19810539941658864,14.401503759398494
GO:0009250,glucan biosynthetic process,GO:BP,1,Muscle,0.19810539941658864,14.401503759398494
GO:0015865,purine nucleotide transport,GO:BP,1,Muscle,0.19810539941658864,14.401503759398494
GO:0043368,positive T cell selection,GO:BP,1,Muscle,0.19810539941658864,14.401503759398494
GO:0046633,alpha-beta T cell proliferation,GO:BP,1,Muscle,0.19810539941658864,14.825077399380804
GO:0048678,response to axon injury,GO:BP,1,Muscle,0.19810539941658864,14.401503759398494
GO:0051503,adenine nucleotide transport,GO:BP,1,Muscle,0.19810539941658864,14.825077399380804
GO:0070266,necroptotic process,GO:BP,1,Muscle,0.19810539941658864,14.825077399380804
GO:1901342,regulation of vasculature development,GO:BP,1,Muscle,0.19810539941658864,4.755213505461767
GO:0032703,negative regulation of interleukin-2 production,GO:BP,1,Lung,0.1987393634793098,25.606951871657753
GO:2000629,negative regulation of miRNA metabolic process,GO:BP,1,Lung,0.1987393634793098,25.606951871657753
GO:0046549,retinal cone cell development,GO:BP,1,Liver,0.20029192844194774,57.51951951951952
GO:0051775,response to redox state,GO:BP,1,Liver,0.20029192844194774,57.51951951951952
GO:0001696,gastric acid secretion,GO:BP,1,Liver,0.20036323160798303,47.06142506142506
GO:0001767,establishment of lymphocyte polarity,GO:BP,1,Liver,0.20036323160798303,43.13963963963964
GO:0001768,establishment of T cell polarity,GO:BP,1,Liver,0.20036323160798303,43.13963963963964
GO:0003334,keratinocyte development,GO:BP,1,Liver,0.20036323160798303,47.06142506142506
GO:0006560,proline metabolic process,GO:BP,1,Liver,0.20036323160798303,43.13963963963964
GO:0006878,intracellular copper ion homeostasis,GO:BP,1,Liver,0.20036323160798303,47.06142506142506
GO:0009068,aspartate family amino acid catabolic process,GO:BP,1,Liver,0.20036323160798303,43.13963963963964
GO:0009120,deoxyribonucleoside metabolic process,GO:BP,1,Liver,0.20036323160798303,51.76756756756757
GO:0009313,oligosaccharide catabolic process,GO:BP,1,Liver,0.20036323160798303,43.13963963963964
GO:0009612,response to mechanical stimulus,GO:BP,1,Liver,0.20036323160798303,9.082029397818872
GO:0042670,retinal cone cell differentiation,GO:BP,1,Liver,0.20036323160798303,47.06142506142506
GO:0043217,myelin maintenance,GO:BP,1,Liver,0.20036323160798303,43.13963963963964
GO:0050872,white fat cell differentiation,GO:BP,1,Liver,0.20036323160798303,43.13963963963964
GO:0050953,sensory perception of light stimulus,GO:BP,1,Liver,0.20036323160798303,9.16240133939249
GO:0051127,positive regulation of actin nucleation,GO:BP,1,Liver,0.20036323160798303,47.06142506142506
GO:0055070,copper ion homeostasis,GO:BP,1,Liver,0.20036323160798303,43.13963963963964
GO:0071498,cellular response to fluid shear stress,GO:BP,1,Liver,0.20036323160798303,43.13963963963964
GO:0071801,regulation of podosome assembly,GO:BP,1,Liver,0.20036323160798303,43.13963963963964
GO:1903729,regulation of plasma membrane organization,GO:BP,1,Liver,0.20036323160798303,51.76756756756757
GO:1903909,regulation of receptor clustering,GO:BP,1,Liver,0.20036323160798303,43.13963963963964
GO:0015807,L-amino acid transport,GO:BP,1,Brain,0.2005399633458552,10.998564455928799
GO:0006984,ER-nucleus signaling pathway,GO:BP,1,Muscle,0.20110314111828162,14.001461988304094
GO:0000183,rDNA heterochromatin formation,GO:BP,1,Brain,0.2011903428691862,63.63455149501661
GO:0002246,wound healing involved in inflammatory response,GO:BP,1,Brain,0.2011903428691862,63.63455149501661
GO:0060215,primitive hemopoiesis,GO:BP,1,Brain,0.2011903428691862,63.63455149501661
GO:0060718,chorionic trophoblast cell differentiation,GO:BP,1,Brain,0.2011903428691862,63.63455149501661
GO:0003333,amino acid transmembrane transport,GO:BP,1,Brain,0.20142321843591346,9.477486392874814
GO:0006868,glutamine transport,GO:BP,1,Brain,0.20142321843591346,55.68023255813954
GO:0006901,vesicle coating,GO:BP,1,Brain,0.20142321843591346,31.817275747508305
GO:0007000,nucleolus organization,GO:BP,1,Brain,0.20142321843591346,31.817275747508305
GO:0008277,regulation of G protein-coupled receptor signaling pathway,GO:BP,1,Brain,0.20142321843591346,8.248923341946599
GO:0008356,asymmetric cell division,GO:BP,1,Brain,0.20142321843591346,34.264758497316635
GO:0009615,response to virus,GO:BP,1,Brain,0.20142321843591346,4.4544186046511625
GO:0015780,nucleotide-sugar transmembrane transport,GO:BP,1,Brain,0.20142321843591346,34.264758497316635
GO:0015801,aromatic amino acid transport,GO:BP,1,Brain,0.20142321843591346,40.49471458773784
GO:0015808,L-alanine transport,GO:BP,1,Brain,0.20142321843591346,44.544186046511626
GO:0015816,glycine transport,GO:BP,1,Brain,0.20142321843591346,40.49471458773784
GO:0016559,peroxisome fission,GO:BP,1,Brain,0.20142321843591346,44.544186046511626
GO:0019896,axonal transport of mitochondrion,GO:BP,1,Brain,0.20142321843591346,34.264758497316635
GO:0030218,erythrocyte differentiation,GO:BP,1,Brain,0.20142321843591346,7.814769481844144
GO:0030502,negative regulation of bone mineralization,GO:BP,1,Brain,0.20142321843591346,34.264758497316635
GO:0031445,regulation of heterochromatin formation,GO:BP,1,Brain,0.20142321843591346,49.49354005167959
GO:0031507,heterochromatin formation,GO:BP,1,Brain,0.20142321843591346,8.326016083460118
GO:0032328,alanine transport,GO:BP,1,Brain,0.20142321843591346,29.696124031007752
GO:0032479,regulation of type I interferon production,GO:BP,1,Brain,0.20142321843591346,8.8206309002993315
GO:0032606,type I interferon production,GO:BP,1,Brain,0.20142321843591346,8.734154126766986
GO:0032682,negative regulation of chemokine production,GO:BP,1,Brain,0.20142321843591346,31.817275747508305
GO:0033033,negative regulation of myeloid cell apoptotic process,GO:BP,1,Brain,0.20142321843591346,34.264758497316635
GO:0033157,regulation of intracellular protein transport,GO:BP,1,Brain,0.20142321843591346,7.954318936877076
GO:0033690,positive regulation of osteoblast proliferation,GO:BP,1,Brain,0.20142321843591346,37.120155038759684
GO:0034101,erythrocyte homeostasis,GO:BP,1,Brain,0.20142321843591346,7.184546136534133
GO:0034454,microtubule anchoring at centrosome,GO:BP,1,Brain,0.20142321843591346,40.49471458773784
GO:0035973,aggrephagy,GO:BP,1,Brain,0.20142321843591346,31.817275747508305
GO:0038203,TORC2 signaling,GO:BP,1,Brain,0.20142321843591346,44.544186046511626
GO:0043249,erythrocyte maturation,GO:BP,1,Brain,0.20142321843591346,31.817275747508305
GO:0043353,enucleate erythrocyte differentiation,GO:BP,1,Brain,0.20142321843591346,40.49471458773784
GO:0048207,"vesicle targeting, rough ER to cis-Golgi",GO:BP,1,Brain,0.20142321843591346,44.544186046511626
GO:0048208,COPII vesicle coating,GO:BP,1,Brain,0.20142321843591346,44.544186046511626
GO:0048813,dendrite morphogenesis,GO:BP,1,Brain,0.20142321843591346,9.683518705763397
GO:0051045,negative regulation of membrane protein ectodomain proteolysis,GO:BP,1,Brain,0.20142321843591346,55.68023255813954
GO:0060717,chorion development,GO:BP,1,Brain,0.20142321843591346,55.68023255813954
GO:0061450,trophoblast cell migration,GO:BP,1,Brain,0.20142321843591346,29.696124031007752
GO:0061469,regulation of type B pancreatic cell proliferation,GO:BP,1,Brain,0.20142321843591346,34.264758497316635
GO:0070141,response to UV-A,GO:BP,1,Brain,0.20142321843591346,37.120155038759684
GO:0070841,inclusion body assembly,GO:BP,1,Brain,0.20142321843591346,29.696124031007752
GO:0070863,positive regulation of protein exit from endoplasmic reticulum,GO:BP,1,Brain,0.20142321843591346,37.120155038759684
GO:0071360,cellular response to exogenous dsRNA,GO:BP,1,Brain,0.20142321843591346,31.817275747508305
GO:0071492,cellular response to UV-A,GO:BP,1,Brain,0.20142321843591346,44.544186046511626
GO:0071605,monocyte chemotactic protein-1 production,GO:BP,1,Brain,0.20142321843591346,31.817275747508305
GO:0071637,regulation of monocyte chemotactic protein-1 production,GO:BP,1,Brain,0.20142321843591346,31.817275747508305
GO:0071639,positive regulation of monocyte chemotactic protein-1 production,GO:BP,1,Brain,0.20142321843591346,49.49354005167959
GO:0072393,microtubule anchoring at microtubule organizing center,GO:BP,1,Brain,0.20142321843591346,37.120155038759684
GO:0072567,chemokine (C-X-C motif) ligand 2 production,GO:BP,1,Brain,0.20142321843591346,44.544186046511626
GO:0090481,pyrimidine nucleotide-sugar transmembrane transport,GO:BP,1,Brain,0.20142321843591346,37.120155038759684
GO:0097709,connective tissue replacement,GO:BP,1,Brain,0.20142321843591346,49.49354005167959
GO:0098877,neurotransmitter receptor transport to plasma membrane,GO:BP,1,Brain,0.20142321843591346,29.696124031007752
GO:0098887,"neurotransmitter receptor transport, endosome to postsynaptic membrane",GO:BP,1,Brain,0.20142321843591346,55.68023255813954
GO:0098969,neurotransmitter receptor transport to postsynaptic membrane,GO:BP,1,Brain,0.20142321843591346,34.264758497316635
GO:0099638,endosome to plasma membrane protein transport,GO:BP,1,Brain,0.20142321843591346,29.696124031007752
GO:0099639,"neurotransmitter receptor transport, endosome to plasma membrane",GO:BP,1,Brain,0.20142321843591346,49.49354005167959
GO:0140718,facultative heterochromatin formation,GO:BP,1,Brain,0.20142321843591346,40.49471458773784
GO:0140966,piRNA-mediated heterochromatin formation,GO:BP,1,Brain,0.20142321843591346,49.49354005167959
GO:0141005,transposable element silencing by heterochromatin formation,GO:BP,1,Brain,0.20142321843591346,40.49471458773784
GO:0141176,gene silencing by piRNA-directed DNA methylation,GO:BP,1,Brain,0.20142321843591346,55.68023255813954
GO:0141196,transposable element silencing by piRNA-mediated DNA methylation,GO:BP,1,Brain,0.20142321843591346,55.68023255813954
GO:1901096,regulation of autophagosome maturation,GO:BP,1,Brain,0.20142321843591346,29.696124031007752
GO:1901163,regulation of trophoblast cell migration,GO:BP,1,Brain,0.20142321843591346,31.817275747508305
GO:1903421,regulation of synaptic vesicle recycling,GO:BP,1,Brain,0.20142321843591346,29.696124031007752
GO:1903540,establishment of protein localization to postsynaptic membrane,GO:BP,1,Brain,0.20142321843591346,34.264758497316635
GO:1903867,extraembryonic membrane development,GO:BP,1,Brain,0.20142321843591346,44.544186046511626
GO:1905039,carboxylic acid transmembrane transport,GO:BP,1,Brain,0.20142321843591346,7.127069767441861
GO:1905244,regulation of modification of synaptic structure,GO:BP,1,Brain,0.20142321843591346,40.49471458773784
GO:1990700,nucleolar chromatin organization,GO:BP,1,Brain,0.20142321843591346,55.68023255813954
GO:2000341,regulation of chemokine (C-X-C motif) ligand 2 production,GO:BP,1,Brain,0.20142321843591346,44.544186046511626
GO:2001044,regulation of integrin-mediated signaling pathway,GO:BP,1,Brain,0.20142321843591346,37.120155038759684
GO:1903825,organic acid transmembrane transport,GO:BP,1,Brain,0.2021879698974799,6.960029069767442
REAC:R-SSC-1475029,Reversible hydration of carbon dioxide,REAC,1,Brain,0.20219035811889485,34.18421052631579
GO:0002934,desmosome organization,GO:BP,1,Blood,0.20250762289431376,64.49158249158248
GO:0015874,norepinephrine transport,GO:BP,1,Blood,0.20250762289431376,64.49158249158248
GO:0001836,release of cytochrome c from mitochondria,GO:BP,1,Muscle,0.20340974556089825,13.623044096728306
GO:0015837,amine transport,GO:BP,1,Muscle,0.20340974556089825,13.623044096728306
GO:0042551,neuron maturation,GO:BP,1,Muscle,0.20340974556089825,13.623044096728306
GO:0050850,positive regulation of calcium-mediated signaling,GO:BP,1,Muscle,0.20340974556089825,13.623044096728306
GO:0010955,negative regulation of protein processing,GO:BP,1,Blood,0.20423898751774677,54.56980056980056
GO:0042574,retinal metabolic process,GO:BP,1,Blood,0.20423898751774677,59.11728395061728
GO:0051610,serotonin uptake,GO:BP,1,Blood,0.20423898751774677,59.11728395061728
GO:1903318,negative regulation of protein maturation,GO:BP,1,Blood,0.20423898751774677,54.56980056980056
GO:0001954,positive regulation of cell-matrix adhesion,GO:BP,1,Muscle,0.20503534101112375,13.264542936288088
GO:0046324,regulation of D-glucose import,GO:BP,1,Muscle,0.20503534101112375,13.264542936288088
GO:0086009,membrane repolarization,GO:BP,1,Muscle,0.20503534101112375,13.264542936288088
GO:1904262,negative regulation of TORC1 signaling,GO:BP,1,Muscle,0.20503534101112375,13.264542936288088
GO:0034121,regulation of toll-like receptor signaling pathway,GO:BP,1,Lung,0.20510876220017607,24.493606138107417
GO:0010526,transposable element silencing,GO:BP,1,Brain,0.20640756397570548,27.84011627906977
GO:0031048,regulatory ncRNA-mediated heterochromatin formation,GO:BP,1,Brain,0.20640756397570548,27.84011627906977
GO:0071218,cellular response to misfolded protein,GO:BP,1,Brain,0.20640756397570548,27.84011627906977
GO:0071514,genomic imprinting,GO:BP,1,Brain,0.20640756397570548,27.84011627906977
REAC:R-SSC-380108,Chemokine receptors bind chemokines,REAC,1,Muscle,0.2071838538330196,23.76219512195122
GO:0001881,receptor recycling,GO:BP,1,Muscle,0.20809157288030034,12.924426450742239
GO:0006862,nucleotide transport,GO:BP,1,Muscle,0.20809157288030034,12.601315789473682
GO:0032924,activin receptor signaling pathway,GO:BP,1,Muscle,0.20809157288030034,12.924426450742239
GO:0033363,secretory granule organization,GO:BP,1,Muscle,0.20809157288030034,12.601315789473682
GO:0033628,regulation of cell adhesion mediated by integrin,GO:BP,1,Muscle,0.20809157288030034,12.601315789473682
GO:0042157,lipoprotein metabolic process,GO:BP,1,Muscle,0.20809157288030034,12.601315789473682
GO:1901379,regulation of potassium ion transmembrane transport,GO:BP,1,Muscle,0.20809157288030034,12.601315789473682
GO:0006865,amino acid transport,GO:BP,1,Brain,0.20858294968336444,6.698373841580696
GO:0002281,macrophage activation involved in immune response,GO:BP,1,Blood,0.2087705424203226,47.29382716049383
GO:0003071,renal system process involved in regulation of systemic arterial blood pressure,GO:BP,1,Blood,0.2087705424203226,47.29382716049383
GO:0072531,pyrimidine-containing compound transmembrane transport,GO:BP,1,Blood,0.2087705424203226,47.29382716049383
GO:0090493,catecholamine uptake,GO:BP,1,Blood,0.2087705424203226,47.29382716049383
GO:0090494,dopamine uptake,GO:BP,1,Blood,0.2087705424203226,50.67195767195767
GO:2000811,negative regulation of anoikis,GO:BP,1,Blood,0.2087705424203226,50.67195767195767
GO:0009119,ribonucleoside metabolic process,GO:BP,1,Lung,0.20884100093508384,23.473039215686274
GO:0046164,alcohol catabolic process,GO:BP,1,Lung,0.20884100093508384,23.473039215686274
GO:1901658,glycosyl compound catabolic process,GO:BP,1,Lung,0.20884100093508384,23.473039215686274
GO:0042417,dopamine metabolic process,GO:BP,1,Lung,0.2099883774440831,22.534117647058824
GO:0060325,face morphogenesis,GO:BP,1,Lung,0.2099883774440831,22.534117647058824
GO:0071354,cellular response to interleukin-6,GO:BP,1,Lung,0.2099883774440831,22.534117647058824
REAC:R-SSC-141405,Inhibition of the proteolytic activity of APC/C required for the onset of anaphase by mitotic spindle checkpoint components,REAC,1,Muscle,0.21129607935333125,34.794642857142854
REAC:R-SSC-141430,Inactivation of APC/C via direct inhibition of the APC/C complex,REAC,1,Muscle,0.21129607935333125,34.794642857142854
REAC:R-SSC-176407,Conversion from APC/C:Cdc20 to APC/C:Cdh1 in late anaphase,REAC,1,Muscle,0.21129607935333125,34.794642857142854
REAC:R-SSC-176412,Phosphorylation of the APC/C,REAC,1,Muscle,0.21129607935333125,34.794642857142854
REAC:R-SSC-3322077,Glycogen synthesis,REAC,1,Muscle,0.21129607935333125,81.1875
REAC:R-SSC-3772470,Negative regulation of TCF-dependent signaling by WNT ligand antagonists,REAC,1,Muscle,0.21129607935333125,69.58928571428571
REAC:R-SSC-5658623,FGFRL1 modulation of FGFR1 signaling,REAC,1,Muscle,0.21129607935333125,40.59375
REAC:R-SSC-70221,Glycogen breakdown (glycogenolysis),REAC,1,Muscle,0.21129607935333125,48.7125
REAC:R-SSC-83936,Transport of nucleosides and free purine and pyrimidine bases across the plasma membrane,REAC,1,Muscle,0.21129607935333125,44.284090909090914
REAC:R-SSC-8982491,Glycogen metabolism,REAC,1,Muscle,0.21129607935333125,34.794642857142854
REAC:R-SSC-9609507,Protein localization,REAC,1,Muscle,0.21129607935333125,11.071022727272728
GO:2000351,regulation of endothelial cell apoptotic process,GO:BP,1,Muscle,0.21171689361257137,12.293966623876765
GO:2001238,positive regulation of extrinsic apoptotic signaling pathway,GO:BP,1,Muscle,0.21171689361257137,12.293966623876765
REAC:R-SSC-1268020,Mitochondrial protein import,REAC,1,Muscle,0.21179399564937876,30.4453125
REAC:R-SSC-174048,APC/C:Cdc20 mediated degradation of Cyclin B,REAC,1,Muscle,0.21179399564937876,27.0625
REAC:R-SSC-179409,APC-Cdc20 mediated degradation of Nek2A,REAC,1,Muscle,0.21179399564937876,27.0625
REAC:R-SSC-375276,Peptide ligand-binding receptors,REAC,1,Muscle,0.21179399564937876,6.860915492957746
GO:0051014,actin filament severing,GO:BP,1,Liver,0.21202396932711848,39.82120582120582
GO:1904037,positive regulation of epithelial cell apoptotic process,GO:BP,1,Liver,0.21202396932711848,39.82120582120582
GO:0021952,central nervous system projection neuron axonogenesis,GO:BP,1,Lung,0.21337879801001203,21.667420814479637
GO:0060479,lung cell differentiation,GO:BP,1,Lung,0.21337879801001203,21.667420814479637
GO:0060487,lung epithelial cell differentiation,GO:BP,1,Lung,0.21337879801001203,21.667420814479637
GO:2000008,regulation of protein localization to cell surface,GO:BP,1,Lung,0.21337879801001203,21.667420814479637
GO:0035458,cellular response to interferon-beta,GO:BP,1,Brain,0.2167004644624519,26.202462380300958
GO:0010464,regulation of mesenchymal cell proliferation,GO:BP,1,Lung,0.21778627314663201,20.864923747276688
GO:0043243,positive regulation of protein-containing complex disassembly,GO:BP,1,Lung,0.21778627314663201,20.864923747276688
REAC:R-SSC-937041,IKK complex recruitment mediated by RIP1,REAC,1,Muscle,0.21795446164972906,24.35625
GO:0001782,B cell homeostasis,GO:BP,1,Lung,0.21853306558288033,20.119747899159663
GO:0007435,salivary gland morphogenesis,GO:BP,1,Lung,0.21853306558288033,20.119747899159663
GO:0009309,amine biosynthetic process,GO:BP,1,Lung,0.21853306558288033,20.119747899159663
GO:0042401,biogenic amine biosynthetic process,GO:BP,1,Lung,0.21853306558288033,20.119747899159663
GO:0070741,response to interleukin-6,GO:BP,1,Lung,0.21853306558288033,20.119747899159663
GO:0048199,"vesicle targeting, to, from or within Golgi",GO:BP,1,Brain,0.21856444596248883,24.746770025839794
GO:0051788,response to misfolded protein,GO:BP,1,Brain,0.21856444596248883,24.746770025839794
GO:0060216,definitive hemopoiesis,GO:BP,1,Brain,0.21856444596248883,24.746770025839794
GO:0071359,cellular response to dsRNA,GO:BP,1,Brain,0.21856444596248883,24.746770025839794
GO:1902275,regulation of chromatin organization,GO:BP,1,Brain,0.21856444596248883,24.746770025839794
GO:0002262,myeloid cell homeostasis,GO:BP,1,Brain,0.21865173896056345,6.060433475715867
GO:0007141,male meiosis I,GO:BP,1,Brain,0.21865173896056345,23.444308445532435
GO:0016486,peptide hormone processing,GO:BP,1,Brain,0.21865173896056345,23.444308445532435
GO:0030099,myeloid cell differentiation,GO:BP,1,Brain,0.21865173896056345,3.829013127207303
GO:0030220,platelet formation,GO:BP,1,Brain,0.21865173896056345,23.444308445532435
GO:0033032,regulation of myeloid cell apoptotic process,GO:BP,1,Brain,0.21865173896056345,22.272093023255813
GO:0034138,toll-like receptor 3 signaling pathway,GO:BP,1,Brain,0.21865173896056345,22.272093023255813
GO:0034643,"establishment of mitochondrion localization, microtubule-mediated",GO:BP,1,Brain,0.21865173896056345,23.444308445532435
GO:0035162,embryonic hemopoiesis,GO:BP,1,Brain,0.21865173896056345,22.272093023255813
GO:0036344,platelet morphogenesis,GO:BP,1,Brain,0.21865173896056345,22.272093023255813
GO:0042219,modified amino acid catabolic process,GO:BP,1,Brain,0.21865173896056345,23.444308445532435
GO:0043129,surfactant homeostasis,GO:BP,1,Brain,0.21865173896056345,22.272093023255813
GO:0043931,ossification involved in bone maturation,GO:BP,1,Brain,0.21865173896056345,23.444308445532435
GO:0047497,mitochondrion transport along microtubule,GO:BP,1,Brain,0.21865173896056345,23.444308445532435
GO:0048668,collateral sprouting,GO:BP,1,Brain,0.21865173896056345,23.444308445532435
GO:0060339,negative regulation of type I interferon-mediated signaling pathway,GO:BP,1,Brain,0.21865173896056345,22.272093023255813
GO:0070977,bone maturation,GO:BP,1,Brain,0.21865173896056345,23.444308445532435
GO:1902473,regulation of protein localization to synapse,GO:BP,1,Brain,0.21865173896056345,22.272093023255813
GO:0003081,regulation of systemic arterial blood pressure by renin-angiotensin,GO:BP,1,Blood,0.21865311019475903,41.729847494553375
GO:0006837,serotonin transport,GO:BP,1,Blood,0.21865311019475903,41.729847494553375
GO:0010842,retina layer formation,GO:BP,1,Blood,0.21865311019475903,44.33796296296296
GO:0050855,regulation of B cell receptor signaling pathway,GO:BP,1,Blood,0.21865311019475903,41.729847494553375
GO:2000641,regulation of early endosome to late endosome transport,GO:BP,1,Blood,0.21865311019475903,41.729847494553375
GO:0043649,dicarboxylic acid catabolic process,GO:BP,1,Liver,0.21873688914447734,36.97683397683398
GO:1902969,mitotic DNA replication,GO:BP,1,Liver,0.21873688914447734,36.97683397683398
GO:0003300,cardiac muscle hypertrophy,GO:BP,1,Muscle,0.21933032103587868,11.722154222766218
GO:0097300,programmed necrotic cell death,GO:BP,1,Muscle,0.21933032103587868,11.722154222766218
REAC:R-SSC-525793,Myogenesis,REAC,1,Muscle,0.21966585061509772,22.142045454545457
GO:0043094,metabolic compound salvage,GO:BP,1,Lung,0.21995805883664976,19.425963488843813
GO:1901532,regulation of hematopoietic progenitor cell differentiation,GO:BP,1,Lung,0.21995805883664976,19.425963488843813
GO:0000271,polysaccharide biosynthetic process,GO:BP,1,Muscle,0.2205311162701422,11.455741626794257
GO:0043502,regulation of muscle adaptation,GO:BP,1,Muscle,0.2205311162701422,11.455741626794257
GO:0045599,negative regulation of fat cell differentiation,GO:BP,1,Muscle,0.2205311162701422,11.455741626794257
GO:0072577,endothelial cell apoptotic process,GO:BP,1,Muscle,0.2205311162701422,11.455741626794257
GO:0010559,regulation of glycoprotein biosynthetic process,GO:BP,1,Brain,0.22110695231943936,21.21151716500554
GO:0030150,protein import into mitochondrial matrix,GO:BP,1,Brain,0.22110695231943936,21.21151716500554
GO:0034453,microtubule anchoring,GO:BP,1,Brain,0.22110695231943936,21.21151716500554
GO:0070168,negative regulation of biomineral tissue development,GO:BP,1,Brain,0.22110695231943936,21.21151716500554
GO:0090594,inflammatory response to wounding,GO:BP,1,Brain,0.22110695231943936,21.21151716500554
GO:0099563,modification of synaptic structure,GO:BP,1,Brain,0.22110695231943936,21.21151716500554
GO:1902683,regulation of receptor localization to synapse,GO:BP,1,Brain,0.22110695231943936,21.21151716500554
REAC:R-SSC-1483191,Synthesis of PC,REAC,1,Muscle,0.22268183829964872,20.296875
REAC:R-SSC-8866652,Synthesis of active ubiquitin: roles of E1 and E2 enzymes,REAC,1,Muscle,0.22268183829964872,20.296875
GO:0007431,salivary gland development,GO:BP,1,Lung,0.22317087819421255,18.77843137254902
GO:0060323,head morphogenesis,GO:BP,1,Lung,0.22317087819421255,18.77843137254902
GO:0051279,regulation of release of sequestered calcium ion into cytosol,GO:BP,1,Muscle,0.2234911224872323,11.201169590643275
GO:0072132,mesenchyme morphogenesis,GO:BP,1,Muscle,0.2234911224872323,11.201169590643275
GO:1904064,positive regulation of cation transmembrane transport,GO:BP,1,Muscle,0.2234911224872323,11.201169590643275
GO:0007026,negative regulation of microtubule depolymerization,GO:BP,1,Brain,0.225178676718144,20.24735729386892
GO:0007616,long-term memory,GO:BP,1,Brain,0.225178676718144,20.24735729386892
GO:0048799,animal organ maturation,GO:BP,1,Brain,0.225178676718144,20.24735729386892
GO:0051043,regulation of membrane protein ectodomain proteolysis,GO:BP,1,Brain,0.225178676718144,20.24735729386892
GO:0140448,signaling receptor ligand precursor processing,GO:BP,1,Brain,0.225178676718144,20.24735729386892
GO:0002093,auditory receptor cell morphogenesis,GO:BP,1,Liver,0.2257579058640305,28.75975975975976
GO:0007009,plasma membrane organization,GO:BP,1,Liver,0.2257579058640305,7.502546024285155
GO:0009084,glutamine family amino acid biosynthetic process,GO:BP,1,Liver,0.2257579058640305,32.35472972972973
GO:0010818,T cell chemotaxis,GO:BP,1,Liver,0.2257579058640305,30.451510333863276
GO:0010954,positive regulation of protein processing,GO:BP,1,Liver,0.2257579058640305,28.75975975975976
GO:0035994,response to muscle stretch,GO:BP,1,Liver,0.2257579058640305,32.35472972972973
GO:0042776,proton motive force-driven mitochondrial ATP synthesis,GO:BP,1,Liver,0.2257579058640305,30.451510333863276
GO:0045907,positive regulation of vasoconstriction,GO:BP,1,Liver,0.2257579058640305,28.75975975975976
GO:0046597,host-mediated suppression of symbiont invasion,GO:BP,1,Liver,0.2257579058640305,28.75975975975976
GO:0048791,calcium ion-regulated exocytosis of neurotransmitter,GO:BP,1,Liver,0.2257579058640305,30.451510333863276
GO:0050951,sensory perception of temperature stimulus,GO:BP,1,Liver,0.2257579058640305,28.75975975975976
GO:0061709,reticulophagy,GO:BP,1,Liver,0.2257579058640305,30.451510333863276
GO:0071800,podosome assembly,GO:BP,1,Liver,0.2257579058640305,28.75975975975976
GO:0097284,hepatocyte apoptotic process,GO:BP,1,Liver,0.2257579058640305,34.51171171171171
GO:0170033,L-amino acid metabolic process,GO:BP,1,Liver,0.2257579058640305,7.502546024285155
GO:0170039,proteinogenic amino acid metabolic process,GO:BP,1,Liver,0.2257579058640305,7.091447611995558
GO:0170043,non-proteinogenic amino acid biosynthetic process,GO:BP,1,Liver,0.2257579058640305,34.51171171171171
GO:1903859,regulation of dendrite extension,GO:BP,1,Liver,0.2257579058640305,30.451510333863276
GO:1903861,positive regulation of dendrite extension,GO:BP,1,Liver,0.2257579058640305,32.35472972972973
GO:2000114,regulation of establishment of cell polarity,GO:BP,1,Liver,0.2257579058640305,28.75975975975976
GO:0014896,muscle hypertrophy,GO:BP,1,Muscle,0.22578553376569613,10.95766590389016
GO:0014897,striated muscle hypertrophy,GO:BP,1,Muscle,0.22578553376569613,10.95766590389016
GO:0034767,positive regulation of monoatomic ion transmembrane transport,GO:BP,1,Muscle,0.22578553376569613,10.95766590389016
GO:0019985,translesion synthesis,GO:BP,1,Blood,0.2261690095448463,39.41152263374485
REAC:R-SSC-2173795,Downregulation of SMAD2/3:SMAD4 transcriptional activity,REAC,1,Muscle,0.22637995696660104,18.735576923076923
REAC:R-SSC-5689896,Ovarian tumor domain proteases,REAC,1,Muscle,0.22637995696660104,18.041666666666664
GO:0002230,positive regulation of defense response to virus by host,GO:BP,1,Brain,0.2273636671110114,19.367037411526795
GO:0048026,"positive regulation of mRNA splicing, via spliceosome",GO:BP,1,Brain,0.2273636671110114,19.367037411526795
GO:0070861,regulation of protein exit from endoplasmic reticulum,GO:BP,1,Brain,0.2273636671110114,19.367037411526795
GO:1901099,negative regulation of signal transduction in absence of ligand,GO:BP,1,Brain,0.2273636671110114,19.367037411526795
GO:2001240,negative regulation of extrinsic apoptotic signaling pathway in absence of ligand,GO:BP,1,Brain,0.2273636671110114,19.367037411526795
REAC:R-SSC-176408,Regulation of APC/C activators between G1/S and early anaphase,REAC,1,Muscle,0.227432585750667,17.397321428571427
GO:0042311,vasodilation,GO:BP,1,Lung,0.2278885077729311,18.17267552182163
GO:0045637,regulation of myeloid cell differentiation,GO:BP,1,Brain,0.2281353412333178,5.499282227964399
REAC:R-SSC-5682910,LGI-ADAM interactions,REAC,1,Lung,0.22915881496694698,35.26696832579185
REAC:R-SSC-8983432,Interleukin-15 signaling,REAC,1,Lung,0.22915881496694698,38.20588235294118
GO:0035456,response to interferon-beta,GO:BP,1,Brain,0.2292523385257095,18.560077519379842
GO:0044342,type B pancreatic cell proliferation,GO:BP,1,Brain,0.2292523385257095,18.560077519379842
GO:0099637,neurotransmitter receptor transport,GO:BP,1,Brain,0.2292523385257095,18.560077519379842
GO:2000209,regulation of anoikis,GO:BP,1,Blood,0.2302973337920493,37.33723196881091
GO:0007528,neuromuscular junction development,GO:BP,1,Muscle,0.23081014410364564,10.501096491228068
GO:0045058,T cell selection,GO:BP,1,Muscle,0.23081014410364564,10.501096491228068
GO:0051480,regulation of cytosolic calcium ion concentration,GO:BP,1,Muscle,0.23081014410364564,10.501096491228068
REAC:R-SSC-9018519,Estrogen-dependent gene expression,REAC,1,Blood,0.2310268829124936,7.304592314901593
GO:0002347,response to tumor cell,GO:BP,1,Lung,0.23203293133595992,17.071301247771835
GO:0014009,glial cell proliferation,GO:BP,1,Lung,0.23203293133595992,17.604779411764707
GO:0021955,central nervous system neuron axonogenesis,GO:BP,1,Lung,0.23203293133595992,17.071301247771835
GO:0048665,neuron fate specification,GO:BP,1,Lung,0.23203293133595992,17.071301247771835
GO:0061448,connective tissue development,GO:BP,1,Lung,0.23203293133595992,5.192193006234752
GO:0033028,myeloid cell apoptotic process,GO:BP,1,Brain,0.23377378974027316,17.81767441860465
GO:0051654,establishment of mitochondrion localization,GO:BP,1,Brain,0.23377378974027316,17.81767441860465
GO:1903018,regulation of glycoprotein metabolic process,GO:BP,1,Brain,0.23377378974027316,17.81767441860465
GO:0045862,positive regulation of proteolysis,GO:BP,1,Liver,0.23425815080852733,6.679686137750654
GO:0006817,phosphate ion transport,GO:BP,1,Blood,0.23438756720795714,33.78130511463845
GO:0015732,prostaglandin transport,GO:BP,1,Blood,0.23438756720795714,35.47037037037037
GO:0035461,vitamin transmembrane transport,GO:BP,1,Blood,0.23438756720795714,33.78130511463845
GO:0086019,cell-cell signaling involved in cardiac conduction,GO:BP,1,Blood,0.23438756720795714,33.78130511463845
GO:0001662,behavioral fear response,GO:BP,1,Lung,0.23439527946862485,16.569204152249135
GO:0002067,glandular epithelial cell differentiation,GO:BP,1,Lung,0.23439527946862485,16.569204152249135
GO:0018279,protein N-linked glycosylation via asparagine,GO:BP,1,Lung,0.23439527946862485,16.569204152249135
GO:0070059,intrinsic apoptotic signaling pathway in response to endoplasmic reticulum stress,GO:BP,1,Muscle,0.23561758175845457,10.081052631578947
REAC:R-SSC-201451,Signaling by BMP,REAC,1,Muscle,0.23673151458209413,15.713709677419356
GO:0010827,regulation of D-glucose transmembrane transport,GO:BP,1,Muscle,0.23689667184414354,9.883384932920537
GO:0051881,regulation of mitochondrial membrane potential,GO:BP,1,Muscle,0.23689667184414354,9.883384932920537
GO:0001913,T cell mediated cytotoxicity,GO:BP,1,Lung,0.23776017527394824,15.648692810457517
GO:0002209,behavioral defense response,GO:BP,1,Lung,0.23776017527394824,16.09579831932773
GO:0002920,regulation of humoral immune response,GO:BP,1,Lung,0.23776017527394824,15.648692810457517
GO:0006584,catecholamine metabolic process,GO:BP,1,Lung,0.23776017527394824,15.648692810457517
GO:0009712,catechol-containing compound metabolic process,GO:BP,1,Lung,0.23776017527394824,15.648692810457517
GO:0042073,intraciliary transport,GO:BP,1,Lung,0.23776017527394824,16.09579831932773
GO:0043030,regulation of macrophage activation,GO:BP,1,Lung,0.23776017527394824,15.648692810457517
GO:0046626,regulation of insulin receptor signaling pathway,GO:BP,1,Muscle,0.23779923214505244,9.693319838056679
GO:0140115,export across plasma membrane,GO:BP,1,Muscle,0.23779923214505244,9.693319838056679
GO:0002021,response to dietary excess,GO:BP,1,Brain,0.2380983267876205,17.132379248658317
GO:0006346,DNA methylation-dependent constitutive heterochromatin formation,GO:BP,1,Brain,0.2380983267876205,17.132379248658317
GO:0015813,L-glutamate transmembrane transport,GO:BP,1,Brain,0.2380983267876205,17.132379248658317
GO:0033688,regulation of osteoblast proliferation,GO:BP,1,Brain,0.2380983267876205,17.132379248658317
GO:0050685,positive regulation of mRNA processing,GO:BP,1,Brain,0.2380983267876205,17.132379248658317
KEGG:00040,Pentose and glucuronate interconversions,KEGG,1,Liver,0.23900914569820236,20.326923076923077
KEGG:00052,Galactose metabolism,KEGG,1,Liver,0.23900914569820236,17.048387096774196
KEGG:00140,Steroid hormone biosynthesis,KEGG,1,Liver,0.23900914569820236,8.663934426229508
KEGG:00250,"Alanine, aspartate and glutamate metabolism",KEGG,1,Liver,0.23900914569820236,14.283783783783784
KEGG:00590,Arachidonic acid metabolism,KEGG,1,Liver,0.23900914569820236,7.141891891891892
KEGG:00860,Porphyrin metabolism,KEGG,1,Liver,0.23900914569820236,14.680555555555554
KEGG:00982,Drug metabolism - cytochrome P450,KEGG,1,Liver,0.23900914569820236,10.57
KEGG:01230,Biosynthesis of amino acids,KEGG,1,Liver,0.23900914569820236,7.772058823529411
KEGG:03008,Ribosome biogenesis in eukaryotes,KEGG,1,Liver,0.23900914569820236,7.340277777777777
KEGG:03050,Proteasome,KEGG,1,Liver,0.23900914569820236,12.011363636363635
KEGG:03320,PPAR signaling pathway,KEGG,1,Liver,0.23900914569820236,6.863636363636364
KEGG:04146,Peroxisome,KEGG,1,Liver,0.23900914569820236,6.291666666666666
KEGG:04971,Gastric acid secretion,KEGG,1,Liver,0.23900914569820236,7.239726027397261
KEGG:04973,Carbohydrate digestion and absorption,KEGG,1,Liver,0.23900914569820236,11.24468085106383
KEGG:05204,Chemical carcinogenesis - DNA adducts,KEGG,1,Liver,0.23900914569820236,9.971698113207548
GO:0032007,negative regulation of TOR signaling,GO:BP,1,Muscle,0.23912991983862433,9.510427010923534
GO:2001244,positive regulation of intrinsic apoptotic signaling pathway,GO:BP,1,Muscle,0.23912991983862433,9.510427010923534
GO:0031579,membrane raft organization,GO:BP,1,Liver,0.2400128886699386,25.883783783783784
GO:0034405,response to fluid shear stress,GO:BP,1,Liver,0.2400128886699386,25.883783783783784
GO:1903319,positive regulation of protein maturation,GO:BP,1,Liver,0.2400128886699386,25.883783783783784
GO:0003281,ventricular septum development,GO:BP,1,Muscle,0.24041970763680579,9.33430799220273
GO:0046323,D-glucose import,GO:BP,1,Muscle,0.24041970763680579,9.33430799220273
GO:2000514,"regulation of CD4-positive, alpha-beta T cell activation",GO:BP,1,Muscle,0.24041970763680579,9.33430799220273
GO:0050857,positive regulation of antigen receptor-mediated signaling pathway,GO:BP,1,Blood,0.24166791352343597,32.24579124579124
GO:0000272,polysaccharide catabolic process,GO:BP,1,Liver,0.24183877186037703,24.651222651222653
GO:0007187,"G protein-coupled receptor signaling pathway, coupled to cyclic nucleotide second messenger",GO:BP,1,Liver,0.24183877186037703,23.53071253071253
GO:0009162,deoxyribonucleoside monophosphate metabolic process,GO:BP,1,Liver,0.24183877186037703,24.651222651222653
GO:0009251,glucan catabolic process,GO:BP,1,Liver,0.24183877186037703,24.651222651222653
GO:0022011,myelination in peripheral nervous system,GO:BP,1,Liver,0.24183877186037703,23.53071253071253
GO:0032292,peripheral nervous system axon ensheathment,GO:BP,1,Liver,0.24183877186037703,23.53071253071253
GO:0032878,regulation of establishment or maintenance of cell polarity,GO:BP,1,Liver,0.24183877186037703,24.651222651222653
GO:0051016,barbed-end actin filament capping,GO:BP,1,Liver,0.24183877186037703,24.651222651222653
GO:0097484,dendrite extension,GO:BP,1,Liver,0.24183877186037703,23.53071253071253
GO:1990000,amyloid fibril formation,GO:BP,1,Liver,0.24183877186037703,23.53071253071253
GO:0035272,exocrine system development,GO:BP,1,Lung,0.24198569962896077,15.225755166931636
GO:1900076,regulation of cellular response to insulin stimulus,GO:BP,1,Muscle,0.24284897842649988,9.164593301435406
GO:0045648,positive regulation of erythrocyte differentiation,GO:BP,1,Brain,0.24374113106830927,16.497846683893197
GO:0045745,positive regulation of G protein-coupled receptor signaling pathway,GO:BP,1,Brain,0.24374113106830927,16.497846683893197
REAC:R-SSC-8866654,E3 ubiquitin ligases ubiquitinate target proteins,REAC,1,Muscle,0.24453643995335778,14.761363636363638
GO:0006220,pyrimidine nucleotide metabolic process,GO:BP,1,Lung,0.24504641979683148,14.825077399380804
GO:0010171,body morphogenesis,GO:BP,1,Lung,0.24504641979683148,14.825077399380804
REAC:R-SSC-5578775,Ion homeostasis,REAC,1,Muscle,0.24670521455783878,13.917857142857141
GO:0030968,endoplasmic reticulum unfolded protein response,GO:BP,1,Muscle,0.24698471776489875,8.843028624192058
GO:0045669,positive regulation of osteoblast differentiation,GO:BP,1,Muscle,0.24698471776489875,8.843028624192058
GO:0097194,execution phase of apoptosis,GO:BP,1,Muscle,0.24698471776489875,8.843028624192058
GO:0046189,phenol-containing compound biosynthetic process,GO:BP,1,Lung,0.2480170004285506,14.44494720965309
GO:0060428,lung epithelium development,GO:BP,1,Lung,0.2480170004285506,14.44494720965309
GO:0031114,regulation of microtubule depolymerization,GO:BP,1,Brain,0.24807365838631462,15.908637873754152
GO:0070536,protein K63-linked deubiquitination,GO:BP,1,Brain,0.24807365838631462,15.908637873754152
GO:0071108,protein K48-linked deubiquitination,GO:BP,1,Brain,0.24807365838631462,15.908637873754152
GO:0090114,COPII-coated vesicle budding,GO:BP,1,Brain,0.24807365838631462,15.908637873754152
GO:0010463,mesenchymal cell proliferation,GO:BP,1,Lung,0.2487746469796841,14.083823529411763
GO:0042596,fear response,GO:BP,1,Lung,0.2487746469796841,14.083823529411763
GO:0060612,adipose tissue development,GO:BP,1,Lung,0.2487746469796841,14.083823529411763
GO:0060411,cardiac septum morphogenesis,GO:BP,1,Muscle,0.24928553772625273,8.690562613430126
GO:0090075,relaxation of muscle,GO:BP,1,Liver,0.2494377852192905,22.507638072855467
GO:0043112,receptor metabolic process,GO:BP,1,Muscle,0.25154590155334494,8.543264942016057
REAC:R-SSC-2173793,Transcriptional activity of SMAD2/SMAD3:SMAD4 heterotrimer,REAC,1,Muscle,0.25198388666319077,11.598214285714286
REAC:R-SSC-5357905,Regulation of TNFR1 signaling,REAC,1,Muscle,0.25198388666319077,11.071022727272728
REAC:R-SSC-5654736,Signaling by FGFR1,REAC,1,Muscle,0.25198388666319077,10.36436170212766
REAC:R-SSC-75893,TNF signaling,REAC,1,Muscle,0.25198388666319077,9.191037735849056
REAC:R-SSC-8852135,Protein ubiquitination,REAC,1,Muscle,0.25198388666319077,10.1484375
REAC:R-SSC-9033241,Peroxisomal protein import,REAC,1,Muscle,0.25198388666319077,9.7425
REAC:R-SSC-5223345,Miscellaneous transport and binding events,REAC,1,Lung,0.2524242131521269,22.923529411764708
GO:0071277,cellular response to calcium ion,GO:BP,1,Muscle,0.25411059473326575,8.400877192982456
GO:0016242,negative regulation of macroautophagy,GO:BP,1,Brain,0.2545686308709892,14.848062015503876
GO:0043162,ubiquitin-dependent protein catabolic process via the multivesicular body sorting pathway,GO:BP,1,Brain,0.2545686308709892,14.848062015503876
GO:0050691,regulation of defense response to virus by host,GO:BP,1,Brain,0.2545686308709892,14.848062015503876
GO:0051938,L-glutamate import,GO:BP,1,Brain,0.2545686308709892,14.848062015503876
GO:0060117,auditory receptor cell development,GO:BP,1,Liver,0.25682942730670366,21.56981981981982
GO:0098664,G protein-coupled serotonin receptor signaling pathway,GO:BP,1,Liver,0.25682942730670366,21.56981981981982
GO:0043276,anoikis,GO:BP,1,Blood,0.25816257637775214,28.376296296296296
GO:0098810,neurotransmitter reuptake,GO:BP,1,Blood,0.25816257637775214,28.376296296296296
KEGG:04061,Viral protein interaction with cytokine and cytokine receptor,KEGG,1,Muscle,0.25859613334493164,12.592702903946389
KEGG:04260,Cardiac muscle contraction,KEGG,1,Muscle,0.25859613334493164,11.703806228373702
GO:0031111,negative regulation of microtubule polymerization or depolymerization,GO:BP,1,Brain,0.25992273652928244,14.369092273068267
GO:0033687,osteoblast proliferation,GO:BP,1,Brain,0.25992273652928244,14.369092273068267
GO:0060997,dendritic spine morphogenesis,GO:BP,1,Brain,0.25992273652928244,14.369092273068267
GO:0032729,positive regulation of type II interferon production,GO:BP,1,Muscle,0.26050491133745013,8.12988115449915
GO:0032094,response to food,GO:BP,1,Liver,0.2608403407887188,20.707027027027028
GO:0070293,renal absorption,GO:BP,1,Liver,0.2608403407887188,20.707027027027028
GO:0060324,face development,GO:BP,1,Lung,0.26121495318053745,13.101231190150479
GO:0060986,endocrine hormone secretion,GO:BP,1,Lung,0.26121495318053745,13.101231190150479
GO:0007595,lactation,GO:BP,1,Blood,0.2619945615799419,27.28490028490028
REAC:R-SSC-445355,Smooth Muscle Contraction,REAC,1,Lung,0.26342901325341195,15.809330628803245
REAC:R-SSC-499943,Interconversion of nucleotide di- and triphosphates,REAC,1,Lung,0.26342901325341195,16.980392156862745
REAC:R-SSC-111465,Apoptotic cleavage of cellular proteins,REAC,1,Liver,0.2634595241473176,14.789373814041747
REAC:R-SSC-1168372,Downstream signaling events of B Cell Receptor (BCR),REAC,1,Liver,0.2634595241473176,8.816742081447963
REAC:R-SSC-1169091,Activation of NF-kappaB in B cells,REAC,1,Liver,0.2634595241473176,11.182209469153515
REAC:R-SSC-1236975,Antigen processing-Cross presentation,REAC,1,Liver,0.2634595241473176,7.904665314401623
REAC:R-SSC-1236978,Cross-presentation of soluble exogenous antigens (endosomes),REAC,1,Liver,0.2634595241473176,12.735294117647058
REAC:R-SSC-1500931,Cell-Cell communication,REAC,1,Liver,0.2634595241473176,10.662106703146375
REAC:R-SSC-1592230,Mitochondrial biogenesis,REAC,1,Liver,0.2634595241473176,14.789373814041747
REAC:R-SSC-163210,Formation of ATP by chemiosmotic coupling,REAC,1,Liver,0.2634595241473176,35.26696832579185
REAC:R-SSC-181429,Serotonin Neurotransmitter Release Cycle,REAC,1,Liver,0.2634595241473176,35.26696832579185
REAC:R-SSC-187577,SCF(Skp2)-mediated degradation of p27/p21,REAC,1,Liver,0.2634595241473176,9.754693366708386
REAC:R-SSC-189085,Digestion of dietary carbohydrate,REAC,1,Liver,0.2634595241473176,45.847058823529416
REAC:R-SSC-2022090,Assembly of collagen fibrils and other multimeric structures,REAC,1,Liver,0.2634595241473176,7.904665314401623
REAC:R-SSC-212676,Dopamine Neurotransmitter Release Cycle,REAC,1,Liver,0.2634595241473176,25.470588235294116
REAC:R-SSC-264642,Acetylcholine Neurotransmitter Release Cycle,REAC,1,Liver,0.2634595241473176,38.20588235294118
REAC:R-SSC-264870,Caspase-mediated cleavage of cytoskeletal proteins,REAC,1,Liver,0.2634595241473176,45.847058823529416
REAC:R-SSC-3295583,TRP channels,REAC,1,Liver,0.2634595241473176,16.980392156862745
REAC:R-SSC-349425,Autodegradation of the E3 ubiquitin ligase COP1,REAC,1,Liver,0.2634595241473176,11.755656108597284
REAC:R-SSC-350562,Regulation of ornithine decarboxylase (ODC),REAC,1,Liver,0.2634595241473176,12.735294117647058
REAC:R-SSC-351202,Metabolism of polyamines,REAC,1,Liver,0.2634595241473176,10.419786096256685
REAC:R-SSC-375280,Amine ligand-binding receptors,REAC,1,Liver,0.2634595241473176,15.28235294117647
REAC:R-SSC-390650,Histamine receptors,REAC,1,Liver,0.2634595241473176,152.82352941176472
REAC:R-SSC-418990,Adherens junctions interactions,REAC,1,Liver,0.2634595241473176,13.484429065743944
REAC:R-SSC-421270,Cell-cell junction organization,REAC,1,Liver,0.2634595241473176,11.182209469153515
REAC:R-SSC-446107,Type I hemidesmosome assembly,REAC,1,Liver,0.2634595241473176,45.847058823529416
REAC:R-SSC-446728,Cell junction organization,REAC,1,Liver,0.2634595241473176,13.685689201053554
REAC:R-SSC-450408,AUF1 (hnRNP D0) binds and destabilizes mRNA,REAC,1,Liver,0.2634595241473176,10.915966386554622
REAC:R-SSC-4608870,Asymmetric localization of PCP proteins,REAC,1,Liver,0.2634595241473176,9.551470588235295
REAC:R-SSC-4641257,Degradation of AXIN,REAC,1,Liver,0.2634595241473176,11.461764705882354
REAC:R-SSC-4641258,Degradation of DVL,REAC,1,Liver,0.2634595241473176,10.419786096256685
REAC:R-SSC-5358346,Hedgehog ligand biogenesis,REAC,1,Liver,0.2634595241473176,9.754693366708386
REAC:R-SSC-5607761,Dectin-1 mediated noncanonical NF-kB signaling,REAC,1,Liver,0.2634595241473176,11.461764705882354
REAC:R-SSC-5610780,Degradation of GLI1 by the proteasome,REAC,1,Liver,0.2634595241473176,10.915966386554622
REAC:R-SSC-5610785,GLI3 is processed to GLI3R by the proteasome,REAC,1,Liver,0.2634595241473176,10.915966386554622
REAC:R-SSC-5658442,Regulation of RAS by GAPs,REAC,1,Liver,0.2634595241473176,8.490196078431373
REAC:R-SSC-5676590,NIK-->noncanonical NF-kB signaling,REAC,1,Liver,0.2634595241473176,11.461764705882354
REAC:R-SSC-5687128,MAPK6/MAPK4 signaling,REAC,1,Liver,0.2634595241473176,8.490196078431373
REAC:R-SSC-68949,Orc1 removal from chromatin,REAC,1,Liver,0.2634595241473176,8.043343653250774
REAC:R-SSC-69202,Cyclin E associated events during G1/S transition ,REAC,1,Liver,0.2634595241473176,8.490196078431373
REAC:R-SSC-69541,Stabilization of p53,REAC,1,Liver,0.2634595241473176,11.182209469153515
REAC:R-SSC-69563,p53-Dependent G1 DNA Damage Response,REAC,1,Liver,0.2634595241473176,9.356542617046818
REAC:R-SSC-69580,p53-Dependent G1/S DNA damage checkpoint,REAC,1,Liver,0.2634595241473176,9.356542617046818
REAC:R-SSC-69601,Ubiquitin Mediated Degradation of Phosphorylated Cdc25A,REAC,1,Liver,0.2634595241473176,11.755656108597284
REAC:R-SSC-69610,p53-Independent DNA Damage Response,REAC,1,Liver,0.2634595241473176,11.755656108597284
REAC:R-SSC-69613,p53-Independent G1/S DNA damage checkpoint,REAC,1,Liver,0.2634595241473176,11.755656108597284
REAC:R-SSC-69615,G1/S DNA Damage Checkpoints,REAC,1,Liver,0.2634595241473176,8.98961937716263
REAC:R-SSC-69656,Cyclin A:Cdk2-associated events at S phase entry,REAC,1,Liver,0.2634595241473176,8.186974789915967
REAC:R-SSC-73614,Pyrimidine salvage,REAC,1,Liver,0.2634595241473176,57.30882352941176
REAC:R-SSC-75153,Apoptotic execution phase,REAC,1,Liver,0.2634595241473176,12.391096979332273
REAC:R-SSC-75815,Ubiquitin-dependent degradation of Cyclin D,REAC,1,Liver,0.2634595241473176,12.06501547987616
REAC:R-SSC-77289,Mitochondrial Fatty Acid Beta-Oxidation,REAC,1,Liver,0.2634595241473176,14.32720588235294
REAC:R-SSC-804914,Transport of fatty acids,REAC,1,Liver,0.2634595241473176,57.30882352941176
REAC:R-SSC-8852276,The role of GTSE1 in G2/M progression after G2 checkpoint,REAC,1,Liver,0.2634595241473176,7.770687936191426
REAC:R-SSC-8854050,FBXL7 down-regulates AURKA during mitotic entry and in early mitosis,REAC,1,Liver,0.2634595241473176,10.915966386554622
REAC:R-SSC-8878166,Transcriptional regulation by RUNX2,REAC,1,Liver,0.2634595241473176,9.169411764705881
REAC:R-SSC-888590,"GABA synthesis, release, reuptake and degradation",REAC,1,Liver,0.2634595241473176,30.56470588235294
REAC:R-SSC-8935690,Digestion,REAC,1,Liver,0.2634595241473176,24.13003095975232
REAC:R-SSC-8939902,Regulation of RUNX2 expression and activity,REAC,1,Liver,0.2634595241473176,11.755656108597284
REAC:R-SSC-8941858,Regulation of RUNX3 expression and activity,REAC,1,Liver,0.2634595241473176,11.182209469153515
REAC:R-SSC-8948751,Regulation of PTEN stability and activity,REAC,1,Liver,0.2634595241473176,9.169411764705881
REAC:R-SSC-8949613,Cristae formation,REAC,1,Liver,0.2634595241473176,35.26696832579185
REAC:R-SSC-8956321,Nucleotide salvage,REAC,1,Liver,0.2634595241473176,25.470588235294116
REAC:R-SSC-8963743,Digestion and absorption,REAC,1,Liver,0.2634595241473176,19.933503836317136
REAC:R-SSC-8964539,Glutamate and glutamine metabolism,REAC,1,Liver,0.2634595241473176,41.67914438502674
REAC:R-SSC-9753281,Paracetamol ADME,REAC,1,Liver,0.2634595241473176,17.633484162895925
REAC:R-SSC-9755511,KEAP1-NFE2L2 pathway,REAC,1,Liver,0.2634595241473176,7.641176470588235
REAC:R-SSC-9757110,Prednisone ADME,REAC,1,Liver,0.2634595241473176,30.56470588235294
REAC:R-SSC-9759194,Nuclear events mediated by NFE2L2,REAC,1,Liver,0.2634595241473176,10.662106703146375
REAC:R-SSC-9762114,GSK3B and BTRC:CUL1-mediated-degradation of NFE2L2,REAC,1,Liver,0.2634595241473176,12.06501547987616
GO:0034394,protein localization to cell surface,GO:BP,1,Lung,0.26377835709154074,12.803475935828876
GO:0000731,DNA synthesis involved in DNA repair,GO:BP,1,Blood,0.26418848109217186,23.646913580246913
GO:0001736,establishment of planar polarity,GO:BP,1,Blood,0.26418848109217186,23.646913580246913
GO:0001990,regulation of systemic arterial blood pressure by hormone,GO:BP,1,Blood,0.26418848109217186,24.462324393358877
GO:0003180,aortic valve morphogenesis,GO:BP,1,Blood,0.26418848109217186,25.335978835978835
GO:0006301,postreplication repair,GO:BP,1,Blood,0.26418848109217186,26.27434842249657
GO:0007164,establishment of tissue polarity,GO:BP,1,Blood,0.26418848109217186,23.646913580246913
GO:0031670,cellular response to nutrient,GO:BP,1,Blood,0.26418848109217186,23.646913580246913
GO:0045577,regulation of B cell differentiation,GO:BP,1,Blood,0.26418848109217186,24.462324393358877
GO:0009913,epidermal cell differentiation,GO:BP,1,Liver,0.26474751372848926,5.626909518213867
GO:0034067,protein localization to Golgi apparatus,GO:BP,1,Liver,0.26474751372848926,19.91060291060291
GO:0051125,regulation of actin nucleation,GO:BP,1,Liver,0.26474751372848926,19.91060291060291
GO:0048863,stem cell differentiation,GO:BP,1,Brain,0.2670439199623808,4.615977828654055
GO:1903053,regulation of extracellular matrix organization,GO:BP,1,Lung,0.2673520374830967,12.518954248366013
GO:0042130,negative regulation of T cell proliferation,GO:BP,1,Lung,0.26871833028727093,12.246803069053708
GO:0043271,negative regulation of monoatomic ion transport,GO:BP,1,Lung,0.26871833028727093,12.246803069053708
GO:0002573,myeloid leukocyte differentiation,GO:BP,1,Brain,0.26945891394269883,4.545325106786901
GO:0006730,one-carbon metabolic process,GO:BP,1,Brain,0.26945891394269883,13.498238195912615
GO:0006903,vesicle targeting,GO:BP,1,Brain,0.26945891394269883,13.498238195912615
GO:0097028,dendritic cell differentiation,GO:BP,1,Brain,0.26945891394269883,13.498238195912615
GO:0003176,aortic valve development,GO:BP,1,Blood,0.27049885545336827,21.49719416386083
GO:0032387,negative regulation of intracellular transport,GO:BP,1,Blood,0.2706991604312163,20.864923747276688
GO:0042572,retinol metabolic process,GO:BP,1,Blood,0.2706991604312163,20.864923747276688
GO:0034620,cellular response to unfolded protein,GO:BP,1,Muscle,0.2719217631639896,7.523173605655931
GO:1903035,negative regulation of response to wounding,GO:BP,1,Muscle,0.2719217631639896,7.523173605655931
GO:1905897,regulation of response to endoplasmic reticulum stress,GO:BP,1,Muscle,0.2719217631639896,7.637161084529506
GO:0007031,peroxisome organization,GO:BP,1,Brain,0.272350906222098,13.101231190150479
GO:0032728,positive regulation of interferon-beta production,GO:BP,1,Brain,0.272350906222098,13.101231190150479
GO:0033120,positive regulation of RNA splicing,GO:BP,1,Brain,0.272350906222098,13.101231190150479
GO:0140719,constitutive heterochromatin formation,GO:BP,1,Brain,0.272350906222098,13.101231190150479
GO:0001961,positive regulation of cytokine-mediated signaling pathway,GO:BP,1,Lung,0.27235516070592347,11.736519607843137
GO:0006805,xenobiotic metabolic process,GO:BP,1,Lung,0.27235516070592347,11.267058823529412
GO:0048008,platelet-derived growth factor receptor signaling pathway,GO:BP,1,Lung,0.27235516070592347,11.046136101499423
GO:0060425,lung morphogenesis,GO:BP,1,Lung,0.27235516070592347,11.736519607843137
REAC:R-SSC-195253,Degradation of beta-catenin by the destruction complex,REAC,1,Liver,0.27359979089185743,7.16360294117647
REAC:R-SSC-8878159,Transcriptional regulation by RUNX3,REAC,1,Liver,0.27359979089185743,7.16360294117647
GO:0072332,intrinsic apoptotic signaling pathway by p53 class mediator,GO:BP,1,Muscle,0.27447402962522144,7.412538699690402
REAC:R-SSC-190236,Signaling by FGFR,REAC,1,Muscle,0.27467116662739743,7.270522388059701
REAC:R-SSC-9013026,RHOB GTPase cycle,REAC,1,Muscle,0.27467116662739743,7.49423076923077
GO:0030851,granulocyte differentiation,GO:BP,1,Brain,0.275055961505491,12.726910299003322
GO:0042149,cellular response to glucose starvation,GO:BP,1,Brain,0.275055961505491,12.726910299003322
GO:0045071,negative regulation of viral genome replication,GO:BP,1,Brain,0.275055961505491,12.726910299003322
GO:0003044,regulation of systemic arterial blood pressure mediated by a chemical signal,GO:BP,1,Blood,0.27589450667427856,20.268783068783065
GO:0005977,glycogen metabolic process,GO:BP,1,Muscle,0.2761973636931093,7.305110602593439
GO:0008589,regulation of smoothened signaling pathway,GO:BP,1,Muscle,0.2761973636931093,7.305110602593439
GO:0051899,membrane depolarization,GO:BP,1,Muscle,0.2761973636931093,7.305110602593439
GO:0008543,fibroblast growth factor receptor signaling pathway,GO:BP,1,Muscle,0.2770094409601903,7.200751879699247
GO:0033627,cell adhesion mediated by integrin,GO:BP,1,Muscle,0.2770094409601903,7.200751879699247
GO:0010634,positive regulation of epithelial cell migration,GO:BP,1,Brain,0.2781229275799958,12.373385012919897
GO:0030488,tRNA methylation,GO:BP,1,Brain,0.2781229275799958,12.373385012919897
REAC:R-SSC-4086400,PCP/CE pathway,REAC,1,Liver,0.2787247197509247,6.367647058823529
REAC:R-SSC-450531,Regulation of mRNA stability by proteins that bind AU-rich elements,REAC,1,Liver,0.2787247197509247,6.6445012787723785
REAC:R-SSC-5607764,CLEC7A (Dectin-1) signaling,REAC,1,Liver,0.2787247197509247,6.195548489666137
REAC:R-SSC-5668541,TNFR2 non-canonical NF-kB pathway,REAC,1,Liver,0.2787247197509247,6.195548489666137
REAC:R-SSC-170834,Signaling by TGF-beta Receptor Complex,REAC,1,Muscle,0.2795435241020051,6.495
GO:0010257,NADH dehydrogenase complex assembly,GO:BP,1,Lung,0.2802803560028553,10.242780748663101
GO:0032981,mitochondrial respiratory chain complex I assembly,GO:BP,1,Lung,0.2802803560028553,10.242780748663101
GO:0048041,focal adhesion assembly,GO:BP,1,Lung,0.2802803560028553,10.242780748663101
GO:0060760,positive regulation of response to cytokine stimulus,GO:BP,1,Lung,0.2802803560028553,10.242780748663101
GO:0016339,calcium-dependent cell-cell adhesion via plasma membrane cell adhesion molecules,GO:BP,1,Liver,0.2811615669796208,18.48841698841699
GO:0060219,camera-type eye photoreceptor cell differentiation,GO:BP,1,Liver,0.2811615669796208,18.48841698841699
GO:0060338,regulation of type I interferon-mediated signaling pathway,GO:BP,1,Brain,0.2817693032075831,12.0389692017599
GO:0002224,toll-like receptor signaling pathway,GO:BP,1,Lung,0.28251799850688236,10.059873949579831
GO:0070509,calcium ion import,GO:BP,1,Lung,0.28251799850688236,10.059873949579831
REAC:R-SSC-382556,ABC-family proteins mediated transport,REAC,1,Liver,0.2828531364415417,6.03250773993808
GO:0050848,regulation of calcium-mediated signaling,GO:BP,1,Muscle,0.28312932642379,7.000730994152047
GO:0033173,calcineurin-NFAT signaling cascade,GO:BP,1,Blood,0.28320364315945473,19.173173173173172
GO:0042908,xenobiotic transport,GO:BP,1,Blood,0.28320364315945473,19.173173173173172
GO:0045022,early endosome to late endosome transport,GO:BP,1,Blood,0.28320364315945473,18.668615984405456
GO:0097720,calcineurin-mediated signaling,GO:BP,1,Blood,0.28320364315945473,18.668615984405456
GO:1905314,semi-lunar valve development,GO:BP,1,Blood,0.28320364315945473,18.668615984405456
KEGG:04750,Inflammatory mediator regulation of TRP channels,KEGG,1,Liver,0.2837455941116254,4.893518518518519
KEGG:04931,Insulin resistance,KEGG,1,Liver,0.2837455941116254,4.804545454545455
GO:0031398,positive regulation of protein ubiquitination,GO:BP,1,Muscle,0.28427989651294616,6.904830569574621
GO:0007340,acrosome reaction,GO:BP,1,Liver,0.2843193648094206,17.85088536812675
GO:0048814,regulation of dendrite morphogenesis,GO:BP,1,Brain,0.28717564229289955,11.722154222766218
REAC:R-SSC-2559582,Senescence-Associated Secretory Phenotype (SASP),REAC,1,Muscle,0.2874537726826321,6.0890625
REAC:R-SSC-166166,MyD88-independent TLR4 cascade ,REAC,1,Muscle,0.2884985094496452,5.799107142857143
REAC:R-SSC-2168880,Scavenging of heme from plasma,REAC,1,Muscle,0.2884985094496452,5.799107142857143
REAC:R-SSC-937061,TRIF (TICAM1)-mediated TLR4 signaling ,REAC,1,Muscle,0.2884985094496452,5.799107142857143
REAC:R-SSC-1483166,Synthesis of PA,REAC,1,Lung,0.28851598968842446,13.099159663865544
REAC:R-SSC-451927,Interleukin-2 family signaling,REAC,1,Lung,0.28851598968842446,13.099159663865544
GO:0007019,microtubule depolymerization,GO:BP,1,Brain,0.2893048497854622,11.136046511627907
GO:0007566,embryo implantation,GO:BP,1,Brain,0.2893048497854622,11.421586165772212
GO:0044743,protein transmembrane import into intracellular organelle,GO:BP,1,Brain,0.2893048497854622,11.136046511627907
GO:0045646,regulation of erythrocyte differentiation,GO:BP,1,Brain,0.2893048497854622,11.136046511627907
GO:0048873,homeostasis of number of cells within a tissue,GO:BP,1,Brain,0.2893048497854622,11.421586165772212
GO:0070301,cellular response to hydrogen peroxide,GO:BP,1,Brain,0.2893048497854622,11.136046511627907
GO:0098586,cellular response to virus,GO:BP,1,Brain,0.2893048497854622,11.136046511627907
GO:0140894,endolysosomal toll-like receptor signaling pathway,GO:BP,1,Brain,0.2893048497854622,11.421586165772212
GO:0021549,cerebellum development,GO:BP,1,Muscle,0.28951380641215424,6.720701754385964
GO:0006536,glutamate metabolic process,GO:BP,1,Liver,0.28980267665237747,16.699215344376636
GO:0014044,Schwann cell development,GO:BP,1,Liver,0.28980267665237747,16.177364864864867
GO:0014888,striated muscle adaptation,GO:BP,1,Liver,0.28980267665237747,16.177364864864867
GO:0030574,collagen catabolic process,GO:BP,1,Liver,0.28980267665237747,16.699215344376636
GO:0033260,nuclear DNA replication,GO:BP,1,Liver,0.28980267665237747,16.699215344376636
GO:0043114,regulation of vascular permeability,GO:BP,1,Liver,0.28980267665237747,16.699215344376636
GO:0048247,lymphocyte chemotaxis,GO:BP,1,Liver,0.28980267665237747,16.177364864864867
GO:0060122,inner ear receptor cell stereocilium organization,GO:BP,1,Liver,0.28980267665237747,16.177364864864867
GO:0061436,establishment of skin barrier,GO:BP,1,Liver,0.28980267665237747,16.177364864864867
GO:2000300,regulation of synaptic vesicle exocytosis,GO:BP,1,Liver,0.28980267665237747,16.699215344376636
GO:0006406,mRNA export from nucleus,GO:BP,1,Lung,0.29008955377215534,9.712981744421906
REAC:R-SSC-1474290,Collagen formation,REAC,1,Liver,0.29129636394094266,5.660130718954249
REAC:R-SSC-5689603,UCH proteinases,REAC,1,Liver,0.29129636394094266,5.660130718954249
GO:0007584,response to nutrient,GO:BP,1,Blood,0.2917015798098023,16.890652557319225
GO:0051180,vitamin transport,GO:BP,1,Blood,0.2917015798098023,17.302619692863594
GO:0055010,ventricular cardiac muscle tissue morphogenesis,GO:BP,1,Blood,0.2917015798098023,17.302619692863594
GO:0085029,extracellular matrix assembly,GO:BP,1,Blood,0.2917015798098023,16.890652557319225
REAC:R-SSC-5621481,C-type lectin receptors (CLRs),REAC,1,Liver,0.2917905440493255,5.591104734576757
GO:0050672,negative regulation of lymphocyte proliferation,GO:BP,1,Lung,0.2918113748965914,9.548354935194416
GO:0006112,energy reserve metabolic process,GO:BP,1,Muscle,0.29192992743632756,6.632271468144044
GO:1903169,regulation of calcium ion transmembrane transport,GO:BP,1,Muscle,0.2924656123379268,6.380413057961358
GO:0006695,cholesterol biosynthetic process,GO:BP,1,Brain,0.29251698366533485,10.864435621100398
GO:0007140,male meiotic nuclear division,GO:BP,1,Brain,0.29251698366533485,10.60575858250277
GO:0015800,acidic amino acid transport,GO:BP,1,Brain,0.29251698366533485,10.359113034072472
GO:0030219,megakaryocyte differentiation,GO:BP,1,Brain,0.29251698366533485,10.60575858250277
GO:0062237,protein localization to postsynapse,GO:BP,1,Brain,0.29251698366533485,10.60575858250277
GO:0097061,dendritic spine organization,GO:BP,1,Brain,0.29251698366533485,10.359113034072472
GO:0098930,axonal transport,GO:BP,1,Brain,0.29251698366533485,10.60575858250277
GO:1902653,secondary alcohol biosynthetic process,GO:BP,1,Brain,0.29251698366533485,10.864435621100398
GO:1903539,protein localization to postsynaptic membrane,GO:BP,1,Brain,0.29251698366533485,10.60575858250277
GO:0006986,response to unfolded protein,GO:BP,1,Muscle,0.2934325889911368,6.300657894736841
GO:0098927,vesicle-mediated transport between endosomal compartments,GO:BP,1,Blood,0.29363210724800054,16.497846683893194
KEGG:05168,Herpes simplex virus 1 infection,KEGG,1,Brain,0.29442057791960274,5.145899893503727
REAC:R-SSC-69206,G1/S Transition,REAC,1,Liver,0.29443437036027015,5.3937716262975774
REAC:R-SSC-9020702,Interleukin-1 signaling,REAC,1,Liver,0.29443437036027015,5.209893048128342
GO:0032945,negative regulation of mononuclear cell proliferation,GO:BP,1,Lung,0.295127139717915,9.235294117647058
GO:0045494,photoreceptor cell maintenance,GO:BP,1,Liver,0.2954703613483513,15.68714168714169
GO:0048741,skeletal muscle fiber development,GO:BP,1,Liver,0.2954703613483513,15.68714168714169
GO:0008631,intrinsic apoptotic signaling pathway in response to oxidative stress,GO:BP,1,Blood,0.29612487125479936,16.12289562289562
GO:0045197,establishment or maintenance of epithelial cell apical/basal polarity,GO:BP,1,Blood,0.29612487125479936,15.764609053497942
GO:0006509,membrane protein ectodomain proteolysis,GO:BP,1,Brain,0.2963578976085223,10.12367864693446
GO:0032527,protein exit from endoplasmic reticulum,GO:BP,1,Brain,0.2963578976085223,10.12367864693446
GO:0050688,regulation of defense response to virus,GO:BP,1,Brain,0.2963578976085223,10.12367864693446
GO:1900024,regulation of substrate adhesion-dependent cell spreading,GO:BP,1,Blood,0.29673310343880704,15.421900161030596
GO:0001952,regulation of cell-matrix adhesion,GO:BP,1,Muscle,0.2974051358952294,6.07292327203551
GO:0010717,regulation of epithelial to mesenchymal transition,GO:BP,1,Muscle,0.2974051358952294,6.07292327203551
GO:0003279,cardiac septum development,GO:BP,1,Muscle,0.29760579987064795,5.9300309597523215
GO:0008645,hexose transmembrane transport,GO:BP,1,Muscle,0.29760579987064795,5.861077111383109
GO:0022037,metencephalon development,GO:BP,1,Muscle,0.29760579987064795,5.9300309597523215
GO:0035082,axoneme assembly,GO:BP,1,Muscle,0.29760579987064795,5.861077111383109
GO:0042102,positive regulation of T cell proliferation,GO:BP,1,Muscle,0.29760579987064795,6.00062656641604
GO:0044344,cellular response to fibroblast growth factor stimulus,GO:BP,1,Muscle,0.29760579987064795,5.9300309597523215
GO:0071774,response to fibroblast growth factor,GO:BP,1,Muscle,0.29760579987064795,5.861077111383109
GO:1904659,D-glucose transmembrane transport,GO:BP,1,Muscle,0.29760579987064795,5.9300309597523215
REAC:R-SSC-109581,Apoptosis,REAC,1,Liver,0.297839046959474,5.094117647058823
GO:0001738,morphogenesis of a polarized epithelium,GO:BP,1,Blood,0.29828135300489456,13.909949164851124
GO:0003229,ventricular cardiac muscle tissue development,GO:BP,1,Blood,0.29828135300489456,14.477702191987907
GO:0035088,establishment or maintenance of apical/basal cell polarity,GO:BP,1,Blood,0.29828135300489456,14.188148148148148
GO:0050853,B cell receptor signaling pathway,GO:BP,1,Blood,0.29828135300489456,14.77932098765432
GO:0050854,regulation of antigen receptor-mediated signaling pathway,GO:BP,1,Blood,0.29828135300489456,14.188148148148148
GO:0061245,establishment or maintenance of bipolar cell polarity,GO:BP,1,Blood,0.29828135300489456,14.188148148148148
GO:0071715,icosanoid transport,GO:BP,1,Blood,0.29828135300489456,14.477702191987907
GO:0032609,type II interferon production,GO:BP,1,Muscle,0.2984328182300607,5.793708408953417
GO:0032649,regulation of type II interferon production,GO:BP,1,Muscle,0.2984328182300607,5.793708408953417
GO:0009066,aspartate family amino acid metabolic process,GO:BP,1,Liver,0.298788540384119,14.790733590733591
GO:0014037,Schwann cell differentiation,GO:BP,1,Liver,0.298788540384119,14.790733590733591
GO:0030866,cortical actin cytoskeleton organization,GO:BP,1,Liver,0.298788540384119,14.790733590733591
GO:0044786,cell cycle DNA replication,GO:BP,1,Liver,0.298788540384119,14.790733590733591
GO:0046638,positive regulation of alpha-beta T cell differentiation,GO:BP,1,Liver,0.298788540384119,14.790733590733591
GO:0051693,actin filament capping,GO:BP,1,Liver,0.298788540384119,14.790733590733591
GO:0072528,pyrimidine-containing compound biosynthetic process,GO:BP,1,Liver,0.298788540384119,14.790733590733591
REAC:R-SSC-3214842,HDMs demethylate histones,REAC,1,Lung,0.2992788266459473,12.06501547987616
GO:0016126,sterol biosynthetic process,GO:BP,1,Brain,0.300995169770976,9.898708010335918
GO:0014904,myotube cell development,GO:BP,1,Liver,0.30104826598226636,14.37987987987988
GO:0015986,proton motive force-driven ATP synthesis,GO:BP,1,Liver,0.30104826598226636,14.37987987987988
GO:0070664,negative regulation of leukocyte proliferation,GO:BP,1,Lung,0.3012538007443555,8.942110177404295
GO:0061614,miRNA transcription,GO:BP,1,Lung,0.3014691736926318,8.802389705882353
GO:1901796,regulation of signal transduction by p53 class mediator,GO:BP,1,Lung,0.3014691736926318,8.802389705882353
GO:1902893,regulation of miRNA transcription,GO:BP,1,Lung,0.3014691736926318,8.802389705882353
REAC:R-SSC-69618,Mitotic Spindle Checkpoint,REAC,1,Muscle,0.3023131908634825,5.353021978021978
GO:0001523,retinoid metabolic process,GO:BP,1,Blood,0.30324450303882883,13.38504542278127
GO:0015749,monosaccharide transmembrane transport,GO:BP,1,Muscle,0.30353293162709966,5.663512714370194
GO:0035710,"CD4-positive, alpha-beta T cell activation",GO:BP,1,Muscle,0.30353293162709966,5.663512714370194
GO:0051607,defense response to virus,GO:BP,1,Brain,0.3041467167552024,3.7909945571499257
GO:0034142,toll-like receptor 4 signaling pathway,GO:BP,1,Brain,0.3046789055530962,9.683518705763397
GO:0140374,antiviral innate immune response,GO:BP,1,Brain,0.3046789055530962,9.683518705763397
REAC:R-SSC-1592389,Activation of Matrix Metalloproteinases,REAC,1,Brain,0.3049949210911186,17.092105263157894
REAC:R-SSC-191273,Cholesterol biosynthesis,REAC,1,Brain,0.3049949210911186,18.645933014354068
REAC:R-SSC-350054,Notch-HLH transcription pathway,REAC,1,Brain,0.3049949210911186,17.835240274599542
GO:0048663,neuron fate commitment,GO:BP,1,Lung,0.3051052511246508,8.535650623885918
REAC:R-SSC-2173782,Binding and Uptake of Ligands by Scavenger Receptors,REAC,1,Muscle,0.30537175123643473,5.127631578947368
GO:0010811,positive regulation of cell-substrate adhesion,GO:BP,1,Muscle,0.3054659030911573,5.6005847953216374
GO:1903322,positive regulation of protein modification by small protein conjugation or removal,GO:BP,1,Muscle,0.3054659030911573,5.6005847953216374
GO:0032608,interferon-beta production,GO:BP,1,Brain,0.30565048012550217,9.477486392874814
GO:0032648,regulation of interferon-beta production,GO:BP,1,Brain,0.30565048012550217,9.477486392874814
GO:0045744,negative regulation of G protein-coupled receptor signaling pathway,GO:BP,1,Brain,0.30565048012550217,9.477486392874814
REAC:R-SSC-8939211,ESR-mediated signaling,REAC,1,Blood,0.3059401401541224,4.920454545454546
GO:0070936,protein K48-linked ubiquitination,GO:BP,1,Muscle,0.30678568614851026,5.53903990746096
GO:1901875,positive regulation of post-translational protein modification,GO:BP,1,Muscle,0.30678568614851026,5.53903990746096
REAC:R-SSC-6807070,PTEN Regulation,REAC,1,Liver,0.3070892792140322,4.877346683354193
REAC:R-SSC-166016,Toll Like Receptor 4 (TLR4) Cascade,REAC,1,Muscle,0.30879679297347346,4.920454545454546
REAC:R-SSC-9006936,Signaling by TGFB family members,REAC,1,Muscle,0.30879679297347346,4.775735294117647
GO:0016101,diterpenoid metabolic process,GO:BP,1,Blood,0.3092453952419429,12.898316498316497
GO:0050829,defense response to Gram-negative bacterium,GO:BP,1,Blood,0.3092453952419429,12.667989417989418
GO:0072348,sulfur compound transport,GO:BP,1,Blood,0.3092453952419429,12.667989417989418
GO:0006911,"phagocytosis, engulfment",GO:BP,1,Liver,0.30963013125008937,13.623044096728307
GO:0009124,nucleoside monophosphate biosynthetic process,GO:BP,1,Liver,0.30963013125008937,13.623044096728307
GO:0009311,oligosaccharide metabolic process,GO:BP,1,Liver,0.30963013125008937,13.623044096728307
GO:0042491,inner ear auditory receptor cell differentiation,GO:BP,1,Liver,0.30963013125008937,13.623044096728307
GO:0006576,biogenic amine metabolic process,GO:BP,1,Lung,0.3100824370245812,8.164535379369138
GO:0033555,multicellular organismal response to stress,GO:BP,1,Lung,0.3100824370245812,8.047899159663865
GO:0072091,regulation of stem cell proliferation,GO:BP,1,Lung,0.3100824370245812,8.047899159663865
GO:1904263,positive regulation of TORC1 signaling,GO:BP,1,Brain,0.31175200277697623,9.090650213573802
GO:0010632,regulation of epithelial cell migration,GO:BP,1,Brain,0.31253307636839733,8.908837209302325
GO:0043330,response to exogenous dsRNA,GO:BP,1,Brain,0.31253307636839733,8.908837209302325
GO:0061951,establishment of protein localization to plasma membrane,GO:BP,1,Brain,0.31253307636839733,8.908837209302325
GO:0106027,neuron projection organization,GO:BP,1,Brain,0.31253307636839733,8.908837209302325
GO:0170036,import into the mitochondrion,GO:BP,1,Brain,0.31253307636839733,8.908837209302325
GO:0030835,negative regulation of actin filament depolymerization,GO:BP,1,Liver,0.3129400044642038,13.273735273735275
GO:0044331,cell-cell adhesion mediated by cadherin,GO:BP,1,Liver,0.31482633619433126,12.941891891891892
GO:0042542,response to hydrogen peroxide,GO:BP,1,Brain,0.3149786011965854,8.734154126766986
GO:0060337,type I interferon-mediated signaling pathway,GO:BP,1,Brain,0.3149786011965854,8.734154126766986
GO:0070527,platelet aggregation,GO:BP,1,Brain,0.3149786011965854,8.734154126766986
GO:0003151,outflow tract morphogenesis,GO:BP,1,Blood,0.31512723426562794,11.44205495818399
GO:0003208,cardiac ventricle morphogenesis,GO:BP,1,Blood,0.31512723426562794,11.629629629629628
GO:0007589,body fluid secretion,GO:BP,1,Blood,0.31512723426562794,11.44205495818399
GO:0071230,cellular response to amino acid stimulus,GO:BP,1,Blood,0.31512723426562794,11.823456790123457
REAC:R-SSC-446652,Interleukin-1 family signaling,REAC,1,Liver,0.3163355347659241,4.5847058823529405
GO:0006721,terpenoid metabolic process,GO:BP,1,Blood,0.3170663799506531,11.260435038212815
GO:0071260,cellular response to mechanical stimulus,GO:BP,1,Liver,0.3194527660713689,12.626235992089653
GO:0071496,cellular response to external stimulus,GO:BP,1,Liver,0.3194527660713689,12.626235992089653
KEGG:04148,Efferocytosis,KEGG,1,Blood,0.31961841160239,4.834762721555174
KEGG:04210,Apoptosis,KEGG,1,Blood,0.31961841160239,5.694276094276094
KEGG:04380,Osteoclast differentiation,KEGG,1,Blood,0.31961841160239,6.005681818181818
KEGG:04390,Hippo signaling pathway,KEGG,1,Blood,0.31961841160239,5.024361259655378
KEGG:04974,Protein digestion and absorption,KEGG,1,Blood,0.31961841160239,7.764921946740128
GO:0002275,myeloid cell activation involved in immune response,GO:BP,1,Blood,0.319933217271053,10.748597081930415
GO:0003073,regulation of systemic arterial blood pressure,GO:BP,1,Blood,0.319933217271053,10.748597081930415
GO:0019229,regulation of vasoconstriction,GO:BP,1,Liver,0.32121298256088726,12.0389692017599
GO:0030490,maturation of SSU-rRNA,GO:BP,1,Liver,0.32121298256088726,12.325611325611327
GO:0032506,cytokinetic process,GO:BP,1,Liver,0.32121298256088726,12.0389692017599
GO:0060119,inner ear receptor cell development,GO:BP,1,Liver,0.32121298256088726,12.0389692017599
GO:1901293,nucleoside phosphate biosynthetic process,GO:BP,1,Liver,0.32121298256088726,4.3502157619804684
GO:0032722,positive regulation of chemokine production,GO:BP,1,Brain,0.321385360130759,8.404563405002193
GO:0071357,cellular response to type I interferon,GO:BP,1,Brain,0.321385360130759,8.404563405002193
GO:0097352,autophagosome maturation,GO:BP,1,Brain,0.321385360130759,8.404563405002193
REAC:R-SSC-193648,NRAGE signals death through JNK,REAC,1,Lung,0.32194522028026323,9.356542617046818
REAC:R-SSC-6799198,Complex I biogenesis,REAC,1,Lung,0.32194522028026323,10.188235294117646
REAC:R-SSC-72187,mRNA 3'-end processing,REAC,1,Lung,0.32194522028026323,10.188235294117646
REAC:R-SSC-73856,RNA Polymerase II Transcription Termination,REAC,1,Lung,0.32194522028026323,9.169411764705881
GO:0006405,RNA export from nucleus,GO:BP,1,Lung,0.321996374944623,7.412538699690402
GO:0008585,female gonad development,GO:BP,1,Lung,0.321996374944623,7.412538699690402
GO:0021954,central nervous system neuron development,GO:BP,1,Lung,0.321996374944623,7.412538699690402
GO:0060021,roof of mouth development,GO:BP,1,Lung,0.321996374944623,7.412538699690402
GO:2000628,regulation of miRNA metabolic process,GO:BP,1,Lung,0.321996374944623,7.511372549019608
KEGG:00010,Glycolysis / Gluconeogenesis,KEGG,1,Lung,0.32204901927337903,9.395555555555555
KEGG:00071,Fatty acid degradation,KEGG,1,Lung,0.32204901927337903,13.110077519379844
KEGG:00280,"Valine, leucine and isoleucine degradation",KEGG,1,Lung,0.32204901927337903,11.05359477124183
KEGG:00340,Histidine metabolism,KEGG,1,Lung,0.32204901927337903,25.62424242424242
KEGG:00380,Tryptophan metabolism,KEGG,1,Lung,0.32204901927337903,12.527407407407408
KEGG:00410,beta-Alanine metabolism,KEGG,1,Lung,0.32204901927337903,17.08282828282828
KEGG:00561,Glycerolipid metabolism,KEGG,1,Lung,0.32204901927337903,18.483060109289617
KEGG:00620,Pyruvate metabolism,KEGG,1,Lung,0.32204901927337903,14.093333333333334
KEGG:00770,Pantothenate and CoA biosynthesis,KEGG,1,Lung,0.32204901927337903,25.62424242424242
KEGG:00790,Folate biosynthesis,KEGG,1,Lung,0.32204901927337903,18.18494623655914
KEGG:01521,EGFR tyrosine kinase inhibitor resistance,KEGG,1,Lung,0.32204901927337903,7.227350427350427
KEGG:01522,Endocrine resistance,KEGG,1,Lung,0.32204901927337903,6.127536231884058
KEGG:04340,Hedgehog signaling pathway,KEGG,1,Lung,0.32204901927337903,10.84102564102564
KEGG:04540,Gap junction,KEGG,1,Lung,0.32204901927337903,6.71111111111111
KEGG:04610,Complement and coagulation cascades,KEGG,1,Lung,0.32204901927337903,7.321212121212121
KEGG:04662,B cell receptor signaling pathway,KEGG,1,Lung,0.32204901927337903,7.618018018018018
KEGG:04664,Fc epsilon RI signaling pathway,KEGG,1,Lung,0.32204901927337903,8.948148148148148
KEGG:04912,GnRH signaling pathway,KEGG,1,Lung,0.32204901927337903,6.406060606060605
KEGG:04917,Prolactin signaling pathway,KEGG,1,Lung,0.32204901927337903,7.9399061032863845
KEGG:04970,Salivary secretion,KEGG,1,Lung,0.32204901927337903,6.479693486590038
KEGG:04978,Mineral absorption,KEGG,1,Lung,0.32204901927337903,10.636477987421385
KEGG:05210,Colorectal cancer,KEGG,1,Lung,0.32204901927337903,6.334082397003746
KEGG:05213,Endometrial cancer,KEGG,1,Lung,0.32204901927337903,9.719540229885057
KEGG:05214,Glioma,KEGG,1,Lung,0.32204901927337903,8.053333333333333
KEGG:05215,Prostate cancer,KEGG,1,Lung,0.32204901927337903,5.872222222222222
KEGG:05217,Basal cell carcinoma,KEGG,1,Lung,0.32204901927337903,9.241530054644809
KEGG:05220,Chronic myeloid leukemia,KEGG,1,Lung,0.32204901927337903,7.516444444444445
KEGG:05223,Non-small cell lung cancer,KEGG,1,Lung,0.32204901927337903,8.170048309178743
GO:0050852,T cell receptor signaling pathway,GO:BP,1,Muscle,0.3229989657952463,4.990620114643043
GO:0009308,amine metabolic process,GO:BP,1,Lung,0.3240287384604307,7.316271963330786
GO:0035315,hair cell differentiation,GO:BP,1,Liver,0.32411313760179633,11.765356265356266
GO:0170034,L-amino acid biosynthetic process,GO:BP,1,Liver,0.32411313760179633,11.765356265356266
REAC:R-SSC-3858494,Beta-catenin independent WNT signaling,REAC,1,Liver,0.3248750195696083,4.408371040723981
GO:0033138,positive regulation of peptidyl-serine phosphorylation,GO:BP,1,Brain,0.32535653980480145,8.248923341946599
GO:0140895,cell surface toll-like receptor signaling pathway,GO:BP,1,Brain,0.32535653980480145,8.248923341946599
GO:0046545,development of primary female sexual characteristics,GO:BP,1,Lung,0.3257525120020027,7.131049888309754
GO:0043200,response to amino acid,GO:BP,1,Blood,0.3270073377451538,10.134391534391533
KEGG:04650,Natural killer cell mediated cytotoxicity,KEGG,1,Lung,0.3271105617190704,5.637333333333333
REAC:R-SSC-352230,Amino acid transport across the plasma membrane,REAC,1,Brain,0.3278569272113133,14.145190562613429
REAC:R-SSC-9646399,Aggrephagy,REAC,1,Brain,0.3278569272113133,14.145190562613429
GO:0043331,response to dsRNA,GO:BP,1,Brain,0.3288498829284208,8.098942917547568
GO:0048525,negative regulation of viral process,GO:BP,1,Brain,0.3288498829284208,8.098942917547568
REAC:R-SSC-204998,"Cell death signalling via NRAGE, NRIF and NADE",REAC,1,Lung,0.32888480339841564,8.6503884572697
GO:0010586,miRNA metabolic process,GO:BP,1,Lung,0.3290041713025011,6.954974582425564
GO:0031623,receptor internalization,GO:BP,1,Muscle,0.32922857622483054,4.8466599190283395
GO:0007129,homologous chromosome pairing at meiosis,GO:BP,1,Liver,0.3296542523760967,11.253819036427734
GO:0046928,regulation of neurotransmitter secretion,GO:BP,1,Liver,0.3296542523760967,11.253819036427734
GO:0002752,cell surface pattern recognition receptor signaling pathway,GO:BP,1,Brain,0.32966626861515963,7.954318936877076
GO:0035418,protein localization to synapse,GO:BP,1,Brain,0.32966626861515963,7.954318936877076
GO:0045670,regulation of osteoclast differentiation,GO:BP,1,Brain,0.32966626861515963,7.954318936877076
GO:0001708,cell fate specification,GO:BP,1,Lung,0.3308886453624774,6.870157819225251
GO:0009791,post-embryonic development,GO:BP,1,Lung,0.3308886453624774,6.870157819225251
GO:0030837,negative regulation of actin filament polymerization,GO:BP,1,Liver,0.3309228935316558,11.014376078205865
GO:0045010,actin nucleation,GO:BP,1,Liver,0.3309228935316558,11.014376078205865
GO:0099024,plasma membrane invagination,GO:BP,1,Liver,0.3309228935316558,11.014376078205865
GO:0050830,defense response to Gram-positive bacterium,GO:BP,1,Blood,0.33103852809115064,9.71790969051243
GO:0001960,negative regulation of cytokine-mediated signaling pathway,GO:BP,1,Brain,0.33152987384098564,7.549862041781632
GO:0006900,vesicle budding from membrane,GO:BP,1,Brain,0.33152987384098564,7.549862041781632
GO:0008088,axo-dendritic transport,GO:BP,1,Brain,0.33152987384098564,7.680032076984764
GO:0033619,membrane protein proteolysis,GO:BP,1,Brain,0.33152987384098564,7.680032076984764
GO:0034340,response to type I interferon,GO:BP,1,Brain,0.33152987384098564,7.680032076984764
GO:0045069,regulation of viral genome replication,GO:BP,1,Brain,0.33152987384098564,7.549862041781632
GO:0050773,regulation of dendrite development,GO:BP,1,Brain,0.33152987384098564,7.814769481844144
GO:0072384,organelle transport along microtubule,GO:BP,1,Brain,0.33152987384098564,7.680032076984764
GO:2000242,negative regulation of reproductive process,GO:BP,1,Brain,0.33152987384098564,7.814769481844144
KEGG:04072,Phospholipase D signaling pathway,KEGG,1,Lung,0.33302584851886335,3.9148148148148145
KEGG:04150,mTOR signaling pathway,KEGG,1,Lung,0.33302584851886335,3.7582222222222224
KEGG:04630,JAK-STAT signaling pathway,KEGG,1,Lung,0.33302584851886335,3.5454926624737944
KEGG:04722,Neurotrophin signaling pathway,KEGG,1,Lung,0.33302584851886335,4.818233618233618
KEGG:04915,Estrogen signaling pathway,KEGG,1,Lung,0.33302584851886335,4.370025839793281
KEGG:04926,Relaxin signaling pathway,KEGG,1,Lung,0.33302584851886335,4.438845144356955
KEGG:04932,Non-alcoholic fatty liver disease,KEGG,1,Lung,0.33302584851886335,3.636989247311828
KEGG:04936,Alcoholic liver disease,KEGG,1,Lung,0.33302584851886335,4.206965174129353
KEGG:05160,Hepatitis C,KEGG,1,Lung,0.33302584851886335,3.7834451901565997
KEGG:05161,Hepatitis B,KEGG,1,Lung,0.33302584851886335,3.458486707566462
KEGG:05224,Breast cancer,KEGG,1,Lung,0.33302584851886335,3.9699530516431922
KEGG:05225,Hepatocellular carcinoma,KEGG,1,Lung,0.33302584851886335,3.5906581740976646
KEGG:05226,Gastric cancer,KEGG,1,Lung,0.33302584851886335,3.8878160919540234
GO:0030500,regulation of bone mineralization,GO:BP,1,Brain,0.33394074820640757,7.184546136534133
GO:0032418,lysosome localization,GO:BP,1,Brain,0.33394074820640757,7.3023255813953485
GO:0060761,negative regulation of response to cytokine stimulus,GO:BP,1,Brain,0.33394074820640757,7.184546136534133
GO:1903008,organelle disassembly,GO:BP,1,Brain,0.33394074820640757,7.3023255813953485
GO:1990849,vacuolar localization,GO:BP,1,Brain,0.33394074820640757,7.184546136534133
GO:0002220,innate immune response activating cell surface receptor signaling pathway,GO:BP,1,Brain,0.33415441162927795,7.070505721668512
GO:0036465,synaptic vesicle recycling,GO:BP,1,Brain,0.33415441162927795,7.070505721668512
GO:0140888,interferon-mediated signaling pathway,GO:BP,1,Brain,0.33415441162927795,7.070505721668512
GO:0007265,Ras protein signal transduction,GO:BP,1,Lung,0.3345746104462876,6.7065826330532214
GO:0050885,neuromuscular process controlling balance,GO:BP,1,Liver,0.3348712607848534,10.78490990990991
GO:0170038,proteinogenic amino acid biosynthetic process,GO:BP,1,Liver,0.3348712607848534,10.78490990990991
GO:0042752,regulation of circadian rhythm,GO:BP,1,Lung,0.33543745198983305,6.627681660899654
REAC:R-SSC-453279,Mitotic G1 phase and G1/S transition,REAC,1,Liver,0.3358245669024215,4.167914438502674
GO:0140962,multicellular organismal-level chemical homeostasis,GO:BP,1,Brain,0.33670594696050876,6.960029069767442
GO:0045667,regulation of osteoblast differentiation,GO:BP,1,Muscle,0.3369097634736189,4.667153996101365
REAC:R-SSC-1296072,Voltage gated Potassium channels,REAC,1,Brain,0.3373150019102947,11.394736842105262
REAC:R-SSC-204005,COPII-mediated vesicle transport,REAC,1,Brain,0.3373150019102947,7.596491228070175
REAC:R-SSC-2404192,Signaling by Type 1 Insulin-like Growth Factor 1 Receptor (IGF1R),REAC,1,Brain,0.3373150019102947,9.11578947368421
REAC:R-SSC-2428924,IGF1R signaling cascade,REAC,1,Brain,0.3373150019102947,9.322966507177034
REAC:R-SSC-2428928,IRS-related events triggered by IGF1R,REAC,1,Brain,0.3373150019102947,9.539779681762544
REAC:R-SSC-427359,SIRT1 negatively regulates rRNA expression,REAC,1,Brain,0.3373150019102947,8.546052631578947
REAC:R-SSC-5173214,O-glycosylation of TSR domain-containing proteins,REAC,1,Brain,0.3373150019102947,11.086770981507822
REAC:R-SSC-5250941,Negative epigenetic regulation of rRNA expression,REAC,1,Brain,0.3373150019102947,8.371643394199785
REAC:R-SSC-8854214,TBC/RABGAPs,REAC,1,Brain,0.3373150019102947,11.720300751879698
REAC:R-SSC-913709,O-linked glycosylation of mucins,REAC,1,Brain,0.3373150019102947,7.7398212512413105
REAC:R-SSC-9663891,Selective autophagy,REAC,1,Brain,0.3373150019102947,7.458373205741626
GO:0000381,"regulation of alternative mRNA splicing, via spliceosome",GO:BP,1,Liver,0.3373656931235234,10.564809707666852
GO:0001578,microtubule bundle formation,GO:BP,1,Muscle,0.3378747700282589,4.624336069531627
GO:0098659,inorganic cation import across plasma membrane,GO:BP,1,Lung,0.3380304108365868,6.475321162947937
GO:0099587,inorganic ion import across plasma membrane,GO:BP,1,Lung,0.3380304108365868,6.475321162947937
GO:0050671,positive regulation of lymphocyte proliferation,GO:BP,1,Muscle,0.33821789119447876,4.582296650717703
GO:0090101,negative regulation of transmembrane receptor protein serine/threonine kinase signaling pathway,GO:BP,1,Muscle,0.33821789119447876,4.582296650717703
GO:0030308,negative regulation of cell growth,GO:BP,1,Muscle,0.33855081092786016,4.541014698909436
REAC:R-SSC-3214841,PKMTs methylate histone lysines,REAC,1,Brain,0.3388220003640718,7.196675900277008
GO:0007200,phospholipase C-activating G protein-coupled receptor signaling pathway,GO:BP,1,Lung,0.33882747805786756,6.401737967914438
GO:0018958,phenol-containing compound metabolic process,GO:BP,1,Lung,0.33882747805786756,6.401737967914438
GO:0032008,positive regulation of TOR signaling,GO:BP,1,Brain,0.3392110810122091,6.852951699463327
GO:0032946,positive regulation of mononuclear cell proliferation,GO:BP,1,Muscle,0.34067627510304954,4.5004699248120295
GO:0046660,female sex differentiation,GO:BP,1,Lung,0.3422046378072813,6.2594771241830065
GO:0071466,cellular response to xenobiotic stimulus,GO:BP,1,Lung,0.3422046378072813,6.2594771241830065
GO:0006626,protein targeting to mitochondrion,GO:BP,1,Brain,0.342463543015834,6.749119097956307
GO:0010507,negative regulation of autophagy,GO:BP,1,Brain,0.342463543015834,6.749119097956307
GO:0006414,translational elongation,GO:BP,1,Blood,0.3426271461795895,9.213083213083213
GO:0001510,RNA methylation,GO:BP,1,Brain,0.3432968878777592,6.648385977091288
GO:0043414,macromolecule methylation,GO:BP,1,Brain,0.3432968878777592,6.648385977091288
GO:0071806,protein transmembrane transport,GO:BP,1,Brain,0.3432968878777592,6.648385977091288
GO:0030865,cortical cytoskeleton organization,GO:BP,1,Liver,0.34350321308372045,10.150503444621092
GO:0046637,regulation of alpha-beta T cell differentiation,GO:BP,1,Liver,0.34350321308372045,10.150503444621092
GO:0007218,neuropeptide signaling pathway,GO:BP,1,Lung,0.3438568944992379,6.190691661279897
REAC:R-SSC-168898,Toll-like Receptor Cascades,REAC,1,Muscle,0.34445062643470487,3.8660714285714284
REAC:R-SSC-8980692,RHOA GTPase cycle,REAC,1,Muscle,0.34445062643470487,3.8970000000000002
GO:0017148,negative regulation of translation,GO:BP,1,Lung,0.34456417262039496,6.123401534526854
GO:0050868,negative regulation of T cell activation,GO:BP,1,Lung,0.34456417262039496,6.123401534526854
GO:0051224,negative regulation of protein transport,GO:BP,1,Blood,0.34498994002581146,9.094966761633428
REAC:R-SSC-418555,G alpha (s) signalling events,REAC,1,Liver,0.3464321694925995,3.9867007672634274
GO:0045766,positive regulation of angiogenesis,GO:BP,1,Muscle,0.34660988618155264,4.345281306715063
GO:0006754,ATP biosynthetic process,GO:BP,1,Liver,0.34664534852955403,9.767465578786334
GO:0010324,membrane invagination,GO:BP,1,Liver,0.34664534852955403,9.767465578786334
GO:0017156,calcium-ion regulated exocytosis,GO:BP,1,Liver,0.34664534852955403,9.767465578786334
GO:0051289,protein homotetramerization,GO:BP,1,Liver,0.34664534852955403,9.767465578786334
GO:0032602,chemokine production,GO:BP,1,Brain,0.3468617623017839,6.455679137175598
GO:0032642,regulation of chemokine production,GO:BP,1,Brain,0.3468617623017839,6.455679137175598
GO:0032760,positive regulation of tumor necrosis factor production,GO:BP,1,Brain,0.3468617623017839,6.455679137175598
GO:0006720,isoprenoid metabolic process,GO:BP,1,Blood,0.3471386090023748,8.867592592592592
GO:0006835,dicarboxylic acid transport,GO:BP,1,Brain,0.3471649137935092,6.363455149501661
REAC:R-SSC-5357801,Programmed Cell Death,REAC,1,Liver,0.34784262328099624,3.8526940187839838
REAC:R-SSC-9711123,Cellular response to chemical stress,REAC,1,Liver,0.34784262328099624,3.8205882352941174
GO:1903034,regulation of response to wounding,GO:BP,1,Muscle,0.3480545092669167,4.308142150247413
GO:0002062,chondrocyte differentiation,GO:BP,1,Lung,0.3482704649248094,5.993116395494368
GO:0072089,stem cell proliferation,GO:BP,1,Lung,0.3482704649248094,5.993116395494368
REAC:R-SSC-8936459,RUNX1 regulates genes involved in megakaryocyte differentiation and platelet function,REAC,1,Brain,0.34836105513037474,6.724762726488352
GO:0006493,protein O-linked glycosylation,GO:BP,1,Brain,0.3491057383955461,6.01948460087995
GO:0007613,memory,GO:BP,1,Brain,0.3491057383955461,6.01948460087995
GO:0010631,epithelial cell migration,GO:BP,1,Brain,0.3491057383955461,6.01948460087995
GO:0016239,positive regulation of macroautophagy,GO:BP,1,Brain,0.3491057383955461,6.273829020635441
GO:0031110,regulation of microtubule polymerization or depolymerization,GO:BP,1,Brain,0.3491057383955461,6.101943294042688
GO:0034644,cellular response to UV,GO:BP,1,Brain,0.3491057383955461,6.1866925064599485
GO:0036294,cellular response to decreased oxygen levels,GO:BP,1,Brain,0.3491057383955461,6.01948460087995
GO:0071456,cellular response to hypoxia,GO:BP,1,Brain,0.3491057383955461,6.01948460087995
GO:1903557,positive regulation of tumor necrosis factor superfamily cytokine production,GO:BP,1,Brain,0.3491057383955461,6.1866925064599485
GO:2001237,negative regulation of extrinsic apoptotic signaling pathway,GO:BP,1,Brain,0.3491057383955461,6.101943294042688
GO:1904018,positive regulation of vasculature development,GO:BP,1,Muscle,0.34928693521913873,4.200438596491228
GO:0001909,leukocyte mediated cytotoxicity,GO:BP,1,Lung,0.35023292019293373,5.9300309597523215
GO:0034446,substrate adhesion-dependent cell spreading,GO:BP,1,Blood,0.3502500076914028,8.248923341946597
GO:0042147,"retrograde transport, endosome to Golgi",GO:BP,1,Blood,0.3502500076914028,8.248923341946597
GO:0071326,cellular response to monosaccharide stimulus,GO:BP,1,Blood,0.3502500076914028,8.345969498910675
GO:0071331,cellular response to hexose stimulus,GO:BP,1,Blood,0.3502500076914028,8.345969498910675
GO:0071333,cellular response to glucose stimulus,GO:BP,1,Blood,0.3502500076914028,8.547077197679608
KEGG:05166,Human T-cell leukemia virus 1 infection,KEGG,1,Muscle,0.3518998819429732,4.670533001933168
KEGG:05170,Human immunodeficiency virus 1 infection,KEGG,1,Muscle,0.3518998819429732,4.900608519269777
KEGG:05340,Primary immunodeficiency,KEGG,1,Muscle,0.3518998819429732,15.073083778966131
GO:0014033,neural crest cell differentiation,GO:BP,1,Brain,0.3519472196308729,5.93922480620155
GO:0090316,positive regulation of intracellular protein transport,GO:BP,1,Brain,0.3519472196308729,5.93922480620155
GO:1904950,negative regulation of establishment of protein localization,GO:BP,1,Blood,0.3526792143553165,8.06144781144781
GO:0002698,negative regulation of immune effector process,GO:BP,1,Lung,0.3526938377890801,5.8682598039215685
GO:0007224,smoothened signaling pathway,GO:BP,1,Muscle,0.35323881184166706,4.13157894736842
GO:0090132,epithelium migration,GO:BP,1,Brain,0.3532646824069444,5.861077111383109
GO:0045143,homologous chromosome segregation,GO:BP,1,Liver,0.3535785698932088,9.412285012285013
GO:1901607,alpha-amino acid biosynthetic process,GO:BP,1,Liver,0.3535785698932088,9.412285012285013
GO:0006612,protein targeting to membrane,GO:BP,1,Lung,0.3542087852483696,5.8077622801698
GO:0008544,epidermis development,GO:BP,1,Liver,0.35452267398645987,3.671458692735289
GO:0051588,regulation of neurotransmitter transport,GO:BP,1,Liver,0.35452267398645987,9.244208494208495
GO:0060113,inner ear receptor cell differentiation,GO:BP,1,Liver,0.35452267398645987,9.244208494208495
GO:0071322,cellular response to carbohydrate stimulus,GO:BP,1,Blood,0.3547185632719675,7.970869746150644
REAC:R-SSC-159236,Transport of Mature mRNA derived from an Intron-Containing Transcript,REAC,1,Lung,0.3549126312617887,6.946524064171124
REAC:R-SSC-416482,G alpha (12/13) signalling events,REAC,1,Lung,0.3549126312617887,6.367647058823529
REAC:R-SSC-72202,Transport of Mature Transcript to Cytoplasm,REAC,1,Lung,0.3549126312617887,6.367647058823529
REAC:R-SSC-9013408,RHOG GTPase cycle,REAC,1,Lung,0.3549126312617887,7.277310924369747
GO:0050729,positive regulation of inflammatory response,GO:BP,1,Blood,0.3550180540155574,7.882304526748971
GO:0007422,peripheral nervous system development,GO:BP,1,Liver,0.3551770659070668,8.925442684063375
GO:0032272,negative regulation of protein polymerization,GO:BP,1,Liver,0.3551770659070668,9.082029397818872
GO:0072678,T cell migration,GO:BP,1,Liver,0.3551770659070668,9.082029397818872
GO:0070192,chromosome organization involved in meiotic cell cycle,GO:BP,1,Liver,0.3561424789337614,8.774163994502977
GO:0070665,positive regulation of leukocyte proliferation,GO:BP,1,Muscle,0.3570454140055339,4.064940577249575
GO:0002065,columnar/cuboidal epithelial cell differentiation,GO:BP,1,Lung,0.3572673494502526,5.633529411764706
GO:0071248,cellular response to metal ion,GO:BP,1,Muscle,0.35786604950990925,4.0324210526315785
GO:0033135,regulation of peptidyl-serine phosphorylation,GO:BP,1,Brain,0.3588520868511051,5.6385045628495725
GO:0070167,regulation of biomineral tissue development,GO:BP,1,Brain,0.3588520868511051,5.6385045628495725
GO:0070972,protein localization to endoplasmic reticulum,GO:BP,1,Brain,0.3588520868511051,5.6385045628495725
GO:0072655,establishment of protein localization to mitochondrion,GO:BP,1,Brain,0.3588520868511051,5.6385045628495725
GO:1903038,negative regulation of leukocyte cell-cell adhesion,GO:BP,1,Lung,0.35963723741714326,5.523068050749711
GO:0001837,epithelial to mesenchymal transition,GO:BP,1,Muscle,0.36055998256395394,3.937911184210526
GO:0006606,protein import into nucleus,GO:BP,1,Muscle,0.36055998256395394,3.937911184210526
REAC:R-SSC-2559583,Cellular Senescence,REAC,1,Muscle,0.36077761755331594,3.504496402877698
GO:0042310,vasoconstriction,GO:BP,1,Liver,0.3610411158381953,8.486486486486486
GO:0042490,mechanoreceptor differentiation,GO:BP,1,Liver,0.3610411158381953,8.486486486486486
GO:0002040,sprouting angiogenesis,GO:BP,1,Lung,0.36149176635855707,5.264980758658604
GO:0022612,gland morphogenesis,GO:BP,1,Lung,0.36149176635855707,5.314650388457269
GO:0033108,mitochondrial respiratory chain complex assembly,GO:BP,1,Lung,0.36149176635855707,5.264980758658604
GO:0035270,endocrine system development,GO:BP,1,Lung,0.36149176635855707,5.314650388457269
GO:0006368,transcription elongation by RNA polymerase II,GO:BP,1,Liver,0.363205968184876,8.217074217074218
GO:0008652,amino acid biosynthetic process,GO:BP,1,Liver,0.363205968184876,8.217074217074218
GO:0170035,L-amino acid catabolic process,GO:BP,1,Liver,0.363205968184876,8.217074217074218
GO:0007565,female pregnancy,GO:BP,1,Brain,0.36344688711831746,5.432217810550199
GO:0018105,peptidyl-serine phosphorylation,GO:BP,1,Brain,0.36344688711831746,5.499282227964399
KEGG:05205,Proteoglycans in cancer,KEGG,1,Lung,0.3638765938982633,2.847138047138047
GO:0006400,tRNA modification,GO:BP,1,Brain,0.3650789180014481,5.302879291251385
GO:1902414,protein localization to cell junction,GO:BP,1,Brain,0.3650789180014481,5.302879291251385
GO:0030168,platelet activation,GO:BP,1,Brain,0.365129124705906,5.240492476060192
GO:0045639,positive regulation of myeloid cell differentiation,GO:BP,1,Brain,0.365129124705906,5.179556517036236
GO:0070585,protein localization to mitochondrion,GO:BP,1,Brain,0.365129124705906,5.240492476060192
GO:0009145,purine nucleoside triphosphate biosynthetic process,GO:BP,1,Liver,0.36551980094128744,7.964241164241164
GO:0009206,purine ribonucleoside triphosphate biosynthetic process,GO:BP,1,Liver,0.36551980094128744,8.088682432432433
REAC:R-SSC-2871837,FCERI mediated NF-kB activation,REAC,1,Liver,0.36564787154491174,3.4997754827121685
REAC:R-SSC-69481,G2/M Checkpoints,REAC,1,Liver,0.36564787154491174,3.4214223002633886
GO:0120254,olefinic compound metabolic process,GO:BP,1,Blood,0.36644646793529573,7.467446393762183
REAC:R-SSC-193704,p75 NTR receptor-mediated signalling,REAC,1,Lung,0.3664696191515085,5.730882352941177
GO:0015908,fatty acid transport,GO:BP,1,Blood,0.3665985421761755,7.38966049382716
GO:0071482,cellular response to light stimulus,GO:BP,1,Brain,0.3672670698761128,5.120021384656509
GO:1903076,regulation of protein localization to plasma membrane,GO:BP,1,Brain,0.3672670698761128,5.120021384656509
REAC:R-SSC-196849,Metabolism of water-soluble vitamins and cofactors,REAC,1,Lung,0.3678423608675242,4.5847058823529405
REAC:R-SSC-611105,Respiratory electron transport,REAC,1,Lung,0.3678423608675242,4.877346683354193
GO:0031396,regulation of protein ubiquitination,GO:BP,1,Muscle,0.36800076472671606,3.7615868028279653
KEGG:04024,cAMP signaling pathway,KEGG,1,Blood,0.3690665467624605,3.510170195101702
KEGG:04144,Endocytosis,KEGG,1,Blood,0.3690665467624605,3.2851592851592852
GO:0044703,multi-organism reproductive process,GO:BP,1,Brain,0.36966560891889333,5.06183932346723
GO:0071453,cellular response to oxygen levels,GO:BP,1,Brain,0.36966560891889333,5.06183932346723
GO:0019827,stem cell population maintenance,GO:BP,1,Lung,0.37081801262859754,4.8987212276214835
GO:0035148,tube formation,GO:BP,1,Lung,0.37132523844424425,4.856490872210953
GO:0009064,glutamine family amino acid metabolic process,GO:BP,1,Liver,0.37149914106248416,7.612877583465819
GO:0009123,nucleoside monophosphate metabolic process,GO:BP,1,Liver,0.37149914106248416,7.502546024285155
GO:0009201,ribonucleoside triphosphate biosynthetic process,GO:BP,1,Liver,0.37149914106248416,7.395366795366796
GO:0032436,positive regulation of proteasomal ubiquitin-dependent protein catabolic process,GO:BP,1,Liver,0.37149914106248416,7.395366795366796
GO:0032963,collagen metabolic process,GO:BP,1,Liver,0.37149914106248416,7.502546024285155
GO:0120193,tight junction organization,GO:BP,1,Liver,0.37149914106248416,7.502546024285155
GO:0170040,proteinogenic amino acid catabolic process,GO:BP,1,Liver,0.37149914106248416,7.395366795366796
GO:0002244,hematopoietic progenitor cell differentiation,GO:BP,1,Lung,0.37155023570770696,4.774177467597208
GO:0007052,mitotic spindle organization,GO:BP,1,Lung,0.37155023570770696,4.774177467597208
GO:0098727,maintenance of cell number,GO:BP,1,Lung,0.37155023570770696,4.814982403217697
GO:0051924,regulation of calcium ion transport,GO:BP,1,Muscle,0.37158574519927207,3.706269349845201
GO:0051250,negative regulation of lymphocyte activation,GO:BP,1,Lung,0.37218399223730436,4.734058329214038
GO:0019079,viral genome replication,GO:BP,1,Brain,0.3727514884452628,5.004964724327149
GO:0051656,establishment of organelle localization,GO:BP,1,Brain,0.3746672270945311,2.5600106923282544
GO:1903900,regulation of viral life cycle,GO:BP,1,Brain,0.3746672270945311,4.949354005167959
GO:1990748,cellular detoxification,GO:BP,1,Blood,0.375633039876051,7.023835716905023
GO:0001678,intracellular glucose homeostasis,GO:BP,1,Blood,0.37737648889778813,6.954974582425562
GO:0050921,positive regulation of chemotaxis,GO:BP,1,Blood,0.3773918167730837,6.8874505573534694
GO:0018209,peptidyl-serine modification,GO:BP,1,Brain,0.3774195883783293,4.894965499616663
KEGG:03083,Polycomb repressive complex,KEGG,1,Muscle,0.3779294488286178,6.2963514519731945
KEGG:04060,Cytokine-cytokine receptor interaction,KEGG,1,Muscle,0.3779294488286178,3.9166280685502546
KEGG:04120,Ubiquitin mediated proteolysis,KEGG,1,Muscle,0.3779294488286178,3.6044330775788573
KEGG:04217,Necroptosis,KEGG,1,Muscle,0.3779294488286178,3.3160784313725493
KEGG:04218,Cellular senescence,KEGG,1,Muscle,0.3779294488286178,3.338333991314647
KEGG:04261,Adrenergic signaling in cardiomyocytes,KEGG,1,Muscle,0.3779294488286178,3.3837535014005606
KEGG:04350,TGF-beta signaling pathway,KEGG,1,Muscle,0.3779294488286178,4.648708081363386
KEGG:04371,Apelin signaling pathway,KEGG,1,Muscle,0.3779294488286178,3.6845315904139433
KEGG:04640,Hematopoietic cell lineage,KEGG,1,Muscle,0.3779294488286178,5.92156862745098
KEGG:04658,Th1 and Th2 cell differentiation,KEGG,1,Muscle,0.3779294488286178,5.851903114186851
KEGG:04659,Th17 cell differentiation,KEGG,1,Muscle,0.3779294488286178,4.829240434037692
KEGG:04725,Cholinergic synapse,KEGG,1,Muscle,0.3779294488286178,4.481187069422363
KEGG:04928,"Parathyroid hormone synthesis, secretion and action",KEGG,1,Muscle,0.3779294488286178,4.782805429864253
KEGG:05142,Chagas disease,KEGG,1,Muscle,0.3779294488286178,4.924868957483984
KEGG:05162,Measles,KEGG,1,Muscle,0.3779294488286178,3.8262443438914024
KEGG:05164,Influenza A,KEGG,1,Muscle,0.3779294488286178,3.188536953242836
KEGG:05235,PD-L1 expression and PD-1 checkpoint pathway in cancer,KEGG,1,Muscle,0.3779294488286178,5.851903114186851
KEGG:05410,Hypertrophic cardiomyopathy,KEGG,1,Muscle,0.3779294488286178,5.291614518147685
KEGG:05414,Dilated cardiomyopathy,KEGG,1,Muscle,0.3779294488286178,5.127956337174044
KEGG:05418,Fluid shear stress and atherosclerosis,KEGG,1,Muscle,0.3779294488286178,3.7120280948200173
GO:2001242,regulation of intrinsic apoptotic signaling pathway,GO:BP,1,Muscle,0.37801905820743315,3.6003759398496236
GO:0016482,cytosolic transport,GO:BP,1,Blood,0.37905359374945996,6.7562610229276885
GO:0030879,mammary gland development,GO:BP,1,Blood,0.37905359374945996,6.7562610229276885
GO:0050864,regulation of B cell activation,GO:BP,1,Blood,0.37905359374945996,6.6299757701626865
GO:0097237,cellular response to toxic substance,GO:BP,1,Blood,0.37905359374945996,6.692522711390635
GO:0030316,osteoclast differentiation,GO:BP,1,Brain,0.3805455599297565,4.789697424356089
GO:0016051,carbohydrate biosynthetic process,GO:BP,1,Muscle,0.38086310801678874,3.549666419570052
GO:0045582,positive regulation of T cell differentiation,GO:BP,1,Liver,0.38147556897905005,7.091447611995558
REAC:R-SSC-453274,Mitotic G2-G2/M phases,REAC,1,Liver,0.3816801905212233,3.036229061160888
REAC:R-SSC-69275,G2/M Transition,REAC,1,Liver,0.3816801905212233,3.0769838136596923
REAC:R-SSC-8978868,Fatty acid metabolism,REAC,1,Liver,0.3816801905212233,3.0977742448330683
REAC:R-SSC-983705,Signaling by the B Cell Receptor (BCR),REAC,1,Liver,0.3816801905212233,3.161866125760649
GO:0006413,translational initiation,GO:BP,1,Blood,0.3830548195201473,6.277941658472631
GO:0008217,regulation of blood pressure,GO:BP,1,Blood,0.3830548195201473,6.333994708994709
GO:0009746,response to hexose,GO:BP,1,Blood,0.3830548195201473,6.277941658472631
GO:0009749,response to glucose,GO:BP,1,Blood,0.3830548195201473,6.449158249158248
GO:0034284,response to monosaccharide,GO:BP,1,Blood,0.3830548195201473,6.277941658472631
GO:0044706,multi-multicellular organism process,GO:BP,1,Brain,0.383623499496436,4.6400193798449605
GO:0098661,inorganic anion transmembrane transport,GO:BP,1,Blood,0.384845453719247,6.115581098339719
GO:0098754,detoxification,GO:BP,1,Blood,0.384845453719247,6.115581098339719
GO:0030282,bone mineralization,GO:BP,1,Brain,0.3850766185372518,4.592184128506353
KEGG:05163,Human cytomegalovirus infection,KEGG,1,Lung,0.3863060528910342,2.5859327217125383
GO:0001935,endothelial cell proliferation,GO:BP,1,Lung,0.3866333929675563,4.43584993052339
GO:0061351,neural precursor cell proliferation,GO:BP,1,Lung,0.3867629066058757,4.401194852941177
GO:0062207,regulation of pattern recognition receptor signaling pathway,GO:BP,1,Lung,0.3870029687688571,4.333484162895927
GO:0002761,regulation of myeloid leukocyte differentiation,GO:BP,1,Brain,0.3872126063407666,4.545325106786901
REAC:R-SSC-73894,DNA Repair,REAC,1,Blood,0.3879681437657197,2.7251748251748253
GO:0009142,nucleoside triphosphate biosynthetic process,GO:BP,1,Liver,0.3886997466538228,6.811522048364154
GO:0071222,cellular response to lipopolysaccharide,GO:BP,1,Lung,0.3888042332935363,4.300404131118095
GO:0045132,meiotic chromosome segregation,GO:BP,1,Liver,0.38983117031975284,6.7230607230607236
GO:0045445,myoblast differentiation,GO:BP,1,Liver,0.38983117031975284,6.7230607230607236
GO:0051262,protein tetramerization,GO:BP,1,Liver,0.38983117031975284,6.7230607230607236
GO:0001906,cell killing,GO:BP,1,Lung,0.39044284244497957,4.267825311942959
GO:0009743,response to carbohydrate,GO:BP,1,Blood,0.39081348720003506,5.814814814814814
GO:0030183,B cell differentiation,GO:BP,1,Blood,0.39081348720003506,5.630217519106408
GO:0055088,lipid homeostasis,GO:BP,1,Blood,0.39081348720003506,5.54224537037037
REAC:R-SSC-3371556,Cellular response to heat stress,REAC,1,Brain,0.3910126307884513,5.192538307794803
REAC:R-SSC-9007101,Rab regulation of trafficking,REAC,1,Brain,0.3910126307884513,5.2591093117408905
GO:0016079,synaptic vesicle exocytosis,GO:BP,1,Liver,0.3913433509185928,6.636867636867637
GO:0022600,digestive system process,GO:BP,1,Liver,0.3913433509185928,6.636867636867637
GO:0045926,negative regulation of growth,GO:BP,1,Muscle,0.3920141788159137,3.382903567643942
GO:0006354,DNA-templated transcription elongation,GO:BP,1,Liver,0.3943823146180764,6.552856654122476
GO:0002695,negative regulation of leukocyte activation,GO:BP,1,Lung,0.39578031280292664,4.112065264061829
GO:0046488,phosphatidylinositol metabolic process,GO:BP,1,Lung,0.39578031280292664,4.142301038062284
GO:0071219,cellular response to molecule of bacterial origin,GO:BP,1,Lung,0.39578031280292664,4.112065264061829
GO:0051168,nuclear export,GO:BP,1,Lung,0.3959608110807086,4.082267689684569
GO:0008203,cholesterol metabolic process,GO:BP,1,Brain,0.3961253722849689,4.324678256942876
GO:0007612,learning,GO:BP,1,Brain,0.3966981716455366,4.283094812164579
GO:0031109,microtubule polymerization or depolymerization,GO:BP,1,Brain,0.3966981716455366,4.242303433001107
GO:1903313,positive regulation of mRNA metabolic process,GO:BP,1,Brain,0.3966981716455366,4.242303433001107
GO:0022408,negative regulation of cell-cell adhesion,GO:BP,1,Lung,0.39854476437767056,3.995410930329579
GO:0021782,glial cell development,GO:BP,1,Liver,0.4019094837047497,6.162805662805663
GO:0045621,positive regulation of lymphocyte differentiation,GO:BP,1,Liver,0.4019094837047497,5.950295122708916
GO:0048477,oogenesis,GO:BP,1,Liver,0.4019094837047497,5.950295122708916
GO:0051983,regulation of chromosome segregation,GO:BP,1,Liver,0.4019094837047497,5.950295122708916
GO:0072676,lymphocyte migration,GO:BP,1,Liver,0.4019094837047497,6.090302066772655
GO:1903305,regulation of regulated secretory pathway,GO:BP,1,Liver,0.4019094837047497,6.090302066772655
GO:2000060,positive regulation of ubiquitin-dependent protein catabolic process,GO:BP,1,Liver,0.4019094837047497,6.01948460087995
GO:0048736,appendage development,GO:BP,1,Muscle,0.40264028909390637,3.1503289473684206
GO:0060173,limb development,GO:BP,1,Muscle,0.40264028909390637,3.1503289473684206
KEGG:04360,Axon guidance,KEGG,1,Muscle,0.4036657880675607,2.7481312967175824
KEGG:05169,Epstein-Barr virus infection,KEGG,1,Muscle,0.4036657880675607,2.577263029564157
GO:0007586,digestion,GO:BP,1,Liver,0.40387451967354315,5.882678132678133
GO:0015718,monocarboxylic acid transport,GO:BP,1,Blood,0.40438065923480576,5.1036504130029305
GO:1903320,regulation of protein modification by small protein conjugation or removal,GO:BP,1,Muscle,0.4047124460279823,3.092347432999677
GO:1902850,microtubule cytoskeleton organization involved in mitosis,GO:BP,1,Lung,0.40580071161435577,3.858581788879935
GO:0051851,host-mediated perturbation of symbiont process,GO:BP,1,Liver,0.40694639255661746,5.816580625569389
GO:0002520,immune system development,GO:BP,1,Muscle,0.4074389548648726,3.036461636017755
GO:0002685,regulation of leukocyte migration,GO:BP,1,Muscle,0.40755429624067807,3.0182792310116606
GO:1901873,regulation of post-translational protein modification,GO:BP,1,Muscle,0.40755429624067807,3.0182792310116606
REAC:R-SSC-2454202,Fc epsilon receptor (FCERI) signaling,REAC,1,Liver,0.40785821550527085,2.712843717368604
GO:0016125,sterol metabolic process,GO:BP,1,Brain,0.4082384545239633,4.049471458773784
GO:0006694,steroid biosynthetic process,GO:BP,1,Brain,0.4100880723164899,4.012989733919967
GO:1902652,secondary alcohol metabolic process,GO:BP,1,Brain,0.4100880723164899,4.012989733919967
REAC:R-SSC-416476,G alpha (q) signalling events,REAC,1,Muscle,0.4103191713153899,2.7366573033707864
GO:0046165,alcohol biosynthetic process,GO:BP,1,Brain,0.41049977542496935,3.977159468438538
GO:0050792,regulation of viral process,GO:BP,1,Brain,0.4116023556207685,3.9419633669479315
KEGG:00100,Steroid biosynthesis,KEGG,1,Brain,0.411936011636483,20.133333333333333
KEGG:00260,"Glycine, serine and threonine metabolism",KEGG,1,Brain,0.411936011636483,9.821138211382113
KEGG:00512,Mucin type O-glycan biosynthesis,KEGG,1,Brain,0.411936011636483,11.504761904761903
KEGG:00514,Other types of O-glycan biosynthesis,KEGG,1,Brain,0.411936011636483,8.753623188405797
KEGG:00910,Nitrogen metabolism,KEGG,1,Brain,0.411936011636483,25.166666666666664
KEGG:03040,Spliceosome,KEGG,1,Brain,0.411936011636483,3.300546448087432
KEGG:04066,HIF-1 signaling pathway,KEGG,1,Brain,0.411936011636483,3.763239875389408
KEGG:04137,Mitophagy - animal,KEGG,1,Brain,0.411936011636483,4.108843537414966
KEGG:04152,AMPK signaling pathway,KEGG,1,Brain,0.411936011636483,3.300546448087432
KEGG:04211,Longevity regulating pathway,KEGG,1,Brain,0.411936011636483,4.52434456928839
KEGG:04213,Longevity regulating pathway - multiple species,KEGG,1,Brain,0.411936011636483,6.824858757062146
KEGG:04310,Wnt signaling pathway,KEGG,1,Brain,0.411936011636483,2.44040404040404
KEGG:04622,RIG-I-like receptor signaling pathway,KEGG,1,Brain,0.411936011636483,5.7523809523809515
KEGG:04724,Glutamatergic synapse,KEGG,1,Brain,0.411936011636483,3.595238095238095
KEGG:04727,GABAergic synapse,KEGG,1,Brain,0.411936011636483,4.424908424908425
KEGG:04920,Adipocytokine signaling pathway,KEGG,1,Brain,0.411936011636483,5.5159817351598175
KEGG:04923,Regulation of lipolysis in adipocytes,KEGG,1,Brain,0.411936011636483,7.19047619047619
KEGG:04930,Type II diabetes mellitus,KEGG,1,Brain,0.411936011636483,8.753623188405797
KEGG:05202,Transcriptional misregulation in cancer,KEGG,1,Brain,0.411936011636483,2.3141762452107275
GO:0032640,tumor necrosis factor production,GO:BP,1,Brain,0.4119847706378576,3.907384740922072
GO:0032680,regulation of tumor necrosis factor production,GO:BP,1,Brain,0.4119847706378576,3.907384740922072
GO:0000165,MAPK cascade,GO:BP,1,Muscle,0.41210913767120194,1.8772909928452415
REAC:R-SSC-1296071,Potassium Channels,REAC,1,Brain,0.4122594391238853,4.769889840881272
GO:0050866,negative regulation of cell activation,GO:BP,1,Lung,0.4126904395327875,3.706269349845201
GO:0006888,endoplasmic reticulum to Golgi vesicle-mediated transport,GO:BP,1,Brain,0.41305276952170694,3.873407482305359
GO:0098739,import across plasma membrane,GO:BP,1,Lung,0.4133810366512127,3.6820453671664746
GO:0042472,inner ear morphogenesis,GO:BP,1,Liver,0.41416880825728847,5.688743688743689
KEGG:05203,Viral carcinogenesis,KEGG,1,Brain,0.4141827471613723,2.2124542124542126
GO:0001890,placenta development,GO:BP,1,Brain,0.4144014051006624,3.7432089114715654
GO:0071706,tumor necrosis factor superfamily cytokine production,GO:BP,1,Brain,0.4144014051006624,3.774931020890816
GO:1903555,regulation of tumor necrosis factor superfamily cytokine production,GO:BP,1,Brain,0.4144014051006624,3.774931020890816
GO:1904375,regulation of protein localization to cell periphery,GO:BP,1,Brain,0.4144014051006624,3.8071953885907375
GO:0061640,cytoskeleton-dependent cytokinesis,GO:BP,1,Liver,0.41782793494505294,5.566405114792212
REAC:R-SSC-1257604,PIP3 activates AKT signaling,REAC,1,Liver,0.417931718078151,2.4648956356736242
GO:0007030,Golgi organization,GO:BP,1,Brain,0.4191867704241666,3.5922730682670667
GO:0008033,tRNA processing,GO:BP,1,Brain,0.4191867704241666,3.5922730682670667
GO:0007286,spermatid development,GO:BP,1,Muscle,0.41983920766513305,2.847754980672019
GO:0006575,modified amino acid metabolic process,GO:BP,1,Brain,0.4202434754023962,3.453037678024157
GO:0010508,positive regulation of autophagy,GO:BP,1,Brain,0.4202434754023962,3.4264758497316636
GO:0032196,transposition,GO:BP,1,Brain,0.4202434754023962,3.4264758497316636
GO:0032197,retrotransposition,GO:BP,1,Brain,0.4202434754023962,3.480014534883721
GO:0051650,establishment of vesicle localization,GO:BP,1,Brain,0.4202434754023962,3.507416224134774
GO:0042274,ribosomal small subunit biogenesis,GO:BP,1,Liver,0.421376341133763,5.449217638691323
GO:0009636,response to toxic substance,GO:BP,1,Blood,0.4234421948363094,4.606541606541606
GO:0015698,inorganic anion transport,GO:BP,1,Blood,0.4234421948363094,4.636649721617042
GO:0050920,regulation of chemotaxis,GO:BP,1,Blood,0.4234421948363094,4.698062300711308
GO:0070507,regulation of microtubule cytoskeleton organization,GO:BP,1,Brain,0.42408718495845,3.3745595489781537
GO:0009410,response to xenobiotic stimulus,GO:BP,1,Lung,0.4241468259134929,3.477487291212782
GO:1901800,positive regulation of proteasomal protein catabolic process,GO:BP,1,Liver,0.4242630761730418,5.392454954954955
REAC:R-SSC-1632852,Macroautophagy,REAC,1,Brain,0.4244761205687103,3.729186602870813
REAC:R-SSC-212165,Epigenetic regulation of gene expression,REAC,1,Brain,0.4244761205687103,4.143540669856459
REAC:R-SSC-8957322,Metabolism of steroids,REAC,1,Brain,0.4244761205687103,4.061490359562272
REAC:R-SSC-9612973,Autophagy,REAC,1,Brain,0.4244761205687103,3.729186602870813
REAC:R-SSC-977606,Regulation of Complement cascade,REAC,1,Brain,0.4244761205687103,3.6625939849624056
REAC:R-SSC-983231,Factors involved in megakaryocyte development and platelet production,REAC,1,Brain,0.4244761205687103,3.9067669172932327
GO:0048515,spermatid differentiation,GO:BP,1,Muscle,0.42453593588040045,2.8002923976608187
GO:0030307,positive regulation of cell growth,GO:BP,1,Liver,0.42526279120222155,5.176756756756757
GO:0035821,modulation of process of another organism,GO:BP,1,Liver,0.42526279120222155,5.22904722904723
GO:0046632,alpha-beta T cell differentiation,GO:BP,1,Liver,0.42526279120222155,5.336862635831708
GO:0031214,biomineral tissue development,GO:BP,1,Brain,0.42554059350785256,3.349186920790348
GO:0051216,cartilage development,GO:BP,1,Lung,0.42614766137169907,3.4350789096126255
GO:0000082,G1/S transition of mitotic cell cycle,GO:BP,1,Brain,0.42632615847882366,3.324192988545644
GO:0048771,tissue remodeling,GO:BP,1,Brain,0.42632615847882366,3.324192988545644
GO:0002753,cytoplasmic pattern recognition receptor signaling pathway,GO:BP,1,Brain,0.4284026494555373,3.299569336778639
GO:0030324,lung development,GO:BP,1,Lung,0.42878740181793723,3.3936924167257265
GO:0000086,G2/M transition of mitotic cell cycle,GO:BP,1,Liver,0.4301446444644514,4.6637448259069885
GO:0007269,neurotransmitter secretion,GO:BP,1,Liver,0.4301446444644514,5.075251722310546
GO:0007272,ensheathment of neurons,GO:BP,1,Liver,0.4301446444644514,4.793293293293294
GO:0007601,visual perception,GO:BP,1,Liver,0.4301446444644514,4.749318125464915
GO:0008366,axon ensheathment,GO:BP,1,Liver,0.4301446444644514,4.793293293293294
GO:0009152,purine ribonucleotide biosynthetic process,GO:BP,1,Liver,0.4301446444644514,4.793293293293294
GO:0032434,regulation of proteasomal ubiquitin-dependent protein catabolic process,GO:BP,1,Liver,0.4301446444644514,4.6637448259069885
GO:0042471,ear morphogenesis,GO:BP,1,Liver,0.4301446444644514,4.706142506142506
GO:0042552,myelination,GO:BP,1,Liver,0.4301446444644514,4.883732789393167
GO:0045727,positive regulation of translation,GO:BP,1,Liver,0.4301446444644514,5.0259774337444245
GO:0048639,positive regulation of developmental growth,GO:BP,1,Liver,0.4301446444644514,4.6637448259069885
GO:0099643,signal release from synapse,GO:BP,1,Liver,0.4301446444644514,5.075251722310546
GO:1903052,positive regulation of proteolysis involved in protein catabolic process,GO:BP,1,Liver,0.4301446444644514,4.706142506142506
GO:0007626,locomotory behavior,GO:BP,1,Lung,0.4305639832381833,3.3532913165266107
GO:0030323,respiratory tube development,GO:BP,1,Lung,0.4305639832381833,3.3334493560737903
GO:0071478,cellular response to radiation,GO:BP,1,Brain,0.4312060157708997,3.2514004413512136
GO:0006898,receptor-mediated endocytosis,GO:BP,1,Muscle,0.43185850543966536,2.7099603848330505
GO:0035725,sodium ion transmembrane transport,GO:BP,1,Brain,0.4319326021695342,3.227839568587799
GO:0051648,vesicle localization,GO:BP,1,Brain,0.4319326021695342,3.227839568587799
GO:0098773,skin epidermis development,GO:BP,1,Liver,0.4324167406904128,4.6221042471042475
GO:0021953,central nervous system neuron differentiation,GO:BP,1,Lung,0.43243215291406595,3.2944616443068453
GO:0007596,blood coagulation,GO:BP,1,Brain,0.43395185722440166,3.2046177011878867
GO:0009451,RNA modification,GO:BP,1,Brain,0.4359591399923864,3.1817275747508305
GO:0043542,endothelial cell migration,GO:BP,1,Lung,0.4364143355662494,3.2376605814739685
KEGG:05132,Salmonella infection,KEGG,1,Muscle,0.4364801439706803,2.021999043519847
GO:0007599,hemostasis,GO:BP,1,Brain,0.43731155915881464,3.1369145103177205
GO:0043123,positive regulation of canonical NF-kappaB signal transduction,GO:BP,1,Brain,0.43731155915881464,3.1369145103177205
REAC:R-SSC-199977,ER to Golgi Anterograde Transport,REAC,1,Brain,0.43804706740520954,3.2816842105263158
GO:0006006,glucose metabolic process,GO:BP,1,Brain,0.4392524819697309,3.0933462532299743
GO:0050817,coagulation,GO:BP,1,Brain,0.4392524819697309,3.072012830793905
GO:0001666,response to hypoxia,GO:BP,1,Brain,0.43984778129696467,3.050971647021344
KEGG:04015,Rap1 signaling pathway,KEGG,1,Brain,0.4400496764152399,1.9835796387520523
GO:0036293,response to decreased oxygen levels,GO:BP,1,Brain,0.4417341761253918,3.009742300439975
REAC:R-SSC-196854,Metabolism of vitamins and cofactors,REAC,1,Lung,0.44648917804485155,2.9201948295241666
KEGG:04010,MAPK signaling pathway,KEGG,1,Lung,0.44662931277038836,1.9439080459770117
REAC:R-SSC-9006925,Intracellular signaling by second messengers,REAC,1,Liver,0.447971367246339,2.225585379782981
REAC:R-SSC-202733,Cell surface interactions at the vascular wall,REAC,1,Lung,0.44804525533427453,2.575677461996034
REAC:R-SSC-9013149,RAC1 GTPase cycle,REAC,1,Lung,0.44804525533427453,2.8300653594771243
GO:0044843,cell cycle G1/S phase transition,GO:BP,1,Brain,0.44891401620543187,2.892479613409846
GO:0099173,postsynapse organization,GO:BP,1,Brain,0.44891401620543187,2.9113847089223284
GO:0021537,telencephalon development,GO:BP,1,Lung,0.4506222859786413,2.996558197747184
GO:0007411,axon guidance,GO:BP,1,Lung,0.4509804192515355,2.980703392468098
GO:0050821,protein stabilization,GO:BP,1,Brain,0.4512381088682446,2.855396541443053
GO:0009260,ribonucleotide biosynthetic process,GO:BP,1,Liver,0.4513620743790457,4.27831136922046
GO:0006119,oxidative phosphorylation,GO:BP,1,Liver,0.45149207587367357,4.243243243243243
GO:0007292,female gamete generation,GO:BP,1,Liver,0.45149207587367357,4.243243243243243
GO:0030010,establishment of cell polarity,GO:BP,1,Liver,0.45149207587367357,4.243243243243243
GO:0097485,neuron projection guidance,GO:BP,1,Lung,0.45250562817208573,2.949491838620265
GO:0007605,sensory perception of sound,GO:BP,1,Liver,0.4526643459683984,4.2087453306965505
GO:0016052,carbohydrate catabolic process,GO:BP,1,Liver,0.45319711285932773,4.012989733919967
GO:0017157,regulation of exocytosis,GO:BP,1,Liver,0.45319711285932773,4.044341216216217
GO:0030216,keratinocyte differentiation,GO:BP,1,Liver,0.45319711285932773,4.108537108537109
GO:0044839,cell cycle G2/M phase transition,GO:BP,1,Liver,0.45319711285932773,4.108537108537109
GO:0046390,ribose phosphate biosynthetic process,GO:BP,1,Liver,0.45319711285932773,4.108537108537109
GO:0006261,DNA-templated DNA replication,GO:BP,1,Liver,0.45326128090065476,3.982120582120582
GO:0006164,purine nucleotide biosynthetic process,GO:BP,1,Liver,0.4570959633029188,3.9217854217854224
GO:1902107,positive regulation of leukocyte differentiation,GO:BP,1,Liver,0.4570959633029188,3.8922983133509454
GO:1903708,positive regulation of hemopoiesis,GO:BP,1,Liver,0.4570959633029188,3.8922983133509454
GO:0090092,regulation of transmembrane receptor protein serine/threonine kinase signaling pathway,GO:BP,1,Muscle,0.45716057027487644,2.400250626566416
GO:0050954,sensory perception of mechanical stimulus,GO:BP,1,Liver,0.4593219384378596,3.778654566975735
GO:2000058,regulation of ubiquitin-dependent protein catabolic process,GO:BP,1,Liver,0.4593219384378596,3.7242854365156526
GO:0048705,skeletal system morphogenesis,GO:BP,1,Lung,0.46050335363506734,2.8452168746286395
REAC:R-SSC-199991,Membrane Trafficking,REAC,1,Brain,0.461176863645577,1.7758031442241968
REAC:R-SSC-5617833,Cilium Assembly,REAC,1,Brain,0.461176863645577,2.681114551083591
REAC:R-SSC-948021,Transport to the Golgi and subsequent modification,REAC,1,Brain,0.461176863645577,2.6637047163362952
GO:0030258,lipid modification,GO:BP,1,Brain,0.4615044856163013,2.732772150092738
GO:1902600,proton transmembrane transport,GO:BP,1,Liver,0.46312725518760406,3.671458692735289
GO:1901136,carbohydrate derivative catabolic process,GO:BP,1,Lung,0.4645747920803771,2.775137641263402
GO:0070482,response to oxygen levels,GO:BP,1,Brain,0.4652755199905262,2.683384701597086
GO:0060348,bone development,GO:BP,1,Brain,0.4669431739353669,2.6673165297312353
GO:0007162,negative regulation of cell adhesion,GO:BP,1,Lung,0.4686348087664977,2.695468618069237
GO:0000910,cytokinesis,GO:BP,1,Liver,0.4738871565763019,3.4743333937964813
GO:0007611,learning or memory,GO:BP,1,Brain,0.4747816203927566,2.574808441994892
GO:0019318,hexose metabolic process,GO:BP,1,Brain,0.47784823709742613,2.530919661733615
GO:0051222,positive regulation of protein transport,GO:BP,1,Brain,0.48270476032499493,2.461004753950919
KEGG:04151,PI3K-Akt signaling pathway,KEGG,1,Lung,0.48398730610235396,1.6678500986193292
GO:0030100,regulation of endocytosis,GO:BP,1,Blood,0.48432205084258567,3.4946177704798393
GO:0009060,aerobic respiration,GO:BP,1,Liver,0.4844636403762716,3.235472972972973
GO:0046034,ATP metabolic process,GO:BP,1,Liver,0.4844636403762716,3.2558218595954442
GO:0071674,mononuclear cell migration,GO:BP,1,Liver,0.4844636403762716,3.276428327061238
GO:0140014,mitotic nuclear division,GO:BP,1,Lung,0.48462845962569756,2.514968487394958
GO:0006399,tRNA metabolic process,GO:BP,1,Brain,0.4850749578110413,2.434108527131783
GO:0048839,inner ear development,GO:BP,1,Liver,0.486232803481537,3.1955288621955296
GO:0046879,hormone secretion,GO:BP,1,Lung,0.4864898912258003,2.492712129099427
GO:0061136,regulation of proteasomal protein catabolic process,GO:BP,1,Liver,0.4884739811782567,3.156558998022413
GO:0030595,leukocyte chemotaxis,GO:BP,1,Liver,0.4906698793482047,3.118528166720938
GO:0045055,regulated exocytosis,GO:BP,1,Liver,0.4922276202000315,3.099854345363328
GO:0001822,kidney development,GO:BP,1,Lung,0.4923030827795719,2.3279047156052504
GO:0006650,glycerophospholipid metabolic process,GO:BP,1,Lung,0.4923030827795719,2.3279047156052504
GO:0009914,hormone transport,GO:BP,1,Lung,0.4923030827795719,2.397246558197747
GO:0009165,nucleotide biosynthetic process,GO:BP,1,Liver,0.49282135489166656,3.0814028314028317
GO:0002064,epithelial cell development,GO:BP,1,Liver,0.493605353106782,3.0451510333863276
GO:0045732,positive regulation of protein catabolic process,GO:BP,1,Liver,0.493605353106782,3.0273431326062905
GO:0045927,positive regulation of growth,GO:BP,1,Liver,0.493605353106782,3.0451510333863276
GO:0006814,sodium ion transport,GO:BP,1,Brain,0.4947099233491454,2.3444308445532434
GO:0034504,protein localization to nucleus,GO:BP,1,Muscle,0.4951762343555663,2.06578947368421
GO:0005996,monosaccharide metabolic process,GO:BP,1,Brain,0.4993303023852077,2.2611261952543975
GO:0050807,regulation of synapse organization,GO:BP,1,Brain,0.4993303023852077,2.2611261952543975
GO:0072001,renal system development,GO:BP,1,Lung,0.50105529162626,2.2266914671006743
GO:0022604,regulation of cell morphogenesis,GO:BP,1,Liver,0.5019465501423649,2.9413390663390664
GO:0019058,viral life cycle,GO:BP,1,Brain,0.5027634187588982,2.2272093023255812
GO:0030336,negative regulation of cell migration,GO:BP,1,Brain,0.5034957813143942,2.205157725074833
GO:0050803,regulation of synapse structure or activity,GO:BP,1,Brain,0.5034957813143942,2.216128659030429
GO:0043122,regulation of canonical NF-kappaB signal transduction,GO:BP,1,Brain,0.5041748618009244,2.194294879138504
GO:0006364,rRNA processing,GO:BP,1,Liver,0.5048353336701162,2.9082903127846946
GO:0072522,purine-containing compound biosynthetic process,GO:BP,1,Liver,0.5062647951136623,2.8920428808696967
GO:0042113,B cell activation,GO:BP,1,Blood,0.5065141039863493,3.1251427639092833
GO:0002366,leukocyte activation involved in immune response,GO:BP,1,Blood,0.5087967979969765,3.0577905491698596
GO:0002263,cell activation involved in immune response,GO:BP,1,Blood,0.5091605670937406,3.0316555872111426
GO:1904951,positive regulation of establishment of protein localization,GO:BP,1,Brain,0.5099720765013447,2.111098864763584
GO:0009205,purine ribonucleoside triphosphate metabolic process,GO:BP,1,Liver,0.509981681543127,2.8443718443718446
GO:0032886,regulation of microtubule-based process,GO:BP,1,Brain,0.5111852765740657,2.1011408512505483
GO:0009144,purine nucleoside triphosphate metabolic process,GO:BP,1,Liver,0.5121971708481805,2.783202557396106
GO:0043583,ear development,GO:BP,1,Liver,0.5121971708481805,2.783202557396106
GO:0007249,canonical NF-kappaB signal transduction,GO:BP,1,Brain,0.5142290309101675,2.0622308354866496
GO:0008202,steroid metabolic process,GO:BP,1,Brain,0.5149735394293333,2.0433112865372305
GO:0009199,ribonucleoside triphosphate metabolic process,GO:BP,1,Liver,0.5152735923789047,2.7390247390247393
GO:1903050,regulation of proteolysis involved in protein catabolic process,GO:BP,1,Liver,0.5169647126656124,2.710343851705108
GO:1902115,regulation of organelle assembly,GO:BP,1,Liver,0.518266853557516,2.6962274774774775
GO:0030900,forebrain development,GO:BP,1,Lung,0.5250665098725593,1.9766769865841074
GO:0141091,transforming growth factor beta receptor superfamily signaling pathway,GO:BP,1,Muscle,0.5279565631285514,1.839608144448713
GO:0009141,nucleoside triphosphate metabolic process,GO:BP,1,Liver,0.5282401037275337,2.5755008740083367
GO:0048638,regulation of developmental growth,GO:BP,1,Liver,0.5282401037275337,2.562750869681563
REAC:R-SSC-446203,Asparagine N-linked glycosylation,REAC,1,Brain,0.5287459196240973,1.7758031442241968
GO:0050727,regulation of inflammatory response,GO:BP,1,Blood,0.5298714255824282,2.666945140629351
GO:0042886,amide transport,GO:BP,1,Brain,0.5336579166679277,1.887465510445408
GO:0016072,rRNA metabolic process,GO:BP,1,Liver,0.5336631903898983,2.488825363825364
GO:0035195,miRNA-mediated post-transcriptional gene silencing,GO:BP,1,Blood,0.5420146230288078,2.4632201646090532
GO:0007178,cell surface receptor protein serine/threonine kinase signaling pathway,GO:BP,1,Muscle,0.5443009770124072,1.7262076423936552
GO:0035194,regulatory ncRNA-mediated post-transcriptional gene silencing,GO:BP,1,Blood,0.5469005324808808,2.4129503653313176
GO:0016441,post-transcriptional gene silencing,GO:BP,1,Blood,0.5502222075309009,2.3646913580246913
GO:0006644,phospholipid metabolic process,GO:BP,1,Lung,0.5503471451602241,1.7827624720774384
GO:0046486,glycerolipid metabolic process,GO:BP,1,Lung,0.5563903296525197,1.7441267528683302
GO:0046394,carboxylic acid biosynthetic process,GO:BP,1,Liver,0.563609816378757,2.2122892122892126
GO:0016053,organic acid biosynthetic process,GO:BP,1,Liver,0.5655320994809444,2.1751078809902342
GO:0016032,viral process,GO:BP,1,Brain,0.5657551566963686,1.6497846683893196
GO:0043588,skin development,GO:BP,1,Liver,0.5772712790462354,2.070702702702703
GO:0045786,negative regulation of cell cycle,GO:BP,1,Brain,0.5774749356134116,1.573999506943874
GO:0048562,embryonic organ morphogenesis,GO:BP,1,Liver,0.5806113906630577,2.0221706081081083
GO:0009150,purine ribonucleotide metabolic process,GO:BP,1,Liver,0.5838338190792436,1.9987477825315663
GO:0006887,exocytosis,GO:BP,1,Liver,0.5843574194262176,1.9758613575407469
GO:0071396,cellular response to lipid,GO:BP,1,Lung,0.5873228178755838,1.5476729153199742
GO:0030522,intracellular receptor signaling pathway,GO:BP,1,Brain,0.5914912653297189,1.4998042439902903
GO:0009259,ribonucleotide metabolic process,GO:BP,1,Liver,0.5937166778529502,1.8756365060712887
GO:0019693,ribose phosphate metabolic process,GO:BP,1,Liver,0.5962665841737452,1.8357293463676445
GO:0042254,ribosome biogenesis,GO:BP,1,Liver,0.5998672892779603,1.8100548100548102
GO:0006631,fatty acid metabolic process,GO:BP,1,Liver,0.6005251114963844,1.8037479988699503
GO:0010720,positive regulation of cell development,GO:BP,1,Liver,0.6122154310148438,1.7085005797877086
GO:0002009,morphogenesis of an epithelium,GO:BP,1,Blood,0.6162175016487487,1.782430671877908
GO:0006163,purine nucleotide metabolic process,GO:BP,1,Liver,0.6249542228773997,1.6279109297977221
GO:0043603,amide metabolic process,GO:BP,1,Brain,0.6349091690441453,1.3024615803073576
GO:1903829,positive regulation of protein localization,GO:BP,1,Brain,0.6349091690441453,1.294889129259059
GO:0007346,regulation of mitotic cell cycle,GO:BP,1,Brain,0.6539446621856969,1.1815433964591944
GO:1903530,regulation of secretion by cell,GO:BP,1,Liver,0.6563899919881194,1.3991234477720966
GO:0043408,regulation of MAPK cascade,GO:BP,1,Muscle,0.6702112439959326,1.0816580076801445
GO:0051046,regulation of secretion,GO:BP,1,Liver,0.6827876538118112,1.2688129305776366
GO:0030335,positive regulation of cell migration,GO:BP,1,Brain,0.6851180143064619,1.0707737030411448
GO:0071363,cellular response to growth factor stimulus,GO:BP,1,Muscle,0.6862821815684935,1.0203494566375453
GO:0051276,chromosome organization,GO:BP,1,Liver,0.6907157162614057,1.2238195642450962
GO:0072521,purine-containing compound metabolic process,GO:BP,1,Liver,0.6920382010999317,1.2152011166095675
GO:1902532,negative regulation of intracellular signal transduction,GO:BP,1,Muscle,0.6984140047287157,0.9730745783377361
GO:2000147,positive regulation of cell motility,GO:BP,1,Brain,0.7007865674937536,1.0240042769313018
GO:0032787,monocarboxylic acid metabolic process,GO:BP,1,Liver,0.7112342701153485,1.140254792237171
GO:0048598,embryonic morphogenesis,GO:BP,1,Liver,0.7337500726825374,1.021056559518098
GO:0008610,lipid biosynthetic process,GO:BP,1,Brain,0.7541109930478781,0.8452407219451922
GO:0010564,regulation of cell cycle process,GO:BP,1,Liver,0.7612351782626676,0.9310713591289131
GO:0051606,detection of stimulus,GO:BP,1,Muscle,0.9741356398977027,0.3119137571651902
GO:0022613,ribonucleoprotein complex biogenesis,GO:BP,1,Liver,0.9743711438705275,0.3408003131505436
