Sample_ID,UMAP1,UMAP2,Tissue,Stage
SAMN07626996,-6.86371222586556,1.12573720305303,Muscle,Post_pubertal_150_365d
SAMN05730676,-5.96310750098153,0.312384141377001,Muscle,Infant_0_20d
SAMN13292034,-0.806600217532358,1.37520254938939,Muscle,Unknown
SAMN10980008,-4.48838225455209,2.09204162447789,Muscle,Unknown
SAMN15764916,-7.87535086722299,0.505880964687854,Muscle,Unknown
SAMN13292027,-0.969846282910547,1.27823199122289,Muscle,Unknown
SAMN08580368,-6.81262675375863,-0.200963543960065,Muscle,Early childhood_21_59d
SAMEA4837101,-6.4745573148243,-0.83559655235073,Muscle,Unknown
SAMN13292006,-0.837373112153253,1.31362761347631,Muscle,Unknown
SAMEA4837075,-6.43629304022714,-0.673084946581334,Muscle,Unknown
SAMN06054305,-7.44082203955575,0.27061272948125,Muscle,Unknown
SAMN02768563,-7.46310750098153,0.340676320484667,Muscle,Post_pubertal_150_365d
SAMN08049165,-7.0285147771351,-0.0132795444216436,Muscle,Post_pubertal_150_365d
SAMN07136213,-6.33663025946542,-0.623159872600049,Muscle,Early childhood_21_59d
SAMN10458222,-6.64748707861825,0.494631184032946,Muscle,Early childhood_21_59d
SAMN07627036,-6.95170918555184,1.28609956591466,Muscle,Post_pubertal_150_365d
SAMN10640476,-5.7978805646412,0.070042324951678,Muscle,Unknown
SAMN10640549,-5.73206368536874,0.0472193488393122,Muscle,Unknown
SAMN08049164,-6.87915459723397,0.0186093577657038,Muscle,Post_pubertal_150_365d
SAMN14616113,-7.7701181516163,0.023760152748614,Muscle,Unknown
SAMN09947781,-6.34390727133676,0.348676694325,Muscle,Post_pubertal_150_365d
SAMN04317091,-7.81668702216073,0.140462172916918,Muscle,Post_pubertal_150_365d
SAMN07626914,-6.24301663489266,0.554212821415454,Muscle,Post_pubertal_150_365d
SAMN17833407,-7.43456688971444,0.418215883663684,Muscle,Unknown
SAMN13292039,-0.799369339656076,1.36521328776219,Muscle,Unknown
SAMN05710535,-5.52803793997689,-0.666647019096822,Muscle,Unknown
SAMN07136205,-6.2815493688099,-0.663032965966672,Muscle,Early childhood_21_59d
SAMN05730668,-6.6455196485035,-0.166997121879072,Muscle,Pre_pubertal_60_149d
SAMN09929756,-5.99790183157846,0.083189023426562,Muscle,Early childhood_21_59d
SAMN10640534,-5.67021266074105,-0.0856461992945379,Muscle,Unknown
SAMN01978934,-7.42663661093637,0.37017680495122,Muscle,Unknown
SAMN03703708,-6.53445712180062,0.226553810528308,Muscle,Unknown
SAMN04277433,-0.97201350779458,1.12834490626195,Muscle,Unknown
SAMN07626938,-6.64938298315927,1.04584838240483,Muscle,Post_pubertal_150_365d
SAMN10640536,-5.63580647559091,-0.108574139186353,Muscle,Unknown
SAMN09840129,-5.00232878775521,1.89325369685033,Muscle,Infant_0_20d
SAMN10640489,-5.69865742773934,-0.264300989219159,Muscle,Unknown
SAMN13676555,-5.10954753012582,1.75032605021337,Muscle,Infant_0_20d
SAMN10640466,-5.57493010611459,-0.201104806968183,Muscle,Unknown
SAMN08580359,-6.30883065314218,-0.741179267176599,Muscle,Early childhood_21_59d
SAMN04317094,-7.88831511588021,0.0160290130887324,Muscle,Post_pubertal_150_365d
SAMN07136173,-6.31434146017953,-0.704065548488111,Muscle,Early childhood_21_59d
SAMEA5131511,-6.8387536153309,0.16274477331975,Muscle,Pre_pubertal_60_149d
SAMN10640582,-5.40314761252328,-0.455359475919217,Muscle,Unknown
SAMN06242688,-5.86500969977304,0.085888100555926,Muscle,Post_pubertal_150_365d
SAMN09929690,-0.845048312854013,1.07627905695775,Muscle,Infant_0_20d
SAMN10640569,-5.51397744269296,-0.147220896789045,Muscle,Unknown
SAMN09840098,-4.60394898505136,1.99987019389012,Muscle,Infant_0_20d
SAMN09239099,-0.418923252087077,1.35552443354467,Muscle,Unknown
SAMEA4837091,-6.54696980566903,-0.682909505673856,Muscle,Unknown
SAMN07626951,-6.79494610876962,1.1727436908994,Muscle,Post_pubertal_150_365d
SAMEA4837084,-6.52108517737313,0.0131960639272029,Muscle,Unknown
SAMN17833391,-7.93261519522592,0.285978926113635,Muscle,Unknown
SAMEA4881110,-7.04553691000863,-0.244636224814863,Muscle,Post_pubertal_150_365d
SAMN17833403,-7.62680379004403,0.35887731402257,Muscle,Unknown
SAMEA4881116,-7.05469313712045,-0.162082718917341,Muscle,Post_pubertal_150_365d
SAMN10640555,-5.54502812476083,-0.348812924930066,Muscle,Unknown
SAMEA4881083,-7.08923808188363,-0.233687984057874,Muscle,Post_pubertal_150_365d
SAMN10640532,-5.7818140134327,-1.07943012029788,Muscle,Unknown
SAMN09840135,-5.00948706717416,1.91969407885411,Muscle,Early childhood_21_59d
SAMEA2781067,-7.0104107007496,0.164890421322375,Muscle,Unknown
SAMN10640559,-5.38299838156625,-0.439930247374982,Muscle,Unknown
SAMN10640540,-5.63957539648934,-0.105137692996473,Muscle,Unknown
SAMEA4881089,-7.1511668309681,-0.23934810073039,Muscle,Post_pubertal_150_365d
SAMN10640458,-5.55230322928353,-0.186117099830121,Muscle,Unknown
SAMN05771462,-5.25736418814584,1.74727262347081,Muscle,Post_pubertal_150_365d
SAMN10640503,-5.71479550452157,-0.788619289406747,Muscle,Unknown
SAMN05710532,-6.35541478247567,0.27737428038457,Muscle,Unknown
SAMN02225715,1.57977816014365,1.64706887095311,Muscle,Infant_0_20d
SAMN10640548,-5.69120350928231,-0.870820719980807,Muscle,Unknown
SAMEA4881107,-6.54053393454476,-0.170444952556104,Muscle,Post_pubertal_150_365d
SAMN10640552,-5.50408450217172,-0.111653017112226,Muscle,Unknown
SAMN05710534,-6.26272622198983,0.125906957081347,Muscle,Unknown
SAMN07136197,-6.37827149481698,-0.368586885043592,Muscle,Early childhood_21_59d
SAMEA4881098,-7.15884915442391,-0.161996470996351,Muscle,Post_pubertal_150_365d
SAMN09929701,-5.95348683447763,0.097542358330279,Muscle,Early childhood_21_59d
SAMN14616082,-7.86413804144784,0.0557738074574763,Muscle,Unknown
SAMN10640634,-5.34733477682992,-0.479647593804807,Muscle,Unknown
SAMN09947772,-6.08378735632821,0.251945269993334,Muscle,Post_pubertal_150_365d
SAMN05163539,-0.995995138596734,1.10255087702611,Muscle,Infant_0_20d
SAMN09840121,-4.78180924506112,1.99903906672338,Muscle,Infant_0_20d
SAMEA4837112,-6.32335082144662,-0.94640506268403,Muscle,Unknown
SAMN09947770,-6.29258147330209,0.447472108295947,Muscle,Post_pubertal_150_365d
SAMN10640521,-5.54671374411508,-0.486989157506437,Muscle,Unknown
SAMN06972161,-5.77519312949105,-0.0714003911699956,Muscle,Infant_0_20d
SAMN08729657,-4.98384276480599,2.05314577906468,Muscle,Unknown
SAMN07201006,-0.854598616074762,1.14859522669652,Muscle,Infant_0_20d
SAMN07417331,-0.0419620022289365,1.51212824671605,Muscle,Infant_0_20d
SAMN12347667,-4.5464042767994,2.06783331721166,Muscle,Pre_pubertal_60_149d
SAMN07627019,-6.89932051749154,1.23031510203221,Muscle,Post_pubertal_150_365d
SAMN16203740,-7.32202855200692,0.334763539722949,Muscle,Unknown
SAMN13292019,-0.89787963480874,1.20548762171605,Muscle,Unknown
SAMN15566333,-5.54724589438363,-0.629859837004156,Muscle,Post_pubertal_150_365d
SAMN05730665,-6.39671794028207,-0.0653697124209112,Muscle,Pre_pubertal_60_149d
SAMN10640456,-5.63219157309457,-0.177912937709302,Muscle,Unknown
SAMN07626907,-6.73446456046029,0.938795340946704,Muscle,Post_pubertal_150_365d
SAMN09929731,-6.08026543707772,0.131620002678424,Muscle,Pre_pubertal_60_149d
SAMEA4837093,-6.37520781607553,-0.394659089156598,Muscle,Unknown
SAMN09927932,-5.2793692693226,1.68846668093541,Muscle,Post_pubertal_150_365d
SAMEA4837076,-6.46385184378549,-0.836653625824661,Muscle,Unknown
SAMN09840103,-4.64022532553597,1.99570359080175,Muscle,Infant_0_20d
SAMN07626960,-6.99431506247445,1.25685824244359,Muscle,Post_pubertal_150_365d
SAMN08049166,-6.64958420844003,0.00201417296269479,Muscle,Post_pubertal_150_365d
SAMN17833395,-7.69961443991586,0.227273953846484,Muscle,Unknown
SAMN10640487,-5.73547164053842,-0.791282205143184,Muscle,Unknown
SAMN17833422,-7.70271626562997,0.411485565594226,Muscle,Unknown
SAMN15566336,-5.50778761954232,-0.800424808868379,Muscle,Post_pubertal_150_365d
SAMN06191790,-6.1937226399891,0.475899589947253,Muscle,Unknown
SAMN07626946,-6.80471984000131,1.14929331629613,Muscle,Post_pubertal_150_365d
SAMN09914872,-0.398702832695088,1.39752544253209,Muscle,Infant_0_20d
SAMN09914867,-0.505129431199273,1.39099491923192,Muscle,Infant_0_20d
SAMN09929719,-0.954950366925439,1.15705670206884,Muscle,Infant_0_20d
SAMN09947783,-6.55673590750619,0.559474242619067,Muscle,Post_pubertal_150_365d
SAMN09929694,-0.979726229619226,1.17598666041234,Muscle,Infant_0_20d
SAMN05293635,-7.67727700323983,0.236340893200427,Muscle,Unknown
SAMN07627042,-6.74159041495248,1.05531002371648,Muscle,Post_pubertal_150_365d
SAMN09929684,-0.787834320973596,1.2373873123441,Muscle,Infant_0_20d
SAMN09929703,-6.05155221075936,0.0121756920132929,Muscle,Pre_pubertal_60_149d
SAMN07626981,-6.71146336646005,0.936957729748278,Muscle,Post_pubertal_150_365d
SAMN07201005,-0.946742032479486,1.21402753680089,Muscle,Infant_0_20d
SAMN07626904,-6.05984583945199,0.613035930088549,Muscle,Post_pubertal_150_365d
SAMN03351810,-7.41200820059701,0.28323365538457,Muscle,Infant_0_20d
SAMN04317058,-7.81305543036386,0.0558938512120539,Muscle,Post_pubertal_150_365d
SAMN04317105,-7.84970370383187,0.0306356081281001,Muscle,Post_pubertal_150_365d
SAMN08729659,-5.12598410696908,1.86464704363683,Muscle,Unknown
SAMEA4837092,-6.53708878607675,0.137050581863909,Muscle,Unknown
SAMN09929744,-0.947606240224084,1.1143039593015,Muscle,Infant_0_20d
SAMN09643514,-6.43598452658578,0.344827307156115,Muscle,Unknown
SAMN11164589,-5.44758263678475,-0.15364812523982,Muscle,Unknown
SAMN07626971,-6.35544720740243,0.688814295223742,Muscle,Post_pubertal_150_365d
SAMN05831038,-6.36157361121102,0.467444432667285,Muscle,Post_pubertal_150_365d
SAMEA4881114,-7.1472024068348,-0.0831873288836187,Muscle,Post_pubertal_150_365d
SAMN05730672,-6.00779620261117,0.310321463039904,Muscle,Infant_0_20d
SAMN10640593,-5.68470803351327,-0.628969030686826,Muscle,Unknown
SAMN02768560,-7.48503199667855,0.406261337688952,Muscle,Post_pubertal_150_365d
SAMN08729655,-5.1004118070118,1.88514865725377,Muscle,Unknown
SAMN09840106,-4.6433133229725,2.06116379587987,Muscle,Infant_0_20d
SAMN10640450,-5.63634339423104,-1.04286228329799,Muscle,Unknown
SAMN09929716,-0.954042290162286,1.07035304396489,Muscle,Infant_0_20d
SAMN08580363,-6.35430756659432,-0.828902544685811,Muscle,Early childhood_21_59d
SAMN10640616,-5.65930501074716,-0.930766860255212,Muscle,Unknown
SAMN13292016,-0.829021696757516,1.34310568659642,Muscle,Unknown
SAMN10640562,-5.59645596594735,0.00551230995991769,Muscle,Unknown
SAMN09929693,-1.01241752953454,1.14329756586888,Muscle,Infant_0_20d
SAMEA4881085,-7.18496123404428,-0.140810000010938,Muscle,Post_pubertal_150_365d
SAMN14616097,-7.86721411795541,0.13113130419591,Muscle,Unknown
SAMN11164588,-5.44006863684579,-0.0475049486841863,Muscle,Unknown
SAMN07626916,-6.47772589774056,0.82077564089635,Muscle,Post_pubertal_150_365d
SAMN03351794,-7.25417605490609,0.279428614071398,Muscle,Infant_0_20d
SAMN13108040,-5.09103814215585,1.85411585657933,Muscle,Post_pubertal_150_365d
SAMN10640544,-5.54110089392587,-0.490289258071393,Muscle,Unknown
SAMN05831015,-6.28680268378182,0.269664181164294,Muscle,Post_pubertal_150_365d
SAMN07626973,-6.85008183569833,1.03536046831945,Muscle,Post_pubertal_150_365d
SAMN09947825,-6.02344075293466,0.290426863125354,Muscle,Post_pubertal_150_365d
SAMN04122450,-6.55605164618417,0.218484533718615,Muscle,Infant_0_20d
SAMN03703712,-6.6878952130787,0.312302959850817,Muscle,Unknown
SAMEA4837114,-6.46420565695687,-0.836703878128142,Muscle,Unknown
SAMN12919855,-0.816316668700418,1.21069396822789,Muscle,Infant_0_20d
SAMN10713437,-6.24682799429818,1.20098961680272,Muscle,Unknown
SAMN17833399,-7.6856602773182,0.320386541775256,Muscle,Unknown
SAMN07627008,-6.91224709601327,1.19334186404088,Muscle,Post_pubertal_150_365d
SAMN07626974,-6.71788540930673,1.00131691782811,Muscle,Post_pubertal_150_365d
SAMEA104129662,1.15275486855582,1.55912054865697,Muscle,Unknown
SAMN09643521,-6.38639012427255,0.418595207623034,Muscle,Unknown
SAMN13292029,-0.83065084071084,1.31545437662938,Muscle,Unknown
SAMN09929691,-0.916268323373041,1.21941841929296,Muscle,Infant_0_20d
SAMN09840143,-5.10956660361215,1.86626638262609,Muscle,Pre_pubertal_60_149d
SAMN04420594,-5.32462349982186,1.67472804873326,Muscle,Infant_0_20d
SAMN10640591,-5.72754517645761,-1.02844876260421,Muscle,Unknown
SAMN09840105,-4.61683121771737,2.04885472147801,Muscle,Infant_0_20d
SAMN09643520,-6.36612311453744,0.548571837833911,Muscle,Unknown
SAMN07626877,-5.94744387717172,0.342983973911791,Muscle,Post_pubertal_150_365d
SAMN09722856,-6.29363766760751,0.115692866734057,Muscle,Unknown
SAMN14616104,-7.74163857550546,0.127361131599932,Muscle,Unknown
SAMN10640589,-5.68258992285653,-0.96662629605195,Muscle,Unknown
SAMN10640519,-5.75953188986703,-1.08504323870799,Muscle,Unknown
SAMN09947771,-6.33485976309701,0.311298502377062,Muscle,Post_pubertal_150_365d
SAMN03351792,-7.11920062155648,0.363497746876269,Muscle,Infant_0_20d
SAMN09840158,-5.10755148978158,1.89201225130895,Muscle,Post_pubertal_150_365d
SAMN07626896,-6.28905287833138,0.546649468830615,Muscle,Post_pubertal_150_365d
SAMN07627040,-6.88804427237435,1.11376310675481,Muscle,Post_pubertal_150_365d
SAMEA4881091,-7.2535485372059,-0.0495850315775579,Muscle,Post_pubertal_150_365d
SAMN10640537,-5.67335644812509,-0.966626579174013,Muscle,Unknown
SAMN07626897,-6.54585972876473,0.863594783237963,Muscle,Post_pubertal_150_365d
SAMN17833430,-7.57706633658334,0.495989931515246,Muscle,Unknown
SAMN04277427,-0.858755712222299,1.09995855181554,Muscle,Unknown
SAMN11164593,-5.3843816861622,-0.24978636414668,Muscle,Unknown
SAMN02768569,-7.50638714880868,0.369344128063708,Muscle,Post_pubertal_150_365d
SAMN07626922,-6.86981097311898,1.045338762692,Muscle,Post_pubertal_150_365d
SAMN17833393,-7.71911994070931,0.345185769489794,Muscle,Unknown
SAMN09840094,-4.5336131200306,1.98294128268102,Muscle,Infant_0_20d
SAMN10640578,-5.48630372137948,-0.475616829701871,Muscle,Unknown
SAMN11164576,-5.39119664282723,-0.0553886762346929,Muscle,Unknown
SAMN02673051,-7.24438086600228,0.718827737263232,Muscle,Post_pubertal_150_365d
SAMN10640513,-5.63439313025399,-0.0955004564013189,Muscle,Unknown
SAMN04301629,-7.8203267201893,0.0924303063664729,Muscle,Post_pubertal_150_365d
SAMN17833388,-7.72273007483407,0.31435359804967,Muscle,Unknown
SAMN02673057,-7.32539645285531,0.66105450480321,Muscle,Post_pubertal_150_365d
SAMN04420605,-5.35517684073373,1.65069211809972,Muscle,Pre_pubertal_60_149d
SAMN09927935,-5.21806851477548,1.73396409838536,Muscle,Post_pubertal_150_365d
SAMEA104459615,7.38368424325065,-5.01601825863978,Brain,Early childhood_21_59d
SAMN12344401,-14.9976395711414,-4.11850081593654,Brain,Infant_0_20d
SAMN07512673,8.46844395546989,-4.38362942845485,Brain,Unknown
SAMEA2659151,7.30333432107047,-4.16359482915065,Brain,Unknown
SAMN10524922,-1.02188203186913,6.34573043673375,Brain,Post_pubertal_150_365d
SAMN06821195,7.40580138115958,-5.0937050452914,Brain,Post_pubertal_150_365d
SAMN03580794,15.7189684763439,6.9006182083402,Brain,Infant_0_20d
SAMN13676587,0.28048494010047,6.04340614168981,Brain,Infant_0_20d
SAMN03980135,0.238236452627936,6.39466155855992,Brain,Unknown
SAMN12344380,-15.010399733495,-4.10241161496303,Brain,Infant_0_20d
DNM2_118206_2,0.611915911722937,5.97893871157506,Brain,Unknown
SAMN12723806,-0.9104076966755,6.48822273104528,Brain,Unknown
SAMN12815416,-0.476062935601911,7.10786546557286,Brain,Early childhood_21_59d
SAMEA4434476,7.07609089760856,-4.80433045537135,Brain,Unknown
SAMN07661010,1.08815773873405,6.32626260607579,Brain,Unknown
SAMN02389758,8.32697590737418,-4.1954420676913,Brain,Unknown
DNM1DKF2_6,0.13966360240058,6.11538804858068,Brain,Unknown
SAMN12815430,-0.255957399319848,6.86851037829259,Brain,Early childhood_21_59d
SAMN12815427,-0.495969292532644,7.05173744051793,Brain,Early childhood_21_59d
SAMN14791364,9.20760640053824,-4.9838508239474,Brain,Early childhood_21_59d
SAMN12015921,15.8357954874523,7.02307571261266,Brain,Unknown
SAMN15762647,8.6133013620861,-4.75872360379359,Brain,Unknown
SAMN12015884,15.7807360544689,6.88462556689122,Brain,Unknown
SAMN01831991,8.60248478798942,-4.85579191357753,Brain,Unknown
DKM1DNF8_1,0.473587538290778,6.10354961245397,Brain,Unknown
SAMN10397254,15.7947302713879,6.9951154121671,Brain,Pre_pubertal_60_149d
SAMN12815408,-0.542613033961496,7.02646650164464,Brain,Early childhood_21_59d
SAMN12815420,-0.5872785940878,7.14658655016759,Brain,Early childhood_21_59d
SAMN11231797,7.52682312874869,-3.7046178451266,Brain,Unknown
SAMN12344392,-15.0518130406849,-4.06421409756801,Brain,Infant_0_20d
SAMN12344372,-15.0096892461292,-4.10653196484706,Brain,Infant_0_20d
SAMN16203768,8.76218518166617,-4.68789278180263,Brain,Unknown
SAMN07661003,1.0728002443798,6.27305044024327,Brain,Unknown
SAMN12344374,-14.9984397038929,-4.1175395122256,Brain,Infant_0_20d
SAMN14791367,9.02996643929557,-4.86321817547938,Brain,Early childhood_21_59d
SAMN04362277,8.98709782509879,-4.87195812375209,Brain,Infant_0_20d
SAMN12015893,15.8707075968273,7.05650867312291,Brain,Unknown
SAMN12723803,-0.892769072961053,6.41929878084996,Brain,Unknown
SAMN16507178,9.07331570534781,-4.97374807507655,Brain,Infant_0_20d
SAMN14791373,9.01700791268424,-4.95855413586757,Brain,Early childhood_21_59d
SAMN14791370,9.06516655831412,-4.90155063779017,Brain,Early childhood_21_59d
SAMN10130936,7.35261258034782,-4.9718617072787,Brain,Post_pubertal_150_365d
DKM1DNF6_1,0.573518003512183,5.89748586504796,Brain,Unknown
SAMN10524920,-1.03939369769021,6.34920324175695,Brain,Early childhood_21_59d
SAMN12815415,-0.374518911644807,6.81620897143224,Brain,Early childhood_21_59d
SAMN10397263,15.6608229532726,6.96373237459996,Brain,Pre_pubertal_60_149d
SAMN11231783,7.47961577324943,-3.81016551167628,Brain,Unknown
SAMN02389762,8.39828595070914,-4.31245123059413,Brain,Unknown
SAMN11231800,7.43575104622916,-3.73610387951991,Brain,Unknown
SAMN03980137,0.29689153580741,6.36168540804723,Brain,Unknown
DKM1DNF4_4,0.207664097834387,5.97760213702062,Brain,Unknown
SAMN11231796,7.55387314705924,-3.7087830177035,Brain,Unknown
SAMN12815418,-0.23229687364026,6.83996166079381,Brain,Early childhood_21_59d
SAMN09232402,6.99522503762321,-5.01754938275477,Brain,Unknown
SAMN05952626,15.681796158839,6.86132730334142,Brain,Early childhood_21_59d
SAMEA104459606,7.34675320534782,-4.97202240140101,Brain,Early childhood_21_59d
SAMN14791372,9.15438565163688,-4.98122106701991,Brain,Early childhood_21_59d
DNM2DKF3_3,0.437731052923957,5.90775169222692,Brain,Unknown
SAMEA7131533,-0.549527575086793,6.56217206805089,Brain,Unknown
SAMN16507179,9.00397976784782,-4.9242485633578,Brain,Infant_0_20d
SAMN14790201,9.09212597756461,-4.94166837842128,Brain,Early childhood_21_59d
SAMN12723808,-0.951283310364923,6.43227018206456,Brain,Unknown
SAMN07661002,0.965837086725989,6.24772037356237,Brain,Unknown
SAMEA2659153,7.38765915780143,-4.29096852452418,Brain,Unknown
SAMN11467158,6.64773520379142,-3.59611021191737,Brain,Early childhood_21_59d
SAMEA104459600,7.43066939263419,-4.97908579022548,Brain,Early childhood_21_59d
SAMN10397270,15.7013445749767,6.90497077792028,Brain,Pre_pubertal_60_149d
DNM1_154001_2,0.321627999831,5.95986617892125,Brain,Unknown
SAMN10397268,15.6424666300304,6.89115346758702,Brain,Pre_pubertal_60_149d
SAMN11231786,7.30674704461173,-3.86199556500575,Brain,Unknown
SAMN12723804,-0.962513779114923,6.37892640917638,Brain,Unknown
SAMN02389766,8.44917115120963,-4.3195921054568,Brain,Unknown
SAMN15512251,9.08252915291862,-5.05632578045985,Brain,Post_pubertal_150_365d
SAMEA3643811,7.26884945778922,-4.74242936284205,Brain,Unknown
SAMN12815409,-0.266958270978174,6.79915202944615,Brain,Early childhood_21_59d
SAMN15512253,8.81764038949088,-4.74402128369472,Brain,Post_pubertal_150_365d
SAMN12015920,15.8762522593029,7.07555259554723,Brain,Unknown
SAMN06821198,7.23053988366202,-4.9977258315768,Brain,Post_pubertal_150_365d
SAMEA104459623,7.35294875054435,-5.08032117993495,Brain,Early childhood_21_59d
SAMEA7130238,-0.43536458240076,6.22665704577306,Brain,Unknown
SAMN14791366,9.0342636957653,-4.88814912945888,Brain,Early childhood_21_59d
SAMEA4434478,7.17734011559562,-4.68495069653651,Brain,Unknown
SAMN11467162,6.64184435753898,-3.661865817615,Brain,Early childhood_21_59d
SAMN09232397,6.84954794793204,-5.02627168805263,Brain,Unknown
SAMEA104459620,7.49197539239005,-5.11096035153529,Brain,Early childhood_21_59d
SAMN12015889,15.8017950907238,7.00033391802648,Brain,Unknown
SAMN10180154,-0.385590965684494,6.3252688774381,Brain,Infant_0_20d
SAMN11231784,7.42049654870109,-3.66719328076503,Brain,Unknown
SAMEA1876826,8.64275463967399,-4.96262584836146,Brain,Unknown
SAMN12015886,15.8538676157482,7.04730810015538,Brain,Unknown
SAMN01831990,8.59310921578483,-4.87593399197719,Brain,Unknown
SAMN03980133,0.339582230139533,6.36472143023351,Brain,Unknown
SAMN02389760,8.29904660134391,-4.2488449683871,Brain,Unknown
SAMEA2659149,7.34738978295402,-4.25557862431666,Brain,Unknown
SAMN12815390,-0.267126020800313,6.94799484103063,Brain,Early childhood_21_59d
DKM1DNF4_2,0.189088608313361,6.05384029238561,Brain,Unknown
SAMN06718724,7.43907793908195,-4.01266084820888,Brain,Early childhood_21_59d
SAMN10180152,-0.345033914607009,6.40295566408971,Brain,Infant_0_20d
SAMN12344389,-14.9505576238148,-4.16336427838466,Brain,Infant_0_20d
SAMN14791363,9.14804753213004,-4.91591488034389,Brain,Early childhood_21_59d
SAMEA104459608,7.35395201592521,-4.8609260192599,Brain,Early childhood_21_59d
SAMN12344398,-14.9717578038685,-4.14442192227504,Brain,Infant_0_20d
SAMN12815410,-0.32165346742793,6.94494260638097,Brain,Early childhood_21_59d
SAMN11231789,7.44507798104362,-3.8650604358401,Brain,Unknown
SAMN12815417,-0.518885855387887,7.05885566561559,Brain,Early childhood_21_59d
DNM2_118206_3,0.522477652121344,6.03148235171178,Brain,Unknown
SAMN09232407,6.79586323647575,-5.06740270764491,Brain,Unknown
DNM2DKF3_2,0.362623478461066,5.98035348742345,Brain,Unknown
SAMN11231776,7.43550452141837,-3.93727527768275,Brain,Unknown
DKM2DNF7_5,0.300240422774115,5.98311437456945,Brain,Unknown
SAMN02389759,8.35889920144157,-4.30193625600001,Brain,Unknown
SAMN12815431,-0.552810017775735,7.06133855669835,Brain,Early childhood_21_59d
SAMN12344400,-15.0735215291493,-4.04266391904017,Brain,Infant_0_20d
SAMN12815393,-0.137398545455179,6.8035231956754,Brain,Early childhood_21_59d
SAMN12815392,-0.100843702267846,6.78129209368566,Brain,Early childhood_21_59d
SAMN11231780,7.45066698937491,-3.74823080212733,Brain,Unknown
SAMN12015888,15.824130143214,7.01740135043004,Brain,Unknown
SAMN10397273,15.7174330606945,6.84593499987462,Brain,Pre_pubertal_60_149d
SAMN12344386,-14.9744967565052,-4.14131342084071,Brain,Infant_0_20d
SAMN10397260,15.6211348429211,6.82854999392369,Brain,Pre_pubertal_60_149d
SAMN12015918,15.7702875986584,6.96282733767369,Brain,Unknown
SAMEA7130231,-0.178260837506494,6.24614919512609,Brain,Unknown
DKM2DNF3_1,0.627833808947364,5.95499576418737,Brain,Unknown
SAMN11231790,7.38432463555411,-3.82827864796779,Brain,Unknown
SAMN11489435,6.66739090828971,-3.60863648564479,Brain,Early childhood_21_59d
DNM2DKF3_4,0.402057196188727,6.04564441531041,Brain,Unknown
SAMN09232404,6.96460589318351,-4.90735374600551,Brain,Unknown
SAMN11231792,7.314976300288,-3.67041097790858,Brain,Unknown
SAMN11467161,6.78569754510001,-3.7331343761172,Brain,Early childhood_21_59d
SAMN16245054,8.46787270455436,-4.63793288380763,Brain,Unknown
SAMEA104459607,7.42964419274406,-5.05654512555263,Brain,Early childhood_21_59d
SAMN09232409,6.95439299492911,-4.94306932599208,Brain,Unknown
SAMEA1876892,7.29750355629996,-5.19167171628139,Brain,Unknown
SAMN07314856,-0.742980007838449,6.50155414431432,Brain,Infant_0_20d
SAMEA7130235,-0.35878804774209,6.35438360064366,Brain,Unknown
SAMN14791310,9.06917675881461,-5.0820969215121,Brain,Early childhood_21_59d
SAMEA72286918,7.33825167565421,-4.85257660061976,Brain,Unknown
SAMN12344388,-14.9979561910145,-4.11591969639918,Brain,Infant_0_20d
SAMN07661007,0.952689017344275,6.19763768999913,Brain,Unknown
SAMN03980131,0.552788700152198,6.22164214938024,Brain,Unknown
SAMN09232410,6.94906958489493,-4.93148981244227,Brain,Unknown
SAMN12815399,-0.235136230301103,6.85247196047643,Brain,Early childhood_21_59d
SAMN12344390,-15.033927832555,-4.08148442418239,Brain,Infant_0_20d
SAMN09232401,6.91463908104972,-4.94823728711268,Brain,Unknown
SAMN14790200,9.15268620400504,-5.02456461102626,Brain,Early childhood_21_59d
SAMEA104459602,7.46914872078971,-5.03520284802577,Brain,Early childhood_21_59d
SAMN12815425,-0.532173801969728,7.15525163500646,Brain,Early childhood_21_59d
SAMN11231799,7.46556528954581,-3.8133505454745,Brain,Unknown
SAMN12815414,-0.383872353762379,6.88613952486852,Brain,Early childhood_21_59d
SAMEA3643807,7.11849173455314,-4.78371726185939,Brain,Unknown
SAMN12015883,15.7397089853771,6.93377889483312,Brain,Unknown
SAMN07661001,0.976827467966834,6.20231593935826,Brain,Unknown
SAMEA7130234,-0.420768809329709,6.48642982333043,Brain,Unknown
SAMN10524923,-0.986838077019891,6.41014779894689,Brain,Post_pubertal_150_365d
SAMN09232398,6.94458350091056,-4.93113456875941,Brain,Unknown
SAMN03980134,0.140191222716132,6.48428977816442,Brain,Unknown
SAMEA104459609,7.48847540764884,-5.04562126309535,Brain,Early childhood_21_59d
SAMN09089760,8.76976403145866,-4.68036948353908,Brain,Unknown
DNM2DKF1_1,0.0892548516281039,6.1817346939359,Brain,Unknown
DNM2DKF1_8,0.106438572693625,6.07461751787999,Brain,Unknown
SAMN12344377,-15.0929402455799,-4.02113090665004,Brain,Infant_0_20d
SAMN14791371,9.1190739527233,-4.90031229169032,Brain,Early childhood_21_59d
SAMEA2659152,7.33058794884757,-4.26920734555385,Brain,Unknown
SAMN10397251,15.658249939967,6.85274232714513,Brain,Pre_pubertal_60_149d
SAMN10180147,-0.414240722369394,6.33817352145055,Brain,Infant_0_20d
SAMN06821194,7.24406775384025,-5.08587585599086,Brain,Post_pubertal_150_365d
SAMEA1876838,8.63486679940299,-5.07298170239589,Brain,Unknown
DKM2DNF7_4,0.245566035795966,6.10489810793737,Brain,Unknown
SAMN10397272,15.8475142374523,7.04585088579991,Brain,Pre_pubertal_60_149d
SAMN12723807,-0.872321371745309,6.42855228274205,Brain,Unknown
SAMN11855705,-0.6776775166504,6.74595941393712,Brain,Unknown
SAMEA1876846,7.25211771874503,-5.12234436185023,Brain,Unknown
SAMN16507176,8.88918885140494,-4.8600019088473,Brain,Infant_0_20d
SAMEA1876828,7.367457474757,-5.15154157788417,Brain,Unknown
SAMN02389764,8.37531193642692,-4.35673175961635,Brain,Unknown
SAMN14790203,9.19089898018912,-4.92635761410853,Brain,Early childhood_21_59d
SAMN14791308,9.08836659340934,-4.96426664502284,Brain,Early childhood_21_59d
SAMN07661006,1.03167888073997,6.1898723968778,Brain,Unknown
DNM2DKF1_3,0.0809502854831606,6.21968807070592,Brain,Unknown
DKM1DNF4_3,0.187957848597327,6.17181028216222,Brain,Unknown
SAMN07661004,0.938954438257971,6.15854801028112,Brain,Unknown
SAMN14791309,9.16494950203971,-5.01558385998866,Brain,Early childhood_21_59d
SAMN11467157,6.60927113442496,-3.54890667111537,Brain,Early childhood_21_59d
SAMN12344384,-14.9629744634144,-4.14939604909083,Brain,Infant_0_20d
SAMN12815429,-0.499281783413133,7.05819000094274,Brain,Early childhood_21_59d
SAMN11467159,6.64990195183829,-3.58944045216701,Brain,Early childhood_21_59d
SAMN12815403,-0.370049521151921,6.9619556793485,Brain,Early childhood_21_59d
DKM2DNF5_4,0.509225453425208,6.06344903796056,Brain,Unknown
SAMN12815394,-0.1541890993826,6.9190770515714,Brain,Early childhood_21_59d
SAMN15512249,8.9753332987316,-5.01683698804042,Brain,Post_pubertal_150_365d
SAMEA104459617,7.48631438164786,-5.11267696530482,Brain,Early childhood_21_59d
SAMN12015894,15.8510485544689,7.04255498736241,Brain,Unknown
SAMN11855703,-0.639982496213159,6.63147176592687,Brain,Unknown
SAMN15762641,8.67329701333121,-4.73539029271266,Brain,Unknown
SAMEA104459613,7.40622433571891,-5.13188396603724,Brain,Early childhood_21_59d
SAMEA104459622,7.42703255562858,-4.9551552406039,Brain,Early childhood_21_59d
SAMN10180144,-0.303452578198156,6.37195409624913,Brain,Infant_0_20d
SAMN06718736,7.44360693841056,-3.9467197528567,Brain,Early childhood_21_59d
DKM2DNF5_2,0.518703307200232,6.03416169970372,Brain,Unknown
SAMN10180145,-0.327465166162691,6.44153179018834,Brain,Infant_0_20d
SAMEA5158160,8.08836277871207,-9.81243311078212,Liver,Infant_0_20d
SAMN16595806,8.48728760628776,-9.88787065655848,Liver,Unknown
SAMN10354877,10.2406083002575,-12.4366272559848,Liver,Early childhood_21_59d
SAMN03142844,8.60521420388297,-10.4206284156527,Liver,Post_pubertal_150_365d
SAMEA5158186,7.97915371804313,-9.77824197919032,Liver,Infant_0_20d
SAMN06236650,8.61766919045524,-13.3969257941928,Liver,Unknown
SAMN02676529,9.12209519295768,-10.0626486411776,Liver,Unknown
SAMN02570543,8.57266434578971,-9.78374658734462,Liver,Post_pubertal_150_365d
SAMN13676563,8.58873280434684,-11.7422846427645,Liver,Infant_0_20d
SAMN02676467,8.83881863503532,-9.91132246167323,Liver,Unknown
SAMN09098472,9.06438549904899,-12.8714035621371,Liver,Unknown
SAMEA5131478,9.63448819069938,-12.6616266837802,Liver,Pre_pubertal_60_149d
SAMN10354892,10.2613411798962,-12.266205655643,Liver,Early childhood_21_59d
SAMN10576362,8.77446755318717,-12.2288893333163,Liver,Post_pubertal_150_365d
SAMEA5158201,7.95143803505973,-9.67578684003016,Liver,Infant_0_20d
SAMN04327535,8.96439656167106,-10.0247400871005,Liver,Post_pubertal_150_365d
SAMN01915403,8.35999878792838,-10.4469650855746,Liver,Pre_pubertal_60_149d
SAMEA5131474,9.67766484170035,-12.7687786689486,Liver,Pre_pubertal_60_149d
SAMN13058849,8.69495304970817,-9.55164228589198,Liver,Post_pubertal_150_365d
SAMN10849968,9.47555550484733,-11.0025204292025,Liver,Adult
SAMN10849965,9.02039154915885,-10.66632829816,Liver,Adult
SAMN11018814,9.97751721291617,-12.3446320167269,Liver,Unknown
SAMN09098465,9.1215439692028,-12.9036339393344,Liver,Unknown
SAMN16595808,8.28754433541373,-9.89621053845546,Liver,Unknown
SAMN07975614,8.51773651986198,-12.1772345176425,Liver,Post_pubertal_150_365d
SAMN13058859,8.58001526742057,-9.53230463177821,Liver,Post_pubertal_150_365d
SAMN01915402,8.24941738991813,-10.5321463218417,Liver,Pre_pubertal_60_149d
SAMEA104407662,7.99595459847526,-12.2228640189852,Liver,Pre_pubertal_60_149d
SAMN06236626,8.65404805092887,-13.1563643089022,Liver,Unknown
SAMN13058857,8.57389267830924,-9.66997705609462,Liver,Post_pubertal_150_365d
SAMN10354923,8.31937893776969,-12.3984449973788,Liver,Adult
SAMN10662301,9.96453389077262,-13.003619062015,Liver,Pre_pubertal_60_149d
SAMN07313102,8.27391632943229,-12.0833214393344,Liver,Infant_0_20d
SAMN10354870,10.360488976527,-12.264454709598,Liver,Early childhood_21_59d
SAMN09098466,9.03402146248893,-12.935018407413,Liver,Unknown
SAMN16595811,8.53967484383658,-9.83557592541835,Liver,Unknown
SAMN04028025,8.36604794411735,-10.155100690433,Liver,Pre_pubertal_60_149d
SAMN09098468,9.02284630684928,-13.0326088538851,Liver,Unknown
SAMN11261067,9.37359341530875,-13.4466608634677,Liver,Unknown
SAMN12723796,8.20802506356315,-12.226781713077,Liver,Unknown
SAMN13919775,9.30749043374137,-13.6057127586093,Liver,Unknown
SAMN02676499,9.10987862496451,-10.0551489463534,Liver,Unknown
SAMN09098460,9.074826325465,-12.8294066062655,Liver,Unknown
SAMN10354880,10.1088286295422,-12.4253882041659,Liver,Early childhood_21_59d
SAMN13676553,8.63300236611442,-11.7078674903598,Liver,Infant_0_20d
SAMN16203755,8.45890149025992,-9.99465070874354,Liver,Unknown
SAMN13919780,9.26308545022086,-13.6078909507479,Liver,Unknown
SAMN06143069,9.92792424111442,-12.9533880820956,Liver,Unknown
SAMEA104407661,8.00635250954703,-12.2567270866122,Liver,Pre_pubertal_60_149d
SAMN06236648,8.61643132119254,-13.2941969505038,Liver,Unknown
SAMN13694297,10.0474272623547,-11.7386807075228,Liver,Infant_0_20d
SAMN10576361,8.56549939065055,-12.1008432975497,Liver,Adult
SAMN06236629,8.73606499581412,-13.2500990501132,Liver,Unknown
SAMN13694296,9.91401204018668,-11.6758288017001,Liver,Infant_0_20d
SAMN06236667,8.90066822915153,-13.1473139396395,Liver,Unknown
SAMN16595804,8.42773445992545,-10.0108078590121,Liver,Unknown
SAMN01915407,8.27218827157096,-10.6178244224276,Liver,Pre_pubertal_60_149d
SAMN07411811,8.41758545785026,-9.4989670386996,Liver,Early childhood_21_59d
SAMN11124312,8.59893521218375,-9.97851358563563,Liver,Pre_pubertal_60_149d
SAMN02676473,9.11613663582877,-10.134592877933,Liver,Unknown
SAMN10849970,9.39470394997672,-10.9385079017367,Liver,Adult
SAMEA104407660,7.96062287240104,-12.2448052039828,Liver,Pre_pubertal_60_149d
SAMN10849972,9.14086827187614,-10.680078374454,Liver,Adult
SAMN12723795,8.43212899117545,-12.207666265079,Liver,Unknown
SAMN07313082,8.18034752755241,-12.2031181922641,Liver,Post_pubertal_150_365d
SAMN10662293,9.67760189919547,-13.0812510123934,Liver,Pre_pubertal_60_149d
SAMN05188551,9.02703770546989,-9.97257028729579,Liver,Post_pubertal_150_365d
SAMN02676501,9.01415547280387,-9.84446798474452,Liver,Unknown
SAMEA5131506,7.47201975731925,-4.25552378804347,Liver,Pre_pubertal_60_149d
SAMN16203742,8.37652882485465,-10.1559494605746,Liver,Unknown
SAMEA5131499,9.66588601021842,-12.5896423927035,Liver,Pre_pubertal_60_149d
SAMN01036911,9.29746827035026,-9.90912424237391,Liver,Unknown
SAMN13676544,8.67607315926627,-11.752136098453,Liver,Infant_0_20d
SAMN13694319,9.9758444681652,-11.665674077579,Liver,Infant_0_20d
SAMN10354894,10.3114796534069,-12.4750946632113,Liver,Early childhood_21_59d
SAMN04028024,8.46738633065299,-10.0191210380282,Liver,Pre_pubertal_60_149d
SAMEA5158188,7.99615963845328,-9.73434148938319,Liver,Infant_0_20d
SAMN07411818,8.42936619668082,-9.51796041638514,Liver,Early childhood_21_59d
SAMEA5131501,9.75504311471061,-12.8255585303988,Liver,Pre_pubertal_60_149d
SAMN06236635,8.6135168924816,-13.3275927177157,Liver,Unknown
SAMEA4039832,9.63291462807731,-11.7248180976596,Liver,Unknown
SAMN10593699,9.89644726662711,-12.2452181449618,Liver,Pre_pubertal_60_149d
SAMN06236634,8.72329815774039,-13.2429712882724,Liver,Unknown
SAMN06242623,10.0744200602062,-12.5873583427157,Liver,Post_pubertal_150_365d
SAMN10354889,10.199470604945,-12.4462250343051,Liver,Early childhood_21_59d
SAMN01978930,8.94272717385367,-10.1456793418612,Liver,Unknown
SAMN13694305,9.91355904488639,-11.834824430057,Liver,Early childhood_21_59d
SAMEA5158194,8.13796910195426,-9.80245863110682,Liver,Infant_0_20d
SAMN12723800,8.14006432442741,-12.1162575355258,Liver,Unknown
SAMN10849967,9.04651078133658,-10.6595858207431,Liver,Adult
SAMN12327411,8.33578690438346,-9.5925196281161,Liver,Early childhood_21_59d
SAMN13058856,8.85483559517936,-9.71419511944911,Liver,Post_pubertal_150_365d
SAMN13676564,8.59963330178336,-11.7805288902011,Liver,Infant_0_20d
SAMN13919777,9.26579579262809,-13.6118839851107,Liver,Unknown
SAMN09098464,9.30555447487906,-12.7026175132479,Liver,Unknown
SAMN02676535,8.94677552132682,-10.0736502280917,Liver,Unknown
SAMEA5158169,7.86195000557975,-9.71254717023036,Liver,Infant_0_20d
SAMN01036908,9.30576237588004,-9.87533651501796,Liver,Unknown
SAMN13919774,9.24682434945182,-13.637595044681,Liver,Unknown
SAMN13058850,8.63577660470084,-9.5884274116244,Liver,Post_pubertal_150_365d
SAMEA5760401,8.53595265297965,-11.9208515754428,Liver,Adult
SAMN07641020,9.91404923348502,-12.3155907264437,Liver,Unknown
SAMN04484978,8.82236298470573,-10.41588197858,Liver,Pre_pubertal_60_149d
SAMEA5158165,7.97099312691764,-9.82022844464442,Liver,Infant_0_20d
SAMN10354904,10.2092677011974,-12.2446220985141,Liver,Early childhood_21_59d
SAMN09098456,9.07880124001578,-12.9689224830355,Liver,Unknown
SAMN06236620,8.71475228219108,-13.4059952369418,Liver,Unknown
SAMN06242615,10.166436280299,-12.51131998212,Liver,Post_pubertal_150_365d
SAMEA5158172,7.99412545113639,-9.73544012219569,Liver,Infant_0_20d
SAMN07975638,8.48874291329459,-12.1454084983554,Liver,Post_pubertal_150_365d
SAMN10354902,10.1898089304455,-12.2739332786288,Liver,Early childhood_21_59d
SAMN01915401,8.31253632454948,-10.4538057914462,Liver,Pre_pubertal_60_149d
SAMN10849975,9.42768963723258,-10.9772356620516,Liver,Adult
SAMN10354906,10.2038794413097,-12.4516810050692,Liver,Early childhood_21_59d
SAMN02676464,9.00901230721549,-9.93052564770839,Liver,Unknown
SAMN01915405,8.32043942360953,-10.3994034400668,Liver,Pre_pubertal_60_149d
SAMEA5158184,8.00978287606315,-9.81179701001307,Liver,Infant_0_20d
SAMN11124316,8.51625737099723,-9.95379244000575,Liver,Pre_pubertal_60_149d
SAMEA104407658,7.96054371743278,-12.2242659202304,Liver,Pre_pubertal_60_149d
SAMN02676517,9.07190998940543,-10.1466778388705,Liver,Unknown
SAMN06236618,8.75687703042106,-13.1756189933505,Liver,Unknown
SAMN10130932,9.77136620431022,-12.1498917213168,Liver,Post_pubertal_150_365d
SAMN13919765,9.30264672188834,-13.5882929435458,Liver,Unknown
SAMEA5131508,9.69760807900504,-12.7289351096835,Liver,Pre_pubertal_60_149d
SAMN10849976,9.38440617470817,-10.923842298099,Liver,Adult
SAMN15762644,8.74453648476676,-10.0836657157626,Liver,Unknown
SAMN10576355,8.73158654122428,-12.2451351752963,Liver,Post_pubertal_150_365d
SAMN06242635,10.0202790155895,-12.380780088016,Liver,Post_pubertal_150_365d
SAMN13694289,10.1019030466564,-11.808610784122,Liver,Infant_0_20d
SAMEA5131479,9.81457623391227,-12.495149480411,Liver,Pre_pubertal_60_149d
SAMN10849969,9.36775216012076,-10.9225872626986,Liver,Adult
SAMN06045919,9.59945210366324,-12.3178499808993,Liver,Post_pubertal_150_365d
SAMEA5131498,9.74558266549186,-12.6036747565951,Liver,Pre_pubertal_60_149d
SAMN11124314,8.4888363733776,-10.0828484168734,Liver,Pre_pubertal_60_149d
SAMN06236660,8.72602566628532,-13.0406435600009,Liver,Unknown
SAMEA104407672,7.95971115975455,-12.2421358695712,Liver,Pre_pubertal_60_149d
SAMN01915404,8.29480465798453,-10.3848513236727,Liver,Pre_pubertal_60_149d
SAMN13694307,9.97630318551139,-11.6639250388827,Liver,Infant_0_20d
SAMN10849977,9.15654286294059,-10.7505911460604,Liver,Adult
SAMN11261063,9.3327551737316,-13.4288738837924,Liver,Unknown
SAMN11261062,9.33442791848258,-13.4631975761141,Liver,Unknown
SAMN06236664,8.68573101906852,-13.306428777286,Liver,Unknown
SAMN07981759,9.65416344552115,-12.1896046272006,Liver,Unknown
SAMN10475342,8.83631333260612,-10.3337868324008,Liver,Early childhood_21_59d
SAMN06236646,8.48879918007926,-13.4066885581698,Liver,Unknown
SAMN10849962,9.40666111855582,-10.9997538200106,Liver,Adult
SAMN06236628,8.72928913979606,-13.2508381477084,Liver,Unknown
SAMN09098462,8.94148167519645,-12.9973047843661,Liver,Unknown
SAMEA72284668,9.39803799538688,-12.6642140022006,Liver,Unknown
SAMEA104407663,7.96931942849235,-12.1710384956088,Liver,Pre_pubertal_60_149d
SAMN10354905,10.2689648523815,-12.3066233268466,Liver,Early childhood_21_59d
SAMN06603655,10.1046582117565,-11.9080637565341,Liver,Unknown
SAMN07641022,8.38658245949821,-9.77581487805507,Liver,Unknown
SAMEA5131500,9.82716378121451,-12.6324623695101,Liver,Pre_pubertal_60_149d
SAMN05188553,8.88004692940787,-9.97927175671717,Liver,Post_pubertal_150_365d
SAMN06603717,10.0783596888073,-11.9241446128573,Liver,Unknown
SAMN07640995,8.35764035134391,-9.89804159314296,Liver,Unknown
SAMN16595813,8.54996498971061,-9.94015012890956,Liver,Unknown
SAMEA5131507,9.60849007515983,-12.5832604041781,Liver,Pre_pubertal_60_149d
SAMN06143065,9.98424538521842,-12.8322237601962,Liver,Unknown
SAMEA5158178,7.96538933663444,-9.75363527447841,Liver,Infant_0_20d
SAMN10354868,10.3162661448009,-12.3632658591952,Liver,Early childhood_21_59d
SAMN03142843,8.62554558663444,-10.3068817725863,Liver,Post_pubertal_150_365d
SAMN01036905,9.34359177498893,-9.87262521893641,Liver,Unknown
SAMN13694304,9.79897793679313,-12.0601976981845,Liver,Early childhood_21_59d
SAMN01907294,8.56384190468864,-10.1567839256015,Liver,Unknown
SAMN10354873,10.1411763086803,-12.4407433143344,Liver,Early childhood_21_59d
SAMN10849964,9.38949021248893,-10.9810589423861,Liver,Adult
SAMN04028029,8.14593037514762,-9.72407518536708,Liver,Pre_pubertal_60_149d
SAMN02584787,9.34123238473014,-10.8863628974642,Liver,Unknown
SAMN06143066,9.98082455544547,-12.9360550513949,Liver,Unknown
SAMN10849973,9.07300290017203,-10.6427305808749,Liver,Adult
SAMN13058851,8.80926331429557,-9.86888300091884,Liver,Post_pubertal_150_365d
SAMN05188550,8.85346421151237,-9.80927644879481,Liver,Post_pubertal_150_365d
SAMN07975615,8.58529290108756,-12.1053656211581,Liver,Post_pubertal_150_365d
SAMN13058855,8.83771428017692,-9.71934400708339,Liver,Post_pubertal_150_365d
SAMEA5131503,9.62249573617057,-12.7155340781893,Liver,Pre_pubertal_60_149d
SAMN13694314,10.0159464731701,-11.6888264289584,Liver,Infant_0_20d
SAMN07411809,8.46058758645133,-9.53445707471034,Liver,Early childhood_21_59d
SAMN13694286,9.96016892342643,-11.666126119205,Liver,Infant_0_20d
SAMEA5158190,8.12714489846305,-9.93680273205897,Liver,Infant_0_20d
SAMN10354899,10.2624283686169,-12.2943495383944,Liver,Early childhood_21_59d
SAMN03997059,8.80808457284049,-9.75684534222743,Liver,Unknown
SAMN01036904,9.26051148324088,-9.98412023694178,Liver,Unknown
SAMN06236651,8.63717278390006,-13.3213881126132,Liver,Unknown
SAMN04484996,8.66271408944205,-10.4645155540194,Liver,Pre_pubertal_60_149d
SAMN02676466,8.98211010842399,-10.1436203590121,Liver,Unknown
SAMN10662300,9.60314186959342,-13.0559624305453,Liver,Pre_pubertal_60_149d
SAMEA5158154,8.07131203560905,-9.85786234051844,Liver,Infant_0_20d
SAMN04484976,8.75804909615592,-10.3387058845248,Liver,Pre_pubertal_60_149d
SAMEA5131481,9.70923909096793,-12.6980761161532,Liver,Pre_pubertal_60_149d
SAMEA5131484,9.74118813424186,-12.6401365867343,Liver,Pre_pubertal_60_149d
SAMN10475343,8.94096669106559,-10.2684982886996,Liver,Early childhood_21_59d
SAMN15762650,8.74863537697867,-9.90805231244227,Liver,Unknown
SAMEA5158187,8.00543507485465,-9.83521543652675,Liver,Infant_0_20d
SAMN06236582,8.69180687813834,-13.241110669681,Liver,Unknown
SAMEA5158174,7.97458371071891,-9.89036070019862,Liver,Infant_0_20d
SAMN11605462,8.23297032265739,-12.1555927863803,Liver,Post_pubertal_150_365d
SAMN10354897,10.1333008661755,-12.3560694328036,Liver,Early childhood_21_59d
SAMEA5158175,8.0693388834484,-9.91034494549891,Liver,Infant_0_20d
SAMEA3720894,1.64357694535331,-9.06341348797938,Blood,Post_pubertal_150_365d
SAMN11874910,-8.355029974889,-8.4092830291476,Blood,Early childhood_21_59d
SAMN04461391,-0.657964383076867,-10.3315991035189,Blood,Early childhood_21_59d
SAMEA5185763,1.99467429070548,-10.8297928443637,Blood,Unknown
SAMN06604120,1.06676348595695,-9.62074266583583,Blood,Unknown
SAMN04461359,-0.591286052774629,-10.368178235599,Blood,Early childhood_21_59d
SAMN04159966,-0.377172821724778,-9.8038405051913,Blood,Early childhood_21_59d
SAMN16537979,-8.58880416006967,-8.7219518295016,Blood,Early childhood_21_59d
SAMN04287617,-0.532874439667901,-9.88981138379237,Blood,Unknown
SAMN10601933,0.574480856943885,-10.2645777335849,Blood,Infant_0_20d
SAMEA3492691,-8.15593615622445,-8.73804842145106,Blood,Unknown
SAMN11874917,-8.42789546103402,-8.34339510113856,Blood,Early childhood_21_59d
SAMN14218488,0.66275760083274,-10.4748257270541,Blood,Pre_pubertal_60_149d
SAMEA5185782,1.97748001961783,-10.9001463523593,Blood,Unknown
SAMN04521288,-0.374800478398791,-9.81710420758387,Blood,Unknown
SAMN01121009,0.28988447337226,-10.2600000968661,Blood,Unknown
SAMEA2337703,1.68367465882377,-10.6809166541781,Blood,Unknown
SAMN15857526,-8.58530608267709,-8.49211250455043,Blood,Early childhood_21_59d
SAMN09621207,0.627640451479712,-9.13461481244227,Blood,Post_pubertal_150_365d
SAMN15858743,-8.07620898337289,-9.45180975110194,Blood,Early childhood_21_59d
SAMN08976482,-8.25223628134652,-9.31088625104091,Blood,Early childhood_21_59d
SAMN01083986,-8.15481082053109,-8.85652433545253,Blood,Unknown
SAMEA103939833,1.39794858841971,-9.52734647900721,Blood,Unknown
SAMN06604103,1.3613710060604,-9.97482381970546,Blood,Unknown
SAMN12548505,-8.28020135016366,-8.80896698147914,Blood,Unknown
SAMN15045334,0.592357839632788,-10.3273647895541,Blood,Early childhood_21_59d
SAMN06604158,1.13323244004325,-9.91241727978846,Blood,Unknown
SAMN10713434,0.663122977305213,-10.2746103873934,Blood,Unknown
SAMN09621208,0.596008683729926,-9.18038450390956,Blood,Post_pubertal_150_365d
SAMN15858746,-7.93013278098031,-9.58978258282801,Blood,Early childhood_21_59d
SAMN04461406,-0.46027640701457,-10.2932776084628,Blood,Early childhood_21_59d
SAMN09621209,0.59184935240821,-9.21372877270839,Blood,Post_pubertal_150_365d
SAMN15044579,0.546134378004828,-10.4701489082064,Blood,Early childhood_21_59d
SAMN04287646,-0.552349184464654,-9.97103487164637,Blood,Unknown
SAMN09098491,0.658583606768409,-9.42287336499354,Blood,Unknown
SAMN11874913,-8.40342131705209,-8.33317505032679,Blood,Early childhood_21_59d
SAMN15858751,-8.10729352087899,-9.46386133343837,Blood,Early childhood_21_59d
SAMN15048697,0.509954716254035,-10.2675655952182,Blood,Early childhood_21_59d
SAMN15047428,0.702872480440894,-10.2271870246615,Blood,Early childhood_21_59d
SAMN06209382,1.74236329941825,-10.661879407474,Blood,Pre_pubertal_60_149d
SAMEA103939816,1.58316775708274,-9.4166973701205,Blood,Unknown
SAMN06604118,1.25794943718986,-9.87011037976405,Blood,Unknown
SAMN06604106,1.06581291108207,-9.74749933392665,Blood,Unknown
SAMN06604137,1.40287884621696,-9.61414800793788,Blood,Unknown
SAMN02904334,-8.16258231253549,-8.64038549573085,Blood,Early childhood_21_59d
SAMN06604161,1.20522245316581,-9.58084474713466,Blood,Unknown
SAMN04287624,-0.437247794877729,-10.1375969520297,Blood,Unknown
SAMEA103939815,1.56661757378654,-9.37913786084315,Blood,Unknown
SAMN06604157,1.24094065575675,-9.81030641705653,Blood,Unknown
SAMN04521418,-0.404555198561391,-10.0276545158114,Blood,Unknown
SAMN04287648,-0.510831792663774,-10.0510281196322,Blood,Unknown
SAMEA3720885,1.53339764027671,-9.18918882519862,Blood,Post_pubertal_150_365d
SAMN15048586,0.669773186732093,-10.3479241004672,Blood,Early childhood_21_59d
SAMEA3720878,-0.253738959144792,-9.89136396557948,Blood,Post_pubertal_150_365d
SAMN01048242,-8.39450636954232,-8.53037344128749,Blood,Unknown
SAMN15858752,-8.07863513083383,-9.40708528668544,Blood,Early childhood_21_59d
SAMN12548506,-8.07367983908578,-9.07061372906825,Blood,Unknown
SAMN11874919,-8.3868378743641,-8.34531007916591,Blood,Early childhood_21_59d
SAMN04461401,-0.650906328868112,-10.3191221824374,Blood,Early childhood_21_59d
SAMEA5185765,1.91898783593253,-10.8661306968417,Blood,Unknown
SAMN07210905,0.777718867350379,-10.2085436454501,Blood,Early childhood_21_59d
SAMEA3720880,1.19415470509605,-9.05517088086268,Blood,Post_pubertal_150_365d
SAMN06604113,1.25918837933616,-9.3940914741244,Blood,Unknown
SAMEA2337699,1.32995566277579,-10.3957337012973,Blood,Unknown
SAMN06604112,1.23132678418235,-9.81884084851405,Blood,Unknown
SAMN06604147,1.61994096188621,-9.68442617566249,Blood,Unknown
SAMN04028016,-0.297571402799329,-9.88058935315272,Blood,Pre_pubertal_60_149d
SAMN12057763,-8.50603190512582,-8.63536249310634,Blood,Unknown
SAMEA5185773,2.06397661118583,-11.0087536445346,Blood,Unknown
SAMN15858741,-8.0973304852955,-9.43807302624842,Blood,Early childhood_21_59d
SAMN09621206,0.626960839319983,-9.15268694073817,Blood,Post_pubertal_150_365d
SAMN04461372,-0.339224957685909,-10.4429253211703,Blood,Early childhood_21_59d
SAMEA4436901,0.708047117281714,-9.45669160992762,Blood,Unknown
SAMEA6798359,-0.57727268786355,-9.7353943458285,Blood,Unknown
SAMN14912735,0.544819380331794,-10.3888071647372,Blood,Early childhood_21_59d
SAMEA5185791,1.87375577836112,-10.9052647224154,Blood,Unknown
SAMN07821329,1.63910087494926,-10.3762549033847,Blood,Unknown
SAMN04521381,-0.176904131483278,-9.83862196118495,Blood,Unknown
SAMEA3720899,1.37845727353171,-9.20971475751063,Blood,Post_pubertal_150_365d
SAMN09098487,0.688038434077063,-9.67248331219813,Blood,Unknown
SAMN06604099,1.17722889332847,-9.59102617413661,Blood,Unknown
SAMN06604138,1.43202742486075,-9.92318330914637,Blood,Unknown
SAMEA5185674,2.01980790047721,-10.7071722617831,Blood,Unknown
SAMN08976484,-8.25105277151986,-9.30209432751796,Blood,Early childhood_21_59d
SAMN01048372,-8.11876431555673,-9.06205736310145,Blood,Unknown
SAMN04287612,-0.480178412806234,-9.99081693799159,Blood,Unknown
SAMN01923457,0.00790419726447167,-10.3084925285067,Blood,Unknown
SAMEA5185761,1.80456980614738,-10.7111109367099,Blood,Unknown
SAMN15858747,-8.0153574094288,-9.4928349128451,Blood,Early childhood_21_59d
SAMEA103939806,1.58940085320548,-9.25328241498134,Blood,Unknown
SAMN04287656,-0.408078555773935,-10.2273491492953,Blood,Unknown
SAMN06604097,1.11828597931937,-9.60921369702479,Blood,Unknown
SAMEA3720887,1.65879806428031,-9.0689715018954,Blood,Post_pubertal_150_365d
SAMN09621204,0.54550233035163,-9.1181133857455,Blood,Post_pubertal_150_365d
SAMN16237470,-8.31917039008065,-8.86025797040126,Blood,Unknown
SAMN06604150,1.14385339169578,-10.3064373603549,Blood,Unknown
SAMN11874918,-8.26519862265512,-8.36395059735438,Blood,Early childhood_21_59d
SAMEA3720870,1.28787371068076,-8.99912725598475,Blood,Post_pubertal_150_365d
SAMN04521433,-0.0239963576309293,-10.2182520499911,Blood,Unknown
SAMEA3720877,1.43235310463981,-8.9721172919955,Blood,Post_pubertal_150_365d
SAMN06604130,1.05510827450828,-9.90662180096766,Blood,Unknown
SAMEA2337691,1.78756030945853,-10.5268257728305,Blood,Unknown
SAMN01923456,0.40976002364234,-10.2120302787509,Blood,Unknown
SAMN12057764,-8.50553980917855,-8.57479416043422,Blood,Unknown
SAMN10689831,0.868302907038489,-9.58698354870936,Blood,Unknown
SAMN10689829,0.804038251925269,-9.63759409100673,Blood,Unknown
SAMN06604134,1.25975414662437,-9.51643453747889,Blood,Unknown
SAMN06604116,1.15515788941459,-9.61284052045009,Blood,Unknown
SAMN15377085,0.662878359843055,1.54786599963048,Blood,Unknown
SAMN06604105,1.05918249039725,-10.1062000861849,Blood,Unknown
SAMEA5185800,1.79109629540519,-10.8455217948641,Blood,Unknown
SAMEA103939834,1.41456350236014,-9.57239996106288,Blood,Unknown
SAMN06604151,1.30958780198173,-9.6773584953036,Blood,Unknown
SAMN07821331,1.73969038872794,-10.3537510505404,Blood,Unknown
SAMEA3720879,1.26998766808585,-9.01815019757411,Blood,Post_pubertal_150_365d
SAMN04521425,-0.133805428456506,-10.0694168678012,Blood,Unknown
SAMN06604153,1.00818296818809,-10.1983240714755,Blood,Unknown
SAMN07210909,0.817178453493872,-10.382922994205,Blood,Early childhood_21_59d
SAMN15858748,-8.05763569922372,-9.40597044140956,Blood,Early childhood_21_59d
SAMEA3720886,1.31264635472373,-9.21845708996913,Blood,Post_pubertal_150_365d
SAMN04521450,-0.130336363624772,-9.97633348614833,Blood,Unknown
SAMEA5185753,1.85286053567008,-10.9748295417514,Blood,Unknown
SAMN04461385,-0.4678401470296,-10.4059303870883,Blood,Early childhood_21_59d
SAMEA5185804,1.85672911553458,-10.8378418555941,Blood,Unknown
SAMN09098488,0.744202579546729,-9.43560396344325,Blood,Unknown
SAMN01048301,-8.22524968237802,-8.74004636914393,Blood,Unknown
SAMN10689843,0.838436688471595,-9.43078123242518,Blood,Unknown
SAMN04461421,-0.558808971952638,-10.2487715354647,Blood,Early childhood_21_59d
SAMN04159968,-0.378978233580236,-9.79364572674891,Blood,Early childhood_21_59d
SAMN05981321,-8.43908682913705,-8.7572997680392,Blood,Early childhood_21_59d
SAMN07966363,1.20971664338187,-10.2508619895663,Blood,Pre_pubertal_60_149d
SAMN08976486,-8.22331276984139,-9.21303449780604,Blood,Early childhood_21_59d
SAMN04461394,-0.500291061412534,-10.3516634574618,Blood,Early childhood_21_59d
SAMN11874926,-8.32264128775521,-8.46412597806117,Blood,Early childhood_21_59d
SAMN04521403,-0.222349037241182,-9.97353349835536,Blood,Unknown
SAMEA3720873,1.34444233326987,-9.09829317242762,Blood,Post_pubertal_150_365d
SAMN11874909,-8.40999976248666,-8.34234939725062,Blood,Early childhood_21_59d
SAMEA3720882,1.60405787377433,-8.9689787498202,Blood,Post_pubertal_150_365d
SAMN06604152,1.27327343373374,-9.83971010357997,Blood,Unknown
SAMN02440186,-8.23930207343026,-8.53325544507167,Blood,Early childhood_21_59d
SAMN06604133,1.36171158700065,-9.75099645764491,Blood,Unknown
SAMN11874924,-8.43535033316537,-8.39657293469569,Blood,Early childhood_21_59d
SAMN11874914,-8.30013695807382,-8.46135746152064,Blood,Early childhood_21_59d
SAMEA5185768,1.94674905686454,-10.6677816978182,Blood,Unknown
SAMN06604159,1.41033526806907,-9.76606451184413,Blood,Unknown
SAMN04461395,-0.357916998501858,-10.4556454292025,Blood,Early childhood_21_59d
SAMN15858750,-7.98082915396615,-9.62361990124842,Blood,Early childhood_21_59d
SAMEA5185802,1.91950019745902,-10.9375313392367,Blood,Unknown
SAMN06604121,1.07500180153922,-10.1679724326815,Blood,Unknown
SAMN06604119,1.24118825345115,-9.75461374432704,Blood,Unknown
SAMN04521388,0.033915962267676,-10.0370186439242,Blood,Unknown
SAMN06604109,1.19384297280387,-9.7362660041537,Blood,Unknown
SAMN04287613,-0.544469614338121,-9.99924455792567,Blood,Unknown
SAMEA3720876,1.44657799153403,-9.31012140423915,Blood,Post_pubertal_150_365d
SAMEA3720888,1.64289196877555,-9.00018106610438,Blood,Post_pubertal_150_365d
SAMN04521377,-0.0114272281639188,-10.0787581077304,Blood,Unknown
SAMN08976478,-8.2613758191578,-9.28841768414637,Blood,Early childhood_21_59d
SAMEA5185772,1.87572583108024,-10.5710762611117,Blood,Unknown
SAMN04521420,-0.168168951582155,-9.87656961590907,Blood,Unknown
SAMEA3720872,1.27405568509177,-9.08519827038905,Blood,Post_pubertal_150_365d
SAMEA3720875,1.42301222233848,-9.1472014060702,Blood,Post_pubertal_150_365d
SAMN06604123,1.01727327256278,-10.0922487846102,Blood,Unknown
SAMN10689845,0.78167792706565,-9.61923967511317,Blood,Unknown
SAMN15048425,0.641148652125159,-10.3208855262484,Blood,Early childhood_21_59d
SAMEA5185764,1.81548007874564,-10.9468172660556,Blood,Unknown
SAMN06604100,1.15916844754294,-9.65193067700526,Blood,Unknown
SAMN06209410,1.56088491826133,-10.6042355170932,Blood,Pre_pubertal_60_149d
SAMN04461357,-0.548949469637117,-10.2894791236605,Blood,Early childhood_21_59d
SAMEA5185747,1.75799402146415,-10.927224027225,Blood,Unknown
SAMEA2337686,1.68883808999137,-10.5395973792758,Blood,Unknown
SAMN10601923,0.764289702463904,-10.0490549674716,Blood,Post_pubertal_150_365d
SAMN11874928,-8.43127051443978,-8.44172798306605,Blood,Early childhood_21_59d
SAMEA5185749,1.76167735009269,-10.886434423038,Blood,Unknown
SAMN15858749,-7.96370831580087,-9.50397382886073,Blood,Early childhood_21_59d
SAMEA5185744,1.86613925843314,-10.9215744605746,Blood,Unknown
SAMN02904336,-8.24757996649667,-8.59690700680873,Blood,Early childhood_21_59d
SAMN15857527,-8.49142829031869,-8.55918203503749,Blood,Early childhood_21_59d
SAMN06604111,1.18889030366019,-9.93894659192225,Blood,Unknown
SAMN04461415,-0.597327028226098,-10.453328954288,Blood,Early childhood_21_59d
SAMN09098490,-8.21025315375253,-8.65901695401332,Blood,Unknown
SAMEA103939812,1.56842836289481,-9.31882082135341,Blood,Unknown
SAMN04461408,-0.326369725923976,-10.1740454307284,Blood,Early childhood_21_59d
SAMN14218485,0.598346616316596,-10.3626946082797,Blood,Pre_pubertal_60_149d
SAMN06604126,1.42956742196158,-10.0055225959506,Blood,Unknown
SAMN11874929,-8.4598473653309,-8.38990293652675,Blood,Early childhood_21_59d
SAMN06604108,1.31424411683158,-9.94996343762538,Blood,Unknown
SAMEA2337683,1.7377172365673,-10.6910990348544,Blood,Unknown
SAMN07210906,0.674092973757544,-10.2575138679232,Blood,Early childhood_21_59d
SAMN15858744,-8.009570990514,-9.53882299573085,Blood,Early childhood_21_59d
SAMEA3720896,1.41853782086448,-9.18488680035731,Blood,Post_pubertal_150_365d
SAMN07821334,1.64302572159843,-10.4370554557528,Blood,Unknown
SAMN06604155,1.26987334637717,-9.73159967572352,Blood,Unknown
SAMN15858742,-8.02640429587289,-9.4647120109286,Blood,Early childhood_21_59d
SAMEA3720892,1.66101583390311,-9.13569341809413,Blood,Post_pubertal_150_365d
SAMEA4436897,-8.14762917609139,-8.63675008923671,Blood,Unknown
SAMN04461355,-0.391585793171069,-10.1340559592929,Blood,Early childhood_21_59d
SAMEA2337677,1.75245841889457,-10.6693533530917,Blood,Unknown
SAMN15858754,-7.99948397726937,-9.51451860577723,Blood,Early childhood_21_59d
SAMN06209414,1.6467224016674,-10.73482023389,Blood,Pre_pubertal_60_149d
SAMN10713469,0.578412736941138,-10.2918127647128,Blood,Unknown
SAMN09948484,0.867002691317359,15.1221352943693,Small intestine,Early childhood_21_59d
SAMN12251711,-3.96656766982003,15.7032204994474,Small intestine,Post_pubertal_150_365d
SAMN10456599,-4.05856433958932,17.2422162422452,Small intestine,Unknown
SAMN13901547,-5.08023825735971,14.9989510902677,Small intestine,Early childhood_21_59d
SAMN12222117,-3.10251680464669,14.3290196785245,Small intestine,Pre_pubertal_60_149d
SAMN11258783,-3.80167690367623,15.34925474017,Small intestine,Unknown
SAMN13676590,-2.78759447188302,15.3158208259855,Small intestine,Infant_0_20d
SAMN11258789,-3.56999507994576,15.4531308540616,Small intestine,Unknown
SAMN02364665,-3.21923009009286,14.1342440971647,Small intestine,Unknown
SAMN10456639,-4.0028366193287,16.7200566658292,Small intestine,Unknown
SAMN12698519,-2.41231933684274,15.6883622535978,Small intestine,Early childhood_21_59d
SAMN11248535,-3.36808768362924,14.7411614784513,Small intestine,Unknown
SAMEA7629038,-4.1319185838215,12.1258727440152,Small intestine,Infant_0_20d
SAMN14543360,-3.81712356657906,13.4705230125699,Small intestine,Early childhood_21_59d
SAMN07541808,-2.74672833533212,15.4530488380704,Small intestine,Infant_0_20d
SAMN12698518,-2.44750181288644,15.6551877388273,Small intestine,Early childhood_21_59d
SAMN13901549,-5.26476374716683,14.8975678810392,Small intestine,Early childhood_21_59d
SAMN13901541,-5.27342024893685,14.7758132347379,Small intestine,Early childhood_21_59d
SAMN11124330,-3.04989281744882,14.2487584480558,Small intestine,Pre_pubertal_60_149d
SAMEA6850442,-1.77807954401895,14.147974146298,Small intestine,Adult
SAMN13707224,-3.94897404761239,12.1406899818693,Small intestine,Infant_0_20d
SAMN12698516,-2.41862789244576,15.6655770668302,Small intestine,Early childhood_21_59d
SAMN10456683,-3.9495660409443,17.1980611213956,Small intestine,Unknown
SAMN11124320,-3.04384008498116,14.3071528801236,Small intestine,Pre_pubertal_60_149d
SAMEA6850438,-2.42756763548776,14.1293517479215,Small intestine,Adult
SAMN09948493,0.869465436030188,15.1295272239957,Small intestine,Early childhood_21_59d
SAMN13901544,-5.27835885138436,14.837912691525,Small intestine,Early childhood_21_59d
SAMN09453382,-2.77814713568612,15.2688847908292,Small intestine,Early childhood_21_59d
SAMN14543361,-3.91889778227731,13.1807500252042,Small intestine,Early childhood_21_59d
SAMN12251716,-4.00346246809884,15.4436189064298,Small intestine,Post_pubertal_150_365d
SAMN09453383,-2.79540220351144,15.3802205452237,Small intestine,Early childhood_21_59d
SAMN12222114,-3.166393671941,14.3271647819791,Small intestine,Pre_pubertal_60_149d
SAMN12251708,-3.91947690100594,15.5371686348234,Small intestine,Post_pubertal_150_365d
SAMN14543344,-3.75884786696359,13.2551833519254,Small intestine,Early childhood_21_59d
SAMN11258800,-3.56958499998971,15.3996850380216,Small intestine,Unknown
SAMN08108510,-2.72977343649789,13.8712960609708,Small intestine,Early childhood_21_59d
SAMN10144261,0.640180672694007,1.76185811846593,Small intestine,Unknown
SAMN13707228,-4.02420607657357,12.0141211876188,Small intestine,Infant_0_20d
SAMN16203737,-2.97728839964791,14.4087249168668,Small intestine,Unknown
SAMN14543351,-3.78967276663705,13.3169204124723,Small intestine,Early childhood_21_59d
SAMN14543347,-3.97244468779489,13.0400782951627,Small intestine,Early childhood_21_59d
SAMN13110734,-4.06326643080636,11.4974633583341,Small intestine,Unknown
SAMEA6850440,-1.94189873785897,14.1377240547452,Small intestine,Adult
SAMN13901545,-5.22334376425668,14.8606101402555,Small intestine,Early childhood_21_59d
SAMN13110712,-4.51262751669808,11.8158170112882,Small intestine,Unknown
SAMN10456690,-3.88738623709603,17.4557458290372,Small intestine,Unknown
SAMN13901534,-5.32716837973519,14.80388654559,Small intestine,Early childhood_21_59d
SAMN13707230,-3.99006095976754,11.9198371300016,Small intestine,Infant_0_20d
SAMN13110711,-4.40069094748422,11.7054482826505,Small intestine,Unknown
SAMN12251712,-3.95447174162789,15.514034403256,Small intestine,Post_pubertal_150_365d
SAMN11258774,-3.6755591973774,15.3910104164396,Small intestine,Unknown
SAMEA6850444,-1.86434522719308,14.1544667610441,Small intestine,Adult
SAMN11258798,-3.6763030633442,15.4359780678068,Small intestine,Unknown
SAMN11258794,-3.66475835890695,15.3402024635587,Small intestine,Unknown
SAMN11258777,-3.66216627211495,15.5191232094083,Small intestine,Unknown
SAMN14543345,-3.82772246451302,13.2206508049283,Small intestine,Early childhood_21_59d
SAMN11258779,-3.75795546622201,15.0131112465177,Small intestine,Unknown
SAMN12251707,-4.07337537856027,15.4979173073087,Small intestine,Post_pubertal_150_365d
SAMEA4454598,-3.21844426245614,14.266605509213,Small intestine,Post_pubertal_150_365d
SAMN10456699,-4.01919261069222,16.6691304573331,Small intestine,Unknown
SAMN13110721,-4.53312436194345,11.6143714317594,Small intestine,Unknown
SAMN11280624,-3.50139943213387,14.7833882698331,Small intestine,Unknown
SAMN08108514,-2.74914351553842,13.8289243110929,Small intestine,Early childhood_21_59d
SAMN14543350,-3.95516553969308,12.9276009926114,Small intestine,Early childhood_21_59d
SAMN08108507,-2.82233205885812,13.9456664451871,Small intestine,Early childhood_21_59d
SAMN13901540,-5.13323203177377,14.8884326347623,Small intestine,Early childhood_21_59d
SAMN10456700,-3.93615618796273,16.5032292732511,Small intestine,Unknown
SAMN13901551,-5.10625210852548,14.9834824928556,Small intestine,Early childhood_21_59d
SAMN10456598,-3.93139902205392,17.2966653236661,Small intestine,Unknown
SAMN12251715,-3.97313276381417,15.4119969734464,Small intestine,Post_pubertal_150_365d
SAMN10456601,-4.05258813948556,17.1519395241056,Small intestine,Unknown
SAMEA6850450,-2.11642542929574,14.1072150596891,Small intestine,Adult
SAMN08108509,-2.78969017119332,13.8553668388639,Small intestine,Early childhood_21_59d
SAMEA6850464,-2.24634412379189,14.0965062507901,Small intestine,Adult
SAMN10456698,-3.9567305192463,16.620796335629,Small intestine,Unknown
SAMN10456580,-3.94777170271798,17.2460671791349,Small intestine,Unknown
SAMN13901553,-3.55738297552987,14.747188700131,Small intestine,Early childhood_21_59d
SAMN13901535,-5.32609072775765,14.7628327736173,Small intestine,Early childhood_21_59d
SAMN10456607,-3.99832216353341,17.3833447822843,Small intestine,Unknown
SAMN12251710,-4.03876033873483,15.2012788185392,Small intestine,Post_pubertal_150_365d
SAMN11258773,-3.80906978697701,15.009040010861,Small intestine,Unknown
SAMN13901552,-3.53360239119454,14.5925628074918,Small intestine,Early childhood_21_59d
SAMN13110732,-4.0176116570942,11.5851451286588,Small intestine,Unknown
SAMN14543358,-3.89006248564645,12.9412566551481,Small intestine,Early childhood_21_59d
SAMN14543346,-3.90724245161935,13.0440122017179,Small intestine,Early childhood_21_59d
SAMN13110717,-4.10521355719491,11.5687743553434,Small intestine,Unknown
SAMN13110747,-4.16246739478036,11.6091338524137,Small intestine,Unknown
SAMN13707226,-4.02270547003671,12.0062543281827,Small intestine,Infant_0_20d
SAMN09948492,0.897898639727393,15.1552659401212,Small intestine,Early childhood_21_59d
SAMN10456691,-3.89897934050485,17.2758218178068,Small intestine,Unknown
SAMN14501573,1.05209144501762,1.58248914568761,Small intestine,Unknown
SAMN13110725,-4.39481392950936,11.8352195152555,Small intestine,Unknown
SAMN10456682,-4.00188962073251,17.1982270607267,Small intestine,Unknown
SAMEA6850458,-1.78394714445992,14.1556025871549,Small intestine,Adult
SAMN09948489,0.933483327914038,15.1905309089933,Small intestine,Early childhood_21_59d
SAMN10456608,-4.0750919923298,17.2805653938566,Small intestine,Unknown
SAMN08108506,-2.70519558043405,13.8179484733854,Small intestine,Early childhood_21_59d
SAMN09948495,0.979247774172583,15.2390328773771,Small intestine,Early childhood_21_59d
SAMN08108306,-2.90350094885751,13.9453927406583,Small intestine,Early childhood_21_59d
SAMN10456606,-3.94908610434457,16.4156495460782,Small intestine,Unknown
SAMN11124328,-2.95715848059579,14.3126622566495,Small intestine,Pre_pubertal_60_149d
SAMN11258782,-3.6783155545704,15.3503381141935,Small intestine,Unknown
SAMN10456635,-4.10280624480172,17.4145661720548,Small intestine,Unknown
SAMN11258787,-3.83675447554513,14.9110881218229,Small intestine,Unknown
SAMN11258772,-3.37557927222177,14.884166849545,Small intestine,Unknown
SAMN10456597,-3.9786244973652,17.192407740048,Small intestine,Unknown
SAMN13110705,-4.10183969588204,11.5801812538419,Small intestine,Unknown
SAMEA4454596,-3.35517302603646,14.2208854088102,Small intestine,Post_pubertal_150_365d
SAMN12222112,-3.13375583739205,14.40860189288,Small intestine,Pre_pubertal_60_149d
SAMN11258797,-3.74484411330148,15.3959885963712,Small intestine,Unknown
SAMN09948490,0.939891304064551,15.199201715878,Small intestine,Early childhood_21_59d
SAMN12222115,-3.15433708281442,14.2178260216031,Small intestine,Pre_pubertal_60_149d
SAMN14116975,0.748277153063575,1.57915867655614,Small intestine,Unknown
SAMN13110714,-4.58545437903329,11.583481920651,Small intestine,Unknown
SAMN13110738,-3.96528473944589,11.5421563514982,Small intestine,Unknown
SAMN10456688,-3.92734757513925,16.1843587288175,Small intestine,Unknown
SAMN02364667,-3.29032174200936,14.1651345619474,Small intestine,Unknown
SAMN11258775,-3.8537510976307,15.034237993649,Small intestine,Unknown
SAMN13110707,-4.32761851401254,11.668611658505,Small intestine,Unknown
SAMN13110704,-4.01716033072396,11.5246964821134,Small intestine,Unknown
SAMEA6850460,-1.7252030715458,14.2264405617032,Small intestine,Adult
SAMN11248549,-3.34312859625741,14.8292876610074,Small intestine,Unknown
SAMN13901537,-5.33362189383431,14.8289204963956,Small intestine,Early childhood_21_59d
SAMN14300018,-3.60325327963754,14.7754966148649,Small intestine,Early childhood_21_59d
SAMN13110727,-4.56010047049447,11.6872798332486,Small intestine,Unknown
SAMN13110713,-4.53683272452279,11.7368480095182,Small intestine,Unknown
SAMN08108505,-2.75647870154305,13.8821107277189,Small intestine,Early childhood_21_59d
SAMN10456685,-4.08029094786569,17.2638169655118,Small intestine,Unknown
SAMN12251706,-4.01928821654244,15.454069269589,Small intestine,Post_pubertal_150_365d
SAMN08108512,-2.69719949812814,13.7800256141935,Small intestine,Early childhood_21_59d
SAMN10456686,-3.92119995207711,17.2436429390226,Small intestine,Unknown
SAMN12222113,-3.27391449065133,14.4645263084684,Small intestine,Pre_pubertal_60_149d
SAMN10456609,-4.06688753218575,17.2152978309903,Small intestine,Unknown
SAMEA6850462,-2.22181526274606,14.1219226249967,Small intestine,Adult
SAMN08108508,-2.75650611967965,13.9527818092618,Small intestine,Early childhood_21_59d
SAMEA6850456,-1.83736435027047,14.1793395408902,Small intestine,Adult
SAMN14543362,-3.86541668028756,13.1203280815397,Small intestine,Early childhood_21_59d
SAMN09453378,-2.84254852385446,15.3788586982999,Small intestine,Early childhood_21_59d
SAMN09948501,1.03426906018333,15.290229929379,Small intestine,Early childhood_21_59d
SAMN09948491,0.969819869089881,15.2273427376066,Small intestine,Early childhood_21_59d
SAMN10456689,-3.98080316634103,16.5420380958829,Small intestine,Unknown
SAMN13901539,-5.25045434088632,14.8350697883878,Small intestine,Early childhood_21_59d
SAMN13901550,-5.20705643744393,14.9885245689664,Small intestine,Early childhood_21_59d
SAMN11124326,-3.01782575697823,14.4097272285734,Small intestine,Pre_pubertal_60_149d
SAMN09948496,0.959777678538123,15.2187653908048,Small intestine,Early childhood_21_59d
SAMN09948497,0.994902457285681,15.2508336433683,Small intestine,Early childhood_21_59d
SAMN13901558,-3.61564746947213,14.6246405967985,Small intestine,Early childhood_21_59d
SAMN13901556,-3.59023514838143,14.7600413688932,Small intestine,Early childhood_21_59d
SAMN11258796,-3.80567542166635,15.0759641060148,Small intestine,Unknown
SAMN11280637,-3.54429498763009,14.8358441719327,Small intestine,Unknown
SAMN13110728,-4.53559676260873,11.7092210182462,Small intestine,Unknown
SAMN14543355,-3.96969238371774,13.0100556740079,Small intestine,Early childhood_21_59d
SAMEA6850452,-1.9049601897709,14.114602220944,Small intestine,Adult
SAMN13110716,-4.44074717612191,11.679839266232,Small intestine,Unknown
SAMN08031334,-3.27776089758798,15.0267917045865,Small intestine,Early childhood_21_59d
SAMN08108511,-2.83270374388619,13.920190943173,Small intestine,Early childhood_21_59d
SAMN13110731,-4.51788607687875,11.6149655708585,Small intestine,Unknown
SAMN12222116,-3.16029873938485,14.3188887962613,Small intestine,Pre_pubertal_60_149d
SAMN13110746,-4.23439017386361,11.5694028267179,Small intestine,Unknown
SAMN13110735,-4.04201069922372,11.6191197761808,Small intestine,Unknown
SAMN10456603,-3.9575747594349,16.5571366676603,Small intestine,Unknown
SAMN11258785,-3.86519137473031,14.9446946510587,Small intestine,Unknown
SAMN13901542,-5.29877129645272,14.7995568641935,Small intestine,Early childhood_21_59d
SAMN12251713,-4.05456915945931,15.5413152107511,Small intestine,Post_pubertal_150_365d
SAMN13110733,-4.02561322302743,11.6805831321988,Small intestine,Unknown
SAMN14543343,-4.01048842520638,12.8779012092862,Small intestine,Early childhood_21_59d
SAMN13110710,-4.38218918890878,11.5790254005704,Small intestine,Unknown
SAMN10456640,-3.91617528052255,16.8430463203702,Small intestine,Unknown
SAMN12698512,-2.53213897795602,15.5679303535734,Small intestine,Early childhood_21_59d
SAMN12251705,-4.0569924458973,15.1969643959318,Small intestine,Post_pubertal_150_365d
SAMN09948487,0.797313059855262,15.0792151817594,Small intestine,Early childhood_21_59d
SAMN10456687,-3.96364680380746,17.3116876014982,Small intestine,Unknown
SAMN12251709,-4.06844273657723,15.3737355598722,Small intestine,Post_pubertal_150_365d
SAMN09948494,0.888371433306494,15.1480561622892,Small intestine,Early childhood_21_59d
SAMN11258780,-3.87783804984017,15.0958339103971,Small intestine,Unknown
SAMN08108504,-2.79016414732858,13.9837027916227,Small intestine,Early childhood_21_59d
SAMN13110715,-4.44843808264657,11.7746793159757,Small intestine,Unknown
SAMN13110749,-4.1746489152424,11.6159964927945,Small intestine,Unknown
SAMN10456600,-3.91494170279427,16.9591199287687,Small intestine,Unknown
SAMN13110730,-4.36330810637399,11.8420735725675,Small intestine,Unknown
SAMN13110739,-4.19135013670846,11.4797479042325,Small intestine,Unknown
SAMEA7629035,-4.11251154990121,12.385598314694,Small intestine,Infant_0_20d
SAMN11258786,-3.63225046248361,15.2656976112638,Small intestine,Unknown
SAMN13110743,-4.05854669661447,11.5615807899747,Small intestine,Unknown
SAMN09948498,0.948914851237097,15.2064839729581,Small intestine,Early childhood_21_59d
SAMN14543363,-3.91777435393258,13.0835591682706,Small intestine,Early childhood_21_59d
SAMN12698521,-2.4102114781849,15.6972981819425,Small intestine,Unknown
SAMN12698517,-2.4279698476307,15.6817933449064,Small intestine,Early childhood_21_59d
SAMN14543356,-3.90728894324227,13.0917922386442,Small intestine,Early childhood_21_59d
SAMN13110744,-4.28011480421945,11.6308947929654,Small intestine,Unknown
SAMN13110703,-4.01851693243905,11.611353052548,Small intestine,Unknown
SAMN14543349,-4.03108659834786,13.1545306572233,Small intestine,Early childhood_21_59d
SAMN13707222,-4.0295962438099,11.961878908566,Small intestine,Infant_0_20d
SAMEA6850448,-1.75969747157021,14.102301729611,Small intestine,Adult
SAMN14543352,-3.83031312079354,13.5223046669278,Small intestine,Early childhood_21_59d
SAMN10456637,-4.0005606755726,16.7700177559171,Small intestine,Unknown
SAMN11258799,-3.69711152167245,15.5223122963224,Small intestine,Unknown
SAMN09948500,0.947166885424414,15.2037240394864,Small intestine,Early childhood_21_59d
SAMN12698523,-2.42773738951608,15.6828385719571,Small intestine,Unknown
SAMN09948486,0.917206253100196,15.1774999031339,Small intestine,Early childhood_21_59d
SAMEA7226790,-11.5132779225819,12.2329312691007,Lung,Unknown
SAMEA72289168,-10.7988432988636,11.2987643608365,Lung,Unknown
SAMEA7629011,0.184999133635321,1.78135002940038,Lung,Infant_0_20d
SAMEA7629012,0.273446466017523,1.8719362148557,Lung,Infant_0_20d
SAMEA7629013,0.327313925314704,1.84464825480321,Lung,Infant_0_20d
SAMEA7629014,0.247879947710791,1.77374042361119,Lung,Infant_0_20d
SAMEA7629261,0.129443790007392,1.67928541987279,Lung,Unknown
SAMEA7629268,0.0905317917354495,1.61738218157628,Lung,Unknown
SAMEA7629275,0.124117638159552,1.65330733149388,Lung,Unknown
SAMEA7629282,0.142602886248389,1.61897624819615,Lung,Unknown
SAMN01907295,-12.0905961141102,12.5303841957364,Lung,Unknown
SAMN03699802,-12.3221329793446,12.53275789111,Lung,Early childhood_21_59d
SAMN03699803,-12.1205100163929,12.585432184628,Lung,Early childhood_21_59d
SAMN03699804,-12.2887553319447,12.6204511055265,Lung,Early childhood_21_59d
SAMN03699805,-12.1885518178455,12.5588837990079,Lung,Early childhood_21_59d
SAMN03699806,-12.425758276891,12.4298554786954,Lung,Early childhood_21_59d
SAMN03699807,-12.1993273839466,12.5477820762906,Lung,Early childhood_21_59d
SAMN03699808,-12.2643927678578,12.683052195004,Lung,Early childhood_21_59d
SAMN03699809,-12.295197401952,12.5888034233365,Lung,Early childhood_21_59d
SAMN04038565,-8.2730511769764,-8.87093816907069,Lung,Early childhood_21_59d
SAMN04038566,-8.16816845984384,-9.22370325238368,Lung,Early childhood_21_59d
SAMN04161465,-11.776829634618,12.5806809791837,Lung,Pre_pubertal_60_149d
SAMN04161466,-11.8158244237415,12.4801570305143,Lung,Pre_pubertal_60_149d
SAMN04161467,-11.811575804662,12.5823584923063,Lung,Pre_pubertal_60_149d
SAMN04161468,-11.775066290807,12.6022893318448,Lung,Pre_pubertal_60_149d
SAMN04484928,-12.0484370336048,12.4568749794278,Lung,Pre_pubertal_60_149d
SAMN04484938,-11.9740723714344,12.2829562553678,Lung,Pre_pubertal_60_149d
SAMN04484948,-11.9254101857655,12.3936044105802,Lung,Pre_pubertal_60_149d
SAMN04484953,-11.9286736592762,12.4562188514982,Lung,Pre_pubertal_60_149d
SAMN04484958,-11.9614848241322,12.4058543571744,Lung,Pre_pubertal_60_149d
SAMN04484968,-11.9927987203114,12.4978696235929,Lung,Pre_pubertal_60_149d
SAMN04484980,-12.0373620137684,12.5192204841886,Lung,Pre_pubertal_60_149d
SAMN04484998,-11.9108647450916,12.4858952888761,Lung,Pre_pubertal_60_149d
SAMN06200051,-11.2084826573841,11.2442695030485,Lung,Early childhood_21_59d
SAMN06200052,-11.1390923604481,11.2591992744718,Lung,Early childhood_21_59d
SAMN06200053,-11.1396664723866,11.2735778221402,Lung,Early childhood_21_59d
SAMN06200054,-11.2427548512928,11.2047549614225,Lung,Early childhood_21_59d
SAMN06200055,-11.2556847676746,11.3780642875944,Lung,Early childhood_21_59d
SAMN06200056,-11.2067231282703,11.2869140037809,Lung,Early childhood_21_59d
SAMN06200057,-11.1303795918934,11.2091523536954,Lung,Early childhood_21_59d
SAMN06200058,-11.122553740453,11.2179900535856,Lung,Early childhood_21_59d
SAMN06242667,-10.8338927373402,11.6852265724454,Lung,Post_pubertal_150_365d
SAMN06242670,-10.7955578908436,11.6240741142545,Lung,Post_pubertal_150_365d
SAMN06242673,-10.8786048039906,11.6923886665616,Lung,Post_pubertal_150_365d
SAMN06242684,-11.0005148992054,11.508940828732,Lung,Post_pubertal_150_365d
SAMN06242689,-10.8240803822987,11.5506812462125,Lung,Post_pubertal_150_365d
SAMN06242691,-10.9002846822254,11.5173455604825,Lung,Post_pubertal_150_365d
SAMN07313358,-3.30571309180184,6.45647252886632,Lung,Post_pubertal_150_365d
SAMN07785229,-11.0365809545033,11.58584798663,Lung,Unknown
SAMN07785230,-10.9674986943714,11.5300141701017,Lung,Unknown
SAMN07785239,-10.9494608983509,11.6595298179899,Lung,Unknown
SAMN07785240,-10.9914664372913,11.542972696713,Lung,Unknown
SAMN07785249,-11.0804490193836,11.7436305412565,Lung,Unknown
SAMN07785250,-10.8424271687977,11.5895568260465,Lung,Unknown
SAMN07785259,-10.9100617513172,11.5266400703702,Lung,Unknown
SAMN07785260,-10.8794545278065,11.5302258857999,Lung,Unknown
SAMN09381493,-11.8840216741078,12.3616248497281,Lung,Early childhood_21_59d
SAMN09381494,-11.7181262120716,12.170001161984,Lung,Early childhood_21_59d
SAMN09381495,-11.7476185903065,12.3477364906583,Lung,Early childhood_21_59d
SAMN09381496,-11.6503733739369,12.0911036857877,Lung,Pre_pubertal_60_149d
SAMN09381497,-11.7586249455921,12.2126561531339,Lung,Pre_pubertal_60_149d
SAMN09381498,-11.8118638143055,12.3471681007657,Lung,Pre_pubertal_60_149d
SAMN09381499,-11.7950486287586,12.2253056892667,Lung,Pre_pubertal_60_149d
SAMN09381500,-11.7377385243885,12.2117082008634,Lung,Pre_pubertal_60_149d
SAMN09381501,-11.5556010350697,12.2968751320157,Lung,Pre_pubertal_60_149d
SAMN09381502,-11.6609572515003,12.2468625435148,Lung,Pre_pubertal_60_149d
SAMN09381503,-11.6527756795399,12.3177625068937,Lung,Pre_pubertal_60_149d
SAMN09381504,-11.6242894277088,12.1873818764005,Lung,Pre_pubertal_60_149d
SAMN09741967,-3.78428617567941,6.83755267947057,Lung,Infant_0_20d
SAMN09741968,-3.86043492407723,6.90932954638341,Lung,Infant_0_20d
SAMN09741969,-3.91461101622506,6.94597066729406,Lung,Infant_0_20d
SAMN09741970,-3.99221745581552,6.99169601290563,Lung,Infant_0_20d
SAMN09741971,-3.92797843069955,6.94197000353673,Lung,Infant_0_20d
SAMN10130933,-11.0759657964222,11.3335601219449,Lung,Post_pubertal_150_365d
SAMN10238011,-10.8213061437122,11.2710849174772,Lung,Post_pubertal_150_365d
SAMN10238013,-10.7435139760487,11.3192302116666,Lung,Post_pubertal_150_365d
SAMN10238015,-10.6799973592274,11.1592437156949,Lung,Post_pubertal_150_365d
SAMN10238016,-10.614741240453,11.1213456520353,Lung,Post_pubertal_150_365d
SAMN10238018,-10.6415804967396,11.0345021614347,Lung,Post_pubertal_150_365d
SAMN10238019,-10.5707625493519,11.0101968178068,Lung,Post_pubertal_150_365d
SAMN10238020,-10.6262797460072,11.1097747215543,Lung,Post_pubertal_150_365d
SAMN10238021,-10.7196902379505,11.0213796028409,Lung,Post_pubertal_150_365d
SAMN10238022,-10.6217621907704,11.1238700279508,Lung,Post_pubertal_150_365d
SAMN10238023,-10.7338303670399,11.0815812477384,Lung,Post_pubertal_150_365d
SAMN10238024,-10.6302918538563,11.1677819618497,Lung,Post_pubertal_150_365d
SAMN10593697,-10.9343422994129,11.6391221412931,Lung,Pre_pubertal_60_149d
SAMN11633728,-3.42072383017465,6.55352701037267,Lung,Early childhood_21_59d
SAMN12204825,-11.2519034490101,11.6125422844205,Lung,Pre_pubertal_60_149d
SAMN12204826,-11.2246903523914,11.5829059013639,Lung,Pre_pubertal_60_149d
SAMN13540876,-3.4639543637745,6.16511119692662,Lung,Pre_pubertal_60_149d
SAMN13540877,-3.42730322928353,6.21753467409948,Lung,Pre_pubertal_60_149d
SAMN13540878,-3.43937889189645,6.22447217791417,Lung,Pre_pubertal_60_149d
SAMN13540880,-3.49421969504281,6.09248603670934,Lung,Pre_pubertal_60_149d
SAMN13540881,-3.36375752539559,6.2820388206754,Lung,Pre_pubertal_60_149d
SAMN13540882,-3.31589952559396,6.35027755587438,Lung,Pre_pubertal_60_149d
SAMN13540883,-12.3707808598988,12.1228677162443,Lung,Pre_pubertal_60_149d
SAMN13540884,-11.9191369161121,11.9945823082242,Lung,Pre_pubertal_60_149d
SAMN13540885,-11.9893588170521,11.8835746177945,Lung,Pre_pubertal_60_149d
SAMN13540886,-12.3473376378529,12.2166568168912,Lung,Early childhood_21_59d
SAMN13540887,-12.2896918401234,12.2391530403409,Lung,Early childhood_21_59d
SAMN13540888,-12.3575705632679,12.2465602287565,Lung,Early childhood_21_59d
SAMN13540889,-12.1932438954823,12.2394343742643,Lung,Early childhood_21_59d
SAMN13707131,-4.80404034705087,7.44679559557775,Lung,Infant_0_20d
SAMN13707132,-4.85818854422494,7.47002424090245,Lung,Infant_0_20d
SAMN13707133,-4.95143738837167,7.57212652056554,Lung,Infant_0_20d
SAMN13707134,-4.89898577780648,7.33300412981847,Lung,Infant_0_20d
SAMN13707135,-4.86706439108773,7.36344732134679,Lung,Infant_0_20d
SAMN13707136,-4.99311057181283,7.54442705004552,Lung,Infant_0_20d
SAMN13707137,-4.85604039282723,7.55896581499913,Lung,Infant_0_20d
SAMN13707139,-4.94440308661386,7.48367513506749,Lung,Infant_0_20d
SAMN13707140,-4.75678530783578,7.39756692736486,Lung,Infant_0_20d
SAMN13707142,-4.90723410696908,7.39732469408849,Lung,Infant_0_20d
SAMN13707143,-4.87113038153573,7.44803537218907,Lung,Infant_0_20d
SAMN13707144,-4.9556388005726,7.53734983294347,Lung,Infant_0_20d
SAMN13707145,-4.86017266364022,7.44219316332677,Lung,Infant_0_20d
SAMN13707146,-4.91132584662362,7.52620519488195,Lung,Infant_0_20d
SAMN13707147,-4.85435048193856,7.36780847399572,Lung,Infant_0_20d
SAMN13707148,-4.68460885138436,7.26310170977452,Lung,Infant_0_20d
SAMN13707150,-4.9063519582264,7.48284353106359,Lung,Infant_0_20d
SAMN13707152,-4.85169163794442,7.38824476092198,Lung,Infant_0_20d
SAMN13707153,-4.80280009360238,7.43877328722814,Lung,Infant_0_20d
SAMN16124984,-3.40939942450448,6.68749727099279,Lung,Pre_pubertal_60_149d
SAMN16124985,-3.23358169646188,6.66091789095739,Lung,Pre_pubertal_60_149d
SAMN16124986,-3.25915852637216,6.77374805300573,Lung,Pre_pubertal_60_149d
SAMN16124987,-3.38725486845895,6.70421518175939,Lung,Pre_pubertal_60_149d
SAMN16124988,-3.32805291266366,6.60883630602697,Lung,Pre_pubertal_60_149d
SAMN16124989,-3.24539915175363,6.58331502764562,Lung,Pre_pubertal_60_149d
SAMN16124990,-3.20386329741403,6.58034862368444,Lung,Pre_pubertal_60_149d
SAMN16124991,-3.3230532750599,6.64000476687291,Lung,Pre_pubertal_60_149d
SAMN16124992,-3.37341967673226,6.67383254855016,Lung,Pre_pubertal_60_149d
SAMN16124993,-3.18530002684518,6.60877765505651,Lung,Pre_pubertal_60_149d
SAMN16124994,-3.25078264326974,6.58357585757115,Lung,Pre_pubertal_60_149d
SAMN16124995,-3.30956069083138,6.62125457613805,Lung,Pre_pubertal_60_149d
SAMN16124996,-3.26666060538217,6.61212648241857,Lung,Pre_pubertal_60_149d
SAMN16203738,-12.1528195485584,12.2678176292692,Lung,Unknown
SAMN16203746,-12.1068553075306,11.9805566200528,Lung,Unknown
SAMN16203765,-12.1872700795643,12.1428214439664,Lung,Unknown
SAMN16245058,-11.6554049596302,12.2547046074186,Lung,Unknown
SAMN16245059,-11.6115655049793,12.3613301643644,Lung,Unknown
SAMN17136976,-12.3537224874012,12.1147424110685,Lung,Post_pubertal_150_365d
SAMN17136978,-12.3767956838123,12.0476046928678,Lung,Post_pubertal_150_365d
SAMN17136979,-12.3975752934925,12.1355830559049,Lung,Post_pubertal_150_365d
SAMN17136980,-12.4553107366078,12.1947013267789,Lung,Post_pubertal_150_365d
SAMN17136981,-12.3993605718128,12.1207229027067,Lung,Post_pubertal_150_365d
SAMN17136982,-12.4225215062611,12.1366340050016,Lung,Post_pubertal_150_365d
SAMN17136985,-12.0715045079701,11.9180470833097,Lung,Post_pubertal_150_365d
SAMN17136987,-12.171945486974,12.001715792111,Lung,Post_pubertal_150_365d
SAMN13676595,-3.45672360510751,6.76938356249669,Lung,Infant_0_20d
SAMN13676594,-3.44026914687081,6.71560252993444,Lung,Infant_0_20d
SAMN03031537,4.18823155312614,2.10052694170812,Adipose,Unknown
SAMN05831026,3.42094811348991,3.25550569384435,Adipose,Post_pubertal_150_365d
SAMN03351819,1.97505864052848,2.02299465029576,Adipose,Infant_0_20d
SAMN11334444,8.83310135750846,1.97541059344152,Adipose,Unknown
SAMN05831012,3.53209098725394,3.52313579409459,Adipose,Post_pubertal_150_365d
SAMN04484992,2.57858332543449,2.09922159998754,Adipose,Pre_pubertal_60_149d
SAMN13676576,-2.95914188475533,4.52130330889562,Adipose,Infant_0_20d
SAMN05601656,2.52456053643302,2.06627525179723,Adipose,Unknown
SAMN02570535,3.43337901978568,2.07656992762425,Adipose,Post_pubertal_150_365d
SAMN03490534,3.41892441659049,1.51253546564916,Adipose,Post_pubertal_150_365d
SAMN06045918,3.71950205712394,2.50434340327123,Adipose,Post_pubertal_150_365d
SAMN04332716,3.69262894539909,1.3611928352628,Adipose,Unknown
SAMN02378866,3.72888049035148,1.86251438944676,Adipose,Unknown
SAMN16595848,3.83022126107291,0.924762381008654,Adipose,Unknown
SAMN04332713,3.69866331963615,1.20301307528356,Adipose,Unknown
SAMEA104406696,-3.60259238333627,4.43555702059606,Adipose,Pre_pubertal_60_149d
SAMN11334428,8.685253228236,2.09683693735936,Adipose,Unknown
SAMN16203754,3.03744229226188,1.83311451762059,Adipose,Unknown
SAMN16595849,3.89001377968864,0.803618920734912,Adipose,Unknown
SAMN05831035,3.58855399041251,3.4795452484403,Adipose,Post_pubertal_150_365d
SAMN05830994,3.49251707940177,3.56807769625524,Adipose,Post_pubertal_150_365d
SAMN13676549,-2.88458624930306,4.55567849963048,Adipose,Infant_0_20d
SAMN16595842,3.83994683175162,0.929794324329882,Adipose,Unknown
SAMN10397316,3.6563020601757,0.276126993588,Adipose,Adult
SAMEA104406695,-3.55565467924996,4.47049964754918,Adipose,Pre_pubertal_60_149d
SAMN11334442,8.81079586892203,2.09522975771764,Adipose,Unknown
SAMN11334431,8.70199498086051,1.84076584666112,Adipose,Unknown
SAMN12683992,-2.15518501849099,3.88588584750035,Adipose,Unknown
SAMN04455256,3.6402207270153,1.44056190340856,Adipose,Unknown
SAMEA104406697,-3.50842491240426,4.58750118105748,Adipose,Pre_pubertal_60_149d
SAMN05601662,3.26436528115348,2.61759699671605,Adipose,Unknown
SAMN05601658,3.26241120247916,2.61623467295507,Adipose,Unknown
SAMN04484932,2.93218501954154,2.08029950945714,Adipose,Pre_pubertal_60_149d
SAMEA104406694,-3.39784613699838,4.35043491213658,Adipose,Pre_pubertal_60_149d
SAMN04484962,2.82193025498466,2.1883629688535,Adipose,Pre_pubertal_60_149d
SAMN05831018,3.51045736222343,3.50342286913732,Adipose,Post_pubertal_150_365d
SAMEA104406693,-3.59639874548837,4.61699165194371,Adipose,Pre_pubertal_60_149d
SAMN12683996,-2.16215113253518,3.88035262911656,Adipose,Unknown
SAMN03782442,3.37152394204215,2.54020966379979,Adipose,Post_pubertal_150_365d
SAMN07350829,-3.59525910468026,3.11395729868749,Adipose,Unknown
SAMN05830997,3.54154166131095,3.55921472399572,Adipose,Post_pubertal_150_365d
SAMN03031527,4.31267508416251,2.22722400515416,Adipose,Unknown
SAMN16595841,3.79810103325919,0.949775112560778,Adipose,Unknown
SAMN03031518,4.32980545907096,2.28439439623693,Adipose,Unknown
SAMN07350817,-3.52627745718881,3.68710054247716,Adipose,Unknown
SAMN04332694,3.14528473763541,1.77472437708715,Adipose,Unknown
SAMN13676540,-2.96358147711678,4.52666534273961,Adipose,Infant_0_20d
SAMN16482500,0.706962431956092,1.61117328493932,Adipose,Post_pubertal_150_365d
SAMN11334450,8.90584286599235,2.04441155283788,Adipose,Unknown
SAMN03351818,2.03811367898063,2.0906919369016,Adipose,Infant_0_20d
SAMN05831033,3.65437706856803,3.33047355501988,Adipose,Post_pubertal_150_365d
SAMN03351822,2.01714571862296,2.05729307024816,Adipose,Infant_0_20d
SAMN16595839,3.93761547951774,0.809721363476306,Adipose,Unknown
SAMEA104406702,-3.5194472417347,4.55031789629796,Adipose,Pre_pubertal_60_149d
SAMN03031522,4.10865792183951,2.24714578478673,Adipose,Unknown
SAMN11334437,8.86844738869742,1.9658984073911,Adipose,Unknown
SAMN01978932,4.22136124520377,2.09621323435643,Adipose,Unknown
SAMN03782441,3.49653371720389,2.51428903429845,Adipose,Post_pubertal_150_365d
SAMN11334436,8.74847134499625,2.02302540629247,Adipose,Unknown
SAMN03351804,2.17592367081718,2.18706621020177,Adipose,Infant_0_20d
SAMN11334443,8.86837777047233,1.88899911730626,Adipose,Unknown
SAMN14211911,3.29342636017875,1.29628981440404,Adipose,Unknown
SAMN14211914,3.35783203988151,1.27743615000585,Adipose,Unknown
SAMN03490527,3.65844735055045,1.97610701411107,Adipose,Post_pubertal_150_365d
SAMN05831024,3.4580438986309,3.6565882095609,Adipose,Post_pubertal_150_365d
SAMN04455255,3.67144116311149,1.46574820368627,Adipose,Unknown
SAMN16595802,3.91578921227531,0.81035698740819,Adipose,Unknown
SAMN16203759,3.02127894311027,1.93718351214269,Adipose,Unknown
SAMN16595845,3.91286381630973,0.752026689938098,Adipose,Unknown
SAMN04332699,3.28228100686149,1.76097215502599,Adipose,Unknown
SAMN07350825,-3.73030129523202,3.03518570750096,Adipose,Unknown
SAMN12683990,-2.22030678839608,3.95527280657628,Adipose,Unknown
SAMN14211910,3.27157625107841,1.23220456927159,Adipose,Unknown
SAMN03031545,4.45078619866447,2.12034071772435,Adipose,Unknown
SAMN03782440,3.39985522179679,2.60387171595433,Adipose,Post_pubertal_150_365d
SAMN03031529,4.33763417153434,1.9797619709287,Adipose,Unknown
SAMN11334435,8.75007351784782,1.99157584994176,Adipose,Unknown
SAMN03490536,3.43611463456229,1.69023431628087,Adipose,Post_pubertal_150_365d
SAMEA104406706,-3.59316793532296,4.53291858523229,Adipose,Pre_pubertal_60_149d
SAMN07350822,-3.69759646506234,3.04171146242955,Adipose,Unknown
SAMN03031542,4.41024550347404,1.95126975863317,Adipose,Unknown
SAMN03490528,3.39717277436332,1.56636561243871,Adipose,Post_pubertal_150_365d
SAMN03031517,4.18918522744254,2.14710725634435,Adipose,Unknown
SAMN03351786,1.9347444429882,1.98514021723607,Adipose,Infant_0_20d
SAMN03031512,4.31074484734611,2.15060962527135,Adipose,Unknown
SAMN03490526,3.5312689199932,1.70157350390294,Adipose,Post_pubertal_150_365d
SAMN04332706,3.76314791588859,1.34529818384984,Adipose,Unknown
SAMN04484986,2.72382077126578,2.20270837633946,Adipose,Pre_pubertal_60_149d
SAMN03490530,3.52043279557304,1.55706776469091,Adipose,Post_pubertal_150_365d
SAMN05601651,3.36145028023795,2.28757108538488,Adipose,Unknown
SAMN07350811,-3.50461426825448,3.06710828631261,Adipose,Unknown
SAMN12683994,-2.25255874247476,3.95879567950109,Adipose,Unknown
SAMN04332719,4.07572230248527,1.52125586359838,Adipose,Unknown
SAMN03351817,2.16228898911552,2.11862958758214,Adipose,Infant_0_20d
SAMN10397320,3.55380162148551,0.396414173534899,Adipose,Post_pubertal_150_365d
SAMN16595838,3.93220814614371,0.799796117237597,Adipose,Unknown
SAMN07315030,-3.39661065192147,4.67062534182408,Adipose,Post_pubertal_150_365d
SAMEA104406691,-3.57635060400887,4.46344722597936,Adipose,Pre_pubertal_60_149d
SAMN05831002,3.54219039826469,3.62005342333654,Adipose,Post_pubertal_150_365d
SAMN05601661,3.36960276513175,2.70557965128759,Adipose,Unknown
SAMN03031543,4.34830244927482,2.26687635271886,Adipose,Unknown
SAMN05831008,3.47497805504874,3.5767108330045,Adipose,Post_pubertal_150_365d
SAMN03031530,4.4480214968212,2.18054426997045,Adipose,Unknown
SAMN10593693,3.13409742264823,2.45182193606237,Adipose,Pre_pubertal_60_149d
SAMN07350823,-3.49511352629586,3.65940011828282,Adipose,Unknown
SAMN03782436,3.45822247414664,2.50027979700902,Adipose,Post_pubertal_150_365d
SAMN11334451,8.90687188057975,2.06518710940221,Adipose,Unknown
SAMN02570536,3.28423103241996,1.94308246462682,Adipose,Post_pubertal_150_365d
SAMN04455257,3.51596697716788,1.65178955881932,Adipose,Unknown
SAMN10397323,3.48325284867362,0.25018180697301,Adipose,Post_pubertal_150_365d
SAMN10397319,3.51732190995292,0.292436254910021,Adipose,Adult
SAMN01924544,3.35262116341666,1.63491619913915,Adipose,Post_pubertal_150_365d
SAMN04332717,3.6471558466442,1.26427997439244,Adipose,Unknown
SAMN14211916,3.38747557549552,1.3458029159818,Adipose,Unknown
SAMN09089480,3.86233099846915,1.37649763911107,Adipose,Unknown
SAMN16595847,3.88806208520011,0.720994008472949,Adipose,Unknown
SAMN11334441,8.83833321480826,2.04367841570714,Adipose,Unknown
SAMN07350809,-3.60118952841683,3.1435700783048,Adipose,Unknown
SAMN03031514,4.1490999117382,2.19351924746373,Adipose,Unknown
SAMN05862201,3.37568363099174,0.521462691715747,Adipose,Unknown
SAMN03490539,3.52263935952262,1.71557034342626,Adipose,Post_pubertal_150_365d
SAMN07350812,-3.62265268416329,3.18592990725377,Adipose,Unknown
SAMN03031525,4.22754057793693,2.16169370501378,Adipose,Unknown
SAMN03490540,3.70993908791617,1.70693744509557,Adipose,Post_pubertal_150_365d
SAMN05896257,-2.9436256036274,4.61145318835118,Adipose,Post_pubertal_150_365d
SAMN03490529,3.57389983086661,1.59583772509435,Adipose,Post_pubertal_150_365d
SAMN01978929,3.45168551354484,1.89904440729955,Adipose,Unknown
SAMN03031520,4.32166823296622,2.09170020907262,Adipose,Unknown
SAMEA104406705,-3.55739656538888,4.53840173571447,Adipose,Pre_pubertal_60_149d
SAMN13676560,-2.99590579123422,4.48272336809972,Adipose,Infant_0_20d
SAMN05831028,3.43754133133964,3.16763461916783,Adipose,Post_pubertal_150_365d
SAMN03031528,4.40813168435172,2.11011899798253,Adipose,Unknown
SAMN03351798,2.0796259298809,2.15210737078527,Adipose,Infant_0_20d
SAMN03031544,4.36059006600455,2.20428050845006,Adipose,Unknown
SAMN03782438,-6.29455414862557,0.0322916635785395,Adipose,Post_pubertal_150_365d
SAMN07350819,-3.56492892355843,3.12395395129064,Adipose,Unknown
SAMN03490537,3.26194509415702,1.73765410273412,Adipose,Post_pubertal_150_365d
SAMN04332704,4.05563458352164,1.7948631176267,Adipose,Unknown
SAMN03351789,1.99053486733512,1.90047062723973,Adipose,Infant_0_20d
SAMN07350814,-3.48766628355905,3.69344533770421,Adipose,Unknown
SAMN04485011,2.89494570641593,2.07917584269384,Adipose,Pre_pubertal_60_149d
SAMN09089479,4.09029110817985,1.74943221896031,Adipose,Unknown
SAMN07350816,-3.6557702168934,3.08809102862218,Adipose,Unknown
SAMN16203735,3.35105713753776,1.75646962015966,Adipose,Unknown
SAMN02570539,3.28407677559928,2.08469880907872,Adipose,Post_pubertal_150_365d
SAMN11334440,8.76609524636344,2.01219810335973,Adipose,Unknown
SAMN03031524,4.33276995568351,2.13282312243321,Adipose,Unknown
SAMN05831004,3.60803040413932,3.63316310732701,Adipose,Post_pubertal_150_365d
SAMN07350808,-3.71948019118234,3.04261745303014,Adipose,Unknown
SAMN12683988,-2.20663193316384,3.86070741503575,Adipose,Unknown
SAMN11334447,8.7633200541027,2.00515474169591,Adipose,Unknown
SAMN03490523,3.20052632241325,1.85694135516027,Adipose,Post_pubertal_150_365d
SAMN10397329,3.55823000817374,0.239746941021472,Adipose,Pre_pubertal_60_149d
SAMN13676550,-3.04259005637093,4.49438775866368,Adipose,Infant_0_20d
SAMN07350821,-3.64616147131844,3.08570708124974,Adipose,Unknown
SAMN05601653,3.4332795992382,2.2208303341184,Adipose,Unknown
SAMN07350807,-3.55656090826913,3.17686237185338,Adipose,Unknown
SAMN12683976,-2.23898473830148,3.92898668139318,Adipose,Unknown
SAMN10397314,3.52017983346061,0.290272010258227,Adipose,Adult
SAMN03031540,4.41605481057242,2.2793601879392,Adipose,Unknown
SAMN05601660,3.43905123620109,2.67423642962316,Adipose,Unknown
SAMN03490541,3.73790129571036,1.83541311114171,Adipose,Post_pubertal_150_365d
SAMN07350815,-3.58660021872445,3.14600266306737,Adipose,Unknown
SAMN03351778,2.14338287262992,2.05491865961888,Adipose,Infant_0_20d
SAMN02570538,3.38664277939872,2.01287592738011,Adipose,Post_pubertal_150_365d
SAMN03031513,4.09898575692252,2.32604111521581,Adipose,Unknown
SAMN10397315,3.59195670037345,0.344525588444262,Adipose,Adult
SAMN11334427,8.74845894723014,1.94280947535375,Adipose,Unknown
SAMN05862198,3.29097350983695,2.1383882889066,Adipose,Unknown
SAMN03351820,2.12583383469657,2.08543313830236,Adipose,Infant_0_20d
SAMN04485002,2.49175294785575,2.07388628809789,Adipose,Pre_pubertal_60_149d
SAMN11334452,8.80527314095573,2.02743805735448,Adipose,Unknown
SAMN02225659,1.38560983090476,1.58540262072423,Adipose,Infant_0_20d
SAMN03351790,2.13215621857719,2.03823651163915,Adipose,Infant_0_20d
SAMN10397327,3.57383927254752,0.272575629642993,Adipose,Post_pubertal_150_365d
SAMN07350826,-3.40560046286508,3.92455495684484,Adipose,Unknown
SAMN03351793,2.06848367600516,2.05030073016027,Adipose,Infant_0_20d
SAMN13676559,-2.93445340247079,4.49483312456945,Adipose,Infant_0_20d
SAMN05831014,3.43474682717399,3.26346029131749,Adipose,Post_pubertal_150_365d
SAMN09089477,3.90730294137076,1.53586996882299,Adipose,Unknown
SAMN05830995,3.61321648507194,3.65207065432408,Adipose,Post_pubertal_150_365d
SAMN12683986,-2.12065878958627,3.91450895159581,Adipose,Unknown
SAMN08518598,-3.75993863196298,4.2321931251798,Adipose,Unknown
SAMN14211909,3.29812868981437,1.33619250147679,Adipose,Unknown
SAMN05601657,3.250758256007,2.55589855997899,Adipose,Unknown
SAMEA104406699,-3.57941619009896,4.55981792300084,Adipose,Pre_pubertal_60_149d
SAMN03490525,3.52869471459464,1.8038860687528,Adipose,Post_pubertal_150_365d
SAMN14211912,3.36169012932853,1.2266737350736,Adipose,Unknown
SAMN07350813,-3.48588315100594,3.82293046801427,Adipose,Unknown
SAMN07350820,-3.67777768225594,3.07670534937718,Adipose,Unknown
SAMN03351797,2.26455887703971,2.06803692667821,Adipose,Infant_0_20d
SAMN04484984,2.62778290658073,2.0916422733579,Adipose,Pre_pubertal_60_149d
SAMN03031539,4.25713976769523,2.18302096217015,Adipose,Unknown
SAMN10397322,3.52449830918388,0.321236265591174,Adipose,Post_pubertal_150_365d
SAMN05830999,3.52458723931388,3.58740247576573,Adipose,Post_pubertal_150_365d
SAMN03031535,4.20334872155265,2.05499328463414,Adipose,Unknown
SAMN11334446,8.75539025216178,2.03084267466405,Adipose,Unknown
SAMN03351806,2.20836457161979,1.95596374361852,Adipose,Infant_0_20d
SAMN11334445,8.81485089211539,1.97354472964147,Adipose,Unknown
SAMEA104406703,-3.5732540235035,4.57009662478307,Adipose,Pre_pubertal_60_149d
SAMEA5760387,-4.73383799643441,-4.59116302640101,Testis,Adult
SAMEA5760436,-4.78898039908334,-4.71902381093165,Testis,Adult
SAMEA5760496,-4.77246037573739,-4.53295313031337,Testis,Adult
SAMEA72278668,-1.91784802527352,-5.68398128659389,Testis,Unknown
SAMEA72282418,-11.0440863713734,11.6518174537931,Testis,Unknown
SAMEA72286168,-1.71231738181039,-5.46598659665248,Testis,Unknown
SAMN00727957,0.934611286211768,2.45400275080541,Testis,Unknown
SAMN00727958,0.86302968411521,2.36438740580419,Testis,Unknown
SAMN01120728,1.04740234761314,2.28748024790624,Testis,Unknown
SAMN01915391,16.6879359140881,-3.08787594945094,Testis,Pre_pubertal_60_149d
SAMN01915392,16.6256018534191,-3.0258897414889,Testis,Pre_pubertal_60_149d
SAMN01915393,16.7057066813,-3.10544286877772,Testis,Pre_pubertal_60_149d
SAMN01915394,16.6387587442882,-3.0440326801028,Testis,Pre_pubertal_60_149d
SAMN01915395,16.6392565622814,-3.03938280255458,Testis,Pre_pubertal_60_149d
SAMN01915396,16.6710368052013,-3.07102976948878,Testis,Pre_pubertal_60_149d
SAMN01915397,16.6559267893322,-3.05250774533412,Testis,Pre_pubertal_60_149d
SAMN01915398,16.6602488413341,-3.06014333874843,Testis,Pre_pubertal_60_149d
SAMN01915399,16.6677084818371,-3.06775389821193,Testis,Pre_pubertal_60_149d
SAMN01915400,16.7213831797131,-3.12126361043117,Testis,Pre_pubertal_60_149d
SAMN04147101,-4.8865183934681,-4.60592352063319,Testis,Post_pubertal_150_365d
SAMN04261723,-5.85153761954232,-6.57481132657191,Testis,Unknown
SAMN04261724,-6.05342284293099,-6.8874906173434,Testis,Unknown
SAMN04261725,-5.857706461858,-6.52287946850917,Testis,Unknown
SAMN04261726,-5.91252890677377,-6.67625270993373,Testis,Unknown
SAMN04261727,-6.14016810507699,-6.82276760251185,Testis,Unknown
SAMN04261728,-5.96879330725595,-6.63554130704066,Testis,Unknown
SAMN04261729,-6.07674113364144,-7.04053293378016,Testis,Unknown
SAMN04261730,-6.04620019049569,-6.74620281369349,Testis,Unknown
SAMN04261731,-6.24853983969613,-7.10174928815028,Testis,Unknown
SAMN04261733,-6.11049452872201,-7.14138923794887,Testis,Unknown
SAMN04261734,-6.13530055136605,-6.94933353573939,Testis,Unknown
SAMN04261736,-6.01215973944589,-7.13235603482387,Testis,Unknown
SAMN04261737,-6.09030476660653,-7.00251423031947,Testis,Unknown
SAMN04261739,-6.1734327420704,-7.02362047345302,Testis,Unknown
SAMN04261741,-5.93877926917001,-6.80027996213099,Testis,Unknown
SAMN04261742,-5.96130982489511,-6.77139173657557,Testis,Unknown
SAMN04261744,-5.81633320898934,-6.8354714980807,Testis,Unknown
SAMN04261745,-5.86478606314584,-6.93053327710292,Testis,Unknown
SAMN04261746,-6.04320374579354,-6.81604515225551,Testis,Unknown
SAMN04261747,-6.01023093314096,-6.91363035351893,Testis,Unknown
SAMN04390631,-6.19341269583627,-6.4730390182223,Testis,Infant_0_20d
SAMN04390632,-6.23541203589364,-6.46261774212977,Testis,Infant_0_20d
SAMN04390633,-6.34154311270638,-6.46633182675502,Testis,Infant_0_20d
SAMN04390634,0.819151367235938,2.52795208781102,Testis,Infant_0_20d
SAMN04390635,0.65234168915824,2.63762415736058,Testis,Infant_0_20d
SAMN04390636,0.805316652346411,2.61132158129552,Testis,Infant_0_20d
SAMN04390637,-6.22729960532113,-6.64773784787318,Testis,Infant_0_20d
SAMN04390638,-6.18928042502328,-6.43074642331264,Testis,Infant_0_20d
SAMN04390639,-6.24025479407235,-6.52293621213099,Testis,Infant_0_20d
SAMN04390640,0.753329838801184,2.57386173098424,Testis,Infant_0_20d
SAMN04390644,0.741152729082862,2.54723156779149,Testis,Infant_0_20d
SAMN04390645,0.771086539316931,2.53556693880895,Testis,Infant_0_20d
SAMN06236584,-2.22710708231851,-5.50153385312221,Testis,Unknown
SAMN06236585,-2.04180697054788,-5.47290407330653,Testis,Unknown
SAMN06236586,-2.14035383315011,-5.69119630963466,Testis,Unknown
SAMN06236587,-2.33292440028115,-5.38806949765346,Testis,Unknown
SAMN06236588,-2.07550707907601,-5.73831831128261,Testis,Unknown
SAMN06236589,-10.7523259267323,11.2313128837858,Testis,Unknown
SAMN06236590,-1.86849382967874,-5.42813907773158,Testis,Unknown
SAMN06236591,-2.00456217379495,-5.42697464139125,Testis,Unknown
SAMN06236592,-2.1265120849125,-5.38753114850184,Testis,Unknown
SAMN06236593,-2.35231057257577,-5.34191881329677,Testis,Unknown
SAMN06236594,-2.14015296549722,-5.40275798947474,Testis,Unknown
SAMN06236595,-5.20774451346322,-4.39557038457057,Testis,Unknown
SAMN06236596,-5.15278855414315,-4.42995988042018,Testis,Unknown
SAMN06236597,-2.07064190955087,-5.41737304837367,Testis,Unknown
SAMN06236598,-1.97056332678719,-5.83200250775477,Testis,Unknown
SAMN06236599,-2.27978197188302,-5.45735489041469,Testis,Unknown
SAMN06236600,-2.13223103136941,-5.40588413388392,Testis,Unknown
SAMN06236601,-2.32775643916055,-5.32767282635829,Testis,Unknown
SAMN06236602,-2.14462498278542,-5.57607637555263,Testis,Unknown
SAMN06236603,-2.04095355124398,-5.55544601590297,Testis,Unknown
SAMN06236606,-5.36966315359994,-4.34230791241786,Testis,Unknown
SAMN06236608,-5.31370869727059,-4.36634861142299,Testis,Unknown
SAMN06236610,-2.22289792151376,-5.65355859906337,Testis,Unknown
SAMN06236611,-2.39690366835519,-5.1845835319247,Testis,Unknown
SAMN06236612,-2.17179003806039,-5.45492254407069,Testis,Unknown
SAMN06236613,-2.14203468413278,-5.67951713711879,Testis,Unknown
SAMN06236614,-5.32695094199105,-4.31524072796962,Testis,Unknown
SAMN06236638,-1.97553626151009,-5.88437162549159,Testis,Unknown
SAMN06236639,-1.9403343543522,-5.51146351010463,Testis,Unknown
SAMN06236640,-2.03307715506478,-5.64577137143275,Testis,Unknown
SAMN06236641,-2.15144220442697,-5.66926704556605,Testis,Unknown
SAMN06236642,-2.19081250281259,-5.56110130459926,Testis,Unknown
SAMN06236643,-2.10693112463876,-5.82915674359462,Testis,Unknown
SAMN06236644,-2.04317787737771,-5.73065839917323,Testis,Unknown
SAMN06236669,-2.04517570586129,-5.53107296139857,Testis,Unknown
SAMN06236670,-2.0718942031376,-5.50400577695033,Testis,Unknown
SAMN06236671,-5.41857138724252,-4.41002498776576,Testis,Unknown
SAMN06236672,-2.14556864352151,-5.24028144986293,Testis,Unknown
SAMN06236673,-1.98459580988809,-5.63656221539638,Testis,Unknown
SAMN06236674,-5.28386345953866,-4.34190641553065,Testis,Unknown
SAMN06236675,-5.13365117163583,-4.37561522633693,Testis,Unknown
SAMN06236676,-5.3033999547474,-4.3995469680514,Testis,Unknown
SAMN06236677,-2.25577107520028,-5.48830114514491,Testis,Unknown
SAMN07313379,-4.85751525015756,-4.27312384755275,Testis,Post_pubertal_150_365d
SAMN07314880,-2.46178213210031,5.8253795036588,Testis,Infant_0_20d
SAMN08516728,-2.2712372884266,5.90891040652135,Testis,Infant_0_20d
SAMN08516729,-2.27572611422463,5.86518205492833,Testis,Infant_0_20d
SAMN09098427,-1.71215311140939,-5.12082897336146,Testis,Unknown
SAMN09098428,-2.99385253043099,-4.51288567692897,Testis,Unknown
SAMN09098429,-1.63332692236825,-5.12961231381556,Testis,Unknown
SAMN09098430,-2.80292478651925,-4.88882623822352,Testis,Unknown
SAMN09098431,-2.68314639182015,-4.80738602788112,Testis,Unknown
SAMN09098432,-2.85375038237496,-4.65001927525661,Testis,Unknown
SAMN09098433,-1.67790416331216,-5.13249193341395,Testis,Unknown
SAMN09098434,-2.60239473433419,-4.9065712562289,Testis,Unknown
SAMN09098435,-2.54583469481393,-5.04566227109096,Testis,Unknown
SAMN09098436,-2.18687323183938,-5.16696869046351,Testis,Unknown
SAMN09098437,-2.87590352148934,-4.7597821822848,Testis,Unknown
SAMN09098438,-1.63804057688638,-5.18276249081752,Testis,Unknown
SAMN09098439,-2.9280804738514,-4.63866768986842,Testis,Unknown
SAMN09098440,-2.70753017516061,-5.05559431225917,Testis,Unknown
SAMN09098441,-2.58167377562448,-5.00298248440883,Testis,Unknown
SAMN09098442,-2.84600535483285,-4.92613063962123,Testis,Unknown
SAMN09098443,-2.7369789227955,-4.98378025204799,Testis,Unknown
SAMN09098444,-1.59407809824868,-5.08902631909511,Testis,Unknown
SAMN09098445,-2.76779404730721,-5.11065040738246,Testis,Unknown
SAMN09098446,-2.92384854407235,-4.6494592300143,Testis,Unknown
SAMN09098448,-2.49244204611703,-5.2101954093661,Testis,Unknown
SAMN09098450,-2.77795640082284,-4.92090212018153,Testis,Unknown
SAMN09098451,-2.87809935660287,-4.7047992816653,Testis,Unknown
SAMN09098452,-2.89038053603097,-4.70650278241298,Testis,Unknown
SAMN09098453,-2.93261734099313,-4.58258544118068,Testis,Unknown
SAMN09098454,-1.84293666930123,-5.05038963467738,Testis,Unknown
SAMN09098455,-2.92637363524362,-4.66287623555324,Testis,Unknown
SAMN09098480,-2.73601356596871,-4.79516397626063,Testis,Unknown
SAMN09098481,-2.77411929221078,-4.79553471715114,Testis,Unknown
SAMN09098482,-2.6082209691517,-4.92855392605922,Testis,Unknown
SAMN09946172,-2.27677742094918,5.86910642474034,Testis,Early childhood_21_59d
SAMN09946173,-2.27957085223123,5.89880479662755,Testis,Early childhood_21_59d
SAMN09946174,-2.32287636847421,5.90149749605992,Testis,Early childhood_21_59d
SAMN09946175,-4.60366860480233,-4.40249000699183,Testis,Early childhood_21_59d
SAMN09946176,-4.61916342825814,-4.50451432377955,Testis,Early childhood_21_59d
SAMN09946177,-4.74593487830087,-4.37163602025172,Testis,Early childhood_21_59d
SAMN09975888,-1.49132135958596,-5.15917812497279,Testis,Unknown
SAMN09975890,-1.62054637522622,-5.11362920910975,Testis,Unknown
SAMN10462191,-4.71587077231332,-4.27034841687343,Testis,Post_pubertal_150_365d
SAMN10462193,-4.72169438452645,-4.31100808293483,Testis,Post_pubertal_150_365d
SAMN10462194,-4.7021307095997,-4.39766203076503,Testis,Post_pubertal_150_365d
SAMN10462195,-4.76997223944589,-4.2588227859225,Testis,Post_pubertal_150_365d
SAMN10462196,-4.75510731787606,-4.28897462994716,Testis,Post_pubertal_150_365d
SAMN10462197,-4.78536931128427,-4.36101518780848,Testis,Post_pubertal_150_365d
SAMN13492403,18.5647402658947,-4.74480281979701,Testis,Unknown
SAMN13492404,18.3802176371105,-5.08180414349696,Testis,Unknown
SAMN13492405,18.3842574015148,-5.07620512158534,Testis,Unknown
SAMN13492406,18.6648665323742,-4.78168831975123,Testis,Unknown
SAMN13492407,18.6414709940441,-4.81802068860194,Testis,Unknown
SAMN13492408,18.3707495584972,-5.13415466458461,Testis,Unknown
SAMN13492409,18.2544833078869,-5.21070467145106,Testis,Unknown
SAMN13492410,18.7245875254162,-4.78637944371364,Testis,Unknown
SAMN13492411,18.379664506007,-5.06402717740199,Testis,Unknown
SAMN13492412,18.3757677927502,-5.07826648862025,Testis,Unknown
SAMN13492413,18.7067461863048,-4.8449679485049,Testis,Unknown
SAMN13492414,18.5740519419201,-4.89041839749476,Testis,Unknown
SAMN13492415,18.6448317423351,-4.81527863652369,Testis,Unknown
SAMN13492416,18.3788100138195,-5.07680498273036,Testis,Unknown
SAMN13492417,18.4920130625256,-4.97043024212977,Testis,Unknown
SAMN13492418,18.3239165201672,-5.14645944745204,Testis,Unknown
SAMN13492419,18.4702559366711,-4.99007211835048,Testis,Unknown
SAMN13492420,18.5962439432629,-4.81008850247523,Testis,Unknown
SAMN13492421,18.6259375467785,-4.81390820653102,Testis,Unknown
SAMN13492422,18.7000609293468,-4.75140629918239,Testis,Unknown
SAMN13492423,18.6636916056164,-4.86005054623744,Testis,Unknown
SAMN14751847,-2.64751068205758,6.04163516848424,Testis,Infant_0_20d
SAMN14751849,-2.48553410620614,5.99117339938024,Testis,Infant_0_20d
SAMN15762651,1.02163478283958,2.41319431155065,Testis,Unknown
SAMN16203744,0.972472156573096,2.34919418185094,Testis,Unknown
SAMN16203756,1.12226661591605,2.28752077906468,Testis,Unknown
SAMN16203758,1.20998081116752,2.2896608242307,Testis,Unknown
SAMN17141473,-5.96240416617318,-6.72785841138026,Testis,Post_pubertal_150_365d
SAMN17141475,-6.14882031531259,-6.98012815625331,Testis,Post_pubertal_150_365d
SAMN17141477,-5.87769785971566,-6.71552501828334,Testis,Post_pubertal_150_365d
SAMN17141480,-6.04114333243295,-6.99267660290858,Testis,Post_pubertal_150_365d
SAMN17141481,-6.03143588156625,-6.91636167676112,Testis,Post_pubertal_150_365d
SAMN17141483,-5.99886933417245,-7.01189314038417,Testis,Post_pubertal_150_365d
SAMN17141484,-6.00043908209725,-6.7308801284518,Testis,Post_pubertal_150_365d
SAMN17141485,-6.01241293997689,-6.96482645184657,Testis,Post_pubertal_150_365d
SAMN17141487,18.5852270975597,-4.87912498623988,Testis,Post_pubertal_150_365d
SAMN17141489,18.6503573313244,-4.76135359913966,Testis,Post_pubertal_150_365d
SAMN17141490,18.247153367091,-5.21003709942958,Testis,Post_pubertal_150_365d
SAMN17141491,18.6322623148449,-4.85645471722743,Testis,Post_pubertal_150_365d
SAMN17141492,18.5118780985363,-4.95843874127528,Testis,Post_pubertal_150_365d
SAMN17141493,18.5388575449474,-4.8982328048434,Testis,Post_pubertal_150_365d
