pig_gene_id,gene_symbol,description,success,biomarker_label,human_length,importance
ENSSSCG00000018007,MYH3,myosin heavy chain 3 [Source:VGNC Symbol;Acc:VGNC:98145],True,MHCdev,28783.0,0.0
ENSSSCG00000018005,MYH8,myosin heavy chain 8 [Source:VGNC Symbol;Acc:VGNC:109664],True,MHCneonatal,31628.0,0.0
ENSSSCG00000034015,XIRP1,xin actin binding repeat containing 1 [Source:NCBI gene (formerly Entrezgene);Acc:100134978],True,XIRP1,9389.0,0.0
ENSSSCG00000015917,XIRP2,xin actin binding repeat containing 2 [Source:VGNC Symbol;Acc:VGNC:109485],True,XIRP2,371273.0,0.4342360380105674
ENSSSCG00000023611,TNXB,tenascin XB [Source:NCBI gene (formerly Entrezgene);Acc:445520],True,TNXB,74181.0,0.0
ENSSSCG00000031053,S100A1,S100 calcium binding protein A1 [Source:VGNC Symbol;Acc:VGNC:92535],True,S100A1,4118.0,0.27834699551264447
ENSSSCG00000029251,MAP4,microtubule associated protein 4 [Source:VGNC Symbol;Acc:VGNC:103071],True,MAP4,238617.0,0.0
ENSSSCG00000001485,MLIP,muscular LMNA interacting protein [Source:VGNC Symbol;Acc:VGNC:90253],True,MLIP,336964.0,0.0
ENSSSCG00000011286,KLHL40,kelch like family member 40 [Source:VGNC Symbol;Acc:VGNC:89533],True,KLHL40,9617.0,0.0010877566722532113
ENSSSCG00000012365,MSN,moesin [Source:NCBI gene (formerly Entrezgene);Acc:494458],True,MSN,153559.0,0.0
ENSSSCG00000026116,FHOD1,formin homology 2 domain containing 1 [Source:VGNC Symbol;Acc:VGNC:88131],True,FHOD1,18152.0,0.0
ENSSSCG00000005601,HSPA5,heat shock protein family A (Hsp70) member 5 [Source:VGNC Symbol;Acc:VGNC:103107],True,HSPA5,6529.0,0.0
ENSSSCG00000037539,SORCS2,sortilin related VPS10 domain containing receptor 2 [Source:VGNC Symbol;Acc:VGNC:93340],True,,550289.0,451.3107826312383
ENSSSCG00000036512,FGFRL1,fibroblast growth factor receptor like 1 [Source:VGNC Symbol;Acc:VGNC:88121],True,,18252.0,433.8070289368431
ENSSSCG00000012669,,Rho GTPase activating protein 36 [Source:VGNC Symbol;Acc:VGNC:85474],True,,,306.1773905369143
ENSSSCG00000012667,IGSF1,immunoglobulin superfamily member 1 [Source:VGNC Symbol;Acc:VGNC:89062],True,,305393.0,244.16952641805014
ENSSSCG00000004094,PPP1R14C,protein phosphatase 1 regulatory inhibitor subunit 14C [Source:VGNC Symbol;Acc:VGNC:91724],True,,107348.0,214.63314947555773
ENSSSCG00000009972,KREMEN1,kringle containing transmembrane protein 1 [Source:VGNC Symbol;Acc:VGNC:89572],True,,95383.0,127.2118731836478
ENSSSCG00000030303,ACHE,acetylcholinesterase [Source:VGNC Symbol;Acc:VGNC:97029],True,,7028.0,84.97819125155608
ENSSSCG00000044722,,,True,,,79.4976564904282
ENSSSCG00000006267,PCMTD1,protein-L-isoaspartate (D-aspartate) O-methyltransferase domain containing 1 [Source:VGNC Symbol;Acc:VGNC:98830],True,,82467.0,68.75129730502765
ENSSSCG00000004803,ACTC1,actin alpha cardiac muscle 1 [Source:NCBI gene (formerly Entrezgene);Acc:100152267],True,,5805.0,50.952221642558776
ENSSSCG00000030325,,,False,,,47.527732849121094
ENSSSCG00000044729,,,False,,,45.759317261477314
ENSSSCG00000038044,GYG2,glycogenin 2 [Source:VGNC Symbol;Acc:VGNC:88759],True,,61538.0,45.02069719880819
ENSSSCG00000004399,SLC22A16,solute carrier family 22 member 16 [Source:VGNC Symbol;Acc:VGNC:92976],True,,51994.0,38.925422232132405
ENSSSCG00000028771,MEF2A,myocyte enhancer factor 2A [Source:NCBI gene (formerly Entrezgene);Acc:100037273],True,,151084.0,36.8261449833711
ENSSSCG00000026707,XCR1,X-C motif chemokine receptor 1 [Source:VGNC Symbol;Acc:VGNC:94994],True,,68835.0,30.88878421733777
ENSSSCG00000027613,TRDN,triadin [Source:VGNC Symbol;Acc:VGNC:103195],True,,422172.0,26.693646444929374
ENSSSCG00000022280,DACT3,dishevelled binding antagonist of beta catenin 3 [Source:VGNC Symbol;Acc:VGNC:87149],True,,13631.0,26.18073042233785
ENSSSCG00000032581,,,False,,,25.668100039164226
ENSSSCG00000032684,BOK,BCL2 family apoptosis regulator BOK [Source:VGNC Symbol;Acc:VGNC:95496],True,,23268.0,24.955807109673817
ENSSSCG00000015796,PDLIM3,PDZ and LIM domain 3 [Source:VGNC Symbol;Acc:VGNC:95945],True,,34847.0,24.6211431256185
ENSSSCG00000006745,,,False,,,23.145623785443604
ENSSSCG00000005668,SH3GLB2,"SH3 domain containing GRB2 like, endophilin B2 [Source:VGNC Symbol;Acc:VGNC:92827]",True,,21333.0,22.79403305053711
ENSSSCG00000036741,,,False,,,21.26287739848097
ENSSSCG00000039342,DNAI1,dynein axonemal intermediate chain 1 [Source:VGNC Symbol;Acc:VGNC:108269],True,,63574.0,21.09103270371755
ENSSSCG00000002792,,,False,,,19.196829745429568
ENSSSCG00000002863,LRP3,LDL receptor related protein 3 [Source:VGNC Symbol;Acc:VGNC:89819],True,,31261.0,18.54677987098694
ENSSSCG00000013349,HTATIP2,HIV-1 Tat interactive protein 2 [Source:VGNC Symbol;Acc:VGNC:88997],True,,27872.0,16.66283957163493
ENSSSCG00000010300,MSS51,MSS51 mitochondrial translational activator [Source:VGNC Symbol;Acc:VGNC:90428],True,,9982.0,16.54458271463712
ENSSSCG00000031077,KPNA4,karyopherin subunit alpha 4 [Source:VGNC Symbol;Acc:VGNC:89563],True,,70580.0,15.25424321492513
ENSSSCG00000026092,SREBF2,sterol regulatory element binding transcription factor 2 [Source:VGNC Symbol;Acc:VGNC:93450],True,,74209.0,15.130999883015951
ENSSSCG00000040286,CYLD,CYLD lysine 63 deubiquitinase [Source:VGNC Symbol;Acc:VGNC:87130],True,,59903.0,14.816800435384115
ENSSSCG00000017537,HOXB8,homeobox B8 [Source:VGNC Symbol;Acc:VGNC:88948],True,,6626.0,14.361689248432716
ENSSSCG00000007586,FSCN1,fascin actin-bundling protein 1 [Source:NCBI gene (formerly Entrezgene);Acc:100286741],True,,13846.0,13.69296646118164
ENSSSCG00000040140,CD3E,CD3 epsilon subunit of T-cell receptor complex [Source:NCBI gene (formerly Entrezgene);Acc:397455],True,,11445.0,13.185531624903282
ENSSSCG00000011646,KY,kyphoscoliosis peptidase [Source:VGNC Symbol;Acc:VGNC:89609],True,,51713.0,12.345633188883463
ENSSSCG00000042876,,,True,,,11.673754227599906
ENSSSCG00000004170,,,True,,,11.50350030263265
ENSSSCG00000033673,SLC25A6,solute carrier family 25 member 6 [Source:VGNC Symbol;Acc:VGNC:98321],True,,6796.0,11.42923355102539
ENSSSCG00000000730,PRMT8,protein arginine methyltransferase 8 [Source:VGNC Symbol;Acc:VGNC:91825],True,,212628.0,11.40209992726644
ENSSSCG00000009793,CLIP1,CAP-Gly domain containing linker protein 1 [Source:VGNC Symbol;Acc:VGNC:86766],True,,151346.0,10.52033869177103
ENSSSCG00000009192,PDLIM5,PDZ and LIM domain 5 [Source:VGNC Symbol;Acc:VGNC:91284],True,,216370.0,10.361700057983398
ENSSSCG00000033029,,,False,,,9.893105243643125
ENSSSCG00000051524,,,True,,,9.873558402061462
ENSSSCG00000026087,GKAP1,G kinase anchoring protein 1 [Source:VGNC Symbol;Acc:VGNC:95850],True,,90093.0,9.857479075590769
ENSSSCG00000040366,ADAMTSL1,ADAMTS like 1 [Source:VGNC Symbol;Acc:VGNC:85090],True,,1004387.0,9.403066635131836
ENSSSCG00000038048,,,True,,,9.258150428533554
ENSSSCG00000039575,PALM,paralemmin [Source:VGNC Symbol;Acc:VGNC:91160],True,,39394.0,8.649133364359537
ENSSSCG00000035320,ASB14,ankyrin repeat and SOCS box containing 14 [Source:VGNC Symbol;Acc:VGNC:85562],True,,24343.0,8.574315505723158
ENSSSCG00000043913,,,True,,,8.424147930617133
ENSSSCG00000003662,NT5C1A,"5'-nucleotidase, cytosolic IA [Source:VGNC Symbol;Acc:VGNC:90919]",True,,22099.0,8.178599280615648
ENSSSCG00000033323,UBE2D1,ubiquitin conjugating enzyme E2 D1 [Source:VGNC Symbol;Acc:VGNC:94641],True,,35776.0,7.906485601638754
ENSSSCG00000033596,,,False,,,7.83156681060791
ENSSSCG00000022137,,,True,,,7.755809942881267
ENSSSCG00000026211,NRN1,neuritin 1 [Source:VGNC Symbol;Acc:VGNC:90900],True,,10689.0,7.648940318496898
ENSSSCG00000003768,NEXN,nexilin F-actin binding protein [Source:VGNC Symbol;Acc:VGNC:98154],True,,55415.0,7.1148460656404495
ENSSSCG00000036948,,immunoglobulin like and fibronectin type III domain containing 1 [Source:VGNC Symbol;Acc:VGNC:96049],True,,,6.965830008188884
ENSSSCG00000015893,SLC4A10,solute carrier family 4 member 10 [Source:VGNC Symbol;Acc:VGNC:95592],True,,560950.0,6.9188107047230005
ENSSSCG00000016579,CCDC136,coiled-coil domain containing 136 [Source:VGNC Symbol;Acc:VGNC:86257],True,,31378.0,6.714959005514781
ENSSSCG00000038969,DMPK,DM1 protein kinase [Source:VGNC Symbol;Acc:VGNC:87349],True,,12843.0,6.713350057601929
ENSSSCG00000011622,KBTBD12,kelch repeat and BTB domain containing 12 [Source:VGNC Symbol;Acc:VGNC:89315],True,,73893.0,6.5056964953740435
ENSSSCG00000014448,ARSI,arylsulfatase family member I [Source:UniProtKB Gene Name;Acc:F1RL69],True,,42964.0,6.447051299115022
ENSSSCG00000024668,KLK1,kallikrein 1 [Source:NCBI gene (formerly Entrezgene);Acc:431673],True,,4641.0,6.401577219367027
ENSSSCG00000016207,RETREG2,reticulophagy regulator family member 2 [Source:VGNC Symbol;Acc:VGNC:96177],True,,9250.0,5.965186754862468
ENSSSCG00000004506,CTIF,cap binding complex dependent translation initiation factor [Source:VGNC Symbol;Acc:VGNC:87062],True,,324212.0,5.962026675542195
ENSSSCG00000040470,RPS20,ribosomal protein S20 [Source:NCBI gene (formerly Entrezgene);Acc:414395],True,,7256.0,5.694412022829056
ENSSSCG00000019619,SNORD10,"small nucleolar RNA, C/D box 10 [Source:HGNC Symbol;Acc:HGNC:32706]",True,,141.0,5.585723400115967
ENSSSCG00000038521,CHAC1,ChaC glutathione specific gamma-glutamylcyclotransferase 1 [Source:VGNC Symbol;Acc:VGNC:86619],True,,3550.0,5.581119597472328
ENSSSCG00000012402,CXCR3,C-X-C motif chemokine receptor 3 [Source:VGNC Symbol;Acc:VGNC:87108],True,,2595.0,5.405572418123484
ENSSSCG00000035805,DLK1,delta like non-canonical Notch ligand 1 [Source:VGNC Symbol;Acc:VGNC:87333],True,,12519.0,5.374600440807019
ENSSSCG00000021333,PAK4,p21 (RAC1) activated kinase 4 [Source:VGNC Symbol;Acc:VGNC:98526],True,,57088.0,5.222333351771037
ENSSSCG00000037832,PMP22,peripheral myelin protein 22 [Source:VGNC Symbol;Acc:VGNC:91590],True,,42519.0,5.094603647788365
ENSSSCG00000011500,KBTBD8,kelch repeat and BTB domain containing 8 [Source:VGNC Symbol;Acc:VGNC:89321],True,,12903.0,4.849233309427897
ENSSSCG00000047144,,,False,,,4.721966743469238
ENSSSCG00000004602,TEX9,testis expressed 9 [Source:VGNC Symbol;Acc:VGNC:93907],True,,202026.0,4.591890848241746
ENSSSCG00000035048,C1QBP,complement C1q binding protein [Source:VGNC Symbol;Acc:VGNC:98976],True,,16053.0,4.541390309731166
ENSSSCG00000026196,FAM13A,family with sequence similarity 13 member A [Source:VGNC Symbol;Acc:VGNC:98924],True,,385443.0,4.47998286721607
ENSSSCG00000013269,MAPK8IP1,mitogen-activated protein kinase 8 interacting protein 1 [Source:VGNC Symbol;Acc:VGNC:90007],True,,20852.0,4.426199913024902
ENSSSCG00000006350,,"Fc fragment of IgG, low affinity IIb, receptor (CD32) [Source:NCBI gene (formerly Entrezgene);Acc:613131]",True,,,4.413599555691083
ENSSSCG00000027428,ENHO,energy homeostasis associated [Source:NCBI gene (formerly Entrezgene);Acc:100303726],True,,2131.0,4.346362431844075
ENSSSCG00000003876,CDKN2C,cyclin dependent kinase inhibitor 2C [Source:VGNC Symbol;Acc:VGNC:96942],True,,13889.0,4.29452657699585
ENSSSCG00000025272,HEMK1,HemK methyltransferase family member 1 [Source:VGNC Symbol;Acc:VGNC:88843],True,,28273.0,4.2857666015625
ENSSSCG00000010570,KCNIP2,potassium voltage-gated channel interacting protein 2 [Source:VGNC Symbol;Acc:VGNC:89349],True,,17996.0,4.211315361162026
ENSSSCG00000004774,IVD,isovaleryl-CoA dehydrogenase [Source:NCBI gene (formerly Entrezgene);Acc:100156047],True,,30462.0,4.199300130208333
ENSSSCG00000014921,PRSS23,serine protease 23 [Source:VGNC Symbol;Acc:VGNC:91880],True,,161851.0,4.197753369808197
ENSSSCG00000035454,B4GALT1,"beta-1,4-galactosyltransferase 1 [Source:VGNC Symbol;Acc:VGNC:96497]",True,,66866.0,3.927766799926758
ENSSSCG00000002838,ZNF423,zinc finger protein 423 [Source:VGNC Symbol;Acc:VGNC:98752],True,,370395.0,3.8767930467923484
ENSSSCG00000000633,YBX3,Y-box binding protein 3 [Source:VGNC Symbol;Acc:VGNC:95021],True,,24311.0,3.845640023549398
ENSSSCG00000015093,CD3D,CD3 delta subunit of T-cell receptor complex [Source:NCBI gene (formerly Entrezgene);Acc:396661],True,,8168.0,3.7521111806854606
ENSSSCG00000000891,LTA4H,leukotriene A4 hydrolase [Source:NCBI gene (formerly Entrezgene);Acc:100154219],True,,42767.0,3.589933395385742
ENSSSCG00000038644,HOXC8,homeobox C8 [Source:VGNC Symbol;Acc:VGNC:88954],True,,3784.0,3.5780001174716745
ENSSSCG00000033627,YIPF3,Yip1 domain family member 3 [Source:VGNC Symbol;Acc:VGNC:95029],True,,5164.0,3.575180714329084
ENSSSCG00000006398,SLAMF8,SLAM family member 8 [Source:VGNC Symbol;Acc:VGNC:92913],True,,10799.0,3.548236687978109
ENSSSCG00000015720,BIN1,bridging integrator 1 [Source:VGNC Symbol;Acc:VGNC:95475],True,,59539.0,3.543178804218769
ENSSSCG00000000735,TSPAN9,tetraspanin 9 [Source:VGNC Symbol;Acc:VGNC:94516],True,,209209.0,3.5119333267211914
ENSSSCG00000045652,,,False,,,3.456659952799479
ENSSSCG00000008919,EPHA5,EPH receptor A5 [Source:VGNC Symbol;Acc:VGNC:87733],True,,350932.0,3.4133035484701395
ENSSSCG00000012371,AR,androgen receptor [Source:NCBI gene (formerly Entrezgene);Acc:397582],True,,187266.0,3.3629726519187293
ENSSSCG00000036227,,,True,,,3.3627221062779427
ENSSSCG00000005303,PIGO,phosphatidylinositol glycan anchor biosynthesis class O [Source:VGNC Symbol;Acc:VGNC:91426],True,,11139.0,3.3588666915893555
ENSSSCG00000036747,WAS,WASP actin nucleation promoting factor [Source:VGNC Symbol;Acc:VGNC:96603],True,,14838.0,3.324080149332682
ENSSSCG00000003318,,,False,,,3.3229599793752036
ENSSSCG00000008467,EML4,EMAP like 4 [Source:VGNC Symbol;Acc:VGNC:87685],True,,163218.0,3.1798601150512695
ENSSSCG00000018519,U6,U6 spliceosomal RNA [Source:RFAM;Acc:RF00026],True,,105.0,3.1689199606577554
ENSSSCG00000044730,,,False,,,3.16689666112264
ENSSSCG00000003342,DVL1,dishevelled segment polarity protein 1 [Source:VGNC Symbol;Acc:VGNC:96985],True,,14669.0,3.120530128479004
ENSSSCG00000031071,,,False,,,3.0876232782999673
ENSSSCG00000025644,,CD1 antigen [Source:NCBI gene (formerly Entrezgene);Acc:396785],True,,,3.004565859834353
ENSSSCG00000032857,S100A12,S100 calcium binding protein A12 [Source:NCBI gene (formerly Entrezgene);Acc:100301483],True,,1910.0,3.0009234845638275
ENSSSCG00000013639,SLC44A2,solute carrier family 44 member 2 [Source:VGNC Symbol;Acc:VGNC:100862],True,,42101.0,2.981143315633138
ENSSSCG00000032662,FGF6,fibroblast growth factor 6 [Source:VGNC Symbol;Acc:VGNC:88115],True,,17660.0,2.9644899368286133
ENSSSCG00000017525,NFE2L1,NFE2 like bZIP transcription factor 1 [Source:VGNC Symbol;Acc:VGNC:90713],True,,13656.0,2.948430061340332
ENSSSCG00000000148,,,True,,,2.7559467951456704
ENSSSCG00000034710,,,False,,,2.6407033602396646
ENSSSCG00000024914,CFB,complement factor B [Source:VGNC Symbol;Acc:VGNC:111467],True,,6436.0,2.617170510503153
ENSSSCG00000003851,CPT2,carnitine palmitoyltransferase 2 [Source:NCBI gene (formerly Entrezgene);Acc:100519491],True,,17405.0,2.5842267672220864
ENSSSCG00000037581,,,False,,,2.5593820706320307
ENSSSCG00000000138,PVALB,parvalbumin [Source:VGNC Symbol;Acc:VGNC:92007],True,,18797.0,2.55495568861564
ENSSSCG00000012647,PRR32,proline rich 32 [Source:VGNC Symbol;Acc:VGNC:91858],True,,2057.0,2.5479218028485775
ENSSSCG00000030425,SPHK2,sphingosine kinase 2 [Source:VGNC Symbol;Acc:VGNC:93405],True,,11426.0,2.5109267234802246
ENSSSCG00000036746,RASL10B,RAS like family 10 member B [Source:VGNC Symbol;Acc:VGNC:92118],True,,11882.0,2.478273391723633
ENSSSCG00000010283,SPOCK2,"SPARC (osteonectin), cwcv and kazal like domains proteoglycan 2 [Source:VGNC Symbol;Acc:VGNC:107362]",True,,29998.0,2.466806729634603
ENSSSCG00000022092,CYP7B1,cytochrome P450 family 7 subfamily B member 1 [Source:VGNC Symbol;Acc:VGNC:103362],True,,211382.0,2.413676659266154
ENSSSCG00000009971,ZNRF3,zinc and ring finger 3 [Source:VGNC Symbol;Acc:VGNC:95318],True,,173923.0,2.4088786939779916
ENSSSCG00000017169,SEC14L1,SEC14 like lipid binding 1 [Source:VGNC Symbol;Acc:VGNC:92669],True,,128352.0,2.385439952214559
ENSSSCG00000017884,TEKT1,tektin 1 [Source:VGNC Symbol;Acc:VGNC:93867],True,,42628.0,2.3675378635525703
ENSSSCG00000024771,TICAM1,TIR domain containing adaptor molecule 1 [Source:VGNC Symbol;Acc:VGNC:93976],True,,15780.0,2.3512449649473033
ENSSSCG00000004433,HS3ST5,heparan sulfate-glucosamine 3-sulfotransferase 5 [Source:VGNC Symbol;Acc:VGNC:88979],True,,288116.0,2.347458037858208
ENSSSCG00000040643,,,False,,,2.3463833332061768
ENSSSCG00000021494,CDC25A,cell division cycle 25A [Source:VGNC Symbol;Acc:VGNC:86446],True,,31271.0,2.342319965362549
ENSSSCG00000017271,CACNG1,calcium voltage-gated channel auxiliary subunit gamma 1 [Source:VGNC Symbol;Acc:VGNC:86124],True,,12243.0,2.3230433066685996
ENSSSCG00000016716,GSDME,gasdermin E [Source:VGNC Symbol;Acc:VGNC:88719],True,,59585.0,2.297266642252604
ENSSSCG00000041701,,,True,,,2.266183296839396
ENSSSCG00000010495,ALDH18A1,aldehyde dehydrogenase 18 family member A1 [Source:VGNC Symbol;Acc:VGNC:85237],True,,50904.0,2.246833244959513
ENSSSCG00000000577,GYS2,glycogen synthase 2 [Source:NCBI gene (formerly Entrezgene);Acc:100157080],True,,68810.0,2.231338116340339
ENSSSCG00000010156,,,False,,,2.2062899271647134
ENSSSCG00000013892,KCNN1,potassium calcium-activated channel subfamily N member 1 [Source:VGNC Symbol;Acc:VGNC:89379],True,,52601.0,2.2016433123499155
ENSSSCG00000003465,FBLIM1,filamin binding LIM protein 1 [Source:VGNC Symbol;Acc:VGNC:88023],True,,29990.0,2.1827751683692136
ENSSSCG00000004454,ME1,malic enzyme 1 [Source:VGNC Symbol;Acc:VGNC:90095],True,,220815.0,2.179323345228719
ENSSSCG00000043501,,,False,,,2.1390000532070794
ENSSSCG00000035372,PSCA,prostate stem cell antigen [Source:VGNC Symbol;Acc:VGNC:91894],True,,12417.0,2.0858632723490396
ENSSSCG00000047225,,,False,,,2.0644267400105796
ENSSSCG00000016385,,,True,,,2.062404697140058
ENSSSCG00000037825,,,False,,,2.0595966974894204
ENSSSCG00000010962,FRMD3,FERM domain containing 3 [Source:VGNC Symbol;Acc:VGNC:96031],True,,295747.0,2.02812709659338
ENSSSCG00000005706,ABL1,"ABL proto-onco 1, non-receptor tyrosine kinase [Source:VGNC Symbol;Acc:VGNC:84984]",True,,174632.0,1.9843468790253003
ENSSSCG00000025869,CABP7,calcium binding protein 7 [Source:VGNC Symbol;Acc:VGNC:107372],True,,11830.0,1.978390057881673
ENSSSCG00000003143,MAMSTR,MEF2 activating motif and SAP domain containing transcriptional regulator [Source:VGNC Symbol;Acc:VGNC:89965],True,,7988.0,1.9126623471577961
ENSSSCG00000033514,CRHR2,corticotropin releasing hormone receptor 2 [Source:VGNC Symbol;Acc:VGNC:86994],True,,48685.0,1.9018346269925435
ENSSSCG00000011693,ZIC4,Zic family member 4 [Source:VGNC Symbol;Acc:VGNC:95169],True,,20763.0,1.898549993832906
ENSSSCG00000033009,,,True,,,1.891306718190511
ENSSSCG00000025403,,,True,,,1.8558899958928425
ENSSSCG00000010317,DUSP29,dual specificity phosphatase 29 [Source:VGNC Symbol;Acc:VGNC:87473],True,,36183.0,1.8338966369628906
ENSSSCG00000007715,ABHD11,abhydrolase domain containing 11 [Source:VGNC Symbol;Acc:VGNC:84970],True,,2772.0,1.830803394317627
ENSSSCG00000015774,TENM3,teneurin transmembrane protein 3 [Source:VGNC Symbol;Acc:VGNC:96233],True,,659106.0,1.767586628595988
ENSSSCG00000029304,STEAP3,STEAP3 metalloreductase [Source:VGNC Symbol;Acc:VGNC:96048],True,,43205.0,1.736080010732015
ENSSSCG00000039064,DHX33,DEAH-box helicase 33 [Source:VGNC Symbol;Acc:VGNC:87290],True,,28065.0,1.719640056292216
ENSSSCG00000010190,ACTA1,"actin alpha 1, skeletal muscle [Source:NCBI gene (formerly Entrezgene);Acc:100154254]",True,,4424.0,1.7195643385251362
ENSSSCG00000044150,,,True,,,1.7077850103378296
ENSSSCG00000013437,TCF3,transcription factor 3 [Source:VGNC Symbol;Acc:VGNC:93822],True,,43620.0,1.6965832710266113
ENSSSCG00000007022,ANK1,ankyrin 1 [Source:VGNC Symbol;Acc:VGNC:96344],True,,243521.0,1.6831800142923992
ENSSSCG00000013093,VWCE,von Willebrand factor C and EGF domains [Source:VGNC Symbol;Acc:VGNC:94888],True,,39662.0,1.6701656579971313
ENSSSCG00000032135,,,True,,,1.6688000361124675
ENSSSCG00000017563,MYCBPAP,MYCBP associated protein [Source:VGNC Symbol;Acc:VGNC:90503],True,,23092.0,1.6527533531188965
ENSSSCG00000030048,PLEKHG2,pleckstrin homology and RhoGEF domain containing G2 [Source:VGNC Symbol;Acc:VGNC:91543],True,,15746.0,1.6499066352844238
ENSSSCG00000028552,BHLHE41,basic helix-loop-helix family member e41 [Source:VGNC Symbol;Acc:VGNC:85815],True,,5007.0,1.644053300221761
ENSSSCG00000012269,CDK16,cyclin dependent kinase 16 [Source:VGNC Symbol;Acc:VGNC:86499],True,,12140.0,1.642093340555827
ENSSSCG00000031244,GAP43,growth associated protein 43 [Source:NCBI gene (formerly Entrezgene);Acc:100623423],True,,97980.0,1.627543330192566
ENSSSCG00000034364,SPECC1,sperm antigen with calponin homology and coiled-coil domains 1 [Source:VGNC Symbol;Acc:VGNC:93398],True,,310161.0,1.6217411461596687
ENSSSCG00000017379,ETV4,ETS variant transcription factor 4 [Source:VGNC Symbol;Acc:VGNC:87813],True,,51778.0,1.599020004272461
ENSSSCG00000032411,ENGASE,endo-beta-N-acetylglucosaminidase [Source:VGNC Symbol;Acc:VGNC:87699],True,,13775.0,1.5980690668026607
ENSSSCG00000013614,CNN1,calponin 1 [Source:VGNC Symbol;Acc:VGNC:86825],True,,11556.0,1.5883067231625319
ENSSSCG00000002709,,,True,,,1.5551834106445312
ENSSSCG00000003608,LCK,"LCK proto-onco, Src family tyrosine kinase [Source:VGNC Symbol;Acc:VGNC:89657]",True,,34926.0,1.5488591101020575
ENSSSCG00000008835,RASL11B,RAS like family 11 member B [Source:VGNC Symbol;Acc:VGNC:92120],True,,4518.0,1.5485100746154785
ENSSSCG00000004825,CHSY1,chondroitin sulfate synthase 1 [Source:NCBI gene (formerly Entrezgene);Acc:100520288],True,,76321.0,1.5394466718037922
ENSSSCG00000014256,FBN2,fibrillin 2 [Source:VGNC Symbol;Acc:VGNC:88025],True,,401276.0,1.5219593246777852
ENSSSCG00000031076,MAPK7,mitogen-activated protein kinase 7 [Source:VGNC Symbol;Acc:VGNC:90005],True,,5823.0,1.5190265973409016
ENSSSCG00000027515,,Fc gamma binding protein,True,,,1.4858449598153431
ENSSSCG00000042031,,,True,,,1.481969992319743
ENSSSCG00000027137,,,False,,,1.4732100168863933
ENSSSCG00000010831,DUSP10,dual specificity phosphatase 10 [Source:VGNC Symbol;Acc:VGNC:96246],True,,41420.0,1.4706333478291829
ENSSSCG00000036569,PTP4A3,protein tyrosine phosphatase 4A3 [Source:VGNC Symbol;Acc:VGNC:91968],True,,40959.0,1.4648234049479167
ENSSSCG00000037527,CPLX1,complexin 1 [Source:VGNC Symbol;Acc:VGNC:86943],True,,42086.0,1.4630646457274754
ENSSSCG00000005710,LAMC3,laminin subunit gamma 3 [Source:VGNC Symbol;Acc:VGNC:89626],True,,85324.0,1.4366496801376343
ENSSSCG00000023280,SULT2B1,sulfotransferase family 2B member 1 [Source:NCBI gene (formerly Entrezgene);Acc:100626471],True,,47253.0,1.4035187189777691
ENSSSCG00000022447,F3,"coagulation factor III, tissue factor [Source:VGNC Symbol;Acc:VGNC:87864]",True,,12678.0,1.393030007680257
ENSSSCG00000015718,C2orf76,chromosome 15 C2orf76 homolog [Source:VGNC Symbol;Acc:VGNC:96149],True,,67421.0,1.3633732795715332
ENSSSCG00000036820,,,True,,,1.3539306620756786
ENSSSCG00000037077,SHMT2,serine hydroxymethyltransferase 2 [Source:VGNC Symbol;Acc:VGNC:92856],True,,8381.0,1.3509766260782878
ENSSSCG00000002032,SLC7A8,solute carrier family 7 member 8 [Source:VGNC Symbol;Acc:VGNC:93176],True,,58379.0,1.3460096592704456
ENSSSCG00000032932,MSRB1,methionine sulfoxide reductase B1 [Source:NCBI gene (formerly Entrezgene);Acc:100037965],True,,4970.0,1.3445705687627196
ENSSSCG00000004886,CDH7,cadherin 7 [Source:VGNC Symbol;Acc:VGNC:97923],True,,140085.0,1.3439133167266846
ENSSSCG00000037808,,,True,,,1.3090027049183846
ENSSSCG00000033734,,,False,,,1.308976650238037
ENSSSCG00000043414,,,False,,,1.3073633511861165
ENSSSCG00000008985,SOWAHB,sosondowah ankyrin repeat domain family member B [Source:VGNC Symbol;Acc:VGNC:93348],True,,3992.0,1.2848300139109294
ENSSSCG00000004391,CEP57L1,centrosomal protein 57 like 1 [Source:VGNC Symbol;Acc:VGNC:86573],True,,79313.0,1.2726999918619792
ENSSSCG00000037850,,,True,,,1.2723246812820435
ENSSSCG00000049987,,,False,,,1.2635233799616497
ENSSSCG00000039273,,,True,,,1.2574233214060466
ENSSSCG00000007465,B4GALT5,"beta-1,4-galactosyltransferase 5 [Source:VGNC Symbol;Acc:VGNC:96499]",True,,80963.0,1.2360317471126716
ENSSSCG00000023837,WFDC1,WAP four-disulfide core domain 1 [Source:VGNC Symbol;Acc:VGNC:94953],True,,35238.0,1.229306658109029
ENSSSCG00000001382,DDR1,discoidin domain receptor tyrosine kinase 1 [Source:VGNC Symbol;Acc:VGNC:107135],True,,24557.0,1.2255237698554993
ENSSSCG00000021232,SYNC,"syncoilin, intermediate filament protein [Source:VGNC Symbol;Acc:VGNC:93660]",True,,23690.0,1.221824735403061
ENSSSCG00000050440,,,True,,,1.2093466917673747
ENSSSCG00000015380,CDCA7L,cell division cycle associated 7 like [Source:VGNC Symbol;Acc:VGNC:86469],True,,46245.0,1.1889250228802364
ENSSSCG00000003783,FPGT,fucose-1-phosphate guanylyltransferase [Source:NCBI gene (formerly Entrezgene);Acc:100513664],True,,35848.0,1.187113364537557
ENSSSCG00000006701,CHD1L,chromodomain helicase DNA binding protein 1 like [Source:VGNC Symbol;Acc:VGNC:86630],True,,53124.0,1.1854133605957031
ENSSSCG00000029596,,,True,,,1.1671187082926433
ENSSSCG00000031763,,,False,,,1.1660900115966797
ENSSSCG00000037534,OPCML,opioid binding protein/cell adhesion molecule like [Source:VGNC Symbol;Acc:VGNC:91047],True,,1117524.0,1.1620423396428425
ENSSSCG00000028905,TNIK,TRAF2 and NCK interacting kinase [Source:VGNC Symbol;Acc:VGNC:98381],True,,401994.0,1.1586233377456665
ENSSSCG00000009144,ETNPPL,ethanolamine-phosphate phospho-lyase [Source:VGNC Symbol;Acc:VGNC:97987],True,,21259.0,1.1521900097529094
ENSSSCG00000046853,,,True,,,1.1468500296274822
ENSSSCG00000045433,,,False,,,1.1251733303070068
ENSSSCG00000040624,REXO1,RNA exonuclease 1 homolog [Source:VGNC Symbol;Acc:VGNC:100851],True,,33245.0,1.1020533243815105
ENSSSCG00000027121,ODC1,ornithine decarboxylase 1 [Source:VGNC Symbol;Acc:VGNC:104014],True,,10148.0,1.1018956700960796
ENSSSCG00000050722,,,False,,,1.0963799953460693
ENSSSCG00000034993,,,False,,,1.0937910278638203
ENSSSCG00000034192,,G protein subunit alpha o1 [Source:VGNC Symbol;Acc:VGNC:88525],True,,,1.0887226661046345
ENSSSCG00000033412,B4GALNT3,"beta-1,4-N-acetyl-galactosaminyltransferase 3 [Source:VGNC Symbol;Acc:VGNC:85731]",True,,103586.0,1.0852496524651845
ENSSSCG00000005126,PLAA,phospholipase A2 activating protein [Source:VGNC Symbol;Acc:VGNC:91502],True,,44118.0,1.081653316815694
ENSSSCG00000037478,,,False,,,1.0736666520436604
ENSSSCG00000010311,CAMK2G,calcium/calmodulin dependent protein kinase II gamma [Source:VGNC Symbol;Acc:VGNC:86157],True,,62140.0,1.0602733294169109
ENSSSCG00000032034,,,False,,,1.05894668896993
ENSSSCG00000004390,SESN1,sestrin 1 [Source:VGNC Symbol;Acc:VGNC:92753],True,,110765.0,1.0509599844614665
ENSSSCG00000013040,TRPT1,tRNA phosphotransferase 1 [Source:VGNC Symbol;Acc:VGNC:94472],True,,3024.0,1.0450066725413005
ENSSSCG00000022545,CALM3,calmodulin 3 [Source:NCBI gene (formerly Entrezgene);Acc:396838],True,,9713.0,1.0440733432769775
ENSSSCG00000043036,,,True,,,1.0338466962178547
ENSSSCG00000012787,L1CAM,L1 cell adhesion molecule [Source:UniProtKB Gene Name;Acc:K7GN08],True,,24693.0,1.0323976675669353
ENSSSCG00000049139,,,False,,,1.0271399815877278
ENSSSCG00000028387,CNKSR1,connector enhancer of kinase suppressor of Ras 1 [Source:VGNC Symbol;Acc:VGNC:86821],True,,12408.0,1.023799975713094
ENSSSCG00000025138,ZNF579,zinc finger protein 579 [Source:VGNC Symbol;Acc:VGNC:98729],True,,4142.0,1.016319990158081
ENSSSCG00000043762,,,True,,,1.0136133035024006
ENSSSCG00000041223,,,True,,,1.0112666686375935
ENSSSCG00000011553,,,False,,,1.0095866521199544
ENSSSCG00000014127,RASGRF2,Ras protein specific guanine nucleotide releasing factor 2 [Source:VGNC Symbol;Acc:VGNC:92112],True,,269852.0,1.0069159865379333
ENSSSCG00000047951,,,False,,,1.0016433397928874
ENSSSCG00000031821,HASPIN,histone H3 associated protein kinase [Source:UniProtKB Gene Name;Acc:A0A8W4F9M7],True,,2796.0,0.9992899894714355
ENSSSCG00000017943,ACAP1,"ArfGAP with coiled-coil, ankyrin repeat and PH domains 1 [Source:VGNC Symbol;Acc:VGNC:85001]",True,,18518.0,0.9934819936752319
ENSSSCG00000034723,PYCR1,pyrroline-5-carboxylate reductase 1 [Source:VGNC Symbol;Acc:VGNC:92018],True,,10034.0,0.9725766579310099
ENSSSCG00000026430,,,True,,,0.9698936628798643
ENSSSCG00000006375,LY9,lymphocyte antigen 9 [Source:VGNC Symbol;Acc:VGNC:89906],True,,32409.0,0.9696069955825806
ENSSSCG00000010483,PLCE1,phospholipase C epsilon 1 [Source:VGNC Symbol;Acc:VGNC:91519],True,,338929.0,0.9683755387862524
ENSSSCG00000003486,ARHGEF10L,Rho guanine nucleotide exchange factor 10 like [Source:VGNC Symbol;Acc:VGNC:85486],True,,158508.0,0.9580366611480713
ENSSSCG00000003410,MASP2,MBL associated serine protease 2 [Source:NCBI gene (formerly Entrezgene);Acc:100302537],True,,25232.0,0.9501533508300781
ENSSSCG00000004695,WDR76,WD repeat domain 76 [Source:VGNC Symbol;Acc:VGNC:94941],True,,43916.0,0.949073314666748
ENSSSCG00000002821,,,False,,,0.9484999974568685
ENSSSCG00000041733,,,False,,,0.9388833045959473
ENSSSCG00000016217,DNAJB2,DnaJ heat shock protein family (Hsp40) member B2 [Source:UniProtKB Gene Name;Acc:F1SR79],True,,7556.0,0.9364733695983887
ENSSSCG00000013393,SPON1,spondin 1 [Source:VGNC Symbol;Acc:VGNC:93415],True,,305439.0,0.9309399224972973
ENSSSCG00000017215,SLC16A5,solute carrier family 16 member 5 [Source:VGNC Symbol;Acc:VGNC:92945],True,,28936.0,0.928956667582194
ENSSSCG00000037499,NEDD4,NEDD4 E3 ubiquitin protein ligase [Source:VGNC Symbol;Acc:VGNC:90666],True,,166743.0,0.9243963242818912
ENSSSCG00000023482,DNAJC9,DnaJ heat shock protein family (Hsp40) member C9 [Source:VGNC Symbol;Acc:VGNC:96681],True,,63918.0,0.8849199612935384
ENSSSCG00000014368,,,True,,,0.8814099629720052
ENSSSCG00000011640,TF,transferrin [Source:NCBI gene (formerly Entrezgene);Acc:396996],True,,50601.0,0.8714533646901449
ENSSSCG00000037563,,,False,,,0.8647466500600179
ENSSSCG00000018716,SNORA35B,"small nucleolar RNA, H/ACA box 35B [Source:HGNC Symbol;Acc:HGNC:52202]",True,,128.0,0.8465566635131836
ENSSSCG00000037087,PRRT4,proline rich transmembrane protein 4 [Source:VGNC Symbol;Acc:VGNC:91874],True,,11365.0,0.8412166436513265
ENSSSCG00000013339,ANO3,anoctamin 3 [Source:VGNC Symbol;Acc:VGNC:85356],True,,474447.0,0.8304499785105387
ENSSSCG00000006736,CD2,CD2 molecule [Source:NCBI gene (formerly Entrezgene);Acc:396662],True,,14859.0,0.8292423089345297
ENSSSCG00000013150,,,True,,,0.8275710617502531
ENSSSCG00000030229,ABHD14A,abhydrolase domain containing 14A [Source:VGNC Symbol;Acc:VGNC:84973],True,,9771.0,0.8186266422271729
ENSSSCG00000016288,,,False,,,0.81716482512032
ENSSSCG00000050235,,,True,,,0.8098933696746826
ENSSSCG00000000194,,,True,,,0.8090581993261973
ENSSSCG00000036007,MFAP4,microfibril associated protein 4 [Source:VGNC Symbol;Acc:VGNC:90176],True,,3755.0,0.8015933036804199
ENSSSCG00000009876,DDX54,DEAD-box helicase 54 [Source:VGNC Symbol;Acc:VGNC:87230],True,,28335.0,0.7908999919891357
ENSSSCG00000004096,,,True,,,0.7871433099110922
ENSSSCG00000006378,SLAMF7,SLAM family member 7 [Source:VGNC Symbol;Acc:VGNC:109642],True,,15764.0,0.7813001206765572
ENSSSCG00000003356,MMEL1,membrane metalloendopeptidase like 1 [Source:VGNC Symbol;Acc:VGNC:90266],True,,42377.0,0.7770163755243024
ENSSSCG00000035937,DPT,dermatopontin [Source:VGNC Symbol;Acc:VGNC:98784],True,,33749.0,0.7672900358835856
ENSSSCG00000046255,,,False,,,0.766396681467692
ENSSSCG00000015662,,complement component 4 binding protein alpha [Source:VGNC Symbol;Acc:VGNC:110575],True,,,0.7638663550217947
ENSSSCG00000032804,BORCS5,BLOC-1 related complex subunit 5 [Source:VGNC Symbol;Acc:VGNC:112729],True,,114155.0,0.7582666873931885
ENSSSCG00000013115,CD5,CD5 molecule [Source:NCBI gene (formerly Entrezgene);Acc:100513336],True,,25363.0,0.7571586376676956
ENSSSCG00000045439,,,True,,,0.751319964726766
ENSSSCG00000045880,,,False,,,0.7509533564249674
ENSSSCG00000017420,CNP,"2',3'-cyclic nucleotide 3' phosphodiesterase [Source:VGNC Symbol;Acc:VGNC:86840]",True,,10977.0,0.74372665087382
ENSSSCG00000007093,ZNF133,zinc finger protein 133 [Source:VGNC Symbol;Acc:VGNC:104103],True,,28731.0,0.7423456708590189
ENSSSCG00000032661,,,True,,,0.7392746806144714
ENSSSCG00000037334,ADSS1,adenylosuccinate synthase 1 [Source:VGNC Symbol;Acc:VGNC:97868],True,,23151.0,0.7388066450754801
ENSSSCG00000029592,GPRC5A,G protein-coupled receptor class C group 5 member A [Source:VGNC Symbol;Acc:VGNC:88642],True,,27155.0,0.7246800263722738
ENSSSCG00000034756,PLB1,phospholipase B1 [Source:VGNC Symbol;Acc:VGNC:91513],True,,186997.0,0.7233383748680353
ENSSSCG00000027271,Metazoa_SRP,Metazoan signal recognition particle RNA [Source:RFAM;Acc:RF00017],True,,289.0,0.7232383489608765
ENSSSCG00000000739,FOXM1,forkhead box M1 [Source:VGNC Symbol;Acc:VGNC:88217],True,,19498.0,0.7099033196767172
ENSSSCG00000024837,SYT12,synaptotagmin 12 [Source:VGNC Symbol;Acc:VGNC:93681],True,,44098.0,0.7054100036621094
ENSSSCG00000017540,HOXB5,homeobox B5 [Source:VGNC Symbol;Acc:VGNC:88945],True,,2522.0,0.7006051217516264
ENSSSCG00000030113,SHISA2,shisa family member 2 [Source:VGNC Symbol;Acc:VGNC:92845],True,,7419.0,0.6989010175069174
ENSSSCG00000026701,,,True,,,0.684009333451589
ENSSSCG00000036305,SMIM1,small integral membrane protein 1 (Vel blood group) [Source:UniProtKB Gene Name;Acc:A0A8D0S118],True,,4054.0,0.6752233505249023
ENSSSCG00000036091,MORC4,MORC family CW-type zinc finger 4 [Source:VGNC Symbol;Acc:VGNC:90305],True,,186383.0,0.6646520433326563
ENSSSCG00000013377,USH1C,USH1 protein network component harmonin [Source:VGNC Symbol;Acc:VGNC:94738],True,,50521.0,0.6550502004877975
ENSSSCG00000046452,,,True,,,0.6474399964014689
ENSSSCG00000038643,KLF11,KLF transcription factor 11 [Source:NCBI gene (formerly Entrezgene);Acc:100174954],True,,11987.0,0.647257333000501
ENSSSCG00000046977,,,True,,,0.646267323444287
ENSSSCG00000015249,ADAMTS8,ADAM metallopeptidase with thrombospondin type 1 motif 8 [Source:VGNC Symbol;Acc:VGNC:85088],True,,23686.0,0.636573314666748
ENSSSCG00000005217,,RNA terminal phosphate cyclase like 1 [Source:VGNC Symbol;Acc:VGNC:92180],True,,,0.6352196534474691
ENSSSCG00000011482,CFAP20DC,CFAP20 domain containing [Source:UniProtKB Gene Name;Acc:A0A287A0B6],True,,332719.0,0.6350400050481161
ENSSSCG00000033221,,urotensin 2 receptor [Source:VGNC Symbol;Acc:VGNC:99103],True,,,0.6331103599319855
ENSSSCG00000029449,,proteoglycan 4 [Source:VGNC Symbol;Acc:VGNC:108609],True,,,0.6244393388430277
ENSSSCG00000012525,BEX1,"brain expressed, X-linked 1 [Source:NCBI gene (formerly Entrezgene);Acc:100513130]",True,,1697.0,0.6216933329900106
ENSSSCG00000036779,5_8S_rRNA,5.8S ribosomal RNA [Source:RFAM;Acc:RF00002],True,,151.0,0.6148467945555846
ENSSSCG00000038662,FAM200C,family with sequence similarity 200 member C [Source:UniProtKB Gene Name;Acc:A0A287AJN8],True,,6943.0,0.6124333143234253
ENSSSCG00000026945,LRRC2,leucine rich repeat containing 2 [Source:VGNC Symbol;Acc:VGNC:98079],True,,91712.0,0.6066283285617828
ENSSSCG00000004903,CDH20,cadherin 20 [Source:VGNC Symbol;Acc:VGNC:86484],True,,222349.0,0.6035566727320353
ENSSSCG00000004022,RPS6KA2,ribosomal protein S6 kinase A2 [Source:VGNC Symbol;Acc:VGNC:92441],True,,497087.0,0.59879998366038
ENSSSCG00000032999,FXN,frataxin [Source:VGNC Symbol;Acc:VGNC:88273],True,,43326.0,0.5980733235677084
ENSSSCG00000002388,ESRRB,estrogen related receptor beta [Source:VGNC Symbol;Acc:VGNC:87794],True,,191125.0,0.5874499877293905
ENSSSCG00000021328,PCSK1N,proprotein convertase subtilisin/kexin type 1 inhibitor [Source:VGNC Symbol;Acc:VGNC:91231],True,,4544.0,0.5864200194676717
ENSSSCG00000034166,,,True,,,0.5737366676330566
ENSSSCG00000002279,GPX2,glutathione peroxidase 2 [Source:NCBI gene (formerly Entrezgene);Acc:767625],True,,3594.0,0.5656133492787679
ENSSSCG00000028694,ATP6V1B2,ATPase H+ transporting V1 subunit B2 [Source:VGNC Symbol;Acc:VGNC:85671],True,,33018.0,0.5643426577250162
ENSSSCG00000033849,CD37,CD37 molecule [Source:VGNC Symbol;Acc:VGNC:86411],True,,8164.0,0.5577266613642374
ENSSSCG00000029212,GDE1,glycerophosphodiester phosphodiesterase 1 [Source:VGNC Symbol;Acc:VGNC:88396],True,,20430.0,0.556049664815267
ENSSSCG00000023247,OPTN,optineurin [Source:VGNC Symbol;Acc:VGNC:95832],True,,40871.0,0.5512321485827366
ENSSSCG00000005720,MED27,mediator complex subunit 27 [Source:VGNC Symbol;Acc:VGNC:90117],True,,226947.0,0.5470719933509827
ENSSSCG00000020771,INHA,inhibin subunit alpha [Source:VGNC Symbol;Acc:VGNC:96372],True,,6549.0,0.5467876692612966
ENSSSCG00000006933,CLCA1,chloride channel accessory 1 [Source:NCBI gene (formerly Entrezgene);Acc:397284],True,,33032.0,0.5339533487955729
ENSSSCG00000035666,ADISSP,adipose secreted signaling protein [Source:VGNC Symbol;Acc:VGNC:95684],True,,15233.0,0.531410018603007
ENSSSCG00000012890,TCIRG1,"T cell immune regulator 1, ATPase H+ transporting V0 subunit a3 [Source:VGNC Symbol;Acc:VGNC:93828]",True,,11870.0,0.5291266838709513
ENSSSCG00000033894,,laminin subunit alpha 2 [Source:VGNC Symbol;Acc:VGNC:101493],True,,,0.5284153111279011
ENSSSCG00000050987,,,True,,,0.5263799826304117
ENSSSCG00000022687,NAA40,"N-alpha-acetyltransferase 40, NatD catalytic subunit [Source:VGNC Symbol;Acc:VGNC:96753]",True,,18650.0,0.515690008799235
ENSSSCG00000023333,FCN2,ficolin (collagen/fibrinogen domain containing lectin) 2 (hucolin) [Source:NCBI gene (formerly Entrezgene);Acc:396881],True,,9794.0,0.5143321839471658
ENSSSCG00000006140,CA2,carbonic anhydrase 2 [Source:VGNC Symbol;Acc:VGNC:98746],True,,17525.0,0.5127633412679037
ENSSSCG00000003604,ADGRB2,adhesion G protein-coupled receptor B2 [Source:VGNC Symbol;Acc:VGNC:85121],True,,37776.0,0.5104933182398478
ENSSSCG00000015892,PSMD14,"proteasome 26S subunit, non-ATPase 14 [Source:VGNC Symbol;Acc:VGNC:95823]",True,,103306.0,0.5103733142217001
ENSSSCG00000001835,ABHD2,"abhydrolase domain containing 2, acylglycerol lipase [Source:VGNC Symbol;Acc:VGNC:84980]",True,,114896.0,0.5085266828536987
ENSSSCG00000039271,ST8SIA2,"ST8 alpha-N-acetyl-neuraminide alpha-2,8-sialyltransferase 2 [Source:NCBI gene (formerly Entrezgene);Acc:100158046]",True,,74847.0,0.5069899956385294
ENSSSCG00000037673,BFAR,bifunctional apoptosis regulator [Source:VGNC Symbol;Acc:VGNC:85809],True,,36407.0,0.5027390047907829
ENSSSCG00000017795,NSRP1,nuclear speckle splicing regulatory protein 1 [Source:VGNC Symbol;Acc:VGNC:90913],True,,70954.0,0.5023943384488424
ENSSSCG00000026790,,,True,,,0.5015866756439209
ENSSSCG00000038786,FBXL22,F-box and leucine rich repeat protein 22 [Source:VGNC Symbol;Acc:VGNC:103091],True,,5075.0,0.4985933303833008
ENSSSCG00000031958,KCTD2,potassium channel tetramerization domain containing 2 [Source:VGNC Symbol;Acc:VGNC:89398],True,,33314.0,0.49688998858133954
ENSSSCG00000004276,SMAP1,small ArfGAP 1 [Source:VGNC Symbol;Acc:VGNC:93223],True,,194239.0,0.4965950179224213
ENSSSCG00000014965,ENDOD1,endonuclease domain containing 1 [Source:VGNC Symbol;Acc:VGNC:87697],True,,42828.0,0.49575332800547284
ENSSSCG00000009856,NOS1,nitric oxide synthase 1 [Source:VGNC Symbol;Acc:VGNC:90823],True,,244028.0,0.4948546687761943
ENSSSCG00000043002,,,False,,,0.48774413267771405
ENSSSCG00000030908,,PABIR family member 3 [Source:UniProtKB Gene Name;Acc:K7GS02],True,,,0.4844733476638794
ENSSSCG00000005221,SPATA6L,spermatosis associated 6 like [Source:VGNC Symbol;Acc:VGNC:93388],True,,113288.0,0.4804900089899699
ENSSSCG00000047270,,,True,,,0.47974733511606854
ENSSSCG00000014011,RASGEF1C,RasGEF domain family member 1C [Source:VGNC Symbol;Acc:VGNC:92110],True,,108430.0,0.474783996740977
ENSSSCG00000015872,GPD2,glycerol-3-phosphate dehydrogenase 2 [Source:VGNC Symbol;Acc:VGNC:96330],True,,178445.0,0.4738389849662781
ENSSSCG00000017307,MYL4,myosin light chain 4 [Source:VGNC Symbol;Acc:VGNC:90516],True,,27237.0,0.4679076764732599
ENSSSCG00000036114,,ribosomal protein L22 like 1 [Source:UniProtKB Gene Name;Acc:A0A287AGH0],True,,,0.46335331598917645
ENSSSCG00000012315,SYNJ2,synaptojanin 2 [Source:VGNC Symbol;Acc:VGNC:93669],True,,117313.0,0.46099332968393963
ENSSSCG00000006631,TMOD4,tropomodulin 4 [Source:VGNC Symbol;Acc:VGNC:94229],True,,6300.0,0.4553966720898946
ENSSSCG00000046934,,,True,,,0.4481833378473918
ENSSSCG00000040729,C11orf86,chromosome 2 C11orf86 homolog [Source:VGNC Symbol;Acc:VGNC:86000],True,,1732.0,0.43982334931691486
ENSSSCG00000016453,TCAF1,TRPM8 channel associated factor 1 [Source:UniProtKB Gene Name;Acc:A0A287A9U0],True,,52526.0,0.4382103487538795
ENSSSCG00000021265,ACR,acrosin [Source:NCBI gene (formerly Entrezgene);Acc:397098],True,,7143.0,0.43537220855553943
ENSSSCG00000033307,GNG4,G protein subunit gamma 4 [Source:UniProtKB Gene Name;Acc:A0A4X1UGV6],True,,103069.0,0.4304266770680745
ENSSSCG00000003152,RUVBL2,RuvB like AAA ATPase 2 [Source:VGNC Symbol;Acc:VGNC:92522],True,,22421.0,0.42733433842658997
ENSSSCG00000042721,,,True,,,0.422296682993571
ENSSSCG00000015089,JAML,junction adhesion molecule like [Source:NCBI gene (formerly Entrezgene);Acc:100512978],True,,32598.0,0.4219299952189128
ENSSSCG00000015211,PKNOX2,PBX/knotted 1 homeobox 2 [Source:VGNC Symbol;Acc:VGNC:91485],True,,269750.0,0.4182616670926412
ENSSSCG00000009569,PSPC1,paraspeckle component 1 [Source:VGNC Symbol;Acc:VGNC:91930],True,,108267.0,0.4162006576855977
ENSSSCG00000003524,C1QA,complement C1q A chain [Source:VGNC Symbol;Acc:VGNC:96926],True,,4624.0,0.4127233425776164
ENSSSCG00000016159,CPS1,carbamoyl-phosphate synthase 1 [Source:VGNC Symbol;Acc:VGNC:95991],True,,201425.0,0.4110451675951481
ENSSSCG00000005657,PKN3,protein kinase N3 [Source:VGNC Symbol;Acc:VGNC:91483],True,,18425.0,0.40472233295440674
ENSSSCG00000004070,SCAF8,SR-related CTD associated factor 8 [Source:VGNC Symbol;Acc:VGNC:92604],True,,108834.0,0.3957433303197225
ENSSSCG00000030246,FCRLA,Fc receptor like A [Source:VGNC Symbol;Acc:VGNC:88073],True,,7394.0,0.39205602804819745
ENSSSCG00000027677,,,True,,,0.3908745677520831
ENSSSCG00000034501,RIOX2,ribosomal oxygenase 2 [Source:VGNC Symbol;Acc:VGNC:92318],True,,30642.0,0.38821332653363544
ENSSSCG00000017136,TBCD,tubulin folding cofactor D [Source:NCBI gene (formerly Entrezgene);Acc:100512127],True,,194063.0,0.384416659673055
ENSSSCG00000043143,,,False,,,0.3842083315054576
ENSSSCG00000011370,DALRD3,DALR anticodon binding domain containing 3 [Source:VGNC Symbol;Acc:VGNC:87154],True,,6805.0,0.3797576626141866
ENSSSCG00000027556,RSRC1,arginine and serine rich coiled-coil 1 [Source:VGNC Symbol;Acc:VGNC:92487],True,,440059.0,0.3782000144322713
ENSSSCG00000004691,EIF3J,eukaryotic translation initiation factor 3 subunit J [Source:VGNC Symbol;Acc:VGNC:87621],True,,25931.0,0.37725333372751874
ENSSSCG00000003089,TOMM40,translocase of outer mitochondrial membrane 40 [Source:VGNC Symbol;Acc:VGNC:94305],True,,13126.0,0.3737666606903076
ENSSSCG00000015550,RGS16,regulator of G protein signaling 16 [Source:VGNC Symbol;Acc:VGNC:92262],True,,5771.0,0.3729900121688843
ENSSSCG00000051296,,,True,,,0.3702700138092041
ENSSSCG00000002028,CMTM5,CKLF like MARVEL transmembrane domain containing 5 [Source:NCBI gene (formerly Entrezgene);Acc:100514659],True,,3145.0,0.36894331375757855
ENSSSCG00000009545,COL4A2,collagen type IV alpha 2 chain [Source:VGNC Symbol;Acc:VGNC:86875],True,,207397.0,0.36176665623982746
ENSSSCG00000010204,BICC1,BicC family RNA binding protein 1 [Source:VGNC Symbol;Acc:VGNC:85817],True,,318563.0,0.36042332649230957
ENSSSCG00000038753,,,False,,,0.35391195537522435
ENSSSCG00000022945,UCHL1,ubiquitin C-terminal hydrolase L1 [Source:NCBI gene (formerly Entrezgene);Acc:396637],True,,12147.0,0.3528401702642441
ENSSSCG00000037565,,"H1.2 linker histone, cluster member [Source:VGNC Symbol;Acc:VGNC:109768]",True,,,0.3526366551717122
ENSSSCG00000013784,DNAJB1,DnaJ heat shock protein family (Hsp40) member B1 [Source:NCBI gene (formerly Entrezgene);Acc:396741],True,,46602.0,0.3522333304087321
ENSSSCG00000022353,RAP1GDS1,Rap1 GTPase-GDP dissociation stimulator 1 [Source:VGNC Symbol;Acc:VGNC:92087],True,,182621.0,0.35102466742197674
ENSSSCG00000004607,PYGO1,pygopus family PHD finger 1 [Source:VGNC Symbol;Acc:VGNC:98231],True,,50063.0,0.34791000684102374
ENSSSCG00000029507,RASGEF1B,RasGEF domain family member 1B [Source:NCBI gene (formerly Entrezgene);Acc:100337671],True,,617851.0,0.3450046678384145
ENSSSCG00000002762,TERF2,telomeric repeat binding factor 2 [Source:VGNC Symbol;Acc:VGNC:93882],True,,53107.0,0.34319667021433514
ENSSSCG00000038322,,,True,,,0.3422800103823344
ENSSSCG00000001873,CSPG4,chondroitin sulfate proteoglycan 4 [Source:VGNC Symbol;Acc:VGNC:87043],True,,38526.0,0.3395800193150838
ENSSSCG00000009851,,phosphatidylethanolamine binding protein 1 [Source:VGNC Symbol;Acc:VGNC:111125],True,,,0.33646000425020856
ENSSSCG00000038941,SNAPC5,small nuclear RNA activating complex polypeptide 5 [Source:VGNC Symbol;Acc:VGNC:93283],True,,7645.0,0.33568334579467773
ENSSSCG00000044793,,,True,,,0.3356236716111501
ENSSSCG00000011351,TMA7,translation machinery associated 7 homolog [Source:UniProtKB Gene Name;Acc:A0A4X1T0W5],True,,4005.0,0.3352866570154826
ENSSSCG00000014128,CKMT2,"creatine kinase, mitochondrial 2 [Source:VGNC Symbol;Acc:VGNC:86719]",True,,33079.0,0.3339833418528239
ENSSSCG00000002306,GALNT16,polypeptide N-acetylgalactosaminyltransferase 16 [Source:VGNC Symbol;Acc:VGNC:88332],True,,97756.0,0.3287571545224637
ENSSSCG00000007317,DLGAP4,DLG associated protein 4 [Source:VGNC Symbol;Acc:VGNC:96043],True,,222335.0,0.3178743322690328
ENSSSCG00000022679,COCH,cochlin [Source:VGNC Symbol;Acc:VGNC:86853],True,,20627.0,0.31543566783269245
ENSSSCG00000023229,ETV5,ETS variant transcription factor 5 [Source:VGNC Symbol;Acc:VGNC:87814],True,,64004.0,0.31408166885375977
ENSSSCG00000007520,,GNAS complex locus [Source:VGNC Symbol;Acc:VGNC:110580],True,,,0.31252167622248334
ENSSSCG00000006090,MTERF3,mitochondrial transcription termination factor 3 [Source:VGNC Symbol;Acc:VGNC:90442],True,,23449.0,0.31244534254074097
ENSSSCG00000041958,,,True,,,0.3107840021451314
ENSSSCG00000020082,SNORA70,Small nucleolar RNA SNORA70 [Source:RFAM;Acc:RF00156],True,,137.0,0.31067367394765216
ENSSSCG00000018920,MIR454,microRNA 454 [Source:HGNC Symbol;Acc:HGNC:33137],True,,114.0,0.30867167313893634
ENSSSCG00000035661,,,False,,,0.30578766763210297
ENSSSCG00000010959,NTRK2,neurotrophic receptor tyrosine kinase 2 [Source:VGNC Symbol;Acc:VGNC:96455],True,,427376.0,0.30485232671101886
ENSSSCG00000002495,SYNE3,spectrin repeat containing nuclear envelope family member 3 [Source:VGNC Symbol;Acc:VGNC:98353],True,,109412.0,0.30458299815654755
ENSSSCG00000036686,CDC42SE2,CDC42 small effector 2 [Source:VGNC Symbol;Acc:VGNC:86461],True,,152954.0,0.3028966585795085
ENSSSCG00000008180,EIF5B,eukaryotic translation initiation factor 5B [Source:VGNC Symbol;Acc:VGNC:87634],True,,63955.0,0.3025749921798706
ENSSSCG00000006939,ZNHIT6,zinc finger HIT-type containing 6 [Source:VGNC Symbol;Acc:VGNC:98909],True,,59016.0,0.302523672580719
ENSSSCG00000032686,RUNX3,RUNX family transcription factor 3 [Source:VGNC Symbol;Acc:VGNC:92518],True,,65610.0,0.30230467518170673
ENSSSCG00000011051,HSPA14,heat shock protein family A (Hsp70) member 14 [Source:VGNC Symbol;Acc:VGNC:96675],True,,33435.0,0.3021523356437683
ENSSSCG00000029651,SLN,sarcolipin [Source:NCBI gene (formerly Entrezgene);Acc:733627],True,,12321.0,0.2999926706155141
ENSSSCG00000006087,CPQ,carboxypeptidase Q [Source:NCBI gene (formerly Entrezgene);Acc:100157979],True,,504920.0,0.29965899387995404
ENSSSCG00000041875,,,False,,,0.2949466972301404
ENSSSCG00000038089,COL18A1,collagen type XVIII alpha 1 chain [Source:VGNC Symbol;Acc:VGNC:86869],True,,108598.0,0.29461999734242755
ENSSSCG00000025527,,,True,,,0.2907976706822713
ENSSSCG00000014016,SQSTM1,sequestosome 1 [Source:VGNC Symbol;Acc:VGNC:93445],True,,31680.0,0.2892520030339559
ENSSSCG00000037336,GID4,GID complex subunit 4 homolog [Source:VGNC Symbol;Acc:VGNC:98996],True,,28997.0,0.2870870033899943
ENSSSCG00000016522,PTN,pleiotrophin [Source:VGNC Symbol;Acc:VGNC:91965],True,,117017.0,0.2869205605238676
ENSSSCG00000019095,U6,U6 spliceosomal RNA [Source:RFAM;Acc:RF00026],True,,105.0,0.2854749957720439
ENSSSCG00000011936,ZBED2,zinc finger BED-type containing 2 [Source:VGNC Symbol;Acc:VGNC:95055],True,,2446.0,0.272348773976167
ENSSSCG00000013045,OTUB1,"OTU deubiquitinase, ubiquitin aldehyde binding 1 [Source:NCBI gene (formerly Entrezgene);Acc:100302092]",True,,15958.0,0.2643943428993225
ENSSSCG00000045478,,,False,,,0.2635449965794881
ENSSSCG00000051147,,,False,,,0.2631160020828247
ENSSSCG00000009889,ALDH2,aldehyde dehydrogenase 2 family member [Source:NCBI gene (formerly Entrezgene);Acc:733685],True,,50645.0,0.26244727591983974
ENSSSCG00000002639,TUBB3,tubulin beta 3 class III [Source:UniProtKB Gene Name;Acc:A0A5G2QVL6],True,,17369.0,0.2604800754537185
ENSSSCG00000050649,,,False,,,0.258367657661438
ENSSSCG00000032019,DNASE1L3,deoxyribonuclease 1L3 [Source:VGNC Symbol;Acc:VGNC:87376],True,,22440.0,0.2511100023984909
ENSSSCG00000011257,ACVR2B,activin A receptor type 2B [Source:VGNC Symbol;Acc:VGNC:108629],True,,39252.0,0.2505566676457723
ENSSSCG00000038553,TSPO2,translocator protein 2 [Source:UniProtKB Gene Name;Acc:A0A4X1SM57],True,,1870.0,0.2483623425165812
ENSSSCG00000024311,CCR3,C-C motif chemokine receptor 2 [Source:VGNC Symbol;Acc:VGNC:86370],True,,135816.0,0.24707633256912231
ENSSSCG00000030026,SORCS1,sortilin related VPS10 domain containing receptor 1 [Source:VGNC Symbol;Acc:VGNC:93339],True,,591043.0,0.24639799197514853
ENSSSCG00000037179,PIRT,phosphoinositide interacting regulator of transient receptor potential channels [Source:VGNC Symbol;Acc:VGNC:91461],True,,15617.0,0.24603400627772012
ENSSSCG00000044892,,,True,,,0.24400406330823898
ENSSSCG00000040582,,,True,,,0.2438406745592753
ENSSSCG00000020750,,,True,,,0.2412329912185669
ENSSSCG00000016971,MCCC2,methylcrotonyl-CoA carboxylase subunit 2 [Source:VGNC Symbol;Acc:VGNC:90064],True,,79175.0,0.24121000369389853
ENSSSCG00000047250,,,False,,,0.24052399893601736
ENSSSCG00000017144,NPTX1,neuronal pentraxin 1 [Source:VGNC Symbol;Acc:VGNC:90862],True,,11009.0,0.23947633306185404
ENSSSCG00000020439,RNaseP_nuc,Nuclear RNase P [Source:RFAM;Acc:RF00009],True,,,0.23883572779595852
ENSSSCG00000006582,S100A14,S100 calcium binding protein A14 [Source:NCBI gene (formerly Entrezgene);Acc:100153930],True,,2741.0,0.23600767056147257
ENSSSCG00000006829,SYPL2,synaptophysin like 2 [Source:VGNC Symbol;Acc:VGNC:93677],True,,15592.0,0.23331467310587564
ENSSSCG00000050318,SMIM35,small integral membrane protein 35 [Source:UniProtKB Gene Name;Acc:A0A4X1STE4],True,,84665.0,0.23281367619832358
ENSSSCG00000021866,EDDM3B,epididymal protein 3B [Source:NCBI gene (formerly Entrezgene);Acc:397204],True,,2544.0,0.23017233610153198
ENSSSCG00000022953,PTER,phosphotriesterase related [Source:VGNC Symbol;Acc:VGNC:96514],True,,78280.0,0.2299166719118754
ENSSSCG00000031742,,,False,,,0.2296730081240336
ENSSSCG00000013340,MUC15,"mucin 15, cell surface associated [Source:VGNC Symbol;Acc:VGNC:90481]",True,,13231.0,0.22788099447886148
ENSSSCG00000047673,,,True,,,0.22635366519292197
ENSSSCG00000034284,,,True,,,0.22455699741840363
ENSSSCG00000041189,,,True,,,0.22422534227371216
ENSSSCG00000042272,,,False,,,0.22345699866612753
ENSSSCG00000009468,,,False,,,0.22301000356674194
ENSSSCG00000026724,GUCY2C,guanylate cyclase 2C [Source:VGNC Symbol;Acc:VGNC:111750],True,,83967.0,0.2219806710879008
ENSSSCG00000040985,KCTD7,potassium channel tetramerization domain containing 7 [Source:VGNC Symbol;Acc:VGNC:89403],True,,20186.0,0.22152300675710043
ENSSSCG00000008175,CHST10,carbohydrate sulfotransferase 10 [Source:VGNC Symbol;Acc:VGNC:86674],True,,25966.0,0.21897133191426596
ENSSSCG00000016516,ATP6V0A4,ATPase H+ transporting V0 subunit a4 [Source:VGNC Symbol;Acc:VGNC:85665],True,,93383.0,0.21829100449879965
ENSSSCG00000038007,HACD1,3-hydroxyacyl-CoA dehydratase 1 [Source:VGNC Symbol;Acc:VGNC:96518],True,,29114.0,0.2155359983444214
ENSSSCG00000003843,PARS2,"prolyl-tRNA synthetase 2, mitochondrial [Source:VGNC Symbol;Acc:VGNC:91184]",True,,7952.0,0.21426333983739218
ENSSSCG00000040917,,,False,,,0.2133666674296061
ENSSSCG00000000712,ANO2,von Willebrand factor [Source:VGNC Symbol;Acc:VGNC:104094],True,,414363.0,0.21235867341359457
ENSSSCG00000008449,SLC3A1,solute carrier family 3 member 1 [Source:NCBI gene (formerly Entrezgene);Acc:100144588],True,,46036.0,0.21170532703399658
ENSSSCG00000012203,TAB3,TGF-beta activated kinase 1 (MAP3K7) binding protein 3 [Source:UniProtKB Gene Name;Acc:K7GRR6],True,,147642.0,0.2109883427619934
ENSSSCG00000038681,,,False,,,0.21022367477416992
ENSSSCG00000044399,,,False,,,0.20801776523391405
ENSSSCG00000026453,ACSM5,acyl-CoA synthetase medium chain family member 5 [Source:VGNC Symbol;Acc:VGNC:85036],True,,32029.0,0.20460835906366506
ENSSSCG00000003943,MED8,mediator complex subunit 8 [Source:VGNC Symbol;Acc:VGNC:90124],True,,5891.0,0.20328766107559204
ENSSSCG00000024325,SGK2,serum/glucocorticoid regulated kinase 2 [Source:VGNC Symbol;Acc:VGNC:95597],True,,29269.0,0.20272718281679167
ENSSSCG00000007547,ADAP1,ArfGAP with dual PH domains 1 [Source:NCBI gene (formerly Entrezgene);Acc:397453],True,,57507.0,0.19978566964467367
ENSSSCG00000029219,SH3BGR,SH3 domain binding glutamate rich protein [Source:NCBI gene (formerly Entrezgene);Acc:100626262],True,,69651.0,0.19936333100001016
ENSSSCG00000037105,EVL,Enah/Vasp-like [Source:VGNC Symbol;Acc:VGNC:87820],True,,172787.0,0.19747300942738852
ENSSSCG00000008563,KCNK3,potassium two pore domain channel subfamily K member 3 [Source:NCBI gene (formerly Entrezgene);Acc:100737895],True,,40698.0,0.19685733318328857
ENSSSCG00000004762,DNAJC17,DnaJ heat shock protein family (Hsp40) member C17 [Source:VGNC Symbol;Acc:VGNC:103082],True,,42337.0,0.19273966550827026
ENSSSCG00000018084,ND3,NADH dehydrogenase subunit 3 [Source:NCBI gene (formerly Entrezgene);Acc:808508],True,,,0.19093700249989828
ENSSSCG00000038579,DKKL1,dickkopf like acrosomal protein 1 [Source:VGNC Symbol;Acc:VGNC:87324],True,,13333.0,0.18942566712697348
ENSSSCG00000044088,,,False,,,0.18784499168395996
ENSSSCG00000035302,BLOC1S3,biogenesis of lysosomal organelles complex 1 subunit 3 [Source:NCBI gene (formerly Entrezgene);Acc:100049671],True,,38188.0,0.18691466252009073
ENSSSCG00000007369,,junctophilin 2 [Source:UniProtKB Gene Name;Acc:F1SDT0],True,,,0.18627200524012247
ENSSSCG00000017508,STAC2,SH3 and cysteine rich domain 2 [Source:VGNC Symbol;Acc:VGNC:93522],True,,15405.0,0.1841753994425138
ENSSSCG00000025109,PLD3,phospholipase D family member 3 [Source:VGNC Symbol;Acc:VGNC:91527],True,,41019.0,0.1821649968624115
ENSSSCG00000020221,,,True,,,0.17854966719945273
ENSSSCG00000032392,,,True,,,0.17798366149266562
ENSSSCG00000046122,,,False,,,0.17689000070095062
ENSSSCG00000026527,HCN1,hyperpolarization activated cyclic nucleotide gated potassium channel 1 [Source:VGNC Symbol;Acc:VGNC:88802],True,,441550.0,0.1760743334889412
ENSSSCG00000025514,RUFY3,RUN and FYVE domain containing 3 [Source:VGNC Symbol;Acc:VGNC:98959],True,,104415.0,0.17586000760396323
ENSSSCG00000005484,ZNF618,zinc finger protein 618 [Source:VGNC Symbol;Acc:VGNC:95276],True,,180541.0,0.17495232820510864
ENSSSCG00000031741,,ribonucleotide reductase regulatory subunit M2 [Source:VGNC Symbol;Acc:VGNC:110711],True,,,0.17202534278233847
ENSSSCG00000013513,PLIN5,perilipin 5 [Source:VGNC Symbol;Acc:VGNC:91561],True,,12716.0,0.17178033788998923
ENSSSCG00000004018,AFDN,"afadin, adherens junction formation factor [Source:VGNC Symbol;Acc:VGNC:97869]",True,,145164.0,0.17162134250005087
ENSSSCG00000031998,,,False,,,0.17065733671188354
ENSSSCG00000003371,GPR153,G protein-coupled receptor 153 [Source:VGNC Symbol;Acc:VGNC:88609],True,,13751.0,0.17016565799713135
ENSSSCG00000040410,EXOC3L2,exocyst complex component 3 like 2 [Source:VGNC Symbol;Acc:VGNC:87828],True,,33037.0,0.16749499986569086
ENSSSCG00000012517,,thymosin beta 15B [Source:UniProtKB Gene Name;Acc:A0A4X1W6J3],True,,,0.1658103366692861
ENSSSCG00000022163,GNAL,G protein subunit alpha L [Source:VGNC Symbol;Acc:VGNC:88524],True,,196421.0,0.16526466608047485
ENSSSCG00000005582,STRBP,spermatid perinuclear RNA binding protein [Source:VGNC Symbol;Acc:VGNC:93575],True,,159602.0,0.16494366774956384
ENSSSCG00000012651,XPNPEP2,X-prolyl aminopeptidase 2 [Source:NCBI gene (formerly Entrezgene);Acc:445538],True,,30598.0,0.16492233673731485
ENSSSCG00000034887,HAPLN4,hyaluronan and proteoglycan link protein 4 [Source:VGNC Symbol;Acc:VGNC:88783],True,,8049.0,0.16352033615112305
ENSSSCG00000000116,POLR2F,"RNA polymerase II, I and III subunit F [Source:VGNC Symbol;Acc:VGNC:91650]",True,,89308.0,0.16311867038408914
ENSSSCG00000006281,NTMT2,N-terminal Xaa-Pro-Lys N-methyltransferase 2 [Source:VGNC Symbol;Acc:VGNC:90155],True,,22907.0,0.1630870004494985
ENSSSCG00000002403,VIPAS39,"VPS33B interacting protein, apical-basolateral polarity regulator, spe-39 homolog [Source:VGNC Symbol;Acc:VGNC:94826]",True,,31277.0,0.16205266614754996
ENSSSCG00000049136,,,False,,,0.1595003306865692
ENSSSCG00000010997,SPINK4,serine peptidase inhibitor Kazal type 4 [Source:NCBI gene (formerly Entrezgene);Acc:396872],True,,30202.0,0.1593989726776878
ENSSSCG00000019255,MIR374B,microRNA 374b [Source:HGNC Symbol;Acc:HGNC:33665],True,,71.0,0.154899001121521
ENSSSCG00000002681,HSDL1,hydroxysteroid dehydrogenase like 1 [Source:VGNC Symbol;Acc:VGNC:88991],True,,23071.0,0.15260573786993822
ENSSSCG00000023984,RSL1D1,ribosomal L1 domain containing 1 [Source:VGNC Symbol;Acc:VGNC:92477],True,,17736.0,0.15206433335940042
ENSSSCG00000049729,,,False,,,0.15076000491778055
ENSSSCG00000027361,OVOL1,ovo like transcriptional repressor 1 [Source:VGNC Symbol;Acc:VGNC:91111],True,,10505.0,0.1504260003566742
ENSSSCG00000016763,GLI3,GLI family zinc finger 3 [Source:VGNC Symbol;Acc:VGNC:88483],True,,303316.0,0.15005800127983093
ENSSSCG00000025629,COLEC11,collectin subfamily member 11 [Source:VGNC Symbol;Acc:VGNC:86883],True,,51858.0,0.1489199995994568
ENSSSCG00000002351,PTGR2,prostaglandin reductase 2 [Source:UniProtKB Gene Name;Acc:A0A8W4FN05],True,,33927.0,0.14870100220044455
ENSSSCG00000010337,MAT1A,methionine adenosyltransferase 1A [Source:NCBI gene (formerly Entrezgene);Acc:100156922],True,,20346.0,0.14832433064778647
ENSSSCG00000038768,GPR37L1,G protein-coupled receptor 37 like 1 [Source:VGNC Symbol;Acc:VGNC:95633],True,,10706.0,0.14830699563026428
ENSSSCG00000023127,,chymotrypsinogen B2 [Source:UniProtKB Gene Name;Acc:I3LJ52],True,,,0.14764400323232016
ENSSSCG00000031154,ACKR2,atypical chemokine receptor 2 [Source:VGNC Symbol;Acc:VGNC:85012],True,,83388.0,0.14726833502451578
ENSSSCG00000025685,TP73,tumor protein p73 [Source:VGNC Symbol;Acc:VGNC:94331],True,,83685.0,0.14406800270080566
ENSSSCG00000034572,,,True,,,0.14275599519411722
ENSSSCG00000007603,NPTX2,neuronal pentraxin 2 [Source:VGNC Symbol;Acc:VGNC:90863],True,,12584.0,0.1418239971001943
ENSSSCG00000002827,SLC6A2,solute carrier family 6 member 2 [Source:VGNC Symbol;Acc:VGNC:93161],True,,51657.0,0.14037932952245077
ENSSSCG00000037944,,,False,,,0.14014033476511636
ENSSSCG00000014037,,,True,,,0.13735645406025773
ENSSSCG00000016033,GULP1,GULP PTB domain containing engulfment adaptor 1 [Source:VGNC Symbol;Acc:VGNC:95893],True,,304838.0,0.13689600427945456
ENSSSCG00000028446,PCBP4,poly(rC) binding protein 4 [Source:VGNC Symbol;Acc:VGNC:111200],True,,16568.0,0.1358416626850764
ENSSSCG00000001786,CFAP161,cilia and flagella associated protein 161 [Source:VGNC Symbol;Acc:VGNC:86596],True,,142146.0,0.13573233286539713
ENSSSCG00000003366,CHD5,chromodomain helicase DNA binding protein 5 [Source:VGNC Symbol;Acc:VGNC:86632],True,,78534.0,0.1356000006198883
ENSSSCG00000023749,MIOX,myo-inositol oxygenase [Source:VGNC Symbol;Acc:VGNC:112539],True,,3864.0,0.13558827520076497
ENSSSCG00000017416,DHX58,DExH-box helicase 58 [Source:VGNC Symbol;Acc:VGNC:87297],True,,11329.0,0.13532867034276327
ENSSSCG00000012397,IL2RG,interleukin 2 receptor subunit gamma [Source:NCBI gene (formerly Entrezgene);Acc:397156],True,,4704.0,0.13430399696032205
ENSSSCG00000005604,PBX3,PBX homeobox 3 [Source:VGNC Symbol;Acc:VGNC:91205],True,,220640.0,0.1342454549157992
ENSSSCG00000018087,ND4,NADH dehydrogenase subunit 4 [Source:NCBI gene (formerly Entrezgene);Acc:808510],True,,,0.13340033016478023
ENSSSCG00000010719,,,True,,,0.13232200344403586
ENSSSCG00000033490,,,True,,,0.1319763312737147
ENSSSCG00000036049,PEG10,paternally expressed 10 [Source:NCBI gene (formerly Entrezgene);Acc:654416],True,,13370.0,0.13132100303967795
ENSSSCG00000029757,,,False,,,0.12873133023579916
ENSSSCG00000025282,SNORA57,"small nucleolar RNA, H/ACA box 57 [Source:HGNC Symbol;Acc:HGNC:32651]",True,,148.0,0.12785200277964273
ENSSSCG00000013400,,,False,,,0.12344466646512349
ENSSSCG00000028725,TMEM102,transmembrane protein 102 [Source:VGNC Symbol;Acc:VGNC:94061],True,,2249.0,0.12265466650327046
ENSSSCG00000014838,PGM2L1,phosphoglucomutase 2 like 1 [Source:VGNC Symbol;Acc:VGNC:91357],True,,68158.0,0.1225055642426014
ENSSSCG00000034843,,,True,,,0.1214306652545929
ENSSSCG00000040016,,,True,,,0.11989133556683858
ENSSSCG00000010681,SFXN4,sideroflexin 4 [Source:VGNC Symbol;Acc:VGNC:92786],True,,24947.0,0.11988332867622375
ENSSSCG00000024913,HYLS1,HYLS1 centriolar and ciliosis associated [Source:VGNC Symbol;Acc:VGNC:89013],True,,17232.0,0.11928333342075348
ENSSSCG00000035965,AQP4,aquaporin 4 [Source:VGNC Symbol;Acc:VGNC:85432],True,,13728.0,0.11868199706077576
ENSSSCG00000015656,FCMR,Fc mu receptor [Source:VGNC Symbol;Acc:VGNC:88069],True,,19930.0,0.11820133527119954
ENSSSCG00000034502,H6PD,hexose-6-phosphate dehydrogenase/glucose 1-dehydrogenase [Source:VGNC Symbol;Acc:VGNC:88764],True,,36563.0,0.11789833505948384
ENSSSCG00000034345,SPRY3,sprouty RTK signaling antagonist 3 [Source:VGNC Symbol;Acc:VGNC:93426],True,,170161.0,0.11782099803288777
ENSSSCG00000004075,RGS17,regulator of G protein signaling 17 [Source:VGNC Symbol;Acc:VGNC:92263],True,,126823.0,0.11757633090019226
ENSSSCG00000013415,AZU1,azurocidin 1 [Source:VGNC Symbol;Acc:VGNC:85714],True,,6921.0,0.1174519956111908
ENSSSCG00000003449,LRRC38,leucine rich repeat containing 38 [Source:VGNC Symbol;Acc:VGNC:89837],True,,39030.0,0.11599836281190316
ENSSSCG00000002349,,,True,,,0.11569886468350887
ENSSSCG00000034350,SERHL2,serine hydrolase like 2 [Source:UniProtKB Gene Name;Acc:A0A287AJ52],True,,20770.0,0.11514433473348618
ENSSSCG00000030088,,,True,,,0.11499899625778198
ENSSSCG00000001565,CDKN1A,cyclin dependent kinase inhibitor 1A [Source:VGNC Symbol;Acc:VGNC:86514],True,,10956.0,0.11330840239922206
ENSSSCG00000043029,,,True,,,0.11181566615899403
ENSSSCG00000008132,STARD7,StAR related lipid transfer domain containing 7 [Source:VGNC Symbol;Acc:VGNC:93537],True,,23990.0,0.11170400182406108
ENSSSCG00000040825,PYM1,"PYM homolog 1, exon junction complex associated factor [Source:VGNC Symbol;Acc:VGNC:92021]",True,,31205.0,0.11058566967646281
ENSSSCG00000023364,,,True,,,0.10983399550120036
ENSSSCG00000033041,,,False,,,0.10938299695650737
ENSSSCG00000042062,,,True,,,0.10854966690142949
ENSSSCG00000010608,SFR1,SWI5 dependent homologous recombination repair protein 1 [Source:VGNC Symbol;Acc:VGNC:92774],True,,4327.0,0.10788999994595845
ENSSSCG00000035293,,insulin like growth factor 2 [Source:NCBI gene (formerly Entrezgene);Acc:396916],True,,,0.10782879839340846
ENSSSCG00000016414,,ring finger protein 32 [Source:VGNC Symbol;Acc:VGNC:92388],True,,,0.10703699787457784
ENSSSCG00000031981,,,False,,,0.1067656675974528
ENSSSCG00000004551,ZNF609,zinc finger protein 609 [Source:VGNC Symbol;Acc:VGNC:95274],True,,225490.0,0.10605300466219585
ENSSSCG00000013916,COMP,cartilage oligomeric matrix protein [Source:VGNC Symbol;Acc:VGNC:86892],True,,8532.0,0.10589974117465317
ENSSSCG00000041755,,,False,,,0.10558230119446914
ENSSSCG00000034207,CEBPB,CCAAT enhancer binding protein beta [Source:NCBI gene (formerly Entrezgene);Acc:397360],True,,1956.0,0.10553999741872151
ENSSSCG00000010992,,aquaporin 7 [Source:NCBI gene (formerly Entrezgene);Acc:100126283],True,,,0.10445366303126018
ENSSSCG00000050870,,,True,,,0.10407333572705586
ENSSSCG00000002831,IRX3,iroquois homeobox 3 [Source:VGNC Symbol;Acc:VGNC:89217],True,,3483.0,0.10397900144259135
ENSSSCG00000008689,ZFYVE28,zinc finger FYVE-type containing 28 [Source:VGNC Symbol;Acc:VGNC:95162],True,,149069.0,0.10210099816322327
ENSSSCG00000045624,,,False,,,0.1014951493901511
ENSSSCG00000032481,DPM2,"dolichyl-phosphate mannosyltransferase subunit 2, regulatory [Source:NCBI gene (formerly Entrezgene);Acc:100522057]",True,,2776.0,0.10033480077981949
ENSSSCG00000039587,,,True,,,0.10029000043869019
ENSSSCG00000011045,MINDY3,MINDY lysine 48 deubiquitinase 3 [Source:VGNC Symbol;Acc:VGNC:96014],True,,82358.0,0.09956233700116475
ENSSSCG00000029515,PON3,paraoxonase 3 [Source:NCBI gene (formerly Entrezgene);Acc:733674],True,,38875.0,0.09949100017547607
ENSSSCG00000039286,,,True,,,0.0993333359559377
ENSSSCG00000026784,LMNB2,lamin B2 [Source:VGNC Symbol;Acc:VGNC:89761],True,,29354.0,0.09921833376089732
ENSSSCG00000014031,,heteroous nuclear ribonucleoprotein A/B [Source:NCBI gene (formerly Entrezgene);Acc:100127170],True,,,0.09885733326276143
ENSSSCG00000037459,TCTA,T cell leukemia translocation altered [Source:UniProtKB Gene Name;Acc:A0A8D0M3Y6],True,,4264.0,0.09819866220156352
ENSSSCG00000008311,CYP26B1,cytochrome P450 family 26 subfamily B member 1 [Source:VGNC Symbol;Acc:VGNC:103374],True,,18624.0,0.09611566613117854
ENSSSCG00000017358,SLC4A1,solute carrier family 4 member 1 [Source:VGNC Symbol;Acc:VGNC:99051],True,,19751.0,0.09589209966361523
ENSSSCG00000008976,ART3,ADP-ribosyltransferase 3 (inactive) [Source:NCBI gene (formerly Entrezgene);Acc:100522086],True,,102910.0,0.09431463479995728
ENSSSCG00000030345,INPP5J,inositol polyphosphate-5-phosphatase J [Source:VGNC Symbol;Acc:VGNC:89146],True,,11966.0,0.09425133466720581
ENSSSCG00000001657,CUL7,cullin 7 [Source:VGNC Symbol;Acc:VGNC:97954],True,,16326.0,0.09326766928037007
ENSSSCG00000048349,,,False,,,0.09316500027974446
ENSSSCG00000031794,TNFAIP8L3,TNF alpha induced protein 8 like 3 [Source:VGNC Symbol;Acc:VGNC:94256],True,,48678.0,0.09171900153160095
ENSSSCG00000025344,PHC2,polyhomeotic homolog 2 [Source:VGNC Symbol;Acc:VGNC:91371],True,,107472.0,0.09149033824602763
ENSSSCG00000042641,,,True,,,0.09136000275611877
ENSSSCG00000028304,ZFP36L1,ZFP36 ring finger protein like 1 [Source:VGNC Symbol;Acc:VGNC:95146],True,,8598.0,0.09048400322596233
ENSSSCG00000007351,FAM83D,family with sequence similarity 83 member D [Source:VGNC Symbol;Acc:VGNC:95747],True,,26794.0,0.09046666820844014
ENSSSCG00000041173,,,False,,,0.08999306708574295
ENSSSCG00000027153,WARS2,"tryptophanyl tRNA synthetase 2, mitochondrial [Source:NCBI gene (formerly Entrezgene);Acc:100737714]",True,,110389.0,0.08958366513252258
ENSSSCG00000045539,,,True,,,0.08853736768166225
ENSSSCG00000034379,MAP2K3,mitogen-activated protein kinase kinase 3 [Source:VGNC Symbol;Acc:VGNC:99012],True,,30568.0,0.08764899770418803
ENSSSCG00000020678,BANP,BTG3 associated nuclear protein [Source:NCBI gene (formerly Entrezgene);Acc:100622381],True,,128194.0,0.08752600351969402
ENSSSCG00000002993,CYP2A19,cytochrome P450 family 2 subfamily A member 19 [Source:NCBI gene (formerly Entrezgene);Acc:403149],True,,,0.08694400389989217
ENSSSCG00000049464,,,True,,,0.08660099903742473
ENSSSCG00000011943,BBX,BBX high mobility group box domain containing [Source:VGNC Symbol;Acc:VGNC:85766],True,,288403.0,0.0857569972674052
ENSSSCG00000030947,ZFAT,zinc finger and AT-hook domain containing [Source:VGNC Symbol;Acc:VGNC:95138],True,,235339.0,0.08533333738644917
ENSSSCG00000032909,CDCA8,cell division cycle associated 8 [Source:VGNC Symbol;Acc:VGNC:86470],True,,17238.0,0.08440299828847249
ENSSSCG00000017750,EVI2B,ecotropic viral integration site 2B [Source:UniProtKB Gene Name;Acc:A0A8D1B721],True,,10651.0,0.08361599842707317
ENSSSCG00000032503,,,False,,,0.0831980009873708
ENSSSCG00000037913,,,True,,,0.08316566546758015
ENSSSCG00000002963,,eukaryotic translation initiation factor 3 subunit K [Source:VGNC Symbol;Acc:VGNC:87622],True,,,0.0821016679207484
ENSSSCG00000000084,,,False,,,0.08172566692034404
ENSSSCG00000006002,CCN3,cellular communication network factor 3 [Source:VGNC Symbol;Acc:VGNC:96575],True,,7988.0,0.08160833517710368
ENSSSCG00000018070,,,True,,,0.08089566727479298
ENSSSCG00000031904,UGT8,UDP glycosyltransferase 8 [Source:NCBI gene (formerly Entrezgene);Acc:100511825],True,,80214.0,0.07891866564750671
ENSSSCG00000005528,NDUFA8,NADH:ubiquinone oxidoreductase subunit A8 [Source:NCBI gene (formerly Entrezgene);Acc:100154443],True,,15721.0,0.07873733341693878
ENSSSCG00000001696,,mitochondrial ribosomal protein L14 [Source:VGNC Symbol;Acc:VGNC:90352],True,,,0.07869233191013336
ENSSSCG00000010925,PPP1R12B,protein phosphatase 1 regulatory subunit 12B [Source:VGNC Symbol;Acc:VGNC:96430],True,,244040.0,0.07710023534794648
ENSSSCG00000011885,FBXO40,F-box protein 40 [Source:VGNC Symbol;Acc:VGNC:88045],True,,37548.0,0.07709966599941254
ENSSSCG00000003078,CEACAM19,CEA cell adhesion molecule 19 [Source:VGNC Symbol;Acc:VGNC:96944],True,,22082.0,0.0770246684551239
ENSSSCG00000031728,ABRA,actin binding Rho activating protein [Source:NCBI gene (formerly Entrezgene);Acc:100154546],True,,10761.0,0.07645266751448314
ENSSSCG00000035796,,,False,,,0.07641771994531155
ENSSSCG00000046331,,,False,,,0.0761576642592748
ENSSSCG00000045854,,,False,,,0.07572433352470398
ENSSSCG00000040897,,,True,,,0.07567200064659119
ENSSSCG00000035103,PIGL,phosphatidylinositol glycan anchor biosynthesis class L [Source:VGNC Symbol;Acc:VGNC:91424],True,,134606.0,0.07536133130391438
ENSSSCG00000022797,PPP1R3B,protein phosphatase 1 regulatory subunit 3B [Source:VGNC Symbol;Acc:VGNC:95636],True,,15319.0,0.07452000180880229
ENSSSCG00000049525,,,False,,,0.07438333332538605
ENSSSCG00000036223,ACKR1,atypical chemokine receptor 1 [Source:NCBI gene (formerly Entrezgene);Acc:100154447],True,,1932.0,0.07415333390235901
ENSSSCG00000017062,TIMD4,T cell immunoglobulin and mucin domain containing 4 [Source:VGNC Symbol;Acc:VGNC:93985],True,,43934.0,0.07413133482138316
ENSSSCG00000046928,,,True,,,0.07331299781799316
ENSSSCG00000003547,,,False,,,0.07242666681607564
ENSSSCG00000022689,GADD45B,growth arrest and DNA damage inducible beta [Source:VGNC Symbol;Acc:VGNC:88317],True,,2683.0,0.07035286786655585
ENSSSCG00000038727,GDNF,glial cell derived neurotrophic factor [Source:VGNC Symbol;Acc:VGNC:88406],True,,27364.0,0.07019599775473277
ENSSSCG00000024938,SH3BP5,SH3 domain binding protein 5 [Source:VGNC Symbol;Acc:VGNC:92819],True,,87015.0,0.06889999906222026
ENSSSCG00000005198,KDM4C,lysine demethylase 4C [Source:VGNC Symbol;Acc:VGNC:89414],True,,454785.0,0.06875500082969666
ENSSSCG00000048045,,,True,,,0.06843600173791249
ENSSSCG00000010768,CFAP46,cilia and flagella associated protein 46 [Source:VGNC Symbol;Acc:VGNC:86601],True,,134431.0,0.06784533460934956
ENSSSCG00000011133,PFKFB3,"6-phosphofructo-2-kinase/fructose-2,6-biphosphatase 3 [Source:VGNC Symbol;Acc:VGNC:96480]",True,,109716.0,0.06749133268992107
ENSSSCG00000003240,,,True,,,0.06720933318138123
ENSSSCG00000039609,ANKRD33B,ankyrin repeat domain 33B [Source:VGNC Symbol;Acc:VGNC:85334],True,,93746.0,0.0670590673883756
ENSSSCG00000008648,RSAD2,radical S-adenosyl methionine domain containing 2 [Source:NCBI gene (formerly Entrezgene);Acc:396752],True,,32682.0,0.06648083465794723
ENSSSCG00000022364,CPT1B,carnitine palmitoyltransferase 1B [Source:VGNC Symbol;Acc:VGNC:86965],True,,9825.0,0.06625266869862874
ENSSSCG00000041966,,,False,,,0.06598100066184998
ENSSSCG00000034127,SHISAL2A,shisa like 2A [Source:VGNC Symbol;Acc:VGNC:92851],True,,36515.0,0.0656653344631195
ENSSSCG00000037070,GRID2IP,Grid2 interacting protein [Source:VGNC Symbol;Acc:VGNC:88675],True,,54683.0,0.06495633224646251
ENSSSCG00000044108,,FXYD domain containing ion transport regulator 4 [Source:VGNC Symbol;Acc:VGNC:111116],True,,,0.0644876342266798
ENSSSCG00000013616,ZNF653,zinc finger protein 653 [Source:VGNC Symbol;Acc:VGNC:98429],True,,22412.0,0.06429133315881093
ENSSSCG00000018073,,,True,,,0.0641370341181755
ENSSSCG00000041512,,,True,,,0.06388733287652333
ENSSSCG00000011077,MSRB2,methionine sulfoxide reductase B2 [Source:VGNC Symbol;Acc:VGNC:103995],True,,26434.0,0.06351476535201073
ENSSSCG00000050441,,,False,,,0.06343230108420055
ENSSSCG00000002467,ASB2,ankyrin repeat and SOCS box containing 2 [Source:VGNC Symbol;Acc:VGNC:85564],True,,45048.0,0.06319100161393483
ENSSSCG00000006506,SYT11,synaptotagmin 11 [Source:VGNC Symbol;Acc:VGNC:93680],True,,25750.0,0.062164331475893654
ENSSSCG00000033954,VPS33B,VPS33B late endosome and lysosome associated [Source:UniProtKB Gene Name;Acc:A0A8D0LMG7],True,,23930.0,0.06143153210481008
ENSSSCG00000034266,CACNA1H,calcium voltage-gated channel subunit alpha1 H [Source:VGNC Symbol;Acc:VGNC:97041],True,,71066.0,0.06091233094533285
ENSSSCG00000034371,,,False,,,0.0608950008948644
ENSSSCG00000041187,,,True,,,0.06067966421445211
ENSSSCG00000040607,MAF,MAF bZIP transcription factor [Source:VGNC Symbol;Acc:VGNC:89945],True,,14894.0,0.06058300038178762
ENSSSCG00000004452,PRSS35,serine protease 35 [Source:VGNC Symbol;Acc:VGNC:91883],True,,13196.0,0.059809133410453796
ENSSSCG00000040973,,HYDIN axonemal central pair apparatus protein [Source:VGNC Symbol;Acc:VGNC:89011],True,,,0.05945733189582825
ENSSSCG00000011701,TM4SF18,transmembrane 4 L six family member 18 [Source:VGNC Symbol;Acc:VGNC:94031],True,,15916.0,0.059223333994547524
ENSSSCG00000021204,HOXA10,homeobox A10 [Source:VGNC Symbol;Acc:VGNC:88934],True,,9656.0,0.058154232800006866
ENSSSCG00000027257,PSMB1,proteasome 20S subunit beta 1 [Source:NCBI gene (formerly Entrezgene);Acc:100621969],True,,18211.0,0.05784576785905907
ENSSSCG00000030165,MAFF,MAF bZIP transcription factor F [Source:VGNC Symbol;Acc:VGNC:89947],True,,15744.0,0.057714333136876426
ENSSSCG00000011795,IGF2BP2,insulin like growth factor 2 mRNA binding protein 2 [Source:VGNC Symbol;Acc:VGNC:89055],True,,181931.0,0.056463668743769325
ENSSSCG00000044627,,,True,,,0.0562689999739329
ENSSSCG00000012019,TMPRSS15,transmembrane serine protease 15 [Source:VGNC Symbol;Acc:VGNC:94233],True,,216763.0,0.0559689998626709
ENSSSCG00000030544,TMEM143,transmembrane protein 143 [Source:VGNC Symbol;Acc:VGNC:94090],True,,31890.0,0.0543016642332077
ENSSSCG00000040980,,,True,,,0.054098665714263916
ENSSSCG00000049331,,,False,,,0.05404429882764816
ENSSSCG00000028104,HOXC11,homeobox C11 [Source:VGNC Symbol;Acc:VGNC:103287],True,,4517.0,0.05362999935944875
ENSSSCG00000036944,TACO1,translational activator of cytochrome c oxidase I [Source:VGNC Symbol;Acc:VGNC:93700],True,,7483.0,0.05361866454283396
ENSSSCG00000016571,,,True,,,0.05356899897257487
ENSSSCG00000039424,MCRIP1,MAPK regulated corepressor interacting protein 1 [Source:VGNC Symbol;Acc:VGNC:99013],True,,11512.0,0.05353433390458425
ENSSSCG00000007095,POLR3F,RNA polymerase III subunit F [Source:VGNC Symbol;Acc:VGNC:95655],True,,17770.0,0.05342300236225128
ENSSSCG00000050793,ssc-mir-10390,ssc-mir-10390 [Source:miRBase;Acc:MI0033404],True,,,0.05323633551597595
ENSSSCG00000026466,SLC23A2,solute carrier family 23 member 2 [Source:VGNC Symbol;Acc:VGNC:108737],True,,158564.0,0.053198665380477905
ENSSSCG00000018064,,,True,,,0.05310766895612081
ENSSSCG00000026533,MYF6,myogenic factor 6 [Source:NCBI gene (formerly Entrezgene);Acc:397005],True,,1924.0,0.0523499995470047
ENSSSCG00000014420,JAKMIP2,janus kinase and microtubule interacting protein 2 [Source:VGNC Symbol;Acc:VGNC:89274],True,,197337.0,0.05196766555309296
ENSSSCG00000002077,,,False,,,0.05114800234635671
ENSSSCG00000031740,,,False,,,0.05059804022312164
ENSSSCG00000017472,IGFBP4,insulin like growth factor binding protein 4 [Source:NCBI gene (formerly Entrezgene);Acc:100144490],True,,14281.0,0.05023466547330221
ENSSSCG00000023929,TXNRD3,thioredoxin reductase 3 [Source:VGNC Symbol;Acc:VGNC:94614],True,,83345.0,0.050127665201822914
ENSSSCG00000012376,GDPD2,glycerophosphodiester phosphodiesterase domain containing 2 [Source:VGNC Symbol;Acc:VGNC:88407],True,,10679.0,0.04906199872493744
ENSSSCG00000036132,CKM,"creatine kinase, M-type [Source:VGNC Symbol;Acc:VGNC:96952]",True,,16961.0,0.04892033338546753
ENSSSCG00000022009,DDC,dopa decarboxylase [Source:NCBI gene (formerly Entrezgene);Acc:396857],True,,107032.0,0.04864380011955897
ENSSSCG00000014869,LRRC32,leucine rich repeat containing 32 [Source:VGNC Symbol;Acc:VGNC:108602],True,,13344.0,0.04859699805577596
ENSSSCG00000047932,HSPA6,heat shock protein family A (Hsp70) member 6 [Source:NCBI gene (formerly Entrezgene);Acc:396906],True,,2354.0,0.04818136741717657
ENSSSCG00000028911,COLQ,collagen like tail subunit of asymmetric acetylcholinesterase [Source:VGNC Symbol;Acc:VGNC:86884],True,,71796.0,0.04754299918810526
ENSSSCG00000035904,,ribosomal protein L7a [Source:VGNC Symbol;Acc:VGNC:92429],True,,,0.04702933132648468
ENSSSCG00000008874,TMEM144,transmembrane protein 144 [Source:VGNC Symbol;Acc:VGNC:94091],True,,53812.0,0.046026334166526794
ENSSSCG00000010569,OGA,O-GlcNAcase [Source:VGNC Symbol;Acc:VGNC:96756],True,,34177.0,0.04535820086797079
ENSSSCG00000040316,,,False,,,0.04340329890449842
ENSSSCG00000033727,,,False,,,0.042967999974886574
ENSSSCG00000036883,FABP3,fatty acid binding protein 3 [Source:NCBI gene (formerly Entrezgene);Acc:399532],True,,12840.0,0.042965332667032875
ENSSSCG00000038184,ACBD7,acyl-CoA binding domain containing 7 [Source:VGNC Symbol;Acc:VGNC:95856],True,,13301.0,0.042922332882881165
ENSSSCG00000039655,TAFAZZIN,"tafazzin, phospholipid-lysophospholipid transacylase [Source:VGNC Symbol;Acc:VGNC:93756]",True,,12270.0,0.042846997578938804
ENSSSCG00000013604,MYO1F,myosin IF [Source:VGNC Symbol;Acc:VGNC:90529],True,,60001.0,0.04101600001255671
ENSSSCG00000014570,NRIP3,TMEM9 domain family member B [Source:UniProtKB Gene Name;Acc:A0A8D0VD58],True,,39606.0,0.0403677336871624
ENSSSCG00000024756,SPG7,"SPG7 matrix AAA peptidase subunit, paraplegin [Source:VGNC Symbol;Acc:VGNC:98334]",True,,67047.0,0.040251667300860085
ENSSSCG00000041777,,,True,,,0.03985400001207987
ENSSSCG00000013017,EHD1,EH domain containing 1 [Source:VGNC Symbol;Acc:VGNC:87595],True,,36730.0,0.03943966577450434
ENSSSCG00000004752,EXD1,exonuclease 3'-5' domain containing 1 [Source:VGNC Symbol;Acc:VGNC:87823],True,,48032.0,0.039406999945640564
ENSSSCG00000016698,HOXA11,homeobox A11 [Source:VGNC Symbol;Acc:VGNC:88935],True,,4075.0,0.03930989901224772
ENSSSCG00000008470,THUMPD2,THUMP domain containing 2 [Source:VGNC Symbol;Acc:VGNC:93971],True,,43216.0,0.03884233285983404
ENSSSCG00000004052,FNDC1,fibronectin type III domain containing 1 [Source:VGNC Symbol;Acc:VGNC:88181],True,,102759.0,0.03786666691303253
ENSSSCG00000004676,DUOXA2,dual oxidase maturation factor 2 [Source:NCBI gene (formerly Entrezgene);Acc:100155365],True,,4096.0,0.03781293332576752
ENSSSCG00000021305,,,True,,,0.03776666770378748
ENSSSCG00000002029,MYH6,myosin heavy chain 6 [Source:UniProtKB Gene Name;Acc:K7GMH0],True,,27369.0,0.037485999365647636
ENSSSCG00000016177,XRCC5,X-ray repair cross complementing 5 [Source:VGNC Symbol;Acc:VGNC:95570],True,,98839.0,0.03748466571172079
ENSSSCG00000007058,PLCB4,phospholipase C beta 4 [Source:VGNC Symbol;Acc:VGNC:96491],True,,436768.0,0.037047666807969414
ENSSSCG00000041487,,,True,,,0.03701061305279533
ENSSSCG00000032911,DUSP8,dual specificity phosphatase 8 [Source:VGNC Symbol;Acc:VGNC:87489],True,,19025.0,0.03665423269073168
ENSSSCG00000011518,SHQ1,"SHQ1, H/ACA ribonucleoprotein assembly factor [Source:VGNC Symbol;Acc:VGNC:92859]",True,,112637.0,0.036614999175071716
ENSSSCG00000015247,ZBTB44,zinc finger and BTB domain containing 44 [Source:VGNC Symbol;Acc:VGNC:95076],True,,88240.0,0.03588666766881943
ENSSSCG00000004714,EPB42,erythrocyte membrane protein band 4.2 [Source:VGNC Symbol;Acc:VGNC:87725],True,,23791.0,0.03560933222373327
ENSSSCG00000016200,PRKAG3,protein kinase AMP-activated non-catalytic subunit gamma 3 [Source:NCBI gene (formerly Entrezgene);Acc:397149],True,,13036.0,0.03530043363571167
ENSSSCG00000004039,SLC22A3,solute carrier family 22 member 3 [Source:VGNC Symbol;Acc:VGNC:92980],True,,104204.0,0.03493766734997431
ENSSSCG00000015781,ENPP6,ectonucleotide pyrophosphatase/phosphodiesterase 6 [Source:VGNC Symbol;Acc:VGNC:95999],True,,132524.0,0.03457833329836527
ENSSSCG00000012663,ENOX2,ecto-NOX disulfide-thiol exchanger 2 [Source:VGNC Symbol;Acc:VGNC:87707],True,,280947.0,0.034388333559036255
ENSSSCG00000017571,EME1,essential meiotic structure-specific endonuclease 1 [Source:VGNC Symbol;Acc:VGNC:87676],True,,8263.0,0.034313999116420746
ENSSSCG00000034608,TMEM94,transmembrane protein 94 [Source:VGNC Symbol;Acc:VGNC:94218],True,,59293.0,0.03425666689872742
ENSSSCG00000027278,ARL6,ADP ribosylation factor like GTPase 6 [Source:VGNC Symbol;Acc:VGNC:85524],True,,36708.0,0.03409533451000849
ENSSSCG00000000190,TUBA1B,tubulin alpha 1b [Source:NCBI gene (formerly Entrezgene);Acc:733594],True,,3615.0,0.034038533146182694
ENSSSCG00000034752,SUPT4H1,"SPT4 homolog, DSIF elongation factor subunit [Source:VGNC Symbol;Acc:VGNC:93624]",True,,7918.0,0.033916667103767395
ENSSSCG00000011692,ZIC1,Zic family member 1 [Source:VGNC Symbol;Acc:VGNC:95166],True,,116871.0,0.03379816592981418
ENSSSCG00000011845,PCYT1A,"phosphate cytidylyltransferase 1A, choline [Source:VGNC Symbol;Acc:VGNC:104019]",True,,73735.0,0.03368100027243296
ENSSSCG00000004127,PLAGL1,PLAG1 like zinc finger 1 [Source:VGNC Symbol;Acc:VGNC:91510],True,,124414.0,0.03341799974441528
ENSSSCG00000012843,PIDD1,p53-induced death domain protein 1 [Source:VGNC Symbol;Acc:VGNC:98192],True,,10574.0,0.033156966169675194
ENSSSCG00000015766,WDR17,WD repeat domain 17 [Source:VGNC Symbol;Acc:VGNC:95816],True,,116980.0,0.032103399435679116
ENSSSCG00000013848,RAB8A,"RAB8A, member RAS oncogene family [Source:NCBI gene (formerly Entrezgene);Acc:100511006]",True,,22391.0,0.03205350041389465
ENSSSCG00000041935,HSPB7,heat shock protein family B (small) member 7 [Source:NCBI gene (formerly Entrezgene);Acc:100627988],True,,6569.0,0.031915366649627686
ENSSSCG00000016464,CASP2,caspase 2 [Source:UniProtKB Gene Name;Acc:A0A8D0Z3V2],True,,19481.0,0.03150296707948049
ENSSSCG00000040617,TNFAIP8,TNF alpha induced protein 8 [Source:VGNC Symbol;Acc:VGNC:94253],True,,130996.0,0.03137663255135218
ENSSSCG00000051588,,,False,,,0.03091876705487569
ENSSSCG00000028031,HDAC11,histone deacetylase 11 [Source:VGNC Symbol;Acc:VGNC:88812],True,,26700.0,0.030896166960398357
ENSSSCG00000046791,,,False,,,0.030589599783221882
ENSSSCG00000004367,POPDC3,popeye domain containing 3 [Source:VGNC Symbol;Acc:VGNC:91668],True,,22555.0,0.030526679009199142
ENSSSCG00000038005,,,True,,,0.029918000102043152
ENSSSCG00000017862,TRPV3,transient receptor potential cation channel subfamily V member 3 [Source:VGNC Symbol;Acc:VGNC:94475],True,,47310.0,0.02967119961977005
ENSSSCG00000033655,TUBB2B,"tubulin, beta 2B class IIb [Source:NCBI gene (formerly Entrezgene);Acc:100153507]",True,,8406.0,0.029669833679993946
ENSSSCG00000033794,,,False,,,0.029510733981927235
ENSSSCG00000004368,PREP,prolyl endopeptidase [Source:VGNC Symbol;Acc:VGNC:103157],True,,180844.0,0.02934853235880534
ENSSSCG00000025179,NECAP1,NECAP endocytosis associated 1 [Source:VGNC Symbol;Acc:VGNC:90660],True,,20942.0,0.029322899878025055
ENSSSCG00000011450,ITIH1,inter-alpha-trypsin inhibitor heavy chain 1 [Source:VGNC Symbol;Acc:VGNC:111195],True,,14501.0,0.028405066579580307
ENSSSCG00000037423,,,False,,,0.028254600862662
ENSSSCG00000012266,SLC9A7,solute carrier family 9 member A7 [Source:VGNC Symbol;Acc:VGNC:93189],True,,159942.0,0.028241567313671112
ENSSSCG00000050878,,,True,,,0.02777603268623352
ENSSSCG00000004193,ENPP1,ectonucleotide pyrophosphatase/phosphodiesterase 1 [Source:VGNC Symbol;Acc:VGNC:87708],True,,87162.0,0.027544699609279633
ENSSSCG00000037390,,,True,,,0.027465832730134327
ENSSSCG00000017052,ADAM19,ADAM metallopeptidase domain 19 [Source:VGNC Symbol;Acc:VGNC:85066],True,,180324.0,0.027270933613181114
ENSSSCG00000038094,GPX7,glutathione peroxidase 7 [Source:VGNC Symbol;Acc:VGNC:97069],True,,6680.0,0.02715589975317319
ENSSSCG00000049918,,,True,,,0.027104366570711136
ENSSSCG00000021259,CDA,cytidine deaminase [Source:NCBI gene (formerly Entrezgene);Acc:100515954],True,,29976.0,0.026867732405662537
ENSSSCG00000008545,ZNF512,zinc finger protein 512 [Source:VGNC Symbol;Acc:VGNC:95254],True,,40248.0,0.02633606642484665
ENSSSCG00000036551,AGBL1,AGBL carboxypeptidase 1 [Source:HGNC Symbol;Acc:HGNC:26504],True,,969298.0,0.026060265799363453
ENSSSCG00000005620,SH2D3C,SH2 domain containing 3C [Source:VGNC Symbol;Acc:VGNC:92810],True,,40410.0,0.02575233330329259
ENSSSCG00000005425,SLC44A1,solute carrier family 44 member 1 [Source:VGNC Symbol;Acc:VGNC:93118],True,,194635.0,0.025173065563042957
ENSSSCG00000011760,TBL1XR1,TBL1X/Y related 1 [Source:VGNC Symbol;Acc:VGNC:96600],True,,208660.0,0.024938933551311493
ENSSSCG00000004148,CCDC28A,coiled-coil domain containing 28A [Source:NCBI gene (formerly Entrezgene);Acc:100512200],True,,19826.0,0.024880866209665935
ENSSSCG00000003400,NMNAT1,nicotinamide nucleotide adenylyltransferase 1 [Source:VGNC Symbol;Acc:VGNC:90797],True,,42073.0,0.02447333311041196
ENSSSCG00000032737,,,False,,,0.02375566711028417
ENSSSCG00000018117,SNORD14,Small nucleolar RNA SNORD14 [Source:RFAM;Acc:RF00016],True,,89.0,0.023155334095160168
ENSSSCG00000005981,FBXO32,F-box protein 32 [Source:NCBI gene (formerly Entrezgene);Acc:733657],True,,43384.0,0.02313799907763799
ENSSSCG00000038672,,,True,,,0.02304770052433014
ENSSSCG00000015507,TNN,tenascin N [Source:VGNC Symbol;Acc:VGNC:108622],True,,80566.0,0.0228517334908247
ENSSSCG00000040025,NANOS1,nanos C2HC-type zinc finger 1 [Source:VGNC Symbol;Acc:VGNC:90574],True,,4016.0,0.022770966092745464
ENSSSCG00000011238,ARPP21,cAMP regulated phosphoprotein 21 [Source:VGNC Symbol;Acc:VGNC:85541],True,,155551.0,0.02271343270937602
ENSSSCG00000003159,KCNA7,potassium voltage-gated channel subfamily A member 7 [Source:VGNC Symbol;Acc:VGNC:89327],True,,5302.0,0.022643032173315685
ENSSSCG00000039860,,,True,,,0.02253556748231252
ENSSSCG00000004576,RORA,RAR related orphan receptor A [Source:VGNC Symbol;Acc:VGNC:92408],True,,741018.0,0.02246809999148051
ENSSSCG00000002640,DEF8,differentially expressed in FDCP 8 homolog [Source:VGNC Symbol;Acc:VGNC:87239],True,,19939.0,0.02234820028146108
ENSSSCG00000011259,SCN5A,sodium voltage-gated channel alpha subunit 5 [Source:VGNC Symbol;Acc:VGNC:92637],True,,101686.0,0.02223983407020569
ENSSSCG00000004745,RPAP1,RNA polymerase II associated protein 1 [Source:VGNC Symbol;Acc:VGNC:92417],True,,27102.0,0.02210216596722603
ENSSSCG00000003621,ZSCAN20,zinc finger and SCAN domain containing 20 [Source:VGNC Symbol;Acc:VGNC:95327],True,,29046.0,0.02138533443212509
ENSSSCG00000007226,,,False,,,0.021132133901119232
ENSSSCG00000047367,,,True,,,0.021118666976690292
ENSSSCG00000040412,,,True,,,0.021070900062719982
ENSSSCG00000005701,ASS1,argininosuccinate synthase 1 [Source:VGNC Symbol;Acc:VGNC:85590],True,,59079.0,0.021048112772405148
ENSSSCG00000010006,SEC14L2,SEC14 like lipid binding 2 [Source:VGNC Symbol;Acc:VGNC:111142],True,,28362.0,0.0210317000746727
ENSSSCG00000018450,SNORD100,"small nucleolar RNA, C/D box 100 [Source:HGNC Symbol;Acc:HGNC:32763]",True,,75.0,0.021025667587916057
ENSSSCG00000029668,IL2RB,interleukin 2 receptor subunit beta [Source:VGNC Symbol;Acc:VGNC:89103],True,,58010.0,0.020903166383504868
ENSSSCG00000051233,,,True,,,0.020751533408959705
ENSSSCG00000004479,FILIP1,filamin A interacting protein 1 [Source:VGNC Symbol;Acc:VGNC:88139],True,,201941.0,0.02060769995053609
ENSSSCG00000037621,NHSL3,NHS like 3 [Source:VGNC Symbol;Acc:VGNC:89444],True,,33274.0,0.0203598669419686
ENSSSCG00000008200,ANKRD23,ankyrin repeat domain 23 [Source:NCBI gene (formerly Entrezgene);Acc:100525457],True,,33408.0,0.02001426617304484
ENSSSCG00000011514,MITF,melanocyte inducing transcription factor [Source:VGNC Symbol;Acc:VGNC:90243],True,,229800.0,0.019551099588473637
ENSSSCG00000024763,,,False,,,0.019473666946093243
ENSSSCG00000015859,SAP130,Sin3A associated protein 130 [Source:VGNC Symbol;Acc:VGNC:96231],True,,86907.0,0.019403066486120224
ENSSSCG00000037232,SNX29,sorting nexin 29 [Source:VGNC Symbol;Acc:VGNC:98331],True,,597553.0,0.019200899948676426
ENSSSCG00000039651,SLC2A5,solute carrier family 2 member 5 [Source:VGNC Symbol;Acc:VGNC:93050],True,,53372.0,0.019073400025566418
ENSSSCG00000040849,,,True,,,0.018758267164230347
ENSSSCG00000031306,,,False,,,0.018732566386461258
ENSSSCG00000044962,,,False,,,0.01863960052529971
ENSSSCG00000014039,RGS14,regulator of G protein signaling 14 [Source:VGNC Symbol;Acc:VGNC:92261],True,,14703.0,0.01817320038874944
ENSSSCG00000037600,C1orf216,chromosome 6 C1orf216 homolog [Source:VGNC Symbol;Acc:VGNC:86064],True,,5019.0,0.018023166805505753
ENSSSCG00000009853,WSB2,WD repeat and SOCS box containing 2 [Source:VGNC Symbol;Acc:VGNC:94982],True,,29743.0,0.017716899514198303
ENSSSCG00000051459,,,True,,,0.01740750049551328
ENSSSCG00000004357,SIM1,SIM bHLH transcription factor 1 [Source:VGNC Symbol;Acc:VGNC:92876],True,,79926.0,0.017277900129556656
ENSSSCG00000027669,TNS1,tensin 1 [Source:VGNC Symbol;Acc:VGNC:104082],True,,234394.0,0.01717599978049596
ENSSSCG00000024300,TMEM254,transmembrane protein 254 [Source:VGNC Symbol;Acc:VGNC:94160],True,,13911.0,0.017124233146508534
ENSSSCG00000023215,MAOB,monoamine oxidase B [Source:NCBI gene (formerly Entrezgene);Acc:414909],True,,116159.0,0.01710096684594949
ENSSSCG00000012178,,,True,,,0.017090299477179844
ENSSSCG00000022322,,,False,,,0.016903200497229893
ENSSSCG00000000781,ABCD2,ATP binding cassette subfamily D member 2 [Source:VGNC Symbol;Acc:VGNC:84962],True,,69770.0,0.016793399428327877
ENSSSCG00000029226,UBC,ubiquitin C [Source:VGNC Symbol;Acc:VGNC:94638],True,,5764.0,0.0167861661563317
ENSSSCG00000039712,,,True,,,0.016726266592741013
ENSSSCG00000008832,,leucine rich repeat containing 66 [Source:UniProtKB Gene Name;Acc:F1SE78],True,,,0.016670933614174526
ENSSSCG00000007462,KCNB1,potassium voltage-gated channel subfamily B member 1 [Source:VGNC Symbol;Acc:VGNC:96386],True,,190903.0,0.016605399549007416
ENSSSCG00000015213,EI24,EI24 autophagy associated transmembrane protein [Source:VGNC Symbol;Acc:VGNC:87602],True,,16442.0,0.016598633180061977
ENSSSCG00000043851,,,False,,,0.01631123386323452
ENSSSCG00000004419,SLC16A10,solute carrier family 16 member 10 [Source:VGNC Symbol;Acc:VGNC:103178],True,,143691.0,0.016223533699909847
ENSSSCG00000037096,TMEM88,transmembrane protein 88 [Source:VGNC Symbol;Acc:VGNC:94214],True,,1055.0,0.016214499870936077
ENSSSCG00000029541,PSD2,pleckstrin and Sec7 domain containing 2 [Source:VGNC Symbol;Acc:VGNC:91896],True,,48662.0,0.01614850014448166
ENSSSCG00000034771,CCNDBP1,cyclin D1 binding protein 1 [Source:VGNC Symbol;Acc:VGNC:86354],True,,12059.0,0.016147566338380177
ENSSSCG00000003253,,myeloid associated differentiation marker [Source:VGNC Symbol;Acc:VGNC:98508],True,,,0.015921933576464653
ENSSSCG00000005638,LCN2,lipocalin 2 [Source:VGNC Symbol;Acc:VGNC:89662],True,,4382.0,0.015887100249528885
ENSSSCG00000032648,RBL2,RB transcriptional corepressor like 2 [Source:VGNC Symbol;Acc:VGNC:92143],True,,57672.0,0.015716133018334705
ENSSSCG00000006581,,S100 calcium binding protein A16 [Source:NCBI gene (formerly Entrezgene);Acc:100155146],True,,,0.015246366461118063
ENSSSCG00000046470,,,True,,,0.014638032764196396
ENSSSCG00000012181,PDK3,pyruvate dehydrogenase kinase 3 [Source:VGNC Symbol;Acc:VGNC:91279],True,,85222.0,0.014481928325646246
ENSSSCG00000011698,GYG1,glycogenin 1 [Source:VGNC Symbol;Acc:VGNC:88758],True,,40367.0,0.014425033082564672
ENSSSCG00000045649,,,False,,,0.014041600128014883
ENSSSCG00000014367,SLC35A4,solute carrier family 35 member A4 [Source:VGNC Symbol;Acc:VGNC:93069],True,,4281.0,0.013917800039052963
ENSSSCG00000015986,HOXD1,homeobox D1 [Source:VGNC Symbol;Acc:VGNC:96350],True,,2240.0,0.01388793314496676
ENSSSCG00000040088,,,True,,,0.013443833837906519
ENSSSCG00000015336,SLC25A13,solute carrier family 25 member 13 [Source:VGNC Symbol;Acc:VGNC:92992],True,,201929.0,0.013441533471147219
ENSSSCG00000004089,RMND1,required for meiotic nuclear division 1 homolog [Source:VGNC Symbol;Acc:VGNC:92335],True,,53260.0,0.01318906620144844
ENSSSCG00000035331,,,True,,,0.013145066797733307
ENSSSCG00000045496,,,False,,,0.013055966856578985
ENSSSCG00000006289,F5,coagulation factor V [Source:NCBI gene (formerly Entrezgene);Acc:397217],True,,74637.0,0.012905899435281754
ENSSSCG00000009096,EXOSC9,exosome component 9 [Source:VGNC Symbol;Acc:VGNC:87845],True,,15703.0,0.01288936659693718
ENSSSCG00000039425,BPGM,bisphosphoglycerate mutase [Source:VGNC Symbol;Acc:VGNC:85863],True,,33005.0,0.012869166831175486
ENSSSCG00000011110,CCDC3,coiled-coil domain containing 3 [Source:UniProtKB Gene Name;Acc:F1RUQ7],True,,203027.0,0.01257223387559255
ENSSSCG00000025721,TMPRSS7,transmembrane serine protease 7 [Source:VGNC Symbol;Acc:VGNC:94239],True,,46533.0,0.012440666556358337
ENSSSCG00000047080,OPRD1,opioid receptor delta 1 [Source:UniProtKB Gene Name;Acc:A0A4X1T9V2],True,,59097.0,0.01239639955262343
ENSSSCG00000036157,BARX2,BARX homeobox 2 [Source:VGNC Symbol;Acc:VGNC:85758],True,,76431.0,0.012373633682727814
ENSSSCG00000031075,,,True,,,0.012074733773867289
ENSSSCG00000008115,,"mal, T cell differentiation protein [Source:VGNC Symbol;Acc:VGNC:110578]",True,,,0.012049499899148941
ENSSSCG00000008785,FAM114A1,family with sequence similarity 114 member A1 [Source:VGNC Symbol;Acc:VGNC:87890],True,,78063.0,0.01187396670381228
ENSSSCG00000008959,CXCL2,chemokine (C-X-C motif) ligand 2 [Source:NCBI gene (formerly Entrezgene);Acc:414904],True,,2156.0,0.011497666438420614
ENSSSCG00000000720,AKAP3,A-kinase anchoring protein 3 [Source:VGNC Symbol;Acc:VGNC:85218],True,,35689.0,0.011211966474850973
ENSSSCG00000025661,TBRG1,transforming growth factor beta regulator 1 [Source:VGNC Symbol;Acc:VGNC:93794],True,,13090.0,0.011138400062918663
ENSSSCG00000031536,MYCT1,MYC target 1 [Source:VGNC Symbol;Acc:VGNC:90505],True,,26672.0,0.010744566718737284
ENSSSCG00000050590,,,False,,,0.010478433221578598
ENSSSCG00000030253,NOL9,nucleolar protein 9 [Source:VGNC Symbol;Acc:VGNC:90817],True,,33189.0,0.010423466563224792
ENSSSCG00000016450,NOS3,nitric oxide synthase 3 [Source:NCBI gene (formerly Entrezgene);Acc:397557],True,,24636.0,0.010420600573221842
ENSSSCG00000004041,SLC22A1,solute carrier family 22 member 1 [Source:VGNC Symbol;Acc:VGNC:103179],True,,37583.0,0.010385533173878988
ENSSSCG00000042170,,,False,,,0.010221200063824654
ENSSSCG00000029002,PNKD,PNKD metallo-beta-lactamase domain containing [Source:VGNC Symbol;Acc:VGNC:96493],True,,77142.0,0.010177133604884148
ENSSSCG00000044128,,,True,,,0.010100366547703743
ENSSSCG00000031465,PRRT1B,proline rich transmembrane protein 1B [Source:VGNC Symbol;Acc:VGNC:91872],True,,15098.0,0.010085933531324068
ENSSSCG00000025188,LEPR,leptin receptor [Source:VGNC Symbol;Acc:VGNC:89685],True,,220907.0,0.010031299976011118
ENSSSCG00000026422,GPER1,G protein-coupled estrogen receptor 1 [Source:VGNC Symbol;Acc:VGNC:88584],True,,12303.0,0.00985646682480971
ENSSSCG00000023110,UBXN1,UBX domain protein 1 [Source:VGNC Symbol;Acc:VGNC:94674],True,,2834.0,0.009728100150823593
ENSSSCG00000008981,,,True,,,0.009667067012439171
ENSSSCG00000006954,EEF1D,eukaryotic translation elongation factor 1 delta [Source:UniProtKB Gene Name;Acc:A0A8D0V326],True,,19844.0,0.009642566864689192
ENSSSCG00000004172,SLC2A12,solute carrier family 2 member 12 [Source:VGNC Symbol;Acc:VGNC:93046],True,,65079.0,0.009600980207324028
ENSSSCG00000032696,TMEM179B,transmembrane protein 179B [Source:VGNC Symbol;Acc:VGNC:94116],True,,3016.0,0.009545833493272463
ENSSSCG00000046390,,,False,,,0.009414533153176308
ENSSSCG00000011453,ITIH4,inter-alpha-trypsin inhibitor heavy chain 4 [Source:VGNC Symbol;Acc:VGNC:109459],True,,18151.0,0.009336966400345167
ENSSSCG00000015616,HSD11B1,hydroxysteroid 11-beta dehydrogenase 1 [Source:NCBI gene (formerly Entrezgene);Acc:397480],True,,48771.0,0.009298700218399366
ENSSSCG00000023377,EMP3,epithelial membrane protein 3 [Source:VGNC Symbol;Acc:VGNC:87690],True,,9250.0,0.009264533097545305
ENSSSCG00000014113,HOMER1,homer scaffold protein 1 [Source:VGNC Symbol;Acc:VGNC:88928],True,,141929.0,0.009142699961860975
ENSSSCG00000014579,TMEM41B,transmembrane protein 41B [Source:VGNC Symbol;Acc:VGNC:94179],True,,33982.0,0.008963766818245253
ENSSSCG00000023105,NET1,neuroepithelial cell transforming 1 [Source:VGNC Symbol;Acc:VGNC:95622],True,,46499.0,0.008923866475621859
ENSSSCG00000039745,HMOX1,heme oxygenase 1 [Source:NCBI gene (formerly Entrezgene);Acc:445512],True,,13853.0,0.008718366424242655
ENSSSCG00000023165,SEMA7A,semaphorin 7A (JohnMiltonHagen blood group) [Source:UniProtKB Gene Name;Acc:A0A8D1YYB7],True,,24669.0,0.008639533072710037
ENSSSCG00000010860,PSEN2,presenilin 2 [Source:VGNC Symbol;Acc:VGNC:96508],True,,57542.0,0.008623233065009117
ENSSSCG00000010009,GAL3ST1,galactose-3-O-sulfotransferase 1 [Source:VGNC Symbol;Acc:VGNC:88321],True,,21578.0,0.0086002666503191
ENSSSCG00000046901,,,False,,,0.008530933409929276
ENSSSCG00000009182,ADH1C,"alcohol dehydrogenase 1C (class I), gamma polypeptide [Source:NCBI gene (formerly Entrezgene);Acc:100512615]",True,,17794.0,0.008522899821400642
ENSSSCG00000026996,,,True,,,0.008455166593194008
ENSSSCG00000017886,FBXO39,F-box protein 39 [Source:VGNC Symbol;Acc:VGNC:88043],True,,20886.0,0.00831246686478456
ENSSSCG00000042615,,,True,,,0.008277600010236105
ENSSSCG00000049199,,,True,,,0.008246566479404768
ENSSSCG00000015795,,coiled-coil domain containing 110 [Source:UniProtKB Gene Name;Acc:I3LC34],True,,,0.008111833284298578
ENSSSCG00000042694,,,False,,,0.008035900071263313
ENSSSCG00000027726,DLL1,delta like canonical Notch ligand 1 [Source:VGNC Symbol;Acc:VGNC:87335],True,,24363.0,0.007995466391245524
ENSSSCG00000003153,FTL,ferritin light chain [Source:NCBI gene (formerly Entrezgene);Acc:397035],True,,2621.0,0.007860700289408365
ENSSSCG00000003941,SZT2,SZT2 subunit of KICSTOR complex [Source:VGNC Symbol;Acc:VGNC:93696],True,,64365.0,0.007690000037352244
ENSSSCG00000036224,,,True,,,0.007291269954293966
ENSSSCG00000017498,PPP1R1B,protein phosphatase 1 regulatory inhibitor subunit 1B [Source:VGNC Symbol;Acc:VGNC:91728],True,,9886.0,0.007265533631046613
ENSSSCG00000012050,RCAN1,regulator of calcineurin 1 [Source:VGNC Symbol;Acc:VGNC:92170],True,,101971.0,0.007242633029818535
ENSSSCG00000014280,RAD50,RAD50 double strand break repair protein [Source:UniProtKB Gene Name;Acc:A0A287ATD2],True,,90330.0,0.007117000098029773
ENSSSCG00000014361,CYSTM1,cysteine rich transmembrane module containing 1 [Source:VGNC Symbol;Acc:VGNC:87134],True,,106980.0,0.0069576700528462725
ENSSSCG00000002461,BTBD7,BTB domain containing 7 [Source:VGNC Symbol;Acc:VGNC:85908],True,,95542.0,0.006871066366632779
ENSSSCG00000017801,TRARG1,trafficking regulator of GLUT4 (SLC2A4) 1 [Source:NCBI gene (formerly Entrezgene);Acc:100126201],True,,21316.0,0.00670299989481767
ENSSSCG00000023235,MAN1C1,mannosidase alpha class 1C member 1 [Source:VGNC Symbol;Acc:VGNC:89968],True,,169414.0,0.006626199930906296
ENSSSCG00000031657,,,True,,,0.0064536333084106445
ENSSSCG00000005938,COL22A1,collagen type XXII alpha 1 chain [Source:VGNC Symbol;Acc:VGNC:97937],True,,325828.0,0.006433066601554553
ENSSSCG00000003429,CLCN6,chloride voltage-gated channel 6 [Source:VGNC Symbol;Acc:VGNC:86729],True,,41983.0,0.006414866695801417
ENSSSCG00000027372,SAMD9,sterile alpha motif domain containing 9 [Source:UniProtKB Gene Name;Acc:A0A287B7Q2],True,,18510.0,0.006361466522018115
ENSSSCG00000037932,U6,U6 spliceosomal RNA [Source:RFAM;Acc:RF00026],True,,105.0,0.006317966928084691
ENSSSCG00000030831,DENND3,DENN domain containing 3 [Source:VGNC Symbol;Acc:VGNC:87250],True,,78530.0,0.006026466687520345
ENSSSCG00000039802,FBXL2,F-box and leucine rich repeat protein 2 [Source:VGNC Symbol;Acc:VGNC:98005],True,,126637.0,0.005918099855383237
ENSSSCG00000005524,DAB2IP,DAB2 interacting protein [Source:VGNC Symbol;Acc:VGNC:87145],True,,218473.0,0.005897600203752518
ENSSSCG00000032151,CPZ,carboxypeptidase Z [Source:VGNC Symbol;Acc:VGNC:86970],True,,27101.0,0.005809566626946132
ENSSSCG00000012769,ATP2B3,ATPase plasma membrane Ca2+ transporting 3 [Source:VGNC Symbol;Acc:VGNC:85650],True,,65302.0,0.005658299972613652
ENSSSCG00000006245,SDR16C5,short chain dehydrogenase/reductase family 16C member 5 [Source:VGNC Symbol;Acc:VGNC:98853],True,,20771.0,0.0055489664276440935
ENSSSCG00000027516,CIR1,"corepressor interacting with RBPJ, CIR1 [Source:NCBI gene (formerly Entrezgene);Acc:100511415]",True,,47690.0,0.0053727999329566956
ENSSSCG00000025715,SNORD15,Small nucleolar RNA SNORD15 [Source:RFAM;Acc:RF00067],True,,,0.005364066610733668
ENSSSCG00000021803,RANBP10,RAN binding protein 10 [Source:VGNC Symbol;Acc:VGNC:92077],True,,83490.0,0.005276100089152654
ENSSSCG00000042985,,,False,,,0.005269133175412814
ENSSSCG00000034356,,,True,,,0.0052272335936625796
ENSSSCG00000035676,G3BP1,G3BP stress granule assembly factor 1 [Source:VGNC Symbol;Acc:VGNC:88288],True,,41960.0,0.005061899932722251
ENSSSCG00000050531,,,True,,,0.005006100051105022
ENSSSCG00000007909,ABAT,4-aminobutyrate aminotransferase [Source:NCBI gene (formerly Entrezgene);Acc:397500],True,,109979.0,0.0048860665410757065
ENSSSCG00000051232,,,True,,,0.00484163345148166
ENSSSCG00000041560,,,True,,,0.004812399856746197
ENSSSCG00000011147,,"aldo-keto reductase family 1, member C1 [Source:NCBI gene (formerly Entrezgene);Acc:733634]",True,,,0.004463033440212409
ENSSSCG00000037771,,,False,,,0.004369826676944892
ENSSSCG00000029901,UBE2O,ubiquitin conjugating enzyme E2 O [Source:VGNC Symbol;Acc:VGNC:94649],True,,63752.0,0.0042932334666450815
ENSSSCG00000011358,TREX1,three prime repair exonuclease 1 [Source:VGNC Symbol;Acc:VGNC:94388],True,,1834.0,0.004278131081567456
ENSSSCG00000004044,IGF2R,insulin like growth factor 2 receptor [Source:NCBI gene (formerly Entrezgene);Acc:397214],True,,144425.0,0.004228373368581136
ENSSSCG00000004163,BCLAF1,BCL2 associated transcription factor 1 [Source:VGNC Symbol;Acc:VGNC:85787],True,,33224.0,0.00419410007695357
ENSSSCG00000015512,PAPPA2,pappalysin 2 [Source:VGNC Symbol;Acc:VGNC:91171],True,,382430.0,0.004125566532214482
ENSSSCG00000007978,,,True,,,0.0041087667147318525
ENSSSCG00000004625,LEO1,"LEO1 homolog, Paf1/RNA polymerase II complex component [Source:VGNC Symbol;Acc:VGNC:89683]",True,,33766.0,0.004073300088445346
ENSSSCG00000031868,XK,"X-linked Kx blood group antigen, Kell and VPS13A binding protein [Source:UniProtKB Gene Name;Acc:A0A4X1VJC2]",True,,46339.0,0.004015999846160412
ENSSSCG00000041922,,,False,,,0.003982199976841609
ENSSSCG00000010795,NDUFAB1,NADH:ubiquinone oxidoreductase subunit AB1 [Source:VGNC Symbol;Acc:VGNC:104004],True,,15305.0,0.0039773667231202126
ENSSSCG00000013003,ZNHIT2,zinc finger HIT-type containing 2 [Source:VGNC Symbol;Acc:VGNC:95314],True,,1298.0,0.003949536631504695
ENSSSCG00000031450,MLYCD,malonyl-CoA decarboxylase [Source:VGNC Symbol;Acc:VGNC:98129],True,,52330.0,0.003919366747140884
ENSSSCG00000013599,ANGPTL4,angiopoietin like 4 [Source:NCBI gene (formerly Entrezgene);Acc:397628],True,,11148.0,0.0037829667950669923
ENSSSCG00000010370,,annexin A8 [Source:NCBI gene (formerly Entrezgene);Acc:100155930],True,,,0.0037438667689760527
ENSSSCG00000040348,LIN7A,"lin-7 homolog A, crumbs cell polarity complex component [Source:VGNC Symbol;Acc:VGNC:89730]",True,,145414.0,0.003711866525312265
ENSSSCG00000028345,,zinc finger protein 33B [Source:UniProtKB Gene Name;Acc:I3LC32],True,,,0.0036532332499821982
ENSSSCG00000004856,NFATC1,nuclear factor of activated T cells 1 [Source:NCBI gene (formerly Entrezgene);Acc:397318],True,,133469.0,0.0035569999987880387
ENSSSCG00000011082,COMMD3,COMM domain containing 3 [Source:VGNC Symbol;Acc:VGNC:95995],True,,4450.0,0.0034745000302791595
ENSSSCG00000007951,CREBBP,CREB binding protein [Source:VGNC Symbol;Acc:VGNC:86985],True,,155659.0,0.003427666611969471
ENSSSCG00000007564,AMZ1,archaelysin family metallopeptidase 1 [Source:NCBI gene (formerly Entrezgene);Acc:100337670],True,,96224.0,0.003268356745441755
ENSSSCG00000003080,,immunoglobulin superfamily member 23 [Source:VGNC Symbol;Acc:VGNC:89066],True,,,0.0032536334668596587
ENSSSCG00000004919,NEDD4L,NEDD4 like E3 ubiquitin protein ligase [Source:VGNC Symbol;Acc:VGNC:90667],True,,357490.0,0.0032235365360975266
ENSSSCG00000003399,RBP7,retinol binding protein 7 [Source:NCBI gene (formerly Entrezgene);Acc:100270723],True,,18967.0,0.003091163312395414
ENSSSCG00000004831,,,False,,,0.0030612267243365445
ENSSSCG00000009202,MMRN1,multimerin 1 [Source:VGNC Symbol;Acc:VGNC:90281],True,,75097.0,0.0030567866439620652
ENSSSCG00000007681,CUX1,cut like homeobox 1 [Source:VGNC Symbol;Acc:VGNC:87093],True,,468054.0,0.003032283236583074
ENSSSCG00000028475,KPNA1,karyopherin subunit alpha 1 [Source:NCBI gene (formerly Entrezgene);Acc:397235],True,,93045.0,0.002984196568528811
ENSSSCG00000004508,DYM,dymeclin [Source:VGNC Symbol;Acc:VGNC:87495],True,,424960.0,0.002915056732793649
ENSSSCG00000023562,SNRPE,small nuclear ribonucleoprotein polypeptide E [Source:NCBI gene (formerly Entrezgene);Acc:100038330],True,,9554.0,0.0028783601398269334
ENSSSCG00000010131,TXNRD2,thioredoxin reductase 2 [Source:NCBI gene (formerly Entrezgene);Acc:100156736],True,,66303.0,0.002864473188916842
ENSSSCG00000029697,FAM120B,family with sequence similarity 120 member B [Source:VGNC Symbol;Acc:VGNC:87895],True,,116364.0,0.0028434866884102425
ENSSSCG00000039904,SNORD14,Small nucleolar RNA SNORD14 [Source:RFAM;Acc:RF00016],True,,89.0,0.0028066368152697883
ENSSSCG00000027046,,ubiquitin specific peptidase 9 Y-linked [Source:UniProtKB Gene Name;Acc:A0A287AC95],True,,,0.002633136697113514
ENSSSCG00000044446,,,False,,,0.0026306665192047753
ENSSSCG00000039797,APCDD1,APC down-regulated 1 [Source:VGNC Symbol;Acc:VGNC:85406],True,,35314.0,0.0026028499317665896
ENSSSCG00000034367,,,True,,,0.002541920014967521
ENSSSCG00000038404,SERPINB6,serpin family B member 6 [Source:UniProtKB Gene Name;Acc:I3LCP8],True,,24217.0,0.002529123332351446
ENSSSCG00000008047,E4F1,E4F transcription factor 1 [Source:VGNC Symbol;Acc:VGNC:87520],True,,12303.0,0.00252849996710817
ENSSSCG00000010221,,,True,,,0.0024734133233626685
ENSSSCG00000030300,,metallothionein 2A [Source:UniProtKB Gene Name;Acc:P79379],True,,,0.0024398999909559884
ENSSSCG00000033190,AQP1,aquaporin 1 (Colton blood group) [Source:NCBI gene (formerly Entrezgene);Acc:407773],True,,13797.0,0.0023165466263890266
ENSSSCG00000031140,,,False,,,0.0022288433586557708
ENSSSCG00000020701,TTC9,tetratricopeptide repeat domain 9 [Source:NCBI gene (formerly Entrezgene);Acc:100627339],True,,33701.0,0.0022078867380817733
ENSSSCG00000038453,SYNPO,synaptopodin [Source:VGNC Symbol;Acc:VGNC:93671],True,,58128.0,0.0021762000396847725
ENSSSCG00000005465,SUSD1,sushi domain containing 1 [Source:VGNC Symbol;Acc:VGNC:93633],True,,134709.0,0.0021274167423446975
ENSSSCG00000038777,CHLSN,chromosome 3 C7orf50 homolog [Source:VGNC Symbol;Acc:VGNC:86027],True,,141340.0,0.0021086734098692736
ENSSSCG00000036078,KCNJ3,potassium inwardly rectifying channel subfamily J member 3 [Source:UniProtKB Gene Name;Acc:A0A286ZP31],True,,160499.0,0.002107340066383282
ENSSSCG00000038323,ACTN3,actinin alpha 3 [Source:VGNC Symbol;Acc:VGNC:96785],True,,16939.0,0.0020820267188052335
ENSSSCG00000025027,,,False,,,0.0020432899861286082
ENSSSCG00000035027,ZDHHC14,zinc finger DHHC-type palmitoyltransferase 14 [Source:VGNC Symbol;Acc:VGNC:95117],True,,297024.0,0.0020111833388606706
ENSSSCG00000051689,,,False,,,0.002001366733262936
ENSSSCG00000015014,ZC3H12C,zinc finger CCCH-type containing 12C [Source:VGNC Symbol;Acc:VGNC:95091],True,,78449.0,0.0019988066827257476
ENSSSCG00000007199,SLC52A3,solute carrier family 52 member 3 [Source:VGNC Symbol;Acc:VGNC:95777],True,,17320.0,0.001923519962777694
ENSSSCG00000031216,HS3ST6,heparan sulfate-glucosamine 3-sulfotransferase 6 [Source:VGNC Symbol;Acc:VGNC:88980],True,,6940.0,0.0018947900583346684
ENSSSCG00000025706,,,True,,,0.0017934666636089485
ENSSSCG00000050940,PRICKLE4,prickle planar cell polarity protein 4 [Source:UniProtKB Gene Name;Acc:F1RUW4],True,,6713.0,0.0017457067345579465
ENSSSCG00000037536,SLC25A28,solute carrier family 25 member 28 [Source:VGNC Symbol;Acc:VGNC:93005],True,,12275.0,0.0017383632560571034
ENSSSCG00000031692,,,True,,,0.0017353066553672154
ENSSSCG00000016192,PLCD4,phospholipase C delta 4 [Source:NCBI gene (formerly Entrezgene);Acc:397119],True,,29331.0,0.001723023286710183
ENSSSCG00000037775,IGHM,immunoglobulin heavy constant mu [Source:UniProtKB Gene Name;Acc:A0A287ALC1],True,,4513.0,0.0017121600297590096
ENSSSCG00000025942,MCCC1,methylcrotonyl-CoA carboxylase subunit 1 [Source:VGNC Symbol;Acc:VGNC:90063],True,,100857.0,0.001699006650596857
ENSSSCG00000003382,TAS1R1,taste 1 receptor member 1 [Source:VGNC Symbol;Acc:VGNC:93740],True,,24448.0,0.0016839999395112197
ENSSSCG00000042227,,,True,,,0.0016676800635953744
ENSSSCG00000027935,FHOD3,formin homology 2 domain containing 3 [Source:VGNC Symbol;Acc:VGNC:88132],True,,482544.0,0.0016673766076564789
ENSSSCG00000006141,CA3,carbonic anhydrase 3 [Source:NCBI gene (formerly Entrezgene);Acc:494016],True,,75604.0,0.0016333699847261112
ENSSSCG00000028964,PIM2,"Pim-2 proto-onco, serine/threonine kinase [Source:VGNC Symbol;Acc:VGNC:91449]",True,,5842.0,0.0016250433400273323
ENSSSCG00000035059,MCM10,minichromosome maintenance 10 replication initiation factor [Source:VGNC Symbol;Acc:VGNC:95871],True,,49556.0,0.0015743399659792583
ENSSSCG00000015784,ACSL1,acyl-CoA synthetase long chain family member 1 [Source:VGNC Symbol;Acc:VGNC:96294],True,,71352.0,0.0015742632870872815
ENSSSCG00000039953,PNRC1,proline rich nuclear receptor coactivator 1 [Source:VGNC Symbol;Acc:VGNC:91613],True,,4409.0,0.0015723067335784435
ENSSSCG00000011243,GOLGA4,golgin A4 [Source:VGNC Symbol;Acc:VGNC:88551],True,,123695.0,0.0015143233661850293
ENSSSCG00000032053,ST8SIA5,"ST8 alpha-N-acetyl-neuraminide alpha-2,8-sialyltransferase 5 [Source:VGNC Symbol;Acc:VGNC:93520]",True,,91436.0,0.0014973966560016076
ENSSSCG00000015943,GORASP2,golgi reassembly stacking protein 2 [Source:VGNC Symbol;Acc:VGNC:95851],True,,38671.0,0.0014947899617254734
ENSSSCG00000045508,CCDC180,coiled-coil domain containing 180 [Source:UniProtKB Gene Name;Acc:F1ST51],True,,71447.0,0.001494240015745163
ENSSSCG00000029352,CCNL1,cyclin L1 [Source:VGNC Symbol;Acc:VGNC:86363],True,,14252.0,0.0014479633731146653
ENSSSCG00000016475,,,True,,,0.0014330432750284672
ENSSSCG00000004657,CEP152,centrosomal protein 152 [Source:VGNC Symbol;Acc:VGNC:110570],True,,98218.0,0.0014209933578968048
ENSSSCG00000047028,,,False,,,0.0014159066292146842
ENSSSCG00000022842,,,True,,,0.0013970366368691127
ENSSSCG00000024973,GBP1,"guanylate binding protein 1, interferon-inducible [Source:NCBI gene (formerly Entrezgene);Acc:100151938]",True,,21264.0,0.0013680366488794486
ENSSSCG00000015730,NIFK,nucleolar protein interacting with the FHA domain of MKI67 [Source:VGNC Symbol;Acc:VGNC:99725],True,,9967.0,0.0013678832910954952
ENSSSCG00000040942,,,False,,,0.0012898133524383109
ENSSSCG00000009642,STC1,stanniocalcin 1 [Source:NCBI gene (formerly Entrezgene);Acc:100125345],True,,12877.0,0.0012609666834274928
ENSSSCG00000039267,ATP6V0B,ATPase H+ transporting V0 subunit b [Source:VGNC Symbol;Acc:VGNC:85666],True,,3808.0,0.0012609499972313643
ENSSSCG00000025777,ESR1,estrogen receptor 1 [Source:VGNC Symbol;Acc:VGNC:103089],True,,478335.0,0.0012601666773358982
ENSSSCG00000012486,CSTF2,cleavage stimulation factor subunit 2 [Source:VGNC Symbol;Acc:VGNC:87050],True,,21154.0,0.0012312933492163818
ENSSSCG00000011746,SKIL,SKI like proto-onco [Source:VGNC Symbol;Acc:VGNC:92903],True,,39548.0,0.0012246266317864258
ENSSSCG00000037071,,,True,,,0.001200736655543248
ENSSSCG00000034301,ZNF304,zinc finger protein 304 [Source:UniProtKB Gene Name;Acc:A0A287A0C2],True,,8627.0,0.001183143351227045
ENSSSCG00000037793,NIT1,nitrilase 1 [Source:VGNC Symbol;Acc:VGNC:90753],True,,7363.0,0.0011567366309463978
ENSSSCG00000002298,ZFYVE26,zinc finger FYVE-type containing 26 [Source:VGNC Symbol;Acc:VGNC:95160],True,,89216.0,0.0011513099695245426
ENSSSCG00000045808,,ER membrane protein complex subunit 8 [Source:VGNC Symbol;Acc:VGNC:110406],True,,,0.0011390633104989927
ENSSSCG00000034139,EYA4,EYA transcriptional coactivator and phosphatase 4 [Source:VGNC Symbol;Acc:VGNC:87853],True,,291614.0,0.0011046099631736677
ENSSSCG00000006328,RXRG,retinoid X receptor gamma [Source:VGNC Symbol;Acc:VGNC:92530],True,,44433.0,0.0011040799630184968
ENSSSCG00000032781,SRSF12,serine and arginine rich splicing factor 12 [Source:VGNC Symbol;Acc:VGNC:93474],True,,24122.0,0.0011019766485939424
