pig_gene_id,gene_symbol,biomarker_label,importance,log2fc_pig,p_pig,log2fc_human,p_human
ENSSSCG00000018007,MYH3,MHCdev,0.0,-2.863227300618016,4.812063489477741e-34,-2.141379268629636,0.006060606060606061
ENSSSCG00000018005,MYH8,MHCneonatal,0.0,-2.507881755003369,6.703304030186942e-22,-0.6794663392619988,0.7878787878787878
ENSSSCG00000034015,XIRP1,XIRP1,0.0,2.241989359833231,5.75769484546465e-42,-1.222166117273074,0.3151515151515151
ENSSSCG00000015917,XIRP2,XIRP2,0.4342360380105674,0.776760858229547,2.966901459793798e-08,0.012372385682996001,0.7878787878787878
ENSSSCG00000023611,TNXB,TNXB,0.0,-0.16442844192354839,0.010901295821613598,-0.5675175988515466,0.2303030303030303
ENSSSCG00000031053,S100A1,S100A1,0.27834699551264447,1.1844361366077993,2.766145265362457e-26,0.9320782274359891,0.07272727272727272
ENSSSCG00000029251,MAP4,MAP4,0.0,0.5486637263201606,1.5239701830903954e-12,0.25132068709569666,0.16363636363636364
ENSSSCG00000001485,MLIP,MLIP,0.0,0.620764031910654,1.2084336076089903e-15,-0.051037461030261584,0.7878787878787878
ENSSSCG00000011286,KLHL40,KLHL40,0.0010877566722532113,1.452406268446998,4.7046673356197136e-30,-0.0909427569122222,1.0
ENSSSCG00000012365,MSN,MSN,0.0,-0.7348484367476869,8.042131251661165e-08,-0.5448333130971735,0.2303030303030303
ENSSSCG00000026116,FHOD1,FHOD1,0.0,2.05632685488569,1.044339408587981e-48,0.9344073643568039,0.006060606060606061
ENSSSCG00000005601,HSPA5,HSPA5,0.0,-1.5987622513959945,4.812351239290519e-34,-1.2028426521953404,0.10909090909090909
ENSSSCG00000037539,SORCS2,,451.3107826312383,-1.8350124716512923,5.265450733166511e-45,-0.9530172905719805,0.024242424242424242
ENSSSCG00000036512,FGFRL1,,433.8070289368431,-1.6799432328954478,1.1921372627512273e-58,-2.1030904678687374,0.006060606060606061
ENSSSCG00000012669,,,306.1773905369143,-1.4567355332658758,1.1465324066718958e-56,,
ENSSSCG00000012667,IGSF1,,244.16952641805014,-2.4496749198232783,1.074159437551771e-64,-0.33719644466623505,0.024242424242424242
ENSSSCG00000004094,PPP1R14C,,214.63314947555773,3.6280420139143588,2.6515433317359862e-67,-0.47721590870642633,0.10909090909090909
ENSSSCG00000009972,KREMEN1,,127.2118731836478,-1.2510839832869471,4.505945171686041e-46,-1.4256029359798452,0.006060606060606061
ENSSSCG00000030303,ACHE,,84.97819125155608,-1.8064269274820262,1.7645467207183824e-39,-0.532948773973814,0.006060606060606061
ENSSSCG00000044722,,,79.4976564904282,3.564277942068398,4.746242037146893e-55,,
ENSSSCG00000006267,PCMTD1,,68.75129730502765,1.2125521641202563,2.1375422359030008e-20,0.24771033307754078,0.3151515151515151
ENSSSCG00000004803,ACTC1,,50.952221642558776,-2.540070833159454,8.879641019640192e-66,-0.27724064239054963,0.4121212121212121
ENSSSCG00000030325,,,47.527732849121094,-0.9174254018537347,7.270582771126075e-36,,
ENSSSCG00000044729,,,45.759317261477314,2.2012948133463013,1.4607600791619184e-15,,
ENSSSCG00000038044,GYG2,,45.02069719880819,-2.2755316499361804,4.0215633691143455e-43,-0.8612874513211888,0.5272727272727272
ENSSSCG00000004399,SLC22A16,,38.925422232132405,3.942196057789495,1.829943457957958e-58,-0.03772102555284644,0.25683925795785656
ENSSSCG00000028771,MEF2A,,36.8261449833711,0.09324602215061761,0.5147600136487682,0.012576063763481247,0.9272727272727272
ENSSSCG00000026707,XCR1,,30.88878421733777,2.03053510728342,5.80566019761498e-46,-0.11417868629651519,0.06845669882557134
ENSSSCG00000027613,TRDN,,26.693646444929374,1.4577636065247728,1.6559949149888e-23,0.3692461570968046,0.04242424242424242
ENSSSCG00000022280,DACT3,,26.18073042233785,-2.2528735085240377,3.40932954076246e-34,-0.6294215568811757,0.5272727272727272
ENSSSCG00000032581,,,25.668100039164226,-1.603520884991295,3.961188552535946e-36,,
ENSSSCG00000032684,BOK,,24.955807109673817,-0.8074296287170577,9.40613460854498e-25,-0.9897006695841315,0.04242424242424242
ENSSSCG00000015796,PDLIM3,,24.6211431256185,2.1879279293631866,2.545433144519651e-51,0.563714179634635,0.07272727272727272
ENSSSCG00000006745,,,23.145623785443604,-2.632104418470981,1.351004284336808e-55,,
ENSSSCG00000005668,SH3GLB2,,22.79403305053711,-1.0171029235907831,2.31993347625925e-16,0.18446736781048498,0.16363636363636364
ENSSSCG00000036741,,,21.26287739848097,-0.7276592285618145,0.000998046015935768,,
ENSSSCG00000039342,DNAI1,,21.09103270371755,-1.3953596299753777,4.512901240418235e-40,0.0,1.0
ENSSSCG00000002792,,,19.196829745429568,2.4734785053861166,4.828409943482661e-43,,
ENSSSCG00000002863,LRP3,,18.54677987098694,-0.8907650012440983,7.740957010257371e-24,0.19417380887298716,0.10909090909090909
ENSSSCG00000013349,HTATIP2,,16.66283957163493,1.18173446044559,4.689592813874667e-17,0.8117809243082686,0.024242424242424242
ENSSSCG00000010300,MSS51,,16.54458271463712,3.0212150034538285,5.987646137236911e-58,1.552389797614304,0.07272727272727272
ENSSSCG00000031077,KPNA4,,15.25424321492513,0.38314345738966316,0.004591310066501641,0.3024460198527445,0.2303030303030303
ENSSSCG00000026092,SREBF2,,15.130999883015951,-1.286765485601267,9.495909778149434e-29,-0.46072584838461533,0.024242424242424242
ENSSSCG00000040286,CYLD,,14.816800435384115,0.27964313601022106,0.0009010224575932659,0.16542956863679562,0.6484848484848484
ENSSSCG00000017537,HOXB8,,14.361689248432716,-3.2428735598929084,8.892206397776938e-07,-1.040452881357856,0.18487531434756477
ENSSSCG00000007586,FSCN1,,13.69296646118164,-1.849876494376375,2.7224129132920406e-27,-1.950944379238478,0.012121212121212121
ENSSSCG00000040140,CD3E,,13.185531624903282,2.3855178469388107,5.487398062050478e-56,-0.18586039149494216,0.9272727272727272
ENSSSCG00000011646,KY,,12.345633188883463,0.5965286182728123,6.553547976885039e-11,-2.2609837244227813,0.07272727272727272
ENSSSCG00000042876,,,11.673754227599906,1.3950403767274988,0.0001174538130318772,,
ENSSSCG00000004170,,,11.50350030263265,-1.9263964583121203,8.554795664195496e-27,,
ENSSSCG00000033673,SLC25A6,,11.42923355102539,-1.4656821494464887,3.2782974909117422e-49,-0.5028608954230103,0.04242424242424242
ENSSSCG00000000730,PRMT8,,11.40209992726644,-2.409914775483257,1.0886368715685833e-65,0.0,1.0
ENSSSCG00000009793,CLIP1,,10.52033869177103,1.339673907659167,1.4002255676341858e-22,0.5507874952179505,0.07272727272727272
ENSSSCG00000009192,PDLIM5,,10.361700057983398,0.9054427935765789,9.699429755754926e-25,0.2931838858863997,0.16363636363636364
ENSSSCG00000033029,,,9.893105243643125,3.702072797815465,2.15900515920246e-68,,
ENSSSCG00000051524,,,9.873558402061462,0.5204277018009064,0.5502662413820043,,
ENSSSCG00000026087,GKAP1,,9.857479075590769,1.2482810279322072,9.047219699593322e-27,-0.07706730125354323,0.9272727272727272
ENSSSCG00000040366,ADAMTSL1,,9.403066635131836,-1.471804113795922,1.371409080626495e-08,-0.5594429885858387,0.012121212121212121
ENSSSCG00000038048,,,9.258150428533554,1.293435050370799,1.7130908226020049e-06,,
ENSSSCG00000039575,PALM,,8.649133364359537,0.04933458500351551,0.14826696426036007,-0.6909492312328637,0.16363636363636364
ENSSSCG00000035320,ASB14,,8.574315505723158,3.8222468399770717,7.359983852707338e-67,0.547620647639406,0.07272727272727272
ENSSSCG00000043913,,,8.424147930617133,3.2132419213698897,9.058911955217544e-55,,
ENSSSCG00000003662,NT5C1A,,8.178599280615648,1.7665823647306524,5.833597372423269e-51,0.16465633077872996,0.9272727272727272
ENSSSCG00000033323,UBE2D1,,7.906485601638754,1.156709320703605,4.1279967434067774e-14,-0.12267395129053359,0.7878787878787878
ENSSSCG00000033596,,,7.83156681060791,-0.6299828452337825,2.04202605503963e-10,,
ENSSSCG00000022137,,,7.755809942881267,-0.8199331866009347,2.998469570786546e-10,,
ENSSSCG00000026211,NRN1,,7.648940318496898,-0.1228948514039201,0.03669780944558223,-0.4975438692192735,0.3151515151515151
ENSSSCG00000003768,NEXN,,7.1148460656404495,0.6415957863081343,8.817055418891515e-06,0.07567118679957888,0.2303030303030303
ENSSSCG00000036948,,,6.965830008188884,4.096484934375487,2.3439054469220296e-62,,
ENSSSCG00000015893,SLC4A10,,6.9188107047230005,1.297231972251232,4.618750424879313e-05,0.00439765728363308,0.5707503880581739
ENSSSCG00000016579,CCDC136,,6.714959005514781,0.8276957619374705,4.375516305480795e-06,-1.0181627427547029,0.4121212121212121
ENSSSCG00000038969,DMPK,,6.713350057601929,-0.060590410014357186,0.2382659627520497,-0.32124763167836523,0.07272727272727272
ENSSSCG00000011622,KBTBD12,,6.5056964953740435,1.7306731770253643,1.6124775711042797e-43,-0.024492021406754837,0.9272727272727272
ENSSSCG00000014448,ARSI,,6.447051299115022,-1.8540379897312982,1.139468315925177e-35,0.2934792030031253,0.9272727272727272
ENSSSCG00000024668,KLK1,,6.401577219367027,-2.7550378994002878,1.2362503097150236e-70,-0.7224491339609446,0.18617412643888487
ENSSSCG00000016207,RETREG2,,5.965186754862468,0.607620927205707,3.2681483437226615e-14,,
ENSSSCG00000004506,CTIF,,5.962026675542195,-0.3301066310499207,0.0001856698678952794,-0.11921497070747923,0.5272727272727272
ENSSSCG00000040470,RPS20,,5.694412022829056,-1.0018430497446886,4.434883545736052e-32,-0.09300465070268131,0.4121212121212121
ENSSSCG00000019619,SNORD10,,5.585723400115967,4.315235656937648,1.085908779994841e-12,2.3169717597209374,0.5707503880581739
ENSSSCG00000038521,CHAC1,,5.581119597472328,-1.6904047399213433,3.507447684548922e-07,-4.956897062792741,0.6484848484848484
ENSSSCG00000012402,CXCR3,,5.405572418123484,2.528743965617292,4.130928655257125e-45,0.1254506702266171,1.0
ENSSSCG00000035805,DLK1,,5.374600440807019,-1.3719310293083904,1.0297814200821182e-48,-2.876513050630651,0.006060606060606061
ENSSSCG00000021333,PAK4,,5.222333351771037,-0.03728863350265138,0.0063462803900418245,-0.12513838483399878,0.7878787878787878
ENSSSCG00000037832,PMP22,,5.094603647788365,-0.6075254572410858,1.3317317601120945e-17,-1.3345863769689852,0.006060606060606061
ENSSSCG00000011500,KBTBD8,,4.849233309427897,0.8026675039466641,2.405163087625036e-07,0.5829682227474555,0.5272727272727272
ENSSSCG00000047144,,,4.721966743469238,-3.315887151279075,4.166926046568181e-53,,
ENSSSCG00000004602,TEX9,,4.591890848241746,1.689263889388941,4.576253785293211e-15,0.02777239943578676,0.771705900723317
ENSSSCG00000035048,C1QBP,,4.541390309731166,-0.8127678562512158,5.3515590131818496e-24,0.1381193493252248,0.2303030303030303
ENSSSCG00000026196,FAM13A,,4.47998286721607,-0.9917205704096281,1.7995389277851267e-39,-0.6150638846659475,0.07272727272727272
ENSSSCG00000013269,MAPK8IP1,,4.426199913024902,-2.464193925334806,1.9119824377385026e-37,-1.5317944935232108,0.04242424242424242
ENSSSCG00000006350,,,4.413599555691083,2.128394916386934,2.973782039112236e-53,,
ENSSSCG00000027428,ENHO,,4.346362431844075,0.43827899744989984,0.01861690956487469,0.6283852273506286,0.16363636363636364
ENSSSCG00000003876,CDKN2C,,4.29452657699585,0.805048315102346,4.035703439081708e-18,-0.08919343180191175,0.6484848484848484
ENSSSCG00000025272,HEMK1,,4.2857666015625,-1.4550039242972372,1.5759874675922747e-41,-0.28179240947396583,0.3151515151515151
ENSSSCG00000010570,KCNIP2,,4.211315361162026,-0.5392072283311614,6.991854354751282e-08,-0.1861938454703843,0.5272727272727272
ENSSSCG00000004774,IVD,,4.199300130208333,-0.34686772323029896,1.795202263720157e-05,0.14528817803834637,0.6484848484848484
ENSSSCG00000014921,PRSS23,,4.197753369808197,0.45109240478305684,6.931252004754407e-20,0.8591458566296303,0.2303030303030303
ENSSSCG00000035454,B4GALT1,,3.927766799926758,-1.3760347585186854,3.8628186243520794e-33,-0.3266774383104077,0.16363636363636364
ENSSSCG00000002838,ZNF423,,3.8767930467923484,-1.5331037427725984,3.469976100677185e-55,-0.01017513107189901,1.0
ENSSSCG00000000633,YBX3,,3.845640023549398,1.8361635593338177,3.4520914596577775e-47,0.36559728223079174,0.10909090909090909
ENSSSCG00000015093,CD3D,,3.7521111806854606,1.9536009868987454,1.4389668728646182e-39,-0.6948588298961974,0.4121212121212121
ENSSSCG00000000891,LTA4H,,3.589933395385742,-0.7157730264862409,6.860567186364813e-20,-0.19315273265229524,0.3151515151515151
ENSSSCG00000038644,HOXC8,,3.5780001174716745,1.1118599023516362,2.0533125371907848e-11,-0.13413880311073748,0.9272727272727272
ENSSSCG00000033627,YIPF3,,3.575180714329084,-0.6594144946354391,4.234949796148296e-14,-0.2451377513531652,0.006060606060606061
ENSSSCG00000006398,SLAMF8,,3.548236687978109,1.173472314944562,1.156658501396936e-16,-1.1952325903417576,1.0
ENSSSCG00000015720,BIN1,,3.543178804218769,1.5671729795090943,1.1160451044896504e-58,0.6256400982316588,0.024242424242424242
ENSSSCG00000000735,TSPAN9,,3.5119333267211914,-2.1126105372191426,1.0675171037198472e-40,-0.6449228363778151,0.012121212121212121
ENSSSCG00000045652,,,3.456659952799479,-0.22899451118290104,0.4697781599756401,,
ENSSSCG00000008919,EPHA5,,3.4133035484701395,-0.44061387541292196,0.0018896201853013173,-0.0396168308259954,0.9229529315676746
ENSSSCG00000012371,AR,,3.3629726519187293,2.338847908356875,1.5024738851582644e-32,-0.1951110713673143,0.3151515151515151
ENSSSCG00000036227,,,3.3627221062779427,2.6938846497132487,1.9961338844884614e-43,,
ENSSSCG00000005303,PIGO,,3.3588666915893555,-1.5216273617565466,6.112580857704345e-29,-0.5365335950800783,0.04242424242424242
ENSSSCG00000036747,WAS,,3.324080149332682,0.7027958946684666,1.6490306750298006e-07,-0.5920970272101659,0.4121212121212121
ENSSSCG00000003318,,,3.3229599793752036,-1.045150163618685,7.418865380844634e-11,,
ENSSSCG00000008467,EML4,,3.1798601150512695,-2.1799594279958225,2.028651948420091e-48,-0.7181120219987849,0.024242424242424242
ENSSSCG00000018519,U6,,3.1689199606577554,2.4439144477543167,1.399800042063182e-37,,
ENSSSCG00000044730,,,3.16689666112264,2.1544972572759993,9.572720059650344e-47,,
ENSSSCG00000003342,DVL1,,3.120530128479004,1.1622423202262377,2.5926788371939482e-17,0.3690403886056897,0.006060606060606061
ENSSSCG00000031071,,,3.0876232782999673,0.6408116366933743,0.015808184633058837,,
ENSSSCG00000025644,,,3.004565859834353,2.672570681965998,8.900595275656885e-51,,
ENSSSCG00000032857,S100A12,,3.0009234845638275,-1.7337474413248828,0.0005928605403928749,0.05360866911055179,1.0
ENSSSCG00000013639,SLC44A2,,2.981143315633138,0.44963787650093395,5.751657744217119e-14,-0.2625594394967542,0.2303030303030303
ENSSSCG00000032662,FGF6,,2.9644899368286133,-1.8516496781783434,7.622266833131924e-24,-1.1747131563014614,0.16363636363636364
ENSSSCG00000017525,NFE2L1,,2.948430061340332,0.9184479868242222,7.705153272528362e-20,0.40940250648048404,0.16363636363636364
ENSSSCG00000000148,,,2.7559467951456704,0.14844504326901214,0.1500396696203531,,
ENSSSCG00000034710,,,2.6407033602396646,-3.947256649852119,5.948583528882158e-50,,
ENSSSCG00000024914,CFB,,2.617170510503153,-1.442401867781602,4.6160497369289114e-39,-0.4367080653150076,0.5272727272727272
ENSSSCG00000003851,CPT2,,2.5842267672220864,-0.595213162622459,5.796725471633177e-05,-0.1553821355518356,0.7878787878787878
ENSSSCG00000037581,,,2.5593820706320307,-2.5959092332688907,6.361729436564837e-60,,
ENSSSCG00000000138,PVALB,,2.55495568861564,1.886634306281692,1.3775674568863424e-48,-1.1320202379810769,0.5272727272727272
ENSSSCG00000012647,PRR32,,2.5479218028485775,-2.2194461547695563,1.9321792611325737e-49,1.6638329266143932,0.7572244987935338
ENSSSCG00000030425,SPHK2,,2.5109267234802246,0.2779894873226488,0.0008950706927595793,0.20555252252666306,0.7878787878787878
ENSSSCG00000036746,RASL10B,,2.478273391723633,-1.0548081473456752,2.139647245582115e-13,-0.11821153639861492,0.6484848484848484
ENSSSCG00000010283,SPOCK2,,2.466806729634603,1.8792094892762305,2.07017050318694e-32,0.027456149682261708,0.7878787878787878
ENSSSCG00000022092,CYP7B1,,2.413676659266154,-2.6279758212826296,2.9679841535757892e-58,-0.3421795601624555,0.006060606060606061
ENSSSCG00000009971,ZNRF3,,2.4088786939779916,-1.1141378851933161,2.033374201696224e-43,-1.0010851459140035,0.006060606060606061
ENSSSCG00000017169,SEC14L1,,2.385439952214559,-0.8446312469565185,1.0072308044846389e-22,-0.3605517925095443,0.012121212121212121
ENSSSCG00000017884,TEKT1,,2.3675378635525703,-0.9678527988285733,2.690355373476312e-23,-0.13839505834135685,0.25683925795785656
ENSSSCG00000024771,TICAM1,,2.3512449649473033,-0.2973462306607312,3.783629244748236e-12,0.09335445082300481,0.4121212121212121
ENSSSCG00000004433,HS3ST5,,2.347458037858208,1.7149643040904343,1.6411720252366129e-41,-0.2448347447848744,1.0
ENSSSCG00000040643,,,2.3463833332061768,-0.7393121963044911,8.34324383213462e-08,,
ENSSSCG00000021494,CDC25A,,2.342319965362549,-1.215565470539109,1.907096197652511e-41,-0.31885982370846816,0.3151515151515151
ENSSSCG00000017271,CACNG1,,2.3230433066685996,1.5777924185895587,5.407688838701209e-41,-0.836293270332331,0.006060606060606061
ENSSSCG00000016716,GSDME,,2.297266642252604,-2.1775503438368427,3.529775145412955e-29,,
ENSSSCG00000041701,,,2.266183296839396,-1.7677478866831926,3.034576842065133e-26,,
ENSSSCG00000010495,ALDH18A1,,2.246833244959513,-2.7958525500948896,3.3769165312468504e-56,-0.7818691550550351,0.04242424242424242
ENSSSCG00000000577,GYS2,,2.231338116340339,2.779706592410153,2.0252587942841467e-34,0.10531106799520394,0.10066954085617437
ENSSSCG00000010156,,,2.2062899271647134,-1.0771132410018935,1.454725572637499e-28,,
ENSSSCG00000013892,KCNN1,,2.2016433123499155,-0.08487982213332067,3.9536420543665133e-07,0.14766916261918941,0.6988606165865427
ENSSSCG00000003465,FBLIM1,,2.1827751683692136,0.14600742863358168,0.08105762825451733,-0.882638186654562,0.07272727272727272
ENSSSCG00000004454,ME1,,2.179323345228719,1.7069520252772128,4.166005149482812e-59,0.6388955923841995,0.04242424242424242
ENSSSCG00000043501,,,2.1390000532070794,-0.43140567494297183,0.8482817583096359,,
ENSSSCG00000035372,PSCA,,2.0858632723490396,-2.169920327448896,1.396613878604339e-12,-0.44383757714245475,0.18617412643888487
ENSSSCG00000047225,,,2.0644267400105796,-0.7468136592231651,0.691675431413777,,
ENSSSCG00000016385,,,2.062404697140058,-1.77759937025928,3.442263430099005e-30,,
ENSSSCG00000037825,,,2.0595966974894204,-3.948359210330276,9.199765869254586e-49,,
ENSSSCG00000010962,FRMD3,,2.02812709659338,1.3465083814793195,2.185380305367889e-08,0.4094432669979182,0.2303030303030303
ENSSSCG00000005706,ABL1,,1.9843468790253003,-1.3457665295160945,1.4879528778151458e-48,-0.33501676408890685,0.2303030303030303
ENSSSCG00000025869,CABP7,,1.978390057881673,-2.388751091213306,1.3086731890682781e-23,-0.5110794749123603,0.27565397588602036
ENSSSCG00000003143,MAMSTR,,1.9126623471577961,0.03430790884199768,0.31601005289935835,-0.6109609033787954,0.10909090909090909
ENSSSCG00000033514,CRHR2,,1.9018346269925435,0.7077155063979809,2.3332471468025664e-15,-0.8490604645715152,0.16363636363636364
ENSSSCG00000011693,ZIC4,,1.898549993832906,-0.5591025989672873,0.19100354593473556,0.23050401827969408,1.0
ENSSSCG00000033009,,,1.891306718190511,-0.41937142263778376,2.1738575021432392e-10,,
ENSSSCG00000025403,,,1.8558899958928425,-1.3329113721809622,0.8113156158551914,,
ENSSSCG00000010317,DUSP29,,1.8338966369628906,0.9285559496094176,6.654077257524292e-25,,
ENSSSCG00000007715,ABHD11,,1.830803394317627,-1.2482822263580982,2.1295176911345465e-41,-0.7987063733492592,0.024242424242424242
ENSSSCG00000015774,TENM3,,1.767586628595988,-2.367948959509437,9.517674669179317e-68,-0.2576908124429491,0.04242424242424242
ENSSSCG00000029304,STEAP3,,1.736080010732015,0.985014047018714,3.057017963612896e-24,0.005281237045321439,0.6484848484848484
ENSSSCG00000039064,DHX33,,1.719640056292216,-0.8379728272218937,6.7428474223455556e-15,-0.2607973433652901,0.4121212121212121
ENSSSCG00000010190,ACTA1,,1.7195643385251362,1.6500623214517536,3.567250487020957e-48,-0.03971532865032303,0.9272727272727272
ENSSSCG00000044150,,,1.7077850103378296,1.4778325346429766,3.831082934373388e-34,,
ENSSSCG00000013437,TCF3,,1.6965832710266113,-1.7366628216586457,4.513481229561344e-32,-0.6025573008769204,0.024242424242424242
ENSSSCG00000007022,ANK1,,1.6831800142923992,0.6651829617034207,4.0468375128404227e-20,0.06553731432784124,1.0
ENSSSCG00000013093,VWCE,,1.6701656579971313,-1.8510669927189534,2.1620575355810326e-27,-0.16446577648725905,0.5272727272727272
ENSSSCG00000032135,,,1.6688000361124675,1.0940841057395387,9.204520688082084e-12,,
ENSSSCG00000017563,MYCBPAP,,1.6527533531188965,-1.8037469835727002,4.548411984332045e-14,-0.4655582155751474,0.10739517183334596
ENSSSCG00000030048,PLEKHG2,,1.6499066352844238,-1.7284805339624945,2.0085980891027924e-24,-0.4576777167965331,0.3151515151515151
ENSSSCG00000028552,BHLHE41,,1.644053300221761,2.583867286636266,4.386403021191894e-53,0.5333953575608484,0.3151515151515151
ENSSSCG00000012269,CDK16,,1.642093340555827,-0.23827287687832133,2.3516835492543992e-14,-0.17311591045218502,0.3151515151515151
ENSSSCG00000031244,GAP43,,1.627543330192566,-1.5928500246468165,4.04331815666041e-11,-0.24956203525951956,0.07272727272727272
ENSSSCG00000034364,SPECC1,,1.6217411461596687,0.5497269312867956,0.0016196491053028068,-0.12765234974322048,0.3151515151515151
ENSSSCG00000017379,ETV4,,1.599020004272461,-1.4462224900121714,5.325148495291489e-38,-2.0590175706774434,0.07195139759371376
ENSSSCG00000032411,ENGASE,,1.5980690668026607,-1.567891591506487,3.4421271672245915e-30,0.409545166473314,0.2303030303030303
ENSSSCG00000013614,CNN1,,1.5883067231625319,0.0935057650175049,0.15696709810823617,0.26857669221953995,0.5272727272727272
ENSSSCG00000002709,,,1.5551834106445312,-2.816910139725682,2.89768675609472e-38,,
ENSSSCG00000003608,LCK,,1.5488591101020575,1.2943171548665535,3.8412611425374357e-19,-0.18055727144395728,1.0
ENSSSCG00000008835,RASL11B,,1.5485100746154785,-2.639549676140446,1.1486158459064797e-50,-0.16339906403451446,1.0
ENSSSCG00000004825,CHSY1,,1.5394466718037922,-2.479174272462437,5.6713017102231186e-42,-1.2212626544655358,0.006060606060606061
ENSSSCG00000014256,FBN2,,1.5219593246777852,-4.381167179558778,2.197018005503183e-70,-0.11145573008422122,0.10909090909090909
ENSSSCG00000031076,MAPK7,,1.5190265973409016,-0.5116609639197994,4.609820804521991e-05,-0.660656330897767,0.04242424242424242
ENSSSCG00000027515,,,1.4858449598153431,0.12368925767237542,1.971773281130579e-30,,
ENSSSCG00000042031,,,1.481969992319743,-2.0877492884873545,1.7856079304206114e-33,,
ENSSSCG00000027137,,,1.4732100168863933,-1.3590610481166139,2.4608800228561506e-36,,
ENSSSCG00000010831,DUSP10,,1.4706333478291829,0.09110496528357445,0.22477830049274627,-0.3957456190732056,0.7878787878787878
ENSSSCG00000036569,PTP4A3,,1.4648234049479167,1.1627165146966818,1.956454650882318e-30,-0.06362859936121944,0.5272727272727272
ENSSSCG00000037527,CPLX1,,1.4630646457274754,-3.93547733725982,1.8820972191599583e-62,-0.24737376875200556,0.6484848484848484
ENSSSCG00000005710,LAMC3,,1.4366496801376343,-2.995636021060877,8.480308626433139e-38,0.7563032451139956,0.024242424242424242
ENSSSCG00000023280,SULT2B1,,1.4035187189777691,2.1075127090189874,9.83911933367911e-43,0.03754141687280415,1.0
ENSSSCG00000022447,F3,,1.393030007680257,0.7843918445654918,0.522669275244422,-0.9257661386264462,0.04242424242424242
ENSSSCG00000015718,C2orf76,,1.3633732795715332,-1.1162751474997226,6.129598192763408e-24,0.039852554087287176,0.7878787878787878
ENSSSCG00000036820,,,1.3539306620756786,-2.224860163955387,2.0189446247632006e-60,,
ENSSSCG00000037077,SHMT2,,1.3509766260782878,-0.9151759696235404,3.71695990217597e-22,-0.19835145964252862,0.16363636363636364
ENSSSCG00000002032,SLC7A8,,1.3460096592704456,2.195651670859969,4.915659886875908e-53,-0.6050460581205563,0.6484848484848484
ENSSSCG00000032932,MSRB1,,1.3445705687627196,-0.5963249768126585,1.533274860415533e-06,-0.3333640673506966,0.3151515151515151
ENSSSCG00000004886,CDH7,,1.3439133167266846,-4.0759615247913885,9.986425094803508e-55,-0.16485964436115672,0.0628150291371567
ENSSSCG00000037808,,,1.3090027049183846,0.9721762830670214,3.9448670445080535e-18,,
ENSSSCG00000033734,,,1.308976650238037,-1.5349463074667131,3.29493390056466e-17,,
ENSSSCG00000043414,,,1.3073633511861165,-4.311206736686098,2.7145167048786772e-70,,
ENSSSCG00000008985,SOWAHB,,1.2848300139109294,2.514596942058757,1.0642405455683337e-31,-0.21175451943911905,0.674150223875841
ENSSSCG00000004391,CEP57L1,,1.2726999918619792,-0.3788688975596434,0.00026710368140052583,-0.4013459686141694,0.04242424242424242
ENSSSCG00000037850,,,1.2723246812820435,0.18466856264441653,9.260491483776373e-11,,
ENSSSCG00000049987,,,1.2635233799616497,-3.4005634357846293,1.955964447806952e-42,,
ENSSSCG00000039273,,,1.2574233214060466,-4.504291216244978,2.2381472906093354e-63,,
ENSSSCG00000007465,B4GALT5,,1.2360317471126716,-0.9824142613795236,8.619365860056034e-47,-0.3736700901919263,0.10909090909090909
ENSSSCG00000023837,WFDC1,,1.229306658109029,-0.9668582348054291,1.1043279465612461e-32,-0.7470802863956766,0.5272727272727272
ENSSSCG00000001382,DDR1,,1.2255237698554993,-1.0811845382272776,1.0060960273384275e-32,-0.8212498724514402,0.16363636363636364
ENSSSCG00000021232,SYNC,,1.221824735403061,-0.28952275514154374,0.8436930839669132,0.38320783464246017,0.4121212121212121
ENSSSCG00000050440,,,1.2093466917673747,-1.4491011331012902,0.5481461755010566,,
ENSSSCG00000015380,CDCA7L,,1.1889250228802364,-1.9536994713989526,5.5215456903816226e-55,-1.6398468985964978,0.2303030303030303
ENSSSCG00000003783,FPGT,,1.187113364537557,-1.5815445484530537,6.343418414930986e-06,-0.4519903473279587,0.2303030303030303
ENSSSCG00000006701,CHD1L,,1.1854133605957031,-1.1451261838954607,5.48763427649969e-34,0.10103468027926531,0.3151515151515151
ENSSSCG00000029596,,,1.1671187082926433,-0.04869001478449474,1.6790793194537905e-22,,
ENSSSCG00000031763,,,1.1660900115966797,1.528987350866267,8.16791956969579e-18,,
ENSSSCG00000037534,OPCML,,1.1620423396428425,-0.28169540276605753,0.15734602512152696,-0.0031167117037189693,0.7878787878787878
ENSSSCG00000028905,TNIK,,1.1586233377456665,-1.847440813212346,2.1241294648947955e-43,-0.36454679261046596,0.4121212121212121
ENSSSCG00000009144,ETNPPL,,1.1521900097529094,2.4346156999955215,8.325144680722939e-06,0.404953016177144,0.3151515151515151
ENSSSCG00000046853,,,1.1468500296274822,-2.785787814393004,4.91867344230603e-37,,
ENSSSCG00000045433,,,1.1251733303070068,-0.3420153265036985,0.028258443695959392,,
ENSSSCG00000040624,REXO1,,1.1020533243815105,-0.31193555823707586,1.0233421420275228e-07,-0.3258894324075926,0.04242424242424242
ENSSSCG00000027121,ODC1,,1.1018956700960796,-1.4207587625649054,4.906123668171766e-32,0.7123581966888467,0.04242424242424242
ENSSSCG00000050722,,,1.0963799953460693,-1.2974091371285719,3.985448185826509e-24,,
ENSSSCG00000034993,,,1.0937910278638203,-1.7582122808970035,9.700463491304708e-48,,
ENSSSCG00000034192,,,1.0887226661046345,-1.7487503620245017,1.1694406727263085e-08,,
ENSSSCG00000033412,B4GALNT3,,1.0852496524651845,-2.7394473758720284,7.015970395025643e-47,-1.5132834459186588,0.3151515151515151
ENSSSCG00000005126,PLAA,,1.081653316815694,-0.036217478690149955,0.49257620740915964,-0.1545124445103589,0.2303030303030303
ENSSSCG00000037478,,,1.0736666520436604,-0.8445772767714277,1.6175536837326297e-08,,
ENSSSCG00000010311,CAMK2G,,1.0602733294169109,1.073905893796981,1.486529297748386e-53,0.026252676157244793,0.7878787878787878
ENSSSCG00000032034,,,1.05894668896993,-6.83426569366081,6.287843796552182e-55,,
ENSSSCG00000004390,SESN1,,1.0509599844614665,0.4128465895452162,0.003826761918116216,-0.5932328239606388,0.07272727272727272
ENSSSCG00000013040,TRPT1,,1.0450066725413005,0.12336652319111588,0.7249868515654725,0.061943557692899644,0.6484848484848484
ENSSSCG00000022545,CALM3,,1.0440733432769775,1.3550250705428222,3.5294442262376186e-54,0.174053880075456,0.16363636363636364
ENSSSCG00000043036,,,1.0338466962178547,-0.06450310824363026,0.1401288683143209,,
ENSSSCG00000012787,L1CAM,,1.0323976675669353,-0.48371530679781544,0.17317376009654206,-1.6226390526887513,0.10909090909090909
ENSSSCG00000049139,,,1.0271399815877278,0.042266790619348446,0.009047980794752691,,
ENSSSCG00000028387,CNKSR1,,1.023799975713094,1.6686115800690122,6.47101542083899e-45,0.2385651215122434,0.07272727272727272
ENSSSCG00000025138,ZNF579,,1.016319990158081,1.0549545535314218,0.0015810883030996587,-0.18279850038733242,0.7878787878787878
ENSSSCG00000043762,,,1.0136133035024006,0.8075755184127555,0.02007748224470204,,
ENSSSCG00000041223,,,1.0112666686375935,-3.0228173156255034,2.116868513818374e-34,,
ENSSSCG00000011553,,,1.0095866521199544,-1.4392870054599913,1.3657472608310114e-30,,
ENSSSCG00000014127,RASGRF2,,1.0069159865379333,1.4334510959529165,8.715953194999416e-26,-0.3005463873987173,0.4121212121212121
ENSSSCG00000047951,,,1.0016433397928874,2.765684903764869,8.028784076182854e-38,,
ENSSSCG00000031821,HASPIN,,0.9992899894714355,-1.8418032401260367,3.898108225625139e-32,,
ENSSSCG00000017943,ACAP1,,0.9934819936752319,-0.11747808588806022,0.03519937213706177,-0.48468170977925423,0.07272727272727272
ENSSSCG00000034723,PYCR1,,0.9725766579310099,-1.3059426696365433,1.6418400850164127e-30,-1.0169274310395577,0.012121212121212121
ENSSSCG00000026430,,,0.9698936628798643,-0.5344937429436221,3.5525409560062225e-06,,
ENSSSCG00000006375,LY9,,0.9696069955825806,0.4930747428784887,1.0048676554381451e-06,-0.2461826280048188,0.6988606165865427
ENSSSCG00000010483,PLCE1,,0.9683755387862524,-2.0565677752605875,1.1383203136174913e-44,-1.1062413335839199,0.07272727272727272
ENSSSCG00000003486,ARHGEF10L,,0.9580366611480713,1.0743473433053967,9.402703831896097e-31,0.411117091469465,0.07272727272727272
ENSSSCG00000003410,MASP2,,0.9501533508300781,-1.820022116497646,1.3149026971767623e-38,0.0,1.0
ENSSSCG00000004695,WDR76,,0.949073314666748,-1.8234929580201582,5.096604702103911e-35,-0.6084332512033445,0.2303030303030303
ENSSSCG00000002821,,,0.9484999974568685,3.7754228029083285,5.107869145869739e-26,,
ENSSSCG00000041733,,,0.9388833045959473,-5.665489746604158,2.2416668206387854e-32,,
ENSSSCG00000016217,DNAJB2,,0.9364733695983887,1.0481335545113812,4.8470187631971424e-37,0.2345879565729879,0.07272727272727272
ENSSSCG00000013393,SPON1,,0.9309399224972973,-1.6907620306163413,1.796725452920129e-45,-1.0372770049386852,0.006060606060606061
ENSSSCG00000017215,SLC16A5,,0.928956667582194,2.1588092170013495,1.4352891400712785e-54,-0.5670688603190764,0.6484848484848484
ENSSSCG00000037499,NEDD4,,0.9243963242818912,1.3540863004707024,3.7916585749669836e-22,1.0074878884920293,0.012121212121212121
ENSSSCG00000023482,DNAJC9,,0.8849199612935384,-0.6703507394592708,6.911283726769703e-05,-0.24795730045210146,0.04242424242424242
ENSSSCG00000014368,,,0.8814099629720052,-0.053279707236038004,0.19110209296344183,,
ENSSSCG00000011640,TF,,0.8714533646901449,-5.104842251624169,6.11151843646308e-26,-1.890122432021599,0.9272727272727272
ENSSSCG00000037563,,,0.8647466500600179,0.9332174393654113,1.9777605209396263e-15,,
ENSSSCG00000018716,SNORA35B,,0.8465566635131836,-2.8547539170124883,4.0025480938095444e-32,,
ENSSSCG00000037087,PRRT4,,0.8412166436513265,-0.07765406078136099,0.927341153647834,-0.565265874234457,0.6484848484848484
ENSSSCG00000013339,ANO3,,0.8304499785105387,-2.578801519619703,6.423339576530987e-22,-0.07751785499427055,0.03758237418293158
ENSSSCG00000006736,CD2,,0.8292423089345297,0.7068297645538915,7.9517425401802e-38,-0.32101164786908404,0.9272727272727272
ENSSSCG00000013150,,,0.8275710617502531,1.5563184575679037,3.3933677557761965e-23,,
ENSSSCG00000030229,ABHD14A,,0.8186266422271729,-0.09429586213317256,0.04069137727506557,0.0711790775722947,0.7878787878787878
ENSSSCG00000016288,,,0.81716482512032,-2.404704786637281,1.0019737318509894e-41,,
ENSSSCG00000050235,,,0.8098933696746826,0.5062268239874291,2.6748550202420934e-17,,
ENSSSCG00000000194,,,0.8090581993261973,-2.143039916757798,6.777443453783966e-47,,
ENSSSCG00000036007,MFAP4,,0.8015933036804199,-1.0981957755106446,3.427635403935576e-31,-0.8631563456992413,0.2303030303030303
ENSSSCG00000009876,DDX54,,0.7908999919891357,-0.041722866059638805,0.30813050631280914,-0.12145508343100087,0.3151515151515151
ENSSSCG00000004096,,,0.7871433099110922,-1.0599775521301673,3.817151411234335e-08,,
ENSSSCG00000006378,SLAMF7,,0.7813001206765572,1.3246328117037773,6.628785498076042e-28,-1.051175523986362,0.16363636363636364
ENSSSCG00000003356,MMEL1,,0.7770163755243024,-1.238042988557177,2.5263459896036384e-14,-0.6184459496626414,0.015611714416093577
ENSSSCG00000035937,DPT,,0.7672900358835856,-0.5499295949020032,0.007009178611609514,-1.2399083778411644,0.012121212121212121
ENSSSCG00000046255,,,0.766396681467692,-0.1209081503624744,0.18686476469267965,,
ENSSSCG00000015662,,,0.7638663550217947,2.6739107208602673,4.861943642281541e-42,,
ENSSSCG00000032804,BORCS5,,0.7582666873931885,-0.532429396359349,4.460594844895728e-13,,
ENSSSCG00000013115,CD5,,0.7571586376676956,1.1536659568690584,1.4310675360738245e-15,-0.2683006649192548,0.5698722624244343
ENSSSCG00000045439,,,0.751319964726766,-2.6611865446408274,3.334533538191663e-36,,
ENSSSCG00000045880,,,0.7509533564249674,-2.0848128465012437,2.1585991887810616e-31,,
ENSSSCG00000017420,CNP,,0.74372665087382,-1.0923626566535016,4.597333698107515e-21,-0.6247304290730193,0.2303030303030303
ENSSSCG00000007093,ZNF133,,0.7423456708590189,-1.0821528986985265,5.646273520828614e-30,-0.14926565761905194,0.9272727272727272
ENSSSCG00000032661,,,0.7392746806144714,-1.3873341940681296,4.3528917794213866e-16,,
ENSSSCG00000037334,ADSS1,,0.7388066450754801,2.149959523040864,7.940514146154411e-56,,
ENSSSCG00000029592,GPRC5A,,0.7246800263722738,-0.1586002416852406,1.1185099554789515e-08,-0.5171271978929243,0.3151515151515151
ENSSSCG00000034756,PLB1,,0.7233383748680353,-1.4790475002039467,5.021404584241778e-50,-0.0036187393539199994,0.5272727272727272
ENSSSCG00000027271,Metazoa_SRP,,0.7232383489608765,-1.7996047640775932,1.357857580977322e-29,,
ENSSSCG00000000739,FOXM1,,0.7099033196767172,-2.6492685822975797,5.924272901208545e-43,-1.3522749837381607,0.012121212121212121
ENSSSCG00000024837,SYT12,,0.7054100036621094,1.0264926382442703,4.882393058116866e-19,-0.010575665404043328,1.0
ENSSSCG00000017540,HOXB5,,0.7006051217516264,-2.1890740994356492,2.4790425837674626e-07,0.1449188513278592,0.7878787878787878
ENSSSCG00000030113,SHISA2,,0.6989010175069174,0.5077703398622951,1.0909899021708972e-07,0.017097647197030323,0.9272727272727272
ENSSSCG00000026701,,,0.684009333451589,1.2641682016524167,6.299259061781995e-32,,
ENSSSCG00000036305,SMIM1,,0.6752233505249023,-1.2698757748778033,0.0004973107470092547,1.3698835473043522,0.04242424242424242
ENSSSCG00000036091,MORC4,,0.6646520433326563,-2.079602975556313,4.096072479414494e-46,-0.6864281448973293,0.024242424242424242
ENSSSCG00000013377,USH1C,,0.6550502004877975,1.965670885226199,1.120474407123061e-41,-1.4647799501622492,0.06845669882557134
ENSSSCG00000046452,,,0.6474399964014689,-0.8164034686882382,4.3475244134864486e-24,,
ENSSSCG00000038643,KLF11,,0.647257333000501,0.8023937514158503,0.00010327399089041325,-0.6685705357014585,0.2303030303030303
ENSSSCG00000046977,,,0.646267323444287,1.5724962754910572,7.811987758249121e-17,,
ENSSSCG00000015249,ADAMTS8,,0.636573314666748,1.262589912170779,0.0003242009258404363,-3.1297501929284657,0.10909090909090909
ENSSSCG00000005217,,,0.6352196534474691,-1.0249326990762402,6.215676162536088e-22,,
ENSSSCG00000011482,CFAP20DC,,0.6350400050481161,-2.0701835973705194,1.6753515569945295e-52,,
ENSSSCG00000033221,,,0.6331103599319855,-2.3607939203770454,1.8081630368952364e-35,,
ENSSSCG00000029449,,,0.6244393388430277,-1.714345411601565,0.001984798547163985,,
ENSSSCG00000012525,BEX1,,0.6216933329900106,-3.1717157386205437,2.524589323947149e-69,-0.48212101790591405,0.8497689707092216
ENSSSCG00000036779,5_8S_rRNA,,0.6148467945555846,1.2108575100161254,2.1181629368523298e-15,,
ENSSSCG00000038662,FAM200C,,0.6124333143234253,-2.4412213001291336,1.0233079235959416e-40,,
ENSSSCG00000026945,LRRC2,,0.6066283285617828,2.3326707057016187,1.3463516042915393e-50,0.25250245398422216,0.4121212121212121
ENSSSCG00000004903,CDH20,,0.6035566727320353,-2.7763733753831343,4.4592235085580425e-22,0.8884808524677505,0.006060606060606061
ENSSSCG00000004022,RPS6KA2,,0.59879998366038,0.23830320512405456,0.9837673128302397,-0.03959764296510903,0.9272727272727272
ENSSSCG00000032999,FXN,,0.5980733235677084,-0.5716483022859081,4.731994470044152e-10,0.12332178258956888,0.3151515151515151
ENSSSCG00000002388,ESRRB,,0.5874499877293905,-0.5235653249405477,0.023327270331496088,-0.3438054836765556,0.2303030303030303
ENSSSCG00000021328,PCSK1N,,0.5864200194676717,0.18253897756795132,0.0009941413854481081,-0.10061439016958394,0.9240272801822258
ENSSSCG00000034166,,,0.5737366676330566,-1.9400332396974957,2.5032025957401854e-29,,
ENSSSCG00000002279,GPX2,,0.5656133492787679,-0.10525675024589576,2.0207177979020232e-05,0.0,1.0
ENSSSCG00000028694,ATP6V1B2,,0.5643426577250162,-0.8322691689153685,1.343400389936372e-23,0.005164754093201186,1.0
ENSSSCG00000033849,CD37,,0.5577266613642374,0.72422495322668,7.168814158198782e-10,-0.8116380544177857,0.2303030303030303
ENSSSCG00000029212,GDE1,,0.556049664815267,-0.7711456263120522,8.33577522136312e-32,0.6911957793090981,0.024242424242424242
ENSSSCG00000023247,OPTN,,0.5512321485827366,2.053210753545705,4.625919460422484e-62,0.4994931263322581,0.07272727272727272
ENSSSCG00000005720,MED27,,0.5470719933509827,-0.20502580272204074,0.05768258988736237,-0.37487015239583454,0.04242424242424242
ENSSSCG00000020771,INHA,,0.5467876692612966,-2.9137615646766934,4.82325359831713e-54,-1.0443414583449353,0.2303030303030303
ENSSSCG00000006933,CLCA1,,0.5339533487955729,-0.44697397719105847,9.581426468032985e-29,0.0,1.0
ENSSSCG00000035666,ADISSP,,0.531410018603007,0.015475829922248857,0.9834722149041054,,
ENSSSCG00000012890,TCIRG1,,0.5291266838709513,1.0708893579854484,0.007056029578994951,-0.5149835675711638,0.16363636363636364
ENSSSCG00000033894,,,0.5284153111279011,-1.8342673946745405,0.022109961944765045,,
ENSSSCG00000050987,,,0.5263799826304117,-1.7130934758339946,1.7055114872238137e-21,,
ENSSSCG00000022687,NAA40,,0.515690008799235,-1.0733009736580956,5.0380364445153506e-21,-0.5420622049047253,0.04242424242424242
ENSSSCG00000023333,FCN2,,0.5143321839471658,0.9181318461489382,0.0003188998472487586,-0.42710709943309183,0.18617412643888487
ENSSSCG00000006140,CA2,,0.5127633412679037,0.5400655369618766,8.298534862564787e-30,0.5733333047626414,0.16363636363636364
ENSSSCG00000003604,ADGRB2,,0.5104933182398478,-2.1973040457268547,3.55197164980824e-29,-2.6015990333932826,0.006060606060606061
ENSSSCG00000015892,PSMD14,,0.5103733142217001,-0.2650532219783115,0.12025619907990018,0.17103320288619553,0.2303030303030303
ENSSSCG00000001835,ABHD2,,0.5085266828536987,-0.2381732784346558,0.01418180705633761,-0.5709160199457619,0.10909090909090909
ENSSSCG00000039271,ST8SIA2,,0.5069899956385294,-0.09009813065599521,0.587346710187143,-0.8094035329172963,0.024242424242424242
ENSSSCG00000037673,BFAR,,0.5027390047907829,-0.5516629245732999,1.6433434037471532e-15,-0.22702753839866593,0.3151515151515151
ENSSSCG00000017795,NSRP1,,0.5023943384488424,-0.27946184239377675,3.2819601501035274e-07,-0.2842123290186473,0.16363636363636364
ENSSSCG00000026790,,,0.5015866756439209,0.08787818314510672,0.13207171843103632,,
ENSSSCG00000038786,FBXL22,,0.4985933303833008,-0.9981282942785803,8.526795586272758e-13,0.04796490826499915,0.6484848484848484
ENSSSCG00000031958,KCTD2,,0.49688998858133954,0.2842991715679645,1.843648132764883e-05,0.047595785536260246,0.7878787878787878
ENSSSCG00000004276,SMAP1,,0.4965950179224213,-0.20842890099042674,4.408223953045931e-10,0.0101607713587387,0.7878787878787878
ENSSSCG00000014965,ENDOD1,,0.49575332800547284,-2.170943818199569,4.929629423573962e-30,0.15493650795091987,0.6484848484848484
ENSSSCG00000009856,NOS1,,0.4948546687761943,3.0643851681107406,5.904831630186429e-59,0.9457607718704527,0.04242424242424242
ENSSSCG00000043002,,,0.48774413267771405,-1.669098674227872,7.153871421189296e-17,,
ENSSSCG00000030908,,,0.4844733476638794,-1.3318797538608536,1.990076638136749e-34,,
ENSSSCG00000005221,SPATA6L,,0.4804900089899699,-0.7270524837395572,5.6560740316762016e-30,-0.017731361658506584,0.9272727272727272
ENSSSCG00000047270,,,0.47974733511606854,-1.4958032817326927,8.684006302477777e-28,,
ENSSSCG00000014011,RASGEF1C,,0.474783996740977,1.0607713035287267,8.141224041220338e-24,-0.5494925177772431,0.04225402065442231
ENSSSCG00000015872,GPD2,,0.4738389849662781,0.1652078038774419,9.104095105209667e-12,-0.06969759011420053,0.7878787878787878
ENSSSCG00000017307,MYL4,,0.4679076764732599,-2.249977623425872,3.5383952977732784e-50,-2.79257893711597,0.006060606060606061
ENSSSCG00000036114,,,0.46335331598917645,-1.2117145456796308,2.0119145599900606e-07,,
ENSSSCG00000012315,SYNJ2,,0.46099332968393963,-2.1511360698769777,3.39897189297458e-50,-0.411328125691194,0.7878787878787878
ENSSSCG00000006631,TMOD4,,0.4553966720898946,2.2518342209073334,1.3088859822495728e-62,0.13879971615632797,0.4121212121212121
ENSSSCG00000046934,,,0.4481833378473918,0.3515649530485693,0.02395543263576034,,
ENSSSCG00000040729,C11orf86,,0.43982334931691486,0.1957270042475342,0.006476920112873175,0.0,1.0
ENSSSCG00000016453,TCAF1,,0.4382103487538795,-2.435142987959818,9.581665674345344e-74,-1.0174723693368681,0.006060606060606061
ENSSSCG00000021265,ACR,,0.43537220855553943,0.6691928076291719,1.6647942061014584e-37,0.7268487199121452,0.2303030303030303
ENSSSCG00000033307,GNG4,,0.4304266770680745,-2.5222703961057564,2.3333178469645802e-21,-0.10728798006813489,0.37243147834016666
ENSSSCG00000003152,RUVBL2,,0.42733433842658997,-1.0735546267169591,8.884883376702477e-33,-0.20432035657973224,0.024242424242424242
ENSSSCG00000042721,,,0.422296682993571,1.4985290352891927,6.608537712571832e-16,,
ENSSSCG00000015089,JAML,,0.4219299952189128,0.16892424478029117,0.15760881878787902,,
ENSSSCG00000015211,PKNOX2,,0.4182616670926412,-0.3091611229937211,4.2288866101461286e-12,-0.6112781852349822,0.012121212121212121
ENSSSCG00000009569,PSPC1,,0.4162006576855977,-1.5465892737269036,5.2133394707662916e-45,-0.35771328460123725,0.024242424242424242
ENSSSCG00000003524,C1QA,,0.4127233425776164,0.6826598583641128,1.7132394633190443e-05,-0.9091597117092833,0.2303030303030303
ENSSSCG00000016159,CPS1,,0.4110451675951481,-3.333526829634541,2.622404649201678e-73,0.424252726627126,0.006060606060606061
ENSSSCG00000005657,PKN3,,0.40472233295440674,-0.6220145895301787,1.7530756386337805e-13,-0.13661054961169608,0.5272727272727272
ENSSSCG00000004070,SCAF8,,0.3957433303197225,-0.9217692210144951,4.3111096803990096e-13,-0.5802214024850261,0.006060606060606061
ENSSSCG00000030246,FCRLA,,0.39205602804819745,2.9653616639073532,1.8434229346874864e-59,-0.1470696163625995,0.6988606165865427
ENSSSCG00000027677,,,0.3908745677520831,0.2970836273866385,0.18891321073727885,,
ENSSSCG00000034501,RIOX2,,0.38821332653363544,-0.4644571512225816,1.2638936234808646e-05,,
ENSSSCG00000017136,TBCD,,0.384416659673055,-0.4815063692603734,0.0001257291947897928,-0.11736679136637906,0.3151515151515151
ENSSSCG00000043143,,,0.3842083315054576,-1.8329351721076301,4.715378532350613e-33,,
ENSSSCG00000011370,DALRD3,,0.3797576626141866,-0.40681184424685457,0.001114873678499834,0.057874131911900134,0.9272727272727272
ENSSSCG00000027556,RSRC1,,0.3782000144322713,-0.9266958992071391,3.526953655975137e-22,-0.040641883587592145,0.6484848484848484
ENSSSCG00000004691,EIF3J,,0.37725333372751874,0.3868095701681594,2.4454860227731865e-05,0.12889291865134098,0.3151515151515151
ENSSSCG00000003089,TOMM40,,0.3737666606903076,-0.20751325684710314,0.13056001122813096,-0.16442443174458232,0.07272727272727272
ENSSSCG00000015550,RGS16,,0.3729900121688843,-1.2104321799850348,2.8180297957933765e-15,-1.403820405789886,0.024242424242424242
ENSSSCG00000051296,,,0.3702700138092041,-2.2623481929049185,1.7767260731960461e-40,,
ENSSSCG00000002028,CMTM5,,0.36894331375757855,0.6612857336147195,0.6216689346039405,-1.784329173509189,0.5272727272727272
ENSSSCG00000009545,COL4A2,,0.36176665623982746,-0.4235875647903637,6.274708639779215e-12,-1.6486162344014503,0.024242424242424242
ENSSSCG00000010204,BICC1,,0.36042332649230957,-2.1739312020107486,1.1292786645535567e-53,-0.6202523712495576,0.006060606060606061
ENSSSCG00000038753,,,0.35391195537522435,1.2073186849908821,7.233370219714368e-15,,
ENSSSCG00000022945,UCHL1,,0.3528401702642441,-0.9760974994795627,3.847020267641251e-06,1.1076371397252804,0.3151515151515151
ENSSSCG00000037565,,,0.3526366551717122,-4.635375542995429,0.46084740290802617,,
ENSSSCG00000013784,DNAJB1,,0.3522333304087321,1.0011339328544429,1.5009773771894504e-09,-0.6076712840054319,0.07272727272727272
ENSSSCG00000022353,RAP1GDS1,,0.35102466742197674,-0.5002931528415808,0.0005731056163298721,-0.6632950466559722,0.006060606060606061
ENSSSCG00000004607,PYGO1,,0.34791000684102374,0.5798278464472619,4.454816538725364e-05,0.018402690781752277,0.9272727272727272
ENSSSCG00000029507,RASGEF1B,,0.3450046678384145,0.6851510290657035,0.0020853200242645755,-0.2090550051676778,0.5272727272727272
ENSSSCG00000002762,TERF2,,0.34319667021433514,-0.8515133029073816,2.79090140360506e-24,-0.09293022385795953,0.6484848484848484
ENSSSCG00000038322,,,0.3422800103823344,1.7471739573336038,5.317562254416498e-36,,
ENSSSCG00000001873,CSPG4,,0.3395800193150838,-1.777391325486713,2.56955924325e-31,-1.2412373138731116,0.04242424242424242
ENSSSCG00000009851,,,0.33646000425020856,0.039028599820521405,0.059960258223932056,,
ENSSSCG00000038941,SNAPC5,,0.33568334579467773,-1.563275947499557,8.049200477330025e-32,-0.036109150717619054,1.0
ENSSSCG00000044793,,,0.3356236716111501,0.8071272855387981,2.1960684676600616e-13,,
ENSSSCG00000011351,TMA7,,0.3352866570154826,-1.2796642427790534,1.2622951566822004e-15,0.11727824708320289,0.3151515151515151
ENSSSCG00000014128,CKMT2,,0.3339833418528239,1.2143350456830357,4.867011264196467e-30,0.47585317658795573,0.2303030303030303
ENSSSCG00000002306,GALNT16,,0.3287571545224637,-1.0325924102073496,2.8307021993933934e-23,-0.6308426554880177,0.10909090909090909
ENSSSCG00000007317,DLGAP4,,0.3178743322690328,0.596817217514684,6.621482330400615e-05,-0.1520506638768845,0.5272727272727272
ENSSSCG00000022679,COCH,,0.31543566783269245,-2.123318879850927,3.3820705561532006e-42,-0.6295299128444037,0.2303030303030303
ENSSSCG00000023229,ETV5,,0.31408166885375977,-1.7134884530410346,1.9071011968720952e-41,-2.2411379718724405,0.006060606060606061
ENSSSCG00000007520,,,0.31252167622248334,-0.4571794177823108,1.3718980408730831e-14,,
ENSSSCG00000006090,MTERF3,,0.31244534254074097,-0.27656618930279175,0.028472367376555098,0.015455777712296913,0.9272727272727272
ENSSSCG00000041958,,,0.3107840021451314,-2.080866853569062,7.559803587703196e-42,,
ENSSSCG00000020082,SNORA70,,0.31067367394765216,-1.635085692246211,8.981523137347377e-26,-2.3357352377271674,0.037418756646210034
ENSSSCG00000018920,MIR454,,0.30867167313893634,-4.277584034945633,1.5474295988398427e-53,0.0,1.0
ENSSSCG00000035661,,,0.30578766763210297,-3.106698888429385,4.134998616348509e-48,,
ENSSSCG00000010959,NTRK2,,0.30485232671101886,-0.7575948167801686,1.9724374577790527e-17,-0.539197138077983,0.4121212121212121
ENSSSCG00000002495,SYNE3,,0.30458299815654755,-1.2221696868842467,6.4373679181821716e-24,-0.5532866323752972,0.10909090909090909
ENSSSCG00000036686,CDC42SE2,,0.3028966585795085,-0.888460628964799,2.0587042520229605e-13,-0.29775481141517895,0.10909090909090909
ENSSSCG00000008180,EIF5B,,0.3025749921798706,-0.563695445715213,2.8903576643094185e-14,-0.07185285064130914,0.6484848484848484
ENSSSCG00000006939,ZNHIT6,,0.302523672580719,-0.584400722584502,5.4048015050875666e-18,-0.16667869509038655,0.4121212121212121
ENSSSCG00000032686,RUNX3,,0.30230467518170673,0.5502733631289742,5.978262675365606e-16,-0.28398012875695333,0.5272727272727272
ENSSSCG00000011051,HSPA14,,0.3021523356437683,-1.2944400380608945,4.33358114691981e-36,-0.07643949077463813,0.7878787878787878
ENSSSCG00000029651,SLN,,0.2999926706155141,1.5307840904493553,2.2168304903824155e-47,0.6072445380519292,0.024242424242424242
ENSSSCG00000006087,CPQ,,0.29965899387995404,0.36141453800610135,1.0186255409329958e-12,-0.3527312830980973,0.2303030303030303
ENSSSCG00000041875,,,0.2949466972301404,-1.91720142104549,1.2230362694595308e-25,,
ENSSSCG00000038089,COL18A1,,0.29461999734242755,-1.4458148080880229,3.758530831164817e-27,-0.8031528747300047,0.16363636363636364
ENSSSCG00000025527,,,0.2907976706822713,-1.1095131667137574,0.3397406504628414,,
ENSSSCG00000014016,SQSTM1,,0.2892520030339559,1.8192807605799308,7.526763967011688e-48,0.3441533199715524,0.2303030303030303
ENSSSCG00000037336,GID4,,0.2870870033899943,1.2088624015291873,3.9243494863803403e-28,0.32273384685611406,0.10909090909090909
ENSSSCG00000016522,PTN,,0.2869205605238676,-3.2430770815815926,8.695649399568511e-70,-1.5137247011151338,0.024242424242424242
ENSSSCG00000019095,U6,,0.2854749957720439,-3.333811673601102,4.4087623843674145e-35,,
ENSSSCG00000011936,ZBED2,,0.272348773976167,-0.3711627922483399,3.6230443700216695e-18,-1.931897015107539,0.25683925795785656
ENSSSCG00000013045,OTUB1,,0.2643943428993225,-0.6266723745837594,3.8439634055638014e-07,-0.040314749283668926,0.9272727272727272
ENSSSCG00000045478,,,0.2635449965794881,-0.9242366138198485,4.4392808991283244e-27,,
ENSSSCG00000051147,,,0.2631160020828247,1.344668123103873,2.7239784288409406e-13,,
ENSSSCG00000009889,ALDH2,,0.26244727591983974,1.7997416140730425,1.0621344265435227e-67,0.3836274863134019,0.2303030303030303
ENSSSCG00000002639,TUBB3,,0.2604800754537185,-2.7891046162719353,6.29942962246441e-11,-0.4561288059372746,0.18487531434756477
ENSSSCG00000050649,,,0.258367657661438,-2.2338056832605355,1.6071278286332367e-57,,
ENSSSCG00000032019,DNASE1L3,,0.2511100023984909,0.7208852650861125,1.514871749168492e-07,-0.8158897069389014,0.07272727272727272
ENSSSCG00000011257,ACVR2B,,0.2505566676457723,-0.7304522424753285,0.003421848224512469,-1.1270116616283645,0.04242424242424242
ENSSSCG00000038553,TSPO2,,0.2483623425165812,-2.8449866070538423,8.065581925205137e-32,0.0,1.0
ENSSSCG00000024311,CCR3,,0.24707633256912231,1.1081773252683182,1.1964159685124825e-18,-0.0733878955884578,0.3907499036204134
ENSSSCG00000030026,SORCS1,,0.24639799197514853,-2.1927240037066382,3.012106026167738e-41,-0.4423115639602508,0.5272727272727272
ENSSSCG00000037179,PIRT,,0.24603400627772012,-0.18127182348742604,3.852480994599562e-05,0.0,1.0
ENSSSCG00000044892,,,0.24400406330823898,-1.7764981839107934,2.2465996207224018e-35,,
ENSSSCG00000040582,,,0.2438406745592753,-2.604144249329968,5.835955160786399e-70,,
ENSSSCG00000020750,,,0.2412329912185669,1.5472987087330785,6.399311794495131e-17,,
ENSSSCG00000016971,MCCC2,,0.24121000369389853,-0.3209456819080595,7.739888087562116e-05,0.5301994031762088,0.10909090909090909
ENSSSCG00000047250,,,0.24052399893601736,-0.3821414244787717,8.278464153171023e-06,,
ENSSSCG00000017144,NPTX1,,0.23947633306185404,-1.6968985197062385,4.550100752601009e-11,1.2438192725909203,0.3151515151515151
ENSSSCG00000020439,RNaseP_nuc,,0.23883572779595852,-4.056637380998825,5.163556004085204e-38,,
ENSSSCG00000006582,S100A14,,0.23600767056147257,0.1072552415042858,0.2152379798774824,-0.5608763095896084,0.7662303342597001
ENSSSCG00000006829,SYPL2,,0.23331467310587564,0.7275226887087314,5.228835704193665e-22,-0.37099726312329073,0.04242424242424242
ENSSSCG00000050318,SMIM35,,0.23281367619832358,0.22948508667784798,1.5579128528236297e-05,,
ENSSSCG00000021866,EDDM3B,,0.23017233610153198,1.4192537080565018,4.413538004241509e-13,0.0,1.0
ENSSSCG00000022953,PTER,,0.2299166719118754,1.7054979128773147,9.215514236022921e-45,0.29540019290888697,0.2303030303030303
ENSSSCG00000031742,,,0.2296730081240336,0.009313985680681055,8.492437930081222e-10,,
ENSSSCG00000013340,MUC15,,0.22788099447886148,0.09782015533724375,0.1369299766608713,0.0,1.0
ENSSSCG00000047673,,,0.22635366519292197,-0.6255543632807343,1.345335112332123e-06,,
ENSSSCG00000034284,,,0.22455699741840363,0.432838082069544,0.017866866961324036,,
ENSSSCG00000041189,,,0.22422534227371216,-1.9753729539156728,1.303137129705022e-26,,
ENSSSCG00000042272,,,0.22345699866612753,-1.5719182904860738,8.330485483456484e-42,,
ENSSSCG00000009468,,,0.22301000356674194,-1.3490348630649327,3.4199586579977225e-12,,
ENSSSCG00000026724,GUCY2C,,0.2219806710879008,0.20853481177199829,8.310134951712388e-08,-0.1354331884907319,0.25683925795785656
ENSSSCG00000040985,KCTD7,,0.22152300675710043,-1.6433549921763266,3.7612030869522346e-25,-0.5355640329838,0.4121212121212121
ENSSSCG00000008175,CHST10,,0.21897133191426596,-0.8426736938039333,5.198675252132934e-18,0.022591152768154123,0.9272727272727272
ENSSSCG00000016516,ATP6V0A4,,0.21829100449879965,-1.1587070107002229,5.69136691480321e-05,0.0,1.0
ENSSSCG00000038007,HACD1,,0.2155359983444214,-0.3203301252008194,0.031407335544852026,-1.3641727602889,0.024242424242424242
ENSSSCG00000003843,PARS2,,0.21426333983739218,-1.3777686487753689,7.979633168680015e-36,0.3980940172245071,0.3151515151515151
ENSSSCG00000040917,,,0.2133666674296061,-1.0588744257424945,1.628179811571639e-09,,
ENSSSCG00000000712,ANO2,,0.21235867341359457,1.5729320570961907,1.8997716044597132e-35,0.001583578660639291,0.7878787878787878
ENSSSCG00000008449,SLC3A1,,0.21170532703399658,-2.5809467512211888,1.4184307180087262e-49,-0.09716024300223329,0.066124301125868
ENSSSCG00000012203,TAB3,,0.2109883427619934,-0.03079181491459274,0.0384065704901086,0.18032554722674174,0.6484848484848484
ENSSSCG00000038681,,,0.21022367477416992,-1.9579738576390064,6.246261347118064e-32,,
ENSSSCG00000044399,,,0.20801776523391405,-3.4480922688662035,4.4383400199976353e-29,,
ENSSSCG00000026453,ACSM5,,0.20460835906366506,2.031336862128167,5.193253255216224e-43,1.5853139321322736,0.006060606060606061
ENSSSCG00000003943,MED8,,0.20328766107559204,0.0674900841044917,0.48375596116302677,-0.33217699827756847,0.4121212121212121
ENSSSCG00000024325,SGK2,,0.20272718281679167,2.258055981787928,3.435498387484361e-32,0.13372409135506821,0.4984039238004654
ENSSSCG00000007547,ADAP1,,0.19978566964467367,-0.582510360052576,1.3095008366475872e-16,-0.8421693673123777,0.16363636363636364
ENSSSCG00000029219,SH3BGR,,0.19936333100001016,1.1136374256067396,1.2322330491440973e-30,0.21496122760293881,0.2303030303030303
ENSSSCG00000037105,EVL,,0.19747300942738852,-1.122789476213902,2.1769661847385735e-30,-0.6224880101377114,0.006060606060606061
ENSSSCG00000008563,KCNK3,,0.19685733318328857,-2.852378892988991,7.828128067280219e-22,-0.8561072281375485,0.07272727272727272
ENSSSCG00000004762,DNAJC17,,0.19273966550827026,-0.8968726942285379,5.81706329366306e-14,-0.4879714815144776,0.16363636363636364
ENSSSCG00000018084,ND3,,0.19093700249989828,-0.20082188875741677,0.39671321090564626,,
ENSSSCG00000038579,DKKL1,,0.18942566712697348,0.042388488031260184,6.79085272722207e-21,-0.06858996214074624,0.674150223875841
ENSSSCG00000044088,,,0.18784499168395996,1.3436955187188737,1.9852730011956106e-29,,
ENSSSCG00000035302,BLOC1S3,,0.18691466252009073,1.4280550703191488,0.0914852261390258,-0.6790020562433898,0.04242424242424242
ENSSSCG00000007369,,,0.18627200524012247,0.3885065112987425,1.0044891944635242e-05,,
ENSSSCG00000017508,STAC2,,0.1841753994425138,-1.2048983140037801,2.6861216252106483e-24,0.3812100894272732,0.17573433564422514
ENSSSCG00000025109,PLD3,,0.1821649968624115,-0.5391586444668436,1.8506613165879645e-17,-0.4357492848595826,0.04242424242424242
ENSSSCG00000020221,,,0.17854966719945273,-0.008358262275054467,0.01214594343040827,,
ENSSSCG00000032392,,,0.17798366149266562,-1.1172251630429053,8.721316367033957e-15,,
ENSSSCG00000046122,,,0.17689000070095062,-3.810267464420923,3.6938085524803605e-51,,
ENSSSCG00000026527,HCN1,,0.1760743334889412,0.11332078499405472,0.0002497799970691451,1.0229292089522481,0.012121212121212121
ENSSSCG00000025514,RUFY3,,0.17586000760396323,1.001649004829759,3.3180710194293357e-26,0.24952575497044377,0.4121212121212121
ENSSSCG00000005484,ZNF618,,0.17495232820510864,-1.9559631403043947,5.228895882663374e-29,-0.6469480951480192,0.2303030303030303
ENSSSCG00000031741,,,0.17202534278233847,-3.1783596608294515,5.46343899386213e-54,,
ENSSSCG00000013513,PLIN5,,0.17178033788998923,-1.4212063549756877,1.3922428051900292e-08,-0.027411017503368607,0.7878787878787878
ENSSSCG00000004018,AFDN,,0.17162134250005087,-0.09784825694061264,0.0021390080727390383,,
ENSSSCG00000031998,,,0.17065733671188354,-1.3689762382713189,1.0218768594157796e-06,,
ENSSSCG00000003371,GPR153,,0.17016565799713135,-1.4512141742211506,6.131987987389752e-16,-1.5331699054761783,0.006060606060606061
ENSSSCG00000040410,EXOC3L2,,0.16749499986569086,-0.8011634224879552,4.926328511860965e-13,-0.5969249143718495,0.9272727272727272
ENSSSCG00000012517,,,0.1658103366692861,-3.3978128099892593,1.0406028950726813e-41,,
ENSSSCG00000022163,GNAL,,0.16526466608047485,-1.8366011319401867,7.13058220343193e-18,1.234073569769042,0.006060606060606061
ENSSSCG00000005582,STRBP,,0.16494366774956384,0.4164047911540583,5.873777664811953e-06,0.0042713011933620355,1.0
ENSSSCG00000012651,XPNPEP2,,0.16492233673731485,-0.8757845603610221,2.239388131216587e-28,-1.2395387088384866,0.012121212121212121
ENSSSCG00000034887,HAPLN4,,0.16352033615112305,-0.09640010844952238,0.04826274783617787,0.25685938644140066,0.5842375964997912
ENSSSCG00000000116,POLR2F,,0.16311867038408914,0.39681543589344964,7.62945081554897e-12,0.21705802299570529,0.024242424242424242
ENSSSCG00000006281,NTMT2,,0.1630870004494985,3.058220718855474,1.8299660060912342e-62,,
ENSSSCG00000002403,VIPAS39,,0.16205266614754996,-0.46768001370900264,0.000979618316024928,-0.37322907166860303,0.04242424242424242
ENSSSCG00000049136,,,0.1595003306865692,-1.8948420128657717,1.2003689965770965e-14,,
ENSSSCG00000010997,SPINK4,,0.1593989726776878,-2.0177133665673614,1.476351331515193e-42,-0.061863265173538316,0.25683925795785656
ENSSSCG00000019255,MIR374B,,0.154899001121521,-3.2193241733270135,3.166881770689958e-39,0.0,1.0
ENSSSCG00000002681,HSDL1,,0.15260573786993822,-1.0936974522044194,3.5715969389567566e-08,0.2915907475779177,0.10909090909090909
ENSSSCG00000023984,RSL1D1,,0.15206433335940042,-1.2350223267715275,1.393046410639213e-35,-0.19713862085558723,0.3151515151515151
ENSSSCG00000049729,,,0.15076000491778055,-2.2787001512126794,1.9018974138189773e-31,,
ENSSSCG00000027361,OVOL1,,0.1504260003566742,-0.08859330714852374,0.00015425388923052477,0.0,1.0
ENSSSCG00000016763,GLI3,,0.15005800127983093,-2.0877248595725657,6.024980068662565e-37,-0.7228766768562787,0.006060606060606061
ENSSSCG00000025629,COLEC11,,0.1489199995994568,-2.670755282095753,2.7440721794968492e-37,0.002568366888581981,1.0
ENSSSCG00000002351,PTGR2,,0.14870100220044455,-1.515969260098836,1.6623617761032485e-16,0.27728282058116943,0.006060606060606061
ENSSSCG00000010337,MAT1A,,0.14832433064778647,-4.0955891410400564,1.4445853924801146e-25,0.22459276213608825,0.32655780733082995
ENSSSCG00000038768,GPR37L1,,0.14830699563026428,-1.262909244002012,1.229859574092124e-13,-2.0602235646536724,0.15259354609908682
ENSSSCG00000023127,,,0.14764400323232016,-2.080772279068392,2.1386941816743676e-24,,
ENSSSCG00000031154,ACKR2,,0.14726833502451578,-0.49535736570794797,9.865281549993284e-08,0.03503467457011467,0.8497689707092216
ENSSSCG00000025685,TP73,,0.14406800270080566,-1.4073201868579561,2.3907150834978627e-14,-0.12657914547040147,0.03758237418293158
ENSSSCG00000034572,,,0.14275599519411722,-1.1488952108157906,3.25685910808493e-22,,
ENSSSCG00000007603,NPTX2,,0.1418239971001943,-2.450152898681973,1.1903891240344157e-34,0.30630841798917446,1.0
ENSSSCG00000002827,SLC6A2,,0.14037932952245077,-0.868178852621523,0.0017683433587362444,-0.48291090486123334,0.04521997417875719
ENSSSCG00000037944,,,0.14014033476511636,-1.396061419029247,5.9554319642036864e-05,,
ENSSSCG00000014037,,,0.13735645406025773,3.1561040371355937,1.7964758007835346e-60,,
ENSSSCG00000016033,GULP1,,0.13689600427945456,-0.317115341771808,1.7191460981018516e-06,-0.3470772014111741,0.07272727272727272
ENSSSCG00000028446,PCBP4,,0.1358416626850764,-0.7323363083090977,4.704278412641493e-13,0.0687503903643633,0.7878787878787878
ENSSSCG00000001786,CFAP161,,0.13573233286539713,-0.893683136836955,7.199914488170629e-13,,
ENSSSCG00000003366,CHD5,,0.1356000006198883,-0.8744228080659942,1.2256694136936648e-28,-0.1265949812779096,0.44362416783004877
ENSSSCG00000023749,MIOX,,0.13558827520076497,0.2923074363611205,0.025358339156445222,0.25588813466006893,0.5707503880581739
ENSSSCG00000017416,DHX58,,0.13532867034276327,0.2052356305523118,0.01082634381791978,-0.3380944530873335,0.2303030303030303
ENSSSCG00000012397,IL2RG,,0.13430399696032205,0.2937332693084303,0.29822779707093594,-0.31514182085985315,0.3151515151515151
ENSSSCG00000005604,PBX3,,0.1342454549157992,-0.71071222176091,0.06937369353197258,0.6044959046592919,0.07272727272727272
ENSSSCG00000018087,ND4,,0.13340033016478023,0.13759043123768283,0.0124461387079123,,
ENSSSCG00000010719,,,0.13232200344403586,0.22287282208033804,0.03060035337115615,,
ENSSSCG00000033490,,,0.1319763312737147,-3.2537990315471084,1.1219281836055093e-37,,
ENSSSCG00000036049,PEG10,,0.13132100303967795,-2.369294278140871,3.344840935140183e-60,-2.435101687329425,0.006060606060606061
ENSSSCG00000029757,,,0.12873133023579916,0.042581898484547784,0.002295773405770521,,
ENSSSCG00000025282,SNORA57,,0.12785200277964273,-0.9854267921045022,9.046459718979172e-25,2.6009395823457164,0.5707503880581739
ENSSSCG00000013400,,,0.12344466646512349,1.2677087649818524,1.741288441870344e-16,,
ENSSSCG00000028725,TMEM102,,0.12265466650327046,-0.34577129137255047,0.04376863077347594,-0.4333476016823557,0.4121212121212121
ENSSSCG00000014838,PGM2L1,,0.1225055642426014,1.887889612075419,1.2208771682072187e-27,0.32667934240460267,0.4121212121212121
ENSSSCG00000034843,,,0.1214306652545929,-1.7169754607250287,1.1982619592378562e-33,,
ENSSSCG00000040016,,,0.11989133556683858,0.7069033239978926,2.2870917190867884e-11,,
ENSSSCG00000010681,SFXN4,,0.11988332867622375,-0.7187021908653329,1.1740670796183227e-23,0.0822655118574665,0.4121212121212121
ENSSSCG00000024913,HYLS1,,0.11928333342075348,-1.0983826846992126,7.735038121596854e-17,0.020115266930857092,0.9272727272727272
ENSSSCG00000035965,AQP4,,0.11868199706077576,-1.2365819475768107,3.972048064905839e-14,-0.24053403170190937,0.5272727272727272
ENSSSCG00000015656,FCMR,,0.11820133527119954,1.773805176523581,5.380700749926898e-26,-0.10304629522283762,0.9272727272727272
ENSSSCG00000034502,H6PD,,0.11789833505948384,-0.49543714827247587,2.5808163426439832e-11,-0.4900993205266508,0.2303030303030303
ENSSSCG00000034345,SPRY3,,0.11782099803288777,1.7919186930373467,1.214642785418445e-40,-0.1830744804625896,0.5272727272727272
ENSSSCG00000004075,RGS17,,0.11757633090019226,-3.1716099710212964,3.82052307827929e-40,-0.029795640632030187,0.25683925795785656
ENSSSCG00000013415,AZU1,,0.1174519956111908,-2.5753130528643284,2.7628393347742207e-08,0.0,1.0
ENSSSCG00000003449,LRRC38,,0.11599836281190316,-1.4130420319115957,6.800065641657502e-13,0.7448120173539267,0.07272727272727272
ENSSSCG00000002349,,,0.11569886468350887,-1.1540196878835467,1.3100368638806782e-21,,
ENSSSCG00000034350,SERHL2,,0.11514433473348618,-2.35703144529445,3.494683583845511e-72,0.016825345476720117,0.9272727272727272
ENSSSCG00000030088,,,0.11499899625778198,0.7940178792460038,3.0002659979302198e-05,,
ENSSSCG00000001565,CDKN1A,,0.11330840239922206,-0.19587652051949275,0.01686043123566619,-2.9449580722621422,0.4121212121212121
ENSSSCG00000043029,,,0.11181566615899403,0.5311513346670397,5.182507999713537e-05,,
ENSSSCG00000008132,STARD7,,0.11170400182406108,-1.0000777631939168,4.825697184933172e-11,0.34554547410908426,0.07272727272727272
ENSSSCG00000040825,PYM1,,0.11058566967646281,-1.750919313035851,4.890342847922802e-47,,
ENSSSCG00000023364,,,0.10983399550120036,-2.6213060914258324,8.2131000725962e-28,,
ENSSSCG00000033041,,,0.10938299695650737,-1.3955130514541525,2.5921236424071546e-37,,
ENSSSCG00000042062,,,0.10854966690142949,0.4579256655283952,0.009947989167580867,,
ENSSSCG00000010608,SFR1,,0.10788999994595845,-1.81148889038738,1.1468925871046983e-30,-0.40982267939383143,0.16363636363636364
ENSSSCG00000035293,,,0.10782879839340846,-1.6837083348045603,5.0818644694759704e-37,,
ENSSSCG00000016414,,,0.10703699787457784,-0.014148658317450444,3.1012137445802766e-15,,
ENSSSCG00000031981,,,0.1067656675974528,2.8765900591104954,4.85142390669894e-67,,
ENSSSCG00000004551,ZNF609,,0.10605300466219585,-0.7079397300897406,6.660559601008551e-13,-0.4693379990828432,0.024242424242424242
ENSSSCG00000013916,COMP,,0.10589974117465317,-1.3047576280142401,1.0998760997867992e-25,3.3173489084939356,0.15543334455717794
ENSSSCG00000041755,,,0.10558230119446914,-7.084510882212858,1.0406179066635112e-63,,
ENSSSCG00000034207,CEBPB,,0.10553999741872151,2.28413828393392,3.7331484875077977e-44,0.04392195440748447,0.7878787878787878
ENSSSCG00000010992,,,0.10445366303126018,1.4773762566647528,2.0561387794215227e-29,,
ENSSSCG00000050870,,,0.10407333572705586,-1.706108845539635,7.465030228443466e-13,,
ENSSSCG00000002831,IRX3,,0.10397900144259135,0.778075644032735,0.5073871486377066,1.237326204337408,0.5272727272727272
ENSSSCG00000008689,ZFYVE28,,0.10210099816322327,0.5594116273014412,8.773109476604914e-08,0.21421612576478716,0.5272727272727272
ENSSSCG00000045624,,,0.1014951493901511,2.3833209159938717,3.2948365133500377e-57,,
ENSSSCG00000032481,DPM2,,0.10033480077981949,-0.21202220928354257,0.10814237790419404,-0.06019754204423539,0.5272727272727272
ENSSSCG00000039587,,,0.10029000043869019,1.4354191471433049,3.4556878802366204e-10,,
ENSSSCG00000011045,MINDY3,,0.09956233700116475,-1.8190853495432942,3.3109762572706225e-31,,
ENSSSCG00000029515,PON3,,0.09949100017547607,2.982835438982734,3.1746980110982426e-49,-0.09502063481671581,0.7878787878787878
ENSSSCG00000039286,,,0.0993333359559377,-3.692420573996549,5.594325814369196e-76,,
ENSSSCG00000026784,LMNB2,,0.09921833376089732,-2.4391983201237792,5.483873391203646e-50,-0.19307151854988547,0.3151515151515151
ENSSSCG00000014031,,,0.09885733326276143,-1.0910203116721784,8.259925093750787e-19,,
ENSSSCG00000037459,TCTA,,0.09819866220156352,-1.0532942428950576,5.42425755285306e-21,-0.5609204586166733,0.012121212121212121
ENSSSCG00000008311,CYP26B1,,0.09611566613117854,-2.6271280373996997,1.2732098552337584e-48,-1.4275895209109106,0.006060606060606061
ENSSSCG00000017358,SLC4A1,,0.09589209966361523,-5.026833871954842,3.459960277690359e-59,0.2764718545442459,0.5842375964997912
ENSSSCG00000008976,ART3,,0.09431463479995728,-1.6361103976507891,0.0001228997025722645,-0.28862574143732855,0.07272727272727272
ENSSSCG00000030345,INPP5J,,0.09425133466720581,0.2838609130704482,1.303635958833447e-23,1.4246662791329865,0.04242424242424242
ENSSSCG00000001657,CUL7,,0.09326766928037007,-2.298056588220246,3.198251907775564e-36,-0.685113147955546,0.006060606060606061
ENSSSCG00000048349,,,0.09316500027974446,0.22462814520743804,9.809629796429907e-06,,
ENSSSCG00000031794,TNFAIP8L3,,0.09171900153160095,-0.552910933925936,1.6610966588752084e-10,-0.870007428667907,0.07272727272727272
ENSSSCG00000025344,PHC2,,0.09149033824602763,-1.0996931275331372,9.342209098635592e-30,-0.44637844373622304,0.07272727272727272
ENSSSCG00000042641,,,0.09136000275611877,-1.8886800529500323,1.7957678796246486e-28,,
ENSSSCG00000028304,ZFP36L1,,0.09048400322596233,0.1283408449256658,0.5207461644683543,-1.0735918074666064,0.012121212121212121
ENSSSCG00000007351,FAM83D,,0.09046666820844014,-3.65071115550953,2.382898427913038e-40,-0.5269040756273435,0.01322774842711308
ENSSSCG00000041173,,,0.08999306708574295,-3.637983063685787,7.596560760168027e-50,,
ENSSSCG00000027153,WARS2,,0.08958366513252258,-1.2362995021937004,1.8141338504912012e-44,0.006285720489892306,0.7878787878787878
ENSSSCG00000045539,,,0.08853736768166225,1.6351198760324928,2.6260083355114323e-08,,
ENSSSCG00000034379,MAP2K3,,0.08764899770418803,0.6706072131674365,3.804041965198608e-20,0.13119661871916363,0.7878787878787878
ENSSSCG00000020678,BANP,,0.08752600351969402,-0.5968296451557686,2.240205876357732e-17,-0.5990863319371647,0.07272727272727272
ENSSSCG00000002993,CYP2A19,,0.08694400389989217,-0.05904426445703496,0.02904702669447648,,
ENSSSCG00000049464,,,0.08660099903742473,0.6153170648865877,2.9431690932819246e-24,,
ENSSSCG00000011943,BBX,,0.0857569972674052,-1.195217862310159,1.8541796074679672e-18,-0.2291478537512073,0.6484848484848484
ENSSSCG00000030947,ZFAT,,0.08533333738644917,-0.1735635629506266,0.07252358190326676,0.0338386654061896,0.9272727272727272
ENSSSCG00000032909,CDCA8,,0.08440299828847249,-3.3896104329157604,8.950332108325367e-46,-0.9053469105516282,0.01790072922411279
ENSSSCG00000017750,EVI2B,,0.08361599842707317,0.25594683203506985,0.27077614656398463,-0.9704541965486838,0.2303030303030303
ENSSSCG00000032503,,,0.0831980009873708,-1.4263949397329647,3.209910838409109e-05,,
ENSSSCG00000037913,,,0.08316566546758015,0.2754841322078049,6.83073439986714e-22,,
ENSSSCG00000002963,,,0.0821016679207484,-0.47939755213779084,1.0878412742957897e-14,,
ENSSSCG00000000084,,,0.08172566692034404,2.613729046602014,4.8444963565030876e-60,,
ENSSSCG00000006002,CCN3,,0.08160833517710368,-1.0919580508073257,1.1072109289952289e-16,,
ENSSSCG00000018070,,,0.08089566727479298,-0.04178339869487147,0.0012983914381921324,,
ENSSSCG00000031904,UGT8,,0.07891866564750671,-2.514189828731167,7.082435751456477e-63,-1.0110900858098435,0.06362974454621106
ENSSSCG00000005528,NDUFA8,,0.07873733341693878,-0.1652284897015445,0.3084818293363707,0.2399188310254209,0.16363636363636364
ENSSSCG00000001696,,,0.07869233191013336,0.01773608610644446,0.013427262811054582,,
ENSSSCG00000010925,PPP1R12B,,0.07710023534794648,0.9775724057217783,5.69516110990541e-29,0.1565360978377855,0.6484848484848484
ENSSSCG00000011885,FBXO40,,0.07709966599941254,2.4450084580561815,5.783788639416326e-55,0.17338738616270333,0.5272727272727272
ENSSSCG00000003078,CEACAM19,,0.0770246684551239,3.2210607223296717,4.0952562660235564e-60,0.21867595158966813,0.5272727272727272
ENSSSCG00000031728,ABRA,,0.07645266751448314,1.0471305342515935,3.3178090670644835e-11,-0.2580380483510339,0.7878787878787878
ENSSSCG00000035796,,,0.07641771994531155,-1.1263845660593133,4.323351454620115e-25,,
ENSSSCG00000046331,,,0.0761576642592748,1.0704174512711886,0.755733694946191,,
ENSSSCG00000045854,,,0.07572433352470398,-2.183587768859356,4.6074547256350335e-34,,
ENSSSCG00000040897,,,0.07567200064659119,-2.475270537926873,3.346245265047027e-29,,
ENSSSCG00000035103,PIGL,,0.07536133130391438,-0.9159314515610941,2.6861799884216512e-39,-0.08971452750377487,0.9272727272727272
ENSSSCG00000022797,PPP1R3B,,0.07452000180880229,-0.6667776471025739,0.002930230315666921,0.8200071262852537,0.07272727272727272
ENSSSCG00000049525,,,0.07438333332538605,-2.5724568179880434,6.360020348160064e-20,,
ENSSSCG00000036223,ACKR1,,0.07415333390235901,1.6333602820421491,4.705280274160741e-35,-1.7606587144158812,0.006060606060606061
ENSSSCG00000017062,TIMD4,,0.07413133482138316,1.6528519240246273,4.002986258814438e-18,0.039015059375284454,0.32655780733082995
ENSSSCG00000046928,,,0.07331299781799316,-2.536617629080732,3.909750745412519e-36,,
ENSSSCG00000003547,,,0.07242666681607564,-0.7765272664736979,1.1845790012283352e-12,,
ENSSSCG00000022689,GADD45B,,0.07035286786655585,-0.35017601530632647,0.002438881076180091,-1.723198752488466,0.006060606060606061
ENSSSCG00000038727,GDNF,,0.07019599775473277,0.591686602625243,0.02646052754190083,-2.113714032102386,0.9272727272727272
ENSSSCG00000024938,SH3BP5,,0.06889999906222026,0.9790919753958659,9.900804570580022e-14,-1.3256873599262056,0.012121212121212121
ENSSSCG00000005198,KDM4C,,0.06875500082969666,-1.1103141044616907,1.1634819838548204e-18,-0.4891855332086806,0.006060606060606061
ENSSSCG00000048045,,,0.06843600173791249,0.2433899309514046,0.14717074928668128,,
ENSSSCG00000010768,CFAP46,,0.06784533460934956,-2.043695523278,1.1766594512352423e-30,2.458959699483227,0.006060606060606061
ENSSSCG00000011133,PFKFB3,,0.06749133268992107,1.6871688672238012,6.669694709118534e-18,-1.4662728393686213,0.04242424242424242
ENSSSCG00000003240,,,0.06720933318138123,-1.9553918751822599,2.2586962968192302e-39,,
ENSSSCG00000039609,ANKRD33B,,0.0670590673883756,2.656818578558515,1.126053928583915e-53,-1.8353845854039794,0.07272727272727272
ENSSSCG00000008648,RSAD2,,0.06648083465794723,1.3761606063681104,5.443752536859786e-18,0.12926568348755899,1.0
ENSSSCG00000022364,CPT1B,,0.06625266869862874,-0.4610695261780146,0.08668709950109009,-0.1787227014766158,0.5272727272727272
ENSSSCG00000041966,,,0.06598100066184998,-0.44265774075318687,2.2158412539566497e-06,,
ENSSSCG00000034127,SHISAL2A,,0.0656653344631195,-2.8979411312580656,7.472251530797727e-64,,
ENSSSCG00000037070,GRID2IP,,0.06495633224646251,2.2731949197552437,3.90461068155774e-57,-0.012892021681550849,0.5842375964997912
ENSSSCG00000044108,,,0.0644876342266798,-3.070709706337435,4.628821608884259e-40,,
ENSSSCG00000013616,ZNF653,,0.06429133315881093,-1.411062833160402,5.922716405826177e-26,0.05475937389571828,0.9272727272727272
ENSSSCG00000018073,,,0.0641370341181755,-0.5836496482926885,0.4053818725765549,,
ENSSSCG00000041512,,,0.06388733287652333,-1.2107137347466446,1.5835808625678124e-16,,
ENSSSCG00000011077,MSRB2,,0.06351476535201073,-1.5201648219590542,1.7902239613485338e-48,0.049721239085175575,0.5272727272727272
ENSSSCG00000050441,,,0.06343230108420055,0.30882948022530166,4.545229234089086e-05,,
ENSSSCG00000002467,ASB2,,0.06319100161393483,3.8136520000673806,3.541455407583261e-76,0.8095241957073274,0.006060606060606061
ENSSSCG00000006506,SYT11,,0.062164331475893654,-1.358904696141613,1.6693814427371314e-10,-0.10794622171913384,0.9272727272727272
ENSSSCG00000033954,VPS33B,,0.06143153210481008,-1.1754061639735756,4.455578671624495e-34,-0.5594958530023618,0.006060606060606061
ENSSSCG00000034266,CACNA1H,,0.06091233094533285,-2.166929404439107,5.3807688917409245e-40,0.14644571826657216,0.6484848484848484
ENSSSCG00000034371,,,0.0608950008948644,2.168883765429283,1.0731062009558888e-38,,
ENSSSCG00000041187,,,0.06067966421445211,-0.4316450658451932,0.0004094360726343108,,
ENSSSCG00000040607,MAF,,0.06058300038178762,0.9625245437380532,3.2872564724459705e-18,-0.6292250522966304,0.04242424242424242
ENSSSCG00000004452,PRSS35,,0.059809133410453796,-3.5219559833597525,7.058226659222851e-44,-1.1292715560904047,0.3151515151515151
ENSSSCG00000040973,,,0.05945733189582825,-1.679489764469323,2.4255182925175743e-16,,
ENSSSCG00000011701,TM4SF18,,0.059223333994547524,-1.6693840604010692,1.685622525101927e-29,-0.4953159238541039,0.5272727272727272
ENSSSCG00000021204,HOXA10,,0.058154232800006866,-1.9174529295082894,1.0108617804094877e-16,0.5345613116813378,0.2303030303030303
ENSSSCG00000027257,PSMB1,,0.05784576785905907,-0.24172745280192143,0.23555304613903694,-0.12081951497692173,0.16363636363636364
ENSSSCG00000030165,MAFF,,0.057714333136876426,0.0503992742524794,0.7125387275598107,-3.0604870453137596,0.012121212121212121
ENSSSCG00000011795,IGF2BP2,,0.056463668743769325,-1.9784787091584732,8.992511243885092e-64,-2.0276044398329574,0.006060606060606061
ENSSSCG00000044627,,,0.0562689999739329,-0.6357853395242542,6.11078252405244e-15,,
ENSSSCG00000012019,TMPRSS15,,0.0559689998626709,-2.015835550612265,5.494232438550413e-39,0.0,1.0
ENSSSCG00000030544,TMEM143,,0.0543016642332077,0.5929653222922765,2.9989858751243047e-21,0.34856032996194675,0.024242424242424242
ENSSSCG00000040980,,,0.054098665714263916,-0.4050354283281336,2.070066443966653e-06,,
ENSSSCG00000049331,,,0.05404429882764816,-3.199883868914259,1.1333462263649851e-38,,
ENSSSCG00000028104,HOXC11,,0.05362999935944875,-1.2605403125107004,9.989364110747463e-05,-0.889316405053493,0.15259354609908682
ENSSSCG00000036944,TACO1,,0.05361866454283396,-0.22593727109853903,0.4320269473841065,-0.043046414191482765,0.7878787878787878
ENSSSCG00000016571,,,0.05356899897257487,-0.5115304125785037,3.702582867010639e-21,,
ENSSSCG00000039424,MCRIP1,,0.05353433390458425,-0.21831235609828653,0.0015064886523141114,,
ENSSSCG00000007095,POLR3F,,0.05342300236225128,-1.308406886242508,8.34537081353877e-37,0.02463038210065702,0.9272727272727272
ENSSSCG00000050793,ssc-mir-10390,,0.05323633551597595,-0.017685199355285387,0.3169930352724797,,
ENSSSCG00000026466,SLC23A2,,0.053198665380477905,-1.7754967016023546,7.644085885568769e-28,-0.8357830863869806,0.04242424242424242
ENSSSCG00000018064,,,0.05310766895612081,0.25826362340569975,9.93338956160472e-10,,
ENSSSCG00000026533,MYF6,,0.0523499995470047,1.6077563797654524,1.0697622431259407e-46,-0.5849529335851474,0.5272727272727272
ENSSSCG00000014420,JAKMIP2,,0.05196766555309296,-4.219446034317472,1.8576760553539564e-44,-0.2080140930631664,0.15259354609908682
ENSSSCG00000002077,,,0.05114800234635671,-0.7952993988966564,0.3104290925644597,,
ENSSSCG00000031740,,,0.05059804022312164,-3.4749871705619846,4.568026494842927e-34,,
ENSSSCG00000017472,IGFBP4,,0.05023466547330221,-0.7437253118987689,8.925410079617684e-15,-1.1171428775773613,0.024242424242424242
ENSSSCG00000023929,TXNRD3,,0.050127665201822914,-0.20686545709029439,0.5195460690090108,-0.1965190392928514,0.5272727272727272
ENSSSCG00000012376,GDPD2,,0.04906199872493744,-2.1578902471893744,4.055156266827102e-34,-0.16852712824982646,0.25683925795785656
ENSSSCG00000036132,CKM,,0.04892033338546753,1.8650494352182725,8.56394018315655e-60,0.7274348323312081,0.012121212121212121
ENSSSCG00000022009,DDC,,0.04864380011955897,-1.6511957805790574,3.3367177118328485e-30,-0.4045049103844787,0.5272727272727272
ENSSSCG00000014869,LRRC32,,0.04859699805577596,0.052844224961327034,0.033954268889468425,-1.1134973862862192,0.012121212121212121
ENSSSCG00000047932,HSPA6,,0.04818136741717657,2.476102186651431,1.1542277868026108e-42,0.222541844414006,1.0
ENSSSCG00000028911,COLQ,,0.04754299918810526,-2.604399879097999,5.351492819256161e-58,-0.9437967328201746,0.07272727272727272
ENSSSCG00000035904,,,0.04702933132648468,-0.9333423636551619,1.623469763792719e-32,,
ENSSSCG00000008874,TMEM144,,0.046026334166526794,-2.3685409014082066,1.393584982799091e-65,-0.31257822677489405,0.3151515151515151
ENSSSCG00000010569,OGA,,0.04535820086797079,-0.2539530275530153,0.3223900255940805,,
ENSSSCG00000040316,,,0.04340329890449842,-1.1381398275475656,1.5273333964575671e-25,,
ENSSSCG00000033727,,,0.042967999974886574,-0.19499193199197767,0.511185563317387,,
ENSSSCG00000036883,FABP3,,0.042965332667032875,-0.8389718207196338,0.00012071700148611083,0.055576069117683875,0.7878787878787878
ENSSSCG00000038184,ACBD7,,0.042922332882881165,1.7811055123232122,4.9923408716504225e-08,0.22113290823716328,0.7426672542939013
ENSSSCG00000039655,TAFAZZIN,,0.042846997578938804,0.28828005488881137,0.0048725617917655525,,
ENSSSCG00000013604,MYO1F,,0.04101600001255671,0.26422297080681967,0.2928478319504515,-0.30361375366820426,0.6484848484848484
ENSSSCG00000014570,NRIP3,,0.0403677336871624,-0.04951156633636716,0.0002589929490070789,-0.36288327510925167,0.10909090909090909
ENSSSCG00000024756,SPG7,,0.040251667300860085,0.5391472729666965,3.919474743448112e-07,0.2787934734328997,0.2303030303030303
ENSSSCG00000041777,,,0.03985400001207987,1.0174123599016696,4.691254520100735e-17,,
ENSSSCG00000013017,EHD1,,0.03943966577450434,0.3073497210213287,3.669330639521814e-06,-0.19137557910514297,0.2303030303030303
ENSSSCG00000004752,EXD1,,0.039406999945640564,0.2964183411121931,0.006364092778748354,0.0,1.0
ENSSSCG00000016698,HOXA11,,0.03930989901224772,-5.145139477326087,1.360736097135017e-18,0.9444865802461639,0.3151515151515151
ENSSSCG00000008470,THUMPD2,,0.03884233285983404,-1.6984535836294958,5.097128093601784e-40,-0.42129180865879245,0.07272727272727272
ENSSSCG00000004052,FNDC1,,0.03786666691303253,-1.1872012123487152,1.1237921245101406e-18,-0.5926285138061307,0.5272727272727272
ENSSSCG00000004676,DUOXA2,,0.03781293332576752,-1.507256149675597,7.676123211492933e-53,0.0,1.0
ENSSSCG00000021305,,,0.03776666770378748,-1.4341453488482534,1.8373011338999012e-08,,
ENSSSCG00000002029,MYH6,,0.037485999365647636,0.6958166210745923,6.073936314154497e-19,-0.05042053697220947,1.0
ENSSSCG00000016177,XRCC5,,0.03748466571172079,-1.0452020443009995,1.8132120033146777e-32,-0.34212500840732285,0.024242424242424242
ENSSSCG00000007058,PLCB4,,0.037047666807969414,-0.6552328920971711,4.951897926037989e-18,-0.18066982423403577,0.4121212121212121
ENSSSCG00000041487,,,0.03701061305279533,-0.7340920551535706,7.53257576539096e-11,,
ENSSSCG00000032911,DUSP8,,0.03665423269073168,1.4070310032474769,1.335572408833945e-31,-0.9427383383895176,0.16363636363636364
ENSSSCG00000011518,SHQ1,,0.036614999175071716,-1.2569019026454353,3.1506369747554354e-17,-0.27568267926990087,0.16363636363636364
ENSSSCG00000015247,ZBTB44,,0.03588666766881943,0.4619185135680954,3.2603294480987446e-06,0.13574815212847519,0.5272727272727272
ENSSSCG00000004714,EPB42,,0.03560933222373327,-2.6649328216891224,7.040956379455168e-23,0.10027989377835257,0.5707503880581739
ENSSSCG00000016200,PRKAG3,,0.03530043363571167,2.26474899174936,9.418503203680253e-61,0.7343499316152818,0.3151515151515151
ENSSSCG00000004039,SLC22A3,,0.03493766734997431,-1.2847780129902162,1.6494711609283855e-17,-0.5301625934157931,0.10909090909090909
ENSSSCG00000015781,ENPP6,,0.03457833329836527,-2.688402311010076,2.2282925225819707e-31,-1.1001482595255168,0.07272727272727272
ENSSSCG00000012663,ENOX2,,0.034388333559036255,0.08058018869333687,0.023282276566285814,-0.219921639900885,0.5272727272727272
ENSSSCG00000017571,EME1,,0.034313999116420746,-2.818814612525187,2.811081982624162e-35,-0.9900570067480109,0.5272727272727272
ENSSSCG00000034608,TMEM94,,0.03425666689872742,0.38825919218350635,1.0543234968144465e-10,,
ENSSSCG00000027278,ARL6,,0.03409533451000849,-1.115674582683174,9.081963804003637e-15,0.13074371055283698,0.4121212121212121
ENSSSCG00000000190,TUBA1B,,0.034038533146182694,-2.2348422879944962,9.322510133171415e-60,-1.1318391350601553,0.006060606060606061
ENSSSCG00000034752,SUPT4H1,,0.033916667103767395,-0.392712330124691,0.0004831937672911446,-0.07619895235279299,0.3151515151515151
ENSSSCG00000011692,ZIC1,,0.03379816592981418,-1.0699235710905788,3.1983988473082155e-08,0.3632825100607175,0.6484848484848484
ENSSSCG00000011845,PCYT1A,,0.03368100027243296,-0.27100958961142363,0.06001058937524508,0.38312259108546526,0.10909090909090909
ENSSSCG00000004127,PLAGL1,,0.03341799974441528,-2.1460063214668508,5.363677629508589e-55,-1.5022785674483314,0.006060606060606061
ENSSSCG00000012843,PIDD1,,0.033156966169675194,-0.524777003026268,5.537057578538387e-08,0.08594104017816502,0.9272727272727272
ENSSSCG00000015766,WDR17,,0.032103399435679116,-0.3806217509042464,0.15426858055110143,0.18950787954579823,0.12969500778016357
ENSSSCG00000013848,RAB8A,,0.03205350041389465,-1.4097172701084462,1.8493265563825983e-27,-0.65828075157656,0.16363636363636364
ENSSSCG00000041935,HSPB7,,0.031915366649627686,1.3039386195518385,1.250674793952732e-40,0.5822479943264697,0.16363636363636364
ENSSSCG00000016464,CASP2,,0.03150296707948049,-0.014969569822687613,0.3645684159124928,-0.8540605433544058,0.04242424242424242
ENSSSCG00000040617,TNFAIP8,,0.03137663255135218,-1.6643357999258175,5.495389561238565e-39,-0.22736755850884868,0.5272727272727272
ENSSSCG00000051588,,,0.03091876705487569,-1.8166219868795734,3.1355788263586285e-37,,
ENSSSCG00000028031,HDAC11,,0.030896166960398357,0.055236755347432304,0.014416823695385493,0.11066281009053927,0.5272727272727272
ENSSSCG00000046791,,,0.030589599783221882,0.9719486745691187,0.04993100937486235,,
ENSSSCG00000004367,POPDC3,,0.030526679009199142,1.3876172379062608,1.7118576975927174e-42,0.5016990628409999,0.024242424242424242
ENSSSCG00000038005,,,0.029918000102043152,-2.266486476803822,1.3664425288848004e-20,,
ENSSSCG00000017862,TRPV3,,0.02967119961977005,2.5886716393474005,1.201021640963313e-17,-0.6289623999245444,0.07272727272727272
ENSSSCG00000033655,TUBB2B,,0.029669833679993946,-1.043655986013437,2.3985416381217766e-19,-1.1274347591473006,0.04242424242424242
ENSSSCG00000033794,,,0.029510733981927235,-2.073677575370738,9.698326993604058e-31,,
ENSSSCG00000004368,PREP,,0.02934853235880534,0.35023038890258484,3.609261345907633e-12,0.3408184457922418,0.2303030303030303
ENSSSCG00000025179,NECAP1,,0.029322899878025055,-0.7355897884684439,2.1836166802278996e-31,-0.400543056676079,0.16363636363636364
ENSSSCG00000011450,ITIH1,,0.028405066579580307,-2.4895797048881727,0.0001186449561717342,-0.1259838201809262,0.25683925795785656
ENSSSCG00000037423,,,0.028254600862662,-0.15643889920051782,5.254545343290248e-09,,
ENSSSCG00000012266,SLC9A7,,0.028241567313671112,-1.1222284915817418,4.0156850648613424e-05,0.5745256058377536,0.024242424242424242
ENSSSCG00000050878,,,0.02777603268623352,-2.1760425728734236,1.0007893709337073e-27,,
ENSSSCG00000004193,ENPP1,,0.027544699609279633,-0.6821503444438302,8.108871401735097e-26,0.29001245658518593,0.9272727272727272
ENSSSCG00000037390,,,0.027465832730134327,-2.1846611760499246,2.663529267450336e-26,,
ENSSSCG00000017052,ADAM19,,0.027270933613181114,-0.6620721480814374,2.9949963175924695e-12,-0.7978250637887487,0.012121212121212121
ENSSSCG00000038094,GPX7,,0.02715589975317319,-1.815465344675475,7.712408827476897e-57,-1.042434017710407,0.006060606060606061
ENSSSCG00000049918,,,0.027104366570711136,-2.865965108492618,1.0491235458348777e-43,,
ENSSSCG00000021259,CDA,,0.026867732405662537,0.14487266694001943,7.929325259728308e-06,0.1405590160390618,0.7878787878787878
ENSSSCG00000008545,ZNF512,,0.02633606642484665,-1.578045544400657,3.376946846643658e-56,-0.9357649388441799,0.07272727272727272
ENSSSCG00000036551,AGBL1,,0.026060265799363453,-1.8834156915458367,4.485383138819896e-24,-0.41575573675165217,0.07272727272727272
ENSSSCG00000005620,SH2D3C,,0.02575233330329259,-0.3466851976028269,3.928709568876214e-13,-0.4855689681547664,0.3151515151515151
ENSSSCG00000005425,SLC44A1,,0.025173065563042957,-0.24668412360156236,0.0005477659491513147,-0.539052971573367,0.006060606060606061
ENSSSCG00000011760,TBL1XR1,,0.024938933551311493,-1.4291165398032597,7.538740086313492e-08,-0.512660942047899,0.10909090909090909
ENSSSCG00000004148,CCDC28A,,0.024880866209665935,0.585435789524221,3.813699176485093e-21,-0.340680409791517,0.3151515151515151
ENSSSCG00000003400,NMNAT1,,0.02447333311041196,1.0855937482824103,3.600258927986523e-20,0.41181814896559255,0.024242424242424242
ENSSSCG00000032737,,,0.02375566711028417,-1.0818569264552134,5.708238022189629e-25,,
ENSSSCG00000018117,SNORD14,,0.023155334095160168,-1.91099729132521,2.8734218563890325e-21,,
ENSSSCG00000005981,FBXO32,,0.02313799907763799,2.182377187910277,1.0183021896899877e-47,0.10627313254521363,0.7878787878787878
ENSSSCG00000038672,,,0.02304770052433014,0.07795905019062574,1.4254636258013164e-05,,
ENSSSCG00000015507,TNN,,0.0228517334908247,1.692774831214289,2.512761228279179e-55,-1.1849279591489856,0.04242424242424242
ENSSSCG00000040025,NANOS1,,0.022770966092745464,0.5486330137311919,8.993436872342409e-07,0.9653107283747573,0.07272727272727272
ENSSSCG00000011238,ARPP21,,0.02271343270937602,-0.9042728273825481,2.2401414953659175e-17,-0.7748496499792689,0.012121212121212121
ENSSSCG00000003159,KCNA7,,0.022643032173315685,1.2899461440291653,1.225426697832861e-25,-0.3711238435984737,0.07272727272727272
ENSSSCG00000039860,,,0.02253556748231252,-2.275948650378964,1.0456113659644752e-49,,
ENSSSCG00000004576,RORA,,0.02246809999148051,0.30325601914362715,0.0007026480389472055,-0.20059246414063528,0.5272727272727272
ENSSSCG00000002640,DEF8,,0.02234820028146108,-0.4136896303029966,3.933673322783618e-06,0.12944346587583208,0.3151515151515151
ENSSSCG00000011259,SCN5A,,0.02223983407020569,-1.72322079520173,4.99418922182297e-40,-1.5642343316456082,0.024242424242424242
ENSSSCG00000004745,RPAP1,,0.02210216596722603,-0.59786818977138,2.99385381576409e-11,0.036766505471455366,0.7878787878787878
ENSSSCG00000003621,ZSCAN20,,0.02138533443212509,-1.220260390229316,2.2463202410619293e-11,0.38988482242686234,0.3151515151515151
ENSSSCG00000007226,,,0.021132133901119232,-2.572164055470848,8.837737407594973e-29,,
ENSSSCG00000047367,,,0.021118666976690292,2.4857600436688316,6.272054901694112e-60,,
ENSSSCG00000040412,,,0.021070900062719982,0.6637295572260788,2.323931262523612e-22,,
ENSSSCG00000005701,ASS1,,0.021048112772405148,0.030287044518175973,0.0022048132646238935,-1.411283542700182,0.012121212121212121
ENSSSCG00000010006,SEC14L2,,0.0210317000746727,-1.220305765299246,1.5782541988512104e-07,-0.11555679450315655,0.5272727272727272
ENSSSCG00000018450,SNORD100,,0.021025667587916057,-3.435701271963494,2.114902951679533e-53,0.0,1.0
ENSSSCG00000029668,IL2RB,,0.020903166383504868,0.7734711665162702,1.0955883204980527e-29,-0.7014653119712406,0.2303030303030303
ENSSSCG00000051233,,,0.020751533408959705,-3.0333087457438035,3.491125244272295e-49,,
ENSSSCG00000004479,FILIP1,,0.02060769995053609,0.11746333754394038,0.25025206469711325,-0.22946254530038787,0.6484848484848484
ENSSSCG00000037621,NHSL3,,0.0203598669419686,-1.0778804984892212,8.825594915014295e-14,,
ENSSSCG00000008200,ANKRD23,,0.02001426617304484,2.2799687902508716,8.214901674946715e-47,-0.021336683342004188,1.0
ENSSSCG00000011514,MITF,,0.019551099588473637,0.8062713337239165,4.155088125162147e-13,-0.0949321898618303,0.5272727272727272
ENSSSCG00000024763,,,0.019473666946093243,-1.6150176836874293,6.351211964062864e-23,,
ENSSSCG00000015859,SAP130,,0.019403066486120224,-0.926179715398681,7.89612512884587e-15,-0.03524615796892962,0.7878787878787878
ENSSSCG00000037232,SNX29,,0.019200899948676426,-1.078228558444537,2.3469218260698075e-20,-0.3120886025108103,0.04242424242424242
ENSSSCG00000039651,SLC2A5,,0.019073400025566418,-1.0239870715100785,5.086720961049672e-26,-1.080904828876062,0.006060606060606061
ENSSSCG00000040849,,,0.018758267164230347,4.8588406403694275,3.85107309221332e-76,,
ENSSSCG00000031306,,,0.018732566386461258,-1.8398195344520218,3.341527653000383e-38,,
ENSSSCG00000044962,,,0.01863960052529971,-2.1263434041437015,9.65504489935599e-07,,
ENSSSCG00000014039,RGS14,,0.01817320038874944,-0.8324854109856771,0.035363643086782685,-0.4190834044046043,0.2303030303030303
ENSSSCG00000037600,C1orf216,,0.018023166805505753,-0.6706961308063966,0.03929746870223096,0.1750703308030319,0.2303030303030303
ENSSSCG00000009853,WSB2,,0.017716899514198303,0.5287959514299116,4.5512496325296465e-18,0.01035642844654575,0.7878787878787878
ENSSSCG00000051459,,,0.01740750049551328,-3.482570144934475,5.758320169710734e-53,,
ENSSSCG00000004357,SIM1,,0.017277900129556656,-0.4361826034928072,0.007277556479707637,0.3121617636374213,0.16363636363636364
ENSSSCG00000027669,TNS1,,0.01717599978049596,0.685491506686842,7.832375326272317e-17,0.3117541581147458,0.10909090909090909
ENSSSCG00000024300,TMEM254,,0.017124233146508534,-1.9743690346499858,2.5500345395345926e-58,-0.16721246918050314,0.7878787878787878
ENSSSCG00000023215,MAOB,,0.01710096684594949,0.7914027459936338,1.15831893513848e-29,0.8025050877464273,0.006060606060606061
ENSSSCG00000012178,,,0.017090299477179844,-1.2540015081885152,5.17621362367428e-09,,
ENSSSCG00000022322,,,0.016903200497229893,-0.6115448439495298,6.473307116161956e-08,,
ENSSSCG00000000781,ABCD2,,0.016793399428327877,-0.07647388154108548,0.9505492579518697,0.15701062677547528,0.5272727272727272
ENSSSCG00000029226,UBC,,0.0167861661563317,1.0801794983019806,9.108585403330794e-28,-0.20041881503880474,0.3151515151515151
ENSSSCG00000039712,,,0.016726266592741013,0.5292723265082279,5.23120372089609e-13,,
ENSSSCG00000008832,,,0.016670933614174526,0.12458174539629162,0.029699954347885867,,
ENSSSCG00000007462,KCNB1,,0.016605399549007416,1.6624268398517623,1.116957469945768e-31,-0.523626279050089,0.7878787878787878
ENSSSCG00000015213,EI24,,0.016598633180061977,-0.4295787631702594,0.002051899466010854,0.03782183696980311,0.7878787878787878
ENSSSCG00000043851,,,0.01631123386323452,2.236909064361048,1.058718563560507e-57,,
ENSSSCG00000004419,SLC16A10,,0.016223533699909847,0.8750071309753462,5.6262532412231335e-12,0.7192261361114017,0.16363636363636364
ENSSSCG00000037096,TMEM88,,0.016214499870936077,-0.3925939475340712,1.75205105593892e-10,-0.2523067133667331,0.4121212121212121
ENSSSCG00000029541,PSD2,,0.01614850014448166,-2.2821837419394937,3.363191732083824e-49,-0.12186259543651322,0.38406399052005213
ENSSSCG00000034771,CCNDBP1,,0.016147566338380177,0.7092281682035496,1.1592996556643453e-19,-0.21512948346325758,0.10909090909090909
ENSSSCG00000003253,,,0.015921933576464653,-0.4552186828714404,1.1054805569947713e-07,,
ENSSSCG00000005638,LCN2,,0.015887100249528885,1.3301465880727348,2.6837143934064017e-27,-0.38244398288704995,0.25683925795785656
ENSSSCG00000032648,RBL2,,0.015716133018334705,0.056209464041782196,0.05270686273599761,-0.1936695574148741,0.2303030303030303
ENSSSCG00000006581,,,0.015246366461118063,1.085256314747282,1.0978801682066407e-28,,
ENSSSCG00000046470,,,0.014638032764196396,1.7738057319346807,1.0857378696364868e-56,,
ENSSSCG00000012181,PDK3,,0.014481928325646246,1.3706853644749286,1.719030538553001e-23,0.33350172500348046,0.5272727272727272
ENSSSCG00000011698,GYG1,,0.014425033082564672,1.4609156089365982,6.665474962984342e-58,-0.1261888909243171,0.6484848484848484
ENSSSCG00000045649,,,0.014041600128014883,-1.5288270753801927,7.781739991493666e-19,,
ENSSSCG00000014367,SLC35A4,,0.013917800039052963,0.2751515518764769,2.7973922853426887e-06,-0.03181741968920851,0.9272727272727272
ENSSSCG00000015986,HOXD1,,0.01388793314496676,1.166294507125177,1.6927279110524087e-12,-0.5529355399248553,0.2975170913642372
ENSSSCG00000040088,,,0.013443833837906519,0.9590809831032404,0.008845786995006391,,
ENSSSCG00000015336,SLC25A13,,0.013441533471147219,-0.19908151371936775,0.012112348069631435,-0.37951990873230596,0.04242424242424242
ENSSSCG00000004089,RMND1,,0.01318906620144844,-1.1838440279483433,2.491809425139206e-40,-0.03978677248140966,0.9272727272727272
ENSSSCG00000035331,,,0.013145066797733307,-0.5884433714364915,9.028548204516744e-19,,
ENSSSCG00000045496,,,0.013055966856578985,-2.4973528362489974,2.590613605518639e-26,,
ENSSSCG00000006289,F5,,0.012905899435281754,-0.356163990643015,2.5800337678695374e-06,0.09505191349096144,0.4984039238004654
ENSSSCG00000009096,EXOSC9,,0.01288936659693718,-0.9898887342645522,1.2696809709244356e-35,-0.5758011764806666,0.04242424242424242
ENSSSCG00000039425,BPGM,,0.012869166831175486,1.7012123006906303,7.729073784612125e-46,-0.4099088506890131,0.07272727272727272
ENSSSCG00000011110,CCDC3,,0.01257223387559255,-1.3298812394915982,4.591633942115215e-12,0.2735115664071693,0.9272727272727272
ENSSSCG00000025721,TMPRSS7,,0.012440666556358337,-1.2277555607766466,4.0954778078584934e-11,0.0,1.0
ENSSSCG00000047080,OPRD1,,0.01239639955262343,0.795070378316054,1.1280059866068797e-26,0.3958617540384545,0.18617412643888487
ENSSSCG00000036157,BARX2,,0.012373633682727814,-1.685653277999431,6.021551462000428e-54,0.0018289044555971116,0.40020156146604347
ENSSSCG00000031075,,,0.012074733773867289,-2.611311009772909,2.770759095520017e-23,,
ENSSSCG00000008115,,,0.012049499899148941,-1.5240624124485282,9.817776096663715e-33,,
ENSSSCG00000008785,FAM114A1,,0.01187396670381228,-2.156018885634066,1.473093068283689e-54,-0.9718194559769127,0.012121212121212121
ENSSSCG00000008959,CXCL2,,0.011497666438420614,-0.13454221973806474,6.597755540259442e-23,-2.854675942751391,0.04242424242424242
ENSSSCG00000000720,AKAP3,,0.011211966474850973,-0.6592858994553897,2.9146719097849985e-34,0.20900654419331915,0.3151515151515151
ENSSSCG00000025661,TBRG1,,0.011138400062918663,-0.5939092021377288,3.159788768921523e-19,0.3856403315270827,0.024242424242424242
ENSSSCG00000031536,MYCT1,,0.010744566718737284,-0.5556638339631341,3.197528763136034e-05,-0.46134489416875346,0.4121212121212121
ENSSSCG00000050590,,,0.010478433221578598,1.0538449113868793,1.3913921267388382e-20,,
ENSSSCG00000030253,NOL9,,0.010423466563224792,-1.6435825450738044,1.296155612263572e-38,-0.22403880341855845,0.2303030303030303
ENSSSCG00000016450,NOS3,,0.010420600573221842,0.8994185352956865,7.606314637670514e-07,-0.21221386515491011,0.9272727272727272
ENSSSCG00000004041,SLC22A1,,0.010385533173878988,0.9247925123275174,2.1285899923381304e-10,0.1236398890329565,1.0
ENSSSCG00000042170,,,0.010221200063824654,1.3800238016788242,2.062276462947311e-24,,
ENSSSCG00000029002,PNKD,,0.010177133604884148,-0.5732366575429233,7.088225963020765e-27,-0.06970787821929134,0.6484848484848484
ENSSSCG00000044128,,,0.010100366547703743,-2.3530185925762486,1.3640945406686007e-57,,
ENSSSCG00000031465,PRRT1B,,0.010085933531324068,-2.0293118654028337,1.7928514713134094e-26,,
ENSSSCG00000025188,LEPR,,0.010031299976011118,-1.4309918305604947,4.944428231247801e-06,-0.4981585585040593,0.04242424242424242
ENSSSCG00000026422,GPER1,,0.00985646682480971,0.014221515918901594,0.0040084957347310875,0.0618638500256546,1.0
ENSSSCG00000023110,UBXN1,,0.009728100150823593,1.2784017617034362,9.564589572496497e-40,0.226369140502118,0.10909090909090909
ENSSSCG00000008981,,,0.009667067012439171,0.8664747552367555,4.079712670417815e-32,,
ENSSSCG00000006954,EEF1D,,0.009642566864689192,0.1243669595445719,3.0631134665419365e-05,0.11591779761682801,0.07272727272727272
ENSSSCG00000004172,SLC2A12,,0.009600980207324028,0.874831285057906,1.8803128147524027e-20,-0.010462905493835889,0.7878787878787878
ENSSSCG00000032696,TMEM179B,,0.009545833493272463,-0.13021964237902486,0.8088317416183587,-0.581652896925943,0.04242424242424242
ENSSSCG00000046390,,,0.009414533153176308,-1.4265835657971062,7.013295922048098e-19,,
ENSSSCG00000011453,ITIH4,,0.009336966400345167,1.5792253992426502,1.1003050299614724e-44,0.451789009910323,0.2303030303030303
ENSSSCG00000015616,HSD11B1,,0.009298700218399366,0.5820645671119044,5.2588127342885945e-06,-0.05923717488626661,0.3151515151515151
ENSSSCG00000023377,EMP3,,0.009264533097545305,-1.3628993775345912,9.927937435510905e-36,-0.928531302182769,0.10909090909090909
ENSSSCG00000014113,HOMER1,,0.009142699961860975,1.4147233028388466,1.4835978872247134e-27,0.5772250243608922,0.16363636363636364
ENSSSCG00000014579,TMEM41B,,0.008963766818245253,-1.1892593945063612,2.838160946400209e-20,-0.5384662270786359,0.024242424242424242
ENSSSCG00000023105,NET1,,0.008923866475621859,-2.186887541559657,3.6659486354182337e-56,-1.0158332272688546,0.006060606060606061
ENSSSCG00000039745,HMOX1,,0.008718366424242655,-0.21884021527183284,0.5898967466176825,1.7322629785635222,0.2303030303030303
ENSSSCG00000023165,SEMA7A,,0.008639533072710037,0.3043500940215961,0.0021562934054472323,0.14201282236894727,0.4121212121212121
ENSSSCG00000010860,PSEN2,,0.008623233065009117,-1.0850024692516589,1.0297391804540948e-25,0.25487041109552533,0.3151515151515151
ENSSSCG00000010009,GAL3ST1,,0.0086002666503191,-1.8623172370843026,3.976088298898761e-30,-1.2432871319510168,0.10909090909090909
ENSSSCG00000046901,,,0.008530933409929276,-2.1605653585831543,1.1617461269938566e-36,,
ENSSSCG00000009182,ADH1C,,0.008522899821400642,0.056145119122703924,0.40088253728404166,-0.13331403485719154,0.7878787878787878
ENSSSCG00000026996,,,0.008455166593194008,0.2663758588801314,0.0002621554209288726,,
ENSSSCG00000017886,FBXO39,,0.00831246686478456,-0.15003800579916365,4.722465936601128e-06,0.05499191491407452,0.5707503880581739
ENSSSCG00000042615,,,0.008277600010236105,0.6860703234731547,2.319071941728611e-19,,
ENSSSCG00000049199,,,0.008246566479404768,-0.31939883429908716,5.7973064284998955e-06,,
ENSSSCG00000015795,,,0.008111833284298578,0.8125011956504684,0.010826418086571777,,
ENSSSCG00000042694,,,0.008035900071263313,-0.7650893936780401,1.1245900698771359e-08,,
ENSSSCG00000027726,DLL1,,0.007995466391245524,-2.043123461769086,1.3648382699181061e-22,-1.5853392402906683,0.012121212121212121
ENSSSCG00000003153,FTL,,0.007860700289408365,-0.05374799786328294,0.188229365954089,-0.00010676831519208453,0.9272727272727272
ENSSSCG00000003941,SZT2,,0.007690000037352244,-0.13428381819380014,0.00018485224484751303,-0.20436805018430973,0.3151515151515151
ENSSSCG00000036224,,,0.007291269954293966,2.001265109684206,1.105110264406427e-46,,
ENSSSCG00000017498,PPP1R1B,,0.007265533631046613,0.681901631494793,0.13197677789787454,-1.8865920705746413,0.29418628880023767
ENSSSCG00000012050,RCAN1,,0.007242633029818535,-0.4842763531700405,0.008960857446199283,-0.06848109832752522,0.7878787878787878
ENSSSCG00000014280,RAD50,,0.007117000098029773,-0.5576168001212991,8.536118769910886e-12,-0.15221574359392936,0.16363636363636364
ENSSSCG00000014361,CYSTM1,,0.0069576700528462725,1.0509773267484255,3.426009656692053e-27,-0.17098132937834215,0.4121212121212121
ENSSSCG00000002461,BTBD7,,0.006871066366632779,-1.2894647013233413,1.8744085892946133e-17,-0.16874637267352702,0.4121212121212121
ENSSSCG00000017801,TRARG1,,0.00670299989481767,3.6926027638275625,4.627677867625162e-49,,
ENSSSCG00000023235,MAN1C1,,0.006626199930906296,-0.35257763091504923,1.6069913601259836e-08,-1.0740067032973228,0.2303030303030303
ENSSSCG00000031657,,,0.0064536333084106445,0.2812313439695495,0.005160450847034025,,
ENSSSCG00000005938,COL22A1,,0.006433066601554553,-2.5418711836841834,2.6886615873587306e-27,0.4219016938764586,0.17573433564422514
ENSSSCG00000003429,CLCN6,,0.006414866695801417,-1.0855687160360659,2.156318025455104e-17,-0.36707626571145646,0.3151515151515151
ENSSSCG00000027372,SAMD9,,0.006361466522018115,-0.7210017968772917,0.00794882013355365,-0.9114833436585263,0.16363636363636364
ENSSSCG00000037932,U6,,0.006317966928084691,-2.5472602012121186,1.2523633320738875e-34,,
ENSSSCG00000030831,DENND3,,0.006026466687520345,0.112748620495073,0.02894445486562231,-0.22519596093243663,0.5272727272727272
ENSSSCG00000039802,FBXL2,,0.005918099855383237,-1.2384733971478366,6.1819026957223745e-28,-0.13301671558789604,0.4121212121212121
ENSSSCG00000005524,DAB2IP,,0.005897600203752518,0.1030315782009038,0.015235587059855423,-0.23985798491282823,0.10909090909090909
ENSSSCG00000032151,CPZ,,0.005809566626946132,-0.5835684825957329,6.952504414105406e-10,-3.4795123923755225,0.010555543856643567
ENSSSCG00000012769,ATP2B3,,0.005658299972613652,-0.9798896187088995,5.607757374625342e-11,-0.08851769261398348,0.25683925795785656
ENSSSCG00000006245,SDR16C5,,0.0055489664276440935,3.8303287022459225,3.7380758147214205e-44,0.6159181372592658,0.18617412643888487
ENSSSCG00000027516,CIR1,,0.0053727999329566956,-0.4594128100649972,9.420730639371252e-11,-0.46800408107361036,0.2303030303030303
ENSSSCG00000025715,SNORD15,,0.005364066610733668,-0.07242523962439874,4.26910127346954e-28,,
ENSSSCG00000021803,RANBP10,,0.005276100089152654,0.7937447546686507,3.777968575635499e-20,-0.21573376750481438,0.4121212121212121
ENSSSCG00000042985,,,0.005269133175412814,1.6552127764633724,2.4585547979531224e-55,,
ENSSSCG00000034356,,,0.0052272335936625796,-1.5874988094919575,6.104075614561151e-11,,
ENSSSCG00000035676,G3BP1,,0.005061899932722251,-1.1536207918557706,3.1876135434001863e-23,0.4183014196994268,0.07272727272727272
ENSSSCG00000050531,,,0.005006100051105022,-0.06574530259621779,0.18706209455661482,,
ENSSSCG00000007909,ABAT,,0.0048860665410757065,-1.778383890698111,0.06974278811636339,-0.2065526153735297,0.9272727272727272
ENSSSCG00000051232,,,0.00484163345148166,0.48285675131841405,6.191182275051901e-07,,
ENSSSCG00000041560,,,0.004812399856746197,-2.0343742483065057,1.2657280256032651e-30,,
ENSSSCG00000011147,,,0.004463033440212409,0.04455198131746684,1.2935446148889642e-11,,
ENSSSCG00000037771,,,0.004369826676944892,0.889089125905188,4.376394225482888e-11,,
ENSSSCG00000029901,UBE2O,,0.0042932334666450815,0.6743919045462691,2.9532355512868476e-22,0.3450073943959708,0.07272727272727272
ENSSSCG00000011358,TREX1,,0.004278131081567456,-0.1664146629124098,0.028606548997531355,-0.6712203685633819,0.2303030303030303
ENSSSCG00000004044,IGF2R,,0.004228373368581136,-0.14928348069986172,0.0036893716845878507,0.11095969004526132,0.6484848484848484
ENSSSCG00000004163,BCLAF1,,0.00419410007695357,-1.5073518324151804,1.7163903467044495e-41,-0.2980584064131888,0.2303030303030303
ENSSSCG00000015512,PAPPA2,,0.004125566532214482,-1.8357666847587104,1.6965162867361144e-28,-0.38263873167069007,0.07195139759371376
ENSSSCG00000007978,,,0.0041087667147318525,-2.8736961660536027,2.8234626301438907e-37,,
ENSSSCG00000004625,LEO1,,0.004073300088445346,-1.1965051089463115,3.422785494851362e-43,-0.1560103019354162,0.5272727272727272
ENSSSCG00000031868,XK,,0.004015999846160412,1.828516148229088,2.3676191962426675e-52,-0.03977409210446639,0.9272727272727272
ENSSSCG00000041922,,,0.003982199976841609,-1.3292257371944352,3.043278850628946e-09,,
ENSSSCG00000010795,NDUFAB1,,0.0039773667231202126,-0.44588598649962247,2.3432480122617247e-05,0.42023098956085075,0.024242424242424242
ENSSSCG00000013003,ZNHIT2,,0.003949536631504695,0.8495063082828128,1.491890673832695e-08,0.26194616569508966,0.3151515151515151
ENSSSCG00000031450,MLYCD,,0.003919366747140884,1.033571766866933,3.758941802083859e-12,-0.23376813078649478,0.9272727272727272
ENSSSCG00000013599,ANGPTL4,,0.0037829667950669923,0.262008894216356,0.0004411893416417353,-1.968497403658884,0.10909090909090909
ENSSSCG00000010370,,,0.0037438667689760527,-0.5221422983186905,7.720031330575643e-06,,
ENSSSCG00000040348,LIN7A,,0.003711866525312265,-0.13550603528277702,4.119692687040899e-12,0.1713705543890435,0.07272727272727272
ENSSSCG00000028345,,,0.0036532332499821982,-0.5285985122392471,2.1777520652349464e-09,,
ENSSSCG00000004856,NFATC1,,0.0035569999987880387,1.7210388452205927,6.571020034173721e-61,0.18525081395648194,0.5272727272727272
ENSSSCG00000011082,COMMD3,,0.0034745000302791595,-0.5207650242908095,4.509623284571564e-13,-0.12456943019975798,0.5272727272727272
ENSSSCG00000007951,CREBBP,,0.003427666611969471,0.2500482685207509,0.3180676679407334,-0.3990557310624321,0.16363636363636364
ENSSSCG00000007564,AMZ1,,0.003268356745441755,-0.48121822194618824,2.3975121411184167e-08,0.03755608858828316,0.5707503880581739
ENSSSCG00000003080,,,0.0032536334668596587,1.4160673979612772,1.715992198075986e-27,,
ENSSSCG00000004919,NEDD4L,,0.0032235365360975266,0.36360351884409897,0.007071708806020976,-0.053117027431204576,0.9272727272727272
ENSSSCG00000003399,RBP7,,0.003091163312395414,-1.162452227760802,9.641675699552703e-12,-0.8076735629807945,0.07272727272727272
ENSSSCG00000004831,,,0.0030612267243365445,-1.16644048168305,7.935538557555579e-21,,
ENSSSCG00000009202,MMRN1,,0.0030567866439620652,-0.9227682783989195,2.0221371535475596e-12,-1.224159817134392,0.024242424242424242
ENSSSCG00000007681,CUX1,,0.003032283236583074,0.684775425463769,1.0223112797320768e-19,-0.19900281759993463,0.4121212121212121
ENSSSCG00000028475,KPNA1,,0.002984196568528811,1.0786665292779136,4.329315047734282e-31,0.27408611528052745,0.16363636363636364
ENSSSCG00000004508,DYM,,0.002915056732793649,0.7155908902418042,1.0926747814503872e-11,-0.02924506092373382,0.7878787878787878
ENSSSCG00000023562,SNRPE,,0.0028783601398269334,-1.7238937477518688,3.938754679608316e-32,-0.18905201054348597,0.2303030303030303
ENSSSCG00000010131,TXNRD2,,0.002864473188916842,-0.9623277047148487,4.1863665185760994e-24,0.2590978112339664,0.2303030303030303
ENSSSCG00000029697,FAM120B,,0.0028434866884102425,-0.6555115763459904,4.98637785128717e-17,-0.1186191172474439,0.7878787878787878
ENSSSCG00000039904,SNORD14,,0.0028066368152697883,0.17383706632892718,0.04123862070686814,,
ENSSSCG00000027046,,,0.002633136697113514,-1.2768242600967055,2.9015144757977605e-10,,
ENSSSCG00000044446,,,0.0026306665192047753,-4.462578958216132,1.0119947879740647e-23,,
ENSSSCG00000039797,APCDD1,,0.0026028499317665896,-1.2643725467007452,0.0013042239568381863,-0.4381615347866873,0.6484848484848484
ENSSSCG00000034367,,,0.002541920014967521,-1.99991014127544,2.7804551536304405e-19,,
ENSSSCG00000038404,SERPINB6,,0.002529123332351446,0.5227070828055954,4.4944071523843384e-17,0.10374787345107175,0.4121212121212121
ENSSSCG00000008047,E4F1,,0.00252849996710817,-0.7612516244782261,1.207840775060669e-08,-0.1676952195713041,0.16363636363636364
ENSSSCG00000010221,,,0.0024734133233626685,-0.8630432534872962,1.0015448893857544e-10,,
ENSSSCG00000030300,,,0.0024398999909559884,-0.5964333569798541,0.9448489329587848,,
ENSSSCG00000033190,AQP1,,0.0023165466263890266,0.4409780745476064,9.097839586961853e-05,-0.28648986007589433,0.4121212121212121
ENSSSCG00000031140,,,0.0022288433586557708,-0.5534036789773135,1.8189106153894655e-10,,
ENSSSCG00000020701,TTC9,,0.0022078867380817733,0.261769849596654,0.1110970638140383,0.5104894655598742,0.2303030303030303
ENSSSCG00000038453,SYNPO,,0.0021762000396847725,3.11417357523428,8.729479476084741e-72,0.7218235591769376,0.012121212121212121
ENSSSCG00000005465,SUSD1,,0.0021274167423446975,0.6101944439715382,0.0032372779291167646,-0.14128781607055133,0.5272727272727272
ENSSSCG00000038777,CHLSN,,0.0021086734098692736,-0.22360845238245455,0.6024649017500678,,
ENSSSCG00000036078,KCNJ3,,0.002107340066383282,-1.4757762895475433,2.6028962001253886e-31,0.25660255277938426,0.3151515151515151
ENSSSCG00000038323,ACTN3,,0.0020820267188052335,3.0617928785473634,1.3225559958437926e-67,0.3764667444266406,0.9272727272727272
ENSSSCG00000025027,,,0.0020432899861286082,-0.9058868354541154,2.228210490937445e-20,,
ENSSSCG00000035027,ZDHHC14,,0.0020111833388606706,0.5446617332403783,2.0164640734298462e-15,0.39296939723357766,0.2303030303030303
ENSSSCG00000051689,,,0.002001366733262936,-5.12777735126328,1.7949330885160806e-06,,
ENSSSCG00000015014,ZC3H12C,,0.0019988066827257476,-0.6070703511440095,0.9694583885693208,0.013012056078510996,0.9272727272727272
ENSSSCG00000007199,SLC52A3,,0.001923519962777694,-0.052076734255024466,0.4455710758568715,-0.4796074095659018,0.3151515151515151
ENSSSCG00000031216,HS3ST6,,0.0018947900583346684,-0.46222139399782314,0.45804092978637356,-0.2517719096209727,0.25683925795785656
ENSSSCG00000025706,,,0.0017934666636089485,-0.8388861634331316,1.0926485799532795e-11,,
ENSSSCG00000050940,PRICKLE4,,0.0017457067345579465,-0.3760215277428254,0.0006180695083177884,-0.4610763652995176,0.2303030303030303
ENSSSCG00000037536,SLC25A28,,0.0017383632560571034,0.1597975277776138,0.9740304955061206,-0.009099461256628966,0.9272727272727272
ENSSSCG00000031692,,,0.0017353066553672154,-0.11145995297774637,0.14365132786929802,,
ENSSSCG00000016192,PLCD4,,0.001723023286710183,1.392126288252866,1.3933630111589317e-43,0.42911839898029225,0.024242424242424242
ENSSSCG00000037775,IGHM,,0.0017121600297590096,2.740255552959198,1.0520430352597237e-52,,
ENSSSCG00000025942,MCCC1,,0.001699006650596857,0.19491659323471427,0.17765228589737847,-0.22466192331772608,1.0
ENSSSCG00000003382,TAS1R1,,0.0016839999395112197,0.383490569988931,6.476915407807176e-10,-0.2944912580875877,0.7048167647243153
ENSSSCG00000042227,,,0.0016676800635953744,1.7494978578516884,3.6024058090825186e-33,,
ENSSSCG00000027935,FHOD3,,0.0016673766076564789,0.6438749729342167,1.4584260595977248e-18,-0.29459122093795204,0.7878787878787878
ENSSSCG00000006141,CA3,,0.0016333699847261112,1.5490111230763361,5.5586663956508396e-49,-0.38762622793136514,0.3151515151515151
ENSSSCG00000028964,PIM2,,0.0016250433400273323,-1.1012813163837345,0.000964485280340083,-0.6267595602756612,0.4121212121212121
ENSSSCG00000035059,MCM10,,0.0015743399659792583,-1.1498366402715745,2.1277801674520315e-17,-0.03514862412684003,0.1468575253954965
ENSSSCG00000015784,ACSL1,,0.0015742632870872815,0.13448847779498893,2.1686702632412595e-05,-0.11388052669745723,0.6484848484848484
ENSSSCG00000039953,PNRC1,,0.0015723067335784435,0.8851807129390448,3.535449948175667e-25,-0.49738993999146425,0.2303030303030303
ENSSSCG00000011243,GOLGA4,,0.0015143233661850293,0.3362123625382644,0.25609029152288676,0.4116459550067862,0.024242424242424242
ENSSSCG00000032053,ST8SIA5,,0.0014973966560016076,0.24740749735094653,5.220338696141091e-05,0.20162256754655367,0.3151515151515151
ENSSSCG00000015943,GORASP2,,0.0014947899617254734,-0.04216481045630045,0.4609598575262768,-0.23845683495393785,0.04242424242424242
ENSSSCG00000045508,CCDC180,,0.001494240015745163,0.7705396567081211,1.1164825854679124e-17,-0.25354660774312254,0.7048167647243153
ENSSSCG00000029352,CCNL1,,0.0014479633731146653,-1.0784011612309374,2.5931919692094457e-30,-0.8296173869853055,0.024242424242424242
ENSSSCG00000016475,,,0.0014330432750284672,-0.10268635551002293,2.2368569981821133e-24,,
ENSSSCG00000004657,CEP152,,0.0014209933578968048,-2.0465507200490083,2.2448416327349758e-45,-0.15166775263670013,0.6484848484848484
ENSSSCG00000047028,,,0.0014159066292146842,2.0175985129693657,1.0881342962324504e-09,,
ENSSSCG00000022842,,,0.0013970366368691127,-0.5455882012914457,0.09671779474731308,,
ENSSSCG00000024973,GBP1,,0.0013680366488794486,-0.582617896430876,3.2288303941578027e-18,-0.8349972534078824,0.16363636363636364
ENSSSCG00000015730,NIFK,,0.0013678832910954952,-1.2861029118357796,3.368388077168783e-40,-0.5312202514910219,0.07272727272727272
ENSSSCG00000040942,,,0.0012898133524383109,-0.211868701564626,0.00014152082609816737,,
ENSSSCG00000009642,STC1,,0.0012609666834274928,-0.6684357086368674,2.5865622287229927e-22,-2.2234862699789435,0.04242424242424242
ENSSSCG00000039267,ATP6V0B,,0.0012609499972313643,-0.29074021430857194,0.027095616767275794,-0.03330131596320194,0.7878787878787878
ENSSSCG00000025777,ESR1,,0.0012601666773358982,1.3168526217817158,1.4694141154983905e-24,-0.7861145242777862,0.006060606060606061
ENSSSCG00000012486,CSTF2,,0.0012312933492163818,-1.981992520736533,2.8688179771107266e-40,-0.251562058177716,0.2303030303030303
ENSSSCG00000011746,SKIL,,0.0012246266317864258,-1.4639436514920796,4.951897926037989e-18,0.38515121410493103,0.2303030303030303
ENSSSCG00000037071,,,0.001200736655543248,-0.6352973683878765,0.4965476051720574,,
ENSSSCG00000034301,ZNF304,,0.001183143351227045,-1.964101850028695,1.2288481709246135e-34,-0.43189578996619726,0.07272727272727272
ENSSSCG00000037793,NIT1,,0.0011567366309463978,0.5278117545521549,5.515862238501343e-09,-0.23369188847513053,0.6484848484848484
ENSSSCG00000002298,ZFYVE26,,0.0011513099695245426,0.17118212231846647,0.17329059063075847,-0.08178856076891373,0.7878787878787878
ENSSSCG00000045808,,,0.0011390633104989927,0.2584182543557722,1.9488422441728533e-07,,
ENSSSCG00000034139,EYA4,,0.0011046099631736677,0.9006965401915803,5.965879275416958e-08,0.09406428332985936,0.6484848484848484
ENSSSCG00000006328,RXRG,,0.0011040799630184968,1.0374098662271427,8.816351686455975e-28,0.285856720447966,0.2303030303030303
ENSSSCG00000032781,SRSF12,,0.0011019766485939424,-2.711716235361245,1.1354367058045588e-50,-0.7277249490071724,0.10014509204156054
