Sample_ID,Tissue,Tissue_detail,Age,Stage,Sex
SAMD00016663,Unknown,Unknown,,Adult_>365d,Unknown
SAMD00016665,Heart,Heart,,Adult_>365d,Unknown
SAMD00046881,Oocyte,Oocyte,,Adult_>365d,Unknown
SAMD00046882,Oocyte,Oocyte,,Adult_>365d,Unknown
SAMD00046883,Oocyte,Oocyte,,Adult_>365d,Unknown
SAMD00046884,Oocyte,Oocyte,,Adult_>365d,Unknown
SAMD00046885,Ovary,Ovary,,Adult_>365d,Unknown
SAMD00046886,Ovary,Ovary,,Adult_>365d,Unknown
SAMD00046887,Ovary,Ovary,,Adult_>365d,Unknown
SAMD00046888,Ovary,Ovary,,Adult_>365d,Unknown
SAMD00057781,Other,Other,,Adult_>365d,Unknown
SAMD00057782,Unknown,Unknown,,Adult_>365d,Female
SAMD00057783,Unknown,Unknown,,Adult_>365d,Female
SAMD00153268,Muscle,Muscle,,Adult_>365d,Female
SAMD00153269,Unknown,Unknown,,Adult_>365d,Female
SAMD00153270,Unknown,Unknown,,Adult_>365d,Female
SAMD00156641,Other,Other,,Adult_>365d,Female
SAMD00156642,Unknown,Unknown,,Adult_>365d,Female
SAMD00156643,Unknown,Unknown,,Adult_>365d,Female
SAMD00156644,Ovary,Ovary,,Adult_>365d,Female
SAMD00156645,Ovary,Ovary,,Adult_>365d,Female
SAMD00156646,Ovary,Ovary,,Adult_>365d,Female
SAMEA3492689,Unknown,Unknown,,Adult_>365d,Unknown
SAMEA3492690,Unknown,Unknown,,Adult_>365d,Unknown
SAMEA3492691,Blood,Macrophage,,Adult_>365d,Unknown
SAMEA3492692,Blood,Macrophage,,Adult_>365d,Unknown
SAMEA3497680,Artery,Artery,180.0,Post_pubertal_150_365d,Male
SAMEA3497681,Artery,Artery,180.0,Post_pubertal_150_365d,Male
SAMEA3497682,Artery,Artery,180.0,Post_pubertal_150_365d,Male
SAMEA3497683,Artery,Artery,180.0,Post_pubertal_150_365d,Male
SAMEA3497684,Artery,Artery,180.0,Post_pubertal_150_365d,Male
SAMEA3497685,Artery,Artery,180.0,Post_pubertal_150_365d,Male
SAMEA3497686,Artery,Artery,180.0,Post_pubertal_150_365d,Male
SAMEA3497687,Artery,Artery,180.0,Post_pubertal_150_365d,Male
SAMEA3497688,Artery,Artery,180.0,Post_pubertal_150_365d,Male
SAMEA3497689,Artery,Artery,180.0,Post_pubertal_150_365d,Male
SAMEA3643806,Brain,Brain,,Adult_>365d,Female
SAMEA3643807,Brain,Brain,,Adult_>365d,Female
SAMEA3643808,Brain,Brain,,Adult_>365d,Female
SAMEA3643809,Brain,Brain,,Adult_>365d,Female
SAMEA3643810,Brain,Brain,,Adult_>365d,Female
SAMEA3643811,Brain,Brain,,Adult_>365d,Female
SAMEA3643812,Brain,Brain,,Adult_>365d,Female
SAMEA3643813,Brain,Brain,,Adult_>365d,Female
SAMEA3643814,Brain,Brain,28.0,Early childhood_21_59d,Female
SAMEA4434473,Brain,Brain,,Adult_>365d,Female
SAMEA4434474,Brain,Brain,,Adult_>365d,Female
SAMEA4434475,Brain,Brain,,Adult_>365d,Female
SAMEA4434476,Brain,Brain,,Adult_>365d,Female
SAMEA4434477,Brain,Brain,,Adult_>365d,Female
SAMEA4434478,Brain,Brain,,Adult_>365d,Female
SAMEA4434479,Brain,Brain,,Adult_>365d,Female
SAMEA3720870,Blood,Blood,180.0,Post_pubertal_150_365d,Female
SAMEA3720871,Blood,Blood,180.0,Post_pubertal_150_365d,Female
SAMEA3720872,Blood,Blood,180.0,Post_pubertal_150_365d,Female
SAMEA3720873,Blood,Blood,180.0,Post_pubertal_150_365d,Female
SAMEA3720874,Blood,Blood,180.0,Post_pubertal_150_365d,Female
SAMEA3720875,Blood,Blood,180.0,Post_pubertal_150_365d,Female
SAMEA3720876,Blood,Blood,180.0,Post_pubertal_150_365d,Female
SAMEA3720877,Blood,Blood,180.0,Post_pubertal_150_365d,Female
SAMEA3720878,Blood,Blood,180.0,Post_pubertal_150_365d,Female
SAMEA3720879,Blood,Blood,180.0,Post_pubertal_150_365d,Female
SAMEA3720880,Blood,Blood,180.0,Post_pubertal_150_365d,Female
SAMEA3720881,Blood,Blood,180.0,Post_pubertal_150_365d,Female
SAMEA3720882,Blood,Blood,180.0,Post_pubertal_150_365d,Female
SAMEA3720883,Blood,Blood,180.0,Post_pubertal_150_365d,Female
SAMEA3720884,Blood,Blood,180.0,Post_pubertal_150_365d,Female
SAMEA3720885,Blood,Blood,180.0,Post_pubertal_150_365d,Female
SAMEA3720886,Blood,Blood,180.0,Post_pubertal_150_365d,Female
SAMEA3720887,Blood,Blood,180.0,Post_pubertal_150_365d,Female
SAMEA3720888,Blood,Blood,180.0,Post_pubertal_150_365d,Female
SAMEA3720889,Blood,Blood,180.0,Post_pubertal_150_365d,Female
SAMEA3720890,Blood,Blood,180.0,Post_pubertal_150_365d,Female
SAMEA3720891,Blood,Blood,180.0,Post_pubertal_150_365d,Female
SAMEA3720892,Blood,Blood,180.0,Post_pubertal_150_365d,Female
SAMEA3720893,Blood,Blood,180.0,Post_pubertal_150_365d,Female
SAMEA3720894,Blood,Blood,180.0,Post_pubertal_150_365d,Female
SAMEA3720895,Blood,Blood,180.0,Post_pubertal_150_365d,Female
SAMEA3720896,Blood,Blood,180.0,Post_pubertal_150_365d,Female
SAMEA3720897,Blood,Blood,180.0,Post_pubertal_150_365d,Female
SAMEA3720898,Blood,Blood,180.0,Post_pubertal_150_365d,Female
SAMEA3720899,Blood,Blood,180.0,Post_pubertal_150_365d,Female
SAMEA3720900,Blood,Blood,180.0,Post_pubertal_150_365d,Female
SAMEA3727375,Synovial membrane,Synovial membrane,91.0,Pre_pubertal_60_149d,Female
SAMEA3727376,Synovial membrane,Synovial membrane,91.0,Pre_pubertal_60_149d,Female
SAMEA3727377,Synovial membrane,Synovial membrane,86.0,Pre_pubertal_60_149d,Female
SAMEA3727378,Synovial membrane,Synovial membrane,91.0,Pre_pubertal_60_149d,Female
SAMEA3727379,Synovial membrane,Synovial membrane,83.0,Pre_pubertal_60_149d,Female
SAMEA3727380,Synovial membrane,Synovial membrane,89.0,Pre_pubertal_60_149d,Female
SAMEA3727381,Synovial membrane,Synovial membrane,109.0,Pre_pubertal_60_149d,Female
SAMEA3727382,Synovial membrane,Synovial membrane,110.0,Pre_pubertal_60_149d,Female
SAMEA3727383,Synovial membrane,Synovial membrane,102.0,Pre_pubertal_60_149d,Female
SAMEA3727384,Synovial membrane,Synovial membrane,103.0,Pre_pubertal_60_149d,Female
SAMEA3727385,Synovial membrane,Synovial membrane,100.0,Pre_pubertal_60_149d,Female
SAMEA3727386,Synovial membrane,Synovial membrane,103.0,Pre_pubertal_60_149d,Female
SAMEA3727387,Synovial membrane,Synovial membrane,100.0,Pre_pubertal_60_149d,Female
SAMEA3727388,Synovial membrane,Synovial membrane,100.0,Pre_pubertal_60_149d,Female
SAMEA3727389,Synovial membrane,Synovial membrane,100.0,Pre_pubertal_60_149d,Female
SAMEA3727390,Synovial membrane,Synovial membrane,104.0,Pre_pubertal_60_149d,Female
SAMEA3727391,Synovial membrane,Synovial membrane,104.0,Pre_pubertal_60_149d,Female
SAMEA3727392,Synovial membrane,Synovial membrane,104.0,Pre_pubertal_60_149d,Female
SAMEA3903326,Liver,Liver,,Adult_>365d,Male
SAMEA3903386,Liver,Liver,,Adult_>365d,Male
SAMEA3903387,Liver,Liver,,Adult_>365d,Male
SAMEA4454572,Brain,Brain,180.0,Post_pubertal_150_365d,Unknown
SAMEA4454574,Brain,Brain,180.0,Post_pubertal_150_365d,Unknown
SAMEA4454575,Spleen,Spleen,180.0,Post_pubertal_150_365d,Unknown
SAMEA4454576,Spleen,Spleen,180.0,Post_pubertal_150_365d,Unknown
SAMEA4454578,Liver,Liver,180.0,Post_pubertal_150_365d,Unknown
SAMEA4454580,Brain,Hypothalamus,180.0,Post_pubertal_150_365d,Unknown
SAMEA4454582,Brain,Brain,180.0,Post_pubertal_150_365d,Unknown
SAMEA4454583,Muscle,Muscle,180.0,Post_pubertal_150_365d,Unknown
SAMEA4454594,Adipose,Adipose,180.0,Post_pubertal_150_365d,Unknown
SAMEA4454597,Adipose,Adipose,180.0,Post_pubertal_150_365d,Unknown
SAMEA4454608,Lung,Lung,180.0,Post_pubertal_150_365d,Unknown
SAMEA4454609,Brain,Brain,180.0,Post_pubertal_150_365d,Unknown
SAMEA4454611,Brain,Hypothalamus,180.0,Post_pubertal_150_365d,Unknown
SAMEA4454612,Liver,Liver,180.0,Post_pubertal_150_365d,Unknown
SAMEA4454613,Muscle,Muscle,180.0,Post_pubertal_150_365d,Unknown
SAMEA4454614,Lung,Lung,180.0,Post_pubertal_150_365d,Unknown
SAMEA4436896,Blood,Blood,,Adult_>365d,Female
SAMEA4436897,Blood,Blood,,Adult_>365d,Female
SAMEA4436898,Blood,Blood,,Adult_>365d,Female
SAMEA4436899,Blood,Blood,,Adult_>365d,Female
SAMEA4436900,Blood,Blood,,Adult_>365d,Female
SAMEA4436901,Blood,Blood,,Adult_>365d,Female
SAMEA4436902,Blood,Blood,,Adult_>365d,Female
SAMEA4436903,Blood,Blood,,Adult_>365d,Female
SAMEA4436904,Blood,Blood,,Adult_>365d,Female
SAMEA4436905,Blood,Blood,,Adult_>365d,Female
SAMEA4436906,Blood,Blood,,Adult_>365d,Female
SAMEA4436907,Blood,Blood,,Adult_>365d,Female
SAMEA4436908,Blood,Blood,,Adult_>365d,Female
SAMEA4436909,Blood,Blood,,Adult_>365d,Female
SAMEA4436910,Blood,Blood,,Adult_>365d,Female
SAMEA4504148,Unknown,Unknown,,Adult_>365d,Unknown
SAMEA4504149,Unknown,Unknown,,Adult_>365d,Unknown
SAMEA4504150,Unknown,Unknown,,Adult_>365d,Unknown
SAMEA4504151,Unknown,Unknown,,Adult_>365d,Unknown
SAMEA4504152,Unknown,Unknown,,Adult_>365d,Unknown
SAMEA4504153,Unknown,Unknown,,Adult_>365d,Unknown
SAMEA4504154,Unknown,Unknown,,Adult_>365d,Unknown
SAMEA4504155,Unknown,Unknown,,Adult_>365d,Unknown
SAMEA4504156,Unknown,Unknown,,Adult_>365d,Unknown
SAMEA4504157,Unknown,Unknown,,Adult_>365d,Unknown
SAMEA4504158,Unknown,Unknown,,Adult_>365d,Unknown
SAMEA4504159,Unknown,Unknown,,Adult_>365d,Unknown
SAMEA4504160,Unknown,Unknown,,Adult_>365d,Unknown
SAMEA4504161,Unknown,Unknown,,Adult_>365d,Unknown
SAMEA4504162,Unknown,Unknown,,Adult_>365d,Unknown
SAMEA4504163,Unknown,Unknown,,Adult_>365d,Unknown
SAMEA4504164,Unknown,Unknown,,Adult_>365d,Unknown
SAMEA4504165,Unknown,Unknown,,Adult_>365d,Unknown
SAMEA4504166,Unknown,Unknown,,Adult_>365d,Unknown
SAMEA4504167,Unknown,Unknown,,Adult_>365d,Unknown
SAMEA4504168,Unknown,Unknown,,Adult_>365d,Unknown
SAMEA4504169,Unknown,Unknown,,Adult_>365d,Unknown
SAMEA4504170,Unknown,Unknown,,Adult_>365d,Unknown
SAMEA4504171,Unknown,Unknown,,Adult_>365d,Unknown
SAMEA4504209,Unknown,Unknown,,Adult_>365d,Unknown
SAMEA72277168,Liver,Liver,,Adult_>365d,Unknown
SAMEA72277918,Spleen,Spleen,,Adult_>365d,Unknown
SAMEA72278668,Testis,Testis,,Adult_>365d,Unknown
SAMEA72279418,Brain,Brain,,Adult_>365d,Unknown
SAMEA72280168,Muscle,Muscle,,Adult_>365d,Unknown
SAMEA72280918,Liver,Liver,,Adult_>365d,Unknown
SAMEA72281668,Spleen,Spleen,,Adult_>365d,Unknown
SAMEA72282418,Testis,Testis,,Adult_>365d,Unknown
SAMEA72283168,Brain,Brain,,Adult_>365d,Unknown
SAMEA72283918,Muscle,Muscle,,Adult_>365d,Unknown
SAMEA72284668,Liver,Liver,,Adult_>365d,Unknown
SAMEA72285418,Spleen,Spleen,,Adult_>365d,Unknown
SAMEA72286168,Testis,Testis,,Adult_>365d,Unknown
SAMEA72286918,Brain,Brain,,Adult_>365d,Unknown
SAMEA72287668,Muscle,Muscle,,Adult_>365d,Unknown
SAMEA72288418,Other,Other,,Adult_>365d,Unknown
SAMEA72289168,Lung,Lung,,Adult_>365d,Unknown
SAMEA72289918,Lymph node,Lymph node,,Adult_>365d,Unknown
SAMEA103886111,Other,Other,150.0,Post_pubertal_150_365d,Unknown
SAMEA103886112,Unknown,Unknown,,Adult_>365d,Unknown
SAMEA103886114,Brain,Hippocampus,150.0,Post_pubertal_150_365d,Unknown
SAMEA103886115,Lymph node,Lymph node,150.0,Post_pubertal_150_365d,Unknown
SAMEA103886116,Brain,Brain,150.0,Post_pubertal_150_365d,Unknown
SAMEA103886118,Muscle,Muscle,150.0,Post_pubertal_150_365d,Unknown
SAMEA103886120,Large intestine,Caecum,150.0,Post_pubertal_150_365d,Unknown
SAMEA103886121,Small intestine,Ileum,150.0,Post_pubertal_150_365d,Unknown
SAMEA103886122,Brain,Hippocampus,150.0,Post_pubertal_150_365d,Unknown
SAMEA103886124,Blood,Macrophage,,Adult_>365d,Unknown
SAMEA103886125,Other,Other,150.0,Post_pubertal_150_365d,Unknown
SAMEA103886126,Uterus,Uterus,150.0,Post_pubertal_150_365d,Unknown
SAMEA103886127,Lymph node,Lymph node,150.0,Post_pubertal_150_365d,Unknown
SAMEA103886128,Brain,Brain,150.0,Post_pubertal_150_365d,Unknown
SAMEA103886129,Brain,Brain,150.0,Post_pubertal_150_365d,Unknown
SAMEA103886131,Brain,Brain,150.0,Post_pubertal_150_365d,Unknown
SAMEA103886132,Large intestine,Colon,150.0,Post_pubertal_150_365d,Unknown
SAMEA103886133,Large intestine,Caecum,150.0,Post_pubertal_150_365d,Unknown
SAMEA103886134,Other,Other,150.0,Post_pubertal_150_365d,Unknown
SAMEA103886135,Other,Other,150.0,Post_pubertal_150_365d,Unknown
SAMEA103886136,Brain,Thalamus,150.0,Post_pubertal_150_365d,Unknown
SAMEA103886137,Blood,Macrophage,,Adult_>365d,Unknown
SAMEA103886139,Brain,Frontal cortex,150.0,Post_pubertal_150_365d,Unknown
SAMEA103886140,Other,Other,150.0,Post_pubertal_150_365d,Unknown
SAMEA103886142,Other,Other,150.0,Post_pubertal_150_365d,Unknown
SAMEA103886145,Other,Other,150.0,Post_pubertal_150_365d,Unknown
SAMEA103886146,Other,Other,150.0,Post_pubertal_150_365d,Unknown
SAMEA103886147,Large intestine,Colon,150.0,Post_pubertal_150_365d,Unknown
SAMEA103886149,Brain,Pituitary,150.0,Post_pubertal_150_365d,Unknown
SAMEA103886150,Brain,Pituitary,150.0,Post_pubertal_150_365d,Unknown
SAMEA103886151,Large intestine,Caecum,150.0,Post_pubertal_150_365d,Unknown
SAMEA103886152,Brain,Pituitary,150.0,Post_pubertal_150_365d,Unknown
SAMEA103886153,Kidney,Kidney,150.0,Post_pubertal_150_365d,Unknown
SAMEA103886154,Brain,Corpus callosum,150.0,Post_pubertal_150_365d,Unknown
SAMEA103886155,Small intestine,Duodenum,150.0,Post_pubertal_150_365d,Unknown
SAMEA103886156,Brain,Frontal cortex,150.0,Post_pubertal_150_365d,Unknown
SAMEA103886157,Spleen,Spleen,150.0,Post_pubertal_150_365d,Unknown
SAMEA103886158,Brain,Occipital cortex,150.0,Post_pubertal_150_365d,Unknown
SAMEA103886159,Brain,Pons,150.0,Post_pubertal_150_365d,Unknown
SAMEA103886160,Brain,Thalamus,150.0,Post_pubertal_150_365d,Unknown
SAMEA103886162,Brain,Brain,150.0,Post_pubertal_150_365d,Unknown
SAMEA103886163,Small intestine,Ileum,150.0,Post_pubertal_150_365d,Unknown
SAMEA103886164,Brain,Pons,150.0,Post_pubertal_150_365d,Unknown
SAMEA103886166,Other,Other,150.0,Post_pubertal_150_365d,Unknown
SAMEA103886167,Brain,Corpus callosum,150.0,Post_pubertal_150_365d,Unknown
SAMEA103886168,Blood,Macrophage,,Adult_>365d,Unknown
SAMEA103886169,Heart,Heart,150.0,Post_pubertal_150_365d,Unknown
SAMEA103886170,Spleen,Spleen,150.0,Post_pubertal_150_365d,Unknown
SAMEA103886171,Muscle,Muscle,150.0,Post_pubertal_150_365d,Unknown
SAMEA103886172,Heart,Heart,150.0,Post_pubertal_150_365d,Unknown
SAMEA103886173,Brain,Brain,150.0,Post_pubertal_150_365d,Unknown
SAMEA103886174,Kidney,Kidney,150.0,Post_pubertal_150_365d,Unknown
SAMEA103886176,Small intestine,Duodenum,150.0,Post_pubertal_150_365d,Unknown
SAMEA103886177,Brain,Occipital cortex,150.0,Post_pubertal_150_365d,Unknown
SAMEA103939806,Blood,Blood,,Adult_>365d,Female
SAMEA103939807,Blood,Blood,,Adult_>365d,Female
SAMEA103939808,Blood,Blood,,Adult_>365d,Female
SAMEA103939809,Blood,Blood,,Adult_>365d,Female
SAMEA103939810,Blood,Blood,,Adult_>365d,Female
SAMEA103939811,Blood,Blood,,Adult_>365d,Female
SAMEA103939812,Blood,Blood,,Adult_>365d,Female
SAMEA103939813,Blood,Blood,,Adult_>365d,Female
SAMEA103939814,Blood,Blood,,Adult_>365d,Female
SAMEA103939815,Blood,Blood,,Adult_>365d,Female
SAMEA103939816,Blood,Blood,,Adult_>365d,Female
SAMEA103939817,Blood,Blood,,Adult_>365d,Female
SAMEA103939818,Blood,Blood,,Adult_>365d,Female
SAMEA103939819,Blood,Blood,,Adult_>365d,Female
SAMEA103939820,Blood,Blood,,Adult_>365d,Female
SAMEA103939821,Blood,Blood,,Adult_>365d,Female
SAMEA103939822,Blood,Blood,,Adult_>365d,Female
SAMEA103939823,Blood,Blood,,Adult_>365d,Female
SAMEA103939824,Blood,Blood,,Adult_>365d,Female
SAMEA103939825,Blood,Blood,,Adult_>365d,Female
SAMEA103939826,Blood,Blood,,Adult_>365d,Female
SAMEA103939827,Blood,Blood,,Adult_>365d,Female
SAMEA103939828,Blood,Blood,,Adult_>365d,Female
SAMEA103939829,Blood,Blood,,Adult_>365d,Female
SAMEA103939830,Blood,Blood,,Adult_>365d,Female
SAMEA103939831,Blood,Blood,,Adult_>365d,Female
SAMEA103939832,Blood,Blood,,Adult_>365d,Female
SAMEA103939833,Blood,Blood,,Adult_>365d,Female
SAMEA103939834,Blood,Blood,,Adult_>365d,Female
SAMEA103939835,Blood,Blood,,Adult_>365d,Female
SAMEA103939836,Blood,Blood,,Adult_>365d,Female
SAMEA103939837,Blood,Blood,,Adult_>365d,Female
SAMEA104129659,Muscle,Muscle,,Adult_>365d,Unknown
SAMEA104129660,Muscle,Muscle,,Adult_>365d,Unknown
SAMEA104129661,Muscle,Muscle,,Adult_>365d,Unknown
SAMEA104129662,Muscle,Muscle,,Adult_>365d,Unknown
SAMEA104129663,Muscle,Muscle,,Adult_>365d,Unknown
SAMEA104129664,Muscle,Muscle,,Adult_>365d,Unknown
SAMEA104129665,Muscle,Muscle,,Adult_>365d,Unknown
SAMEA104129666,Muscle,Muscle,,Adult_>365d,Unknown
SAMEA104188408,Cartilage,Cartilage,,Adult_>365d,Male
SAMEA104188409,Cartilage,Cartilage,,Adult_>365d,Female
SAMEA104188410,Unknown,Unknown,,Adult_>365d,Male
SAMEA104188411,Cartilage,Cartilage,,Adult_>365d,Female
SAMEA104188412,Cartilage,Cartilage,,Adult_>365d,Female
SAMEA104188413,Cartilage,Cartilage,,Adult_>365d,Male
SAMEA104188414,Cartilage,Cartilage,,Adult_>365d,Female
SAMEA104188415,Cartilage,Cartilage,,Adult_>365d,Male
SAMEA104188416,Cartilage,Cartilage,,Adult_>365d,Male
SAMEA104188417,Unknown,Unknown,,Adult_>365d,Female
SAMEA104188418,Cartilage,Cartilage,,Adult_>365d,Male
SAMEA104188419,Cartilage,Cartilage,,Adult_>365d,Female
SAMEA104188420,Cartilage,Cartilage,,Adult_>365d,Male
SAMEA104188421,Cartilage,Cartilage,,Adult_>365d,Female
SAMEA104188422,Cartilage,Cartilage,,Adult_>365d,Female
SAMEA104188423,Cartilage,Cartilage,,Adult_>365d,Male
SAMEA104188424,Cartilage,Cartilage,,Adult_>365d,Male
SAMEA104188425,Cartilage,Cartilage,,Adult_>365d,Female
SAMEA104188426,Cartilage,Cartilage,,Adult_>365d,Female
SAMEA104188427,Cartilage,Cartilage,,Adult_>365d,Male
SAMEA104188428,Cartilage,Cartilage,,Adult_>365d,Female
SAMEA104188429,Cartilage,Cartilage,,Adult_>365d,Male
SAMEA104188430,Cartilage,Cartilage,,Adult_>365d,Female
SAMEA104188431,Cartilage,Cartilage,,Adult_>365d,Male
SAMEA104188432,Cartilage,Cartilage,,Adult_>365d,Male
SAMEA104188433,Cartilage,Cartilage,,Adult_>365d,Female
SAMEA104188434,Cartilage,Cartilage,,Adult_>365d,Male
SAMEA104188435,Cartilage,Cartilage,,Adult_>365d,Female
SAMEA104188436,Cartilage,Cartilage,,Adult_>365d,Female
SAMEA104188437,Cartilage,Cartilage,,Adult_>365d,Male
SAMEA104188438,Cartilage,Cartilage,,Adult_>365d,Female
SAMEA104188439,Cartilage,Cartilage,,Adult_>365d,Male
SAMEA104188440,Cartilage,Cartilage,,Adult_>365d,Female
SAMEA104188441,Cartilage,Cartilage,,Adult_>365d,Male
SAMEA104188442,Unknown,Unknown,,Adult_>365d,Female
SAMEA104188443,Unknown,Unknown,,Adult_>365d,Male
SAMEA104188444,Cartilage,Cartilage,,Adult_>365d,Male
SAMEA104188445,Cartilage,Cartilage,,Adult_>365d,Female
SAMEA104188446,Cartilage,Cartilage,,Adult_>365d,Female
SAMEA104188447,Cartilage,Cartilage,,Adult_>365d,Male
SAMEA104188448,Cartilage,Cartilage,,Adult_>365d,Male
SAMEA104188449,Cartilage,Cartilage,,Adult_>365d,Female
SAMEA103887272,Blood,Macrophage,,Adult_>365d,Unknown
SAMEA103887274,Blood,Macrophage,,Adult_>365d,Unknown
SAMEA103887275,Blood,Macrophage,,Adult_>365d,Unknown
SAMEA103887277,Blood,Macrophage,,Adult_>365d,Unknown
SAMEA103887279,Blood,Macrophage,,Adult_>365d,Unknown
SAMEA103887281,Blood,Macrophage,,Adult_>365d,Unknown
SAMEA104365477,Muscle,Muscle,134.0,Pre_pubertal_60_149d,Female
SAMEA104365478,Muscle,Muscle,134.0,Pre_pubertal_60_149d,Male
SAMEA104365479,Muscle,Muscle,134.0,Pre_pubertal_60_149d,Male
SAMEA104365480,Muscle,Muscle,135.0,Pre_pubertal_60_149d,Female
SAMEA104365481,Unknown,Unknown,134.0,Pre_pubertal_60_149d,Female
SAMEA104365482,Muscle,Muscle,134.0,Pre_pubertal_60_149d,Female
SAMEA104365483,Muscle,Muscle,134.0,Pre_pubertal_60_149d,Male
SAMEA104365484,Muscle,Muscle,134.0,Pre_pubertal_60_149d,Male
SAMEA104365485,Unknown,Unknown,140.0,Pre_pubertal_60_149d,Male
SAMEA104365486,Unknown,Unknown,140.0,Pre_pubertal_60_149d,Male
SAMEA104365487,Unknown,Unknown,141.0,Pre_pubertal_60_149d,Male
SAMEA104365488,Muscle,Muscle,141.0,Pre_pubertal_60_149d,Female
SAMEA104365489,Unknown,Unknown,141.0,Pre_pubertal_60_149d,Female
SAMEA104365490,Muscle,Muscle,140.0,Pre_pubertal_60_149d,Female
SAMEA104365491,Muscle,Muscle,141.0,Pre_pubertal_60_149d,Male
SAMEA104365492,Unknown,Unknown,141.0,Pre_pubertal_60_149d,Female
SAMEA104406691,Adipose,Adipose,134.0,Pre_pubertal_60_149d,Female
SAMEA104406692,Unknown,Unknown,134.0,Pre_pubertal_60_149d,Male
SAMEA104406693,Adipose,Adipose,134.0,Pre_pubertal_60_149d,Male
SAMEA104406694,Adipose,Adipose,135.0,Pre_pubertal_60_149d,Female
SAMEA104406695,Adipose,Adipose,134.0,Pre_pubertal_60_149d,Female
SAMEA104406696,Adipose,Adipose,134.0,Pre_pubertal_60_149d,Female
SAMEA104406697,Adipose,Adipose,134.0,Pre_pubertal_60_149d,Male
SAMEA104406698,Adipose,Adipose,134.0,Pre_pubertal_60_149d,Male
SAMEA104406699,Adipose,Adipose,140.0,Pre_pubertal_60_149d,Male
SAMEA104406700,Unknown,Unknown,140.0,Pre_pubertal_60_149d,Male
SAMEA104406701,Unknown,Unknown,141.0,Pre_pubertal_60_149d,Male
SAMEA104406702,Adipose,Adipose,141.0,Pre_pubertal_60_149d,Female
SAMEA104406703,Adipose,Adipose,141.0,Pre_pubertal_60_149d,Female
SAMEA104406704,Adipose,Adipose,140.0,Pre_pubertal_60_149d,Female
SAMEA104406705,Adipose,Adipose,141.0,Pre_pubertal_60_149d,Male
SAMEA104406706,Adipose,Adipose,141.0,Pre_pubertal_60_149d,Female
SAMEA104407658,Liver,Liver,134.0,Pre_pubertal_60_149d,Female
SAMEA104407659,Liver,Liver,134.0,Pre_pubertal_60_149d,Male
SAMEA104407660,Liver,Liver,134.0,Pre_pubertal_60_149d,Male
SAMEA104407661,Liver,Liver,135.0,Pre_pubertal_60_149d,Female
SAMEA104407662,Liver,Liver,134.0,Pre_pubertal_60_149d,Female
SAMEA104407663,Liver,Liver,134.0,Pre_pubertal_60_149d,Female
SAMEA104407664,Liver,Liver,134.0,Pre_pubertal_60_149d,Male
SAMEA104407665,Liver,Liver,134.0,Pre_pubertal_60_149d,Male
SAMEA104407666,Liver,Liver,140.0,Pre_pubertal_60_149d,Male
SAMEA104407667,Liver,Liver,140.0,Pre_pubertal_60_149d,Male
SAMEA104407668,Liver,Liver,141.0,Pre_pubertal_60_149d,Male
SAMEA104407669,Liver,Liver,141.0,Pre_pubertal_60_149d,Female
SAMEA104407670,Liver,Liver,141.0,Pre_pubertal_60_149d,Female
SAMEA104407671,Unknown,Unknown,140.0,Pre_pubertal_60_149d,Female
SAMEA104407672,Liver,Liver,141.0,Pre_pubertal_60_149d,Male
SAMEA104407673,Liver,Liver,141.0,Pre_pubertal_60_149d,Female
SAMEA104408990,Uterus,Uterus,,Adult_>365d,Female
SAMEA104408991,Uterus,Uterus,,Adult_>365d,Female
SAMEA104408992,Uterus,Uterus,,Adult_>365d,Female
SAMEA104408993,Uterus,Uterus,,Adult_>365d,Female
SAMEA104408994,Uterus,Uterus,,Adult_>365d,Female
SAMEA104408995,Uterus,Uterus,,Adult_>365d,Female
SAMEA104408996,Uterus,Uterus,,Adult_>365d,Female
SAMEA104408997,Uterus,Uterus,,Adult_>365d,Female
SAMEA104408998,Uterus,Uterus,,Adult_>365d,Female
SAMEA104408999,Uterus,Uterus,,Adult_>365d,Female
SAMEA104409000,Uterus,Uterus,,Adult_>365d,Female
SAMEA104409001,Uterus,Uterus,,Adult_>365d,Female
SAMEA104409002,Uterus,Uterus,,Adult_>365d,Female
SAMEA104409003,Uterus,Uterus,,Adult_>365d,Female
SAMEA104409004,Uterus,Uterus,,Adult_>365d,Female
SAMEA104409005,Uterus,Uterus,,Adult_>365d,Female
SAMEA104410634,Embryo,Blastocyst,,Adult_>365d,Female
SAMEA104410635,Embryo,Blastocyst,,Adult_>365d,Female
SAMEA104410636,Embryo,Blastocyst,,Adult_>365d,Female
SAMEA104410637,Embryo,Blastocyst,,Adult_>365d,Female
SAMEA104410638,Embryo,Blastocyst,,Adult_>365d,Female
SAMEA104410639,Embryo,Blastocyst,,Adult_>365d,Female
SAMEA104410640,Embryo,Blastocyst,,Adult_>365d,Female
SAMEA104410641,Embryo,Blastocyst,,Adult_>365d,Male
SAMEA104410642,Embryo,Blastocyst,,Adult_>365d,Male
SAMEA104410643,Embryo,Blastocyst,,Adult_>365d,Male
SAMEA104410644,Embryo,Blastocyst,,Adult_>365d,Male
SAMEA104410645,Embryo,Blastocyst,,Adult_>365d,Male
SAMEA104410646,Embryo,Blastocyst,,Adult_>365d,Female
SAMEA104410647,Embryo,Blastocyst,,Adult_>365d,Female
SAMEA104410648,Embryo,Blastocyst,,Adult_>365d,Female
SAMEA104410649,Embryo,Blastocyst,,Adult_>365d,Female
SAMEA104410650,Embryo,Blastocyst,,Adult_>365d,Female
SAMEA104410651,Embryo,Blastocyst,,Adult_>365d,Female
SAMEA104410652,Embryo,Blastocyst,,Adult_>365d,Male
SAMEA104410653,Embryo,Blastocyst,,Adult_>365d,Male
SAMEA104410654,Embryo,Blastocyst,,Adult_>365d,Male
SAMEA104410655,Embryo,Blastocyst,,Adult_>365d,Male
SAMEA104410656,Embryo,Blastocyst,,Adult_>365d,Male
SAMEA104410657,Embryo,Blastocyst,,Adult_>365d,Male
SAMEA104410658,Embryo,Blastocyst,,Adult_>365d,Female
SAMEA104410659,Embryo,Blastocyst,,Adult_>365d,Male
SAMEA104410660,Embryo,Blastocyst,,Adult_>365d,Male
SAMEA104410661,Embryo,Blastocyst,,Adult_>365d,Male
SAMEA104410662,Embryo,Blastocyst,,Adult_>365d,Female
SAMEA104410663,Embryo,Blastocyst,,Adult_>365d,Female
SAMEA104410664,Embryo,Blastocyst,,Adult_>365d,Female
SAMEA104410665,Embryo,Blastocyst,,Adult_>365d,Female
SAMEA104410666,Embryo,Blastocyst,,Adult_>365d,Female
SAMEA104410667,Embryo,Blastocyst,,Adult_>365d,Male
SAMEA104410668,Embryo,Blastocyst,,Adult_>365d,Male
SAMEA104410669,Embryo,Blastocyst,,Adult_>365d,Male
SAMEA104459600,Brain,Frontal cortex,56.0,Early childhood_21_59d,Male
SAMEA104459601,Brain,Frontal cortex,56.0,Early childhood_21_59d,Male
SAMEA104459602,Brain,Frontal cortex,56.0,Early childhood_21_59d,Male
SAMEA104459603,Brain,Frontal cortex,56.0,Early childhood_21_59d,Male
SAMEA104459604,Brain,Frontal cortex,56.0,Early childhood_21_59d,Male
SAMEA104459605,Brain,Frontal cortex,56.0,Early childhood_21_59d,Male
SAMEA104459606,Brain,Frontal cortex,56.0,Early childhood_21_59d,Male
SAMEA104459607,Brain,Frontal cortex,56.0,Early childhood_21_59d,Male
SAMEA104459608,Brain,Frontal cortex,56.0,Early childhood_21_59d,Male
SAMEA104459609,Brain,Frontal cortex,56.0,Early childhood_21_59d,Male
SAMEA104459610,Brain,Frontal cortex,56.0,Early childhood_21_59d,Male
SAMEA104459611,Brain,Frontal cortex,56.0,Early childhood_21_59d,Male
SAMEA104459612,Brain,Frontal cortex,56.0,Early childhood_21_59d,Male
SAMEA104459613,Brain,Frontal cortex,56.0,Early childhood_21_59d,Male
SAMEA104459614,Brain,Frontal cortex,56.0,Early childhood_21_59d,Male
SAMEA104459615,Brain,Frontal cortex,56.0,Early childhood_21_59d,Male
SAMEA104459616,Brain,Frontal cortex,56.0,Early childhood_21_59d,Male
SAMEA104459617,Brain,Frontal cortex,56.0,Early childhood_21_59d,Male
SAMEA104459618,Brain,Frontal cortex,56.0,Early childhood_21_59d,Male
SAMEA104459619,Brain,Frontal cortex,56.0,Early childhood_21_59d,Male
SAMEA104459620,Brain,Frontal cortex,56.0,Early childhood_21_59d,Male
SAMEA104459621,Brain,Frontal cortex,56.0,Early childhood_21_59d,Male
SAMEA104459622,Brain,Frontal cortex,56.0,Early childhood_21_59d,Male
SAMEA104459623,Brain,Frontal cortex,56.0,Early childhood_21_59d,Male
SAMEA1100143,Synovial membrane,Synovial membrane,,Adult_>365d,Male
SAMEA1100144,Synovial membrane,Synovial membrane,,Adult_>365d,Female
SAMEA1100145,Synovial membrane,Synovial membrane,,Adult_>365d,Male
SAMEA1100146,Synovial membrane,Synovial membrane,,Adult_>365d,Female
SAMEA1100147,Synovial membrane,Synovial membrane,,Adult_>365d,Female
SAMEA1100148,Synovial membrane,Synovial membrane,,Adult_>365d,Male
SAMEA1100149,Synovial membrane,Synovial membrane,,Adult_>365d,Female
SAMEA1100150,Synovial membrane,Synovial membrane,,Adult_>365d,Male
SAMEA1100151,Synovial membrane,Synovial membrane,,Adult_>365d,Male
SAMEA1100152,Synovial membrane,Synovial membrane,,Adult_>365d,Female
SAMEA1100153,Synovial membrane,Synovial membrane,,Adult_>365d,Male
SAMEA1100154,Synovial membrane,Synovial membrane,,Adult_>365d,Female
SAMEA1100155,Synovial membrane,Synovial membrane,,Adult_>365d,Male
SAMEA1100156,Synovial membrane,Synovial membrane,,Adult_>365d,Female
SAMEA1100157,Synovial membrane,Synovial membrane,,Adult_>365d,Female
SAMEA1100158,Synovial membrane,Synovial membrane,,Adult_>365d,Male
SAMEA1100159,Synovial membrane,Synovial membrane,,Adult_>365d,Male
SAMEA1100160,Synovial membrane,Synovial membrane,,Adult_>365d,Female
SAMEA1100161,Synovial membrane,Synovial membrane,,Adult_>365d,Female
SAMEA1100162,Synovial membrane,Synovial membrane,,Adult_>365d,Male
SAMEA1100163,Synovial membrane,Synovial membrane,,Adult_>365d,Female
SAMEA1100164,Synovial membrane,Synovial membrane,,Adult_>365d,Male
SAMEA1100165,Synovial membrane,Synovial membrane,,Adult_>365d,Female
SAMEA1100166,Synovial membrane,Synovial membrane,,Adult_>365d,Male
SAMEA1100167,Synovial membrane,Synovial membrane,,Adult_>365d,Male
SAMEA1100168,Synovial membrane,Synovial membrane,,Adult_>365d,Female
SAMEA1100169,Synovial membrane,Synovial membrane,,Adult_>365d,Male
SAMEA1100170,Synovial membrane,Synovial membrane,,Adult_>365d,Female
SAMEA1100171,Synovial membrane,Synovial membrane,,Adult_>365d,Female
SAMEA1100172,Synovial membrane,Synovial membrane,,Adult_>365d,Male
SAMEA1100173,Synovial membrane,Synovial membrane,,Adult_>365d,Female
SAMEA1100174,Synovial membrane,Synovial membrane,,Adult_>365d,Male
SAMEA1100175,Synovial membrane,Synovial membrane,,Adult_>365d,Female
SAMEA1100176,Synovial membrane,Synovial membrane,,Adult_>365d,Male
SAMEA1100177,Synovial membrane,Synovial membrane,,Adult_>365d,Female
SAMEA1100178,Synovial membrane,Synovial membrane,,Adult_>365d,Male
SAMEA1100179,Synovial membrane,Synovial membrane,,Adult_>365d,Male
SAMEA1100180,Synovial membrane,Synovial membrane,,Adult_>365d,Female
SAMEA1100181,Synovial membrane,Synovial membrane,,Adult_>365d,Female
SAMEA1100182,Synovial membrane,Synovial membrane,,Adult_>365d,Male
SAMEA1100183,Synovial membrane,Synovial membrane,,Adult_>365d,Male
SAMEA1100184,Synovial membrane,Synovial membrane,,Adult_>365d,Female
SAMEA4608987,Bone marrow,Bone marrow,,Adult_>365d,Female
SAMEA4608988,Bone marrow,Bone marrow,,Adult_>365d,Female
SAMEA4608989,Bone marrow,Bone marrow,,Adult_>365d,Female
SAMEA4608990,Bone marrow,Bone marrow,,Adult_>365d,Female
SAMEA4608991,Bone marrow,Bone marrow,,Adult_>365d,Female
SAMEA4608992,Bone marrow,Bone marrow,,Adult_>365d,Female
SAMEA4608993,Bone marrow,Bone marrow,,Adult_>365d,Female
SAMEA4608994,Bone marrow,Bone marrow,,Adult_>365d,Female
SAMEA4608995,Bone marrow,Bone marrow,,Adult_>365d,Female
SAMEA4608996,Bone marrow,Bone marrow,,Adult_>365d,Female
SAMEA4608997,Bone marrow,Bone marrow,,Adult_>365d,Female
SAMEA4608998,Bone marrow,Bone marrow,,Adult_>365d,Female
SAMEA4608999,Bone marrow,Bone marrow,,Adult_>365d,Female
SAMEA4609000,Bone marrow,Bone marrow,,Adult_>365d,Female
SAMEA4609001,Bone marrow,Bone marrow,,Adult_>365d,Female
SAMEA4609002,Bone marrow,Bone marrow,,Adult_>365d,Female
SAMEA4609003,Bone marrow,Bone marrow,,Adult_>365d,Female
SAMEA4609004,Bone marrow,Bone marrow,,Adult_>365d,Female
SAMEA4681588,Bone marrow,Bone marrow,21.0,Early childhood_21_59d,Female
SAMEA4681589,Bone marrow,Bone marrow,21.0,Early childhood_21_59d,Female
SAMEA4681590,Bone marrow,Bone marrow,21.0,Early childhood_21_59d,Female
SAMEA4681591,Bone marrow,Bone marrow,21.0,Early childhood_21_59d,Female
SAMEA4681592,Bone marrow,Bone marrow,21.0,Early childhood_21_59d,Female
SAMEA4681593,Bone marrow,Bone marrow,21.0,Early childhood_21_59d,Female
SAMEA4681594,Bone marrow,Bone marrow,21.0,Early childhood_21_59d,Female
SAMEA4681595,Bone marrow,Bone marrow,21.0,Early childhood_21_59d,Female
SAMEA4681596,Bone marrow,Bone marrow,21.0,Early childhood_21_59d,Female
SAMEA4681597,Bone marrow,Bone marrow,21.0,Early childhood_21_59d,Female
SAMEA4681598,Bone marrow,Bone marrow,21.0,Early childhood_21_59d,Female
SAMEA4681599,Bone marrow,Bone marrow,21.0,Early childhood_21_59d,Female
SAMEA4681600,Bone marrow,Bone marrow,14.0,Infant_0_20d,Female
SAMEA4681601,Bone marrow,Bone marrow,14.0,Infant_0_20d,Female
SAMEA103989648,Liver,Liver,593.0,Adult_>365d,Unknown
SAMEA103989993,Liver,Liver,593.0,Adult_>365d,Unknown
SAMEA103990030,Liver,Liver,593.0,Adult_>365d,Unknown
SAMEA103990890,Liver,Liver,593.0,Adult_>365d,Unknown
SAMEA1088320,Other,Other,,Adult_>365d,Unknown
SAMEA1088323,Other,Other,,Adult_>365d,Unknown
SAMEA1088325,Other,Other,,Adult_>365d,Unknown
SAMEA1088337,Other,Other,,Adult_>365d,Unknown
SAMEA1088341,Other,Other,,Adult_>365d,Unknown
SAMEA1088343,Other,Other,,Adult_>365d,Unknown
SAMEA1088362,Other,Other,,Adult_>365d,Unknown
SAMEA4837075,Muscle,Muscle,,Adult_>365d,Unknown
SAMEA4837076,Muscle,Muscle,,Adult_>365d,Unknown
SAMEA4837077,Muscle,Muscle,,Adult_>365d,Unknown
SAMEA4837078,Muscle,Muscle,,Adult_>365d,Unknown
SAMEA4837079,Muscle,Muscle,,Adult_>365d,Unknown
SAMEA4837080,Muscle,Muscle,,Adult_>365d,Unknown
SAMEA4837081,Muscle,Muscle,,Adult_>365d,Unknown
SAMEA4837082,Muscle,Muscle,,Adult_>365d,Unknown
SAMEA4837083,Muscle,Muscle,,Adult_>365d,Unknown
SAMEA4837084,Muscle,Muscle,,Adult_>365d,Unknown
SAMEA4837085,Muscle,Muscle,,Adult_>365d,Unknown
SAMEA4837086,Muscle,Muscle,,Adult_>365d,Unknown
SAMEA4837087,Muscle,Muscle,,Adult_>365d,Unknown
SAMEA4837088,Muscle,Muscle,,Adult_>365d,Unknown
SAMEA4837089,Muscle,Muscle,,Adult_>365d,Unknown
SAMEA4837090,Muscle,Muscle,,Adult_>365d,Unknown
SAMEA4837091,Muscle,Muscle,,Adult_>365d,Unknown
SAMEA4837092,Muscle,Muscle,,Adult_>365d,Unknown
SAMEA4837093,Muscle,Muscle,,Adult_>365d,Unknown
SAMEA4837094,Muscle,Muscle,,Adult_>365d,Unknown
SAMEA4837095,Muscle,Muscle,,Adult_>365d,Unknown
SAMEA4837096,Muscle,Muscle,,Adult_>365d,Unknown
SAMEA4837097,Muscle,Muscle,,Adult_>365d,Unknown
SAMEA4837098,Muscle,Muscle,,Adult_>365d,Unknown
SAMEA4837099,Muscle,Muscle,,Adult_>365d,Unknown
SAMEA4837100,Muscle,Muscle,,Adult_>365d,Unknown
SAMEA4837101,Muscle,Muscle,,Adult_>365d,Unknown
SAMEA4837102,Muscle,Muscle,,Adult_>365d,Unknown
SAMEA4837103,Muscle,Muscle,,Adult_>365d,Unknown
SAMEA4837104,Muscle,Muscle,,Adult_>365d,Unknown
SAMEA4837105,Muscle,Muscle,,Adult_>365d,Unknown
SAMEA4837106,Muscle,Muscle,,Adult_>365d,Unknown
SAMEA4837107,Muscle,Muscle,,Adult_>365d,Unknown
SAMEA4837108,Muscle,Muscle,,Adult_>365d,Unknown
SAMEA4837109,Muscle,Muscle,,Adult_>365d,Unknown
SAMEA4837110,Muscle,Muscle,,Adult_>365d,Unknown
SAMEA4837111,Muscle,Muscle,,Adult_>365d,Unknown
SAMEA4837112,Muscle,Muscle,,Adult_>365d,Unknown
SAMEA4837113,Muscle,Muscle,,Adult_>365d,Unknown
SAMEA4837114,Muscle,Muscle,,Adult_>365d,Unknown
SAMEA4837115,Muscle,Muscle,,Adult_>365d,Unknown
SAMEA4837116,Muscle,Muscle,,Adult_>365d,Unknown
SAMEA4837117,Muscle,Muscle,,Adult_>365d,Unknown
SAMEA4837118,Muscle,Muscle,,Adult_>365d,Unknown
SAMEA4837119,Muscle,Muscle,,Adult_>365d,Unknown
SAMEA4881075,Muscle,Muscle,287.0,Post_pubertal_150_365d,Male
SAMEA4881076,Muscle,Muscle,289.0,Post_pubertal_150_365d,Male
SAMEA4881077,Muscle,Muscle,276.0,Post_pubertal_150_365d,Male
SAMEA4881078,Muscle,Muscle,274.0,Post_pubertal_150_365d,Female
SAMEA4881079,Muscle,Muscle,288.0,Post_pubertal_150_365d,Female
SAMEA4881080,Muscle,Muscle,289.0,Post_pubertal_150_365d,Male
SAMEA4881081,Muscle,Muscle,287.0,Post_pubertal_150_365d,Male
SAMEA4881082,Muscle,Muscle,275.0,Post_pubertal_150_365d,Female
SAMEA4881083,Muscle,Muscle,274.0,Post_pubertal_150_365d,Male
SAMEA4881084,Muscle,Muscle,275.0,Post_pubertal_150_365d,Male
SAMEA4881085,Muscle,Muscle,275.0,Post_pubertal_150_365d,Female
SAMEA4881086,Muscle,Muscle,273.0,Post_pubertal_150_365d,Male
SAMEA4881087,Muscle,Muscle,288.0,Post_pubertal_150_365d,Male
SAMEA4881088,Muscle,Muscle,275.0,Post_pubertal_150_365d,Female
SAMEA4881089,Muscle,Muscle,288.0,Post_pubertal_150_365d,Female
SAMEA4881090,Muscle,Muscle,288.0,Post_pubertal_150_365d,Male
SAMEA4881091,Muscle,Muscle,278.0,Post_pubertal_150_365d,Male
SAMEA4881092,Muscle,Muscle,292.0,Post_pubertal_150_365d,Male
SAMEA4881093,Muscle,Muscle,287.0,Post_pubertal_150_365d,Female
SAMEA4881094,Muscle,Muscle,275.0,Post_pubertal_150_365d,Female
SAMEA4881095,Muscle,Muscle,292.0,Post_pubertal_150_365d,Female
SAMEA4881096,Muscle,Muscle,292.0,Post_pubertal_150_365d,Female
SAMEA4881097,Muscle,Muscle,292.0,Post_pubertal_150_365d,Male
SAMEA4881098,Muscle,Muscle,292.0,Post_pubertal_150_365d,Female
SAMEA4881099,Muscle,Muscle,292.0,Post_pubertal_150_365d,Male
SAMEA4881100,Muscle,Muscle,289.0,Post_pubertal_150_365d,Female
SAMEA4881101,Muscle,Muscle,278.0,Post_pubertal_150_365d,Male
SAMEA4881102,Muscle,Muscle,289.0,Post_pubertal_150_365d,Female
SAMEA4881103,Muscle,Muscle,287.0,Post_pubertal_150_365d,Female
SAMEA4881104,Muscle,Muscle,292.0,Post_pubertal_150_365d,Male
SAMEA4881105,Muscle,Muscle,276.0,Post_pubertal_150_365d,Female
SAMEA4881106,Muscle,Muscle,289.0,Post_pubertal_150_365d,Female
SAMEA4881107,Muscle,Muscle,289.0,Post_pubertal_150_365d,Male
SAMEA4881108,Muscle,Muscle,276.0,Post_pubertal_150_365d,Male
SAMEA4881109,Muscle,Muscle,272.0,Post_pubertal_150_365d,Female
SAMEA4881110,Muscle,Muscle,272.0,Post_pubertal_150_365d,Male
SAMEA4881111,Muscle,Muscle,278.0,Post_pubertal_150_365d,Female
SAMEA4881112,Muscle,Muscle,291.0,Post_pubertal_150_365d,Male
SAMEA4881113,Muscle,Muscle,276.0,Post_pubertal_150_365d,Female
SAMEA4881114,Muscle,Muscle,275.0,Post_pubertal_150_365d,Female
SAMEA4881115,Muscle,Muscle,275.0,Post_pubertal_150_365d,Male
SAMEA4881116,Muscle,Muscle,272.0,Post_pubertal_150_365d,Female
SAMEA4881117,Muscle,Muscle,292.0,Post_pubertal_150_365d,Female
SAMEA4881118,Muscle,Muscle,276.0,Post_pubertal_150_365d,Male
SAMEA4881119,Muscle,Muscle,276.0,Post_pubertal_150_365d,Female
SAMEA4881120,Muscle,Muscle,272.0,Post_pubertal_150_365d,Male
SAMEA4881121,Muscle,Muscle,278.0,Post_pubertal_150_365d,Male
SAMEA4881122,Muscle,Muscle,0.0,Infant_0_20d,Male
SAMEA5131473,Liver,Liver,120.0,Pre_pubertal_60_149d,Male
SAMEA5131474,Liver,Liver,120.0,Pre_pubertal_60_149d,Male
SAMEA5131475,Liver,Liver,120.0,Pre_pubertal_60_149d,Male
SAMEA5131476,Liver,Liver,120.0,Pre_pubertal_60_149d,Male
SAMEA5131477,Liver,Liver,120.0,Pre_pubertal_60_149d,Male
SAMEA5131478,Liver,Liver,120.0,Pre_pubertal_60_149d,Male
SAMEA5131479,Liver,Liver,120.0,Pre_pubertal_60_149d,Male
SAMEA5131480,Liver,Liver,120.0,Pre_pubertal_60_149d,Male
SAMEA5131481,Liver,Liver,120.0,Pre_pubertal_60_149d,Male
SAMEA5131482,Liver,Liver,120.0,Pre_pubertal_60_149d,Male
SAMEA5131483,Liver,Liver,120.0,Pre_pubertal_60_149d,Male
SAMEA5131484,Liver,Liver,120.0,Pre_pubertal_60_149d,Male
SAMEA5131485,Muscle,Muscle,120.0,Pre_pubertal_60_149d,Male
SAMEA5131486,Muscle,Muscle,120.0,Pre_pubertal_60_149d,Male
SAMEA5131487,Muscle,Muscle,120.0,Pre_pubertal_60_149d,Male
SAMEA5131488,Muscle,Muscle,120.0,Pre_pubertal_60_149d,Male
SAMEA5131489,Muscle,Muscle,120.0,Pre_pubertal_60_149d,Male
SAMEA5131490,Muscle,Muscle,120.0,Pre_pubertal_60_149d,Male
SAMEA5131491,Muscle,Muscle,120.0,Pre_pubertal_60_149d,Male
SAMEA5131492,Muscle,Muscle,120.0,Pre_pubertal_60_149d,Male
SAMEA5131493,Muscle,Muscle,120.0,Pre_pubertal_60_149d,Male
SAMEA5131494,Muscle,Muscle,120.0,Pre_pubertal_60_149d,Male
SAMEA5131495,Muscle,Muscle,120.0,Pre_pubertal_60_149d,Male
SAMEA5131496,Muscle,Muscle,120.0,Pre_pubertal_60_149d,Male
SAMEA5131497,Liver,Liver,120.0,Pre_pubertal_60_149d,Male
SAMEA5131498,Liver,Liver,120.0,Pre_pubertal_60_149d,Male
SAMEA5131499,Liver,Liver,120.0,Pre_pubertal_60_149d,Male
SAMEA5131500,Liver,Liver,120.0,Pre_pubertal_60_149d,Male
SAMEA5131501,Liver,Liver,120.0,Pre_pubertal_60_149d,Male
SAMEA5131502,Liver,Liver,120.0,Pre_pubertal_60_149d,Male
SAMEA5131503,Liver,Liver,120.0,Pre_pubertal_60_149d,Male
SAMEA5131504,Liver,Liver,120.0,Pre_pubertal_60_149d,Male
SAMEA5131505,Liver,Liver,120.0,Pre_pubertal_60_149d,Male
SAMEA5131506,Liver,Liver,120.0,Pre_pubertal_60_149d,Male
SAMEA5131507,Liver,Liver,120.0,Pre_pubertal_60_149d,Male
SAMEA5131508,Liver,Liver,120.0,Pre_pubertal_60_149d,Male
SAMEA5131509,Muscle,Muscle,120.0,Pre_pubertal_60_149d,Male
SAMEA5131510,Muscle,Muscle,120.0,Pre_pubertal_60_149d,Male
SAMEA5131511,Muscle,Muscle,120.0,Pre_pubertal_60_149d,Male
SAMEA5131512,Muscle,Muscle,120.0,Pre_pubertal_60_149d,Male
SAMEA5131513,Muscle,Muscle,120.0,Pre_pubertal_60_149d,Male
SAMEA5131514,Muscle,Muscle,120.0,Pre_pubertal_60_149d,Male
SAMEA5131515,Muscle,Muscle,120.0,Pre_pubertal_60_149d,Male
SAMEA5131516,Muscle,Muscle,120.0,Pre_pubertal_60_149d,Male
SAMEA5131517,Muscle,Muscle,120.0,Pre_pubertal_60_149d,Male
SAMEA5131518,Muscle,Muscle,120.0,Pre_pubertal_60_149d,Male
SAMEA5131519,Muscle,Muscle,120.0,Pre_pubertal_60_149d,Male
SAMEA5131520,Muscle,Muscle,120.0,Pre_pubertal_60_149d,Male
SAMEA5137589,Ovary,Ovary,0.0,Infant_0_20d,Female
SAMEA5137590,Ovary,Ovary,0.0,Infant_0_20d,Female
SAMEA5137591,Ovary,Ovary,0.0,Infant_0_20d,Female
SAMEA5137592,Ovary,Ovary,0.0,Infant_0_20d,Female
SAMEA5137593,Ovary,Ovary,0.0,Infant_0_20d,Female
SAMEA5137594,Ovary,Ovary,0.0,Infant_0_20d,Female
SAMEA5137595,Ovary,Ovary,0.0,Infant_0_20d,Female
SAMEA5137596,Ovary,Ovary,0.0,Infant_0_20d,Female
SAMEA5137597,Ovary,Ovary,0.0,Infant_0_20d,Female
SAMEA5137598,Ovary,Ovary,0.0,Infant_0_20d,Female
SAMEA5137599,Ovary,Ovary,0.0,Infant_0_20d,Female
SAMEA5137600,Ovary,Ovary,0.0,Infant_0_20d,Female
SAMEA5147753,Bone marrow,Bone marrow,,Adult_>365d,Unknown
SAMEA5147754,Bone marrow,Bone marrow,,Adult_>365d,Unknown
SAMEA5147755,Bone marrow,Bone marrow,,Adult_>365d,Unknown
SAMEA5147756,Bone marrow,Bone marrow,,Adult_>365d,Unknown
SAMEA5147757,Bone marrow,Bone marrow,,Adult_>365d,Unknown
SAMEA5147758,Bone marrow,Bone marrow,,Adult_>365d,Unknown
SAMEA5147759,Bone marrow,Bone marrow,,Adult_>365d,Unknown
SAMEA5147760,Bone marrow,Bone marrow,,Adult_>365d,Unknown
SAMEA5147761,Bone marrow,Bone marrow,,Adult_>365d,Unknown
SAMEA5147762,Bone marrow,Bone marrow,,Adult_>365d,Unknown
SAMEA5147763,Bone marrow,Bone marrow,,Adult_>365d,Unknown
SAMEA5147764,Bone marrow,Bone marrow,,Adult_>365d,Unknown
SAMEA5147765,Bone marrow,Bone marrow,,Adult_>365d,Unknown
SAMEA5147766,Bone marrow,Bone marrow,,Adult_>365d,Unknown
SAMEA5147767,Bone marrow,Bone marrow,,Adult_>365d,Unknown
SAMEA5147768,Bone marrow,Bone marrow,,Adult_>365d,Unknown
SAMEA5147769,Bone marrow,Bone marrow,,Adult_>365d,Unknown
SAMEA5158154,Liver,Liver,7.0,Infant_0_20d,Female
SAMEA5158155,Liver,Liver,7.0,Infant_0_20d,Male
SAMEA5158156,Liver,Liver,7.0,Infant_0_20d,Male
SAMEA5158157,Liver,Liver,7.0,Infant_0_20d,Male
SAMEA5158158,Liver,Liver,7.0,Infant_0_20d,Male
SAMEA5158159,Liver,Liver,7.0,Infant_0_20d,Female
SAMEA5158160,Liver,Liver,7.0,Infant_0_20d,Female
SAMEA5158161,Liver,Liver,7.0,Infant_0_20d,Female
SAMEA5158162,Liver,Liver,7.0,Infant_0_20d,Female
SAMEA5158163,Liver,Liver,7.0,Infant_0_20d,Female
SAMEA5158164,Liver,Liver,7.0,Infant_0_20d,Male
SAMEA5158165,Liver,Liver,7.0,Infant_0_20d,Male
SAMEA5158166,Liver,Liver,7.0,Infant_0_20d,Male
SAMEA5158167,Liver,Liver,7.0,Infant_0_20d,Female
SAMEA5158169,Liver,Liver,7.0,Infant_0_20d,Female
SAMEA5158170,Liver,Liver,7.0,Infant_0_20d,Male
SAMEA5158171,Liver,Liver,7.0,Infant_0_20d,Male
SAMEA5158172,Liver,Liver,7.0,Infant_0_20d,Female
SAMEA5158173,Liver,Liver,7.0,Infant_0_20d,Male
SAMEA5158174,Liver,Liver,7.0,Infant_0_20d,Female
SAMEA5158175,Liver,Liver,7.0,Infant_0_20d,Male
SAMEA5158176,Liver,Liver,7.0,Infant_0_20d,Female
SAMEA5158177,Liver,Liver,7.0,Infant_0_20d,Male
SAMEA5158178,Liver,Liver,7.0,Infant_0_20d,Female
SAMEA5158179,Liver,Liver,7.0,Infant_0_20d,Female
SAMEA5158180,Liver,Liver,7.0,Infant_0_20d,Female
SAMEA5158181,Liver,Liver,7.0,Infant_0_20d,Female
SAMEA5158182,Liver,Liver,7.0,Infant_0_20d,Male
SAMEA5158183,Liver,Liver,7.0,Infant_0_20d,Male
SAMEA5158184,Liver,Liver,7.0,Infant_0_20d,Male
SAMEA5158185,Liver,Liver,7.0,Infant_0_20d,Male
SAMEA5158186,Liver,Liver,7.0,Infant_0_20d,Female
SAMEA5158187,Liver,Liver,7.0,Infant_0_20d,Male
SAMEA5158188,Liver,Liver,7.0,Infant_0_20d,Female
SAMEA5158189,Liver,Liver,7.0,Infant_0_20d,Male
SAMEA5158190,Liver,Liver,7.0,Infant_0_20d,Female
SAMEA5158191,Liver,Liver,7.0,Infant_0_20d,Female
SAMEA5158192,Liver,Liver,7.0,Infant_0_20d,Male
SAMEA5158193,Liver,Liver,7.0,Infant_0_20d,Female
SAMEA5158194,Liver,Liver,7.0,Infant_0_20d,Female
SAMEA5158195,Liver,Liver,7.0,Infant_0_20d,Male
SAMEA5158196,Liver,Liver,7.0,Infant_0_20d,Female
SAMEA5158197,Liver,Liver,7.0,Infant_0_20d,Male
SAMEA5158198,Liver,Liver,7.0,Infant_0_20d,Male
SAMEA5158199,Liver,Liver,7.0,Infant_0_20d,Female
SAMEA5158200,Liver,Liver,7.0,Infant_0_20d,Male
SAMEA5158201,Liver,Liver,7.0,Infant_0_20d,Female
SAMEA5158202,Liver,Liver,7.0,Infant_0_20d,Male
SAMEA5185646,Blood,Blood,,Adult_>365d,Female
SAMEA5185647,Unknown,Unknown,,Adult_>365d,Female
SAMEA5185648,Unknown,Unknown,,Adult_>365d,Male
SAMEA5185649,Blood,Blood,,Adult_>365d,Female
SAMEA5185650,Blood,Blood,,Adult_>365d,Female
SAMEA5185651,Unknown,Unknown,,Adult_>365d,Male
SAMEA5185652,Blood,Blood,,Adult_>365d,Male
SAMEA5185653,Blood,Blood,,Adult_>365d,Female
SAMEA5185654,Unknown,Unknown,,Adult_>365d,Male
SAMEA5185655,Unknown,Unknown,,Adult_>365d,Female
SAMEA5185656,Unknown,Unknown,,Adult_>365d,Female
SAMEA5185657,Unknown,Unknown,,Adult_>365d,Female
SAMEA5185658,Unknown,Unknown,,Adult_>365d,Female
SAMEA5185659,Unknown,Unknown,,Adult_>365d,Female
SAMEA5185660,Blood,Blood,,Adult_>365d,Female
SAMEA5185661,Blood,Blood,,Adult_>365d,Male
SAMEA5185662,Blood,Blood,,Adult_>365d,Male
SAMEA5185663,Unknown,Unknown,,Adult_>365d,Female
SAMEA5185664,Unknown,Unknown,,Adult_>365d,Female
SAMEA5185665,Unknown,Unknown,,Adult_>365d,Female
SAMEA5185666,Unknown,Unknown,,Adult_>365d,Female
SAMEA5185667,Unknown,Unknown,,Adult_>365d,Female
SAMEA5185668,Unknown,Unknown,,Adult_>365d,Female
SAMEA5185669,Unknown,Unknown,,Adult_>365d,Female
SAMEA5185670,Unknown,Unknown,,Adult_>365d,Male
SAMEA5185671,Unknown,Unknown,,Adult_>365d,Male
SAMEA5185672,Unknown,Unknown,,Adult_>365d,Female
SAMEA5185673,Blood,Blood,,Adult_>365d,Male
SAMEA5185674,Blood,Blood,,Adult_>365d,Female
SAMEA5185675,Unknown,Unknown,,Adult_>365d,Male
SAMEA5185676,Unknown,Unknown,,Adult_>365d,Female
SAMEA5185677,Unknown,Unknown,,Adult_>365d,Female
SAMEA5185678,Unknown,Unknown,,Adult_>365d,Female
SAMEA5185679,Unknown,Unknown,,Adult_>365d,Female
SAMEA5185680,Unknown,Unknown,,Adult_>365d,Male
SAMEA5185681,Unknown,Unknown,,Adult_>365d,Male
SAMEA5185682,Unknown,Unknown,,Adult_>365d,Female
SAMEA5185683,Unknown,Unknown,,Adult_>365d,Female
SAMEA5185684,Unknown,Unknown,,Adult_>365d,Female
SAMEA5185685,Unknown,Unknown,,Adult_>365d,Female
SAMEA5185686,Blood,Blood,,Adult_>365d,Female
SAMEA5185687,Unknown,Unknown,,Adult_>365d,Female
SAMEA5185688,Unknown,Unknown,,Adult_>365d,Male
SAMEA5185689,Unknown,Unknown,,Adult_>365d,Female
SAMEA5185690,Unknown,Unknown,,Adult_>365d,Male
SAMEA5185691,Unknown,Unknown,,Adult_>365d,Male
SAMEA5185692,Unknown,Unknown,,Adult_>365d,Male
SAMEA5185693,Unknown,Unknown,,Adult_>365d,Male
SAMEA5185694,Unknown,Unknown,,Adult_>365d,Male
SAMEA5185695,Unknown,Unknown,,Adult_>365d,Female
SAMEA5185696,Unknown,Unknown,,Adult_>365d,Male
SAMEA5185697,Unknown,Unknown,,Adult_>365d,Female
SAMEA5185698,Unknown,Unknown,,Adult_>365d,Female
SAMEA5185699,Unknown,Unknown,,Adult_>365d,Female
SAMEA5185700,Unknown,Unknown,,Adult_>365d,Male
SAMEA5185701,Unknown,Unknown,,Adult_>365d,Male
SAMEA5185702,Unknown,Unknown,,Adult_>365d,Female
SAMEA5185703,Unknown,Unknown,,Adult_>365d,Male
SAMEA5185704,Unknown,Unknown,,Adult_>365d,Female
SAMEA5185705,Unknown,Unknown,,Adult_>365d,Female
SAMEA5185706,Unknown,Unknown,,Adult_>365d,Female
SAMEA5185707,Unknown,Unknown,,Adult_>365d,Female
SAMEA5185708,Blood,Blood,,Adult_>365d,Female
SAMEA5185709,Unknown,Unknown,,Adult_>365d,Female
SAMEA5185710,Blood,Blood,,Adult_>365d,Female
SAMEA5185711,Unknown,Unknown,,Adult_>365d,Female
SAMEA5185712,Blood,Blood,,Adult_>365d,Female
SAMEA5185713,Unknown,Unknown,,Adult_>365d,Female
SAMEA5185714,Unknown,Unknown,,Adult_>365d,Female
SAMEA5185715,Blood,Blood,,Adult_>365d,Female
SAMEA5185716,Blood,Blood,,Adult_>365d,Female
SAMEA5185717,Unknown,Unknown,,Adult_>365d,Female
SAMEA5185718,Blood,Blood,,Adult_>365d,Female
SAMEA5185719,Blood,Blood,,Adult_>365d,Female
SAMEA5185720,Unknown,Unknown,,Adult_>365d,Female
SAMEA5185721,Unknown,Unknown,,Adult_>365d,Female
SAMEA5185722,Blood,Blood,,Adult_>365d,Male
SAMEA5185723,Blood,Blood,,Adult_>365d,Female
SAMEA5185724,Unknown,Unknown,,Adult_>365d,Female
SAMEA5185725,Unknown,Unknown,,Adult_>365d,Female
SAMEA5185726,Unknown,Unknown,,Adult_>365d,Female
SAMEA5185727,Unknown,Unknown,,Adult_>365d,Female
SAMEA5185728,Unknown,Unknown,,Adult_>365d,Male
SAMEA5185729,Unknown,Unknown,,Adult_>365d,Female
SAMEA5185730,Unknown,Unknown,,Adult_>365d,Female
SAMEA5185731,Unknown,Unknown,,Adult_>365d,Female
SAMEA5185732,Unknown,Unknown,,Adult_>365d,Male
SAMEA5185733,Unknown,Unknown,,Adult_>365d,Female
SAMEA5185734,Unknown,Unknown,,Adult_>365d,Female
SAMEA5185735,Unknown,Unknown,,Adult_>365d,Female
SAMEA5185736,Unknown,Unknown,,Adult_>365d,Male
SAMEA5185737,Unknown,Unknown,,Adult_>365d,Female
SAMEA5185738,Unknown,Unknown,,Adult_>365d,Female
SAMEA5185739,Unknown,Unknown,,Adult_>365d,Female
SAMEA5185740,Unknown,Unknown,,Adult_>365d,Male
SAMEA5185741,Unknown,Unknown,,Adult_>365d,Female
SAMEA5185742,Blood,Blood,,Adult_>365d,Female
SAMEA5185743,Unknown,Unknown,,Adult_>365d,Female
SAMEA5185744,Blood,Blood,,Adult_>365d,Female
SAMEA5185745,Unknown,Unknown,,Adult_>365d,Female
SAMEA5185746,Unknown,Unknown,,Adult_>365d,Female
SAMEA5185747,Blood,Blood,,Adult_>365d,Female
SAMEA5185748,Unknown,Unknown,,Adult_>365d,Female
SAMEA5185749,Blood,Blood,,Adult_>365d,Male
SAMEA5185750,Blood,Blood,,Adult_>365d,Male
SAMEA5185751,Unknown,Unknown,,Adult_>365d,Male
SAMEA5185752,Blood,Blood,,Adult_>365d,Female
SAMEA5185753,Blood,Blood,,Adult_>365d,Female
SAMEA5185754,Blood,Blood,,Adult_>365d,Female
SAMEA5185755,Blood,Blood,,Adult_>365d,Male
SAMEA5185756,Blood,Blood,,Adult_>365d,Male
SAMEA5185757,Unknown,Unknown,,Adult_>365d,Male
SAMEA5185758,Unknown,Unknown,,Adult_>365d,Female
SAMEA5185759,Blood,Blood,,Adult_>365d,Female
SAMEA5185760,Blood,Blood,,Adult_>365d,Female
SAMEA5185761,Blood,Blood,,Adult_>365d,Female
SAMEA5185762,Blood,Blood,,Adult_>365d,Female
SAMEA5185763,Blood,Blood,,Adult_>365d,Male
SAMEA5185764,Blood,Blood,,Adult_>365d,Female
SAMEA5185765,Blood,Blood,,Adult_>365d,Female
SAMEA5185766,Unknown,Unknown,,Adult_>365d,Female
SAMEA5185767,Blood,Blood,,Adult_>365d,Female
SAMEA5185768,Blood,Blood,,Adult_>365d,Male
SAMEA5185769,Unknown,Unknown,,Adult_>365d,Female
SAMEA5185770,Blood,Blood,,Adult_>365d,Male
SAMEA5185771,Blood,Blood,,Adult_>365d,Female
SAMEA5185772,Blood,Blood,,Adult_>365d,Female
SAMEA5185773,Blood,Blood,,Adult_>365d,Female
SAMEA5185774,Blood,Blood,,Adult_>365d,Male
SAMEA5185775,Blood,Blood,,Adult_>365d,Female
SAMEA5185776,Blood,Blood,,Adult_>365d,Female
SAMEA5185777,Unknown,Unknown,,Adult_>365d,Male
SAMEA5185778,Blood,Blood,,Adult_>365d,Female
SAMEA5185779,Blood,Blood,,Adult_>365d,Female
SAMEA5185780,Unknown,Unknown,,Adult_>365d,Male
SAMEA5185781,Blood,Blood,,Adult_>365d,Male
SAMEA5185782,Blood,Blood,,Adult_>365d,Female
SAMEA5185783,Unknown,Unknown,,Adult_>365d,Female
SAMEA5185784,Blood,Blood,,Adult_>365d,Female
SAMEA5185785,Unknown,Unknown,,Adult_>365d,Female
SAMEA5185786,Unknown,Unknown,,Adult_>365d,Female
SAMEA5185787,Unknown,Unknown,,Adult_>365d,Male
SAMEA5185788,Unknown,Unknown,,Adult_>365d,Female
SAMEA5185789,Unknown,Unknown,,Adult_>365d,Male
SAMEA5185790,Unknown,Unknown,,Adult_>365d,Female
SAMEA5185791,Blood,Blood,,Adult_>365d,Female
SAMEA5185792,Unknown,Unknown,,Adult_>365d,Male
SAMEA5185793,Blood,Blood,,Adult_>365d,Female
SAMEA5185794,Unknown,Unknown,,Adult_>365d,Male
SAMEA5185795,Unknown,Unknown,,Adult_>365d,Male
SAMEA5185796,Unknown,Unknown,,Adult_>365d,Male
SAMEA5185797,Blood,Blood,,Adult_>365d,Female
SAMEA5185798,Blood,Blood,,Adult_>365d,Male
SAMEA5185799,Unknown,Unknown,,Adult_>365d,Female
SAMEA5185800,Blood,Blood,,Adult_>365d,Female
SAMEA5185801,Blood,Blood,,Adult_>365d,Female
SAMEA5185802,Blood,Blood,,Adult_>365d,Female
SAMEA5185803,Unknown,Unknown,,Adult_>365d,Female
SAMEA5185804,Blood,Blood,,Adult_>365d,Male
SAMEA5185805,Unknown,Unknown,,Adult_>365d,Female
SAMEA5185806,Blood,Blood,,Adult_>365d,Female
SAMEA5185807,Unknown,Unknown,,Adult_>365d,Male
SAMEA5335891,pEPSC,pEPSC,0.0,Infant_0_20d,Male
SAMEA5335892,pEPSC,pEPSC,0.0,Infant_0_20d,Male
SAMEA5335924,Unknown,Unknown,0.0,Infant_0_20d,Male
SAMEA5335925,Other,Other,0.0,Infant_0_20d,Male
SAMEA5335926,Other,Other,0.0,Infant_0_20d,Male
SAMEA5335927,Other,Other,0.0,Infant_0_20d,Male
SAMEA5335928,Skin,Skin,0.0,Infant_0_20d,Male
SAMEA5335929,Skin,Skin,0.0,Infant_0_20d,Male
SAMEA5335930,Skin,Skin,0.0,Infant_0_20d,Male
SAMEA5335931,Skin,Skin,0.0,Infant_0_20d,Male
SAMEA5335932,pEPSC,pEPSC,0.0,Infant_0_20d,Male
SAMEA5335933,pEPSC,pEPSC,0.0,Infant_0_20d,Male
SAMEA5335934,pEPSC,pEPSC,0.0,Infant_0_20d,Male
SAMEA5335935,pEPSC,pEPSC,0.0,Infant_0_20d,Male
SAMEA5337565,Unknown,Unknown,0.0,Infant_0_20d,Male
SAMEA5337566,Unknown,Unknown,0.0,Infant_0_20d,Male
SAMEA5337567,pEPSC,pEPSC,0.0,Infant_0_20d,Male
SAMEA5337568,pEPSC,pEPSC,0.0,Infant_0_20d,Male
SAMEA5337569,pEPSC,pEPSC,0.0,Infant_0_20d,Male
SAMEA5337570,pEPSC,pEPSC,0.0,Infant_0_20d,Male
SAMEA5337571,pEPSC,pEPSC,0.0,Infant_0_20d,Male
SAMEA5337572,Unknown,Unknown,0.0,Infant_0_20d,Male
SAMEA5337573,pEPSC,pEPSC,0.0,Infant_0_20d,Male
SAMEA5337574,pEPSC,pEPSC,0.0,Infant_0_20d,Male
SAMEA5337575,Unknown,Unknown,0.0,Infant_0_20d,Male
SAMEA5337576,Unknown,Unknown,0.0,Infant_0_20d,Male
SAMEA5337577,Unknown,Unknown,0.0,Infant_0_20d,Male
SAMEA5337578,Unknown,Unknown,0.0,Infant_0_20d,Male
SAMEA5337579,pEPSC,pEPSC,0.0,Infant_0_20d,Male
SAMEA5337580,pEPSC,pEPSC,0.0,Infant_0_20d,Male
SAMEA5337581,pEPSC,pEPSC,0.0,Infant_0_20d,Male
SAMEA5337582,pEPSC,pEPSC,0.0,Infant_0_20d,Male
SAMEA5337583,Unknown,Unknown,0.0,Infant_0_20d,Male
SAMEA5337584,Unknown,Unknown,0.0,Infant_0_20d,Male
SAMEA5337585,pEPSC,pEPSC,0.0,Infant_0_20d,Male
SAMEA5337586,pEPSC,pEPSC,0.0,Infant_0_20d,Male
SAMEA5337587,pEPSC,pEPSC,0.0,Infant_0_20d,Male
SAMEA5337588,pEPSC,pEPSC,0.0,Infant_0_20d,Male
SAMEA5337589,Unknown,Unknown,0.0,Infant_0_20d,Male
SAMEA5337590,pEPSC,pEPSC,0.0,Infant_0_20d,Male
SAMEA5337591,Unknown,Unknown,0.0,Infant_0_20d,Male
SAMEA5337592,Unknown,Unknown,0.0,Infant_0_20d,Male
SAMEA5337593,pEPSC,pEPSC,0.0,Infant_0_20d,Male
SAMEA5337594,pEPSC,pEPSC,0.0,Infant_0_20d,Male
SAMEA5337595,pEPSC,pEPSC,0.0,Infant_0_20d,Male
SAMEA5337596,pEPSC,pEPSC,0.0,Infant_0_20d,Male
SAMEA5337597,pEPSC,pEPSC,0.0,Infant_0_20d,Male
SAMEA5337598,pEPSC,pEPSC,0.0,Infant_0_20d,Male
SAMEA5337599,Unknown,Unknown,0.0,Infant_0_20d,Male
SAMEA5337600,Unknown,Unknown,0.0,Infant_0_20d,Male
SAMEA5337601,Unknown,Unknown,0.0,Infant_0_20d,Male
SAMEA5337602,pEPSC,pEPSC,0.0,Infant_0_20d,Male
SAMEA5337603,pEPSC,pEPSC,0.0,Infant_0_20d,Male
SAMEA5337604,pEPSC,pEPSC,0.0,Infant_0_20d,Male
SAMEA5337605,pEPSC,pEPSC,0.0,Infant_0_20d,Male
SAMEA5337606,pEPSC,pEPSC,0.0,Infant_0_20d,Male
SAMEA5337607,pEPSC,pEPSC,0.0,Infant_0_20d,Male
SAMEA5337608,Unknown,Unknown,0.0,Infant_0_20d,Male
SAMEA5337609,pEPSC,pEPSC,0.0,Infant_0_20d,Male
SAMEA5337610,pEPSC,pEPSC,0.0,Infant_0_20d,Male
SAMEA5337611,Unknown,Unknown,0.0,Infant_0_20d,Male
SAMEA5337612,pEPSC,pEPSC,0.0,Infant_0_20d,Male
SAMEA5337613,Unknown,Unknown,0.0,Infant_0_20d,Male
SAMEA5337614,pEPSC,pEPSC,0.0,Infant_0_20d,Male
SAMEA5337615,pEPSC,pEPSC,0.0,Infant_0_20d,Male
SAMEA5337616,pEPSC,pEPSC,0.0,Infant_0_20d,Male
SAMEA5337617,pEPSC,pEPSC,0.0,Infant_0_20d,Male
SAMEA5337618,Unknown,Unknown,0.0,Infant_0_20d,Male
SAMEA5337619,Unknown,Unknown,0.0,Infant_0_20d,Male
SAMEA5337620,pEPSC,pEPSC,0.0,Infant_0_20d,Male
SAMEA5337621,pEPSC,pEPSC,0.0,Infant_0_20d,Male
SAMEA5337622,pEPSC,pEPSC,0.0,Infant_0_20d,Male
SAMEA5337623,pEPSC,pEPSC,0.0,Infant_0_20d,Male
SAMEA5337624,pEPSC,pEPSC,0.0,Infant_0_20d,Male
SAMEA5337625,Unknown,Unknown,0.0,Infant_0_20d,Male
SAMEA5337626,pEPSC,pEPSC,0.0,Infant_0_20d,Male
SAMEA5337627,pEPSC,pEPSC,0.0,Infant_0_20d,Male
SAMEA5337628,pEPSC,pEPSC,0.0,Infant_0_20d,Male
SAMEA5337629,pEPSC,pEPSC,0.0,Infant_0_20d,Male
SAMEA5337630,Unknown,Unknown,0.0,Infant_0_20d,Male
SAMEA5337631,Unknown,Unknown,0.0,Infant_0_20d,Male
SAMEA5337632,pEPSC,pEPSC,0.0,Infant_0_20d,Male
SAMEA5337633,pEPSC,pEPSC,0.0,Infant_0_20d,Male
SAMEA5337634,pEPSC,pEPSC,0.0,Infant_0_20d,Male
SAMEA5337635,pEPSC,pEPSC,0.0,Infant_0_20d,Male
SAMEA5337636,pEPSC,pEPSC,0.0,Infant_0_20d,Male
SAMEA5337637,Unknown,Unknown,0.0,Infant_0_20d,Male
SAMEA5337638,Unknown,Unknown,0.0,Infant_0_20d,Male
SAMEA5337639,Unknown,Unknown,0.0,Infant_0_20d,Male
SAMEA5337640,Unknown,Unknown,0.0,Infant_0_20d,Male
SAMEA5337641,pEPSC,pEPSC,0.0,Infant_0_20d,Male
SAMEA5337642,pEPSC,pEPSC,0.0,Infant_0_20d,Male
SAMEA5337643,pEPSC,pEPSC,0.0,Infant_0_20d,Male
SAMEA5337644,pEPSC,pEPSC,0.0,Infant_0_20d,Male
SAMEA5337645,pEPSC,pEPSC,0.0,Infant_0_20d,Male
SAMEA5337646,pEPSC,pEPSC,0.0,Infant_0_20d,Male
SAMEA5337647,Unknown,Unknown,0.0,Infant_0_20d,Male
SAMEA5337648,pEPSC,pEPSC,0.0,Infant_0_20d,Male
SAMEA5337649,Unknown,Unknown,0.0,Infant_0_20d,Male
SAMEA5337650,pEPSC,pEPSC,0.0,Infant_0_20d,Male
SAMEA5337651,pEPSC,pEPSC,0.0,Infant_0_20d,Male
SAMEA5337652,Unknown,Unknown,0.0,Infant_0_20d,Male
SAMEA5337653,pEPSC,pEPSC,0.0,Infant_0_20d,Male
SAMEA5337654,pEPSC,pEPSC,0.0,Infant_0_20d,Male
SAMEA5337655,Unknown,Unknown,0.0,Infant_0_20d,Male
SAMEA5337656,pEPSC,pEPSC,0.0,Infant_0_20d,Male
SAMEA5337657,pEPSC,pEPSC,0.0,Infant_0_20d,Male
SAMEA5337658,Unknown,Unknown,0.0,Infant_0_20d,Male
SAMEA5337659,pEPSC,pEPSC,0.0,Infant_0_20d,Male
SAMEA5337660,Unknown,Unknown,0.0,Infant_0_20d,Male
SAMEA5337661,Unknown,Unknown,0.0,Infant_0_20d,Male
SAMEA5337662,Unknown,Unknown,0.0,Infant_0_20d,Male
SAMEA5337663,pEPSC,pEPSC,0.0,Infant_0_20d,Male
SAMEA5337664,pEPSC,pEPSC,0.0,Infant_0_20d,Male
SAMEA5337665,pEPSC,pEPSC,0.0,Infant_0_20d,Male
SAMEA5337666,pEPSC,pEPSC,0.0,Infant_0_20d,Male
SAMEA5337667,pEPSC,pEPSC,0.0,Infant_0_20d,Male
SAMEA5337668,pEPSC,pEPSC,0.0,Infant_0_20d,Male
SAMEA5337669,Embryo,Embryo,0.0,Infant_0_20d,Male
SAMEA5337670,pEPSC,pEPSC,0.0,Infant_0_20d,Male
SAMEA5337671,Unknown,Unknown,0.0,Infant_0_20d,Male
SAMEA5337672,pEPSC,pEPSC,0.0,Infant_0_20d,Male
SAMEA5337673,Unknown,Unknown,0.0,Infant_0_20d,Male
SAMEA5337674,Unknown,Unknown,0.0,Infant_0_20d,Male
SAMEA5337675,pEPSC,pEPSC,0.0,Infant_0_20d,Male
SAMEA5337676,pEPSC,pEPSC,0.0,Infant_0_20d,Male
SAMEA5337677,pEPSC,pEPSC,0.0,Infant_0_20d,Male
SAMEA5337678,pEPSC,pEPSC,0.0,Infant_0_20d,Male
SAMEA5337679,Unknown,Unknown,0.0,Infant_0_20d,Male
SAMEA5337680,pEPSC,pEPSC,0.0,Infant_0_20d,Male
SAMEA5337681,pEPSC,pEPSC,0.0,Infant_0_20d,Male
SAMEA5337682,pEPSC,pEPSC,0.0,Infant_0_20d,Male
SAMEA5337683,Unknown,Unknown,0.0,Infant_0_20d,Male
SAMEA5337684,Unknown,Unknown,0.0,Infant_0_20d,Male
SAMEA5337685,pEPSC,pEPSC,0.0,Infant_0_20d,Male
SAMEA5337686,Unknown,Unknown,0.0,Infant_0_20d,Male
SAMEA5337687,pEPSC,pEPSC,0.0,Infant_0_20d,Male
SAMEA5337688,pEPSC,pEPSC,0.0,Infant_0_20d,Male
SAMEA5337689,Embryo,Embryo,0.0,Infant_0_20d,Male
SAMEA5337690,pEPSC,pEPSC,0.0,Infant_0_20d,Male
SAMEA5337691,pEPSC,pEPSC,0.0,Infant_0_20d,Male
SAMEA5337692,pEPSC,pEPSC,0.0,Infant_0_20d,Male
SAMEA5337693,pEPSC,pEPSC,0.0,Infant_0_20d,Male
SAMEA5337694,Unknown,Unknown,0.0,Infant_0_20d,Male
SAMEA5337695,pEPSC,pEPSC,0.0,Infant_0_20d,Male
SAMEA5337696,pEPSC,pEPSC,0.0,Infant_0_20d,Male
SAMEA5337697,Unknown,Unknown,0.0,Infant_0_20d,Male
SAMEA5337698,Unknown,Unknown,0.0,Infant_0_20d,Male
SAMEA5337699,Embryo,Embryo,0.0,Infant_0_20d,Male
SAMEA5337700,pEPSC,pEPSC,0.0,Infant_0_20d,Male
SAMEA5337701,pEPSC,pEPSC,0.0,Infant_0_20d,Male
SAMEA5337702,pEPSC,pEPSC,0.0,Infant_0_20d,Male
SAMEA5337703,pEPSC,pEPSC,0.0,Infant_0_20d,Male
SAMEA5337704,pEPSC,pEPSC,0.0,Infant_0_20d,Male
SAMEA5337705,pEPSC,pEPSC,0.0,Infant_0_20d,Male
SAMEA5337706,Unknown,Unknown,0.0,Infant_0_20d,Male
SAMEA5337707,Unknown,Unknown,0.0,Infant_0_20d,Male
SAMEA5337708,pEPSC,pEPSC,0.0,Infant_0_20d,Male
SAMEA5337709,Embryo,Embryo,0.0,Infant_0_20d,Male
SAMEA5337710,pEPSC,pEPSC,0.0,Infant_0_20d,Male
SAMEA5337711,pEPSC,pEPSC,0.0,Infant_0_20d,Male
SAMEA5337712,pEPSC,pEPSC,0.0,Infant_0_20d,Male
SAMEA5337713,pEPSC,pEPSC,0.0,Infant_0_20d,Male
SAMEA5337714,Unknown,Unknown,0.0,Infant_0_20d,Male
SAMEA5337715,pEPSC,pEPSC,0.0,Infant_0_20d,Male
SAMEA5337716,pEPSC,pEPSC,0.0,Infant_0_20d,Male
SAMEA5337717,pEPSC,pEPSC,0.0,Infant_0_20d,Male
SAMEA5337718,pEPSC,pEPSC,0.0,Infant_0_20d,Male
SAMEA5337719,Embryo,Embryo,0.0,Infant_0_20d,Male
SAMEA5337720,pEPSC,pEPSC,0.0,Infant_0_20d,Male
SAMEA5337721,pEPSC,pEPSC,0.0,Infant_0_20d,Male
SAMEA5337722,pEPSC,pEPSC,0.0,Infant_0_20d,Male
SAMEA5337723,pEPSC,pEPSC,0.0,Infant_0_20d,Male
SAMEA5337724,pEPSC,pEPSC,0.0,Infant_0_20d,Male
SAMEA5337725,pEPSC,pEPSC,0.0,Infant_0_20d,Male
SAMEA5337726,pEPSC,pEPSC,0.0,Infant_0_20d,Male
SAMEA5337727,pEPSC,pEPSC,0.0,Infant_0_20d,Male
SAMEA5337728,pEPSC,pEPSC,0.0,Infant_0_20d,Male
SAMEA5337729,Embryo,Embryo,0.0,Infant_0_20d,Male
SAMEA5337730,pEPSC,pEPSC,0.0,Infant_0_20d,Male
SAMEA5337731,pEPSC,pEPSC,0.0,Infant_0_20d,Male
SAMEA5337732,pEPSC,pEPSC,0.0,Infant_0_20d,Male
SAMEA5337733,pEPSC,pEPSC,0.0,Infant_0_20d,Male
SAMEA5337734,pEPSC,pEPSC,0.0,Infant_0_20d,Male
SAMEA5337735,pEPSC,pEPSC,0.0,Infant_0_20d,Male
SAMEA5337736,pEPSC,pEPSC,0.0,Infant_0_20d,Male
SAMEA5337737,pEPSC,pEPSC,0.0,Infant_0_20d,Male
SAMEA5337738,pEPSC,pEPSC,0.0,Infant_0_20d,Male
SAMEA5337739,Embryo,Embryo,0.0,Infant_0_20d,Male
SAMEA5337740,pEPSC,pEPSC,0.0,Infant_0_20d,Male
SAMEA5337741,pEPSC,pEPSC,0.0,Infant_0_20d,Male
SAMEA5337742,pEPSC,pEPSC,0.0,Infant_0_20d,Male
SAMEA5337743,pEPSC,pEPSC,0.0,Infant_0_20d,Male
SAMEA5337744,pEPSC,pEPSC,0.0,Infant_0_20d,Male
SAMEA5337745,pEPSC,pEPSC,0.0,Infant_0_20d,Male
SAMEA5337746,pEPSC,pEPSC,0.0,Infant_0_20d,Male
SAMEA5337747,pEPSC,pEPSC,0.0,Infant_0_20d,Male
SAMEA5337748,pEPSC,pEPSC,0.0,Infant_0_20d,Male
SAMEA5337749,Embryo,Embryo,0.0,Infant_0_20d,Male
SAMEA5337750,pEPSC,pEPSC,0.0,Infant_0_20d,Male
SAMEA5337751,Unknown,Unknown,0.0,Infant_0_20d,Male
SAMEA5337752,Unknown,Unknown,0.0,Infant_0_20d,Male
SAMEA5337753,Unknown,Unknown,0.0,Infant_0_20d,Male
SAMEA5337754,pEPSC,pEPSC,0.0,Infant_0_20d,Male
SAMEA5337755,pEPSC,pEPSC,0.0,Infant_0_20d,Male
SAMEA5337756,pEPSC,pEPSC,0.0,Infant_0_20d,Male
SAMEA5928375,Blood,Macrophage,,Adult_>365d,Unknown
SAMEA5928377,Blood,Macrophage,,Adult_>365d,Unknown
SAMEA5928378,Blood,Macrophage,,Adult_>365d,Unknown
SAMEA5928379,Blood,Macrophage,,Adult_>365d,Unknown
SAMEA5928380,Blood,Macrophage,,Adult_>365d,Unknown
SAMEA5928381,Blood,Macrophage,,Adult_>365d,Unknown
SAMEA5928383,Blood,Macrophage,,Adult_>365d,Unknown
SAMEA5928384,Blood,Macrophage,,Adult_>365d,Unknown
SAMEA5928385,Blood,Macrophage,,Adult_>365d,Unknown
SAMEA5928386,Blood,Macrophage,,Adult_>365d,Unknown
SAMEA5928387,Blood,Macrophage,,Adult_>365d,Unknown
SAMEA5928389,Blood,Macrophage,,Adult_>365d,Unknown
SAMEA5928390,Blood,Macrophage,,Adult_>365d,Unknown
SAMEA5928391,Blood,Macrophage,,Adult_>365d,Unknown
SAMEA5928392,Blood,Macrophage,,Adult_>365d,Unknown
SAMEA5928394,Blood,Macrophage,,Adult_>365d,Unknown
SAMEA5928395,Blood,Macrophage,,Adult_>365d,Unknown
SAMEA5928397,Blood,Macrophage,,Adult_>365d,Unknown
SAMEA5928398,Blood,Macrophage,,Adult_>365d,Unknown
SAMEA5928399,Blood,Macrophage,,Adult_>365d,Unknown
SAMEA5928400,Blood,Macrophage,,Adult_>365d,Unknown
SAMEA5928401,Blood,Macrophage,,Adult_>365d,Unknown
SAMEA5928402,Blood,Macrophage,,Adult_>365d,Unknown
SAMEA5928404,Blood,Macrophage,,Adult_>365d,Unknown
SAMEA1487398,Unknown,Unknown,,Adult_>365d,Female
SAMEA1487410,Unknown,Unknown,,Adult_>365d,Female
SAMEA1487420,Brain,Frontal cortex,,Adult_>365d,Female
SAMEA1487433,Unknown,Unknown,,Adult_>365d,Female
SAMEA1487441,Unknown,Unknown,,Adult_>365d,Female
SAMEA1487444,Unknown,Unknown,,Adult_>365d,Female
SAMEA1487446,Unknown,Unknown,,Adult_>365d,Female
SAMEA1487448,Unknown,Unknown,,Adult_>365d,Female
SAMEA1487449,Unknown,Unknown,,Adult_>365d,Female
SAMEA1487451,Unknown,Unknown,,Adult_>365d,Female
SAMEA1876824,Brain,Frontal cortex,,Adult_>365d,Female
SAMEA1876826,Brain,Frontal cortex,,Adult_>365d,Female
SAMEA1876828,Brain,Frontal cortex,,Adult_>365d,Female
SAMEA1876835,Brain,Frontal cortex,,Adult_>365d,Female
SAMEA1876838,Brain,Frontal cortex,,Adult_>365d,Female
SAMEA1876846,Brain,Frontal cortex,,Adult_>365d,Female
SAMEA1876852,Brain,Frontal cortex,,Adult_>365d,Female
SAMEA1876863,Brain,Frontal cortex,,Adult_>365d,Female
SAMEA1876892,Brain,Frontal cortex,,Adult_>365d,Female
SAMEA1876894,Brain,Frontal cortex,,Adult_>365d,Female
SAMEA5663133,Other,Other,63.0,Pre_pubertal_60_149d,Female
SAMEA5663134,Other,Other,63.0,Pre_pubertal_60_149d,Female
SAMEA5663135,Other,Other,63.0,Pre_pubertal_60_149d,Female
SAMEA5663136,Other,Other,63.0,Pre_pubertal_60_149d,Female
SAMEA5663137,Other,Other,63.0,Pre_pubertal_60_149d,Female
SAMEA5663138,Other,Other,63.0,Pre_pubertal_60_149d,Female
SAMEA5663139,Other,Other,63.0,Pre_pubertal_60_149d,Female
SAMEA5663140,Other,Other,63.0,Pre_pubertal_60_149d,Female
SAMEA5756299,Unknown,Unknown,730.0,Adult_>365d,Male
SAMEA5756310,Unknown,Unknown,730.0,Adult_>365d,Male
SAMEA5756312,Muscle,Muscle,730.0,Adult_>365d,Male
SAMEA5760387,Testis,Testis,730.0,Adult_>365d,Male
SAMEA5760399,Brain,Brain,730.0,Adult_>365d,Male
SAMEA5760401,Liver,Liver,730.0,Adult_>365d,Male
SAMEA5760407,Liver,Liver,730.0,Adult_>365d,Male
SAMEA5760419,Muscle,Muscle,730.0,Adult_>365d,Male
SAMEA5760421,Liver,Liver,730.0,Adult_>365d,Male
SAMEA5760436,Testis,Testis,730.0,Adult_>365d,Male
SAMEA5760449,Muscle,Muscle,730.0,Adult_>365d,Male
SAMEA5760477,Muscle,Muscle,730.0,Adult_>365d,Male
SAMEA5760496,Testis,Testis,730.0,Adult_>365d,Male
SAMEA5760498,Brain,Brain,730.0,Adult_>365d,Male
SAMEA5760502,Unknown,Unknown,730.0,Adult_>365d,Male
SAMEA6428020,Ovary,Ovary,,Adult_>365d,Female
SAMEA6428021,Ovary,Ovary,,Adult_>365d,Female
SAMEA6428022,Ovary,Ovary,,Adult_>365d,Female
SAMEA6428023,Ovary,Ovary,,Adult_>365d,Female
SAMEA6428024,Ovary,Ovary,,Adult_>365d,Female
SAMEA6428025,Ovary,Ovary,,Adult_>365d,Female
SAMEA6428026,Ovary,Ovary,,Adult_>365d,Female
SAMEA6428027,Ovary,Ovary,,Adult_>365d,Female
SAMEA6428028,Ovary,Ovary,,Adult_>365d,Female
SAMEA6428029,Ovary,Ovary,,Adult_>365d,Female
SAMEA6638616,Uterus,Uterus,63.0,Pre_pubertal_60_149d,Female
SAMEA6638617,Uterus,Uterus,63.0,Pre_pubertal_60_149d,Female
SAMEA6638618,Uterus,Uterus,63.0,Pre_pubertal_60_149d,Female
SAMEA6638619,Uterus,Uterus,63.0,Pre_pubertal_60_149d,Female
SAMEA6638620,Uterus,Uterus,63.0,Pre_pubertal_60_149d,Female
SAMEA6638621,Uterus,Uterus,63.0,Pre_pubertal_60_149d,Female
SAMEA6798325,Blood,Blood,,Adult_>365d,Unknown
SAMEA6798326,Blood,Blood,,Adult_>365d,Unknown
SAMEA6798327,Blood,Blood,,Adult_>365d,Unknown
SAMEA6798328,Blood,Blood,,Adult_>365d,Unknown
SAMEA6798329,Blood,Blood,,Adult_>365d,Unknown
SAMEA6798330,Blood,Blood,,Adult_>365d,Unknown
SAMEA6798331,Blood,Blood,,Adult_>365d,Unknown
SAMEA6798332,Blood,Blood,,Adult_>365d,Unknown
SAMEA6798333,Blood,Blood,,Adult_>365d,Unknown
SAMEA6798334,Blood,Blood,,Adult_>365d,Unknown
SAMEA6798335,Blood,Blood,,Adult_>365d,Unknown
SAMEA6798336,Blood,Blood,,Adult_>365d,Unknown
SAMEA6798337,Blood,Blood,,Adult_>365d,Unknown
SAMEA6798338,Blood,Blood,,Adult_>365d,Unknown
SAMEA6798339,Blood,Blood,,Adult_>365d,Unknown
SAMEA6798340,Blood,Blood,,Adult_>365d,Unknown
SAMEA6798341,Blood,Blood,,Adult_>365d,Unknown
SAMEA6798342,Blood,Blood,,Adult_>365d,Unknown
SAMEA6798343,Blood,Blood,,Adult_>365d,Unknown
SAMEA6798344,Blood,Blood,,Adult_>365d,Unknown
SAMEA6798345,Blood,Blood,,Adult_>365d,Unknown
SAMEA6798346,Blood,Blood,,Adult_>365d,Unknown
SAMEA6798347,Blood,Blood,,Adult_>365d,Unknown
SAMEA6798348,Blood,Blood,,Adult_>365d,Unknown
SAMEA6798349,Blood,Blood,,Adult_>365d,Unknown
SAMEA6798350,Blood,Blood,,Adult_>365d,Unknown
SAMEA6798351,Blood,Blood,,Adult_>365d,Unknown
SAMEA6798352,Blood,Blood,,Adult_>365d,Unknown
SAMEA6798353,Blood,Blood,,Adult_>365d,Unknown
SAMEA6798354,Blood,Blood,,Adult_>365d,Unknown
SAMEA6798355,Blood,Blood,,Adult_>365d,Unknown
SAMEA6798356,Blood,Blood,,Adult_>365d,Unknown
SAMEA6798357,Blood,Blood,,Adult_>365d,Unknown
SAMEA6798358,Blood,Blood,,Adult_>365d,Unknown
SAMEA6798359,Blood,Blood,,Adult_>365d,Unknown
SAMEA6798360,Blood,Blood,,Adult_>365d,Unknown
SAMEA6798361,Blood,Blood,,Adult_>365d,Unknown
SAMEA6798362,Blood,Blood,,Adult_>365d,Unknown
SAMEA6798363,Blood,Blood,,Adult_>365d,Unknown
SAMEA6798364,Blood,Blood,,Adult_>365d,Unknown
SAMEA6798365,Blood,Blood,,Adult_>365d,Unknown
SAMEA6798366,Blood,Blood,,Adult_>365d,Unknown
SAMEA6798367,Blood,Blood,,Adult_>365d,Unknown
SAMEA6798368,Blood,Blood,,Adult_>365d,Unknown
SAMEA6798369,Blood,Blood,,Adult_>365d,Unknown
SAMEA6798370,Blood,Blood,,Adult_>365d,Unknown
SAMEA6798371,Blood,Blood,,Adult_>365d,Unknown
SAMEA6798372,Blood,Blood,,Adult_>365d,Unknown
SAMEA6809295,Lymph node,Lymph node,,Adult_>365d,Unknown
SAMEA6809296,Lymph node,Lymph node,,Adult_>365d,Unknown
SAMEA6809297,Lymph node,Lymph node,,Adult_>365d,Unknown
SAMEA6809298,Lymph node,Lymph node,,Adult_>365d,Unknown
SAMEA6809299,Lymph node,Lymph node,,Adult_>365d,Unknown
SAMEA6809300,Lymph node,Lymph node,,Adult_>365d,Unknown
SAMEA6809301,Lymph node,Lymph node,,Adult_>365d,Unknown
SAMEA6809302,Lymph node,Lymph node,,Adult_>365d,Unknown
SAMEA6809303,Lymph node,Lymph node,,Adult_>365d,Unknown
SAMEA6809304,Lymph node,Lymph node,,Adult_>365d,Unknown
SAMEA6809305,Lymph node,Lymph node,,Adult_>365d,Unknown
SAMEA6809306,Lymph node,Lymph node,,Adult_>365d,Unknown
SAMEA6809307,Lymph node,Lymph node,,Adult_>365d,Unknown
SAMEA6809308,Lymph node,Lymph node,,Adult_>365d,Unknown
SAMEA6809309,Lymph node,Lymph node,,Adult_>365d,Unknown
SAMEA6809310,Lymph node,Lymph node,,Adult_>365d,Unknown
SAMEA6809311,Lymph node,Lymph node,,Adult_>365d,Unknown
SAMEA6809312,Lymph node,Lymph node,,Adult_>365d,Unknown
SAMEA6809313,Lymph node,Lymph node,,Adult_>365d,Unknown
SAMEA6809314,Lymph node,Lymph node,,Adult_>365d,Unknown
SAMEA6809315,Lymph node,Lymph node,,Adult_>365d,Unknown
SAMEA6809316,Lymph node,Lymph node,,Adult_>365d,Unknown
SAMEA6809317,Lymph node,Lymph node,,Adult_>365d,Unknown
SAMEA6809318,Lymph node,Lymph node,,Adult_>365d,Unknown
SAMEA6809319,Lymph node,Lymph node,,Adult_>365d,Unknown
SAMEA6809320,Lymph node,Lymph node,,Adult_>365d,Unknown
SAMEA6809321,Lymph node,Lymph node,,Adult_>365d,Unknown
SAMEA6809322,Lymph node,Lymph node,,Adult_>365d,Unknown
SAMEA6809323,Lymph node,Lymph node,,Adult_>365d,Unknown
SAMEA6809324,Lymph node,Lymph node,,Adult_>365d,Unknown
SAMEA6809325,Lymph node,Lymph node,,Adult_>365d,Unknown
SAMEA6809326,Lymph node,Lymph node,,Adult_>365d,Unknown
SAMEA6809327,Lymph node,Lymph node,,Adult_>365d,Unknown
SAMEA6809328,Lymph node,Lymph node,,Adult_>365d,Unknown
SAMEA6809329,Lymph node,Lymph node,,Adult_>365d,Unknown
SAMEA6809330,Lymph node,Lymph node,,Adult_>365d,Unknown
SAMEA4454586,Large intestine,Colon,180.0,Post_pubertal_150_365d,Unknown
SAMEA4454587,Small intestine,Duodenum,180.0,Post_pubertal_150_365d,Unknown
SAMEA4454591,Small intestine,Duodenum,180.0,Post_pubertal_150_365d,Unknown
SAMEA4454595,Stomach,Stomach,180.0,Post_pubertal_150_365d,Unknown
SAMEA4454596,Small intestine,Ileum,180.0,Post_pubertal_150_365d,Unknown
SAMEA4454598,Small intestine,Jejunum,180.0,Post_pubertal_150_365d,Unknown
SAMEA4454599,Small intestine,Jejunum,180.0,Post_pubertal_150_365d,Unknown
SAMEA4454602,Unknown,Unknown,180.0,Post_pubertal_150_365d,Unknown
SAMEA4454607,Other,Other,180.0,Post_pubertal_150_365d,Unknown
SAMEA6712329,Large intestine,Colon,180.0,Post_pubertal_150_365d,Unknown
SAMEA6878153,Large intestine,Caecum,180.0,Post_pubertal_150_365d,Unknown
SAMEA6878156,Large intestine,Caecum,180.0,Post_pubertal_150_365d,Unknown
SAMEA6832284,Other,Other,,Adult_>365d,Unknown
SAMEA6832285,Other,Other,,Adult_>365d,Unknown
SAMEA6850438,Small intestine,Jejunum,480.0,Adult_>365d,Female
SAMEA6850439,Kidney,Kidney,480.0,Adult_>365d,Female
SAMEA6850440,Small intestine,Jejunum,480.0,Adult_>365d,Female
SAMEA6850441,Kidney,Kidney,480.0,Adult_>365d,Female
SAMEA6850442,Small intestine,Jejunum,480.0,Adult_>365d,Female
SAMEA6850443,Kidney,Kidney,480.0,Adult_>365d,Female
SAMEA6850444,Small intestine,Jejunum,480.0,Adult_>365d,Female
SAMEA6850445,Kidney,Kidney,480.0,Adult_>365d,Female
SAMEA6850446,Small intestine,Jejunum,480.0,Adult_>365d,Female
SAMEA6850447,Kidney,Kidney,480.0,Adult_>365d,Female
SAMEA6850448,Small intestine,Jejunum,480.0,Adult_>365d,Female
SAMEA6850449,Kidney,Kidney,480.0,Adult_>365d,Female
SAMEA6850450,Small intestine,Jejunum,480.0,Adult_>365d,Female
SAMEA6850451,Kidney,Kidney,480.0,Adult_>365d,Female
SAMEA6850452,Small intestine,Jejunum,480.0,Adult_>365d,Female
SAMEA6850453,Kidney,Kidney,480.0,Adult_>365d,Female
SAMEA6850454,Small intestine,Jejunum,480.0,Adult_>365d,Female
SAMEA6850455,Kidney,Kidney,480.0,Adult_>365d,Female
SAMEA6850456,Small intestine,Jejunum,480.0,Adult_>365d,Female
SAMEA6850457,Kidney,Kidney,480.0,Adult_>365d,Female
SAMEA6850458,Small intestine,Jejunum,480.0,Adult_>365d,Female
SAMEA6850459,Kidney,Kidney,480.0,Adult_>365d,Female
SAMEA6850460,Small intestine,Jejunum,480.0,Adult_>365d,Female
SAMEA6850461,Kidney,Kidney,480.0,Adult_>365d,Female
SAMEA6850462,Small intestine,Jejunum,480.0,Adult_>365d,Female
SAMEA6850463,Kidney,Kidney,480.0,Adult_>365d,Female
SAMEA6850464,Small intestine,Jejunum,480.0,Adult_>365d,Female
SAMEA6850465,Kidney,Kidney,480.0,Adult_>365d,Female
SAMEA7130231,Brain,Hypothalamus,,Adult_>365d,Unknown
SAMEA7130232,Brain,Hypothalamus,,Adult_>365d,Unknown
SAMEA7130233,Brain,Hypothalamus,,Adult_>365d,Unknown
SAMEA7130234,Brain,Hypothalamus,,Adult_>365d,Unknown
SAMEA7130235,Brain,Hypothalamus,,Adult_>365d,Unknown
SAMEA7130236,Brain,Hypothalamus,,Adult_>365d,Unknown
SAMEA7130237,Brain,Hypothalamus,,Adult_>365d,Unknown
SAMEA7130238,Brain,Hypothalamus,,Adult_>365d,Unknown
SAMEA7130239,Brain,Hypothalamus,,Adult_>365d,Unknown
SAMEA7130240,Ovary,Ovary,,Adult_>365d,Unknown
SAMEA7130241,Ovary,Ovary,,Adult_>365d,Unknown
SAMEA7130242,Ovary,Ovary,,Adult_>365d,Unknown
SAMEA7130243,Ovary,Ovary,,Adult_>365d,Unknown
SAMEA7130244,Ovary,Ovary,,Adult_>365d,Unknown
SAMEA7130245,Ovary,Ovary,,Adult_>365d,Unknown
SAMEA7130246,Ovary,Ovary,,Adult_>365d,Unknown
SAMEA7130247,Ovary,Ovary,,Adult_>365d,Unknown
SAMEA7130248,Ovary,Ovary,,Adult_>365d,Unknown
SAMEA7131531,Brain,Pituitary,,Adult_>365d,Unknown
SAMEA7131532,Brain,Pituitary,,Adult_>365d,Unknown
SAMEA7131533,Brain,Pituitary,,Adult_>365d,Unknown
SAMEA7131534,Brain,Pituitary,,Adult_>365d,Unknown
SAMEA7131535,Brain,Pituitary,,Adult_>365d,Unknown
SAMEA7131536,Brain,Pituitary,,Adult_>365d,Unknown
SAMEA7131537,Brain,Pituitary,,Adult_>365d,Unknown
SAMEA7131538,Brain,Pituitary,,Adult_>365d,Unknown
SAMEA7131539,Brain,Pituitary,,Adult_>365d,Unknown
SAMEA7226790,Lung,Lung,,Adult_>365d,Unknown
SAMEA7226791,Lung,Lung,,Adult_>365d,Unknown
SAMEA7226792,Lung,Lung,,Adult_>365d,Unknown
SAMEA7226793,Lung,Lung,,Adult_>365d,Unknown
SAMEA7629003,Liver,Liver,0.0,Infant_0_20d,Unknown
SAMEA7629004,Liver,Liver,0.0,Infant_0_20d,Unknown
SAMEA7629005,Liver,Liver,0.0,Infant_0_20d,Unknown
SAMEA7629006,Liver,Liver,0.0,Infant_0_20d,Unknown
SAMEA7629007,Small intestine,Small intestine,0.0,Infant_0_20d,Unknown
SAMEA7629008,Small intestine,Small intestine,0.0,Infant_0_20d,Unknown
SAMEA7629009,Small intestine,Small intestine,0.0,Infant_0_20d,Unknown
SAMEA7629010,Small intestine,Small intestine,0.0,Infant_0_20d,Unknown
SAMEA7629011,Lung,Lung,0.0,Infant_0_20d,Unknown
SAMEA7629012,Lung,Lung,0.0,Infant_0_20d,Unknown
SAMEA7629013,Lung,Lung,0.0,Infant_0_20d,Unknown
SAMEA7629014,Lung,Lung,0.0,Infant_0_20d,Unknown
SAMEA7629015,Embryo,Embryo,0.0,Infant_0_20d,Unknown
SAMEA7629016,Embryo,Embryo,0.0,Infant_0_20d,Unknown
SAMEA7629017,Embryo,Embryo,0.0,Infant_0_20d,Unknown
SAMEA7629018,Embryo,Embryo,0.0,Infant_0_20d,Unknown
SAMEA7629019,Kidney,Kidney,0.0,Infant_0_20d,Unknown
SAMEA7629020,Kidney,Kidney,0.0,Infant_0_20d,Unknown
SAMEA7629021,Kidney,Kidney,0.0,Infant_0_20d,Unknown
SAMEA7629022,Kidney,Kidney,0.0,Infant_0_20d,Unknown
SAMEA7629023,Brain,Brain,0.0,Infant_0_20d,Unknown
SAMEA7629024,Brain,Brain,0.0,Infant_0_20d,Unknown
SAMEA7629025,Brain,Brain,0.0,Infant_0_20d,Unknown
SAMEA7629026,Brain,Brain,0.0,Infant_0_20d,Unknown
SAMEA7629027,Skin,Skin,0.0,Infant_0_20d,Unknown
SAMEA7629028,Skin,Skin,0.0,Infant_0_20d,Unknown
SAMEA7629029,Skin,Skin,0.0,Infant_0_20d,Unknown
SAMEA7629030,Skin,Skin,0.0,Infant_0_20d,Unknown
SAMEA7629031,Liver,Liver,1.0,Infant_0_20d,Unknown
SAMEA7629032,Liver,Liver,1.0,Infant_0_20d,Unknown
SAMEA7629033,Liver,Liver,1.0,Infant_0_20d,Unknown
SAMEA7629034,Liver,Liver,1.0,Infant_0_20d,Unknown
SAMEA7629035,Small intestine,Ileum,1.0,Infant_0_20d,Unknown
SAMEA7629036,Small intestine,Ileum,1.0,Infant_0_20d,Unknown
SAMEA7629037,Small intestine,Ileum,1.0,Infant_0_20d,Unknown
SAMEA7629038,Small intestine,Ileum,1.0,Infant_0_20d,Unknown
SAMEA7629039,Lung,Lung,1.0,Infant_0_20d,Unknown
SAMEA7629040,Lung,Lung,1.0,Infant_0_20d,Unknown
SAMEA7629041,Lung,Lung,1.0,Infant_0_20d,Unknown
SAMEA7629042,Lung,Lung,1.0,Infant_0_20d,Unknown
SAMEA7629043,Muscle,Muscle,1.0,Infant_0_20d,Unknown
SAMEA7629044,Muscle,Muscle,1.0,Infant_0_20d,Unknown
SAMEA7629045,Muscle,Muscle,1.0,Infant_0_20d,Unknown
SAMEA7629046,Muscle,Muscle,1.0,Infant_0_20d,Unknown
SAMEA7629047,Kidney,Kidney,1.0,Infant_0_20d,Unknown
SAMEA7629048,Kidney,Kidney,1.0,Infant_0_20d,Unknown
SAMEA7629049,Kidney,Kidney,1.0,Infant_0_20d,Unknown
SAMEA7629050,Kidney,Kidney,1.0,Infant_0_20d,Unknown
SAMEA7629051,Brain,Brain,1.0,Infant_0_20d,Unknown
SAMEA7629052,Brain,Brain,1.0,Infant_0_20d,Unknown
SAMEA7629053,Brain,Brain,1.0,Infant_0_20d,Unknown
SAMEA7629054,Brain,Brain,1.0,Infant_0_20d,Unknown
SAMEA7629055,Skin,Skin,1.0,Infant_0_20d,Unknown
SAMEA7629056,Skin,Skin,1.0,Infant_0_20d,Unknown
SAMEA7629057,Skin,Skin,1.0,Infant_0_20d,Unknown
SAMEA7629058,Skin,Skin,1.0,Infant_0_20d,Unknown
SAMEA7629259,Liver,Liver,,Adult_>365d,Unknown
SAMEA7629260,Small intestine,Small intestine,,Adult_>365d,Unknown
SAMEA7629261,Lung,Lung,,Adult_>365d,Unknown
SAMEA7629262,Embryo,Embryo,,Adult_>365d,Unknown
SAMEA7629263,Kidney,Kidney,,Adult_>365d,Unknown
SAMEA7629264,Brain,Hind brain,,Adult_>365d,Unknown
SAMEA7629265,Skin,Skin,,Adult_>365d,Unknown
SAMEA7629266,Liver,Liver,,Adult_>365d,Unknown
SAMEA7629267,Small intestine,Small intestine,,Adult_>365d,Unknown
SAMEA7629268,Lung,Lung,,Adult_>365d,Unknown
SAMEA7629269,Embryo,Embryo,,Adult_>365d,Unknown
SAMEA7629270,Kidney,Kidney,,Adult_>365d,Unknown
SAMEA7629271,Brain,Hind brain,,Adult_>365d,Unknown
SAMEA7629272,Skin,Skin,,Adult_>365d,Unknown
SAMEA7629273,Liver,Liver,,Adult_>365d,Unknown
SAMEA7629274,Small intestine,Small intestine,,Adult_>365d,Unknown
SAMEA7629275,Lung,Lung,,Adult_>365d,Unknown
SAMEA7629276,Embryo,Embryo,,Adult_>365d,Unknown
SAMEA7629277,Kidney,Kidney,,Adult_>365d,Unknown
SAMEA7629278,Brain,Hind brain,,Adult_>365d,Unknown
SAMEA7629279,Skin,Skin,,Adult_>365d,Unknown
SAMEA7629280,Liver,Liver,,Adult_>365d,Unknown
SAMEA7629281,Small intestine,Small intestine,,Adult_>365d,Unknown
SAMEA7629282,Lung,Lung,,Adult_>365d,Unknown
SAMEA7629283,Embryo,Embryo,,Adult_>365d,Unknown
SAMEA7629284,Kidney,Kidney,,Adult_>365d,Unknown
SAMEA7629285,Brain,Hind brain,,Adult_>365d,Unknown
SAMEA7629286,Skin,Skin,,Adult_>365d,Unknown
SAMEA2337675,Unknown,Unknown,,Adult_>365d,Unknown
SAMEA2337676,Blood,Blood,,Adult_>365d,Unknown
SAMEA2337677,Blood,Blood,,Adult_>365d,Unknown
SAMEA2337678,Blood,Blood,,Adult_>365d,Unknown
SAMEA2337679,Unknown,Unknown,,Adult_>365d,Unknown
SAMEA2337680,Blood,Blood,,Adult_>365d,Unknown
SAMEA2337681,Blood,Blood,,Adult_>365d,Unknown
SAMEA2337682,Blood,Blood,,Adult_>365d,Unknown
SAMEA2337683,Blood,Blood,,Adult_>365d,Unknown
SAMEA2337684,Unknown,Unknown,,Adult_>365d,Unknown
SAMEA2337685,Unknown,Unknown,,Adult_>365d,Unknown
SAMEA2337686,Blood,Blood,,Adult_>365d,Unknown
SAMEA2337687,Unknown,Unknown,,Adult_>365d,Unknown
SAMEA2337688,Unknown,Unknown,,Adult_>365d,Unknown
SAMEA2337689,Unknown,Unknown,,Adult_>365d,Unknown
SAMEA2337690,Unknown,Unknown,,Adult_>365d,Unknown
SAMEA2337691,Blood,Blood,,Adult_>365d,Unknown
SAMEA2337692,Unknown,Unknown,,Adult_>365d,Unknown
SAMEA2337693,Blood,Blood,,Adult_>365d,Unknown
SAMEA2337694,Unknown,Unknown,,Adult_>365d,Unknown
SAMEA2337695,Unknown,Unknown,,Adult_>365d,Unknown
SAMEA2337696,Blood,Blood,,Adult_>365d,Unknown
SAMEA2337697,Blood,Blood,,Adult_>365d,Unknown
SAMEA2337698,Blood,Blood,,Adult_>365d,Unknown
SAMEA2337699,Blood,Blood,,Adult_>365d,Unknown
SAMEA2337700,Blood,Blood,,Adult_>365d,Unknown
SAMEA2337701,Blood,Blood,,Adult_>365d,Unknown
SAMEA2337702,Blood,Blood,,Adult_>365d,Unknown
SAMEA2337703,Blood,Blood,,Adult_>365d,Unknown
SAMEA2337704,Blood,Blood,,Adult_>365d,Unknown
SAMEA2337705,Blood,Blood,,Adult_>365d,Unknown
SAMEA2337706,Blood,Blood,,Adult_>365d,Unknown
SAMEA2733017,Other,Other,,Adult_>365d,Unknown
SAMEA2733018,iPS,iPS,,Adult_>365d,Unknown
SAMEA2733019,iPS,iPS,,Adult_>365d,Unknown
SAMEA2659145,Brain,Brain,,Adult_>365d,Unknown
SAMEA2659146,Brain,Brain,,Adult_>365d,Unknown
SAMEA2659147,Brain,Brain,,Adult_>365d,Unknown
SAMEA2659148,Brain,Brain,,Adult_>365d,Unknown
SAMEA2659149,Brain,Brain,,Adult_>365d,Unknown
SAMEA2659150,Brain,Brain,,Adult_>365d,Unknown
SAMEA2659151,Brain,Brain,,Adult_>365d,Unknown
SAMEA2659152,Brain,Brain,,Adult_>365d,Unknown
SAMEA2659153,Brain,Brain,,Adult_>365d,Unknown
SAMEA2781067,Muscle,Muscle,,Adult_>365d,Male
SAMEA2781068,Muscle,Muscle,,Adult_>365d,Male
SAMEA2781069,Muscle,Muscle,,Adult_>365d,Male
SAMEA2781070,Muscle,Muscle,,Adult_>365d,Male
SAMEA2781071,Muscle,Muscle,,Adult_>365d,Male
SAMEA2781072,Muscle,Muscle,,Adult_>365d,Male
SAMEA3179989,Synovial membrane,Synovial membrane,,Adult_>365d,Unknown
SAMEA3179990,Synovial membrane,Synovial membrane,,Adult_>365d,Unknown
SAMEA3179991,Synovial membrane,Synovial membrane,,Adult_>365d,Unknown
SAMEA3179992,Synovial membrane,Synovial membrane,,Adult_>365d,Unknown
SAMEA3179993,Synovial membrane,Synovial membrane,,Adult_>365d,Unknown
SAMEA3179994,Synovial membrane,Synovial membrane,,Adult_>365d,Unknown
SAMEA3179995,Synovial membrane,Synovial membrane,,Adult_>365d,Unknown
SAMEA3179996,Synovial membrane,Synovial membrane,,Adult_>365d,Unknown
SAMEA3179997,Synovial membrane,Synovial membrane,,Adult_>365d,Unknown
SAMEA3179998,Synovial membrane,Synovial membrane,,Adult_>365d,Unknown
SAMEA3179999,Synovial membrane,Synovial membrane,,Adult_>365d,Unknown
SAMEA3180000,Synovial membrane,Synovial membrane,,Adult_>365d,Unknown
SAMEA3180001,Synovial membrane,Synovial membrane,,Adult_>365d,Unknown
SAMEA3180002,Synovial membrane,Synovial membrane,,Adult_>365d,Unknown
SAMEA3180003,Synovial membrane,Synovial membrane,,Adult_>365d,Unknown
SAMEA3180004,Synovial membrane,Synovial membrane,,Adult_>365d,Unknown
SAMEA3180005,Synovial membrane,Synovial membrane,,Adult_>365d,Unknown
SAMEA3180006,Synovial membrane,Synovial membrane,,Adult_>365d,Unknown
SAMEA3180007,Synovial membrane,Synovial membrane,,Adult_>365d,Unknown
SAMEA3180008,Synovial membrane,Synovial membrane,,Adult_>365d,Unknown
SAMEA3180009,Synovial membrane,Synovial membrane,,Adult_>365d,Unknown
SAMEA3180010,Synovial membrane,Synovial membrane,,Adult_>365d,Unknown
SAMEA3180011,Synovial membrane,Synovial membrane,,Adult_>365d,Unknown
SAMEA3180012,Synovial membrane,Synovial membrane,,Adult_>365d,Unknown
SAMEA3180013,Synovial membrane,Synovial membrane,,Adult_>365d,Unknown
SAMEA3180014,Synovial membrane,Synovial membrane,,Adult_>365d,Unknown
SAMEA3180015,Synovial membrane,Synovial membrane,,Adult_>365d,Unknown
SAMEA3180016,Synovial membrane,Synovial membrane,,Adult_>365d,Unknown
SAMEA3180017,Synovial membrane,Synovial membrane,,Adult_>365d,Unknown
SAMEA3180018,Synovial membrane,Synovial membrane,,Adult_>365d,Unknown
SAMEA3180019,Synovial membrane,Synovial membrane,,Adult_>365d,Unknown
SAMEA3180020,Synovial membrane,Synovial membrane,,Adult_>365d,Unknown
SAMEA3180021,Synovial membrane,Synovial membrane,,Adult_>365d,Unknown
SAMEA3180022,Synovial membrane,Synovial membrane,,Adult_>365d,Unknown
SAMEA3180023,Synovial membrane,Synovial membrane,,Adult_>365d,Unknown
SAMEA3180024,Synovial membrane,Synovial membrane,,Adult_>365d,Unknown
SAMEA4039832,Liver,Liver,,Adult_>365d,Unknown
SAMEA4039833,Other,Other,,Adult_>365d,Unknown
SAMEA4039834,Liver,Liver,,Adult_>365d,Unknown
SAMEA4039835,Other,Other,,Adult_>365d,Unknown
SAMEA4039836,Liver,Liver,,Adult_>365d,Unknown
SAMEA4039837,Other,Other,,Adult_>365d,Unknown
SAMEA4063093,Fibroblast,Fibroblast,,Adult_>365d,Unknown
SAMEA4063094,Fibroblast,Fibroblast,,Adult_>365d,Unknown
SAMEA4063095,Fibroblast,Fibroblast,,Adult_>365d,Unknown
SAMEA4063096,Fibroblast,Fibroblast,,Adult_>365d,Unknown
SAMEA4063097,Fibroblast,Fibroblast,,Adult_>365d,Unknown
SAMEA4063098,Fibroblast,Fibroblast,,Adult_>365d,Unknown
SAMEA4063099,Fibroblast,Fibroblast,,Adult_>365d,Unknown
SAMEA4063100,Fibroblast,Fibroblast,,Adult_>365d,Unknown
SAMEA4063101,Fibroblast,Fibroblast,,Adult_>365d,Unknown
SAMEA4063102,Fibroblast,Fibroblast,,Adult_>365d,Unknown
SAMEA4063103,Fibroblast,Fibroblast,,Adult_>365d,Unknown
SAMEA4063104,Fibroblast,Fibroblast,,Adult_>365d,Unknown
SAMEA4063105,Fibroblast,Fibroblast,,Adult_>365d,Unknown
SAMEA3293593,Muscle,Muscle,42.0,Early childhood_21_59d,Unknown
SAMEA3293594,Muscle,Muscle,42.0,Early childhood_21_59d,Unknown
SAMEA3293595,Muscle,Muscle,42.0,Early childhood_21_59d,Unknown
SAMEA3293596,Muscle,Muscle,42.0,Early childhood_21_59d,Unknown
SAMEA3293597,Muscle,Muscle,42.0,Early childhood_21_59d,Unknown
SAMEA3293598,Muscle,Muscle,42.0,Early childhood_21_59d,Unknown
SAMEA3293599,Muscle,Muscle,42.0,Early childhood_21_59d,Unknown
SAMEA3303525,Adipose,Adipose,90.0,Pre_pubertal_60_149d,Unknown
SAMEA3303526,Heart,Heart,90.0,Pre_pubertal_60_149d,Unknown
SAMEA3303527,Kidney,Kidney,90.0,Pre_pubertal_60_149d,Unknown
SAMEA3303528,Liver,Liver,90.0,Pre_pubertal_60_149d,Unknown
SAMEA3303529,Lung,Lung,90.0,Pre_pubertal_60_149d,Unknown
SAMEA3303530,Other,Other,90.0,Pre_pubertal_60_149d,Unknown
SAMEA3303531,Muscle,Muscle,90.0,Pre_pubertal_60_149d,Unknown
SAMEA3303532,Spleen,Spleen,90.0,Pre_pubertal_60_149d,Unknown
SAMEA3492637,Liver,Liver,,Adult_>365d,Unknown
SAMEA3492638,Spleen,Spleen,,Adult_>365d,Unknown
SAMEA3492639,Muscle,Muscle,,Adult_>365d,Unknown
SAMEA3466663,Heart,Heart,180.0,Post_pubertal_150_365d,Male
SAMEA3466664,Heart,Heart,180.0,Post_pubertal_150_365d,Male
SAMEA3466665,Heart,Heart,180.0,Post_pubertal_150_365d,Male
SAMEA3466666,Heart,Heart,180.0,Post_pubertal_150_365d,Male
SAMEA3466667,Heart,Heart,180.0,Post_pubertal_150_365d,Male
SAMEA3466668,Heart,Heart,180.0,Post_pubertal_150_365d,Male
SAMEA3466669,Heart,Heart,180.0,Post_pubertal_150_365d,Male
SAMEA3466670,Heart,Heart,180.0,Post_pubertal_150_365d,Male
SAMEA3483844,Artery,Artery,180.0,Post_pubertal_150_365d,Male
SAMEA3483845,Artery,Artery,180.0,Post_pubertal_150_365d,Male
SAMEA3483846,Artery,Artery,180.0,Post_pubertal_150_365d,Male
SAMEA3483847,Artery,Artery,180.0,Post_pubertal_150_365d,Male
SAMEA3483848,Artery,Artery,180.0,Post_pubertal_150_365d,Male
SAMEA3483849,Artery,Artery,180.0,Post_pubertal_150_365d,Male
SAMEA3483850,Artery,Artery,180.0,Post_pubertal_150_365d,Male
SAMEA3483851,Artery,Artery,180.0,Post_pubertal_150_365d,Male
SAMEA3483852,Artery,Artery,180.0,Post_pubertal_150_365d,Male
SAMEA3483853,Artery,Artery,180.0,Post_pubertal_150_365d,Male
SAMEA3483854,Artery,Artery,180.0,Post_pubertal_150_365d,Male
SAMEA3483855,Artery,Artery,180.0,Post_pubertal_150_365d,Male
SAMEA3483856,Artery,Artery,180.0,Post_pubertal_150_365d,Male
SAMEA3483857,Artery,Artery,180.0,Post_pubertal_150_365d,Male
SAMEA3483858,Artery,Artery,180.0,Post_pubertal_150_365d,Male
SAMEA3483859,Artery,Artery,180.0,Post_pubertal_150_365d,Male
SAMEA3483860,Artery,Artery,180.0,Post_pubertal_150_365d,Male
SAMEA3483861,Artery,Artery,180.0,Post_pubertal_150_365d,Male
SAMEA3483862,Artery,Artery,180.0,Post_pubertal_150_365d,Male
SAMEA3483863,Artery,Artery,180.0,Post_pubertal_150_365d,Male
SAMN00008935,Unknown,Unknown,0.0,Infant_0_20d,Unknown
SAMN00008936,Unknown,Unknown,0.0,Infant_0_20d,Unknown
SAMN00008937,Unknown,Unknown,0.0,Infant_0_20d,Unknown
SAMN00008938,Unknown,Unknown,0.0,Infant_0_20d,Unknown
SAMN00008939,Unknown,Unknown,0.0,Infant_0_20d,Unknown
SAMN00008940,Unknown,Unknown,0.0,Infant_0_20d,Unknown
SAMN00008941,Unknown,Unknown,1.0,Infant_0_20d,Unknown
SAMN00008942,Unknown,Unknown,30.0,Early childhood_21_59d,Unknown
SAMN00008943,Unknown,Unknown,120.0,Pre_pubertal_60_149d,Unknown
SAMN00008944,Unknown,Unknown,180.0,Post_pubertal_150_365d,Unknown
SAMN00010819,Unknown,Unknown,,Adult_>365d,Unknown
SAMN00010820,Unknown,Unknown,,Adult_>365d,Unknown
SAMN00010821,Unknown,Unknown,,Adult_>365d,Unknown
SAMN00010855,Unknown,Unknown,,Adult_>365d,Unknown
SAMN00010856,Unknown,Unknown,,Adult_>365d,Unknown
SAMN00113716,Unknown,Unknown,210.0,Post_pubertal_150_365d,Female
SAMN00113717,Unknown,Unknown,210.0,Post_pubertal_150_365d,Male
SAMN00253849,Testis,Testis,30.0,Early childhood_21_59d,Male
SAMN00253850,Testis,Testis,30.0,Early childhood_21_59d,Male
SAMN00632017,Unknown,Unknown,210.0,Post_pubertal_150_365d,Female
SAMN00632018,Unknown,Unknown,210.0,Post_pubertal_150_365d,Female
SAMN00632019,Unknown,Unknown,210.0,Post_pubertal_150_365d,Female
SAMN00632020,Unknown,Unknown,210.0,Post_pubertal_150_365d,Female
SAMN00632021,Unknown,Unknown,210.0,Post_pubertal_150_365d,Female
SAMN00632022,Unknown,Unknown,210.0,Post_pubertal_150_365d,Female
SAMN00632023,Unknown,Unknown,210.0,Post_pubertal_150_365d,Female
SAMN00632024,Unknown,Unknown,210.0,Post_pubertal_150_365d,Female
SAMN00632025,Unknown,Unknown,210.0,Post_pubertal_150_365d,Female
SAMN00632026,Unknown,Unknown,210.0,Post_pubertal_150_365d,Female
SAMN00632027,Unknown,Unknown,210.0,Post_pubertal_150_365d,Female
SAMN00723066,Unknown,Unknown,,Adult_>365d,Unknown
SAMN00723067,Unknown,Unknown,,Adult_>365d,Unknown
SAMN00723068,Unknown,Unknown,,Adult_>365d,Unknown
SAMN00723069,Unknown,Unknown,,Adult_>365d,Unknown
SAMN00723070,Unknown,Unknown,,Adult_>365d,Unknown
SAMN00723071,Unknown,Unknown,,Adult_>365d,Unknown
SAMN00768986,Unknown,Unknown,,Adult_>365d,Unknown
SAMN00768987,Unknown,Unknown,,Adult_>365d,Unknown
SAMN00768988,Unknown,Unknown,,Adult_>365d,Unknown
SAMN00768989,Unknown,Unknown,,Adult_>365d,Unknown
SAMN00792918,iPS,iPS,,Adult_>365d,Unknown
SAMN00828961,Unknown,Unknown,0.0,Infant_0_20d,Female
SAMN00828962,Unknown,Unknown,0.0,Infant_0_20d,Female
SAMN00828963,Unknown,Unknown,0.0,Infant_0_20d,Female
SAMN00828964,Unknown,Unknown,3.0,Infant_0_20d,Female
SAMN00828965,Unknown,Unknown,7.0,Infant_0_20d,Female
SAMN00828966,Unknown,Unknown,14.0,Infant_0_20d,Female
SAMN00828967,Unknown,Unknown,21.0,Early childhood_21_59d,Female
SAMN00828968,Unknown,Unknown,28.0,Early childhood_21_59d,Female
SAMN01036903,Liver,Liver,,Adult_>365d,Unknown
SAMN01036904,Liver,Liver,,Adult_>365d,Unknown
SAMN01036905,Liver,Liver,,Adult_>365d,Unknown
SAMN01036906,Liver,Liver,,Adult_>365d,Unknown
SAMN01036907,Liver,Liver,,Adult_>365d,Unknown
SAMN01036908,Liver,Liver,,Adult_>365d,Unknown
SAMN01036909,Liver,Liver,,Adult_>365d,Unknown
SAMN01036910,Liver,Liver,,Adult_>365d,Unknown
SAMN01036911,Liver,Liver,,Adult_>365d,Unknown
SAMN01036912,Liver,Liver,,Adult_>365d,Unknown
SAMN01120728,Testis,Testis,,Adult_>365d,Unknown
SAMN01120729,Placenta,Placenta,,Adult_>365d,Unknown
SAMN01120730,Unknown,Unknown,,Adult_>365d,Unknown
SAMN01120960,Unknown,Unknown,,Adult_>365d,Unknown
SAMN01121009,Blood,Macrophage,,Adult_>365d,Unknown
SAMN01121012,Unknown,Unknown,,Adult_>365d,Unknown
SAMN01766975,Liver,Liver,,Adult_>365d,Unknown
SAMN01831898,Liver,Liver,,Adult_>365d,Unknown
SAMN01831899,Liver,Liver,,Adult_>365d,Unknown
SAMN01831945,Kidney,Kidney,,Adult_>365d,Unknown
SAMN01831946,Kidney,Kidney,,Adult_>365d,Unknown
SAMN01831990,Brain,Brain,,Adult_>365d,Unknown
SAMN01831991,Brain,Brain,,Adult_>365d,Unknown
SAMN01893934,Uterus,Uterus,,Adult_>365d,Female
SAMN01893935,Uterus,Uterus,,Adult_>365d,Female
SAMN01893936,Uterus,Uterus,,Adult_>365d,Female
SAMN01893937,Uterus,Uterus,,Adult_>365d,Female
SAMN01893938,Uterus,Uterus,,Adult_>365d,Female
SAMN01893939,Uterus,Uterus,,Adult_>365d,Female
SAMN01893940,Uterus,Uterus,,Adult_>365d,Female
SAMN01893941,Uterus,Uterus,,Adult_>365d,Female
SAMN01907293,Heart,Heart,,Adult_>365d,Unknown
SAMN01907294,Liver,Liver,,Adult_>365d,Unknown
SAMN01907295,Lung,Lung,,Adult_>365d,Unknown
SAMN01907296,Kidney,Kidney,,Adult_>365d,Unknown
SAMN01915391,Testis,Testis,116.0,Pre_pubertal_60_149d,Unknown
SAMN01915392,Testis,Testis,116.0,Pre_pubertal_60_149d,Unknown
SAMN01915393,Testis,Testis,116.0,Pre_pubertal_60_149d,Unknown
SAMN01915394,Testis,Testis,116.0,Pre_pubertal_60_149d,Unknown
SAMN01915395,Testis,Testis,116.0,Pre_pubertal_60_149d,Unknown
SAMN01915396,Testis,Testis,116.0,Pre_pubertal_60_149d,Unknown
SAMN01915397,Testis,Testis,116.0,Pre_pubertal_60_149d,Unknown
SAMN01915398,Testis,Testis,116.0,Pre_pubertal_60_149d,Unknown
SAMN01915399,Testis,Testis,116.0,Pre_pubertal_60_149d,Unknown
SAMN01915400,Testis,Testis,116.0,Pre_pubertal_60_149d,Unknown
SAMN01915401,Liver,Liver,116.0,Pre_pubertal_60_149d,Unknown
SAMN01915402,Liver,Liver,116.0,Pre_pubertal_60_149d,Unknown
SAMN01915403,Liver,Liver,116.0,Pre_pubertal_60_149d,Unknown
SAMN01915404,Liver,Liver,116.0,Pre_pubertal_60_149d,Unknown
SAMN01915405,Liver,Liver,116.0,Pre_pubertal_60_149d,Unknown
SAMN01915406,Liver,Liver,116.0,Pre_pubertal_60_149d,Unknown
SAMN01915407,Liver,Liver,116.0,Pre_pubertal_60_149d,Unknown
SAMN01915408,Liver,Liver,116.0,Pre_pubertal_60_149d,Unknown
SAMN01915409,Liver,Liver,116.0,Pre_pubertal_60_149d,Unknown
SAMN01915410,Liver,Liver,116.0,Pre_pubertal_60_149d,Unknown
SAMN01923455,Blood,Blood,,Adult_>365d,Unknown
SAMN01923456,Blood,Blood,,Adult_>365d,Unknown
SAMN01923457,Blood,Blood,,Adult_>365d,Unknown
SAMN01923629,Unknown,Unknown,,Adult_>365d,Unknown
SAMN01924543,Adipose,Adipose,210.0,Post_pubertal_150_365d,Female
SAMN01924544,Adipose,Adipose,210.0,Post_pubertal_150_365d,Female
SAMN01924545,Adipose,Adipose,210.0,Post_pubertal_150_365d,Female
SAMN01978929,Adipose,Adipose,,Adult_>365d,Unknown
SAMN01978930,Liver,Liver,,Adult_>365d,Unknown
SAMN01978931,Muscle,Muscle,,Adult_>365d,Unknown
SAMN01978932,Adipose,Adipose,,Adult_>365d,Unknown
SAMN01978933,Liver,Liver,,Adult_>365d,Unknown
SAMN01978934,Muscle,Muscle,,Adult_>365d,Unknown
SAMN02141546,Unknown,Unknown,1.0,Infant_0_20d,Unknown
SAMN02141547,Unknown,Unknown,1.0,Infant_0_20d,Unknown
SAMN02141548,Unknown,Unknown,1.0,Infant_0_20d,Unknown
SAMN02141549,Unknown,Unknown,30.0,Early childhood_21_59d,Unknown
SAMN02141550,Unknown,Unknown,30.0,Early childhood_21_59d,Unknown
SAMN02141551,Unknown,Unknown,30.0,Early childhood_21_59d,Unknown
SAMN02141552,Unknown,Unknown,180.0,Post_pubertal_150_365d,Unknown
SAMN02141553,Unknown,Unknown,180.0,Post_pubertal_150_365d,Unknown
SAMN02141554,Unknown,Unknown,180.0,Post_pubertal_150_365d,Unknown
SAMN02141555,Unknown,Unknown,2555.0,Adult_>365d,Unknown
SAMN02141556,Unknown,Unknown,2555.0,Adult_>365d,Unknown
SAMN02141557,Unknown,Unknown,2555.0,Adult_>365d,Unknown
SAMN02192766,Unknown,Unknown,240.0,Post_pubertal_150_365d,Unknown
SAMN02192767,Unknown,Unknown,240.0,Post_pubertal_150_365d,Unknown
SAMN02225659,Adipose,Adipose,3.0,Infant_0_20d,Unknown
SAMN02225709,Adipose,Adipose,3.0,Infant_0_20d,Unknown
SAMN02225712,Adipose,Adipose,3.0,Infant_0_20d,Unknown
SAMN02225713,Muscle,Muscle,3.0,Infant_0_20d,Unknown
SAMN02225714,Muscle,Muscle,3.0,Infant_0_20d,Unknown
SAMN02225715,Muscle,Muscle,3.0,Infant_0_20d,Unknown
SAMN02230669,Unknown,Unknown,,Adult_>365d,Male
SAMN02230670,Unknown,Unknown,,Adult_>365d,Male
SAMN02230671,Unknown,Unknown,,Adult_>365d,Male
SAMN02230672,Unknown,Unknown,,Adult_>365d,Male
SAMN02251018,Uterus,Uterus,,Adult_>365d,Female
SAMN02251019,Uterus,Uterus,,Adult_>365d,Female
SAMN02251020,Uterus,Uterus,,Adult_>365d,Female
SAMN02251021,Uterus,Uterus,,Adult_>365d,Female
SAMN02251022,Uterus,Uterus,,Adult_>365d,Female
SAMN02251023,Uterus,Uterus,,Adult_>365d,Female
SAMN02251024,Uterus,Uterus,,Adult_>365d,Female
SAMN02251025,Uterus,Uterus,,Adult_>365d,Female
SAMN02265249,Unknown,Unknown,,Adult_>365d,Unknown
SAMN02265250,Unknown,Unknown,,Adult_>365d,Unknown
SAMN02265251,Unknown,Unknown,,Adult_>365d,Unknown
SAMN02340017,Unknown,Unknown,,Adult_>365d,Unknown
SAMN02340018,Unknown,Unknown,,Adult_>365d,Unknown
SAMN02340019,Unknown,Unknown,,Adult_>365d,Unknown
SAMN02340020,Unknown,Unknown,,Adult_>365d,Unknown
SAMN02340021,Unknown,Unknown,,Adult_>365d,Unknown
SAMN02340022,Unknown,Unknown,,Adult_>365d,Unknown
SAMN02358573,Other,Other,21.0,Early childhood_21_59d,Unknown
SAMN02364660,Small intestine,Duodenum,,Adult_>365d,Unknown
SAMN02364661,Small intestine,Duodenum,,Adult_>365d,Unknown
SAMN02364662,Small intestine,Duodenum,,Adult_>365d,Unknown
SAMN02364663,Small intestine,Duodenum,,Adult_>365d,Unknown
SAMN02364664,Small intestine,Jejunum,,Adult_>365d,Unknown
SAMN02364665,Small intestine,Jejunum,,Adult_>365d,Unknown
SAMN02364666,Small intestine,Jejunum,,Adult_>365d,Unknown
SAMN02364667,Small intestine,Jejunum,,Adult_>365d,Unknown
SAMN02364668,Small intestine,Ileum,,Adult_>365d,Unknown
SAMN02364669,Small intestine,Ileum,,Adult_>365d,Unknown
SAMN02364670,Small intestine,Ileum,,Adult_>365d,Unknown
SAMN02364671,Small intestine,Ileum,,Adult_>365d,Unknown
SAMN02364672,Other,Other,,Adult_>365d,Unknown
SAMN02364673,Other,Other,,Adult_>365d,Unknown
SAMN02364674,Other,Other,,Adult_>365d,Unknown
SAMN02364675,Other,Other,,Adult_>365d,Unknown
SAMN02369917,Muscle,Muscle,1.0,Infant_0_20d,Unknown
SAMN02369925,Muscle,Muscle,1.0,Infant_0_20d,Unknown
SAMN02378866,Adipose,Adipose,,Adult_>365d,Unknown
SAMN02378867,Adipose,Adipose,,Adult_>365d,Unknown
SAMN02378868,Adipose,Adipose,,Adult_>365d,Unknown
SAMN02378869,Unknown,Unknown,,Adult_>365d,Unknown
SAMN02378870,Adipose,Adipose,,Adult_>365d,Unknown
SAMN02378903,Adipose,Adipose,,Adult_>365d,Unknown
SAMN02389758,Brain,Hypothalamus,,Adult_>365d,Unknown
SAMN02389759,Brain,Hypothalamus,,Adult_>365d,Unknown
SAMN02389760,Brain,Hypothalamus,,Adult_>365d,Unknown
SAMN02389761,Brain,Hypothalamus,,Adult_>365d,Unknown
SAMN02389762,Brain,Hypothalamus,,Adult_>365d,Unknown
SAMN02389763,Brain,Hypothalamus,,Adult_>365d,Unknown
SAMN02389764,Brain,Hypothalamus,,Adult_>365d,Unknown
SAMN02389765,Brain,Hypothalamus,,Adult_>365d,Unknown
SAMN02389766,Brain,Hypothalamus,,Adult_>365d,Unknown
SAMN02389767,Brain,Hypothalamus,,Adult_>365d,Unknown
SAMN02440184,Blood,Macrophage,35.0,Early childhood_21_59d,Unknown
SAMN02440185,Blood,Macrophage,35.0,Early childhood_21_59d,Unknown
SAMN02440186,Blood,Macrophage,35.0,Early childhood_21_59d,Unknown
SAMN02440187,Blood,Macrophage,35.0,Early childhood_21_59d,Unknown
SAMN02440188,Blood,Macrophage,35.0,Early childhood_21_59d,Unknown
SAMN02440189,Blood,Macrophage,35.0,Early childhood_21_59d,Unknown
SAMN02460688,Embryo,Embryo,0.0,Infant_0_20d,Male
SAMN02460690,Embryo,Embryo,0.0,Infant_0_20d,Male
SAMN02460691,Other,Other,0.0,Infant_0_20d,Male
SAMN02460694,Embryo,Embryo,0.0,Infant_0_20d,Male
SAMN02460696,Embryo,Embryo,0.0,Infant_0_20d,Male
SAMN02460698,Other,Other,0.0,Infant_0_20d,Male
SAMN02460699,Other,Other,0.0,Infant_0_20d,Male
SAMN02460700,Embryo,Embryo,0.0,Infant_0_20d,Male
SAMN02460704,Embryo,Embryo,0.0,Infant_0_20d,Male
SAMN02570534,Adipose,Adipose,218.0,Post_pubertal_150_365d,Female
SAMN02570535,Adipose,Adipose,218.0,Post_pubertal_150_365d,Female
SAMN02570536,Adipose,Adipose,216.0,Post_pubertal_150_365d,Female
SAMN02570537,Adipose,Adipose,216.0,Post_pubertal_150_365d,Female
SAMN02570538,Adipose,Adipose,211.0,Post_pubertal_150_365d,Female
SAMN02570539,Adipose,Adipose,218.0,Post_pubertal_150_365d,Female
SAMN02570541,Liver,Liver,218.0,Post_pubertal_150_365d,Female
SAMN02570542,Liver,Liver,218.0,Post_pubertal_150_365d,Female
SAMN02570543,Liver,Liver,216.0,Post_pubertal_150_365d,Female
SAMN02570544,Liver,Liver,216.0,Post_pubertal_150_365d,Female
SAMN02584787,Liver,Liver,,Adult_>365d,Unknown
SAMN02584789,Brain,Brain,,Adult_>365d,Unknown
SAMN02640035,Unknown,Unknown,,Adult_>365d,Female
SAMN02640036,Unknown,Unknown,,Adult_>365d,Female
SAMN02640037,Unknown,Unknown,,Adult_>365d,Female
SAMN02640038,Unknown,Unknown,,Adult_>365d,Female
SAMN02640039,Unknown,Unknown,,Adult_>365d,Female
SAMN02640040,Unknown,Unknown,,Adult_>365d,Female
SAMN02650279,Embryo,Embryo,300.0,Post_pubertal_150_365d,Female
SAMN02650280,Embryo,Embryo,300.0,Post_pubertal_150_365d,Female
SAMN02650281,Embryo,Embryo,300.0,Post_pubertal_150_365d,Female
SAMN02650282,Embryo,Embryo,300.0,Post_pubertal_150_365d,Female
SAMN02650283,Embryo,Embryo,300.0,Post_pubertal_150_365d,Female
SAMN02650284,Embryo,Embryo,300.0,Post_pubertal_150_365d,Female
SAMN02650285,Embryo,Embryo,300.0,Post_pubertal_150_365d,Female
SAMN02650286,Embryo,Embryo,300.0,Post_pubertal_150_365d,Female
SAMN02672955,Muscle,Muscle,180.0,Post_pubertal_150_365d,Female
SAMN02673051,Muscle,Muscle,180.0,Post_pubertal_150_365d,Female
SAMN02673052,Unknown,Unknown,180.0,Post_pubertal_150_365d,Female
SAMN02673053,Muscle,Muscle,180.0,Post_pubertal_150_365d,Female
SAMN02673054,Muscle,Muscle,180.0,Post_pubertal_150_365d,Female
SAMN02673055,Muscle,Muscle,180.0,Post_pubertal_150_365d,Female
SAMN02673056,Unknown,Unknown,180.0,Post_pubertal_150_365d,Female
SAMN02673057,Muscle,Muscle,180.0,Post_pubertal_150_365d,Female
SAMN02673058,Muscle,Muscle,180.0,Post_pubertal_150_365d,Female
SAMN02673059,Muscle,Muscle,180.0,Post_pubertal_150_365d,Female
SAMN02673062,Muscle,Muscle,180.0,Post_pubertal_150_365d,Female
SAMN02673063,Muscle,Muscle,180.0,Post_pubertal_150_365d,Female
SAMN02676459,Liver,Liver,,Adult_>365d,Unknown
SAMN02676460,Liver,Liver,,Adult_>365d,Unknown
SAMN02676461,Liver,Liver,,Adult_>365d,Unknown
SAMN02676462,Liver,Liver,,Adult_>365d,Unknown
SAMN02676463,Liver,Liver,,Adult_>365d,Unknown
SAMN02676464,Liver,Liver,,Adult_>365d,Unknown
SAMN02676465,Liver,Liver,,Adult_>365d,Unknown
SAMN02676466,Liver,Liver,,Adult_>365d,Unknown
SAMN02676467,Liver,Liver,,Adult_>365d,Unknown
SAMN02676468,Liver,Liver,,Adult_>365d,Unknown
SAMN02676469,Liver,Liver,,Adult_>365d,Unknown
SAMN02676470,Liver,Liver,,Adult_>365d,Unknown
SAMN02676471,Liver,Liver,,Adult_>365d,Unknown
SAMN02676472,Liver,Liver,,Adult_>365d,Unknown
SAMN02676473,Liver,Liver,,Adult_>365d,Unknown
SAMN02676474,Liver,Liver,,Adult_>365d,Unknown
SAMN02676475,Liver,Liver,,Adult_>365d,Unknown
SAMN02676476,Liver,Liver,,Adult_>365d,Unknown
SAMN02676477,Liver,Liver,,Adult_>365d,Unknown
SAMN02676478,Liver,Liver,,Adult_>365d,Unknown
SAMN02676479,Liver,Liver,,Adult_>365d,Unknown
SAMN02676480,Liver,Liver,,Adult_>365d,Unknown
SAMN02676481,Liver,Liver,,Adult_>365d,Unknown
SAMN02676482,Liver,Liver,,Adult_>365d,Unknown
SAMN02676483,Liver,Liver,,Adult_>365d,Unknown
SAMN02676484,Liver,Liver,,Adult_>365d,Unknown
SAMN02676485,Liver,Liver,,Adult_>365d,Unknown
SAMN02676486,Liver,Liver,,Adult_>365d,Unknown
SAMN02676487,Liver,Liver,,Adult_>365d,Unknown
SAMN02676488,Liver,Liver,,Adult_>365d,Unknown
SAMN02676489,Liver,Liver,,Adult_>365d,Unknown
SAMN02676490,Liver,Liver,,Adult_>365d,Unknown
SAMN02676491,Liver,Liver,,Adult_>365d,Unknown
SAMN02676492,Liver,Liver,,Adult_>365d,Unknown
SAMN02676493,Liver,Liver,,Adult_>365d,Unknown
SAMN02676494,Liver,Liver,,Adult_>365d,Unknown
SAMN02676495,Liver,Liver,,Adult_>365d,Unknown
SAMN02676496,Liver,Liver,,Adult_>365d,Unknown
SAMN02676497,Liver,Liver,,Adult_>365d,Unknown
SAMN02676498,Liver,Liver,,Adult_>365d,Unknown
SAMN02676499,Liver,Liver,,Adult_>365d,Unknown
SAMN02676500,Liver,Liver,,Adult_>365d,Unknown
SAMN02676501,Liver,Liver,,Adult_>365d,Unknown
SAMN02676502,Liver,Liver,,Adult_>365d,Unknown
SAMN02676503,Liver,Liver,,Adult_>365d,Unknown
SAMN02676504,Liver,Liver,,Adult_>365d,Unknown
SAMN02676505,Liver,Liver,,Adult_>365d,Unknown
SAMN02676506,Liver,Liver,,Adult_>365d,Unknown
SAMN02676507,Liver,Liver,,Adult_>365d,Unknown
SAMN02676508,Liver,Liver,,Adult_>365d,Unknown
SAMN02676509,Liver,Liver,,Adult_>365d,Unknown
SAMN02676510,Liver,Liver,,Adult_>365d,Unknown
SAMN02676511,Liver,Liver,,Adult_>365d,Unknown
SAMN02676512,Liver,Liver,,Adult_>365d,Unknown
SAMN02676513,Liver,Liver,,Adult_>365d,Unknown
SAMN02676514,Liver,Liver,,Adult_>365d,Unknown
SAMN02676515,Liver,Liver,,Adult_>365d,Unknown
SAMN02676516,Liver,Liver,,Adult_>365d,Unknown
SAMN02676517,Liver,Liver,,Adult_>365d,Unknown
SAMN02676518,Liver,Liver,,Adult_>365d,Unknown
SAMN02676519,Liver,Liver,,Adult_>365d,Unknown
SAMN02676520,Liver,Liver,,Adult_>365d,Unknown
SAMN02676521,Liver,Liver,,Adult_>365d,Unknown
SAMN02676522,Liver,Liver,,Adult_>365d,Unknown
SAMN02676523,Liver,Liver,,Adult_>365d,Unknown
SAMN02676524,Liver,Liver,,Adult_>365d,Unknown
SAMN02676525,Liver,Liver,,Adult_>365d,Unknown
SAMN02676526,Liver,Liver,,Adult_>365d,Unknown
SAMN02676527,Liver,Liver,,Adult_>365d,Unknown
SAMN02676528,Liver,Liver,,Adult_>365d,Unknown
SAMN02676529,Liver,Liver,,Adult_>365d,Unknown
SAMN02676530,Liver,Liver,,Adult_>365d,Unknown
SAMN02676531,Liver,Liver,,Adult_>365d,Unknown
SAMN02676532,Liver,Liver,,Adult_>365d,Unknown
SAMN02676533,Liver,Liver,,Adult_>365d,Unknown
SAMN02676534,Unknown,Unknown,,Adult_>365d,Unknown
SAMN02676535,Liver,Liver,,Adult_>365d,Unknown
SAMN02676536,Liver,Liver,,Adult_>365d,Unknown
SAMN02676537,Liver,Liver,,Adult_>365d,Unknown
SAMN02676538,Liver,Liver,,Adult_>365d,Unknown
SAMN02676539,Liver,Liver,,Adult_>365d,Unknown
SAMN02676540,Liver,Liver,,Adult_>365d,Unknown
SAMN02676541,Liver,Liver,,Adult_>365d,Unknown
SAMN02676542,Liver,Liver,,Adult_>365d,Unknown
SAMN02676543,Liver,Liver,,Adult_>365d,Unknown
SAMN02676544,Liver,Liver,,Adult_>365d,Unknown
SAMN02676545,Liver,Liver,,Adult_>365d,Unknown
SAMN02676546,Liver,Liver,,Adult_>365d,Unknown
SAMN02676547,Liver,Liver,,Adult_>365d,Unknown
SAMN02676548,Liver,Liver,,Adult_>365d,Unknown
SAMN02676549,Liver,Liver,,Adult_>365d,Unknown
SAMN02676550,Liver,Liver,,Adult_>365d,Unknown
SAMN02768559,Muscle,Muscle,173.0,Post_pubertal_150_365d,Female
SAMN02768560,Muscle,Muscle,179.0,Post_pubertal_150_365d,Female
SAMN02768561,Muscle,Muscle,189.0,Post_pubertal_150_365d,Female
SAMN02768562,Muscle,Muscle,172.0,Post_pubertal_150_365d,Male
SAMN02768563,Muscle,Muscle,173.0,Post_pubertal_150_365d,Female
SAMN02768564,Muscle,Muscle,181.0,Post_pubertal_150_365d,Female
SAMN02768565,Muscle,Muscle,181.0,Post_pubertal_150_365d,Female
SAMN02768566,Muscle,Muscle,179.0,Post_pubertal_150_365d,Male
SAMN02768567,Muscle,Muscle,172.0,Post_pubertal_150_365d,Male
SAMN02768568,Muscle,Muscle,167.0,Post_pubertal_150_365d,Male
SAMN02768569,Muscle,Muscle,172.0,Post_pubertal_150_365d,Male
SAMN02768570,Muscle,Muscle,186.0,Post_pubertal_150_365d,Male
SAMN02904330,Unknown,Unknown,180.0,Post_pubertal_150_365d,Unknown
SAMN02904331,Unknown,Unknown,180.0,Post_pubertal_150_365d,Unknown
SAMN02904332,Unknown,Unknown,180.0,Post_pubertal_150_365d,Unknown
SAMN02904333,Unknown,Unknown,180.0,Post_pubertal_150_365d,Unknown
SAMN02925400,Embryo,Embryo,14.0,Infant_0_20d,Unknown
SAMN02925407,Embryo,Embryo,14.0,Infant_0_20d,Unknown
SAMN03020603,Placenta,Placenta,,Adult_>365d,Female
SAMN03020617,Placenta,Placenta,,Adult_>365d,Female
SAMN03031511,Adipose,Adipose,,Adult_>365d,Male
SAMN03031512,Adipose,Adipose,,Adult_>365d,Female
SAMN03031513,Adipose,Adipose,,Adult_>365d,Male
SAMN03031514,Adipose,Adipose,,Adult_>365d,Female
SAMN03031515,Adipose,Adipose,,Adult_>365d,Male
SAMN03031516,Adipose,Adipose,,Adult_>365d,Male
SAMN03031517,Adipose,Adipose,,Adult_>365d,Female
SAMN03031518,Adipose,Adipose,,Adult_>365d,Female
SAMN03031519,Adipose,Adipose,,Adult_>365d,Male
SAMN03031520,Adipose,Adipose,,Adult_>365d,Male
SAMN03031521,Adipose,Adipose,,Adult_>365d,Male
SAMN03031522,Adipose,Adipose,,Adult_>365d,Female
SAMN03031523,Adipose,Adipose,,Adult_>365d,Female
SAMN03031524,Adipose,Adipose,,Adult_>365d,Male
SAMN03031525,Adipose,Adipose,,Adult_>365d,Female
SAMN03031526,Adipose,Adipose,,Adult_>365d,Female
SAMN03031527,Adipose,Adipose,,Adult_>365d,Female
SAMN03031528,Adipose,Adipose,,Adult_>365d,Female
SAMN03031529,Adipose,Adipose,,Adult_>365d,Male
SAMN03031530,Adipose,Adipose,,Adult_>365d,Male
SAMN03031531,Adipose,Adipose,,Adult_>365d,Female
SAMN03031532,Adipose,Adipose,,Adult_>365d,Male
SAMN03031533,Adipose,Adipose,,Adult_>365d,Male
SAMN03031534,Adipose,Adipose,,Adult_>365d,Male
SAMN03031535,Adipose,Adipose,,Adult_>365d,Female
SAMN03031536,Adipose,Adipose,,Adult_>365d,Female
SAMN03031537,Adipose,Adipose,,Adult_>365d,Female
SAMN03031538,Adipose,Adipose,,Adult_>365d,Male
SAMN03031539,Adipose,Adipose,,Adult_>365d,Male
SAMN03031540,Adipose,Adipose,,Adult_>365d,Male
SAMN03031541,Adipose,Adipose,,Adult_>365d,Female
SAMN03031542,Adipose,Adipose,,Adult_>365d,Male
SAMN03031543,Adipose,Adipose,,Adult_>365d,Female
SAMN03031544,Adipose,Adipose,,Adult_>365d,Female
SAMN03031545,Adipose,Adipose,,Adult_>365d,Male
SAMN03031546,Adipose,Adipose,,Adult_>365d,Male
SAMN03142843,Liver,Liver,210.0,Post_pubertal_150_365d,Unknown
SAMN03142844,Liver,Liver,210.0,Post_pubertal_150_365d,Unknown
SAMN03142845,Liver,Liver,210.0,Post_pubertal_150_365d,Unknown
SAMN03198886,Unknown,Unknown,,Adult_>365d,Male
SAMN03247882,Other,Other,,Adult_>365d,Unknown
SAMN03252001,Other,Other,,Adult_>365d,Unknown
SAMN03252002,Other,Other,,Adult_>365d,Unknown
SAMN03273387,Unknown,Unknown,35.0,Early childhood_21_59d,Male
SAMN03273895,Small intestine,Duodenum,35.0,Early childhood_21_59d,Male
SAMN03273896,Unknown,Unknown,35.0,Early childhood_21_59d,Male
SAMN03273897,Small intestine,Duodenum,35.0,Early childhood_21_59d,Male
SAMN03273910,Small intestine,Duodenum,35.0,Early childhood_21_59d,Male
SAMN03273911,Small intestine,Duodenum,35.0,Early childhood_21_59d,Male
SAMN03294341,Unknown,Unknown,0.0,Infant_0_20d,Unknown
SAMN03351774,Muscle,Muscle,16.0,Infant_0_20d,Unknown
SAMN03351775,Muscle,Muscle,16.0,Infant_0_20d,Unknown
SAMN03351777,Muscle,Muscle,16.0,Infant_0_20d,Unknown
SAMN03351778,Adipose,Adipose,16.0,Infant_0_20d,Unknown
SAMN03351780,Muscle,Muscle,16.0,Infant_0_20d,Unknown
SAMN03351783,Muscle,Muscle,16.0,Infant_0_20d,Unknown
SAMN03351785,Muscle,Muscle,16.0,Infant_0_20d,Unknown
SAMN03351786,Adipose,Adipose,16.0,Infant_0_20d,Unknown
SAMN03351788,Muscle,Muscle,16.0,Infant_0_20d,Unknown
SAMN03351789,Adipose,Adipose,16.0,Infant_0_20d,Unknown
SAMN03351790,Adipose,Adipose,16.0,Infant_0_20d,Unknown
SAMN03351791,Muscle,Muscle,16.0,Infant_0_20d,Unknown
SAMN03351792,Muscle,Muscle,16.0,Infant_0_20d,Unknown
SAMN03351793,Adipose,Adipose,16.0,Infant_0_20d,Unknown
SAMN03351794,Muscle,Muscle,16.0,Infant_0_20d,Unknown
SAMN03351795,Muscle,Muscle,16.0,Infant_0_20d,Unknown
SAMN03351796,Adipose,Adipose,16.0,Infant_0_20d,Unknown
SAMN03351797,Adipose,Adipose,16.0,Infant_0_20d,Unknown
SAMN03351798,Adipose,Adipose,16.0,Infant_0_20d,Unknown
SAMN03351799,Adipose,Adipose,16.0,Infant_0_20d,Unknown
SAMN03351800,Adipose,Adipose,16.0,Infant_0_20d,Unknown
SAMN03351801,Muscle,Muscle,16.0,Infant_0_20d,Unknown
SAMN03351802,Muscle,Muscle,16.0,Infant_0_20d,Unknown
SAMN03351804,Adipose,Adipose,16.0,Infant_0_20d,Unknown
SAMN03351806,Adipose,Adipose,16.0,Infant_0_20d,Unknown
SAMN03351807,Muscle,Muscle,16.0,Infant_0_20d,Unknown
SAMN03351808,Muscle,Muscle,16.0,Infant_0_20d,Unknown
SAMN03351810,Muscle,Muscle,16.0,Infant_0_20d,Unknown
SAMN03351812,Muscle,Muscle,16.0,Infant_0_20d,Unknown
SAMN03351815,Muscle,Muscle,16.0,Infant_0_20d,Unknown
SAMN03351816,Adipose,Adipose,16.0,Infant_0_20d,Unknown
SAMN03351817,Adipose,Adipose,16.0,Infant_0_20d,Unknown
SAMN03351818,Adipose,Adipose,16.0,Infant_0_20d,Unknown
SAMN03351819,Adipose,Adipose,16.0,Infant_0_20d,Unknown
SAMN03351820,Adipose,Adipose,16.0,Infant_0_20d,Unknown
SAMN03351822,Adipose,Adipose,16.0,Infant_0_20d,Unknown
SAMN03450524,Unknown,Unknown,,Adult_>365d,Male
SAMN04324027,Unknown,Unknown,,Adult_>365d,Unknown
SAMN04324028,Unknown,Unknown,,Adult_>365d,Unknown
SAMN04324029,IPEC,IPEC,,Adult_>365d,Unknown
SAMN04324030,IPEC,IPEC,,Adult_>365d,Unknown
SAMN04324031,IPEC,IPEC,,Adult_>365d,Unknown
SAMN04324032,IPEC,IPEC,,Adult_>365d,Unknown
SAMN04324033,Unknown,Unknown,,Adult_>365d,Unknown
SAMN04324034,Unknown,Unknown,,Adult_>365d,Unknown
SAMN04324035,IPEC,IPEC,,Adult_>365d,Unknown
SAMN04324036,Unknown,Unknown,,Adult_>365d,Unknown
SAMN04324037,Unknown,Unknown,,Adult_>365d,Unknown
SAMN04324038,IPEC,IPEC,,Adult_>365d,Unknown
SAMN04324039,IPEC,IPEC,,Adult_>365d,Unknown
SAMN04324040,IPEC,IPEC,,Adult_>365d,Unknown
SAMN04324041,IPEC,IPEC,,Adult_>365d,Unknown
SAMN04324042,Unknown,Unknown,,Adult_>365d,Unknown
SAMN04324043,Unknown,Unknown,,Adult_>365d,Unknown
SAMN04324044,IPEC,IPEC,,Adult_>365d,Unknown
SAMN04324045,IPEC,IPEC,,Adult_>365d,Unknown
SAMN04324046,IPEC,IPEC,,Adult_>365d,Unknown
SAMN04324047,IPEC,IPEC,,Adult_>365d,Unknown
SAMN04324048,Unknown,Unknown,,Adult_>365d,Unknown
SAMN04324049,Unknown,Unknown,,Adult_>365d,Unknown
SAMN04324050,IPEC,IPEC,,Adult_>365d,Unknown
SAMN04324051,Unknown,Unknown,,Adult_>365d,Unknown
SAMN04324052,Unknown,Unknown,,Adult_>365d,Unknown
SAMN04324053,IPEC,IPEC,,Adult_>365d,Unknown
SAMN04324054,IPEC,IPEC,,Adult_>365d,Unknown
SAMN04324055,IPEC,IPEC,,Adult_>365d,Unknown
SAMN04324056,IPEC,IPEC,,Adult_>365d,Unknown
SAMN04324057,IPEC,IPEC,,Adult_>365d,Unknown
SAMN04324058,IPEC,IPEC,,Adult_>365d,Unknown
SAMN04324059,IPEC,IPEC,,Adult_>365d,Unknown
SAMN04323937,Unknown,Unknown,,Adult_>365d,Unknown
SAMN04323938,Unknown,Unknown,,Adult_>365d,Unknown
SAMN04323939,IPEC,IPEC,,Adult_>365d,Unknown
SAMN04323940,IPEC,IPEC,,Adult_>365d,Unknown
SAMN04323941,IPEC,IPEC,,Adult_>365d,Unknown
SAMN04323942,IPEC,IPEC,,Adult_>365d,Unknown
SAMN04323943,Unknown,Unknown,,Adult_>365d,Unknown
SAMN04323944,Unknown,Unknown,,Adult_>365d,Unknown
SAMN04323945,IPEC,IPEC,,Adult_>365d,Unknown
SAMN04323946,Unknown,Unknown,,Adult_>365d,Unknown
SAMN04323947,Unknown,Unknown,,Adult_>365d,Unknown
SAMN04323948,IPEC,IPEC,,Adult_>365d,Unknown
SAMN04323949,IPEC,IPEC,,Adult_>365d,Unknown
SAMN04323950,IPEC,IPEC,,Adult_>365d,Unknown
SAMN04323951,IPEC,IPEC,,Adult_>365d,Unknown
SAMN04324014,Unknown,Unknown,,Adult_>365d,Unknown
SAMN04324015,Unknown,Unknown,,Adult_>365d,Unknown
SAMN04324016,Unknown,Unknown,,Adult_>365d,Unknown
SAMN04324017,Unknown,Unknown,,Adult_>365d,Unknown
SAMN04324018,Unknown,Unknown,,Adult_>365d,Unknown
SAMN04324019,Unknown,Unknown,,Adult_>365d,Unknown
SAMN03490522,Adipose,Adipose,247.0,Post_pubertal_150_365d,Female
SAMN03490523,Adipose,Adipose,237.0,Post_pubertal_150_365d,Male
SAMN03490524,Adipose,Adipose,233.0,Post_pubertal_150_365d,Male
SAMN03490525,Adipose,Adipose,235.0,Post_pubertal_150_365d,Female
SAMN03490526,Adipose,Adipose,243.0,Post_pubertal_150_365d,Male
SAMN03490527,Adipose,Adipose,239.0,Post_pubertal_150_365d,Female
SAMN03490528,Adipose,Adipose,243.0,Post_pubertal_150_365d,Male
SAMN03490529,Adipose,Adipose,243.0,Post_pubertal_150_365d,Female
SAMN03490530,Adipose,Adipose,249.0,Post_pubertal_150_365d,Male
SAMN03490531,Adipose,Adipose,237.0,Post_pubertal_150_365d,Female
SAMN03490532,Adipose,Adipose,250.0,Post_pubertal_150_365d,Female
SAMN03490533,Adipose,Adipose,241.0,Post_pubertal_150_365d,Male
SAMN03490534,Adipose,Adipose,249.0,Post_pubertal_150_365d,Female
SAMN03490535,Adipose,Adipose,249.0,Post_pubertal_150_365d,Female
SAMN03490536,Adipose,Adipose,241.0,Post_pubertal_150_365d,Male
SAMN03490537,Adipose,Adipose,244.0,Post_pubertal_150_365d,Female
SAMN03490538,Adipose,Adipose,241.0,Post_pubertal_150_365d,Male
SAMN03490539,Adipose,Adipose,235.0,Post_pubertal_150_365d,Male
SAMN03490540,Adipose,Adipose,250.0,Post_pubertal_150_365d,Female
SAMN03490541,Adipose,Adipose,241.0,Post_pubertal_150_365d,Male
SAMN03580793,Brain,Pituitary,20.0,Infant_0_20d,Unknown
SAMN03580794,Brain,Pituitary,20.0,Infant_0_20d,Unknown
SAMN03652802,Ovary,Ovary,900.0,Adult_>365d,Female
SAMN03652803,Ovary,Ovary,1350.0,Adult_>365d,Female
SAMN03652804,Ovary,Ovary,1350.0,Adult_>365d,Female
SAMN03652805,Ovary,Ovary,900.0,Adult_>365d,Female
SAMN03652806,Ovary,Ovary,900.0,Adult_>365d,Female
SAMN03652807,Ovary,Ovary,900.0,Adult_>365d,Female
SAMN03658146,Muscle,Muscle,240.0,Post_pubertal_150_365d,Unknown
SAMN03658147,Muscle,Muscle,240.0,Post_pubertal_150_365d,Unknown
SAMN03658148,Muscle,Muscle,240.0,Post_pubertal_150_365d,Unknown
SAMN03699802,Lung,Lung,35.0,Early childhood_21_59d,Unknown
SAMN03699803,Lung,Lung,35.0,Early childhood_21_59d,Unknown
SAMN03699804,Lung,Lung,35.0,Early childhood_21_59d,Unknown
SAMN03699805,Lung,Lung,35.0,Early childhood_21_59d,Unknown
SAMN03699806,Lung,Lung,35.0,Early childhood_21_59d,Unknown
SAMN03699807,Lung,Lung,35.0,Early childhood_21_59d,Unknown
SAMN03699808,Lung,Lung,35.0,Early childhood_21_59d,Unknown
SAMN03699809,Lung,Lung,35.0,Early childhood_21_59d,Unknown
SAMN03703705,Muscle,Muscle,,Adult_>365d,Female
SAMN03703706,Muscle,Muscle,,Adult_>365d,Female
SAMN03703707,Muscle,Muscle,,Adult_>365d,Female
SAMN03703708,Muscle,Muscle,,Adult_>365d,Female
SAMN03703709,Muscle,Muscle,,Adult_>365d,Female
SAMN03703710,Muscle,Muscle,,Adult_>365d,Female
SAMN03703711,Muscle,Muscle,,Adult_>365d,Female
SAMN03703712,Muscle,Muscle,,Adult_>365d,Female
SAMN03703713,Muscle,Muscle,,Adult_>365d,Female
SAMN03782436,Adipose,Adipose,175.0,Post_pubertal_150_365d,Male
SAMN03782438,Adipose,Adipose,179.0,Post_pubertal_150_365d,Female
SAMN03782439,Adipose,Adipose,179.0,Post_pubertal_150_365d,Female
SAMN03782440,Adipose,Adipose,179.0,Post_pubertal_150_365d,Female
SAMN03782441,Adipose,Adipose,179.0,Post_pubertal_150_365d,Female
SAMN03782442,Adipose,Adipose,179.0,Post_pubertal_150_365d,Female
SAMN03853115,Muscle,Muscle,25.0,Early childhood_21_59d,Unknown
SAMN03853116,Muscle,Muscle,25.0,Early childhood_21_59d,Unknown
SAMN03893103,Uterus,Uterus,,Adult_>365d,Unknown
SAMN03893104,Uterus,Uterus,,Adult_>365d,Unknown
SAMN03893105,Uterus,Uterus,,Adult_>365d,Unknown
SAMN03893106,Uterus,Uterus,,Adult_>365d,Unknown
SAMN03893107,Uterus,Uterus,,Adult_>365d,Unknown
SAMN03893108,Uterus,Uterus,,Adult_>365d,Unknown
SAMN03893109,Uterus,Uterus,,Adult_>365d,Unknown
SAMN03893110,Uterus,Uterus,,Adult_>365d,Unknown
SAMN03893111,Uterus,Uterus,,Adult_>365d,Unknown
SAMN03893112,Uterus,Uterus,,Adult_>365d,Unknown
SAMN03893113,Uterus,Uterus,,Adult_>365d,Unknown
SAMN03893114,Uterus,Uterus,,Adult_>365d,Unknown
SAMN03893115,Uterus,Uterus,,Adult_>365d,Unknown
SAMN03893116,Uterus,Uterus,,Adult_>365d,Unknown
SAMN03893117,Uterus,Uterus,,Adult_>365d,Unknown
SAMN03893118,Uterus,Uterus,,Adult_>365d,Unknown
SAMN03893119,Uterus,Uterus,,Adult_>365d,Unknown
SAMN03893120,Uterus,Uterus,,Adult_>365d,Unknown
SAMN03893121,Uterus,Uterus,,Adult_>365d,Unknown
SAMN03893122,Uterus,Uterus,,Adult_>365d,Unknown
SAMN03893123,Uterus,Uterus,,Adult_>365d,Unknown
SAMN03893124,Fetal thymus,Fetal thymus,,Adult_>365d,Unknown
SAMN03893125,Fetal thymus,Fetal thymus,,Adult_>365d,Unknown
SAMN03893126,Fetal thymus,Fetal thymus,,Adult_>365d,Unknown
SAMN03893127,Fetal thymus,Fetal thymus,,Adult_>365d,Unknown
SAMN03893128,Fetal thymus,Fetal thymus,,Adult_>365d,Unknown
SAMN03893129,Fetal thymus,Fetal thymus,,Adult_>365d,Unknown
SAMN03893130,Fetal thymus,Fetal thymus,,Adult_>365d,Unknown
SAMN03893131,Fetal thymus,Fetal thymus,,Adult_>365d,Unknown
SAMN03893132,Fetal thymus,Fetal thymus,,Adult_>365d,Unknown
SAMN03893133,Fetal thymus,Fetal thymus,,Adult_>365d,Unknown
SAMN03893134,Fetal thymus,Fetal thymus,,Adult_>365d,Unknown
SAMN03893135,Fetal thymus,Fetal thymus,,Adult_>365d,Unknown
SAMN03893136,Fetal thymus,Fetal thymus,,Adult_>365d,Unknown
SAMN03893137,Fetal thymus,Fetal thymus,,Adult_>365d,Unknown
SAMN03893138,Fetal thymus,Fetal thymus,,Adult_>365d,Unknown
SAMN03893139,Fetal thymus,Fetal thymus,,Adult_>365d,Unknown
SAMN03893140,Fetal thymus,Fetal thymus,,Adult_>365d,Unknown
SAMN03893141,Fetal thymus,Fetal thymus,,Adult_>365d,Unknown
SAMN03893142,Fetal thymus,Fetal thymus,,Adult_>365d,Unknown
SAMN03893143,Fetal thymus,Fetal thymus,,Adult_>365d,Unknown
SAMN03893144,Fetal thymus,Fetal thymus,,Adult_>365d,Unknown
SAMN03893145,Fetal thymus,Fetal thymus,,Adult_>365d,Unknown
SAMN03893146,Fetal thymus,Fetal thymus,,Adult_>365d,Unknown
SAMN03893147,Fetal thymus,Fetal thymus,,Adult_>365d,Unknown
SAMN03893148,Fetal thymus,Fetal thymus,,Adult_>365d,Unknown
SAMN03893149,Fetal thymus,Fetal thymus,,Adult_>365d,Unknown
SAMN03893150,Fetal thymus,Fetal thymus,,Adult_>365d,Unknown
SAMN03893151,Fetal thymus,Fetal thymus,,Adult_>365d,Unknown
SAMN03893152,Fetal thymus,Fetal thymus,,Adult_>365d,Unknown
SAMN03893153,Fetal thymus,Fetal thymus,,Adult_>365d,Unknown
SAMN03893154,Fetal thymus,Fetal thymus,,Adult_>365d,Unknown
SAMN03893155,Fetal thymus,Fetal thymus,,Adult_>365d,Unknown
SAMN03893156,Fetal thymus,Fetal thymus,,Adult_>365d,Unknown
SAMN03893157,Fetal thymus,Fetal thymus,,Adult_>365d,Unknown
SAMN03893158,Fetal thymus,Fetal thymus,,Adult_>365d,Unknown
SAMN03893159,Fetal thymus,Fetal thymus,,Adult_>365d,Unknown
SAMN03893160,Fetal thymus,Fetal thymus,,Adult_>365d,Unknown
SAMN03893161,Fetal thymus,Fetal thymus,,Adult_>365d,Unknown
SAMN03893162,Fetal thymus,Fetal thymus,,Adult_>365d,Unknown
SAMN03893163,Fetal thymus,Fetal thymus,,Adult_>365d,Unknown
SAMN03893164,Fetal thymus,Fetal thymus,,Adult_>365d,Unknown
SAMN03893165,Fetal thymus,Fetal thymus,,Adult_>365d,Unknown
SAMN03893166,Fetal thymus,Fetal thymus,,Adult_>365d,Unknown
SAMN03893167,Fetal thymus,Fetal thymus,,Adult_>365d,Unknown
SAMN03893168,Fetal thymus,Fetal thymus,,Adult_>365d,Unknown
SAMN03893169,Fetal thymus,Fetal thymus,,Adult_>365d,Unknown
SAMN03893170,Fetal thymus,Fetal thymus,,Adult_>365d,Unknown
SAMN03893171,Fetal thymus,Fetal thymus,,Adult_>365d,Unknown
SAMN03893172,Uterus,Uterus,,Adult_>365d,Unknown
SAMN03893173,Uterus,Uterus,,Adult_>365d,Unknown
SAMN03893174,Uterus,Uterus,,Adult_>365d,Unknown
SAMN03893175,Uterus,Uterus,,Adult_>365d,Unknown
SAMN03893176,Uterus,Uterus,,Adult_>365d,Unknown
SAMN03893177,Uterus,Uterus,,Adult_>365d,Unknown
SAMN03893178,Uterus,Uterus,,Adult_>365d,Unknown
SAMN03893179,Uterus,Uterus,,Adult_>365d,Unknown
SAMN03893180,Uterus,Uterus,,Adult_>365d,Unknown
SAMN03893181,Uterus,Uterus,,Adult_>365d,Unknown
SAMN03893182,Uterus,Uterus,,Adult_>365d,Unknown
SAMN03893183,Uterus,Uterus,,Adult_>365d,Unknown
SAMN03893184,Uterus,Uterus,,Adult_>365d,Unknown
SAMN03893185,Uterus,Uterus,,Adult_>365d,Unknown
SAMN03893186,Uterus,Uterus,,Adult_>365d,Unknown
SAMN03893187,Uterus,Uterus,,Adult_>365d,Unknown
SAMN03893188,Uterus,Uterus,,Adult_>365d,Unknown
SAMN03893189,Uterus,Uterus,,Adult_>365d,Unknown
SAMN03893190,Uterus,Uterus,,Adult_>365d,Unknown
SAMN03893191,Uterus,Uterus,,Adult_>365d,Unknown
SAMN03893192,Uterus,Uterus,,Adult_>365d,Unknown
SAMN03893193,Uterus,Uterus,,Adult_>365d,Unknown
SAMN03893194,Uterus,Uterus,,Adult_>365d,Unknown
SAMN03893195,Uterus,Uterus,,Adult_>365d,Unknown
SAMN03893196,Uterus,Uterus,,Adult_>365d,Unknown
SAMN03893197,Uterus,Uterus,,Adult_>365d,Unknown
SAMN03893198,Uterus,Uterus,,Adult_>365d,Unknown
SAMN03939316,Muscle,Muscle,0.0,Infant_0_20d,Unknown
SAMN03939317,Muscle,Muscle,0.0,Infant_0_20d,Unknown
SAMN07417318,Muscle,Muscle,0.0,Infant_0_20d,Unknown
SAMN07417319,Muscle,Muscle,0.0,Infant_0_20d,Unknown
SAMN07417320,Muscle,Muscle,0.0,Infant_0_20d,Unknown
SAMN07417321,Muscle,Muscle,0.0,Infant_0_20d,Unknown
SAMN07417322,Muscle,Muscle,0.0,Infant_0_20d,Unknown
SAMN07417323,Muscle,Muscle,0.0,Infant_0_20d,Unknown
SAMN07417324,Muscle,Muscle,0.0,Infant_0_20d,Unknown
SAMN07417325,Muscle,Muscle,0.0,Infant_0_20d,Unknown
SAMN07417326,Muscle,Muscle,0.0,Infant_0_20d,Unknown
SAMN07417327,Muscle,Muscle,0.0,Infant_0_20d,Unknown
SAMN07417328,Muscle,Muscle,0.0,Infant_0_20d,Unknown
SAMN07417329,Muscle,Muscle,0.0,Infant_0_20d,Unknown
SAMN07417330,Muscle,Muscle,0.0,Infant_0_20d,Unknown
SAMN07417331,Muscle,Muscle,0.0,Infant_0_20d,Unknown
SAMN07417332,Muscle,Muscle,0.0,Infant_0_20d,Unknown
SAMN03782154,Muscle,Muscle,1.0,Infant_0_20d,Unknown
SAMN03980130,Brain,Brain,,Adult_>365d,Unknown
SAMN03980131,Brain,Brain,,Adult_>365d,Unknown
SAMN03980132,Brain,Brain,,Adult_>365d,Unknown
SAMN03980133,Brain,Brain,,Adult_>365d,Unknown
SAMN03980134,Brain,Brain,,Adult_>365d,Unknown
SAMN03980135,Brain,Brain,,Adult_>365d,Unknown
SAMN03980136,Brain,Brain,,Adult_>365d,Unknown
SAMN03980137,Brain,Brain,,Adult_>365d,Unknown
SAMN03980138,Unknown,Unknown,,Adult_>365d,Unknown
SAMN03980139,Brain,Brain,,Adult_>365d,Unknown
SAMN03980140,Brain,Brain,,Adult_>365d,Unknown
SAMN03980141,Brain,Brain,,Adult_>365d,Unknown
SAMN03980142,Brain,Brain,,Adult_>365d,Unknown
SAMN03980143,Brain,Brain,,Adult_>365d,Unknown
SAMN03997058,Liver,Liver,,Adult_>365d,Unknown
SAMN03997059,Liver,Liver,,Adult_>365d,Unknown
SAMN04012430,Uterus,Uterus,,Adult_>365d,Unknown
SAMN04012431,Uterus,Uterus,,Adult_>365d,Unknown
SAMN04012432,Uterus,Uterus,,Adult_>365d,Unknown
SAMN04012433,Uterus,Uterus,,Adult_>365d,Unknown
SAMN04012434,Uterus,Uterus,,Adult_>365d,Unknown
SAMN04012435,Uterus,Uterus,,Adult_>365d,Unknown
SAMN04012436,Uterus,Uterus,,Adult_>365d,Unknown
SAMN04012437,Uterus,Uterus,,Adult_>365d,Unknown
SAMN04012438,Uterus,Uterus,,Adult_>365d,Unknown
SAMN04012439,Uterus,Uterus,,Adult_>365d,Unknown
SAMN04012440,Uterus,Uterus,,Adult_>365d,Unknown
SAMN04012441,Uterus,Uterus,,Adult_>365d,Unknown
SAMN04028014,Blood,Blood,60.0,Pre_pubertal_60_149d,Male
SAMN04028015,Blood,Blood,60.0,Pre_pubertal_60_149d,Male
SAMN04028016,Blood,Blood,60.0,Pre_pubertal_60_149d,Male
SAMN04028017,Blood,Blood,60.0,Pre_pubertal_60_149d,Male
SAMN04028018,Blood,Blood,60.0,Pre_pubertal_60_149d,Male
SAMN04028019,Blood,Blood,60.0,Pre_pubertal_60_149d,Male
SAMN04028020,Blood,Blood,60.0,Pre_pubertal_60_149d,Male
SAMN04028021,Blood,Blood,60.0,Pre_pubertal_60_149d,Male
SAMN04028022,Blood,Blood,60.0,Pre_pubertal_60_149d,Male
SAMN04028023,Blood,Blood,60.0,Pre_pubertal_60_149d,Male
SAMN04028024,Liver,Liver,60.0,Pre_pubertal_60_149d,Male
SAMN04028025,Liver,Liver,60.0,Pre_pubertal_60_149d,Male
SAMN04028026,Liver,Liver,60.0,Pre_pubertal_60_149d,Male
SAMN04028027,Liver,Liver,60.0,Pre_pubertal_60_149d,Male
SAMN04028028,Liver,Liver,60.0,Pre_pubertal_60_149d,Male
SAMN04028029,Liver,Liver,60.0,Pre_pubertal_60_149d,Male
SAMN04028030,Liver,Liver,60.0,Pre_pubertal_60_149d,Male
SAMN04028031,Liver,Liver,60.0,Pre_pubertal_60_149d,Male
SAMN04038565,Lung,Lung,35.0,Early childhood_21_59d,Male
SAMN04038566,Lung,Lung,35.0,Early childhood_21_59d,Male
SAMN04041114,Muscle,Muscle,170.0,Post_pubertal_150_365d,Pooled
SAMN04041115,Muscle,Muscle,170.0,Post_pubertal_150_365d,Pooled
SAMN04122443,Muscle,Muscle,1.0,Infant_0_20d,Male
SAMN04122444,Muscle,Muscle,1.0,Infant_0_20d,Male
SAMN04122445,Muscle,Muscle,1.0,Infant_0_20d,Male
SAMN04122446,Muscle,Muscle,1.0,Infant_0_20d,Male
SAMN04122447,Muscle,Muscle,1.0,Infant_0_20d,Male
SAMN04122448,Muscle,Muscle,1.0,Infant_0_20d,Male
SAMN04122449,Muscle,Muscle,1.0,Infant_0_20d,Male
SAMN04122450,Muscle,Muscle,1.0,Infant_0_20d,Male
SAMN04122451,Muscle,Muscle,1.0,Infant_0_20d,Male
SAMN04122452,Muscle,Muscle,1.0,Infant_0_20d,Male
SAMN04122453,Muscle,Muscle,1.0,Infant_0_20d,Male
SAMN04122454,Muscle,Muscle,1.0,Infant_0_20d,Male
SAMN04123122,Ovary,Ovary,,Adult_>365d,Unknown
SAMN04123123,Ovary,Ovary,,Adult_>365d,Unknown
SAMN04123124,Ovary,Ovary,,Adult_>365d,Unknown
SAMN04123125,Ovary,Ovary,,Adult_>365d,Unknown
SAMN04123126,Ovary,Ovary,,Adult_>365d,Unknown
SAMN04123127,Ovary,Ovary,,Adult_>365d,Unknown
SAMN04127841,Uterus,Uterus,,Adult_>365d,Female
SAMN04127842,Uterus,Uterus,,Adult_>365d,Female
SAMN04127843,Uterus,Uterus,,Adult_>365d,Female
SAMN04147096,Heart,Heart,240.0,Post_pubertal_150_365d,Unknown
SAMN04147097,Unknown,Unknown,240.0,Post_pubertal_150_365d,Unknown
SAMN04147098,Unknown,Unknown,240.0,Post_pubertal_150_365d,Unknown
SAMN04147099,Unknown,Unknown,240.0,Post_pubertal_150_365d,Unknown
SAMN04147100,Kidney,Kidney,240.0,Post_pubertal_150_365d,Unknown
SAMN04147101,Testis,Testis,240.0,Post_pubertal_150_365d,Unknown
SAMN04147102,Ovary,Ovary,240.0,Post_pubertal_150_365d,Unknown
SAMN04147103,Unknown,Unknown,240.0,Post_pubertal_150_365d,Unknown
SAMN04147104,Muscle,Muscle,1.0,Infant_0_20d,Unknown
SAMN04147105,Unknown,Unknown,30.0,Early childhood_21_59d,Unknown
SAMN04147106,Muscle,Muscle,240.0,Post_pubertal_150_365d,Unknown
SAMN04147107,Other,Other,,Adult_>365d,Unknown
SAMN04147108,Muscle,Muscle,,Adult_>365d,Unknown
SAMN04161465,Lung,Lung,77.0,Pre_pubertal_60_149d,Male
SAMN04161466,Lung,Lung,77.0,Pre_pubertal_60_149d,Male
SAMN04161467,Lung,Lung,77.0,Pre_pubertal_60_149d,Male
SAMN04161468,Lung,Lung,77.0,Pre_pubertal_60_149d,Male
SAMN04159965,Blood,Blood,35.0,Early childhood_21_59d,Pooled
SAMN04159966,Blood,Blood,35.0,Early childhood_21_59d,Pooled
SAMN04159967,Blood,Blood,35.0,Early childhood_21_59d,Pooled
SAMN04159968,Blood,Blood,35.0,Early childhood_21_59d,Pooled
SAMN04225692,Unknown,Unknown,35.0,Early childhood_21_59d,Unknown
SAMN04225693,Unknown,Unknown,35.0,Early childhood_21_59d,Unknown
SAMN04225694,Unknown,Unknown,35.0,Early childhood_21_59d,Unknown
SAMN04225695,Unknown,Unknown,35.0,Early childhood_21_59d,Unknown
SAMN04225696,Unknown,Unknown,35.0,Early childhood_21_59d,Unknown
SAMN04225697,Unknown,Unknown,35.0,Early childhood_21_59d,Unknown
SAMN04225698,Unknown,Unknown,35.0,Early childhood_21_59d,Unknown
SAMN04225699,Unknown,Unknown,35.0,Early childhood_21_59d,Unknown
SAMN04256418,Muscle,Muscle,,Adult_>365d,Pooled
SAMN04260394,Other,Other,42.0,Early childhood_21_59d,Unknown
SAMN04260395,Other,Other,49.0,Early childhood_21_59d,Unknown
SAMN04260396,Other,Other,56.0,Early childhood_21_59d,Unknown
SAMN04260397,Other,Other,91.0,Pre_pubertal_60_149d,Unknown
SAMN04261723,Testis,Testis,,Adult_>365d,Unknown
SAMN04261724,Testis,Testis,,Adult_>365d,Unknown
SAMN04261725,Testis,Testis,,Adult_>365d,Unknown
SAMN04261726,Testis,Testis,,Adult_>365d,Unknown
SAMN04261727,Testis,Testis,,Adult_>365d,Unknown
SAMN04261728,Testis,Testis,,Adult_>365d,Unknown
SAMN04261729,Testis,Testis,,Adult_>365d,Unknown
SAMN04261730,Testis,Testis,,Adult_>365d,Unknown
SAMN04261731,Testis,Testis,,Adult_>365d,Unknown
SAMN04261733,Testis,Testis,,Adult_>365d,Unknown
SAMN04261734,Testis,Testis,,Adult_>365d,Unknown
SAMN04261736,Testis,Testis,,Adult_>365d,Unknown
SAMN04261737,Testis,Testis,,Adult_>365d,Unknown
SAMN04261739,Testis,Testis,,Adult_>365d,Unknown
SAMN04261741,Testis,Testis,,Adult_>365d,Unknown
SAMN04261742,Testis,Testis,,Adult_>365d,Unknown
SAMN04261744,Testis,Testis,,Adult_>365d,Unknown
SAMN04261745,Testis,Testis,,Adult_>365d,Unknown
SAMN04261746,Testis,Testis,,Adult_>365d,Unknown
SAMN04261747,Testis,Testis,,Adult_>365d,Unknown
SAMN17141471,Testis,Testis,310.0,Post_pubertal_150_365d,Male
SAMN17141472,Testis,Testis,310.0,Post_pubertal_150_365d,Male
SAMN17141473,Testis,Testis,310.0,Post_pubertal_150_365d,Male
SAMN17141474,Testis,Testis,310.0,Post_pubertal_150_365d,Male
SAMN17141475,Testis,Testis,310.0,Post_pubertal_150_365d,Male
SAMN17141476,Testis,Testis,310.0,Post_pubertal_150_365d,Male
SAMN17141477,Testis,Testis,310.0,Post_pubertal_150_365d,Male
SAMN17141478,Testis,Testis,310.0,Post_pubertal_150_365d,Male
SAMN17141479,Testis,Testis,310.0,Post_pubertal_150_365d,Male
SAMN17141480,Testis,Testis,310.0,Post_pubertal_150_365d,Male
SAMN17141481,Testis,Testis,310.0,Post_pubertal_150_365d,Male
SAMN17141482,Testis,Testis,310.0,Post_pubertal_150_365d,Male
SAMN17141483,Testis,Testis,310.0,Post_pubertal_150_365d,Male
SAMN17141484,Testis,Testis,310.0,Post_pubertal_150_365d,Male
SAMN17141485,Testis,Testis,310.0,Post_pubertal_150_365d,Male
SAMN17141486,Unknown,Unknown,310.0,Post_pubertal_150_365d,Male
SAMN17141487,Testis,Testis,310.0,Post_pubertal_150_365d,Male
SAMN17141488,Unknown,Unknown,310.0,Post_pubertal_150_365d,Male
SAMN17141489,Testis,Testis,310.0,Post_pubertal_150_365d,Male
SAMN17141490,Testis,Testis,310.0,Post_pubertal_150_365d,Male
SAMN17141491,Testis,Testis,310.0,Post_pubertal_150_365d,Male
SAMN17141492,Testis,Testis,310.0,Post_pubertal_150_365d,Male
SAMN17141493,Testis,Testis,310.0,Post_pubertal_150_365d,Male
SAMN04261141,Kidney,Kidney,,Adult_>365d,Unknown
SAMN04261881,Kidney,Kidney,,Adult_>365d,Unknown
SAMN04262028,Other,Other,,Adult_>365d,Unknown
SAMN04263866,Other,Other,,Adult_>365d,Unknown
SAMN04263867,Other,Other,,Adult_>365d,Unknown
SAMN04271247,Muscle,Muscle,150.0,Post_pubertal_150_365d,Unknown
SAMN04271248,Muscle,Muscle,150.0,Post_pubertal_150_365d,Unknown
SAMN04271249,Muscle,Muscle,150.0,Post_pubertal_150_365d,Unknown
SAMN04271250,Muscle,Muscle,150.0,Post_pubertal_150_365d,Unknown
SAMN04271251,Muscle,Muscle,150.0,Post_pubertal_150_365d,Unknown
SAMN04271252,Muscle,Muscle,150.0,Post_pubertal_150_365d,Unknown
SAMN04277422,Uterus,Uterus,,Adult_>365d,Female
SAMN04278857,Uterus,Uterus,,Adult_>365d,Female
SAMN04278858,Uterus,Uterus,,Adult_>365d,Female
SAMN04278859,Uterus,Uterus,,Adult_>365d,Female
SAMN04278860,Uterus,Uterus,,Adult_>365d,Female
SAMN04278862,Uterus,Uterus,,Adult_>365d,Female
SAMN04277421,Muscle,Muscle,,Adult_>365d,Unknown
SAMN04277427,Muscle,Muscle,,Adult_>365d,Female
SAMN04277433,Muscle,Muscle,,Adult_>365d,Female
SAMN04277444,Muscle,Muscle,,Adult_>365d,Female
SAMN04277449,Muscle,Muscle,,Adult_>365d,Female
SAMN04285704,Muscle,Muscle,,Adult_>365d,Unknown
SAMN04285705,Muscle,Muscle,,Adult_>365d,Female
SAMN04285710,Muscle,Muscle,,Adult_>365d,Female
SAMN04285711,Muscle,Muscle,,Adult_>365d,Female
SAMN04285712,Muscle,Muscle,,Adult_>365d,Female
SAMN04286329,Other,Other,,Adult_>365d,Unknown
SAMN04286330,Other,Other,,Adult_>365d,Unknown
SAMN04286331,Other,Other,,Adult_>365d,Unknown
SAMN04287609,Blood,Blood,,Adult_>365d,Unknown
SAMN04287610,Blood,Blood,,Adult_>365d,Unknown
SAMN04287611,Blood,Blood,,Adult_>365d,Unknown
SAMN04287612,Blood,Blood,,Adult_>365d,Unknown
SAMN04287613,Blood,Blood,,Adult_>365d,Unknown
SAMN04287614,Blood,Blood,,Adult_>365d,Unknown
SAMN04287615,Blood,Blood,,Adult_>365d,Unknown
SAMN04287616,Blood,Blood,,Adult_>365d,Unknown
SAMN04287617,Blood,Blood,,Adult_>365d,Unknown
SAMN04287618,Blood,Blood,,Adult_>365d,Unknown
SAMN04287619,Blood,Blood,,Adult_>365d,Unknown
SAMN04287620,Blood,Blood,,Adult_>365d,Unknown
SAMN04287621,Blood,Blood,,Adult_>365d,Unknown
SAMN04287622,Blood,Blood,,Adult_>365d,Unknown
SAMN04287623,Blood,Blood,,Adult_>365d,Unknown
SAMN04287624,Blood,Blood,,Adult_>365d,Unknown
SAMN04287625,Blood,Blood,,Adult_>365d,Unknown
SAMN04287626,Unknown,Unknown,,Adult_>365d,Unknown
SAMN04287627,Blood,Blood,,Adult_>365d,Unknown
SAMN04287628,Blood,Blood,,Adult_>365d,Unknown
SAMN04287629,Blood,Blood,,Adult_>365d,Unknown
SAMN04287630,Blood,Blood,,Adult_>365d,Unknown
SAMN04287631,Blood,Blood,,Adult_>365d,Unknown
SAMN04287632,Blood,Blood,,Adult_>365d,Unknown
SAMN04287633,Blood,Blood,,Adult_>365d,Unknown
SAMN04287634,Blood,Blood,,Adult_>365d,Unknown
SAMN04287635,Blood,Blood,,Adult_>365d,Unknown
SAMN04287636,Blood,Blood,,Adult_>365d,Unknown
SAMN04287637,Blood,Blood,,Adult_>365d,Unknown
SAMN04287638,Blood,Blood,,Adult_>365d,Unknown
SAMN04287639,Blood,Blood,,Adult_>365d,Unknown
SAMN04287640,Blood,Blood,,Adult_>365d,Unknown
SAMN04287641,Blood,Blood,,Adult_>365d,Unknown
SAMN04287642,Blood,Blood,,Adult_>365d,Unknown
SAMN04287643,Blood,Blood,,Adult_>365d,Unknown
SAMN04287644,Blood,Blood,,Adult_>365d,Unknown
SAMN04287645,Blood,Blood,,Adult_>365d,Unknown
SAMN04287646,Blood,Blood,,Adult_>365d,Unknown
SAMN04287647,Blood,Blood,,Adult_>365d,Unknown
SAMN04287648,Blood,Blood,,Adult_>365d,Unknown
SAMN04287649,Blood,Blood,,Adult_>365d,Unknown
SAMN04287650,Blood,Blood,,Adult_>365d,Unknown
SAMN04287651,Blood,Blood,,Adult_>365d,Unknown
SAMN04287652,Blood,Blood,,Adult_>365d,Unknown
SAMN04287653,Blood,Blood,,Adult_>365d,Unknown
SAMN04287654,Blood,Blood,,Adult_>365d,Unknown
SAMN04287655,Blood,Blood,,Adult_>365d,Unknown
SAMN04287656,Blood,Blood,,Adult_>365d,Unknown
SAMN04299711,Other,Other,,Adult_>365d,Male
SAMN04301623,Muscle,Muscle,161.0,Post_pubertal_150_365d,Female
SAMN04301624,Muscle,Muscle,161.0,Post_pubertal_150_365d,Female
SAMN04301625,Muscle,Muscle,161.0,Post_pubertal_150_365d,Female
SAMN04301626,Muscle,Muscle,161.0,Post_pubertal_150_365d,Female
SAMN04301627,Muscle,Muscle,161.0,Post_pubertal_150_365d,Female
SAMN04301628,Muscle,Muscle,161.0,Post_pubertal_150_365d,Female
SAMN04301629,Muscle,Muscle,161.0,Post_pubertal_150_365d,Female
SAMN04301630,Muscle,Muscle,161.0,Post_pubertal_150_365d,Female
SAMN04301631,Muscle,Muscle,161.0,Post_pubertal_150_365d,Female
SAMN04301632,Muscle,Muscle,161.0,Post_pubertal_150_365d,Female
SAMN04301633,Muscle,Muscle,161.0,Post_pubertal_150_365d,Female
SAMN04317047,Muscle,Muscle,180.0,Post_pubertal_150_365d,Female
SAMN04317048,Muscle,Muscle,180.0,Post_pubertal_150_365d,Female
SAMN04317049,Muscle,Muscle,180.0,Post_pubertal_150_365d,Female
SAMN04317050,Muscle,Muscle,180.0,Post_pubertal_150_365d,Female
SAMN04317051,Muscle,Muscle,180.0,Post_pubertal_150_365d,Female
SAMN04317052,Muscle,Muscle,180.0,Post_pubertal_150_365d,Female
SAMN04317053,Muscle,Muscle,180.0,Post_pubertal_150_365d,Female
SAMN04317054,Muscle,Muscle,180.0,Post_pubertal_150_365d,Female
SAMN04317055,Muscle,Muscle,180.0,Post_pubertal_150_365d,Female
SAMN04317056,Muscle,Muscle,180.0,Post_pubertal_150_365d,Female
SAMN04317057,Muscle,Muscle,180.0,Post_pubertal_150_365d,Female
SAMN04317058,Muscle,Muscle,180.0,Post_pubertal_150_365d,Female
SAMN04317059,Muscle,Muscle,180.0,Post_pubertal_150_365d,Female
SAMN04317060,Muscle,Muscle,180.0,Post_pubertal_150_365d,Female
SAMN04317061,Muscle,Muscle,180.0,Post_pubertal_150_365d,Female
SAMN04317089,Muscle,Muscle,180.0,Post_pubertal_150_365d,Female
SAMN04317090,Muscle,Muscle,180.0,Post_pubertal_150_365d,Female
SAMN04317091,Muscle,Muscle,180.0,Post_pubertal_150_365d,Female
SAMN04317092,Muscle,Muscle,180.0,Post_pubertal_150_365d,Female
SAMN04317093,Muscle,Muscle,180.0,Post_pubertal_150_365d,Female
SAMN04317094,Muscle,Muscle,180.0,Post_pubertal_150_365d,Female
SAMN04317095,Muscle,Muscle,180.0,Post_pubertal_150_365d,Female
SAMN04317096,Muscle,Muscle,180.0,Post_pubertal_150_365d,Female
SAMN04317097,Muscle,Muscle,180.0,Post_pubertal_150_365d,Female
SAMN04317098,Muscle,Muscle,180.0,Post_pubertal_150_365d,Female
SAMN04317099,Muscle,Muscle,180.0,Post_pubertal_150_365d,Female
SAMN04317100,Muscle,Muscle,180.0,Post_pubertal_150_365d,Female
SAMN04317101,Muscle,Muscle,180.0,Post_pubertal_150_365d,Female
SAMN04317102,Muscle,Muscle,180.0,Post_pubertal_150_365d,Female
SAMN04317103,Muscle,Muscle,180.0,Post_pubertal_150_365d,Female
SAMN04317104,Muscle,Muscle,180.0,Post_pubertal_150_365d,Female
SAMN04317105,Muscle,Muscle,180.0,Post_pubertal_150_365d,Female
SAMN04320383,Liver,Liver,1095.0,Adult_>365d,Female
SAMN04327535,Liver,Liver,175.0,Post_pubertal_150_365d,Male
SAMN04327536,Liver,Liver,175.0,Post_pubertal_150_365d,Male
SAMN04327537,Liver,Liver,175.0,Post_pubertal_150_365d,Male
SAMN04327538,Liver,Liver,175.0,Post_pubertal_150_365d,Male
SAMN04327539,Liver,Liver,175.0,Post_pubertal_150_365d,Male
SAMN04327540,Liver,Liver,175.0,Post_pubertal_150_365d,Male
SAMN04327541,Liver,Liver,175.0,Post_pubertal_150_365d,Male
SAMN04327542,Liver,Liver,175.0,Post_pubertal_150_365d,Male
SAMN04327543,Liver,Liver,175.0,Post_pubertal_150_365d,Male
SAMN04327544,Liver,Liver,175.0,Post_pubertal_150_365d,Male
SAMN04332694,Adipose,Adipose,,Adult_>365d,Female
SAMN04332699,Adipose,Adipose,,Adult_>365d,Female
SAMN04332700,Adipose,Adipose,,Adult_>365d,Male
SAMN04332702,Adipose,Adipose,,Adult_>365d,Female
SAMN04332704,Adipose,Adipose,,Adult_>365d,Male
SAMN04332706,Adipose,Adipose,,Adult_>365d,Male
SAMN04332713,Adipose,Adipose,,Adult_>365d,Male
SAMN04332716,Adipose,Adipose,,Adult_>365d,Male
SAMN04332717,Adipose,Adipose,,Adult_>365d,Female
SAMN04332719,Adipose,Adipose,,Adult_>365d,Male
SAMN07738850,Other,Other,,Adult_>365d,Unknown
SAMN07738851,Other,Other,,Adult_>365d,Unknown
SAMN07738852,Other,Other,,Adult_>365d,Unknown
SAMN07738853,Other,Other,,Adult_>365d,Unknown
SAMN07738854,Other,Other,,Adult_>365d,Unknown
SAMN07738855,Other,Other,,Adult_>365d,Unknown
SAMN07738856,Other,Other,,Adult_>365d,Unknown
SAMN07738857,Other,Other,,Adult_>365d,Unknown
SAMN07738858,Other,Other,,Adult_>365d,Unknown
SAMN04336079,Placenta,Placenta,,Adult_>365d,Pooled
SAMN04362277,Brain,Brain,7.0,Infant_0_20d,Unknown
SAMN04362278,Brain,Brain,7.0,Infant_0_20d,Unknown
SAMN04382561,Unknown,Unknown,,Adult_>365d,Female
SAMN04382562,Unknown,Unknown,0.0,Infant_0_20d,Female
SAMN04382564,Unknown,Unknown,0.0,Infant_0_20d,Female
SAMN04382565,Unknown,Unknown,0.0,Infant_0_20d,Female
SAMN04382568,Unknown,Unknown,0.0,Infant_0_20d,Female
SAMN04382569,Unknown,Unknown,0.0,Infant_0_20d,Female
SAMN04382571,Unknown,Unknown,0.0,Infant_0_20d,Female
SAMN04382572,Unknown,Unknown,0.0,Infant_0_20d,Female
SAMN04382574,Unknown,Unknown,,Adult_>365d,Female
SAMN04382575,Unknown,Unknown,,Adult_>365d,Female
SAMN04390631,Testis,Testis,20.0,Infant_0_20d,Unknown
SAMN04390632,Testis,Testis,20.0,Infant_0_20d,Unknown
SAMN04390633,Testis,Testis,20.0,Infant_0_20d,Unknown
SAMN04390634,Testis,Testis,20.0,Infant_0_20d,Unknown
SAMN04390635,Testis,Testis,20.0,Infant_0_20d,Unknown
SAMN04390636,Testis,Testis,20.0,Infant_0_20d,Unknown
SAMN04390637,Testis,Testis,20.0,Infant_0_20d,Unknown
SAMN04390638,Testis,Testis,20.0,Infant_0_20d,Unknown
SAMN04390639,Testis,Testis,20.0,Infant_0_20d,Unknown
SAMN04390640,Testis,Testis,20.0,Infant_0_20d,Unknown
SAMN04390644,Testis,Testis,20.0,Infant_0_20d,Unknown
SAMN04390645,Testis,Testis,20.0,Infant_0_20d,Unknown
SAMN04407338,Ovary,Ovary,,Adult_>365d,Female
SAMN04407339,Ovary,Ovary,,Adult_>365d,Female
SAMN04420274,Unknown,Unknown,,Adult_>365d,Unknown
SAMN04420275,Unknown,Unknown,,Adult_>365d,Unknown
SAMN04420276,Unknown,Unknown,,Adult_>365d,Unknown
SAMN04420277,Unknown,Unknown,,Adult_>365d,Unknown
SAMN04420592,Muscle,Muscle,1.0,Infant_0_20d,Neuter
SAMN04420593,Muscle,Muscle,1.0,Infant_0_20d,Neuter
SAMN04420594,Muscle,Muscle,1.0,Infant_0_20d,Neuter
SAMN04420595,Muscle,Muscle,210.0,Post_pubertal_150_365d,Neuter
SAMN04420596,Muscle,Muscle,90.0,Pre_pubertal_60_149d,Neuter
SAMN04420597,Muscle,Muscle,90.0,Pre_pubertal_60_149d,Neuter
SAMN04420598,Muscle,Muscle,180.0,Post_pubertal_150_365d,Neuter
SAMN04420599,Muscle,Muscle,180.0,Post_pubertal_150_365d,Neuter
SAMN04420600,Muscle,Muscle,180.0,Post_pubertal_150_365d,Neuter
SAMN04420601,Muscle,Muscle,1.0,Infant_0_20d,Neuter
SAMN04420602,Muscle,Muscle,1.0,Infant_0_20d,Neuter
SAMN04420603,Muscle,Muscle,1.0,Infant_0_20d,Neuter
SAMN04420604,Muscle,Muscle,90.0,Pre_pubertal_60_149d,Neuter
SAMN04420605,Muscle,Muscle,90.0,Pre_pubertal_60_149d,Neuter
SAMN04420606,Muscle,Muscle,90.0,Pre_pubertal_60_149d,Neuter
SAMN04420607,Muscle,Muscle,180.0,Post_pubertal_150_365d,Neuter
SAMN04420608,Muscle,Muscle,180.0,Post_pubertal_150_365d,Neuter
SAMN04420609,Muscle,Muscle,180.0,Post_pubertal_150_365d,Neuter
SAMN04423129,Unknown,Unknown,28.0,Early childhood_21_59d,Female
SAMN04423130,Unknown,Unknown,28.0,Early childhood_21_59d,Female
SAMN04448125,Blood,Macrophage,,Adult_>365d,Unknown
SAMN04448126,Blood,Macrophage,,Adult_>365d,Unknown
SAMN04448127,Blood,Macrophage,,Adult_>365d,Unknown
SAMN04448128,Blood,Macrophage,,Adult_>365d,Unknown
SAMN04455255,Adipose,Adipose,,Adult_>365d,Male
SAMN04455256,Adipose,Adipose,,Adult_>365d,Male
SAMN04455257,Adipose,Adipose,,Adult_>365d,Male
SAMN04461352,Blood,Blood,36.0,Early childhood_21_59d,Male
SAMN04461353,Blood,Blood,30.0,Early childhood_21_59d,Male
SAMN04461354,Blood,Blood,26.0,Early childhood_21_59d,Male
SAMN04461355,Blood,Blood,40.0,Early childhood_21_59d,Male
SAMN04461356,Blood,Blood,28.0,Early childhood_21_59d,Male
SAMN04461357,Blood,Blood,30.0,Early childhood_21_59d,Male
SAMN04461358,Unknown,Unknown,30.0,Early childhood_21_59d,Male
SAMN04461359,Blood,Blood,30.0,Early childhood_21_59d,Male
SAMN04461360,Blood,Blood,30.0,Early childhood_21_59d,Male
SAMN04461361,Blood,Blood,30.0,Early childhood_21_59d,Male
SAMN04461362,Unknown,Unknown,30.0,Early childhood_21_59d,Male
SAMN04461363,Blood,Blood,30.0,Early childhood_21_59d,Male
SAMN04461364,Blood,Blood,30.0,Early childhood_21_59d,Male
SAMN04461365,Blood,Blood,30.0,Early childhood_21_59d,Male
SAMN04461366,Blood,Blood,30.0,Early childhood_21_59d,Male
SAMN04461367,Blood,Blood,41.0,Early childhood_21_59d,Male
SAMN04461368,Blood,Blood,36.0,Early childhood_21_59d,Male
SAMN04461369,Blood,Blood,30.0,Early childhood_21_59d,Male
SAMN04461370,Blood,Blood,29.0,Early childhood_21_59d,Male
SAMN04461371,Blood,Blood,40.0,Early childhood_21_59d,Male
SAMN04461372,Blood,Blood,30.0,Early childhood_21_59d,Male
SAMN04461373,Blood,Blood,30.0,Early childhood_21_59d,Male
SAMN04461374,Blood,Blood,30.0,Early childhood_21_59d,Male
SAMN04461375,Blood,Blood,30.0,Early childhood_21_59d,Male
SAMN04461376,Blood,Blood,30.0,Early childhood_21_59d,Male
SAMN04461377,Blood,Blood,30.0,Early childhood_21_59d,Male
SAMN04461378,Blood,Blood,30.0,Early childhood_21_59d,Male
SAMN04461379,Blood,Blood,30.0,Early childhood_21_59d,Male
SAMN04461380,Blood,Blood,30.0,Early childhood_21_59d,Male
SAMN04461381,Blood,Blood,27.0,Early childhood_21_59d,Male
SAMN04461382,Blood,Blood,30.0,Early childhood_21_59d,Male
SAMN04461383,Blood,Blood,30.0,Early childhood_21_59d,Male
SAMN04461384,Blood,Blood,30.0,Early childhood_21_59d,Male
SAMN04461385,Blood,Blood,30.0,Early childhood_21_59d,Male
SAMN04461386,Blood,Blood,30.0,Early childhood_21_59d,Male
SAMN04461387,Blood,Blood,30.0,Early childhood_21_59d,Male
SAMN04461388,Blood,Blood,30.0,Early childhood_21_59d,Male
SAMN04461389,Blood,Blood,30.0,Early childhood_21_59d,Male
SAMN04461390,Blood,Blood,30.0,Early childhood_21_59d,Male
SAMN04461391,Blood,Blood,43.0,Early childhood_21_59d,Male
SAMN04461392,Blood,Blood,30.0,Early childhood_21_59d,Male
SAMN04461393,Blood,Blood,34.0,Early childhood_21_59d,Male
SAMN04461394,Blood,Blood,30.0,Early childhood_21_59d,Male
SAMN04461395,Blood,Blood,30.0,Early childhood_21_59d,Male
SAMN04461396,Blood,Blood,36.0,Early childhood_21_59d,Male
SAMN04461397,Blood,Blood,30.0,Early childhood_21_59d,Male
SAMN04461398,Blood,Blood,30.0,Early childhood_21_59d,Male
SAMN04461399,Blood,Blood,36.0,Early childhood_21_59d,Male
SAMN04461400,Blood,Blood,40.0,Early childhood_21_59d,Male
SAMN04461401,Blood,Blood,30.0,Early childhood_21_59d,Male
SAMN04461402,Blood,Blood,30.0,Early childhood_21_59d,Male
SAMN04461403,Blood,Blood,30.0,Early childhood_21_59d,Male
SAMN04461404,Blood,Blood,30.0,Early childhood_21_59d,Male
SAMN04461405,Blood,Blood,30.0,Early childhood_21_59d,Male
SAMN04461406,Blood,Blood,30.0,Early childhood_21_59d,Male
SAMN04461407,Blood,Blood,30.0,Early childhood_21_59d,Male
SAMN04461408,Blood,Blood,30.0,Early childhood_21_59d,Male
SAMN04461409,Blood,Blood,30.0,Early childhood_21_59d,Male
SAMN04461410,Blood,Blood,30.0,Early childhood_21_59d,Male
SAMN04461411,Blood,Blood,30.0,Early childhood_21_59d,Male
SAMN04461412,Blood,Blood,43.0,Early childhood_21_59d,Male
SAMN04461413,Blood,Blood,30.0,Early childhood_21_59d,Male
SAMN04461414,Blood,Blood,30.0,Early childhood_21_59d,Male
SAMN04461415,Blood,Blood,30.0,Early childhood_21_59d,Male
SAMN04461416,Blood,Blood,40.0,Early childhood_21_59d,Male
SAMN04461417,Blood,Blood,30.0,Early childhood_21_59d,Male
SAMN04461418,Blood,Blood,30.0,Early childhood_21_59d,Male
SAMN04461419,Blood,Blood,30.0,Early childhood_21_59d,Male
SAMN04461420,Blood,Blood,30.0,Early childhood_21_59d,Male
SAMN04461421,Blood,Blood,30.0,Early childhood_21_59d,Male
SAMN04461422,Blood,Blood,30.0,Early childhood_21_59d,Male
SAMN04461423,Blood,Blood,30.0,Early childhood_21_59d,Male
SAMN04461424,Blood,Blood,30.0,Early childhood_21_59d,Male
SAMN04461425,Blood,Blood,30.0,Early childhood_21_59d,Male
SAMN04461426,Blood,Blood,36.0,Early childhood_21_59d,Male
SAMN04461427,Blood,Blood,30.0,Early childhood_21_59d,Male
SAMN04484923,Muscle,Muscle,60.0,Pre_pubertal_60_149d,Unknown
SAMN04484924,Muscle,Muscle,60.0,Pre_pubertal_60_149d,Unknown
SAMN04484925,Ovary,Ovary,60.0,Pre_pubertal_60_149d,Unknown
SAMN04484926,Other,Other,60.0,Pre_pubertal_60_149d,Unknown
SAMN04484927,Spleen,Spleen,60.0,Pre_pubertal_60_149d,Unknown
SAMN04484928,Lung,Lung,60.0,Pre_pubertal_60_149d,Unknown
SAMN04484929,Kidney,Kidney,60.0,Pre_pubertal_60_149d,Unknown
SAMN04484930,Muscle,Muscle,60.0,Pre_pubertal_60_149d,Unknown
SAMN04484931,Muscle,Muscle,60.0,Pre_pubertal_60_149d,Unknown
SAMN04484932,Adipose,Adipose,60.0,Pre_pubertal_60_149d,Unknown
SAMN04484933,Ovary,Ovary,60.0,Pre_pubertal_60_149d,Unknown
SAMN04484934,Other,Other,60.0,Pre_pubertal_60_149d,Unknown
SAMN04484935,Heart,Heart,60.0,Pre_pubertal_60_149d,Unknown
SAMN04484936,Liver,Liver,60.0,Pre_pubertal_60_149d,Unknown
SAMN04484937,Spleen,Spleen,60.0,Pre_pubertal_60_149d,Unknown
SAMN04484938,Lung,Lung,60.0,Pre_pubertal_60_149d,Unknown
SAMN04484939,Kidney,Kidney,60.0,Pre_pubertal_60_149d,Unknown
SAMN04484940,Muscle,Muscle,60.0,Pre_pubertal_60_149d,Unknown
SAMN04484941,Muscle,Muscle,60.0,Pre_pubertal_60_149d,Unknown
SAMN04484942,Adipose,Adipose,60.0,Pre_pubertal_60_149d,Unknown
SAMN04484943,Ovary,Ovary,60.0,Pre_pubertal_60_149d,Unknown
SAMN04484944,Other,Other,60.0,Pre_pubertal_60_149d,Unknown
SAMN04484945,Heart,Heart,60.0,Pre_pubertal_60_149d,Unknown
SAMN04484946,Liver,Liver,60.0,Pre_pubertal_60_149d,Unknown
SAMN04484947,Spleen,Spleen,60.0,Pre_pubertal_60_149d,Unknown
SAMN04484948,Lung,Lung,60.0,Pre_pubertal_60_149d,Unknown
SAMN04484949,Kidney,Kidney,60.0,Pre_pubertal_60_149d,Unknown
SAMN04484950,Heart,Heart,60.0,Pre_pubertal_60_149d,Unknown
SAMN04484951,Liver,Liver,60.0,Pre_pubertal_60_149d,Unknown
SAMN04484952,Spleen,Spleen,60.0,Pre_pubertal_60_149d,Unknown
SAMN04484953,Lung,Lung,60.0,Pre_pubertal_60_149d,Unknown
SAMN04484954,Muscle,Muscle,60.0,Pre_pubertal_60_149d,Unknown
SAMN04484955,Heart,Heart,60.0,Pre_pubertal_60_149d,Unknown
SAMN04484956,Liver,Liver,60.0,Pre_pubertal_60_149d,Unknown
SAMN04484957,Spleen,Spleen,60.0,Pre_pubertal_60_149d,Unknown
SAMN04484958,Lung,Lung,60.0,Pre_pubertal_60_149d,Unknown
SAMN04484959,Kidney,Kidney,60.0,Pre_pubertal_60_149d,Unknown
SAMN04484960,Muscle,Muscle,60.0,Pre_pubertal_60_149d,Unknown
SAMN04484961,Muscle,Muscle,60.0,Pre_pubertal_60_149d,Unknown
SAMN04484962,Adipose,Adipose,60.0,Pre_pubertal_60_149d,Unknown
SAMN04484963,Ovary,Ovary,60.0,Pre_pubertal_60_149d,Unknown
SAMN04484964,Other,Other,60.0,Pre_pubertal_60_149d,Unknown
SAMN04484965,Heart,Heart,60.0,Pre_pubertal_60_149d,Unknown
SAMN04484966,Liver,Liver,60.0,Pre_pubertal_60_149d,Unknown
SAMN04484967,Spleen,Spleen,60.0,Pre_pubertal_60_149d,Unknown
SAMN04484968,Lung,Lung,60.0,Pre_pubertal_60_149d,Unknown
SAMN04484969,Kidney,Kidney,60.0,Pre_pubertal_60_149d,Unknown
SAMN04484970,Muscle,Muscle,60.0,Pre_pubertal_60_149d,Unknown
SAMN04484971,Muscle,Muscle,60.0,Pre_pubertal_60_149d,Unknown
SAMN04484972,Adipose,Adipose,60.0,Pre_pubertal_60_149d,Unknown
SAMN04484973,Ovary,Ovary,60.0,Pre_pubertal_60_149d,Unknown
SAMN04484974,Other,Other,60.0,Pre_pubertal_60_149d,Unknown
SAMN04484975,Heart,Heart,60.0,Pre_pubertal_60_149d,Unknown
SAMN04484976,Liver,Liver,60.0,Pre_pubertal_60_149d,Unknown
SAMN04484977,Heart,Heart,60.0,Pre_pubertal_60_149d,Unknown
SAMN04484978,Liver,Liver,60.0,Pre_pubertal_60_149d,Unknown
SAMN04484979,Spleen,Spleen,60.0,Pre_pubertal_60_149d,Unknown
SAMN04484980,Lung,Lung,60.0,Pre_pubertal_60_149d,Unknown
SAMN04484981,Kidney,Kidney,60.0,Pre_pubertal_60_149d,Unknown
SAMN04484982,Muscle,Muscle,60.0,Pre_pubertal_60_149d,Unknown
SAMN04484983,Muscle,Muscle,60.0,Pre_pubertal_60_149d,Unknown
SAMN04484984,Adipose,Adipose,60.0,Pre_pubertal_60_149d,Unknown
SAMN04484985,Muscle,Muscle,60.0,Pre_pubertal_60_149d,Unknown
SAMN04484986,Adipose,Adipose,60.0,Pre_pubertal_60_149d,Unknown
SAMN04484987,Ovary,Ovary,60.0,Pre_pubertal_60_149d,Unknown
SAMN04484988,Other,Other,60.0,Pre_pubertal_60_149d,Unknown
SAMN04484989,Kidney,Kidney,60.0,Pre_pubertal_60_149d,Unknown
SAMN04484990,Muscle,Muscle,60.0,Pre_pubertal_60_149d,Unknown
SAMN04484991,Muscle,Muscle,60.0,Pre_pubertal_60_149d,Unknown
SAMN04484992,Adipose,Adipose,60.0,Pre_pubertal_60_149d,Unknown
SAMN04484993,Ovary,Ovary,60.0,Pre_pubertal_60_149d,Unknown
SAMN04484994,Other,Other,60.0,Pre_pubertal_60_149d,Unknown
SAMN04484995,Heart,Heart,60.0,Pre_pubertal_60_149d,Unknown
SAMN04484996,Liver,Liver,60.0,Pre_pubertal_60_149d,Unknown
SAMN04484997,Spleen,Spleen,60.0,Pre_pubertal_60_149d,Unknown
SAMN04484998,Lung,Lung,60.0,Pre_pubertal_60_149d,Unknown
SAMN04484999,Kidney,Kidney,60.0,Pre_pubertal_60_149d,Unknown
SAMN04485000,Muscle,Muscle,60.0,Pre_pubertal_60_149d,Unknown
SAMN04485001,Muscle,Muscle,60.0,Pre_pubertal_60_149d,Unknown
SAMN04485002,Adipose,Adipose,60.0,Pre_pubertal_60_149d,Unknown
SAMN04485003,Ovary,Ovary,60.0,Pre_pubertal_60_149d,Unknown
SAMN04485004,Other,Other,60.0,Pre_pubertal_60_149d,Unknown
SAMN04485005,Heart,Heart,60.0,Pre_pubertal_60_149d,Unknown
SAMN04485006,Liver,Liver,60.0,Pre_pubertal_60_149d,Unknown
SAMN04485007,Spleen,Spleen,60.0,Pre_pubertal_60_149d,Unknown
SAMN04485008,Kidney,Kidney,60.0,Pre_pubertal_60_149d,Unknown
SAMN04485009,Muscle,Muscle,60.0,Pre_pubertal_60_149d,Unknown
SAMN04485010,Muscle,Muscle,60.0,Pre_pubertal_60_149d,Unknown
SAMN04485011,Adipose,Adipose,60.0,Pre_pubertal_60_149d,Unknown
SAMN04485012,Ovary,Ovary,60.0,Pre_pubertal_60_149d,Unknown
SAMN04485013,Other,Other,60.0,Pre_pubertal_60_149d,Unknown
SAMN04485014,Spleen,Spleen,60.0,Pre_pubertal_60_149d,Unknown
SAMN04498952,Unknown,Unknown,90.0,Pre_pubertal_60_149d,Male
SAMN04498953,Unknown,Unknown,90.0,Pre_pubertal_60_149d,Male
SAMN04498954,Unknown,Unknown,90.0,Pre_pubertal_60_149d,Male
SAMN04500727,Ovary,Ovary,,Adult_>365d,Female
SAMN04521281,Blood,Blood,,Adult_>365d,Female
SAMN04521282,Blood,Blood,,Adult_>365d,Female
SAMN04521283,Blood,Blood,,Adult_>365d,Female
SAMN04521284,Blood,Blood,,Adult_>365d,Female
SAMN04521285,Blood,Blood,,Adult_>365d,Female
SAMN04521286,Blood,Blood,,Adult_>365d,Female
SAMN04521287,Blood,Blood,,Adult_>365d,Female
SAMN04521288,Blood,Blood,,Adult_>365d,Female
SAMN04521289,Blood,Blood,,Adult_>365d,Female
SAMN04521290,Blood,Blood,,Adult_>365d,Female
SAMN04521291,Blood,Blood,,Adult_>365d,Female
SAMN04521292,Blood,Blood,,Adult_>365d,Female
SAMN04521293,Blood,Blood,,Adult_>365d,Female
SAMN04521294,Blood,Blood,,Adult_>365d,Female
SAMN04521295,Blood,Blood,,Adult_>365d,Male
SAMN04521296,Blood,Blood,,Adult_>365d,Male
SAMN04521297,Blood,Blood,,Adult_>365d,Male
SAMN04521298,Blood,Blood,,Adult_>365d,Male
SAMN04521299,Blood,Blood,,Adult_>365d,Male
SAMN04521300,Blood,Blood,,Adult_>365d,Male
SAMN04521301,Blood,Blood,,Adult_>365d,Male
SAMN04521302,Blood,Blood,,Adult_>365d,Female
SAMN04521303,Blood,Blood,,Adult_>365d,Female
SAMN04521304,Blood,Blood,,Adult_>365d,Female
SAMN04521305,Blood,Blood,,Adult_>365d,Female
SAMN04521306,Blood,Blood,,Adult_>365d,Female
SAMN04521307,Blood,Blood,,Adult_>365d,Male
SAMN04521308,Blood,Blood,,Adult_>365d,Male
SAMN04521309,Blood,Blood,,Adult_>365d,Male
SAMN04521310,Blood,Blood,,Adult_>365d,Male
SAMN04521311,Blood,Blood,,Adult_>365d,Female
SAMN04521312,Blood,Blood,,Adult_>365d,Female
SAMN04521313,Blood,Blood,,Adult_>365d,Female
SAMN04521314,Blood,Blood,,Adult_>365d,Female
SAMN04521315,Blood,Blood,,Adult_>365d,Female
SAMN04521316,Blood,Blood,,Adult_>365d,Female
SAMN04521317,Blood,Blood,,Adult_>365d,Female
SAMN04521318,Blood,Blood,,Adult_>365d,Female
SAMN04521319,Blood,Blood,,Adult_>365d,Female
SAMN04521320,Blood,Blood,,Adult_>365d,Female
SAMN04521321,Blood,Blood,,Adult_>365d,Female
SAMN04521322,Blood,Blood,,Adult_>365d,Female
SAMN04521323,Unknown,Unknown,,Adult_>365d,Male
SAMN04521324,Unknown,Unknown,,Adult_>365d,Male
SAMN04521325,Unknown,Unknown,,Adult_>365d,Male
SAMN04521326,Blood,Blood,,Adult_>365d,Male
SAMN04521327,Blood,Blood,,Adult_>365d,Male
SAMN04521328,Blood,Blood,,Adult_>365d,Male
SAMN04521329,Unknown,Unknown,,Adult_>365d,Male
SAMN04521330,Unknown,Unknown,,Adult_>365d,Female
SAMN04521331,Blood,Blood,,Adult_>365d,Female
SAMN04521332,Blood,Blood,,Adult_>365d,Female
SAMN04521333,Blood,Blood,,Adult_>365d,Female
SAMN04521334,Blood,Blood,,Adult_>365d,Female
SAMN04521335,Blood,Blood,,Adult_>365d,Female
SAMN04521336,Blood,Blood,,Adult_>365d,Female
SAMN04521337,Blood,Blood,,Adult_>365d,Female
SAMN04521338,Blood,Blood,,Adult_>365d,Female
SAMN04521339,Blood,Blood,,Adult_>365d,Female
SAMN04521340,Blood,Blood,,Adult_>365d,Female
SAMN04521341,Blood,Blood,,Adult_>365d,Female
SAMN04521342,Blood,Blood,,Adult_>365d,Female
SAMN04521343,Blood,Blood,,Adult_>365d,Female
SAMN04521344,Blood,Blood,,Adult_>365d,Female
SAMN04521345,Blood,Blood,,Adult_>365d,Female
SAMN04521346,Blood,Blood,,Adult_>365d,Female
SAMN04521347,Blood,Blood,,Adult_>365d,Female
SAMN04521348,Blood,Blood,,Adult_>365d,Female
SAMN04521349,Blood,Blood,,Adult_>365d,Female
SAMN04521350,Blood,Blood,,Adult_>365d,Female
SAMN04521351,Blood,Blood,,Adult_>365d,Female
SAMN04521352,Unknown,Unknown,,Adult_>365d,Female
SAMN04521353,Blood,Blood,,Adult_>365d,Female
SAMN04521354,Blood,Blood,,Adult_>365d,Female
SAMN04521355,Blood,Blood,,Adult_>365d,Female
SAMN04521356,Blood,Blood,,Adult_>365d,Female
SAMN04521357,Blood,Blood,,Adult_>365d,Female
SAMN04521358,Blood,Blood,,Adult_>365d,Female
SAMN04521359,Blood,Blood,,Adult_>365d,Female
SAMN04521360,Blood,Blood,,Adult_>365d,Female
SAMN04521361,Blood,Blood,,Adult_>365d,Female
SAMN04521362,Blood,Blood,,Adult_>365d,Female
SAMN04521363,Blood,Blood,,Adult_>365d,Female
SAMN04521364,Blood,Blood,,Adult_>365d,Female
SAMN04521365,Blood,Blood,,Adult_>365d,Female
SAMN04521366,Blood,Blood,,Adult_>365d,Female
SAMN04521367,Blood,Blood,,Adult_>365d,Female
SAMN04521368,Blood,Blood,,Adult_>365d,Female
SAMN04521369,Blood,Blood,,Adult_>365d,Female
SAMN04521370,Blood,Blood,,Adult_>365d,Male
SAMN04521371,Blood,Blood,,Adult_>365d,Male
SAMN04521372,Unknown,Unknown,,Adult_>365d,Male
SAMN04521373,Unknown,Unknown,,Adult_>365d,Male
SAMN04521374,Blood,Blood,,Adult_>365d,Male
SAMN04521375,Unknown,Unknown,,Adult_>365d,Male
SAMN04521376,Blood,Blood,,Adult_>365d,Male
SAMN04521377,Blood,Blood,,Adult_>365d,Male
SAMN04521378,Blood,Blood,,Adult_>365d,Male
SAMN04521379,Blood,Blood,,Adult_>365d,Male
SAMN04521380,Blood,Blood,,Adult_>365d,Male
SAMN04521381,Blood,Blood,,Adult_>365d,Male
SAMN04521382,Blood,Blood,,Adult_>365d,Male
SAMN04521383,Blood,Blood,,Adult_>365d,Male
SAMN04521384,Blood,Blood,,Adult_>365d,Male
SAMN04521385,Blood,Blood,,Adult_>365d,Female
SAMN04521386,Blood,Blood,,Adult_>365d,Female
SAMN04521387,Blood,Blood,,Adult_>365d,Female
SAMN04521388,Blood,Blood,,Adult_>365d,Female
SAMN04521389,Blood,Blood,,Adult_>365d,Female
SAMN04521390,Blood,Blood,,Adult_>365d,Female
SAMN04521391,Blood,Blood,,Adult_>365d,Female
SAMN04521392,Blood,Blood,,Adult_>365d,Female
SAMN04521393,Blood,Blood,,Adult_>365d,Female
SAMN04521394,Blood,Blood,,Adult_>365d,Female
SAMN04521395,Blood,Blood,,Adult_>365d,Female
SAMN04521396,Blood,Blood,,Adult_>365d,Female
SAMN04521397,Blood,Blood,,Adult_>365d,Female
SAMN04521398,Blood,Blood,,Adult_>365d,Female
SAMN04521399,Blood,Blood,,Adult_>365d,Female
SAMN04521400,Blood,Blood,,Adult_>365d,Female
SAMN04521401,Blood,Blood,,Adult_>365d,Female
SAMN04521402,Blood,Blood,,Adult_>365d,Female
SAMN04521403,Blood,Blood,,Adult_>365d,Female
SAMN04521404,Blood,Blood,,Adult_>365d,Female
SAMN04521405,Unknown,Unknown,,Adult_>365d,Female
SAMN04521406,Blood,Blood,,Adult_>365d,Male
SAMN04521407,Blood,Blood,,Adult_>365d,Male
SAMN04521408,Blood,Blood,,Adult_>365d,Male
SAMN04521409,Blood,Blood,,Adult_>365d,Male
SAMN04521410,Blood,Blood,,Adult_>365d,Male
SAMN04521411,Blood,Blood,,Adult_>365d,Male
SAMN04521412,Blood,Blood,,Adult_>365d,Male
SAMN04521413,Blood,Blood,,Adult_>365d,Female
SAMN04521414,Blood,Blood,,Adult_>365d,Female
SAMN04521415,Blood,Blood,,Adult_>365d,Female
SAMN04521416,Blood,Blood,,Adult_>365d,Female
SAMN04521417,Blood,Blood,,Adult_>365d,Female
SAMN04521418,Blood,Blood,,Adult_>365d,Female
SAMN04521419,Blood,Blood,,Adult_>365d,Male
SAMN04521420,Blood,Blood,,Adult_>365d,Male
SAMN04521421,Blood,Blood,,Adult_>365d,Male
SAMN04521422,Blood,Blood,,Adult_>365d,Male
SAMN04521423,Blood,Blood,,Adult_>365d,Male
SAMN04521424,Blood,Blood,,Adult_>365d,Male
SAMN04521425,Blood,Blood,,Adult_>365d,Male
SAMN04521426,Blood,Blood,,Adult_>365d,Female
SAMN04521427,Blood,Blood,,Adult_>365d,Female
SAMN04521428,Blood,Blood,,Adult_>365d,Female
SAMN04521429,Blood,Blood,,Adult_>365d,Female
SAMN04521430,Blood,Blood,,Adult_>365d,Male
SAMN04521431,Blood,Blood,,Adult_>365d,Male
SAMN04521432,Blood,Blood,,Adult_>365d,Male
SAMN04521433,Blood,Blood,,Adult_>365d,Male
SAMN04521434,Blood,Blood,,Adult_>365d,Male
SAMN04521435,Blood,Blood,,Adult_>365d,Male
SAMN04521436,Blood,Blood,,Adult_>365d,Male
SAMN04521437,Blood,Blood,,Adult_>365d,Male
SAMN04521438,Blood,Blood,,Adult_>365d,Male
SAMN04521439,Blood,Blood,,Adult_>365d,Male
SAMN04521440,Blood,Blood,,Adult_>365d,Male
SAMN04521441,Blood,Blood,,Adult_>365d,Female
SAMN04521442,Blood,Blood,,Adult_>365d,Female
SAMN04521443,Blood,Blood,,Adult_>365d,Female
SAMN04521444,Blood,Blood,,Adult_>365d,Female
SAMN04521445,Blood,Blood,,Adult_>365d,Female
SAMN04521446,Blood,Blood,,Adult_>365d,Female
SAMN04521447,Blood,Blood,,Adult_>365d,Female
SAMN04521448,Blood,Blood,,Adult_>365d,Male
SAMN04521449,Blood,Blood,,Adult_>365d,Male
SAMN04521450,Blood,Blood,,Adult_>365d,Male
SAMN04521451,Blood,Blood,,Adult_>365d,Male
SAMN04521452,Blood,Blood,,Adult_>365d,Male
SAMN04521453,Blood,Blood,,Adult_>365d,Male
SAMN04521454,Blood,Blood,,Adult_>365d,Male
SAMN04521455,Blood,Blood,,Adult_>365d,Female
SAMN04521456,Blood,Blood,,Adult_>365d,Female
SAMN04521457,Blood,Blood,,Adult_>365d,Female
SAMN04521458,Blood,Blood,,Adult_>365d,Female
SAMN04521459,Unknown,Unknown,,Adult_>365d,Female
SAMN04573016,Other,Other,,Adult_>365d,Unknown
SAMN04573017,Other,Other,,Adult_>365d,Unknown
SAMN04573018,Other,Other,,Adult_>365d,Unknown
SAMN04573019,Other,Other,,Adult_>365d,Unknown
SAMN04573020,Other,Other,,Adult_>365d,Unknown
SAMN04579652,Other,Other,,Adult_>365d,Unknown
SAMN04631763,Spleen,Spleen,90.0,Pre_pubertal_60_149d,Pooled
SAMN04858538,Spleen,Spleen,90.0,Pre_pubertal_60_149d,Pooled
SAMN04893412,Other,Other,1.0,Infant_0_20d,Unknown
SAMN04893413,Other,Other,1.0,Infant_0_20d,Unknown
SAMN04893414,Other,Other,1.0,Infant_0_20d,Unknown
SAMN04893415,Other,Other,1.0,Infant_0_20d,Unknown
SAMN04893416,Other,Other,1.0,Infant_0_20d,Unknown
SAMN04893417,Other,Other,1.0,Infant_0_20d,Unknown
SAMN04901704,Other,Other,30.0,Early childhood_21_59d,Unknown
SAMN04901705,Other,Other,30.0,Early childhood_21_59d,Unknown
SAMN06972145,Muscle,Muscle,3.0,Infant_0_20d,Unknown
SAMN06972146,Muscle,Muscle,3.0,Infant_0_20d,Unknown
SAMN06972161,Muscle,Muscle,3.0,Infant_0_20d,Unknown
SAMN06972162,Muscle,Muscle,3.0,Infant_0_20d,Unknown
SAMN06972163,Muscle,Muscle,3.0,Infant_0_20d,Unknown
SAMN06972164,Muscle,Muscle,3.0,Infant_0_20d,Unknown
SAMN05163537,Muscle,Muscle,0.0,Infant_0_20d,Unknown
SAMN05163538,Muscle,Muscle,0.0,Infant_0_20d,Unknown
SAMN05163539,Muscle,Muscle,0.0,Infant_0_20d,Unknown
SAMN05163540,Muscle,Muscle,0.0,Infant_0_20d,Unknown
SAMN05163541,Muscle,Muscle,0.0,Infant_0_20d,Unknown
SAMN05163542,Muscle,Muscle,0.0,Infant_0_20d,Unknown
SAMN05188549,Liver,Liver,150.0,Post_pubertal_150_365d,Male
SAMN05188550,Liver,Liver,150.0,Post_pubertal_150_365d,Male
SAMN05188551,Liver,Liver,150.0,Post_pubertal_150_365d,Male
SAMN05188552,Liver,Liver,150.0,Post_pubertal_150_365d,Male
SAMN05188553,Liver,Liver,150.0,Post_pubertal_150_365d,Male
SAMN05188555,Liver,Liver,150.0,Post_pubertal_150_365d,Male
SAMN05233211,Muscle,Muscle,,Adult_>365d,Unknown
SAMN05233213,Muscle,Muscle,,Adult_>365d,Unknown
SAMN05293635,Muscle,Muscle,,Adult_>365d,Unknown
SAMN05293636,Muscle,Muscle,,Adult_>365d,Unknown
SAMN05388805,Other,Other,,Adult_>365d,Female
SAMN05388806,Other,Other,,Adult_>365d,Female
SAMN05388807,Other,Other,,Adult_>365d,Female
SAMN05388808,Other,Other,,Adult_>365d,Female
SAMN05388809,Other,Other,,Adult_>365d,Female
SAMN05388810,Other,Other,,Adult_>365d,Female
SAMN05388812,Other,Other,,Adult_>365d,Female
SAMN05388813,Other,Other,,Adult_>365d,Female
SAMN05388814,Other,Other,,Adult_>365d,Female
SAMN05388815,Other,Other,,Adult_>365d,Female
SAMN05388816,Other,Other,,Adult_>365d,Female
SAMN05388817,Other,Other,,Adult_>365d,Female
SAMN05440171,Unknown,Unknown,,Adult_>365d,Unknown
SAMN05440174,Unknown,Unknown,,Adult_>365d,Unknown
SAMN05601646,Adipose,Adipose,,Adult_>365d,Male
SAMN05601647,Adipose,Adipose,,Adult_>365d,Male
SAMN05601648,Adipose,Adipose,,Adult_>365d,Male
SAMN05601649,Adipose,Adipose,,Adult_>365d,Male
SAMN05601650,Adipose,Adipose,,Adult_>365d,Male
SAMN05601651,Adipose,Adipose,,Adult_>365d,Male
SAMN05601652,Adipose,Adipose,,Adult_>365d,Male
SAMN05601653,Adipose,Adipose,,Adult_>365d,Male
SAMN05601654,Adipose,Adipose,,Adult_>365d,Male
SAMN05601655,Adipose,Adipose,,Adult_>365d,Male
SAMN05601656,Adipose,Adipose,,Adult_>365d,Male
SAMN05601657,Adipose,Adipose,,Adult_>365d,Male
SAMN05601658,Adipose,Adipose,,Adult_>365d,Male
SAMN05601659,Adipose,Adipose,,Adult_>365d,Male
SAMN05601660,Adipose,Adipose,,Adult_>365d,Male
SAMN05601661,Adipose,Adipose,,Adult_>365d,Male
SAMN05601662,Adipose,Adipose,,Adult_>365d,Male
SAMN05601663,Adipose,Adipose,,Adult_>365d,Male
SAMN05710532,Muscle,Muscle,,Adult_>365d,Unknown
SAMN05710533,Muscle,Muscle,,Adult_>365d,Unknown
SAMN05710534,Muscle,Muscle,,Adult_>365d,Unknown
SAMN05710535,Muscle,Muscle,,Adult_>365d,Unknown
SAMN05710536,Muscle,Muscle,,Adult_>365d,Unknown
SAMN05710537,Muscle,Muscle,,Adult_>365d,Unknown
SAMN05730653,Muscle,Muscle,1.0,Infant_0_20d,Male
SAMN05730654,Muscle,Muscle,1.0,Infant_0_20d,Male
SAMN05730655,Muscle,Muscle,1.0,Infant_0_20d,Male
SAMN05730658,Muscle,Muscle,120.0,Pre_pubertal_60_149d,Male
SAMN05730659,Muscle,Muscle,120.0,Pre_pubertal_60_149d,Male
SAMN05730660,Muscle,Muscle,120.0,Pre_pubertal_60_149d,Male
SAMN05730661,Muscle,Muscle,120.0,Pre_pubertal_60_149d,Male
SAMN05730662,Muscle,Muscle,120.0,Pre_pubertal_60_149d,Male
SAMN05730663,Muscle,Muscle,120.0,Pre_pubertal_60_149d,Male
SAMN05730664,Muscle,Muscle,120.0,Pre_pubertal_60_149d,Male
SAMN05730665,Muscle,Muscle,120.0,Pre_pubertal_60_149d,Male
SAMN05730666,Muscle,Muscle,120.0,Pre_pubertal_60_149d,Male
SAMN05730667,Muscle,Muscle,120.0,Pre_pubertal_60_149d,Male
SAMN05730668,Muscle,Muscle,120.0,Pre_pubertal_60_149d,Male
SAMN05730669,Muscle,Muscle,120.0,Pre_pubertal_60_149d,Male
SAMN05730670,Muscle,Muscle,1.0,Infant_0_20d,Male
SAMN05730671,Muscle,Muscle,1.0,Infant_0_20d,Male
SAMN05730672,Muscle,Muscle,1.0,Infant_0_20d,Male
SAMN05730673,Muscle,Muscle,1.0,Infant_0_20d,Male
SAMN05730674,Muscle,Muscle,1.0,Infant_0_20d,Male
SAMN05730675,Muscle,Muscle,1.0,Infant_0_20d,Male
SAMN05730676,Muscle,Muscle,1.0,Infant_0_20d,Male
SAMN05730677,Muscle,Muscle,1.0,Infant_0_20d,Male
SAMN05730678,Muscle,Muscle,1.0,Infant_0_20d,Male
SAMN05762247,Muscle,Muscle,90.0,Pre_pubertal_60_149d,Male
SAMN05771457,Muscle,Muscle,300.0,Post_pubertal_150_365d,Male
SAMN05771462,Muscle,Muscle,300.0,Post_pubertal_150_365d,Male
SAMN05785620,Muscle,Muscle,1.0,Infant_0_20d,Pooled
SAMN05785621,Muscle,Muscle,1.0,Infant_0_20d,Pooled
SAMN05804737,Fibroblast,Fibroblast,,Adult_>365d,Male
SAMN05804738,Fibroblast,Fibroblast,,Adult_>365d,Male
SAMN05804739,iPS,iPS,,Adult_>365d,Male
SAMN05804740,iPS,iPS,,Adult_>365d,Male
SAMN05804741,iPS,iPS,,Adult_>365d,Male
SAMN05804742,iPS,iPS,,Adult_>365d,Male
SAMN05826431,iPS,iPS,,Adult_>365d,Unknown
SAMN05826432,iPS,iPS,,Adult_>365d,Unknown
SAMN05826433,iPS,iPS,,Adult_>365d,Unknown
SAMN05826434,iPS,iPS,,Adult_>365d,Unknown
SAMN05826435,Fibroblast,Fibroblast,,Adult_>365d,Unknown
SAMN05826436,Fibroblast,Fibroblast,,Adult_>365d,Unknown
SAMN05830994,Adipose,Adipose,180.0,Post_pubertal_150_365d,Male
SAMN05830995,Adipose,Adipose,180.0,Post_pubertal_150_365d,Male
SAMN05830996,Muscle,Muscle,180.0,Post_pubertal_150_365d,Male
SAMN05830997,Adipose,Adipose,180.0,Post_pubertal_150_365d,Male
SAMN05830998,Muscle,Muscle,180.0,Post_pubertal_150_365d,Male
SAMN05830999,Adipose,Adipose,180.0,Post_pubertal_150_365d,Male
SAMN05831000,Adipose,Adipose,180.0,Post_pubertal_150_365d,Male
SAMN05831001,Muscle,Muscle,180.0,Post_pubertal_150_365d,Male
SAMN05831002,Adipose,Adipose,180.0,Post_pubertal_150_365d,Male
SAMN05831003,Muscle,Muscle,180.0,Post_pubertal_150_365d,Male
SAMN05831004,Adipose,Adipose,180.0,Post_pubertal_150_365d,Male
SAMN05831005,Muscle,Muscle,180.0,Post_pubertal_150_365d,Male
SAMN05831006,Adipose,Adipose,180.0,Post_pubertal_150_365d,Male
SAMN05831007,Muscle,Muscle,180.0,Post_pubertal_150_365d,Male
SAMN05831008,Adipose,Adipose,180.0,Post_pubertal_150_365d,Male
SAMN05831009,Muscle,Muscle,180.0,Post_pubertal_150_365d,Male
SAMN05831010,Adipose,Adipose,180.0,Post_pubertal_150_365d,Male
SAMN05831011,Muscle,Muscle,180.0,Post_pubertal_150_365d,Male
SAMN05831012,Adipose,Adipose,180.0,Post_pubertal_150_365d,Male
SAMN05831013,Muscle,Muscle,180.0,Post_pubertal_150_365d,Male
SAMN05831014,Adipose,Adipose,180.0,Post_pubertal_150_365d,Male
SAMN05831015,Muscle,Muscle,180.0,Post_pubertal_150_365d,Male
SAMN05831016,Adipose,Adipose,180.0,Post_pubertal_150_365d,Male
SAMN05831017,Muscle,Muscle,180.0,Post_pubertal_150_365d,Male
SAMN05831018,Adipose,Adipose,180.0,Post_pubertal_150_365d,Male
SAMN05831019,Muscle,Muscle,180.0,Post_pubertal_150_365d,Male
SAMN05831020,Adipose,Adipose,180.0,Post_pubertal_150_365d,Male
SAMN05831021,Muscle,Muscle,180.0,Post_pubertal_150_365d,Male
SAMN05831022,Adipose,Adipose,180.0,Post_pubertal_150_365d,Male
SAMN05831023,Muscle,Muscle,180.0,Post_pubertal_150_365d,Male
SAMN05831024,Adipose,Adipose,180.0,Post_pubertal_150_365d,Male
SAMN05831025,Muscle,Muscle,180.0,Post_pubertal_150_365d,Male
SAMN05831026,Adipose,Adipose,180.0,Post_pubertal_150_365d,Male
SAMN05831027,Muscle,Muscle,180.0,Post_pubertal_150_365d,Male
SAMN05831028,Adipose,Adipose,180.0,Post_pubertal_150_365d,Male
SAMN05831029,Muscle,Muscle,180.0,Post_pubertal_150_365d,Male
SAMN05831030,Adipose,Adipose,180.0,Post_pubertal_150_365d,Male
SAMN05831031,Adipose,Adipose,180.0,Post_pubertal_150_365d,Male
SAMN05831032,Muscle,Muscle,180.0,Post_pubertal_150_365d,Male
SAMN05831033,Adipose,Adipose,180.0,Post_pubertal_150_365d,Male
SAMN05831034,Muscle,Muscle,180.0,Post_pubertal_150_365d,Male
SAMN05831035,Adipose,Adipose,180.0,Post_pubertal_150_365d,Male
SAMN05831036,Muscle,Muscle,180.0,Post_pubertal_150_365d,Male
SAMN05831037,Adipose,Adipose,180.0,Post_pubertal_150_365d,Male
SAMN05831038,Muscle,Muscle,180.0,Post_pubertal_150_365d,Male
SAMN05831958,Unknown,Unknown,,Adult_>365d,Pooled
SAMN05862197,Unknown,Unknown,,Adult_>365d,Unknown
SAMN05862198,Adipose,Adipose,,Adult_>365d,Unknown
SAMN05862199,Adipose,Adipose,,Adult_>365d,Unknown
SAMN05862200,Unknown,Unknown,,Adult_>365d,Unknown
SAMN05862201,Adipose,Adipose,,Adult_>365d,Unknown
SAMN05862202,Unknown,Unknown,,Adult_>365d,Unknown
SAMN05862203,Unknown,Unknown,,Adult_>365d,Unknown
SAMN05862210,Unknown,Unknown,,Adult_>365d,Unknown
SAMN05868441,Muscle,Muscle,300.0,Post_pubertal_150_365d,Unknown
SAMN05891558,Embryo,Embryo,0.0,Infant_0_20d,Unknown
SAMN05891559,Embryo,Embryo,0.0,Infant_0_20d,Unknown
SAMN05891560,Embryo,Embryo,0.0,Infant_0_20d,Unknown
SAMN05891561,Embryo,Embryo,0.0,Infant_0_20d,Unknown
SAMN05891562,Embryo,Embryo,0.0,Infant_0_20d,Unknown
SAMN05891563,Embryo,Embryo,0.0,Infant_0_20d,Unknown
SAMN05893563,Other,Other,90.0,Pre_pubertal_60_149d,Unknown
SAMN05893564,Other,Other,90.0,Pre_pubertal_60_149d,Unknown
SAMN05893565,Other,Other,90.0,Pre_pubertal_60_149d,Unknown
SAMN05893573,Other,Other,90.0,Pre_pubertal_60_149d,Unknown
SAMN05893574,Other,Other,90.0,Pre_pubertal_60_149d,Unknown
SAMN05893575,Other,Other,90.0,Pre_pubertal_60_149d,Unknown
SAMN05896256,Adipose,Adipose,300.0,Post_pubertal_150_365d,Male
SAMN05896257,Adipose,Adipose,300.0,Post_pubertal_150_365d,Male
SAMN05925099,Cartilage,Cartilage,160.0,Post_pubertal_150_365d,Female
SAMN05925100,Cartilage,Cartilage,160.0,Post_pubertal_150_365d,Female
SAMN05925101,Cartilage,Cartilage,160.0,Post_pubertal_150_365d,Female
SAMN05925102,Cartilage,Cartilage,160.0,Post_pubertal_150_365d,Female
SAMN05925103,Cartilage,Cartilage,160.0,Post_pubertal_150_365d,Female
SAMN05925104,Cartilage,Cartilage,160.0,Post_pubertal_150_365d,Female
SAMN05925105,Cartilage,Cartilage,160.0,Post_pubertal_150_365d,Female
SAMN05925106,Cartilage,Cartilage,160.0,Post_pubertal_150_365d,Female
SAMN05941811,Other,Other,60.0,Pre_pubertal_60_149d,Male
SAMN05941812,Other,Other,60.0,Pre_pubertal_60_149d,Male
SAMN05941813,Other,Other,60.0,Pre_pubertal_60_149d,Male
SAMN05941814,Other,Other,60.0,Pre_pubertal_60_149d,Male
SAMN05941815,Other,Other,60.0,Pre_pubertal_60_149d,Male
SAMN05941816,Other,Other,60.0,Pre_pubertal_60_149d,Male
SAMN05941817,Other,Other,60.0,Pre_pubertal_60_149d,Male
SAMN05941818,Other,Other,60.0,Pre_pubertal_60_149d,Male
SAMN05952593,Muscle,Muscle,48.0,Early childhood_21_59d,Male
SAMN05952594,Brain,Brain,48.0,Early childhood_21_59d,Male
SAMN05952595,Brain,Hypothalamus,48.0,Early childhood_21_59d,Male
SAMN05952596,Spleen,Spleen,48.0,Early childhood_21_59d,Male
SAMN05952612,Liver,Liver,48.0,Early childhood_21_59d,Male
SAMN05952613,Other,Other,48.0,Early childhood_21_59d,Male
SAMN05952614,Other,Other,48.0,Early childhood_21_59d,Male
SAMN05952615,Small intestine,Small intestine,48.0,Early childhood_21_59d,Male
SAMN05952626,Brain,Pituitary,48.0,Early childhood_21_59d,Male
SAMN05981317,Blood,Macrophage,28.0,Early childhood_21_59d,Unknown
SAMN05981318,Unknown,Unknown,28.0,Early childhood_21_59d,Unknown
SAMN05981319,Blood,Macrophage,28.0,Early childhood_21_59d,Unknown
SAMN05981320,Blood,Macrophage,28.0,Early childhood_21_59d,Unknown
SAMN05981321,Blood,Macrophage,28.0,Early childhood_21_59d,Unknown
SAMN05981322,Blood,Macrophage,28.0,Early childhood_21_59d,Unknown
SAMN05981323,Blood,Macrophage,28.0,Early childhood_21_59d,Unknown
SAMN05981324,Blood,Macrophage,28.0,Early childhood_21_59d,Unknown
SAMN05981325,Blood,Macrophage,28.0,Early childhood_21_59d,Unknown
SAMN05981326,Blood,Macrophage,28.0,Early childhood_21_59d,Unknown
SAMN05981327,Blood,Macrophage,28.0,Early childhood_21_59d,Unknown
SAMN05981328,Blood,Macrophage,28.0,Early childhood_21_59d,Unknown
SAMN06008902,Blood,Macrophage,,Adult_>365d,Unknown
SAMN06008903,Blood,Macrophage,,Adult_>365d,Unknown
SAMN06008904,Blood,Macrophage,,Adult_>365d,Unknown
SAMN06008905,Blood,Macrophage,,Adult_>365d,Unknown
SAMN06008906,Blood,Macrophage,,Adult_>365d,Unknown
SAMN06008907,Unknown,Unknown,,Adult_>365d,Unknown
SAMN06008908,Unknown,Unknown,,Adult_>365d,Unknown
SAMN06008909,Unknown,Unknown,,Adult_>365d,Unknown
SAMN06008910,Blood,Macrophage,,Adult_>365d,Unknown
SAMN06008911,Blood,Macrophage,,Adult_>365d,Unknown
SAMN06008912,Blood,Macrophage,,Adult_>365d,Unknown
SAMN06008913,Blood,Macrophage,,Adult_>365d,Unknown
SAMN06045918,Adipose,Adipose,180.0,Post_pubertal_150_365d,Female
SAMN06045919,Liver,Liver,180.0,Post_pubertal_150_365d,Female
SAMN06045920,Muscle,Muscle,180.0,Post_pubertal_150_365d,Female
SAMN06047099,Muscle,Muscle,120.0,Pre_pubertal_60_149d,Unknown
SAMN06047100,Muscle,Muscle,60.0,Pre_pubertal_60_149d,Unknown
SAMN06047101,Muscle,Muscle,240.0,Post_pubertal_150_365d,Unknown
SAMN06047102,Muscle,Muscle,400.0,Adult_>365d,Unknown
SAMN06054305,Muscle,Muscle,,Adult_>365d,Female
SAMN06054306,Muscle,Muscle,,Adult_>365d,Female
SAMN06054307,Muscle,Muscle,,Adult_>365d,Female
SAMN06054308,Muscle,Muscle,,Adult_>365d,Female
SAMN06054309,Muscle,Muscle,,Adult_>365d,Female
SAMN06054310,Muscle,Muscle,,Adult_>365d,Female
SAMN06101738,IPEC,IPEC,,Adult_>365d,Unknown
SAMN06101739,IPEC,IPEC,,Adult_>365d,Unknown
SAMN06101740,IPEC,IPEC,,Adult_>365d,Unknown
SAMN06101741,IPEC,IPEC,,Adult_>365d,Unknown
SAMN06118136,Muscle,Muscle,2.0,Infant_0_20d,Male
SAMN06118138,Muscle,Muscle,2.0,Infant_0_20d,Male
SAMN06118381,Muscle,Muscle,2.0,Infant_0_20d,Male
SAMN06118382,Muscle,Muscle,2.0,Infant_0_20d,Male
SAMN06118383,Muscle,Muscle,2.0,Infant_0_20d,Male
SAMN06118384,Muscle,Muscle,2.0,Infant_0_20d,Male
SAMN06141065,Other,Other,,Adult_>365d,Unknown
SAMN06141066,Other,Other,,Adult_>365d,Unknown
SAMN06141067,Other,Other,,Adult_>365d,Unknown
SAMN06141068,Other,Other,,Adult_>365d,Unknown
SAMN06141069,Other,Other,,Adult_>365d,Unknown
SAMN06141070,Other,Other,,Adult_>365d,Unknown
SAMN06141072,Unknown,Unknown,,Adult_>365d,Unknown
SAMN06143126,Liver,Liver,90.0,Pre_pubertal_60_149d,Male
SAMN06143127,Liver,Liver,90.0,Pre_pubertal_60_149d,Male
SAMN06143128,Liver,Liver,90.0,Pre_pubertal_60_149d,Male
SAMN06143064,Liver,Liver,,Adult_>365d,Male
SAMN06143065,Liver,Liver,,Adult_>365d,Male
SAMN06143066,Liver,Liver,,Adult_>365d,Male
SAMN06143067,Liver,Liver,,Adult_>365d,Male
SAMN06143068,Liver,Liver,,Adult_>365d,Male
SAMN06143069,Liver,Liver,,Adult_>365d,Male
SAMN07109419,Embryo,Embryo,,Adult_>365d,Female
SAMN07109420,iPS,iPS,,Adult_>365d,Female
SAMN07109421,iPS,iPS,,Adult_>365d,Female
SAMN07109422,iPS,iPS,,Adult_>365d,Female
SAMN07109423,Embryo,Embryo,,Adult_>365d,Female
SAMN07109424,Embryo,Embryo,,Adult_>365d,Female
SAMN07109425,Embryo,Embryo,,Adult_>365d,Female
SAMN07109434,Placenta,Placenta,,Adult_>365d,Female
SAMN07109435,Placenta,Placenta,,Adult_>365d,Female
SAMN07109436,Placenta,Placenta,,Adult_>365d,Female
SAMN07109437,Placenta,Placenta,,Adult_>365d,Female
SAMN07109438,Placenta,Placenta,,Adult_>365d,Female
SAMN07109439,Placenta,Placenta,,Adult_>365d,Female
SAMN07109440,Placenta,Placenta,,Adult_>365d,Female
SAMN07109441,Placenta,Placenta,,Adult_>365d,Female
SAMN06183748,Embryo,Embryo,,Adult_>365d,Unknown
SAMN06183749,Embryo,Embryo,,Adult_>365d,Unknown
SAMN06183762,Embryo,Embryo,,Adult_>365d,Unknown
SAMN06183763,Embryo,Embryo,,Adult_>365d,Unknown
SAMN06183764,Embryo,Embryo,,Adult_>365d,Unknown
SAMN06183765,Embryo,Embryo,,Adult_>365d,Unknown
SAMN06183766,Embryo,Embryo,,Adult_>365d,Unknown
SAMN06183767,Embryo,Embryo,,Adult_>365d,Unknown
SAMN06183768,Embryo,Embryo,,Adult_>365d,Unknown
SAMN06183769,Fibroblast,Fibroblast,,Adult_>365d,Unknown
SAMN06183770,Fibroblast,Fibroblast,,Adult_>365d,Unknown
SAMN06183771,Fibroblast,Fibroblast,,Adult_>365d,Unknown
SAMN06183772,iPS,iPS,,Adult_>365d,Unknown
SAMN06183773,iPS,iPS,,Adult_>365d,Unknown
SAMN06183774,iPS,iPS,,Adult_>365d,Unknown
SAMN06183775,iPS,iPS,,Adult_>365d,Unknown
SAMN06183776,iPS,iPS,,Adult_>365d,Unknown
SAMN06183777,iPS,iPS,,Adult_>365d,Unknown
SAMN06189254,Heart,Heart,180.0,Post_pubertal_150_365d,Male
SAMN06189255,Heart,Heart,180.0,Post_pubertal_150_365d,Male
SAMN06189256,Heart,Heart,180.0,Post_pubertal_150_365d,Male
SAMN06189257,Heart,Heart,180.0,Post_pubertal_150_365d,Male
SAMN06189258,Heart,Heart,180.0,Post_pubertal_150_365d,Male
SAMN06189259,Heart,Heart,180.0,Post_pubertal_150_365d,Male
SAMN06189260,Heart,Heart,180.0,Post_pubertal_150_365d,Male
SAMN06189261,Heart,Heart,180.0,Post_pubertal_150_365d,Male
SAMN06191789,Muscle,Muscle,,Adult_>365d,Unknown
SAMN06191790,Muscle,Muscle,,Adult_>365d,Unknown
SAMN06191791,Muscle,Muscle,,Adult_>365d,Unknown
SAMN06191792,Muscle,Muscle,,Adult_>365d,Unknown
SAMN06200051,Lung,Lung,49.0,Early childhood_21_59d,Male
SAMN06200052,Lung,Lung,49.0,Early childhood_21_59d,Male
SAMN06200053,Lung,Lung,49.0,Early childhood_21_59d,Male
SAMN06200054,Lung,Lung,49.0,Early childhood_21_59d,Male
SAMN06200055,Lung,Lung,49.0,Early childhood_21_59d,Male
SAMN06200056,Lung,Lung,49.0,Early childhood_21_59d,Male
SAMN06200057,Lung,Lung,49.0,Early childhood_21_59d,Male
SAMN06200058,Lung,Lung,49.0,Early childhood_21_59d,Male
SAMN06200059,Other,Other,49.0,Early childhood_21_59d,Male
SAMN06200060,Other,Other,49.0,Early childhood_21_59d,Male
SAMN06200061,Other,Other,49.0,Early childhood_21_59d,Male
SAMN06200062,Other,Other,49.0,Early childhood_21_59d,Male
SAMN06200063,Other,Other,49.0,Early childhood_21_59d,Male
SAMN06200064,Other,Other,49.0,Early childhood_21_59d,Male
SAMN06200065,Other,Other,49.0,Early childhood_21_59d,Male
SAMN06200066,Other,Other,49.0,Early childhood_21_59d,Male
SAMN06209380,Unknown,Unknown,60.0,Pre_pubertal_60_149d,Male
SAMN06209381,Unknown,Unknown,60.0,Pre_pubertal_60_149d,Male
SAMN06209382,Blood,Blood,60.0,Pre_pubertal_60_149d,Male
SAMN06209383,Unknown,Unknown,60.0,Pre_pubertal_60_149d,Male
SAMN06209384,Unknown,Unknown,60.0,Pre_pubertal_60_149d,Male
SAMN06209385,Unknown,Unknown,60.0,Pre_pubertal_60_149d,Male
SAMN06209386,Unknown,Unknown,60.0,Pre_pubertal_60_149d,Male
SAMN06209387,Unknown,Unknown,60.0,Pre_pubertal_60_149d,Male
SAMN06209388,Unknown,Unknown,60.0,Pre_pubertal_60_149d,Male
SAMN06209389,Unknown,Unknown,60.0,Pre_pubertal_60_149d,Male
SAMN06209390,Unknown,Unknown,60.0,Pre_pubertal_60_149d,Male
SAMN06209391,Blood,Blood,60.0,Pre_pubertal_60_149d,Male
SAMN06209392,Unknown,Unknown,60.0,Pre_pubertal_60_149d,Male
SAMN06209393,Unknown,Unknown,60.0,Pre_pubertal_60_149d,Male
SAMN06209394,Unknown,Unknown,60.0,Pre_pubertal_60_149d,Male
SAMN06209395,Unknown,Unknown,60.0,Pre_pubertal_60_149d,Male
SAMN06209396,Unknown,Unknown,60.0,Pre_pubertal_60_149d,Male
SAMN06209397,Blood,Blood,60.0,Pre_pubertal_60_149d,Male
SAMN06209398,Unknown,Unknown,60.0,Pre_pubertal_60_149d,Male
SAMN06209399,Unknown,Unknown,60.0,Pre_pubertal_60_149d,Male
SAMN06209400,Unknown,Unknown,60.0,Pre_pubertal_60_149d,Male
SAMN06209401,Unknown,Unknown,60.0,Pre_pubertal_60_149d,Male
SAMN06209402,Unknown,Unknown,60.0,Pre_pubertal_60_149d,Male
SAMN06209403,Unknown,Unknown,60.0,Pre_pubertal_60_149d,Male
SAMN06209404,Unknown,Unknown,60.0,Pre_pubertal_60_149d,Male
SAMN06209405,Blood,Blood,60.0,Pre_pubertal_60_149d,Male
SAMN06209406,Unknown,Unknown,60.0,Pre_pubertal_60_149d,Male
SAMN06209407,Unknown,Unknown,60.0,Pre_pubertal_60_149d,Male
SAMN06209408,Unknown,Unknown,60.0,Pre_pubertal_60_149d,Male
SAMN06209409,Unknown,Unknown,60.0,Pre_pubertal_60_149d,Male
SAMN06209410,Blood,Blood,60.0,Pre_pubertal_60_149d,Male
SAMN06209411,Unknown,Unknown,60.0,Pre_pubertal_60_149d,Male
SAMN06209412,Unknown,Unknown,60.0,Pre_pubertal_60_149d,Male
SAMN06209413,Unknown,Unknown,60.0,Pre_pubertal_60_149d,Male
SAMN06209414,Blood,Blood,60.0,Pre_pubertal_60_149d,Male
SAMN06209415,Unknown,Unknown,60.0,Pre_pubertal_60_149d,Male
SAMN06209416,Unknown,Unknown,61.0,Pre_pubertal_60_149d,Male
SAMN06209418,Blood,Blood,60.0,Pre_pubertal_60_149d,Male
SAMN07966348,Lymph node,Lymph node,70.0,Pre_pubertal_60_149d,Male
SAMN07966349,Other,Other,70.0,Pre_pubertal_60_149d,Male
SAMN07966350,Other,Other,70.0,Pre_pubertal_60_149d,Male
SAMN07966351,Blood,Blood,60.0,Pre_pubertal_60_149d,Male
SAMN07966352,Lymph node,Lymph node,70.0,Pre_pubertal_60_149d,Male
SAMN07966353,Other,Other,70.0,Pre_pubertal_60_149d,Male
SAMN07966354,Other,Other,70.0,Pre_pubertal_60_149d,Male
SAMN07966355,Unknown,Unknown,60.0,Pre_pubertal_60_149d,Male
SAMN07966356,Lymph node,Lymph node,70.0,Pre_pubertal_60_149d,Male
SAMN07966357,Other,Other,70.0,Pre_pubertal_60_149d,Male
SAMN07966358,Other,Other,70.0,Pre_pubertal_60_149d,Male
SAMN07966359,Unknown,Unknown,60.0,Pre_pubertal_60_149d,Male
SAMN07966360,Lymph node,Lymph node,70.0,Pre_pubertal_60_149d,Male
SAMN07966361,Other,Other,70.0,Pre_pubertal_60_149d,Male
SAMN07966362,Other,Other,70.0,Pre_pubertal_60_149d,Male
SAMN07966363,Blood,Blood,60.0,Pre_pubertal_60_149d,Male
SAMN06242614,Spleen,Spleen,365.0,Post_pubertal_150_365d,Unknown
SAMN06242615,Liver,Liver,365.0,Post_pubertal_150_365d,Unknown
SAMN06242616,Spleen,Spleen,365.0,Post_pubertal_150_365d,Unknown
SAMN06242617,Liver,Liver,365.0,Post_pubertal_150_365d,Unknown
SAMN06242622,Spleen,Spleen,365.0,Post_pubertal_150_365d,Unknown
SAMN06242623,Liver,Liver,365.0,Post_pubertal_150_365d,Unknown
SAMN06242630,Spleen,Spleen,365.0,Post_pubertal_150_365d,Unknown
SAMN06242631,Liver,Liver,365.0,Post_pubertal_150_365d,Unknown
SAMN06242632,Spleen,Spleen,365.0,Post_pubertal_150_365d,Unknown
SAMN06242633,Liver,Liver,365.0,Post_pubertal_150_365d,Unknown
SAMN06242634,Spleen,Spleen,365.0,Post_pubertal_150_365d,Unknown
SAMN06242635,Liver,Liver,365.0,Post_pubertal_150_365d,Unknown
SAMN06242648,Kidney,Kidney,365.0,Post_pubertal_150_365d,Unknown
SAMN06242649,Kidney,Kidney,365.0,Post_pubertal_150_365d,Unknown
SAMN06242666,Muscle,Muscle,365.0,Post_pubertal_150_365d,Unknown
SAMN06242667,Lung,Lung,365.0,Post_pubertal_150_365d,Unknown
SAMN06242668,Heart,Heart,365.0,Post_pubertal_150_365d,Unknown
SAMN06242669,Muscle,Muscle,365.0,Post_pubertal_150_365d,Unknown
SAMN06242670,Lung,Lung,365.0,Post_pubertal_150_365d,Unknown
SAMN06242671,Heart,Heart,365.0,Post_pubertal_150_365d,Unknown
SAMN06242672,Muscle,Muscle,365.0,Post_pubertal_150_365d,Unknown
SAMN06242673,Lung,Lung,365.0,Post_pubertal_150_365d,Unknown
SAMN06242674,Heart,Heart,365.0,Post_pubertal_150_365d,Unknown
SAMN06242684,Lung,Lung,365.0,Post_pubertal_150_365d,Unknown
SAMN06242685,Heart,Heart,365.0,Post_pubertal_150_365d,Unknown
SAMN06242686,Muscle,Muscle,365.0,Post_pubertal_150_365d,Unknown
SAMN06242687,Muscle,Muscle,365.0,Post_pubertal_150_365d,Unknown
SAMN06242688,Muscle,Muscle,365.0,Post_pubertal_150_365d,Unknown
SAMN06242689,Lung,Lung,365.0,Post_pubertal_150_365d,Unknown
SAMN06242690,Heart,Heart,365.0,Post_pubertal_150_365d,Unknown
SAMN06242691,Lung,Lung,365.0,Post_pubertal_150_365d,Unknown
SAMN06242692,Heart,Heart,365.0,Post_pubertal_150_365d,Unknown
SAMN06242696,Kidney,Kidney,365.0,Post_pubertal_150_365d,Unknown
SAMN06242697,Kidney,Kidney,365.0,Post_pubertal_150_365d,Unknown
SAMN06242698,Kidney,Kidney,365.0,Post_pubertal_150_365d,Unknown
SAMN06242728,Kidney,Kidney,365.0,Post_pubertal_150_365d,Unknown
SAMN06328943,Ovary,Ovary,365.0,Post_pubertal_150_365d,Female
SAMN06348078,Ovary,Ovary,365.0,Post_pubertal_150_365d,Female
SAMN07200991,Ovary,Ovary,,Adult_>365d,Female
SAMN07200992,Ovary,Ovary,,Adult_>365d,Female
SAMN07200993,Ovary,Ovary,,Adult_>365d,Female
SAMN06458380,Large intestine,Caecum,,Adult_>365d,Female
SAMN06458381,Large intestine,Caecum,,Adult_>365d,Female
SAMN06458382,Large intestine,Colon,,Adult_>365d,Female
SAMN06458383,Large intestine,Colon,,Adult_>365d,Female
SAMN06458384,Large intestine,Caecum,,Adult_>365d,Female
SAMN06458385,Large intestine,Caecum,,Adult_>365d,Female
SAMN06458386,Large intestine,Colon,,Adult_>365d,Female
SAMN06458387,Large intestine,Colon,,Adult_>365d,Female
SAMN06458388,Large intestine,Caecum,,Adult_>365d,Female
SAMN06458389,Large intestine,Caecum,,Adult_>365d,Female
SAMN06458390,Large intestine,Colon,,Adult_>365d,Female
SAMN06458391,Large intestine,Colon,,Adult_>365d,Female
SAMN06458392,Large intestine,Caecum,,Adult_>365d,Female
SAMN06458393,Large intestine,Caecum,,Adult_>365d,Female
SAMN06458394,Large intestine,Colon,,Adult_>365d,Female
SAMN06458395,Large intestine,Colon,,Adult_>365d,Female
SAMN06458396,Large intestine,Caecum,,Adult_>365d,Female
SAMN06458397,Large intestine,Caecum,,Adult_>365d,Female
SAMN06458398,Large intestine,Colon,,Adult_>365d,Female
SAMN06458399,Large intestine,Colon,,Adult_>365d,Female
SAMN06458400,Large intestine,Caecum,,Adult_>365d,Female
SAMN06458401,Large intestine,Caecum,,Adult_>365d,Female
SAMN06458402,Large intestine,Colon,,Adult_>365d,Female
SAMN06458403,Large intestine,Colon,,Adult_>365d,Female
SAMN06458404,Large intestine,Caecum,,Adult_>365d,Female
SAMN06458405,Large intestine,Caecum,,Adult_>365d,Female
SAMN06458406,Large intestine,Colon,,Adult_>365d,Female
SAMN06458407,Large intestine,Colon,,Adult_>365d,Female
SAMN06458408,Large intestine,Caecum,,Adult_>365d,Female
SAMN06458409,Large intestine,Caecum,,Adult_>365d,Female
SAMN06458410,Large intestine,Colon,,Adult_>365d,Female
SAMN06458411,Large intestine,Colon,,Adult_>365d,Female
SAMN06560036,Bone marrow,Bone marrow,,Adult_>365d,Male
SAMN06560037,Bone marrow,Bone marrow,,Adult_>365d,Male
SAMN06560038,Bone marrow,Bone marrow,,Adult_>365d,Male
SAMN06560039,Bone marrow,Bone marrow,,Adult_>365d,Male
SAMN06560040,Bone marrow,Bone marrow,,Adult_>365d,Male
SAMN06560041,Bone marrow,Bone marrow,,Adult_>365d,Male
SAMN06560042,Bone marrow,Bone marrow,,Adult_>365d,Male
SAMN06560043,Bone marrow,Bone marrow,,Adult_>365d,Male
SAMN06560044,Bone marrow,Bone marrow,,Adult_>365d,Male
SAMN06560045,Bone marrow,Bone marrow,,Adult_>365d,Male
SAMN06560046,Bone marrow,Bone marrow,,Adult_>365d,Male
SAMN06560047,Bone marrow,Bone marrow,,Adult_>365d,Male
SAMN06560048,Bone marrow,Bone marrow,,Adult_>365d,Male
SAMN06560049,Bone marrow,Bone marrow,,Adult_>365d,Male
SAMN06603655,Liver,Liver,,Adult_>365d,Unknown
SAMN06603656,Liver,Liver,,Adult_>365d,Unknown
SAMN06603717,Liver,Liver,,Adult_>365d,Unknown
SAMN06603718,Liver,Liver,,Adult_>365d,Unknown
SAMN06603719,Liver,Liver,,Adult_>365d,Unknown
SAMN06603720,Liver,Liver,,Adult_>365d,Unknown
SAMN06604077,Blood,Blood,,Adult_>365d,Unknown
SAMN06604095,Blood,Blood,,Adult_>365d,Unknown
SAMN06604096,Blood,Blood,,Adult_>365d,Unknown
SAMN06604097,Blood,Blood,,Adult_>365d,Unknown
SAMN06604098,Blood,Blood,,Adult_>365d,Unknown
SAMN06604099,Blood,Blood,,Adult_>365d,Unknown
SAMN06604100,Blood,Blood,,Adult_>365d,Unknown
SAMN06604101,Blood,Blood,,Adult_>365d,Unknown
SAMN06604102,Blood,Blood,,Adult_>365d,Unknown
SAMN06604103,Blood,Blood,,Adult_>365d,Unknown
SAMN06604104,Blood,Blood,,Adult_>365d,Unknown
SAMN06604105,Blood,Blood,,Adult_>365d,Unknown
SAMN06604106,Blood,Blood,,Adult_>365d,Unknown
SAMN06604107,Blood,Blood,,Adult_>365d,Unknown
SAMN06604108,Blood,Blood,,Adult_>365d,Unknown
SAMN06604109,Blood,Blood,,Adult_>365d,Unknown
SAMN06604110,Blood,Blood,,Adult_>365d,Unknown
SAMN06604111,Blood,Blood,,Adult_>365d,Unknown
SAMN06604112,Blood,Blood,,Adult_>365d,Unknown
SAMN06604113,Blood,Blood,,Adult_>365d,Unknown
SAMN06604114,Blood,Blood,,Adult_>365d,Unknown
SAMN06604115,Blood,Blood,,Adult_>365d,Unknown
SAMN06604116,Blood,Blood,,Adult_>365d,Unknown
SAMN06604117,Blood,Blood,,Adult_>365d,Unknown
SAMN06604118,Blood,Blood,,Adult_>365d,Unknown
SAMN06604119,Blood,Blood,,Adult_>365d,Unknown
SAMN06604120,Blood,Blood,,Adult_>365d,Unknown
SAMN06604121,Blood,Blood,,Adult_>365d,Unknown
SAMN06604122,Blood,Blood,,Adult_>365d,Unknown
SAMN06604123,Blood,Blood,,Adult_>365d,Unknown
SAMN06604124,Blood,Blood,,Adult_>365d,Unknown
SAMN06604125,Blood,Blood,,Adult_>365d,Unknown
SAMN06604126,Blood,Blood,,Adult_>365d,Unknown
SAMN06604127,Blood,Blood,,Adult_>365d,Unknown
SAMN06604128,Blood,Blood,,Adult_>365d,Unknown
SAMN06604129,Blood,Blood,,Adult_>365d,Unknown
SAMN06604130,Blood,Blood,,Adult_>365d,Unknown
SAMN06604131,Blood,Blood,,Adult_>365d,Unknown
SAMN06604132,Blood,Blood,,Adult_>365d,Unknown
SAMN06604133,Blood,Blood,,Adult_>365d,Unknown
SAMN06604134,Blood,Blood,,Adult_>365d,Unknown
SAMN06604135,Blood,Blood,,Adult_>365d,Unknown
SAMN06604136,Blood,Blood,,Adult_>365d,Unknown
SAMN06604137,Blood,Blood,,Adult_>365d,Unknown
SAMN06604138,Blood,Blood,,Adult_>365d,Unknown
SAMN06604139,Blood,Blood,,Adult_>365d,Unknown
SAMN06604147,Blood,Blood,,Adult_>365d,Unknown
SAMN06604148,Blood,Blood,,Adult_>365d,Unknown
SAMN06604149,Blood,Blood,,Adult_>365d,Unknown
SAMN06604150,Blood,Blood,,Adult_>365d,Unknown
SAMN06604151,Blood,Blood,,Adult_>365d,Unknown
SAMN06604152,Blood,Blood,,Adult_>365d,Unknown
SAMN06604153,Blood,Blood,,Adult_>365d,Unknown
SAMN06604154,Blood,Blood,,Adult_>365d,Unknown
SAMN06604155,Blood,Blood,,Adult_>365d,Unknown
SAMN06604156,Blood,Blood,,Adult_>365d,Unknown
SAMN06604157,Blood,Blood,,Adult_>365d,Unknown
SAMN06604158,Blood,Blood,,Adult_>365d,Unknown
SAMN06604159,Blood,Blood,,Adult_>365d,Unknown
SAMN06604160,Blood,Blood,,Adult_>365d,Unknown
SAMN06604161,Blood,Blood,,Adult_>365d,Unknown
SAMN06604162,Blood,Blood,,Adult_>365d,Unknown
SAMN06604163,Blood,Blood,,Adult_>365d,Unknown
SAMN06604164,Blood,Blood,,Adult_>365d,Unknown
SAMN06674937,Embryo,Morula,0.0,Infant_0_20d,Male
SAMN06702102,Ovary,Ovary,180.0,Post_pubertal_150_365d,Female
SAMN06702103,Ovary,Ovary,180.0,Post_pubertal_150_365d,Female
SAMN06702104,Ovary,Ovary,180.0,Post_pubertal_150_365d,Female
SAMN06702105,Ovary,Ovary,180.0,Post_pubertal_150_365d,Female
SAMN06702106,Ovary,Ovary,180.0,Post_pubertal_150_365d,Female
SAMN06702107,Ovary,Ovary,180.0,Post_pubertal_150_365d,Female
SAMN06702108,Ovary,Ovary,180.0,Post_pubertal_150_365d,Female
SAMN06702109,Ovary,Ovary,180.0,Post_pubertal_150_365d,Female
SAMN06702110,Ovary,Ovary,180.0,Post_pubertal_150_365d,Female
SAMN06718721,Brain,Hypothalamus,45.0,Early childhood_21_59d,Unknown
SAMN06718722,Brain,Hypothalamus,45.0,Early childhood_21_59d,Unknown
SAMN06718723,Brain,Hypothalamus,45.0,Early childhood_21_59d,Unknown
SAMN06718724,Brain,Hypothalamus,45.0,Early childhood_21_59d,Unknown
SAMN06718734,Brain,Hypothalamus,45.0,Early childhood_21_59d,Unknown
SAMN06718735,Brain,Hypothalamus,45.0,Early childhood_21_59d,Unknown
SAMN06718736,Brain,Hypothalamus,45.0,Early childhood_21_59d,Unknown
SAMN06821194,Brain,Brain,210.0,Post_pubertal_150_365d,Unknown
SAMN06821195,Brain,Brain,210.0,Post_pubertal_150_365d,Unknown
SAMN06821196,Brain,Brain,210.0,Post_pubertal_150_365d,Unknown
SAMN06821197,Brain,Brain,210.0,Post_pubertal_150_365d,Unknown
SAMN06821198,Brain,Brain,210.0,Post_pubertal_150_365d,Unknown
SAMN06821199,Brain,Brain,210.0,Post_pubertal_150_365d,Unknown
SAMN06890609,Heart,Heart,,Adult_>365d,Unknown
SAMN06890610,Heart,Heart,,Adult_>365d,Unknown
SAMN06890611,Heart,Heart,,Adult_>365d,Unknown
SAMN06890656,Heart,Heart,,Adult_>365d,Unknown
SAMN06890657,Heart,Heart,,Adult_>365d,Unknown
SAMN06890658,Heart,Heart,,Adult_>365d,Unknown
SAMN06890659,Heart,Heart,,Adult_>365d,Unknown
SAMN06890660,Heart,Heart,,Adult_>365d,Unknown
SAMN06890661,Heart,Heart,,Adult_>365d,Unknown
SAMN06890662,Heart,Heart,,Adult_>365d,Unknown
SAMN06890663,Heart,Heart,,Adult_>365d,Unknown
SAMN06890664,Heart,Heart,,Adult_>365d,Unknown
SAMN07277250,Heart,Heart,,Adult_>365d,Unknown
SAMN07277251,Heart,Heart,,Adult_>365d,Unknown
SAMN07277253,Heart,Heart,,Adult_>365d,Unknown
SAMN07136155,Muscle,Muscle,28.0,Early childhood_21_59d,Female
SAMN07136157,Muscle,Muscle,28.0,Early childhood_21_59d,Female
SAMN07136159,Muscle,Muscle,28.0,Early childhood_21_59d,Female
SAMN07136161,Muscle,Muscle,28.0,Early childhood_21_59d,Female
SAMN07136163,Muscle,Muscle,28.0,Early childhood_21_59d,Female
SAMN07136165,Muscle,Muscle,28.0,Early childhood_21_59d,Female
SAMN07136167,Muscle,Muscle,28.0,Early childhood_21_59d,Female
SAMN07136169,Muscle,Muscle,28.0,Early childhood_21_59d,Female
SAMN07136171,Muscle,Muscle,28.0,Early childhood_21_59d,Female
SAMN07136173,Muscle,Muscle,28.0,Early childhood_21_59d,Female
SAMN07136175,Muscle,Muscle,28.0,Early childhood_21_59d,Female
SAMN07136177,Muscle,Muscle,28.0,Early childhood_21_59d,Female
SAMN07136179,Muscle,Muscle,28.0,Early childhood_21_59d,Female
SAMN07136181,Muscle,Muscle,28.0,Early childhood_21_59d,Female
SAMN07136183,Muscle,Muscle,28.0,Early childhood_21_59d,Female
SAMN07136185,Muscle,Muscle,28.0,Early childhood_21_59d,Female
SAMN07136187,Muscle,Muscle,28.0,Early childhood_21_59d,Female
SAMN07136189,Muscle,Muscle,28.0,Early childhood_21_59d,Female
SAMN07136191,Muscle,Muscle,28.0,Early childhood_21_59d,Female
SAMN07136193,Muscle,Muscle,28.0,Early childhood_21_59d,Female
SAMN07136195,Muscle,Muscle,28.0,Early childhood_21_59d,Female
SAMN07136197,Muscle,Muscle,28.0,Early childhood_21_59d,Female
SAMN07136199,Muscle,Muscle,28.0,Early childhood_21_59d,Female
SAMN07136201,Muscle,Muscle,28.0,Early childhood_21_59d,Female
SAMN07136203,Muscle,Muscle,28.0,Early childhood_21_59d,Female
SAMN07136205,Muscle,Muscle,28.0,Early childhood_21_59d,Female
SAMN07136207,Muscle,Muscle,28.0,Early childhood_21_59d,Female
SAMN07136209,Muscle,Muscle,28.0,Early childhood_21_59d,Female
SAMN07136211,Muscle,Muscle,28.0,Early childhood_21_59d,Female
SAMN07136213,Muscle,Muscle,28.0,Early childhood_21_59d,Female
SAMN07136215,Muscle,Muscle,28.0,Early childhood_21_59d,Female
SAMN07136217,Muscle,Muscle,28.0,Early childhood_21_59d,Female
SAMN07136219,Muscle,Muscle,28.0,Early childhood_21_59d,Female
SAMN07136221,Muscle,Muscle,28.0,Early childhood_21_59d,Female
SAMN07136223,Muscle,Muscle,28.0,Early childhood_21_59d,Female
SAMN07136225,Muscle,Muscle,28.0,Early childhood_21_59d,Female
SAMN07136227,Muscle,Muscle,28.0,Early childhood_21_59d,Female
SAMN07136229,Muscle,Muscle,28.0,Early childhood_21_59d,Female
SAMN07136231,Muscle,Muscle,28.0,Early childhood_21_59d,Female
SAMN08580359,Muscle,Muscle,28.0,Early childhood_21_59d,Female
SAMN08580360,Muscle,Muscle,28.0,Early childhood_21_59d,Female
SAMN08580361,Muscle,Muscle,28.0,Early childhood_21_59d,Female
SAMN08580362,Muscle,Muscle,28.0,Early childhood_21_59d,Female
SAMN08580363,Muscle,Muscle,28.0,Early childhood_21_59d,Female
SAMN08580364,Muscle,Muscle,28.0,Early childhood_21_59d,Female
SAMN08580365,Muscle,Muscle,28.0,Early childhood_21_59d,Female
SAMN08580366,Muscle,Muscle,28.0,Early childhood_21_59d,Female
SAMN08580367,Muscle,Muscle,28.0,Early childhood_21_59d,Female
SAMN08580368,Muscle,Muscle,28.0,Early childhood_21_59d,Female
SAMN08580369,Muscle,Muscle,28.0,Early childhood_21_59d,Female
SAMN08580370,Muscle,Muscle,28.0,Early childhood_21_59d,Female
SAMN08580371,Muscle,Muscle,28.0,Early childhood_21_59d,Female
SAMN08580372,Muscle,Muscle,28.0,Early childhood_21_59d,Female
SAMN07143094,Muscle,Muscle,,Adult_>365d,Unknown
SAMN07143095,Muscle,Muscle,,Adult_>365d,Unknown
SAMN07143096,Muscle,Muscle,,Adult_>365d,Unknown
SAMN07143097,Muscle,Muscle,,Adult_>365d,Unknown
SAMN07143098,Muscle,Muscle,,Adult_>365d,Unknown
SAMN07143099,Muscle,Muscle,,Adult_>365d,Unknown
SAMN07185877,Other,Other,1.0,Infant_0_20d,Male
SAMN07185878,Other,Other,1.0,Infant_0_20d,Male
SAMN07185879,Other,Other,1.0,Infant_0_20d,Female
SAMN07185880,Other,Other,1.0,Infant_0_20d,Male
SAMN07185881,Other,Other,1.0,Infant_0_20d,Female
SAMN07185882,Other,Other,1.0,Infant_0_20d,Female
SAMN07185883,Other,Other,1.0,Infant_0_20d,Male
SAMN07185884,Other,Other,1.0,Infant_0_20d,Female
SAMN07201003,Muscle,Muscle,0.0,Infant_0_20d,Unknown
SAMN07201004,Muscle,Muscle,0.0,Infant_0_20d,Unknown
SAMN07201005,Muscle,Muscle,0.0,Infant_0_20d,Unknown
SAMN07201006,Muscle,Muscle,0.0,Infant_0_20d,Unknown
SAMN07201007,Muscle,Muscle,0.0,Infant_0_20d,Unknown
SAMN07201008,Muscle,Muscle,0.0,Infant_0_20d,Unknown
SAMN07201009,Muscle,Muscle,0.0,Infant_0_20d,Unknown
SAMN07201010,Muscle,Muscle,0.0,Infant_0_20d,Unknown
SAMN07201011,Muscle,Muscle,0.0,Infant_0_20d,Unknown
SAMN07209348,Other,Other,,Adult_>365d,Male
SAMN07209349,Other,Other,,Adult_>365d,Male
SAMN07209350,Other,Other,,Adult_>365d,Female
SAMN07209351,Other,Other,,Adult_>365d,Male
SAMN07209352,Other,Other,,Adult_>365d,Female
SAMN07209353,Other,Other,,Adult_>365d,Male
SAMN07209354,Other,Other,,Adult_>365d,Male
SAMN07209355,Other,Other,,Adult_>365d,Female
SAMN07209356,Other,Other,,Adult_>365d,Male
SAMN07209357,Other,Other,,Adult_>365d,Female
SAMN07209358,Other,Other,,Adult_>365d,Female
SAMN07209359,Other,Other,,Adult_>365d,Male
SAMN07209360,Other,Other,,Adult_>365d,Male
SAMN07209361,Other,Other,,Adult_>365d,Male
SAMN07209362,Other,Other,,Adult_>365d,Female
SAMN07209363,Other,Other,,Adult_>365d,Male
SAMN07209364,Other,Other,,Adult_>365d,Female
SAMN07209365,Other,Other,,Adult_>365d,Female
SAMN07209366,Other,Other,,Adult_>365d,Male
SAMN07210904,Blood,Blood,49.0,Early childhood_21_59d,Unknown
SAMN07210905,Blood,Blood,49.0,Early childhood_21_59d,Unknown
SAMN07210906,Blood,Blood,49.0,Early childhood_21_59d,Unknown
SAMN07210907,Unknown,Unknown,49.0,Early childhood_21_59d,Unknown
SAMN07210908,Blood,Blood,49.0,Early childhood_21_59d,Unknown
SAMN07210909,Blood,Blood,49.0,Early childhood_21_59d,Unknown
SAMN07213177,Other,Other,,Adult_>365d,Unknown
SAMN07213186,Artery,Artery,,Adult_>365d,Unknown
SAMN07343026,Other,Other,,Adult_>365d,Unknown
SAMN07343028,Artery,Artery,,Adult_>365d,Unknown
SAMN07411807,Liver,Liver,28.0,Early childhood_21_59d,Male
SAMN07411809,Liver,Liver,28.0,Early childhood_21_59d,Male
SAMN07411811,Liver,Liver,28.0,Early childhood_21_59d,Male
SAMN07411814,Liver,Liver,28.0,Early childhood_21_59d,Male
SAMN07411816,Liver,Liver,28.0,Early childhood_21_59d,Male
SAMN07411818,Liver,Liver,28.0,Early childhood_21_59d,Male
SAMN07312909,Other,Other,365.0,Post_pubertal_150_365d,Male
SAMN07313082,Liver,Liver,365.0,Post_pubertal_150_365d,Male
SAMN07313102,Liver,Liver,0.0,Infant_0_20d,Male
SAMN07313215,Other,Other,365.0,Post_pubertal_150_365d,Female
SAMN07313346,Placenta,Placenta,365.0,Post_pubertal_150_365d,Female
SAMN07313350,Uterus,Uterus,365.0,Post_pubertal_150_365d,Female
SAMN07313353,Other,Other,365.0,Post_pubertal_150_365d,Male
SAMN07313358,Lung,Lung,365.0,Post_pubertal_150_365d,Male
SAMN07313379,Testis,Testis,365.0,Post_pubertal_150_365d,Male
SAMN07313543,Other,Other,365.0,Post_pubertal_150_365d,Male
SAMN07313545,Muscle,Muscle,365.0,Post_pubertal_150_365d,Male
SAMN07313547,Other,Other,365.0,Post_pubertal_150_365d,Male
SAMN07313680,Lymph node,Lymph node,365.0,Post_pubertal_150_365d,Male
SAMN07313681,Brain,Brain,365.0,Post_pubertal_150_365d,Male
SAMN07313708,Other,Other,365.0,Post_pubertal_150_365d,Male
SAMN07314185,Spleen,Spleen,365.0,Post_pubertal_150_365d,Male
SAMN07314566,Other,Other,365.0,Post_pubertal_150_365d,Male
SAMN07314567,Other,Other,365.0,Post_pubertal_150_365d,Male
SAMN07314646,Other,Other,365.0,Post_pubertal_150_365d,Male
SAMN07314666,Heart,Heart,365.0,Post_pubertal_150_365d,Male
SAMN07314821,Ovary,Ovary,365.0,Post_pubertal_150_365d,Female
SAMN07314856,Brain,Brain,0.0,Infant_0_20d,Male
SAMN07314880,Testis,Testis,0.0,Infant_0_20d,Male
SAMN07314928,Other,Other,0.0,Infant_0_20d,Male
SAMN07315018,Other,Other,365.0,Post_pubertal_150_365d,Male
SAMN07315029,Other,Other,365.0,Post_pubertal_150_365d,Male
SAMN07315030,Adipose,Adipose,365.0,Post_pubertal_150_365d,Male
SAMN07315057,Other,Other,365.0,Post_pubertal_150_365d,Male
SAMN07315059,Other,Other,365.0,Post_pubertal_150_365d,Male
SAMN07315060,Other,Other,365.0,Post_pubertal_150_365d,Male
SAMN07315181,Kidney,Kidney,365.0,Post_pubertal_150_365d,Male
SAMN07315499,Other,Other,365.0,Post_pubertal_150_365d,Male
SAMN07315517,Other,Other,0.0,Infant_0_20d,Male
SAMN07315578,Heart,Heart,0.0,Infant_0_20d,Male
SAMN07337634,Uterus,Uterus,,Adult_>365d,Female
SAMN07337635,Uterus,Uterus,,Adult_>365d,Female
SAMN07337636,Uterus,Uterus,,Adult_>365d,Female
SAMN07337637,Uterus,Uterus,,Adult_>365d,Female
SAMN07337638,Uterus,Uterus,,Adult_>365d,Female
SAMN07337639,Uterus,Uterus,,Adult_>365d,Female
SAMN07337640,Uterus,Uterus,,Adult_>365d,Female
SAMN07337641,Uterus,Uterus,,Adult_>365d,Female
SAMN07337642,Uterus,Uterus,,Adult_>365d,Female
SAMN07337643,Uterus,Uterus,,Adult_>365d,Female
SAMN07337644,Uterus,Uterus,,Adult_>365d,Female
SAMN07337645,Uterus,Uterus,,Adult_>365d,Female
SAMN07337646,Uterus,Uterus,,Adult_>365d,Female
SAMN07337647,Uterus,Uterus,,Adult_>365d,Female
SAMN07337648,Uterus,Uterus,,Adult_>365d,Female
SAMN07337649,Uterus,Uterus,,Adult_>365d,Female
SAMN07337652,Uterus,Uterus,,Adult_>365d,Female
SAMN07337659,Uterus,Uterus,,Adult_>365d,Female
SAMN07337660,Uterus,Uterus,,Adult_>365d,Female
SAMN07337661,Uterus,Uterus,,Adult_>365d,Female
SAMN07337662,Uterus,Uterus,,Adult_>365d,Female
SAMN07337663,Uterus,Uterus,,Adult_>365d,Female
SAMN07337664,Uterus,Uterus,,Adult_>365d,Female
SAMN07337665,Uterus,Uterus,,Adult_>365d,Female
SAMN07342403,Oocyte,Oocyte,,Adult_>365d,Unknown
SAMN07342405,Oocyte,Oocyte,,Adult_>365d,Unknown
SAMN07342406,Oocyte,Oocyte,,Adult_>365d,Unknown
SAMN07342407,Oocyte,Oocyte,,Adult_>365d,Unknown
SAMN07342408,Oocyte,Oocyte,,Adult_>365d,Unknown
SAMN07342409,Oocyte,Oocyte,,Adult_>365d,Unknown
SAMN07350807,Adipose,Adipose,,Adult_>365d,Female
SAMN07350808,Adipose,Adipose,,Adult_>365d,Female
SAMN07350809,Adipose,Adipose,,Adult_>365d,Male
SAMN07350810,Adipose,Adipose,,Adult_>365d,Female
SAMN07350811,Adipose,Adipose,,Adult_>365d,Male
SAMN07350812,Adipose,Adipose,,Adult_>365d,Female
SAMN07350813,Adipose,Adipose,,Adult_>365d,Male
SAMN07350814,Adipose,Adipose,,Adult_>365d,Male
SAMN07350815,Adipose,Adipose,,Adult_>365d,Male
SAMN07350816,Adipose,Adipose,,Adult_>365d,Female
SAMN07350817,Adipose,Adipose,,Adult_>365d,Female
SAMN07350818,Adipose,Adipose,,Adult_>365d,Male
SAMN07350819,Adipose,Adipose,,Adult_>365d,Male
SAMN07350820,Adipose,Adipose,,Adult_>365d,Female
SAMN07350821,Adipose,Adipose,,Adult_>365d,Male
SAMN07350822,Adipose,Adipose,,Adult_>365d,Female
SAMN07350823,Adipose,Adipose,,Adult_>365d,Female
SAMN07350824,Adipose,Adipose,,Adult_>365d,Male
SAMN07350825,Adipose,Adipose,,Adult_>365d,Female
SAMN07350826,Adipose,Adipose,,Adult_>365d,Male
SAMN07350827,Adipose,Adipose,,Adult_>365d,Female
SAMN07350828,Adipose,Adipose,,Adult_>365d,Female
SAMN07350829,Adipose,Adipose,,Adult_>365d,Male
SAMN07357034,Other,Other,,Adult_>365d,Pooled
SAMN07418594,Bone marrow,Bone marrow,,Adult_>365d,Unknown
SAMN07418595,Bone marrow,Bone marrow,,Adult_>365d,Unknown
SAMN07418596,Bone marrow,Bone marrow,,Adult_>365d,Unknown
SAMN07418597,Bone marrow,Bone marrow,,Adult_>365d,Unknown
SAMN07418598,Bone marrow,Bone marrow,,Adult_>365d,Unknown
SAMN07418599,Bone marrow,Bone marrow,,Adult_>365d,Unknown
SAMN07418600,Bone marrow,Bone marrow,,Adult_>365d,Unknown
SAMN07418601,Bone marrow,Bone marrow,,Adult_>365d,Unknown
SAMN07418602,Bone marrow,Bone marrow,,Adult_>365d,Unknown
SAMN07418603,Bone marrow,Bone marrow,,Adult_>365d,Unknown
SAMN07418604,Bone marrow,Bone marrow,,Adult_>365d,Unknown
SAMN07418605,Bone marrow,Bone marrow,,Adult_>365d,Unknown
SAMN07418606,Bone marrow,Bone marrow,,Adult_>365d,Unknown
SAMN07418607,Bone marrow,Bone marrow,,Adult_>365d,Unknown
SAMN07420346,Other,Other,,Adult_>365d,Unknown
SAMN07420347,Other,Other,,Adult_>365d,Unknown
SAMN07420348,Other,Other,,Adult_>365d,Unknown
SAMN07420349,Other,Other,,Adult_>365d,Unknown
SAMN07420350,Other,Other,,Adult_>365d,Unknown
SAMN07420351,Other,Other,,Adult_>365d,Unknown
SAMN07420352,Other,Other,,Adult_>365d,Unknown
SAMN07420353,Other,Other,,Adult_>365d,Unknown
SAMN07420354,Other,Other,,Adult_>365d,Unknown
SAMN07420355,Other,Other,,Adult_>365d,Unknown
SAMN07420356,Other,Other,,Adult_>365d,Unknown
SAMN07420357,Other,Other,,Adult_>365d,Unknown
SAMN07420358,Other,Other,,Adult_>365d,Unknown
SAMN07420359,Other,Other,,Adult_>365d,Unknown
SAMN07420360,Other,Other,,Adult_>365d,Unknown
SAMN07512673,Brain,Hypothalamus,,Adult_>365d,Unknown
SAMN07512674,Ovary,Ovary,,Adult_>365d,Unknown
SAMN07512675,Brain,Pituitary,,Adult_>365d,Unknown
SAMN07512676,Brain,Hypothalamus,,Adult_>365d,Unknown
SAMN07512677,Ovary,Ovary,,Adult_>365d,Unknown
SAMN07512678,Brain,Pituitary,,Adult_>365d,Unknown
SAMN07541808,Small intestine,Ileum,7.0,Infant_0_20d,Female
SAMN07626877,Muscle,Muscle,160.0,Post_pubertal_150_365d,Female
SAMN07626878,Muscle,Muscle,160.0,Post_pubertal_150_365d,Female
SAMN07626879,Muscle,Muscle,160.0,Post_pubertal_150_365d,Male
SAMN07626880,Muscle,Muscle,160.0,Post_pubertal_150_365d,Male
SAMN07626881,Muscle,Muscle,159.0,Post_pubertal_150_365d,Female
SAMN07626882,Muscle,Muscle,159.0,Post_pubertal_150_365d,Female
SAMN07626883,Muscle,Muscle,159.0,Post_pubertal_150_365d,Male
SAMN07626884,Muscle,Muscle,158.0,Post_pubertal_150_365d,Female
SAMN07626885,Muscle,Muscle,158.0,Post_pubertal_150_365d,Female
SAMN07626886,Muscle,Muscle,158.0,Post_pubertal_150_365d,Male
SAMN07626887,Muscle,Muscle,158.0,Post_pubertal_150_365d,Male
SAMN07626888,Muscle,Muscle,158.0,Post_pubertal_150_365d,Female
SAMN07626889,Muscle,Muscle,158.0,Post_pubertal_150_365d,Female
SAMN07626890,Muscle,Muscle,158.0,Post_pubertal_150_365d,Male
SAMN07626891,Muscle,Muscle,158.0,Post_pubertal_150_365d,Male
SAMN07626892,Muscle,Muscle,161.0,Post_pubertal_150_365d,Female
SAMN07626893,Muscle,Muscle,161.0,Post_pubertal_150_365d,Female
SAMN07626894,Muscle,Muscle,161.0,Post_pubertal_150_365d,Male
SAMN07626895,Muscle,Muscle,161.0,Post_pubertal_150_365d,Male
SAMN07626896,Muscle,Muscle,161.0,Post_pubertal_150_365d,Female
SAMN07626897,Muscle,Muscle,161.0,Post_pubertal_150_365d,Female
SAMN07626898,Muscle,Muscle,161.0,Post_pubertal_150_365d,Male
SAMN07626899,Muscle,Muscle,161.0,Post_pubertal_150_365d,Male
SAMN07626900,Muscle,Muscle,159.0,Post_pubertal_150_365d,Female
SAMN07626901,Muscle,Muscle,159.0,Post_pubertal_150_365d,Male
SAMN07626902,Muscle,Muscle,159.0,Post_pubertal_150_365d,Male
SAMN07626903,Muscle,Muscle,159.0,Post_pubertal_150_365d,Female
SAMN07626904,Muscle,Muscle,159.0,Post_pubertal_150_365d,Female
SAMN07626905,Muscle,Muscle,159.0,Post_pubertal_150_365d,Male
SAMN07626906,Muscle,Muscle,159.0,Post_pubertal_150_365d,Male
SAMN07626907,Muscle,Muscle,162.0,Post_pubertal_150_365d,Female
SAMN07626908,Muscle,Muscle,162.0,Post_pubertal_150_365d,Female
SAMN07626909,Muscle,Muscle,162.0,Post_pubertal_150_365d,Male
SAMN07626910,Muscle,Muscle,157.0,Post_pubertal_150_365d,Female
SAMN07626911,Muscle,Muscle,157.0,Post_pubertal_150_365d,Female
SAMN07626912,Muscle,Muscle,157.0,Post_pubertal_150_365d,Male
SAMN07626913,Muscle,Muscle,157.0,Post_pubertal_150_365d,Male
SAMN07626914,Muscle,Muscle,156.0,Post_pubertal_150_365d,Female
SAMN07626915,Muscle,Muscle,156.0,Post_pubertal_150_365d,Female
SAMN07626916,Muscle,Muscle,156.0,Post_pubertal_150_365d,Male
SAMN07626917,Muscle,Muscle,156.0,Post_pubertal_150_365d,Male
SAMN07626918,Muscle,Muscle,156.0,Post_pubertal_150_365d,Female
SAMN07626919,Muscle,Muscle,156.0,Post_pubertal_150_365d,Female
SAMN07626920,Muscle,Muscle,156.0,Post_pubertal_150_365d,Male
SAMN07626921,Muscle,Muscle,156.0,Post_pubertal_150_365d,Male
SAMN07626922,Muscle,Muscle,157.0,Post_pubertal_150_365d,Female
SAMN07626923,Muscle,Muscle,157.0,Post_pubertal_150_365d,Male
SAMN07626924,Muscle,Muscle,157.0,Post_pubertal_150_365d,Female
SAMN07626925,Muscle,Muscle,157.0,Post_pubertal_150_365d,Male
SAMN07626926,Muscle,Muscle,157.0,Post_pubertal_150_365d,Female
SAMN07626927,Muscle,Muscle,157.0,Post_pubertal_150_365d,Male
SAMN07626928,Muscle,Muscle,157.0,Post_pubertal_150_365d,Female
SAMN07626929,Muscle,Muscle,157.0,Post_pubertal_150_365d,Male
SAMN07626930,Muscle,Muscle,157.0,Post_pubertal_150_365d,Male
SAMN07626931,Muscle,Muscle,157.0,Post_pubertal_150_365d,Female
SAMN07626932,Muscle,Muscle,155.0,Post_pubertal_150_365d,Female
SAMN07626933,Muscle,Muscle,155.0,Post_pubertal_150_365d,Female
SAMN07626934,Muscle,Muscle,155.0,Post_pubertal_150_365d,Male
SAMN07626935,Muscle,Muscle,154.0,Post_pubertal_150_365d,Male
SAMN07626936,Muscle,Muscle,171.0,Post_pubertal_150_365d,Female
SAMN07626937,Muscle,Muscle,171.0,Post_pubertal_150_365d,Female
SAMN07626938,Muscle,Muscle,171.0,Post_pubertal_150_365d,Male
SAMN07626939,Muscle,Muscle,171.0,Post_pubertal_150_365d,Male
SAMN07626940,Muscle,Muscle,172.0,Post_pubertal_150_365d,Female
SAMN07626941,Muscle,Muscle,172.0,Post_pubertal_150_365d,Female
SAMN07626942,Muscle,Muscle,172.0,Post_pubertal_150_365d,Male
SAMN07626943,Muscle,Muscle,171.0,Post_pubertal_150_365d,Female
SAMN07626944,Muscle,Muscle,171.0,Post_pubertal_150_365d,Female
SAMN07626945,Muscle,Muscle,171.0,Post_pubertal_150_365d,Male
SAMN07626946,Muscle,Muscle,171.0,Post_pubertal_150_365d,Male
SAMN07626947,Muscle,Muscle,169.0,Post_pubertal_150_365d,Female
SAMN07626948,Muscle,Muscle,169.0,Post_pubertal_150_365d,Female
SAMN07626949,Muscle,Muscle,169.0,Post_pubertal_150_365d,Male
SAMN07626950,Muscle,Muscle,169.0,Post_pubertal_150_365d,Male
SAMN07626951,Muscle,Muscle,165.0,Post_pubertal_150_365d,Female
SAMN07626952,Muscle,Muscle,165.0,Post_pubertal_150_365d,Female
SAMN07626953,Muscle,Muscle,165.0,Post_pubertal_150_365d,Male
SAMN07626954,Muscle,Muscle,165.0,Post_pubertal_150_365d,Male
SAMN07626955,Muscle,Muscle,164.0,Post_pubertal_150_365d,Female
SAMN07626956,Muscle,Muscle,164.0,Post_pubertal_150_365d,Female
SAMN07626957,Muscle,Muscle,164.0,Post_pubertal_150_365d,Male
SAMN07626958,Muscle,Muscle,164.0,Post_pubertal_150_365d,Male
SAMN07626959,Muscle,Muscle,164.0,Post_pubertal_150_365d,Female
SAMN07626960,Muscle,Muscle,164.0,Post_pubertal_150_365d,Male
SAMN07626961,Muscle,Muscle,164.0,Post_pubertal_150_365d,Male
SAMN07626962,Muscle,Muscle,163.0,Post_pubertal_150_365d,Female
SAMN07626963,Muscle,Muscle,163.0,Post_pubertal_150_365d,Female
SAMN07626964,Muscle,Muscle,163.0,Post_pubertal_150_365d,Male
SAMN07626965,Muscle,Muscle,163.0,Post_pubertal_150_365d,Male
SAMN07626966,Muscle,Muscle,159.0,Post_pubertal_150_365d,Female
SAMN07626967,Muscle,Muscle,159.0,Post_pubertal_150_365d,Male
SAMN07626968,Muscle,Muscle,159.0,Post_pubertal_150_365d,Male
SAMN07626969,Muscle,Muscle,159.0,Post_pubertal_150_365d,Female
SAMN07626970,Muscle,Muscle,158.0,Post_pubertal_150_365d,Female
SAMN07626971,Muscle,Muscle,158.0,Post_pubertal_150_365d,Male
SAMN07626972,Muscle,Muscle,158.0,Post_pubertal_150_365d,Male
SAMN07626973,Muscle,Muscle,156.0,Post_pubertal_150_365d,Female
SAMN07626974,Muscle,Muscle,156.0,Post_pubertal_150_365d,Female
SAMN07626975,Muscle,Muscle,156.0,Post_pubertal_150_365d,Male
SAMN07626976,Unknown,Unknown,156.0,Post_pubertal_150_365d,Male
SAMN07626977,Muscle,Muscle,155.0,Post_pubertal_150_365d,Female
SAMN07626978,Muscle,Muscle,155.0,Post_pubertal_150_365d,Female
SAMN07626979,Muscle,Muscle,155.0,Post_pubertal_150_365d,Male
SAMN07626980,Muscle,Muscle,155.0,Post_pubertal_150_365d,Male
SAMN07626981,Muscle,Muscle,162.0,Post_pubertal_150_365d,Female
SAMN07626982,Muscle,Muscle,162.0,Post_pubertal_150_365d,Female
SAMN07626983,Muscle,Muscle,162.0,Post_pubertal_150_365d,Male
SAMN07626984,Muscle,Muscle,162.0,Post_pubertal_150_365d,Male
SAMN07626985,Muscle,Muscle,160.0,Post_pubertal_150_365d,Female
SAMN07626986,Muscle,Muscle,160.0,Post_pubertal_150_365d,Female
SAMN07626987,Muscle,Muscle,160.0,Post_pubertal_150_365d,Male
SAMN07626988,Muscle,Muscle,160.0,Post_pubertal_150_365d,Male
SAMN07626989,Muscle,Muscle,158.0,Post_pubertal_150_365d,Female
SAMN07626990,Muscle,Muscle,158.0,Post_pubertal_150_365d,Female
SAMN07626991,Muscle,Muscle,158.0,Post_pubertal_150_365d,Male
SAMN07626992,Muscle,Muscle,158.0,Post_pubertal_150_365d,Male
SAMN07626993,Muscle,Muscle,156.0,Post_pubertal_150_365d,Female
SAMN07626994,Muscle,Muscle,156.0,Post_pubertal_150_365d,Female
SAMN07626995,Muscle,Muscle,156.0,Post_pubertal_150_365d,Male
SAMN07626996,Muscle,Muscle,156.0,Post_pubertal_150_365d,Male
SAMN07626997,Muscle,Muscle,165.0,Post_pubertal_150_365d,Female
SAMN07626998,Muscle,Muscle,165.0,Post_pubertal_150_365d,Female
SAMN07626999,Muscle,Muscle,165.0,Post_pubertal_150_365d,Male
SAMN07627000,Muscle,Muscle,165.0,Post_pubertal_150_365d,Male
SAMN07627001,Muscle,Muscle,165.0,Post_pubertal_150_365d,Female
SAMN07627002,Muscle,Muscle,165.0,Post_pubertal_150_365d,Female
SAMN07627003,Muscle,Muscle,165.0,Post_pubertal_150_365d,Male
SAMN07627004,Muscle,Muscle,165.0,Post_pubertal_150_365d,Male
SAMN07627005,Muscle,Muscle,165.0,Post_pubertal_150_365d,Female
SAMN07627006,Muscle,Muscle,165.0,Post_pubertal_150_365d,Female
SAMN07627007,Muscle,Muscle,165.0,Post_pubertal_150_365d,Male
SAMN07627008,Muscle,Muscle,165.0,Post_pubertal_150_365d,Male
SAMN07627009,Muscle,Muscle,165.0,Post_pubertal_150_365d,Female
SAMN07627010,Muscle,Muscle,165.0,Post_pubertal_150_365d,Female
SAMN07627011,Muscle,Muscle,165.0,Post_pubertal_150_365d,Male
SAMN07627012,Muscle,Muscle,165.0,Post_pubertal_150_365d,Male
SAMN07627013,Muscle,Muscle,165.0,Post_pubertal_150_365d,Female
SAMN07627014,Muscle,Muscle,165.0,Post_pubertal_150_365d,Female
SAMN07627015,Muscle,Muscle,165.0,Post_pubertal_150_365d,Male
SAMN07627016,Muscle,Muscle,165.0,Post_pubertal_150_365d,Male
SAMN07627017,Muscle,Muscle,165.0,Post_pubertal_150_365d,Female
SAMN07627018,Muscle,Muscle,165.0,Post_pubertal_150_365d,Female
SAMN07627019,Muscle,Muscle,165.0,Post_pubertal_150_365d,Male
SAMN07627020,Muscle,Muscle,165.0,Post_pubertal_150_365d,Male
SAMN07627021,Muscle,Muscle,165.0,Post_pubertal_150_365d,Female
SAMN07627022,Muscle,Muscle,165.0,Post_pubertal_150_365d,Female
SAMN07627023,Muscle,Muscle,165.0,Post_pubertal_150_365d,Male
SAMN07627024,Muscle,Muscle,165.0,Post_pubertal_150_365d,Male
SAMN07627025,Muscle,Muscle,162.0,Post_pubertal_150_365d,Female
SAMN07627026,Muscle,Muscle,162.0,Post_pubertal_150_365d,Female
SAMN07627027,Muscle,Muscle,162.0,Post_pubertal_150_365d,Male
SAMN07627028,Muscle,Muscle,162.0,Post_pubertal_150_365d,Male
SAMN07627029,Muscle,Muscle,167.0,Post_pubertal_150_365d,Female
SAMN07627030,Muscle,Muscle,167.0,Post_pubertal_150_365d,Female
SAMN07627031,Muscle,Muscle,167.0,Post_pubertal_150_365d,Male
SAMN07627032,Muscle,Muscle,167.0,Post_pubertal_150_365d,Male
SAMN07627033,Muscle,Muscle,167.0,Post_pubertal_150_365d,Female
SAMN07627034,Muscle,Muscle,167.0,Post_pubertal_150_365d,Female
SAMN07627035,Muscle,Muscle,167.0,Post_pubertal_150_365d,Male
SAMN07627036,Muscle,Muscle,167.0,Post_pubertal_150_365d,Male
SAMN07627037,Muscle,Muscle,165.0,Post_pubertal_150_365d,Female
SAMN07627038,Muscle,Muscle,165.0,Post_pubertal_150_365d,Female
SAMN07627039,Muscle,Muscle,165.0,Post_pubertal_150_365d,Male
SAMN07627040,Muscle,Muscle,165.0,Post_pubertal_150_365d,Male
SAMN07627041,Muscle,Muscle,165.0,Post_pubertal_150_365d,Female
SAMN07627042,Muscle,Muscle,165.0,Post_pubertal_150_365d,Female
SAMN07627043,Muscle,Muscle,165.0,Post_pubertal_150_365d,Male
SAMN07627044,Muscle,Muscle,165.0,Post_pubertal_150_365d,Male
SAMN07640983,Liver,Liver,,Adult_>365d,Female
SAMN07640989,Liver,Liver,,Adult_>365d,Female
SAMN07640995,Liver,Liver,,Adult_>365d,Female
SAMN07641020,Liver,Liver,,Adult_>365d,Female
SAMN07641021,Liver,Liver,,Adult_>365d,Female
SAMN07641022,Liver,Liver,,Adult_>365d,Female
SAMN07641023,Liver,Liver,,Adult_>365d,Female
SAMN07643023,Liver,Liver,,Adult_>365d,Female
SAMN07661000,Brain,Brain,,Adult_>365d,Female
SAMN07661001,Brain,Brain,,Adult_>365d,Female
SAMN07661002,Brain,Brain,,Adult_>365d,Male
SAMN07661003,Brain,Brain,,Adult_>365d,Female
SAMN07661004,Brain,Brain,,Adult_>365d,Female
SAMN07661005,Brain,Brain,,Adult_>365d,Male
SAMN07661006,Brain,Brain,,Adult_>365d,Female
SAMN07661007,Brain,Brain,,Adult_>365d,Male
SAMN07661008,Brain,Brain,,Adult_>365d,Male
SAMN07661009,Brain,Brain,,Adult_>365d,Female
SAMN07661010,Brain,Brain,,Adult_>365d,Male
SAMN07661011,Brain,Brain,,Adult_>365d,Female
SAMN08554545,Large intestine,Colon,42.0,Early childhood_21_59d,Female
SAMN08554546,Large intestine,Colon,42.0,Early childhood_21_59d,Female
SAMN08554547,Large intestine,Colon,42.0,Early childhood_21_59d,Female
SAMN08554548,Large intestine,Colon,42.0,Early childhood_21_59d,Female
SAMN08554549,Large intestine,Colon,42.0,Early childhood_21_59d,Female
SAMN08554550,Large intestine,Colon,42.0,Early childhood_21_59d,Female
SAMN08554551,Large intestine,Colon,42.0,Early childhood_21_59d,Female
SAMN08554552,Large intestine,Colon,42.0,Early childhood_21_59d,Female
SAMN08554553,Large intestine,Colon,42.0,Early childhood_21_59d,Female
SAMN08554554,Large intestine,Colon,42.0,Early childhood_21_59d,Female
SAMN08554555,Large intestine,Colon,42.0,Early childhood_21_59d,Female
SAMN07709713,Unknown,Unknown,7.0,Infant_0_20d,Male
SAMN07709714,Unknown,Unknown,7.0,Infant_0_20d,Male
SAMN07709715,Unknown,Unknown,7.0,Infant_0_20d,Male
SAMN07709716,Unknown,Unknown,7.0,Infant_0_20d,Male
SAMN07709718,Unknown,Unknown,7.0,Infant_0_20d,Male
SAMN07709720,Unknown,Unknown,7.0,Infant_0_20d,Female
SAMN07709721,Unknown,Unknown,7.0,Infant_0_20d,Female
SAMN07709722,Unknown,Unknown,7.0,Infant_0_20d,Female
SAMN07709723,Unknown,Unknown,7.0,Infant_0_20d,Female
SAMN07709724,Unknown,Unknown,7.0,Infant_0_20d,Female
SAMN07709725,Unknown,Unknown,7.0,Infant_0_20d,Male
SAMN07709744,Unknown,Unknown,7.0,Infant_0_20d,Male
SAMN07709745,Unknown,Unknown,7.0,Infant_0_20d,Male
SAMN07709746,Unknown,Unknown,7.0,Infant_0_20d,Male
SAMN07709747,Unknown,Unknown,7.0,Infant_0_20d,Male
SAMN07709748,Unknown,Unknown,7.0,Infant_0_20d,Male
SAMN07709780,Unknown,Unknown,7.0,Infant_0_20d,Male
SAMN07709783,Unknown,Unknown,7.0,Infant_0_20d,Male
SAMN07709785,Unknown,Unknown,7.0,Infant_0_20d,Male
SAMN07709786,Unknown,Unknown,7.0,Infant_0_20d,Male
SAMN07710351,Unknown,Unknown,7.0,Infant_0_20d,Female
SAMN07710416,Unknown,Unknown,7.0,Infant_0_20d,Female
SAMN07710437,Unknown,Unknown,7.0,Infant_0_20d,Female
SAMN07710438,Unknown,Unknown,7.0,Infant_0_20d,Female
SAMN07710439,Unknown,Unknown,7.0,Infant_0_20d,Female
SAMN07710440,Unknown,Unknown,7.0,Infant_0_20d,Male
SAMN07710441,Unknown,Unknown,7.0,Infant_0_20d,Male
SAMN07710442,Unknown,Unknown,7.0,Infant_0_20d,Male
SAMN07710445,Unknown,Unknown,7.0,Infant_0_20d,Male
SAMN07710446,Unknown,Unknown,7.0,Infant_0_20d,Male
SAMN07710447,Unknown,Unknown,7.0,Infant_0_20d,Male
SAMN07710448,Unknown,Unknown,7.0,Infant_0_20d,Male
SAMN07710449,Unknown,Unknown,7.0,Infant_0_20d,Male
SAMN07710450,Unknown,Unknown,7.0,Infant_0_20d,Male
SAMN07710451,Unknown,Unknown,7.0,Infant_0_20d,Male
SAMN07806805,Ovary,Ovary,1.0,Infant_0_20d,Female
SAMN07806806,Ovary,Ovary,1.0,Infant_0_20d,Female
SAMN07806807,Ovary,Ovary,1.0,Infant_0_20d,Female
SAMN07806808,Ovary,Ovary,1.0,Infant_0_20d,Female
SAMN07806809,Ovary,Ovary,1.0,Infant_0_20d,Female
SAMN07806810,Ovary,Ovary,1.0,Infant_0_20d,Female
SAMN07806811,Ovary,Ovary,1.0,Infant_0_20d,Female
SAMN07806812,Ovary,Ovary,1.0,Infant_0_20d,Female
SAMN07806813,Ovary,Ovary,1.0,Infant_0_20d,Female
SAMN07806814,Ovary,Ovary,1.0,Infant_0_20d,Female
SAMN07806815,Ovary,Ovary,1.0,Infant_0_20d,Female
SAMN07806816,Ovary,Ovary,1.0,Infant_0_20d,Female
SAMN07806817,Ovary,Ovary,1.0,Infant_0_20d,Female
SAMN07806818,Ovary,Ovary,1.0,Infant_0_20d,Female
SAMN07806819,Ovary,Ovary,1.0,Infant_0_20d,Female
SAMN07806820,Ovary,Ovary,1.0,Infant_0_20d,Female
SAMN07806821,Ovary,Ovary,1.0,Infant_0_20d,Female
SAMN07806822,Ovary,Ovary,1.0,Infant_0_20d,Female
SAMN07806823,Ovary,Ovary,1.0,Infant_0_20d,Female
SAMN07806824,Ovary,Ovary,1.0,Infant_0_20d,Female
SAMN07806825,Ovary,Ovary,1.0,Infant_0_20d,Female
SAMN07806826,Ovary,Ovary,1.0,Infant_0_20d,Female
SAMN07806827,Ovary,Ovary,1.0,Infant_0_20d,Female
SAMN07806828,Ovary,Ovary,1.0,Infant_0_20d,Female
SAMN07806829,Ovary,Ovary,1.0,Infant_0_20d,Female
SAMN07806830,Ovary,Ovary,1.0,Infant_0_20d,Female
SAMN07806831,Ovary,Ovary,1.0,Infant_0_20d,Female
SAMN07806832,Ovary,Ovary,1.0,Infant_0_20d,Female
SAMN07806833,Ovary,Ovary,1.0,Infant_0_20d,Female
SAMN07806834,Ovary,Ovary,1.0,Infant_0_20d,Female
SAMN07806835,Ovary,Ovary,1.0,Infant_0_20d,Female
SAMN07806836,Ovary,Ovary,1.0,Infant_0_20d,Female
SAMN07806837,Ovary,Ovary,1.0,Infant_0_20d,Female
SAMN07806838,Ovary,Ovary,1.0,Infant_0_20d,Female
SAMN07806839,Ovary,Ovary,1.0,Infant_0_20d,Female
SAMN07806840,Ovary,Ovary,1.0,Infant_0_20d,Female
SAMN07785225,Brain,Brain,,Adult_>365d,Unknown
SAMN07785226,Brain,Brain,,Adult_>365d,Unknown
SAMN07785227,Liver,Liver,,Adult_>365d,Unknown
SAMN07785228,Liver,Liver,,Adult_>365d,Unknown
SAMN07785229,Lung,Lung,,Adult_>365d,Unknown
SAMN07785230,Lung,Lung,,Adult_>365d,Unknown
SAMN07785231,Lymph node,Lymph node,,Adult_>365d,Unknown
SAMN07785232,Lymph node,Lymph node,,Adult_>365d,Unknown
SAMN07785233,Spleen,Spleen,,Adult_>365d,Unknown
SAMN07785234,Spleen,Spleen,,Adult_>365d,Unknown
SAMN07785235,Brain,Brain,,Adult_>365d,Unknown
SAMN07785236,Brain,Brain,,Adult_>365d,Unknown
SAMN07785237,Liver,Liver,,Adult_>365d,Unknown
SAMN07785238,Liver,Liver,,Adult_>365d,Unknown
SAMN07785239,Lung,Lung,,Adult_>365d,Unknown
SAMN07785240,Lung,Lung,,Adult_>365d,Unknown
SAMN07785241,Lymph node,Lymph node,,Adult_>365d,Unknown
SAMN07785242,Lymph node,Lymph node,,Adult_>365d,Unknown
SAMN07785243,Spleen,Spleen,,Adult_>365d,Unknown
SAMN07785244,Spleen,Spleen,,Adult_>365d,Unknown
SAMN07785245,Brain,Brain,,Adult_>365d,Unknown
SAMN07785246,Brain,Brain,,Adult_>365d,Unknown
SAMN07785247,Liver,Liver,,Adult_>365d,Unknown
SAMN07785248,Liver,Liver,,Adult_>365d,Unknown
SAMN07785249,Lung,Lung,,Adult_>365d,Unknown
SAMN07785250,Lung,Lung,,Adult_>365d,Unknown
SAMN07785251,Lymph node,Lymph node,,Adult_>365d,Unknown
SAMN07785252,Lymph node,Lymph node,,Adult_>365d,Unknown
SAMN07785253,Spleen,Spleen,,Adult_>365d,Unknown
SAMN07785254,Spleen,Spleen,,Adult_>365d,Unknown
SAMN07785255,Brain,Brain,,Adult_>365d,Unknown
SAMN07785256,Brain,Brain,,Adult_>365d,Unknown
SAMN07785257,Liver,Liver,,Adult_>365d,Unknown
SAMN07785258,Liver,Liver,,Adult_>365d,Unknown
SAMN07785259,Lung,Lung,,Adult_>365d,Unknown
SAMN07785260,Lung,Lung,,Adult_>365d,Unknown
SAMN07785261,Lymph node,Lymph node,,Adult_>365d,Unknown
SAMN07785262,Lymph node,Lymph node,,Adult_>365d,Unknown
SAMN07785263,Spleen,Spleen,,Adult_>365d,Unknown
SAMN07785264,Spleen,Spleen,,Adult_>365d,Unknown
SAMN07821329,Blood,Blood,,Adult_>365d,Unknown
SAMN07821330,Blood,Blood,,Adult_>365d,Unknown
SAMN07821331,Blood,Blood,,Adult_>365d,Unknown
SAMN07821332,Blood,Blood,,Adult_>365d,Unknown
SAMN07821333,Blood,Blood,,Adult_>365d,Unknown
SAMN07821334,Blood,Blood,,Adult_>365d,Unknown
SAMN07821335,Blood,Blood,,Adult_>365d,Unknown
SAMN07821336,Unknown,Unknown,,Adult_>365d,Unknown
SAMN07821337,Unknown,Unknown,,Adult_>365d,Unknown
SAMN07821338,Blood,Blood,,Adult_>365d,Unknown
SAMN07821339,Blood,Blood,,Adult_>365d,Unknown
SAMN07821340,Blood,Blood,,Adult_>365d,Unknown
SAMN07822578,Spleen,Spleen,7.0,Infant_0_20d,Unknown
SAMN07822579,Spleen,Spleen,7.0,Infant_0_20d,Unknown
SAMN07822580,Spleen,Spleen,7.0,Infant_0_20d,Unknown
SAMN07822581,Spleen,Spleen,7.0,Infant_0_20d,Unknown
SAMN07822582,Spleen,Spleen,7.0,Infant_0_20d,Unknown
SAMN07822583,Spleen,Spleen,7.0,Infant_0_20d,Unknown
SAMN07822584,Spleen,Spleen,7.0,Infant_0_20d,Unknown
SAMN07822585,Spleen,Spleen,7.0,Infant_0_20d,Unknown
SAMN07822586,Spleen,Spleen,7.0,Infant_0_20d,Unknown
SAMN07822587,Spleen,Spleen,7.0,Infant_0_20d,Unknown
SAMN07822588,Spleen,Spleen,7.0,Infant_0_20d,Unknown
SAMN07822589,Spleen,Spleen,7.0,Infant_0_20d,Unknown
SAMN07822590,Spleen,Spleen,7.0,Infant_0_20d,Unknown
SAMN07822591,Spleen,Spleen,7.0,Infant_0_20d,Unknown
SAMN07822592,Spleen,Spleen,7.0,Infant_0_20d,Unknown
SAMN07835414,Uterus,Uterus,900.0,Adult_>365d,Female
SAMN07835415,Uterus,Uterus,900.0,Adult_>365d,Female
SAMN07835416,Uterus,Uterus,900.0,Adult_>365d,Female
SAMN07835417,Uterus,Uterus,900.0,Adult_>365d,Female
SAMN07835418,Uterus,Uterus,900.0,Adult_>365d,Female
SAMN07835419,Uterus,Uterus,900.0,Adult_>365d,Female
SAMN07837331,Other,Other,,Adult_>365d,Male
SAMN07956242,Ovary,Ovary,240.0,Post_pubertal_150_365d,Female
SAMN07956243,Ovary,Ovary,240.0,Post_pubertal_150_365d,Female
SAMN07956244,Ovary,Ovary,240.0,Post_pubertal_150_365d,Female
SAMN07956245,Ovary,Ovary,240.0,Post_pubertal_150_365d,Female
SAMN07956246,Ovary,Ovary,240.0,Post_pubertal_150_365d,Female
SAMN07956247,Ovary,Ovary,240.0,Post_pubertal_150_365d,Female
SAMN07959854,Spleen,Spleen,0.0,Infant_0_20d,Unknown
SAMN07959855,Spleen,Spleen,0.0,Infant_0_20d,Unknown
SAMN07959899,Spleen,Spleen,730.0,Adult_>365d,Unknown
SAMN07959900,Spleen,Spleen,730.0,Adult_>365d,Unknown
SAMN07959901,Spleen,Spleen,730.0,Adult_>365d,Unknown
SAMN07959902,Spleen,Spleen,730.0,Adult_>365d,Unknown
SAMN07959903,Spleen,Spleen,730.0,Adult_>365d,Unknown
SAMN07959904,Spleen,Spleen,730.0,Adult_>365d,Unknown
SAMN07959905,Spleen,Spleen,180.0,Post_pubertal_150_365d,Unknown
SAMN07959906,Spleen,Spleen,180.0,Post_pubertal_150_365d,Unknown
SAMN07959907,Spleen,Spleen,180.0,Post_pubertal_150_365d,Unknown
SAMN07959908,Spleen,Spleen,30.0,Early childhood_21_59d,Female
SAMN07959909,Spleen,Spleen,30.0,Early childhood_21_59d,Female
SAMN07959910,Spleen,Spleen,30.0,Early childhood_21_59d,Female
SAMN07959911,Spleen,Spleen,0.0,Infant_0_20d,Unknown
SAMN07959912,Spleen,Spleen,0.0,Infant_0_20d,Unknown
SAMN07959913,Spleen,Spleen,0.0,Infant_0_20d,Unknown
SAMN07959914,Spleen,Spleen,0.0,Infant_0_20d,Unknown
SAMN07975613,Liver,Liver,150.0,Post_pubertal_150_365d,Unknown
SAMN07975614,Liver,Liver,150.0,Post_pubertal_150_365d,Unknown
SAMN07975615,Liver,Liver,150.0,Post_pubertal_150_365d,Unknown
SAMN07975638,Liver,Liver,150.0,Post_pubertal_150_365d,Unknown
SAMN07975640,Liver,Liver,150.0,Post_pubertal_150_365d,Unknown
SAMN07975641,Liver,Liver,150.0,Post_pubertal_150_365d,Unknown
SAMN07981758,Muscle,Muscle,,Adult_>365d,Male
SAMN07981759,Liver,Liver,,Adult_>365d,Male
SAMN07981760,Kidney,Kidney,,Adult_>365d,Male
SAMN07981761,Heart,Heart,,Adult_>365d,Male
SAMN07981762,Brain,Brain,,Adult_>365d,Male
SAMN08031334,Small intestine,Jejunum,28.0,Early childhood_21_59d,Male
SAMN08049025,Muscle,Muscle,170.0,Post_pubertal_150_365d,Female
SAMN08049026,Muscle,Muscle,170.0,Post_pubertal_150_365d,Female
SAMN08049156,Muscle,Muscle,180.0,Post_pubertal_150_365d,Female
SAMN08049157,Muscle,Muscle,180.0,Post_pubertal_150_365d,Female
SAMN08049158,Muscle,Muscle,180.0,Post_pubertal_150_365d,Female
SAMN08049159,Muscle,Muscle,180.0,Post_pubertal_150_365d,Female
SAMN08049160,Muscle,Muscle,180.0,Post_pubertal_150_365d,Female
SAMN08049161,Muscle,Muscle,180.0,Post_pubertal_150_365d,Female
SAMN08049162,Muscle,Muscle,180.0,Post_pubertal_150_365d,Female
SAMN08049163,Muscle,Muscle,180.0,Post_pubertal_150_365d,Female
SAMN08049164,Muscle,Muscle,180.0,Post_pubertal_150_365d,Female
SAMN08049165,Muscle,Muscle,180.0,Post_pubertal_150_365d,Female
SAMN08049166,Muscle,Muscle,180.0,Post_pubertal_150_365d,Female
SAMN08049167,Muscle,Muscle,180.0,Post_pubertal_150_365d,Female
SAMN08049168,Muscle,Muscle,180.0,Post_pubertal_150_365d,Female
SAMN08096127,Embryo,Embryo,,Adult_>365d,Male
SAMN08096128,Embryo,Embryo,,Adult_>365d,Male
SAMN08096131,Embryo,Blastocyst,0.0,Infant_0_20d,Pooled
SAMN08096133,Embryo,Blastocyst,0.0,Infant_0_20d,Pooled
SAMN08096134,Embryo,Blastocyst,0.0,Infant_0_20d,Male
SAMN08096135,Embryo,Blastocyst,0.0,Infant_0_20d,Male
SAMN08096136,Embryo,Blastocyst,0.0,Infant_0_20d,Male
SAMN08096137,Embryo,Blastocyst,0.0,Infant_0_20d,Male
SAMN08096138,Embryo,Blastocyst,0.0,Infant_0_20d,Male
SAMN08096139,Embryo,Blastocyst,0.0,Infant_0_20d,Male
SAMN08096140,Embryo,Embryo,,Adult_>365d,Male
SAMN08096141,Embryo,Embryo,,Adult_>365d,Male
SAMN08096142,Embryo,Embryo,,Adult_>365d,Male
SAMN08096143,Embryo,Embryo,,Adult_>365d,Male
SAMN08096144,Embryo,Embryo,,Adult_>365d,Male
SAMN08096145,Embryo,Embryo,,Adult_>365d,Male
SAMN08096146,Embryo,Embryo,,Adult_>365d,Male
SAMN08096147,Embryo,Embryo,,Adult_>365d,Female
SAMN08096148,Embryo,Embryo,,Adult_>365d,Male
SAMN08096149,Embryo,Embryo,,Adult_>365d,Male
SAMN08096150,Embryo,Embryo,,Adult_>365d,Male
SAMN08096151,Embryo,Embryo,,Adult_>365d,Male
SAMN08108306,Small intestine,Jejunum,21.0,Early childhood_21_59d,Unknown
SAMN08108504,Small intestine,Jejunum,28.0,Early childhood_21_59d,Unknown
SAMN08108505,Small intestine,Jejunum,28.0,Early childhood_21_59d,Unknown
SAMN08108506,Small intestine,Jejunum,28.0,Early childhood_21_59d,Unknown
SAMN08108507,Small intestine,Jejunum,28.0,Early childhood_21_59d,Unknown
SAMN08108508,Small intestine,Jejunum,28.0,Early childhood_21_59d,Unknown
SAMN08108509,Small intestine,Jejunum,28.0,Early childhood_21_59d,Unknown
SAMN08108510,Small intestine,Jejunum,21.0,Early childhood_21_59d,Unknown
SAMN08108511,Small intestine,Jejunum,21.0,Early childhood_21_59d,Unknown
SAMN08108512,Small intestine,Jejunum,21.0,Early childhood_21_59d,Unknown
SAMN08108513,Small intestine,Jejunum,21.0,Early childhood_21_59d,Unknown
SAMN08108514,Small intestine,Jejunum,21.0,Early childhood_21_59d,Unknown
SAMN08128398,Unknown,Unknown,,Adult_>365d,Unknown
SAMN08128399,Unknown,Unknown,,Adult_>365d,Unknown
SAMN08128400,Unknown,Unknown,,Adult_>365d,Unknown
SAMN08128401,Unknown,Unknown,,Adult_>365d,Unknown
SAMN08128402,Unknown,Unknown,,Adult_>365d,Unknown
SAMN08128403,Unknown,Unknown,,Adult_>365d,Unknown
SAMN08271721,Uterus,Uterus,,Adult_>365d,Unknown
SAMN08271722,Ovary,Ovary,,Adult_>365d,Unknown
SAMN08271723,Ovary,Ovary,,Adult_>365d,Unknown
SAMN08271724,Uterus,Uterus,,Adult_>365d,Unknown
SAMN08271725,Uterus,Uterus,,Adult_>365d,Unknown
SAMN08271726,Uterus,Uterus,,Adult_>365d,Unknown
SAMN08271727,Uterus,Uterus,,Adult_>365d,Unknown
SAMN08271728,Uterus,Uterus,,Adult_>365d,Unknown
SAMN08271729,Uterus,Uterus,,Adult_>365d,Unknown
SAMN08271730,Ovary,Ovary,,Adult_>365d,Unknown
SAMN08271731,Ovary,Ovary,,Adult_>365d,Unknown
SAMN08271732,Ovary,Ovary,,Adult_>365d,Unknown
SAMN08271733,Uterus,Uterus,,Adult_>365d,Unknown
SAMN08271734,Uterus,Uterus,,Adult_>365d,Unknown
SAMN08271735,Uterus,Uterus,,Adult_>365d,Unknown
SAMN08271736,Uterus,Uterus,,Adult_>365d,Unknown
SAMN08271737,Uterus,Uterus,,Adult_>365d,Unknown
SAMN08271738,Uterus,Uterus,,Adult_>365d,Unknown
SAMN08271739,Uterus,Uterus,,Adult_>365d,Unknown
SAMN08271740,Uterus,Uterus,,Adult_>365d,Unknown
SAMN08271741,Ovary,Ovary,,Adult_>365d,Unknown
SAMN08271742,Ovary,Ovary,,Adult_>365d,Unknown
SAMN08271743,Ovary,Ovary,,Adult_>365d,Unknown
SAMN08271744,Ovary,Ovary,,Adult_>365d,Unknown
SAMN08271745,Uterus,Uterus,,Adult_>365d,Unknown
SAMN08271746,Uterus,Uterus,,Adult_>365d,Unknown
SAMN08271747,Uterus,Uterus,,Adult_>365d,Unknown
SAMN08271748,Uterus,Uterus,,Adult_>365d,Unknown
SAMN08271749,Uterus,Uterus,,Adult_>365d,Unknown
SAMN08271750,Uterus,Uterus,,Adult_>365d,Unknown
SAMN08271751,Uterus,Uterus,,Adult_>365d,Unknown
SAMN08271752,Uterus,Uterus,,Adult_>365d,Unknown
SAMN08271753,Ovary,Ovary,,Adult_>365d,Unknown
SAMN08271754,Ovary,Ovary,,Adult_>365d,Unknown
SAMN08271755,Ovary,Ovary,,Adult_>365d,Unknown
SAMN08271756,Ovary,Ovary,,Adult_>365d,Unknown
SAMN08271757,Uterus,Uterus,,Adult_>365d,Unknown
SAMN08271758,Uterus,Uterus,,Adult_>365d,Unknown
SAMN08271759,Ovary,Ovary,,Adult_>365d,Unknown
SAMN08271760,Uterus,Uterus,,Adult_>365d,Unknown
SAMN08271761,Uterus,Uterus,,Adult_>365d,Unknown
SAMN08271762,Uterus,Uterus,,Adult_>365d,Unknown
SAMN08271763,Uterus,Uterus,,Adult_>365d,Unknown
SAMN08271764,Uterus,Uterus,,Adult_>365d,Unknown
SAMN08271765,Ovary,Ovary,,Adult_>365d,Unknown
SAMN08271766,Ovary,Ovary,,Adult_>365d,Unknown
SAMN08271767,Uterus,Uterus,,Adult_>365d,Unknown
SAMN08271768,Uterus,Uterus,,Adult_>365d,Unknown
SAMN08271769,Uterus,Uterus,,Adult_>365d,Unknown
SAMN08271770,Uterus,Uterus,,Adult_>365d,Unknown
SAMN08271771,Uterus,Uterus,,Adult_>365d,Unknown
SAMN08271772,Ovary,Ovary,,Adult_>365d,Unknown
SAMN08271773,Ovary,Ovary,,Adult_>365d,Unknown
SAMN08271774,Ovary,Ovary,,Adult_>365d,Unknown
SAMN08271775,Uterus,Uterus,,Adult_>365d,Unknown
SAMN08271776,Uterus,Uterus,,Adult_>365d,Unknown
SAMN08271777,Uterus,Uterus,,Adult_>365d,Unknown
SAMN08271778,Uterus,Uterus,,Adult_>365d,Unknown
SAMN08271779,Ovary,Ovary,,Adult_>365d,Unknown
SAMN08271780,Ovary,Ovary,,Adult_>365d,Unknown
SAMN08271781,Ovary,Ovary,,Adult_>365d,Unknown
SAMN08271782,Uterus,Uterus,,Adult_>365d,Unknown
SAMN08271783,Uterus,Uterus,,Adult_>365d,Unknown
SAMN08271784,Uterus,Uterus,,Adult_>365d,Unknown
SAMN08271785,Uterus,Uterus,,Adult_>365d,Unknown
SAMN08271786,Uterus,Uterus,,Adult_>365d,Unknown
SAMN08271787,Uterus,Uterus,,Adult_>365d,Unknown
SAMN08443938,Fibroblast,Fibroblast,,Adult_>365d,Unknown
SAMN08443939,Fibroblast,Fibroblast,,Adult_>365d,Unknown
SAMN08443940,iPS,iPS,,Adult_>365d,Unknown
SAMN08443941,iPS,iPS,,Adult_>365d,Unknown
SAMN08443942,iPS,iPS,,Adult_>365d,Unknown
SAMN08443943,iPS,iPS,,Adult_>365d,Unknown
SAMN08295149,IPEC,IPEC,,Adult_>365d,Unknown
SAMN08295150,IPEC,IPEC,,Adult_>365d,Unknown
SAMN08299282,Unknown,Unknown,239.0,Post_pubertal_150_365d,Female
SAMN08299284,Unknown,Unknown,235.0,Post_pubertal_150_365d,Neuter
SAMN08299285,Unknown,Unknown,241.0,Post_pubertal_150_365d,Neuter
SAMN08299286,Unknown,Unknown,244.0,Post_pubertal_150_365d,Female
SAMN08299287,Unknown,Unknown,241.0,Post_pubertal_150_365d,Neuter
SAMN08299288,Unknown,Unknown,249.0,Post_pubertal_150_365d,Female
SAMN08299289,Unknown,Unknown,249.0,Post_pubertal_150_365d,Female
SAMN08299290,Unknown,Unknown,241.0,Post_pubertal_150_365d,Neuter
SAMN08299291,Unknown,Unknown,250.0,Post_pubertal_150_365d,Female
SAMN08299292,Unknown,Unknown,237.0,Post_pubertal_150_365d,Female
SAMN08299293,Unknown,Unknown,233.0,Post_pubertal_150_365d,Neuter
SAMN08299294,Unknown,Unknown,243.0,Post_pubertal_150_365d,Neuter
SAMN08299295,Unknown,Unknown,235.0,Post_pubertal_150_365d,Female
SAMN08299296,Unknown,Unknown,243.0,Post_pubertal_150_365d,Neuter
SAMN08299297,Unknown,Unknown,237.0,Post_pubertal_150_365d,Neuter
SAMN08299298,Unknown,Unknown,247.0,Post_pubertal_150_365d,Female
SAMN08299299,Unknown,Unknown,243.0,Post_pubertal_150_365d,Female
SAMN08299300,Unknown,Unknown,249.0,Post_pubertal_150_365d,Neuter
SAMN08328453,Oocyte,Oocyte,,Adult_>365d,Unknown
SAMN08328454,Oocyte,Oocyte,,Adult_>365d,Unknown
SAMN08328455,Oocyte,Oocyte,,Adult_>365d,Unknown
SAMN08328456,Unknown,Unknown,,Adult_>365d,Unknown
SAMN08328457,Unknown,Unknown,,Adult_>365d,Unknown
SAMN08328458,Unknown,Unknown,,Adult_>365d,Unknown
SAMN08328459,Oocyte,Oocyte,,Adult_>365d,Unknown
SAMN08328460,Oocyte,Oocyte,,Adult_>365d,Unknown
SAMN08328461,Oocyte,Oocyte,,Adult_>365d,Unknown
SAMN08328462,Oocyte,Oocyte,,Adult_>365d,Unknown
SAMN08328463,Unknown,Unknown,,Adult_>365d,Unknown
SAMN08328464,Oocyte,Oocyte,,Adult_>365d,Unknown
SAMN08328465,Oocyte,Oocyte,,Adult_>365d,Unknown
SAMN08328466,Oocyte,Oocyte,,Adult_>365d,Unknown
SAMN08328467,Unknown,Unknown,,Adult_>365d,Unknown
SAMN08328468,Oocyte,Oocyte,,Adult_>365d,Unknown
SAMN08328469,Oocyte,Oocyte,,Adult_>365d,Unknown
SAMN08328470,Oocyte,Oocyte,,Adult_>365d,Unknown
SAMN08328471,Oocyte,Oocyte,,Adult_>365d,Unknown
SAMN08328472,Oocyte,Oocyte,,Adult_>365d,Unknown
SAMN08328473,Unknown,Unknown,,Adult_>365d,Unknown
SAMN08328474,Unknown,Unknown,,Adult_>365d,Unknown
SAMN08328475,Oocyte,Oocyte,,Adult_>365d,Unknown
SAMN08328476,Oocyte,Oocyte,,Adult_>365d,Unknown
SAMN08328477,Oocyte,Oocyte,,Adult_>365d,Unknown
SAMN08328478,Oocyte,Oocyte,,Adult_>365d,Unknown
SAMN08328479,Oocyte,Oocyte,,Adult_>365d,Unknown
SAMN08328480,Unknown,Unknown,,Adult_>365d,Unknown
SAMN08328481,Oocyte,Oocyte,,Adult_>365d,Unknown
SAMN08328482,Unknown,Unknown,,Adult_>365d,Unknown
SAMN08328483,Oocyte,Oocyte,,Adult_>365d,Unknown
SAMN08328484,Oocyte,Oocyte,,Adult_>365d,Unknown
SAMN08328485,Oocyte,Oocyte,,Adult_>365d,Unknown
SAMN08328486,Oocyte,Oocyte,,Adult_>365d,Unknown
SAMN08328487,Oocyte,Oocyte,,Adult_>365d,Unknown
SAMN08328488,Oocyte,Oocyte,,Adult_>365d,Unknown
SAMN08328489,Oocyte,Oocyte,,Adult_>365d,Unknown
SAMN08328490,Oocyte,Oocyte,,Adult_>365d,Unknown
SAMN08328491,Unknown,Unknown,,Adult_>365d,Unknown
SAMN08328492,Oocyte,Oocyte,,Adult_>365d,Unknown
SAMN08358028,Ovary,Ovary,,Adult_>365d,Female
SAMN08358029,Ovary,Ovary,,Adult_>365d,Female
SAMN08358030,Ovary,Ovary,,Adult_>365d,Female
SAMN08358031,Ovary,Ovary,,Adult_>365d,Female
SAMN08358032,Ovary,Ovary,,Adult_>365d,Female
SAMN08358033,Ovary,Ovary,,Adult_>365d,Female
SAMN08358034,Ovary,Ovary,,Adult_>365d,Female
SAMN08358035,Ovary,Ovary,,Adult_>365d,Female
SAMN08358036,Ovary,Ovary,,Adult_>365d,Female
SAMN08358037,Ovary,Ovary,,Adult_>365d,Female
SAMN08358038,Ovary,Ovary,,Adult_>365d,Female
SAMN08358039,Ovary,Ovary,,Adult_>365d,Female
SAMN08389489,Uterus,Uterus,,Adult_>365d,Unknown
SAMN08389490,Uterus,Uterus,,Adult_>365d,Unknown
SAMN08389491,Uterus,Uterus,,Adult_>365d,Unknown
SAMN08389492,Uterus,Uterus,,Adult_>365d,Unknown
SAMN08389493,Unknown,Unknown,,Adult_>365d,Unknown
SAMN08389494,Unknown,Unknown,,Adult_>365d,Unknown
SAMN08389495,Uterus,Uterus,,Adult_>365d,Unknown
SAMN08389496,Uterus,Uterus,,Adult_>365d,Unknown
SAMN08389497,Uterus,Uterus,,Adult_>365d,Unknown
SAMN08389498,Uterus,Uterus,,Adult_>365d,Unknown
SAMN08389499,Unknown,Unknown,,Adult_>365d,Unknown
SAMN08389500,Uterus,Uterus,,Adult_>365d,Unknown
SAMN08389501,Uterus,Uterus,,Adult_>365d,Unknown
SAMN08389502,Unknown,Unknown,,Adult_>365d,Unknown
SAMN08389503,Uterus,Uterus,,Adult_>365d,Unknown
SAMN08389504,Uterus,Uterus,,Adult_>365d,Unknown
SAMN08389505,Uterus,Uterus,,Adult_>365d,Unknown
SAMN08389506,Uterus,Uterus,,Adult_>365d,Unknown
SAMN08389507,Uterus,Uterus,,Adult_>365d,Unknown
SAMN08389508,Unknown,Unknown,,Adult_>365d,Unknown
SAMN08389509,Uterus,Uterus,,Adult_>365d,Unknown
SAMN08389510,Uterus,Uterus,,Adult_>365d,Unknown
SAMN08462903,Lymph node,Lymph node,1.0,Infant_0_20d,Unknown
SAMN08462904,Lymph node,Lymph node,1.0,Infant_0_20d,Unknown
SAMN08462905,Lymph node,Lymph node,1.0,Infant_0_20d,Unknown
SAMN08462906,Lymph node,Lymph node,1.0,Infant_0_20d,Unknown
SAMN08462907,Lymph node,Lymph node,1.0,Infant_0_20d,Unknown
SAMN08462922,Other,Other,0.0,Infant_0_20d,Unknown
SAMN08462923,Other,Other,0.0,Infant_0_20d,Unknown
SAMN08462924,Other,Other,0.0,Infant_0_20d,Unknown
SAMN08462925,Other,Other,0.0,Infant_0_20d,Unknown
SAMN08462926,Other,Other,0.0,Infant_0_20d,Unknown
SAMN08513739,Placenta,Placenta,,Adult_>365d,Unknown
SAMN08513740,Placenta,Placenta,,Adult_>365d,Unknown
SAMN08513741,Placenta,Placenta,,Adult_>365d,Unknown
SAMN08513742,Placenta,Placenta,,Adult_>365d,Female
SAMN08513743,Placenta,Placenta,,Adult_>365d,Female
SAMN08513744,Placenta,Placenta,,Adult_>365d,Female
SAMN08513745,Placenta,Placenta,,Adult_>365d,Female
SAMN08513746,Placenta,Placenta,,Adult_>365d,Female
SAMN08513747,Placenta,Placenta,,Adult_>365d,Female
SAMN08513845,Placenta,Placenta,,Adult_>365d,Unknown
SAMN08516726,Other,Other,7.0,Infant_0_20d,Male
SAMN08516727,Other,Other,7.0,Infant_0_20d,Male
SAMN08516728,Testis,Testis,7.0,Infant_0_20d,Male
SAMN08516729,Testis,Testis,7.0,Infant_0_20d,Male
SAMN08518598,Adipose,Adipose,,Adult_>365d,Male
SAMN08518601,Adipose,Adipose,,Adult_>365d,Male
SAMN08518602,Unknown,Unknown,,Adult_>365d,Male
SAMN08518603,Adipose,Adipose,,Adult_>365d,Male
SAMN08631171,Unknown,Unknown,35.0,Early childhood_21_59d,Unknown
SAMN08631172,Unknown,Unknown,35.0,Early childhood_21_59d,Unknown
SAMN08631173,Unknown,Unknown,35.0,Early childhood_21_59d,Unknown
SAMN08631174,Unknown,Unknown,35.0,Early childhood_21_59d,Unknown
SAMN08631175,Unknown,Unknown,35.0,Early childhood_21_59d,Unknown
SAMN08631176,Unknown,Unknown,35.0,Early childhood_21_59d,Unknown
SAMN08631177,Unknown,Unknown,35.0,Early childhood_21_59d,Unknown
SAMN08631178,Unknown,Unknown,35.0,Early childhood_21_59d,Unknown
SAMN08631179,Unknown,Unknown,35.0,Early childhood_21_59d,Unknown
SAMN08631180,Unknown,Unknown,35.0,Early childhood_21_59d,Unknown
SAMN08631181,Unknown,Unknown,35.0,Early childhood_21_59d,Unknown
SAMN08631182,Unknown,Unknown,35.0,Early childhood_21_59d,Unknown
SAMN08631183,Unknown,Unknown,35.0,Early childhood_21_59d,Unknown
SAMN08631184,Unknown,Unknown,35.0,Early childhood_21_59d,Unknown
SAMN08631185,Unknown,Unknown,35.0,Early childhood_21_59d,Unknown
SAMN08631186,Unknown,Unknown,35.0,Early childhood_21_59d,Unknown
SAMN08713001,Cartilage,Cartilage,,Adult_>365d,Unknown
SAMN08713002,Cartilage,Cartilage,,Adult_>365d,Unknown
SAMN08713003,Cartilage,Cartilage,,Adult_>365d,Unknown
SAMN08713004,Cartilage,Cartilage,,Adult_>365d,Unknown
SAMN08713005,Unknown,Unknown,,Adult_>365d,Unknown
SAMN08713006,Cartilage,Cartilage,,Adult_>365d,Unknown
SAMN08713007,Cartilage,Cartilage,,Adult_>365d,Unknown
SAMN08713008,Cartilage,Cartilage,,Adult_>365d,Unknown
SAMN08713009,Other,Other,,Adult_>365d,Unknown
SAMN08713010,Unknown,Unknown,,Adult_>365d,Unknown
SAMN08713011,Unknown,Unknown,,Adult_>365d,Unknown
SAMN08713012,Unknown,Unknown,,Adult_>365d,Unknown
SAMN08713013,Unknown,Unknown,,Adult_>365d,Unknown
SAMN08713014,Unknown,Unknown,,Adult_>365d,Unknown
SAMN08713015,Unknown,Unknown,,Adult_>365d,Unknown
SAMN08729655,Muscle,Muscle,,Adult_>365d,Male
SAMN08729656,Muscle,Muscle,,Adult_>365d,Male
SAMN08729657,Muscle,Muscle,,Adult_>365d,Male
SAMN08729658,Muscle,Muscle,,Adult_>365d,Male
SAMN08729659,Muscle,Muscle,,Adult_>365d,Male
SAMN08729660,Muscle,Muscle,,Adult_>365d,Male
SAMN08767036,Spleen,Spleen,77.0,Pre_pubertal_60_149d,Unknown
SAMN08767037,Spleen,Spleen,77.0,Pre_pubertal_60_149d,Unknown
SAMN08767038,Spleen,Spleen,77.0,Pre_pubertal_60_149d,Unknown
SAMN08767039,Spleen,Spleen,77.0,Pre_pubertal_60_149d,Unknown
SAMN08767040,Spleen,Spleen,77.0,Pre_pubertal_60_149d,Unknown
SAMN08767041,Spleen,Spleen,77.0,Pre_pubertal_60_149d,Unknown
SAMN08767135,Other,Other,,Adult_>365d,Unknown
SAMN08767136,Other,Other,,Adult_>365d,Unknown
SAMN08767137,Other,Other,,Adult_>365d,Unknown
SAMN08767138,Other,Other,,Adult_>365d,Unknown
SAMN08767139,Other,Other,,Adult_>365d,Unknown
SAMN08767140,Other,Other,,Adult_>365d,Unknown
SAMN08801040,Other,Other,90.0,Pre_pubertal_60_149d,Female
SAMN08801041,Other,Other,90.0,Pre_pubertal_60_149d,Female
SAMN08801042,Other,Other,90.0,Pre_pubertal_60_149d,Female
SAMN08801043,Other,Other,90.0,Pre_pubertal_60_149d,Female
SAMN08801044,Other,Other,90.0,Pre_pubertal_60_149d,Female
SAMN08801045,Other,Other,90.0,Pre_pubertal_60_149d,Female
SAMN08801046,Other,Other,90.0,Pre_pubertal_60_149d,Female
SAMN08801047,Other,Other,90.0,Pre_pubertal_60_149d,Female
SAMN08801048,Other,Other,90.0,Pre_pubertal_60_149d,Female
SAMN08801049,Other,Other,90.0,Pre_pubertal_60_149d,Female
SAMN08801079,Embryo,Morula,,Adult_>365d,Unknown
SAMN08801080,Embryo,Morula,,Adult_>365d,Unknown
SAMN08801081,Embryo,Morula,,Adult_>365d,Unknown
SAMN08801082,Embryo,Morula,,Adult_>365d,Unknown
SAMN08801083,Embryo,Morula,,Adult_>365d,Unknown
SAMN08801084,Embryo,Morula,,Adult_>365d,Unknown
SAMN08801085,Embryo,Morula,,Adult_>365d,Unknown
SAMN08801086,Embryo,Morula,,Adult_>365d,Unknown
SAMN08801087,Embryo,Embryo,,Adult_>365d,Unknown
SAMN08801088,Unknown,Unknown,,Adult_>365d,Unknown
SAMN08801089,Embryo,Embryo,,Adult_>365d,Unknown
SAMN08801090,Embryo,Embryo,,Adult_>365d,Unknown
SAMN08801091,Embryo,Embryo,,Adult_>365d,Unknown
SAMN08801092,Embryo,Embryo,,Adult_>365d,Unknown
SAMN08801093,Embryo,Embryo,,Adult_>365d,Unknown
SAMN08801094,Embryo,Embryo,,Adult_>365d,Unknown
SAMN08801095,Embryo,Embryo,,Adult_>365d,Unknown
SAMN08801096,Embryo,Embryo,,Adult_>365d,Unknown
SAMN08801097,Embryo,Embryo,,Adult_>365d,Unknown
SAMN08801098,Embryo,Embryo,,Adult_>365d,Unknown
SAMN08801099,Embryo,Embryo,,Adult_>365d,Unknown
SAMN08801100,Embryo,Embryo,,Adult_>365d,Unknown
SAMN08801101,Embryo,Embryo,,Adult_>365d,Unknown
SAMN08801102,Embryo,Embryo,,Adult_>365d,Unknown
SAMN08801103,Embryo,Embryo,,Adult_>365d,Unknown
SAMN08801104,Embryo,Embryo,,Adult_>365d,Unknown
SAMN08801105,Embryo,Embryo,,Adult_>365d,Unknown
SAMN08801106,Embryo,Embryo,,Adult_>365d,Unknown
SAMN08801107,Embryo,Embryo,,Adult_>365d,Unknown
SAMN08801108,Embryo,Embryo,,Adult_>365d,Unknown
SAMN08801109,Embryo,Embryo,,Adult_>365d,Unknown
SAMN08801110,Embryo,Embryo,,Adult_>365d,Unknown
SAMN08801111,Embryo,Embryo,,Adult_>365d,Unknown
SAMN08801112,Embryo,Embryo,,Adult_>365d,Unknown
SAMN08801113,Embryo,Embryo,,Adult_>365d,Unknown
SAMN08801114,Embryo,Embryo,,Adult_>365d,Unknown
SAMN08801115,Embryo,Embryo,,Adult_>365d,Unknown
SAMN08801116,Embryo,Embryo,,Adult_>365d,Unknown
SAMN08801117,Embryo,Embryo,,Adult_>365d,Unknown
SAMN08801118,Embryo,Embryo,,Adult_>365d,Unknown
SAMN08801119,Embryo,Embryo,,Adult_>365d,Unknown
SAMN08801120,Embryo,Embryo,,Adult_>365d,Unknown
SAMN08801121,Embryo,Embryo,,Adult_>365d,Unknown
SAMN08801122,Embryo,Embryo,,Adult_>365d,Unknown
SAMN08801123,Embryo,Embryo,,Adult_>365d,Unknown
SAMN08801124,Embryo,Embryo,,Adult_>365d,Unknown
SAMN08801125,Embryo,Embryo,,Adult_>365d,Unknown
SAMN08801126,Embryo,Embryo,,Adult_>365d,Unknown
SAMN08801127,Embryo,Morula,,Adult_>365d,Unknown
SAMN08801128,Embryo,Morula,,Adult_>365d,Unknown
SAMN08801129,Embryo,Morula,,Adult_>365d,Unknown
SAMN08801130,Embryo,Morula,,Adult_>365d,Unknown
SAMN08801131,Embryo,Morula,,Adult_>365d,Unknown
SAMN08801132,Embryo,Morula,,Adult_>365d,Unknown
SAMN08801133,Embryo,Morula,,Adult_>365d,Unknown
SAMN08801134,Embryo,Morula,,Adult_>365d,Unknown
SAMN08801135,Embryo,Morula,,Adult_>365d,Unknown
SAMN08801136,Embryo,Morula,,Adult_>365d,Unknown
SAMN08801137,Embryo,Morula,,Adult_>365d,Unknown
SAMN08801138,Embryo,Morula,,Adult_>365d,Unknown
SAMN08801139,Embryo,Morula,,Adult_>365d,Unknown
SAMN08801140,Embryo,Morula,,Adult_>365d,Unknown
SAMN08801141,Embryo,Morula,,Adult_>365d,Unknown
SAMN08801142,Embryo,Morula,,Adult_>365d,Unknown
SAMN08801143,Embryo,Morula,,Adult_>365d,Unknown
SAMN08801144,Embryo,Morula,,Adult_>365d,Unknown
SAMN08801145,Embryo,Morula,,Adult_>365d,Unknown
SAMN08801146,Embryo,Morula,,Adult_>365d,Unknown
SAMN08801147,Embryo,Morula,,Adult_>365d,Unknown
SAMN08801148,Embryo,Morula,,Adult_>365d,Unknown
SAMN08801149,Embryo,Embryo,,Adult_>365d,Unknown
SAMN08801150,Embryo,Embryo,,Adult_>365d,Unknown
SAMN08801151,Embryo,Embryo,,Adult_>365d,Unknown
SAMN08801152,Embryo,Embryo,,Adult_>365d,Unknown
SAMN08801153,Embryo,Embryo,,Adult_>365d,Unknown
SAMN08801154,Embryo,Embryo,,Adult_>365d,Unknown
SAMN08801155,Embryo,Embryo,,Adult_>365d,Unknown
SAMN08801156,Embryo,Embryo,,Adult_>365d,Unknown
SAMN08801157,Embryo,Embryo,,Adult_>365d,Unknown
SAMN08801158,Embryo,Embryo,,Adult_>365d,Unknown
SAMN08801159,Embryo,Embryo,,Adult_>365d,Unknown
SAMN08801160,Embryo,Embryo,,Adult_>365d,Unknown
SAMN08801161,Embryo,Embryo,,Adult_>365d,Unknown
SAMN08801162,Embryo,Embryo,,Adult_>365d,Unknown
SAMN08801163,Embryo,Embryo,,Adult_>365d,Unknown
SAMN08801164,Embryo,Embryo,,Adult_>365d,Unknown
SAMN08801165,Embryo,Embryo,,Adult_>365d,Unknown
SAMN08801166,Embryo,Morula,,Adult_>365d,Unknown
SAMN08801167,Embryo,Morula,,Adult_>365d,Unknown
SAMN08801168,Embryo,Morula,,Adult_>365d,Unknown
SAMN08801169,Embryo,Embryo,,Adult_>365d,Unknown
SAMN08801170,Embryo,Embryo,,Adult_>365d,Unknown
SAMN08801171,Embryo,Embryo,,Adult_>365d,Unknown
SAMN08801172,Embryo,Embryo,,Adult_>365d,Unknown
SAMN08801173,Embryo,Embryo,,Adult_>365d,Unknown
SAMN08801174,Embryo,Embryo,,Adult_>365d,Unknown
SAMN08801175,Embryo,Embryo,,Adult_>365d,Unknown
SAMN08801176,Embryo,Embryo,,Adult_>365d,Unknown
SAMN08801177,Embryo,Embryo,,Adult_>365d,Unknown
SAMN08801178,Embryo,Embryo,,Adult_>365d,Unknown
SAMN08801179,Embryo,Embryo,,Adult_>365d,Unknown
SAMN08801180,Embryo,Embryo,,Adult_>365d,Unknown
SAMN08801181,Embryo,Embryo,,Adult_>365d,Unknown
SAMN08801182,Embryo,Embryo,,Adult_>365d,Unknown
SAMN08801183,Embryo,Embryo,,Adult_>365d,Unknown
SAMN08801184,Embryo,Embryo,,Adult_>365d,Unknown
SAMN08801185,Embryo,Embryo,,Adult_>365d,Unknown
SAMN08801186,Embryo,Embryo,,Adult_>365d,Unknown
SAMN08801187,Embryo,Embryo,,Adult_>365d,Unknown
SAMN08801188,Embryo,Embryo,,Adult_>365d,Unknown
SAMN08801189,Embryo,Embryo,,Adult_>365d,Unknown
SAMN08801190,Embryo,Embryo,,Adult_>365d,Unknown
SAMN08801191,Embryo,Embryo,,Adult_>365d,Unknown
SAMN08801192,Embryo,Embryo,,Adult_>365d,Unknown
SAMN08801193,Embryo,Embryo,,Adult_>365d,Unknown
SAMN08801194,Embryo,Morula,,Adult_>365d,Unknown
SAMN08801195,Embryo,Morula,,Adult_>365d,Unknown
SAMN08801196,Embryo,Morula,,Adult_>365d,Unknown
SAMN08801197,Embryo,Morula,,Adult_>365d,Unknown
SAMN08801198,Embryo,Morula,,Adult_>365d,Unknown
SAMN08801199,Embryo,Morula,,Adult_>365d,Unknown
SAMN08801200,Embryo,Morula,,Adult_>365d,Unknown
SAMN08801201,Embryo,Morula,,Adult_>365d,Unknown
SAMN08801202,Embryo,Embryo,,Adult_>365d,Unknown
SAMN08801203,Embryo,Embryo,,Adult_>365d,Unknown
SAMN08801204,Embryo,Embryo,,Adult_>365d,Unknown
SAMN08801205,Embryo,Embryo,,Adult_>365d,Unknown
SAMN08801206,Embryo,Embryo,,Adult_>365d,Unknown
SAMN08801207,Embryo,Embryo,,Adult_>365d,Unknown
SAMN08801208,Embryo,Embryo,,Adult_>365d,Unknown
SAMN08801209,Embryo,Embryo,,Adult_>365d,Unknown
SAMN08801210,Embryo,Embryo,,Adult_>365d,Unknown
SAMN08801211,Embryo,Embryo,,Adult_>365d,Unknown
SAMN08801212,Embryo,Embryo,,Adult_>365d,Unknown
SAMN08801213,Embryo,Embryo,,Adult_>365d,Unknown
SAMN08801214,Embryo,Embryo,,Adult_>365d,Unknown
SAMN08801215,Embryo,Embryo,,Adult_>365d,Unknown
SAMN08801216,Embryo,Embryo,,Adult_>365d,Unknown
SAMN08801217,Embryo,Embryo,,Adult_>365d,Unknown
SAMN08801218,Embryo,Embryo,,Adult_>365d,Unknown
SAMN08801219,Embryo,Embryo,,Adult_>365d,Unknown
SAMN08801220,Embryo,Embryo,,Adult_>365d,Unknown
SAMN08801221,Embryo,Embryo,,Adult_>365d,Unknown
SAMN08801222,Embryo,Embryo,,Adult_>365d,Unknown
SAMN08801223,Embryo,Embryo,,Adult_>365d,Unknown
SAMN08801224,Embryo,Embryo,,Adult_>365d,Unknown
SAMN08801225,Embryo,Embryo,,Adult_>365d,Unknown
SAMN08801226,Embryo,Embryo,,Adult_>365d,Unknown
SAMN08801227,Embryo,Embryo,,Adult_>365d,Unknown
SAMN08801228,Embryo,Embryo,,Adult_>365d,Unknown
SAMN08801229,Embryo,Embryo,,Adult_>365d,Unknown
SAMN08801230,Embryo,Embryo,,Adult_>365d,Unknown
SAMN08801231,Embryo,Embryo,,Adult_>365d,Unknown
SAMN08801232,Embryo,Embryo,,Adult_>365d,Unknown
SAMN08801233,Embryo,Embryo,,Adult_>365d,Unknown
SAMN08801234,Embryo,Embryo,,Adult_>365d,Unknown
SAMN08801235,Embryo,Embryo,,Adult_>365d,Unknown
SAMN08801236,Embryo,Embryo,,Adult_>365d,Unknown
SAMN08801237,Embryo,Embryo,,Adult_>365d,Unknown
SAMN08801238,Embryo,Embryo,,Adult_>365d,Unknown
SAMN08801239,Embryo,Embryo,,Adult_>365d,Unknown
SAMN08801240,Embryo,Embryo,,Adult_>365d,Unknown
SAMN08801241,Embryo,Embryo,,Adult_>365d,Unknown
SAMN08801242,Embryo,Embryo,,Adult_>365d,Unknown
SAMN08801243,Embryo,Embryo,,Adult_>365d,Unknown
SAMN08801244,Embryo,Embryo,,Adult_>365d,Unknown
SAMN08801245,Embryo,Embryo,,Adult_>365d,Unknown
SAMN08801246,Embryo,Embryo,,Adult_>365d,Unknown
SAMN08801247,Embryo,Embryo,,Adult_>365d,Unknown
SAMN08801248,Embryo,Embryo,,Adult_>365d,Unknown
SAMN08801249,Embryo,Embryo,,Adult_>365d,Unknown
SAMN08801250,Embryo,Embryo,,Adult_>365d,Unknown
SAMN08801251,Embryo,Embryo,,Adult_>365d,Unknown
SAMN08801252,Embryo,Embryo,,Adult_>365d,Unknown
SAMN08801253,Embryo,Embryo,,Adult_>365d,Unknown
SAMN08801254,Embryo,Embryo,,Adult_>365d,Unknown
SAMN08801255,Embryo,Embryo,,Adult_>365d,Unknown
SAMN08801256,Embryo,Embryo,,Adult_>365d,Unknown
SAMN08801257,Embryo,Embryo,,Adult_>365d,Unknown
SAMN08801258,Embryo,Embryo,,Adult_>365d,Unknown
SAMN08801259,Embryo,Embryo,,Adult_>365d,Unknown
SAMN08801260,Embryo,Embryo,,Adult_>365d,Unknown
SAMN08801261,Embryo,Embryo,,Adult_>365d,Unknown
SAMN08801262,Embryo,Embryo,,Adult_>365d,Unknown
SAMN08801263,Embryo,Morula,,Adult_>365d,Unknown
SAMN08801264,Embryo,Morula,,Adult_>365d,Unknown
SAMN08801265,Embryo,Morula,,Adult_>365d,Unknown
SAMN08801266,Embryo,Morula,,Adult_>365d,Unknown
SAMN08801267,Embryo,Morula,,Adult_>365d,Unknown
SAMN08801268,Embryo,Morula,,Adult_>365d,Unknown
SAMN08801269,Embryo,Embryo,,Adult_>365d,Unknown
SAMN08801270,Embryo,Embryo,,Adult_>365d,Unknown
SAMN08801271,Embryo,Embryo,,Adult_>365d,Unknown
SAMN08801272,Embryo,Embryo,,Adult_>365d,Unknown
SAMN08801273,Embryo,Embryo,,Adult_>365d,Unknown
SAMN08801274,Embryo,Embryo,,Adult_>365d,Unknown
SAMN08801275,Embryo,Embryo,,Adult_>365d,Unknown
SAMN08801276,Embryo,Embryo,,Adult_>365d,Unknown
SAMN08801277,Embryo,Embryo,,Adult_>365d,Unknown
SAMN08801278,Embryo,Embryo,,Adult_>365d,Unknown
SAMN08801279,Embryo,Embryo,,Adult_>365d,Unknown
SAMN08801280,Embryo,Embryo,,Adult_>365d,Unknown
SAMN08801281,Embryo,Embryo,,Adult_>365d,Unknown
SAMN08801282,Embryo,Embryo,,Adult_>365d,Unknown
SAMN08801283,Embryo,Embryo,,Adult_>365d,Unknown
SAMN08801284,Embryo,Embryo,,Adult_>365d,Unknown
SAMN08801285,Embryo,Embryo,,Adult_>365d,Unknown
SAMN08801286,Embryo,Embryo,,Adult_>365d,Unknown
SAMN08801287,Embryo,Embryo,,Adult_>365d,Unknown
SAMN08801288,Embryo,Embryo,,Adult_>365d,Unknown
SAMN08801289,Embryo,Embryo,,Adult_>365d,Unknown
SAMN08801290,Embryo,Embryo,,Adult_>365d,Unknown
SAMN08801291,Embryo,Embryo,,Adult_>365d,Unknown
SAMN08801292,Embryo,Embryo,,Adult_>365d,Unknown
SAMN08801293,Embryo,Embryo,,Adult_>365d,Unknown
SAMN08801294,Embryo,Embryo,,Adult_>365d,Unknown
SAMN08801295,Embryo,Embryo,,Adult_>365d,Unknown
SAMN08801296,Embryo,Embryo,,Adult_>365d,Unknown
SAMN08801297,Embryo,Embryo,,Adult_>365d,Unknown
SAMN08801298,Embryo,Embryo,,Adult_>365d,Unknown
SAMN08804803,IPEC,IPEC,0.0,Infant_0_20d,Unknown
SAMN08804804,IPEC,IPEC,0.0,Infant_0_20d,Unknown
SAMN08804805,IPEC,IPEC,0.0,Infant_0_20d,Unknown
SAMN08804806,IPEC,IPEC,0.0,Infant_0_20d,Unknown
SAMN08804807,IPEC,IPEC,0.0,Infant_0_20d,Unknown
SAMN08804808,IPEC,IPEC,0.0,Infant_0_20d,Unknown
SAMN08822259,Muscle,Muscle,0.0,Infant_0_20d,Unknown
SAMN08822288,Muscle,Muscle,5.0,Infant_0_20d,Unknown
SAMN08822289,Muscle,Muscle,5.0,Infant_0_20d,Unknown
SAMN08822290,Muscle,Muscle,5.0,Infant_0_20d,Unknown
SAMN08822291,Muscle,Muscle,5.0,Infant_0_20d,Unknown
SAMN08822292,Muscle,Muscle,5.0,Infant_0_20d,Unknown
SAMN08822293,Muscle,Muscle,5.0,Infant_0_20d,Unknown
SAMN08822294,Muscle,Muscle,5.0,Infant_0_20d,Unknown
SAMN08822295,Muscle,Muscle,5.0,Infant_0_20d,Unknown
SAMN08822296,Muscle,Muscle,0.0,Infant_0_20d,Unknown
SAMN08822297,Muscle,Muscle,0.0,Infant_0_20d,Unknown
SAMN08822298,Muscle,Muscle,0.0,Infant_0_20d,Unknown
SAMN08822299,Muscle,Muscle,0.0,Infant_0_20d,Unknown
SAMN08822300,Muscle,Muscle,0.0,Infant_0_20d,Unknown
SAMN08822301,Muscle,Muscle,0.0,Infant_0_20d,Unknown
SAMN08822302,Muscle,Muscle,0.0,Infant_0_20d,Unknown
SAMN08822303,Muscle,Muscle,0.0,Infant_0_20d,Unknown
SAMN08822351,Muscle,Muscle,5.0,Infant_0_20d,Unknown
SAMN08822352,Muscle,Muscle,5.0,Infant_0_20d,Unknown
SAMN08822353,Muscle,Muscle,5.0,Infant_0_20d,Unknown
SAMN08822354,Muscle,Muscle,5.0,Infant_0_20d,Unknown
SAMN08932304,IPEC,IPEC,,Adult_>365d,Unknown
SAMN08932305,IPEC,IPEC,,Adult_>365d,Unknown
SAMN08932306,IPEC,IPEC,,Adult_>365d,Unknown
SAMN08932307,IPEC,IPEC,,Adult_>365d,Unknown
SAMN08932308,IPEC,IPEC,,Adult_>365d,Unknown
SAMN08932314,IPEC,IPEC,,Adult_>365d,Unknown
SAMN08932315,Unknown,Unknown,,Adult_>365d,Unknown
SAMN08932316,IPEC,IPEC,,Adult_>365d,Unknown
SAMN08932317,IPEC,IPEC,,Adult_>365d,Unknown
SAMN08932318,IPEC,IPEC,,Adult_>365d,Unknown
SAMN08932324,IPEC,IPEC,,Adult_>365d,Unknown
SAMN08932325,IPEC,IPEC,,Adult_>365d,Unknown
SAMN08932326,Unknown,Unknown,,Adult_>365d,Unknown
SAMN08932327,IPEC,IPEC,,Adult_>365d,Unknown
SAMN08932328,IPEC,IPEC,,Adult_>365d,Unknown
SAMN08941511,Unknown,Unknown,,Adult_>365d,Unknown
SAMN08941512,Unknown,Unknown,,Adult_>365d,Unknown
SAMN08941513,Unknown,Unknown,,Adult_>365d,Unknown
SAMN08941514,Unknown,Unknown,,Adult_>365d,Unknown
SAMN08941515,Artery,Artery,,Adult_>365d,Unknown
SAMN08941516,Artery,Artery,,Adult_>365d,Unknown
SAMN08954974,Embryo,Embryo,0.0,Infant_0_20d,Male
SAMN08954975,Embryo,Embryo,0.0,Infant_0_20d,Female
SAMN08954976,Embryo,Embryo,0.0,Infant_0_20d,Female
SAMN08954977,Embryo,Embryo,0.0,Infant_0_20d,Female
SAMN08954978,Embryo,Embryo,0.0,Infant_0_20d,Female
SAMN08954979,Embryo,Embryo,0.0,Infant_0_20d,Male
SAMN08954980,Embryo,Embryo,0.0,Infant_0_20d,Male
SAMN08954981,Embryo,Embryo,0.0,Infant_0_20d,Male
SAMN08954982,Embryo,Embryo,0.0,Infant_0_20d,Male
SAMN08954983,Embryo,Embryo,0.0,Infant_0_20d,Male
SAMN08954984,Embryo,Embryo,0.0,Infant_0_20d,Female
SAMN08954985,Embryo,Embryo,0.0,Infant_0_20d,Female
SAMN08954986,Embryo,Embryo,0.0,Infant_0_20d,Female
SAMN08954987,Embryo,Embryo,0.0,Infant_0_20d,Female
SAMN08954988,Embryo,Embryo,0.0,Infant_0_20d,Female
SAMN08954989,Embryo,Embryo,0.0,Infant_0_20d,Male
SAMN08954990,Embryo,Embryo,0.0,Infant_0_20d,Male
SAMN08954991,Embryo,Embryo,0.0,Infant_0_20d,Male
SAMN08954992,Embryo,Embryo,0.0,Infant_0_20d,Male
SAMN08954993,Embryo,Embryo,0.0,Infant_0_20d,Male
SAMN08954994,Embryo,Embryo,0.0,Infant_0_20d,Female
SAMN08954995,Embryo,Embryo,0.0,Infant_0_20d,Female
SAMN08954996,Embryo,Embryo,0.0,Infant_0_20d,Female
SAMN08954997,Embryo,Embryo,0.0,Infant_0_20d,Female
SAMN08954998,Embryo,Embryo,0.0,Infant_0_20d,Female
SAMN08954999,Embryo,Embryo,0.0,Infant_0_20d,Male
SAMN08955000,Embryo,Embryo,0.0,Infant_0_20d,Female
SAMN08955001,Embryo,Embryo,0.0,Infant_0_20d,Male
SAMN08955002,Embryo,Embryo,0.0,Infant_0_20d,Male
SAMN08955003,Embryo,Embryo,0.0,Infant_0_20d,Male
SAMN06236582,Liver,Liver,,Adult_>365d,Unknown
SAMN06236583,Liver,Liver,,Adult_>365d,Unknown
SAMN06236584,Testis,Testis,,Adult_>365d,Unknown
SAMN06236585,Testis,Testis,,Adult_>365d,Unknown
SAMN06236586,Testis,Testis,,Adult_>365d,Unknown
SAMN06236587,Testis,Testis,,Adult_>365d,Unknown
SAMN06236588,Testis,Testis,,Adult_>365d,Unknown
SAMN06236589,Testis,Testis,,Adult_>365d,Unknown
SAMN06236590,Testis,Testis,,Adult_>365d,Unknown
SAMN06236591,Testis,Testis,,Adult_>365d,Unknown
SAMN06236592,Testis,Testis,,Adult_>365d,Unknown
SAMN06236593,Testis,Testis,,Adult_>365d,Unknown
SAMN06236594,Testis,Testis,,Adult_>365d,Unknown
SAMN06236595,Testis,Testis,,Adult_>365d,Unknown
SAMN06236596,Testis,Testis,,Adult_>365d,Unknown
SAMN06236597,Testis,Testis,,Adult_>365d,Unknown
SAMN06236598,Testis,Testis,,Adult_>365d,Unknown
SAMN06236599,Testis,Testis,,Adult_>365d,Unknown
SAMN06236600,Testis,Testis,,Adult_>365d,Unknown
SAMN06236601,Testis,Testis,,Adult_>365d,Unknown
SAMN06236602,Testis,Testis,,Adult_>365d,Unknown
SAMN06236603,Testis,Testis,,Adult_>365d,Unknown
SAMN06236604,Unknown,Unknown,,Adult_>365d,Unknown
SAMN06236605,Unknown,Unknown,,Adult_>365d,Unknown
SAMN06236606,Testis,Testis,,Adult_>365d,Unknown
SAMN06236607,Unknown,Unknown,,Adult_>365d,Unknown
SAMN06236608,Testis,Testis,,Adult_>365d,Unknown
SAMN06236609,Unknown,Unknown,,Adult_>365d,Unknown
SAMN06236610,Testis,Testis,,Adult_>365d,Unknown
SAMN06236611,Testis,Testis,,Adult_>365d,Unknown
SAMN06236612,Testis,Testis,,Adult_>365d,Unknown
SAMN06236613,Testis,Testis,,Adult_>365d,Unknown
SAMN06236614,Testis,Testis,,Adult_>365d,Unknown
SAMN06236615,Liver,Liver,,Adult_>365d,Unknown
SAMN06236616,Liver,Liver,,Adult_>365d,Unknown
SAMN06236617,Liver,Liver,,Adult_>365d,Unknown
SAMN06236618,Liver,Liver,,Adult_>365d,Unknown
SAMN06236619,Liver,Liver,,Adult_>365d,Unknown
SAMN06236620,Liver,Liver,,Adult_>365d,Unknown
SAMN06236621,Unknown,Unknown,,Adult_>365d,Unknown
SAMN06236622,Liver,Liver,,Adult_>365d,Unknown
SAMN06236623,Liver,Liver,,Adult_>365d,Unknown
SAMN06236624,Unknown,Unknown,,Adult_>365d,Unknown
SAMN06236625,Liver,Liver,,Adult_>365d,Unknown
SAMN06236626,Liver,Liver,,Adult_>365d,Unknown
SAMN06236627,Liver,Liver,,Adult_>365d,Unknown
SAMN06236628,Liver,Liver,,Adult_>365d,Unknown
SAMN06236629,Liver,Liver,,Adult_>365d,Unknown
SAMN06236630,Liver,Liver,,Adult_>365d,Unknown
SAMN06236631,Liver,Liver,,Adult_>365d,Unknown
SAMN06236632,Liver,Liver,,Adult_>365d,Unknown
SAMN06236633,Liver,Liver,,Adult_>365d,Unknown
SAMN06236634,Liver,Liver,,Adult_>365d,Unknown
SAMN06236635,Liver,Liver,,Adult_>365d,Unknown
SAMN06236636,Liver,Liver,,Adult_>365d,Unknown
SAMN06236637,Liver,Liver,,Adult_>365d,Unknown
SAMN06236638,Testis,Testis,,Adult_>365d,Unknown
SAMN06236639,Testis,Testis,,Adult_>365d,Unknown
SAMN06236640,Testis,Testis,,Adult_>365d,Unknown
SAMN06236641,Testis,Testis,,Adult_>365d,Unknown
SAMN06236642,Testis,Testis,,Adult_>365d,Unknown
SAMN06236643,Testis,Testis,,Adult_>365d,Unknown
SAMN06236644,Testis,Testis,,Adult_>365d,Unknown
SAMN06236645,Unknown,Unknown,,Adult_>365d,Unknown
SAMN06236646,Liver,Liver,,Adult_>365d,Unknown
SAMN06236647,Liver,Liver,,Adult_>365d,Unknown
SAMN06236648,Liver,Liver,,Adult_>365d,Unknown
SAMN06236649,Liver,Liver,,Adult_>365d,Unknown
SAMN06236650,Liver,Liver,,Adult_>365d,Unknown
SAMN06236651,Liver,Liver,,Adult_>365d,Unknown
SAMN06236652,Liver,Liver,,Adult_>365d,Unknown
SAMN06236653,Liver,Liver,,Adult_>365d,Unknown
SAMN06236654,Liver,Liver,,Adult_>365d,Unknown
SAMN06236655,Liver,Liver,,Adult_>365d,Unknown
SAMN06236656,Liver,Liver,,Adult_>365d,Unknown
SAMN06236657,Liver,Liver,,Adult_>365d,Unknown
SAMN06236658,Liver,Liver,,Adult_>365d,Unknown
SAMN06236659,Liver,Liver,,Adult_>365d,Unknown
SAMN06236660,Liver,Liver,,Adult_>365d,Unknown
SAMN06236661,Liver,Liver,,Adult_>365d,Unknown
SAMN06236662,Liver,Liver,,Adult_>365d,Unknown
SAMN06236663,Liver,Liver,,Adult_>365d,Unknown
SAMN06236664,Liver,Liver,,Adult_>365d,Unknown
SAMN06236665,Liver,Liver,,Adult_>365d,Unknown
SAMN06236666,Liver,Liver,,Adult_>365d,Unknown
SAMN06236667,Liver,Liver,,Adult_>365d,Unknown
SAMN06236668,Unknown,Unknown,,Adult_>365d,Unknown
SAMN06236669,Testis,Testis,,Adult_>365d,Unknown
SAMN06236670,Testis,Testis,,Adult_>365d,Unknown
SAMN06236671,Testis,Testis,,Adult_>365d,Unknown
SAMN06236672,Testis,Testis,,Adult_>365d,Unknown
SAMN06236673,Testis,Testis,,Adult_>365d,Unknown
SAMN06236674,Testis,Testis,,Adult_>365d,Unknown
SAMN06236675,Testis,Testis,,Adult_>365d,Unknown
SAMN06236676,Testis,Testis,,Adult_>365d,Unknown
SAMN06236677,Testis,Testis,,Adult_>365d,Unknown
SAMN08970530,Uterus,Uterus,,Adult_>365d,Unknown
SAMN08970531,Uterus,Uterus,,Adult_>365d,Unknown
SAMN08970532,Uterus,Uterus,,Adult_>365d,Unknown
SAMN08970533,Uterus,Uterus,,Adult_>365d,Unknown
SAMN08970534,Uterus,Uterus,,Adult_>365d,Unknown
SAMN08970535,Uterus,Uterus,,Adult_>365d,Unknown
SAMN08970536,Uterus,Uterus,,Adult_>365d,Unknown
SAMN08970537,Uterus,Uterus,,Adult_>365d,Unknown
SAMN08970538,Uterus,Uterus,,Adult_>365d,Unknown
SAMN08970539,Uterus,Uterus,,Adult_>365d,Unknown
SAMN08970548,Uterus,Uterus,,Adult_>365d,Unknown
SAMN08970549,Uterus,Uterus,,Adult_>365d,Unknown
SAMN08970550,Uterus,Uterus,,Adult_>365d,Unknown
SAMN08970551,Uterus,Uterus,,Adult_>365d,Unknown
SAMN08970552,Uterus,Uterus,,Adult_>365d,Unknown
SAMN08976476,Blood,Macrophage,56.0,Early childhood_21_59d,Male
SAMN08976477,Blood,Macrophage,56.0,Early childhood_21_59d,Female
SAMN08976478,Blood,Macrophage,56.0,Early childhood_21_59d,Female
SAMN08976479,Blood,Macrophage,56.0,Early childhood_21_59d,Female
SAMN08976480,Blood,Macrophage,56.0,Early childhood_21_59d,Male
SAMN08976481,Blood,Macrophage,56.0,Early childhood_21_59d,Male
SAMN08976482,Blood,Macrophage,56.0,Early childhood_21_59d,Female
SAMN08976483,Blood,Macrophage,56.0,Early childhood_21_59d,Female
SAMN08976484,Blood,Macrophage,56.0,Early childhood_21_59d,Female
SAMN08976485,Blood,Macrophage,56.0,Early childhood_21_59d,Female
SAMN08976486,Blood,Macrophage,56.0,Early childhood_21_59d,Male
SAMN08998013,Other,Other,,Adult_>365d,Male
SAMN08978825,Ovary,Ovary,,Adult_>365d,Female
SAMN08978826,Ovary,Ovary,,Adult_>365d,Female
SAMN08978827,Ovary,Ovary,,Adult_>365d,Female
SAMN08978828,Ovary,Ovary,,Adult_>365d,Female
SAMN09089477,Adipose,Adipose,,Adult_>365d,Unknown
SAMN09089479,Adipose,Adipose,,Adult_>365d,Unknown
SAMN09089480,Adipose,Adipose,,Adult_>365d,Unknown
SAMN09089481,Adipose,Adipose,,Adult_>365d,Unknown
SAMN09089482,Adipose,Adipose,,Adult_>365d,Unknown
SAMN09089483,Adipose,Adipose,,Adult_>365d,Unknown
SAMN09089594,Brain,Hypothalamus,,Adult_>365d,Unknown
SAMN09089618,Brain,Hypothalamus,,Adult_>365d,Unknown
SAMN09089656,Brain,Hypothalamus,,Adult_>365d,Unknown
SAMN09089731,Brain,Hypothalamus,,Adult_>365d,Unknown
SAMN09089760,Brain,Hypothalamus,,Adult_>365d,Unknown
SAMN09098427,Testis,Testis,,Adult_>365d,Male
SAMN09098428,Testis,Testis,,Adult_>365d,Male
SAMN09098429,Testis,Testis,,Adult_>365d,Male
SAMN09098430,Testis,Testis,,Adult_>365d,Male
SAMN09098431,Testis,Testis,,Adult_>365d,Male
SAMN09098432,Testis,Testis,,Adult_>365d,Male
SAMN09098433,Testis,Testis,,Adult_>365d,Male
SAMN09098434,Testis,Testis,,Adult_>365d,Male
SAMN09098435,Testis,Testis,,Adult_>365d,Male
SAMN09098436,Testis,Testis,,Adult_>365d,Male
SAMN09098437,Testis,Testis,,Adult_>365d,Male
SAMN09098438,Testis,Testis,,Adult_>365d,Male
SAMN09098439,Testis,Testis,,Adult_>365d,Male
SAMN09098440,Testis,Testis,,Adult_>365d,Male
SAMN09098441,Testis,Testis,,Adult_>365d,Male
SAMN09098442,Testis,Testis,,Adult_>365d,Male
SAMN09098443,Testis,Testis,,Adult_>365d,Male
SAMN09098444,Testis,Testis,,Adult_>365d,Male
SAMN09098445,Testis,Testis,,Adult_>365d,Male
SAMN09098446,Testis,Testis,,Adult_>365d,Male
SAMN09098447,Testis,Testis,,Adult_>365d,Male
SAMN09098448,Testis,Testis,,Adult_>365d,Male
SAMN09098449,Testis,Testis,,Adult_>365d,Male
SAMN09098450,Testis,Testis,,Adult_>365d,Male
SAMN09098451,Testis,Testis,,Adult_>365d,Male
SAMN09098452,Testis,Testis,,Adult_>365d,Male
SAMN09098453,Testis,Testis,,Adult_>365d,Male
SAMN09098454,Testis,Testis,,Adult_>365d,Male
SAMN09098455,Testis,Testis,,Adult_>365d,Male
SAMN09098456,Liver,Liver,,Adult_>365d,Male
SAMN09098457,Liver,Liver,,Adult_>365d,Male
SAMN09098458,Liver,Liver,,Adult_>365d,Male
SAMN09098459,Liver,Liver,,Adult_>365d,Male
SAMN09098460,Liver,Liver,,Adult_>365d,Male
SAMN09098461,Liver,Liver,,Adult_>365d,Male
SAMN09098462,Liver,Liver,,Adult_>365d,Male
SAMN09098463,Liver,Liver,,Adult_>365d,Male
SAMN09098464,Liver,Liver,,Adult_>365d,Male
SAMN09098465,Liver,Liver,,Adult_>365d,Male
SAMN09098466,Liver,Liver,,Adult_>365d,Male
SAMN09098467,Unknown,Unknown,,Adult_>365d,Male
SAMN09098468,Liver,Liver,,Adult_>365d,Male
SAMN09098469,Liver,Liver,,Adult_>365d,Male
SAMN09098470,Liver,Liver,,Adult_>365d,Male
SAMN09098471,Liver,Liver,,Adult_>365d,Male
SAMN09098472,Liver,Liver,,Adult_>365d,Male
SAMN09098473,Liver,Liver,,Adult_>365d,Male
SAMN09098474,Liver,Liver,,Adult_>365d,Male
SAMN09098475,Liver,Liver,,Adult_>365d,Male
SAMN09098476,Liver,Liver,,Adult_>365d,Male
SAMN09098477,Liver,Liver,,Adult_>365d,Male
SAMN09098478,Liver,Liver,,Adult_>365d,Male
SAMN09098479,Liver,Liver,,Adult_>365d,Male
SAMN09098480,Testis,Testis,,Adult_>365d,Male
SAMN09098481,Testis,Testis,,Adult_>365d,Male
SAMN09098482,Testis,Testis,,Adult_>365d,Male
SAMN09098487,Blood,Blood,,Adult_>365d,Unknown
SAMN09098488,Blood,Blood,,Adult_>365d,Unknown
SAMN09098489,Blood,Macrophage,,Adult_>365d,Unknown
SAMN09098490,Blood,Macrophage,,Adult_>365d,Unknown
SAMN09098491,Blood,Blood,,Adult_>365d,Unknown
SAMN09098492,Blood,Blood,,Adult_>365d,Unknown
SAMN09220700,Other,Other,5.0,Infant_0_20d,Male
SAMN09220701,Other,Other,5.0,Infant_0_20d,Male
SAMN09220702,Other,Other,5.0,Infant_0_20d,Male
SAMN09220703,Other,Other,5.0,Infant_0_20d,Male
SAMN09232397,Brain,Brain,,Adult_>365d,Male
SAMN09232398,Brain,Brain,,Adult_>365d,Male
SAMN09232399,Brain,Brain,,Adult_>365d,Male
SAMN09232400,Brain,Brain,,Adult_>365d,Male
SAMN09232401,Brain,Brain,,Adult_>365d,Female
SAMN09232402,Brain,Brain,,Adult_>365d,Male
SAMN09232403,Brain,Brain,,Adult_>365d,Female
SAMN09232404,Brain,Brain,,Adult_>365d,Female
SAMN09232405,Brain,Brain,,Adult_>365d,Male
SAMN09232406,Brain,Brain,,Adult_>365d,Female
SAMN09232407,Brain,Brain,,Adult_>365d,Male
SAMN09232408,Brain,Brain,,Adult_>365d,Female
SAMN09232409,Brain,Brain,,Adult_>365d,Male
SAMN09232410,Brain,Brain,,Adult_>365d,Female
SAMN09232411,Brain,Brain,,Adult_>365d,Female
SAMN09232412,Brain,Brain,,Adult_>365d,Male
SAMN09233295,Artery,Artery,,Adult_>365d,Unknown
SAMN09233297,Artery,Artery,,Adult_>365d,Unknown
SAMN09233298,Artery,Artery,,Adult_>365d,Unknown
SAMN09233300,Artery,Artery,,Adult_>365d,Unknown
SAMN09233301,Artery,Artery,,Adult_>365d,Unknown
SAMN09233302,Artery,Artery,,Adult_>365d,Unknown
SAMN09233304,Artery,Artery,,Adult_>365d,Unknown
SAMN09233306,Artery,Artery,,Adult_>365d,Unknown
SAMN09233307,Artery,Artery,,Adult_>365d,Unknown
SAMN09233308,Artery,Artery,,Adult_>365d,Unknown
SAMN09233322,Artery,Artery,,Adult_>365d,Unknown
SAMN09233323,Artery,Artery,,Adult_>365d,Unknown
SAMN09239040,Muscle,Muscle,,Adult_>365d,Unknown
SAMN09239041,Muscle,Muscle,,Adult_>365d,Unknown
SAMN09239042,Muscle,Muscle,,Adult_>365d,Unknown
SAMN09239043,Muscle,Muscle,,Adult_>365d,Unknown
SAMN09239096,Muscle,Muscle,,Adult_>365d,Unknown
SAMN09239097,Muscle,Muscle,,Adult_>365d,Unknown
SAMN09239098,Muscle,Muscle,,Adult_>365d,Unknown
SAMN09239099,Muscle,Muscle,,Adult_>365d,Unknown
SAMN09239100,Muscle,Muscle,,Adult_>365d,Unknown
SAMN09239101,Muscle,Muscle,,Adult_>365d,Unknown
SAMN09239102,Muscle,Muscle,,Adult_>365d,Unknown
SAMN09239103,Muscle,Muscle,,Adult_>365d,Unknown
SAMN09381493,Lung,Lung,42.0,Early childhood_21_59d,Male
SAMN09381494,Lung,Lung,49.0,Early childhood_21_59d,Male
SAMN09381495,Lung,Lung,56.0,Early childhood_21_59d,Male
SAMN09381496,Lung,Lung,63.0,Pre_pubertal_60_149d,Male
SAMN09381497,Lung,Lung,70.0,Pre_pubertal_60_149d,Male
SAMN09381498,Lung,Lung,77.0,Pre_pubertal_60_149d,Male
SAMN09381499,Lung,Lung,84.0,Pre_pubertal_60_149d,Male
SAMN09381500,Lung,Lung,91.0,Pre_pubertal_60_149d,Male
SAMN09381501,Lung,Lung,98.0,Pre_pubertal_60_149d,Male
SAMN09381502,Lung,Lung,105.0,Pre_pubertal_60_149d,Male
SAMN09381503,Lung,Lung,112.0,Pre_pubertal_60_149d,Male
SAMN09381504,Lung,Lung,119.0,Pre_pubertal_60_149d,Male
SAMN09356089,Uterus,Uterus,,Adult_>365d,Female
SAMN09356090,Uterus,Uterus,,Adult_>365d,Female
SAMN09356091,Uterus,Uterus,,Adult_>365d,Female
SAMN09356092,Uterus,Uterus,,Adult_>365d,Female
SAMN09356093,Uterus,Uterus,,Adult_>365d,Female
SAMN09356094,Uterus,Uterus,,Adult_>365d,Female
SAMN09356095,Uterus,Uterus,,Adult_>365d,Female
SAMN09356096,Uterus,Uterus,,Adult_>365d,Female
SAMN09356097,Uterus,Uterus,,Adult_>365d,Female
SAMN09356098,Uterus,Uterus,,Adult_>365d,Female
SAMN09356099,Uterus,Uterus,,Adult_>365d,Female
SAMN09356100,Uterus,Uterus,,Adult_>365d,Female
SAMN09356101,Uterus,Uterus,,Adult_>365d,Female
SAMN09356102,Uterus,Uterus,,Adult_>365d,Female
SAMN09356103,Uterus,Uterus,,Adult_>365d,Female
SAMN09397102,Muscle,Muscle,0.0,Infant_0_20d,Pooled
SAMN09397103,Muscle,Muscle,0.0,Infant_0_20d,Pooled
SAMN09397104,Muscle,Muscle,0.0,Infant_0_20d,Pooled
SAMN09397105,Muscle,Muscle,0.0,Infant_0_20d,Pooled
SAMN09397106,Muscle,Muscle,0.0,Infant_0_20d,Pooled
SAMN09397107,Muscle,Muscle,0.0,Infant_0_20d,Pooled
SAMN09399263,Heart,Heart,,Adult_>365d,Unknown
SAMN09399264,Heart,Heart,,Adult_>365d,Unknown
SAMN09399265,Heart,Heart,,Adult_>365d,Unknown
SAMN09399266,Heart,Heart,,Adult_>365d,Unknown
SAMN09399267,Heart,Heart,,Adult_>365d,Unknown
SAMN09399268,Heart,Heart,,Adult_>365d,Unknown
SAMN09399269,Heart,Heart,,Adult_>365d,Unknown
SAMN09399270,Heart,Heart,,Adult_>365d,Unknown
SAMN09399271,Heart,Heart,,Adult_>365d,Unknown
SAMN09399272,Heart,Heart,,Adult_>365d,Unknown
SAMN09399273,Heart,Heart,,Adult_>365d,Unknown
SAMN09399274,Heart,Heart,,Adult_>365d,Unknown
SAMN09399275,Heart,Heart,,Adult_>365d,Unknown
SAMN09399276,Heart,Heart,,Adult_>365d,Unknown
SAMN09399277,Heart,Heart,,Adult_>365d,Unknown
SAMN09399278,Heart,Heart,,Adult_>365d,Unknown
SAMN09399279,Heart,Heart,,Adult_>365d,Unknown
SAMN09399280,Heart,Heart,,Adult_>365d,Unknown
SAMN09399281,Heart,Heart,,Adult_>365d,Unknown
SAMN09399282,Heart,Heart,,Adult_>365d,Unknown
SAMN09399283,Heart,Heart,,Adult_>365d,Unknown
SAMN09399284,Heart,Heart,,Adult_>365d,Unknown
SAMN09399285,Heart,Heart,,Adult_>365d,Unknown
SAMN09399286,Heart,Heart,,Adult_>365d,Unknown
SAMN09399287,Heart,Heart,,Adult_>365d,Unknown
SAMN09399288,Heart,Heart,,Adult_>365d,Unknown
SAMN09399289,Heart,Heart,,Adult_>365d,Unknown
SAMN09399290,Heart,Heart,,Adult_>365d,Unknown
SAMN09399291,Heart,Heart,,Adult_>365d,Unknown
SAMN09399292,Heart,Heart,,Adult_>365d,Unknown
SAMN09399293,Heart,Heart,,Adult_>365d,Unknown
SAMN09399294,Heart,Heart,,Adult_>365d,Unknown
SAMN09399295,Heart,Heart,,Adult_>365d,Unknown
SAMN09399296,Heart,Heart,,Adult_>365d,Unknown
SAMN09399297,Heart,Heart,,Adult_>365d,Unknown
SAMN09399298,Heart,Heart,,Adult_>365d,Unknown
SAMN09453377,Small intestine,Duodenum,35.0,Early childhood_21_59d,Pooled
SAMN09453378,Small intestine,Duodenum,35.0,Early childhood_21_59d,Pooled
SAMN09453379,Small intestine,Duodenum,35.0,Early childhood_21_59d,Pooled
SAMN09453380,Small intestine,Duodenum,35.0,Early childhood_21_59d,Pooled
SAMN09453381,Small intestine,Duodenum,35.0,Early childhood_21_59d,Pooled
SAMN09453382,Small intestine,Duodenum,35.0,Early childhood_21_59d,Pooled
SAMN09453383,Small intestine,Duodenum,35.0,Early childhood_21_59d,Pooled
SAMN09453384,Small intestine,Duodenum,35.0,Early childhood_21_59d,Pooled
SAMN09453385,Small intestine,Duodenum,35.0,Early childhood_21_59d,Pooled
SAMN09453386,Small intestine,Duodenum,35.0,Early childhood_21_59d,Pooled
SAMN09453387,Small intestine,Duodenum,35.0,Early childhood_21_59d,Pooled
SAMN09453388,Small intestine,Duodenum,35.0,Early childhood_21_59d,Pooled
SAMN09487520,Blood,Macrophage,27.0,Early childhood_21_59d,Unknown
SAMN09487521,Blood,Macrophage,27.0,Early childhood_21_59d,Unknown
SAMN09487522,Blood,Macrophage,27.0,Early childhood_21_59d,Unknown
SAMN09487523,Blood,Macrophage,27.0,Early childhood_21_59d,Unknown
SAMN09487524,Blood,Macrophage,27.0,Early childhood_21_59d,Unknown
SAMN09487525,Blood,Macrophage,27.0,Early childhood_21_59d,Unknown
SAMN09487526,Blood,Macrophage,27.0,Early childhood_21_59d,Unknown
SAMN09487527,Blood,Macrophage,27.0,Early childhood_21_59d,Unknown
SAMN09487528,Blood,Macrophage,27.0,Early childhood_21_59d,Unknown
SAMN09487529,Blood,Macrophage,27.0,Early childhood_21_59d,Unknown
SAMN09621204,Blood,Blood,180.0,Post_pubertal_150_365d,Unknown
SAMN09621205,Blood,Blood,180.0,Post_pubertal_150_365d,Unknown
SAMN09621206,Blood,Blood,180.0,Post_pubertal_150_365d,Unknown
SAMN09621207,Blood,Blood,180.0,Post_pubertal_150_365d,Unknown
SAMN09621208,Blood,Blood,180.0,Post_pubertal_150_365d,Unknown
SAMN09621209,Blood,Blood,180.0,Post_pubertal_150_365d,Unknown
SAMN09643510,Muscle,Muscle,,Adult_>365d,Unknown
SAMN09643511,Muscle,Muscle,,Adult_>365d,Unknown
SAMN09643512,Muscle,Muscle,,Adult_>365d,Unknown
SAMN09643513,Muscle,Muscle,,Adult_>365d,Unknown
SAMN09643514,Muscle,Muscle,,Adult_>365d,Unknown
SAMN09643515,Muscle,Muscle,,Adult_>365d,Unknown
SAMN09643516,Muscle,Muscle,,Adult_>365d,Unknown
SAMN09643517,Muscle,Muscle,,Adult_>365d,Unknown
SAMN09643518,Muscle,Muscle,,Adult_>365d,Unknown
SAMN09643519,Muscle,Muscle,,Adult_>365d,Unknown
SAMN09643520,Muscle,Muscle,,Adult_>365d,Unknown
SAMN09643521,Muscle,Muscle,,Adult_>365d,Unknown
SAMN09722851,Muscle,Muscle,,Adult_>365d,Female
SAMN09722852,Muscle,Muscle,,Adult_>365d,Female
SAMN09722853,Muscle,Muscle,,Adult_>365d,Female
SAMN09722854,Muscle,Muscle,,Adult_>365d,Female
SAMN09722855,Muscle,Muscle,,Adult_>365d,Female
SAMN09722856,Muscle,Muscle,,Adult_>365d,Female
SAMN09694341,Placenta,Placenta,,Adult_>365d,Male
SAMN09694342,Placenta,Placenta,,Adult_>365d,Male
SAMN09694343,Placenta,Placenta,,Adult_>365d,Male
SAMN09694344,Placenta,Placenta,,Adult_>365d,Male
SAMN09694345,Placenta,Placenta,,Adult_>365d,Male
SAMN09694346,Placenta,Placenta,,Adult_>365d,Male
SAMN09694347,Placenta,Placenta,,Adult_>365d,Male
SAMN09694348,Placenta,Placenta,,Adult_>365d,Male
SAMN09741967,Lung,Lung,2.0,Infant_0_20d,Unknown
SAMN09741968,Lung,Lung,2.0,Infant_0_20d,Unknown
SAMN09741969,Lung,Lung,2.0,Infant_0_20d,Unknown
SAMN09741970,Lung,Lung,0.0,Infant_0_20d,Unknown
SAMN09741971,Lung,Lung,0.0,Infant_0_20d,Unknown
SAMN09741972,Lung,Lung,0.0,Infant_0_20d,Unknown
SAMN09763920,Unknown,Unknown,42.0,Early childhood_21_59d,Unknown
SAMN09768193,Blood,Blood,,Adult_>365d,Unknown
SAMN09768194,Blood,Blood,,Adult_>365d,Unknown
SAMN09768195,Blood,Blood,,Adult_>365d,Unknown
SAMN09768196,Blood,Blood,,Adult_>365d,Unknown
SAMN09768197,Blood,Blood,,Adult_>365d,Unknown
SAMN09768198,Blood,Blood,,Adult_>365d,Unknown
SAMN09768199,Blood,Blood,,Adult_>365d,Unknown
SAMN09768200,Blood,Blood,,Adult_>365d,Unknown
SAMN09768201,Blood,Blood,,Adult_>365d,Unknown
SAMN09768202,Blood,Blood,,Adult_>365d,Unknown
SAMN09768203,Blood,Blood,,Adult_>365d,Unknown
SAMN09768204,Blood,Blood,,Adult_>365d,Unknown
SAMN09835003,Uterus,Uterus,120.0,Pre_pubertal_60_149d,Female
SAMN09835005,Uterus,Uterus,120.0,Pre_pubertal_60_149d,Female
SAMN09835007,Uterus,Uterus,120.0,Pre_pubertal_60_149d,Female
SAMN09835009,Uterus,Uterus,120.0,Pre_pubertal_60_149d,Female
SAMN09835011,Uterus,Uterus,120.0,Pre_pubertal_60_149d,Female
SAMN09835013,Uterus,Uterus,120.0,Pre_pubertal_60_149d,Female
SAMN09840078,Muscle,Muscle,0.0,Infant_0_20d,Female
SAMN09840079,Muscle,Muscle,0.0,Infant_0_20d,Female
SAMN09840080,Muscle,Muscle,0.0,Infant_0_20d,Male
SAMN09840081,Muscle,Muscle,0.0,Infant_0_20d,Male
SAMN09840082,Muscle,Muscle,0.0,Infant_0_20d,Male
SAMN09840083,Muscle,Muscle,0.0,Infant_0_20d,Female
SAMN09840084,Muscle,Muscle,0.0,Infant_0_20d,Male
SAMN09840085,Muscle,Muscle,0.0,Infant_0_20d,Male
SAMN09840086,Muscle,Muscle,0.0,Infant_0_20d,Male
SAMN09840087,Muscle,Muscle,0.0,Infant_0_20d,Female
SAMN09840088,Muscle,Muscle,0.0,Infant_0_20d,Female
SAMN09840089,Muscle,Muscle,0.0,Infant_0_20d,Female
SAMN09840090,Muscle,Muscle,0.0,Infant_0_20d,Male
SAMN09840091,Muscle,Muscle,0.0,Infant_0_20d,Male
SAMN09840092,Muscle,Muscle,0.0,Infant_0_20d,Female
SAMN09840093,Muscle,Muscle,0.0,Infant_0_20d,Male
SAMN09840094,Muscle,Muscle,0.0,Infant_0_20d,Male
SAMN09840095,Muscle,Muscle,0.0,Infant_0_20d,Male
SAMN09840096,Muscle,Muscle,0.0,Infant_0_20d,Male
SAMN09840097,Muscle,Muscle,0.0,Infant_0_20d,Male
SAMN09840098,Muscle,Muscle,0.0,Infant_0_20d,Female
SAMN09840099,Muscle,Muscle,0.0,Infant_0_20d,Female
SAMN09840100,Muscle,Muscle,0.0,Infant_0_20d,Female
SAMN09840101,Muscle,Muscle,0.0,Infant_0_20d,Female
SAMN09840102,Muscle,Muscle,0.0,Infant_0_20d,Female
SAMN09840103,Muscle,Muscle,0.0,Infant_0_20d,Female
SAMN09840104,Muscle,Muscle,0.0,Infant_0_20d,Female
SAMN09840105,Muscle,Muscle,0.0,Infant_0_20d,Male
SAMN09840106,Muscle,Muscle,0.0,Infant_0_20d,Male
SAMN09840107,Muscle,Muscle,0.0,Infant_0_20d,Female
SAMN09840108,Muscle,Muscle,0.0,Infant_0_20d,Male
SAMN09840109,Muscle,Muscle,0.0,Infant_0_20d,Female
SAMN09840110,Unknown,Unknown,0.0,Infant_0_20d,Female
SAMN09840111,Muscle,Muscle,0.0,Infant_0_20d,Male
SAMN09840112,Muscle,Muscle,0.0,Infant_0_20d,Male
SAMN09840113,Muscle,Muscle,0.0,Infant_0_20d,Female
SAMN09840114,Muscle,Muscle,0.0,Infant_0_20d,Female
SAMN09840115,Muscle,Muscle,0.0,Infant_0_20d,Male
SAMN09840116,Muscle,Muscle,0.0,Infant_0_20d,Male
SAMN09840117,Muscle,Muscle,0.0,Infant_0_20d,Female
SAMN09840118,Muscle,Muscle,0.0,Infant_0_20d,Female
SAMN09840119,Muscle,Muscle,0.0,Infant_0_20d,Female
SAMN09840120,Muscle,Muscle,0.0,Infant_0_20d,Male
SAMN09840121,Muscle,Muscle,0.0,Infant_0_20d,Male
SAMN09840122,Muscle,Muscle,0.0,Infant_0_20d,Male
SAMN09840123,Muscle,Muscle,0.0,Infant_0_20d,Male
SAMN09840124,Muscle,Muscle,0.0,Infant_0_20d,Female
SAMN09840125,Muscle,Muscle,0.0,Infant_0_20d,Male
SAMN09840126,Muscle,Muscle,9.0,Infant_0_20d,Female
SAMN09840127,Muscle,Muscle,9.0,Infant_0_20d,Male
SAMN09840128,Muscle,Muscle,9.0,Infant_0_20d,Male
SAMN09840129,Muscle,Muscle,20.0,Infant_0_20d,Female
SAMN09840130,Muscle,Muscle,20.0,Infant_0_20d,Male
SAMN09840131,Muscle,Muscle,20.0,Infant_0_20d,Female
SAMN09840132,Muscle,Muscle,30.0,Early childhood_21_59d,Male
SAMN09840133,Muscle,Muscle,30.0,Early childhood_21_59d,Male
SAMN09840134,Muscle,Muscle,30.0,Early childhood_21_59d,Female
SAMN09840135,Muscle,Muscle,40.0,Early childhood_21_59d,Male
SAMN09840136,Muscle,Muscle,40.0,Early childhood_21_59d,Female
SAMN09840137,Muscle,Muscle,40.0,Early childhood_21_59d,Female
SAMN09840138,Muscle,Muscle,60.0,Pre_pubertal_60_149d,Male
SAMN09840139,Muscle,Muscle,60.0,Pre_pubertal_60_149d,Male
SAMN09840140,Muscle,Muscle,60.0,Pre_pubertal_60_149d,Female
SAMN09840141,Muscle,Muscle,80.0,Pre_pubertal_60_149d,Female
SAMN09840142,Muscle,Muscle,80.0,Pre_pubertal_60_149d,Male
SAMN09840143,Muscle,Muscle,80.0,Pre_pubertal_60_149d,Male
SAMN09840144,Unknown,Unknown,100.0,Pre_pubertal_60_149d,Female
SAMN09840145,Muscle,Muscle,100.0,Pre_pubertal_60_149d,Female
SAMN09840146,Muscle,Muscle,100.0,Pre_pubertal_60_149d,Female
SAMN09840147,Muscle,Muscle,120.0,Pre_pubertal_60_149d,Male
SAMN09840148,Unknown,Unknown,120.0,Pre_pubertal_60_149d,Male
SAMN09840149,Muscle,Muscle,120.0,Pre_pubertal_60_149d,Male
SAMN09840150,Muscle,Muscle,140.0,Pre_pubertal_60_149d,Male
SAMN09840151,Unknown,Unknown,140.0,Pre_pubertal_60_149d,Female
SAMN09840152,Muscle,Muscle,140.0,Pre_pubertal_60_149d,Male
SAMN09840153,Muscle,Muscle,160.0,Post_pubertal_150_365d,Female
SAMN09840154,Muscle,Muscle,160.0,Post_pubertal_150_365d,Male
SAMN09840155,Unknown,Unknown,160.0,Post_pubertal_150_365d,Male
SAMN09840156,Unknown,Unknown,180.0,Post_pubertal_150_365d,Female
SAMN09840157,Muscle,Muscle,180.0,Post_pubertal_150_365d,Male
SAMN09840158,Muscle,Muscle,180.0,Post_pubertal_150_365d,Female
SAMN09914865,Muscle,Muscle,0.0,Infant_0_20d,Pooled
SAMN09914866,Muscle,Muscle,0.0,Infant_0_20d,Pooled
SAMN09914867,Muscle,Muscle,0.0,Infant_0_20d,Pooled
SAMN09914868,Muscle,Muscle,0.0,Infant_0_20d,Pooled
SAMN09914869,Muscle,Muscle,0.0,Infant_0_20d,Pooled
SAMN09914870,Muscle,Muscle,0.0,Infant_0_20d,Pooled
SAMN09914871,Muscle,Muscle,0.0,Infant_0_20d,Pooled
SAMN09914872,Muscle,Muscle,0.0,Infant_0_20d,Pooled
SAMN09914873,Muscle,Muscle,0.0,Infant_0_20d,Pooled
SAMN09927932,Muscle,Muscle,178.0,Post_pubertal_150_365d,Unknown
SAMN09927933,Muscle,Muscle,178.0,Post_pubertal_150_365d,Unknown
SAMN09927934,Muscle,Muscle,178.0,Post_pubertal_150_365d,Unknown
SAMN09927935,Muscle,Muscle,178.0,Post_pubertal_150_365d,Unknown
SAMN09927936,Muscle,Muscle,178.0,Post_pubertal_150_365d,Unknown
SAMN09927937,Muscle,Muscle,178.0,Post_pubertal_150_365d,Unknown
SAMN09929683,Muscle,Muscle,0.0,Infant_0_20d,Pooled
SAMN09929684,Muscle,Muscle,0.0,Infant_0_20d,Pooled
SAMN09929685,Muscle,Muscle,0.0,Infant_0_20d,Pooled
SAMN09929686,Muscle,Muscle,0.0,Infant_0_20d,Pooled
SAMN09929687,Muscle,Muscle,0.0,Infant_0_20d,Pooled
SAMN09929688,Muscle,Muscle,0.0,Infant_0_20d,Pooled
SAMN09929689,Muscle,Muscle,0.0,Infant_0_20d,Pooled
SAMN09929690,Muscle,Muscle,0.0,Infant_0_20d,Pooled
SAMN09929691,Muscle,Muscle,0.0,Infant_0_20d,Pooled
SAMN09929692,Muscle,Muscle,0.0,Infant_0_20d,Pooled
SAMN09929693,Muscle,Muscle,0.0,Infant_0_20d,Pooled
SAMN09929694,Muscle,Muscle,0.0,Infant_0_20d,Pooled
SAMN09929695,Muscle,Muscle,0.0,Infant_0_20d,Pooled
SAMN09929696,Muscle,Muscle,0.0,Infant_0_20d,Pooled
SAMN09929697,Muscle,Muscle,0.0,Infant_0_20d,Pooled
SAMN09929698,Muscle,Muscle,0.0,Infant_0_20d,Pooled
SAMN09929699,Muscle,Muscle,9.0,Infant_0_20d,Pooled
SAMN09929700,Muscle,Muscle,20.0,Infant_0_20d,Pooled
SAMN09929701,Muscle,Muscle,30.0,Early childhood_21_59d,Pooled
SAMN09929702,Muscle,Muscle,40.0,Early childhood_21_59d,Pooled
SAMN09929703,Muscle,Muscle,60.0,Pre_pubertal_60_149d,Pooled
SAMN09929704,Muscle,Muscle,80.0,Pre_pubertal_60_149d,Pooled
SAMN09929705,Muscle,Muscle,100.0,Pre_pubertal_60_149d,Pooled
SAMN09929706,Muscle,Muscle,120.0,Pre_pubertal_60_149d,Pooled
SAMN09929707,Muscle,Muscle,140.0,Pre_pubertal_60_149d,Pooled
SAMN09929708,Muscle,Muscle,160.0,Post_pubertal_150_365d,Pooled
SAMN09929709,Muscle,Muscle,180.0,Post_pubertal_150_365d,Pooled
SAMN09929710,Muscle,Muscle,0.0,Infant_0_20d,Pooled
SAMN09929711,Muscle,Muscle,0.0,Infant_0_20d,Pooled
SAMN09929712,Muscle,Muscle,0.0,Infant_0_20d,Pooled
SAMN09929713,Muscle,Muscle,0.0,Infant_0_20d,Pooled
SAMN09929714,Muscle,Muscle,0.0,Infant_0_20d,Pooled
SAMN09929715,Muscle,Muscle,0.0,Infant_0_20d,Pooled
SAMN09929716,Muscle,Muscle,0.0,Infant_0_20d,Pooled
SAMN09929717,Muscle,Muscle,0.0,Infant_0_20d,Pooled
SAMN09929718,Muscle,Muscle,0.0,Infant_0_20d,Pooled
SAMN09929719,Muscle,Muscle,0.0,Infant_0_20d,Pooled
SAMN09929720,Muscle,Muscle,0.0,Infant_0_20d,Pooled
SAMN09929721,Muscle,Muscle,0.0,Infant_0_20d,Pooled
SAMN09929722,Muscle,Muscle,0.0,Infant_0_20d,Pooled
SAMN09929723,Muscle,Muscle,0.0,Infant_0_20d,Pooled
SAMN09929724,Muscle,Muscle,0.0,Infant_0_20d,Pooled
SAMN09929725,Muscle,Muscle,0.0,Infant_0_20d,Pooled
SAMN09929726,Muscle,Muscle,9.0,Infant_0_20d,Pooled
SAMN09929727,Muscle,Muscle,20.0,Infant_0_20d,Pooled
SAMN09929728,Muscle,Muscle,30.0,Early childhood_21_59d,Pooled
SAMN09929729,Muscle,Muscle,40.0,Early childhood_21_59d,Pooled
SAMN09929730,Muscle,Muscle,60.0,Pre_pubertal_60_149d,Pooled
SAMN09929731,Muscle,Muscle,80.0,Pre_pubertal_60_149d,Pooled
SAMN09929732,Muscle,Muscle,100.0,Pre_pubertal_60_149d,Pooled
SAMN09929733,Muscle,Muscle,120.0,Pre_pubertal_60_149d,Pooled
SAMN09929734,Muscle,Muscle,140.0,Pre_pubertal_60_149d,Pooled
SAMN09929735,Muscle,Muscle,160.0,Post_pubertal_150_365d,Pooled
SAMN09929736,Muscle,Muscle,180.0,Post_pubertal_150_365d,Pooled
SAMN09929737,Muscle,Muscle,0.0,Infant_0_20d,Pooled
SAMN09929738,Muscle,Muscle,0.0,Infant_0_20d,Pooled
SAMN09929739,Muscle,Muscle,0.0,Infant_0_20d,Pooled
SAMN09929740,Muscle,Muscle,0.0,Infant_0_20d,Pooled
SAMN09929741,Muscle,Muscle,0.0,Infant_0_20d,Pooled
SAMN09929742,Muscle,Muscle,0.0,Infant_0_20d,Pooled
SAMN09929743,Muscle,Muscle,0.0,Infant_0_20d,Pooled
SAMN09929744,Muscle,Muscle,0.0,Infant_0_20d,Pooled
SAMN09929745,Muscle,Muscle,0.0,Infant_0_20d,Pooled
SAMN09929746,Muscle,Muscle,0.0,Infant_0_20d,Pooled
SAMN09929747,Muscle,Muscle,0.0,Infant_0_20d,Pooled
SAMN09929748,Muscle,Muscle,0.0,Infant_0_20d,Pooled
SAMN09929749,Muscle,Muscle,0.0,Infant_0_20d,Pooled
SAMN09929750,Muscle,Muscle,0.0,Infant_0_20d,Pooled
SAMN09929751,Muscle,Muscle,0.0,Infant_0_20d,Pooled
SAMN09929752,Muscle,Muscle,0.0,Infant_0_20d,Pooled
SAMN09929753,Muscle,Muscle,9.0,Infant_0_20d,Pooled
SAMN09929754,Muscle,Muscle,20.0,Infant_0_20d,Pooled
SAMN09929755,Muscle,Muscle,30.0,Early childhood_21_59d,Pooled
SAMN09929756,Muscle,Muscle,40.0,Early childhood_21_59d,Pooled
SAMN09929757,Muscle,Muscle,60.0,Pre_pubertal_60_149d,Pooled
SAMN09929758,Muscle,Muscle,80.0,Pre_pubertal_60_149d,Pooled
SAMN09929759,Muscle,Muscle,100.0,Pre_pubertal_60_149d,Pooled
SAMN09929760,Muscle,Muscle,120.0,Pre_pubertal_60_149d,Pooled
SAMN09929761,Muscle,Muscle,140.0,Pre_pubertal_60_149d,Pooled
SAMN09929762,Muscle,Muscle,160.0,Post_pubertal_150_365d,Pooled
SAMN09929763,Muscle,Muscle,180.0,Post_pubertal_150_365d,Pooled
SAMN09939668,Liver,Liver,,Adult_>365d,Female
SAMN09939670,Liver,Liver,,Adult_>365d,Female
SAMN09939671,Liver,Liver,,Adult_>365d,Female
SAMN09939672,Liver,Liver,,Adult_>365d,Female
SAMN09943924,Placenta,Placenta,,Adult_>365d,Female
SAMN09943925,Placenta,Placenta,,Adult_>365d,Female
SAMN09946166,Spleen,Spleen,35.0,Early childhood_21_59d,Male
SAMN09946167,Spleen,Spleen,35.0,Early childhood_21_59d,Male
SAMN09946168,Spleen,Spleen,35.0,Early childhood_21_59d,Male
SAMN09946169,Spleen,Spleen,35.0,Early childhood_21_59d,Male
SAMN09946170,Spleen,Spleen,35.0,Early childhood_21_59d,Male
SAMN09946171,Spleen,Spleen,35.0,Early childhood_21_59d,Male
SAMN09946172,Testis,Testis,35.0,Early childhood_21_59d,Male
SAMN09946173,Testis,Testis,35.0,Early childhood_21_59d,Male
SAMN09946174,Testis,Testis,35.0,Early childhood_21_59d,Male
SAMN09946175,Testis,Testis,35.0,Early childhood_21_59d,Male
SAMN09946176,Testis,Testis,35.0,Early childhood_21_59d,Male
SAMN09946177,Testis,Testis,35.0,Early childhood_21_59d,Male
SAMN10992028,Spleen,Spleen,35.0,Early childhood_21_59d,Male
SAMN10992029,Spleen,Spleen,35.0,Early childhood_21_59d,Male
SAMN10992030,Spleen,Spleen,35.0,Early childhood_21_59d,Male
SAMN10992031,Spleen,Spleen,35.0,Early childhood_21_59d,Male
SAMN10992032,Spleen,Spleen,35.0,Early childhood_21_59d,Male
SAMN10992033,Spleen,Spleen,35.0,Early childhood_21_59d,Male
SAMN10992034,Lymph node,Lymph node,35.0,Early childhood_21_59d,Male
SAMN10992035,Lymph node,Lymph node,35.0,Early childhood_21_59d,Male
SAMN10992036,Lymph node,Lymph node,35.0,Early childhood_21_59d,Male
SAMN10992037,Lymph node,Lymph node,35.0,Early childhood_21_59d,Male
SAMN10992038,Lymph node,Lymph node,35.0,Early childhood_21_59d,Male
SAMN10992039,Lymph node,Lymph node,35.0,Early childhood_21_59d,Male
SAMN10992040,Lymph node,Lymph node,36.0,Early childhood_21_59d,Male
SAMN10992041,Lymph node,Lymph node,37.0,Early childhood_21_59d,Male
SAMN10992042,Lymph node,Lymph node,38.0,Early childhood_21_59d,Male
SAMN10992043,Lymph node,Lymph node,39.0,Early childhood_21_59d,Male
SAMN10992044,Lymph node,Lymph node,40.0,Early childhood_21_59d,Male
SAMN10992045,Lymph node,Lymph node,41.0,Early childhood_21_59d,Male
SAMN09947765,Muscle,Muscle,180.0,Post_pubertal_150_365d,Unknown
SAMN09947766,Muscle,Muscle,180.0,Post_pubertal_150_365d,Unknown
SAMN09947767,Muscle,Muscle,180.0,Post_pubertal_150_365d,Unknown
SAMN09947768,Muscle,Muscle,180.0,Post_pubertal_150_365d,Unknown
SAMN09947769,Muscle,Muscle,180.0,Post_pubertal_150_365d,Unknown
SAMN09947770,Muscle,Muscle,180.0,Post_pubertal_150_365d,Unknown
SAMN09947771,Muscle,Muscle,180.0,Post_pubertal_150_365d,Unknown
SAMN09947772,Muscle,Muscle,180.0,Post_pubertal_150_365d,Unknown
SAMN09947773,Muscle,Muscle,180.0,Post_pubertal_150_365d,Unknown
SAMN09947774,Muscle,Muscle,180.0,Post_pubertal_150_365d,Unknown
SAMN09947775,Muscle,Muscle,180.0,Post_pubertal_150_365d,Unknown
SAMN09947776,Muscle,Muscle,180.0,Post_pubertal_150_365d,Unknown
SAMN09947777,Muscle,Muscle,180.0,Post_pubertal_150_365d,Unknown
SAMN09947778,Muscle,Muscle,180.0,Post_pubertal_150_365d,Unknown
SAMN09947779,Muscle,Muscle,180.0,Post_pubertal_150_365d,Unknown
SAMN09947780,Muscle,Muscle,180.0,Post_pubertal_150_365d,Unknown
SAMN09947781,Muscle,Muscle,180.0,Post_pubertal_150_365d,Unknown
SAMN09947782,Muscle,Muscle,180.0,Post_pubertal_150_365d,Unknown
SAMN09947783,Muscle,Muscle,180.0,Post_pubertal_150_365d,Unknown
SAMN09947784,Muscle,Muscle,180.0,Post_pubertal_150_365d,Unknown
SAMN09947785,Muscle,Muscle,180.0,Post_pubertal_150_365d,Unknown
SAMN09947822,Muscle,Muscle,180.0,Post_pubertal_150_365d,Unknown
SAMN09947823,Muscle,Muscle,180.0,Post_pubertal_150_365d,Unknown
SAMN09947824,Muscle,Muscle,180.0,Post_pubertal_150_365d,Unknown
SAMN09947825,Muscle,Muscle,180.0,Post_pubertal_150_365d,Unknown
SAMN09947826,Muscle,Muscle,180.0,Post_pubertal_150_365d,Unknown
SAMN09947827,Muscle,Muscle,180.0,Post_pubertal_150_365d,Unknown
SAMN09947828,Muscle,Muscle,180.0,Post_pubertal_150_365d,Unknown
SAMN09947829,Muscle,Muscle,180.0,Post_pubertal_150_365d,Unknown
SAMN09947830,Muscle,Muscle,180.0,Post_pubertal_150_365d,Unknown
SAMN09947831,Muscle,Muscle,180.0,Post_pubertal_150_365d,Unknown
SAMN09947832,Muscle,Muscle,180.0,Post_pubertal_150_365d,Unknown
SAMN09948484,Small intestine,Ileum,46.0,Early childhood_21_59d,Female
SAMN09948485,Small intestine,Ileum,46.0,Early childhood_21_59d,Female
SAMN09948486,Small intestine,Ileum,46.0,Early childhood_21_59d,Female
SAMN09948487,Small intestine,Ileum,46.0,Early childhood_21_59d,Female
SAMN09948488,Small intestine,Ileum,46.0,Early childhood_21_59d,Female
SAMN09948489,Small intestine,Ileum,46.0,Early childhood_21_59d,Female
SAMN09948490,Small intestine,Ileum,46.0,Early childhood_21_59d,Female
SAMN09948491,Small intestine,Ileum,46.0,Early childhood_21_59d,Female
SAMN09948492,Small intestine,Ileum,46.0,Early childhood_21_59d,Female
SAMN09948493,Small intestine,Ileum,46.0,Early childhood_21_59d,Female
SAMN09948494,Small intestine,Ileum,46.0,Early childhood_21_59d,Female
SAMN09948495,Small intestine,Ileum,46.0,Early childhood_21_59d,Female
SAMN09948496,Small intestine,Ileum,46.0,Early childhood_21_59d,Female
SAMN09948497,Small intestine,Ileum,46.0,Early childhood_21_59d,Female
SAMN09948498,Small intestine,Ileum,46.0,Early childhood_21_59d,Female
SAMN09948499,Small intestine,Ileum,46.0,Early childhood_21_59d,Female
SAMN09948500,Small intestine,Ileum,46.0,Early childhood_21_59d,Female
SAMN09948501,Small intestine,Ileum,46.0,Early childhood_21_59d,Female
SAMN09948502,Small intestine,Ileum,46.0,Early childhood_21_59d,Female
SAMN09975873,Testis,Testis,,Adult_>365d,Unknown
SAMN09975874,Testis,Testis,,Adult_>365d,Unknown
SAMN09975875,Testis,Testis,,Adult_>365d,Unknown
SAMN09975876,Testis,Testis,,Adult_>365d,Unknown
SAMN09975877,Testis,Testis,,Adult_>365d,Unknown
SAMN09975878,Testis,Testis,,Adult_>365d,Unknown
SAMN09975879,Testis,Testis,,Adult_>365d,Unknown
SAMN09975880,Testis,Testis,,Adult_>365d,Unknown
SAMN09975881,Testis,Testis,,Adult_>365d,Unknown
SAMN09975882,Testis,Testis,,Adult_>365d,Unknown
SAMN09975883,Testis,Testis,,Adult_>365d,Unknown
SAMN09975884,Testis,Testis,,Adult_>365d,Unknown
SAMN09975885,Testis,Testis,,Adult_>365d,Unknown
SAMN09975886,Testis,Testis,,Adult_>365d,Unknown
SAMN09975887,Testis,Testis,,Adult_>365d,Unknown
SAMN09975888,Testis,Testis,,Adult_>365d,Unknown
SAMN09975889,Testis,Testis,,Adult_>365d,Unknown
SAMN09975890,Testis,Testis,,Adult_>365d,Unknown
SAMN09975891,Testis,Testis,,Adult_>365d,Unknown
SAMN09975892,Testis,Testis,,Adult_>365d,Unknown
SAMN09975893,Testis,Testis,,Adult_>365d,Unknown
SAMN09975894,Testis,Testis,,Adult_>365d,Unknown
SAMN09975895,Testis,Testis,,Adult_>365d,Unknown
SAMN09975896,Testis,Testis,,Adult_>365d,Unknown
SAMN09975897,Testis,Testis,,Adult_>365d,Unknown
SAMN09975898,Testis,Testis,,Adult_>365d,Unknown
SAMN09975899,Testis,Testis,,Adult_>365d,Unknown
SAMN09975900,Testis,Testis,,Adult_>365d,Unknown
SAMN09975901,Testis,Testis,,Adult_>365d,Unknown
SAMN09975902,Testis,Testis,,Adult_>365d,Unknown
SAMN09975903,Testis,Testis,,Adult_>365d,Unknown
SAMN09975904,Testis,Testis,,Adult_>365d,Unknown
SAMN10031184,Ovary,Ovary,,Adult_>365d,Female
SAMN10032478,Placenta,Placenta,180.0,Post_pubertal_150_365d,Male
SAMN10032479,Placenta,Placenta,180.0,Post_pubertal_150_365d,Male
SAMN10032480,Uterus,Uterus,180.0,Post_pubertal_150_365d,Female
SAMN10032481,Uterus,Uterus,180.0,Post_pubertal_150_365d,Female
SAMN10032482,Placenta,Placenta,180.0,Post_pubertal_150_365d,Female
SAMN10032483,Placenta,Placenta,180.0,Post_pubertal_150_365d,Female
SAMN10032484,Uterus,Uterus,180.0,Post_pubertal_150_365d,Male
SAMN10032485,Uterus,Uterus,180.0,Post_pubertal_150_365d,Male
SAMN10032486,Placenta,Placenta,180.0,Post_pubertal_150_365d,Male
SAMN10032487,Placenta,Placenta,180.0,Post_pubertal_150_365d,Male
SAMN10032488,Uterus,Uterus,180.0,Post_pubertal_150_365d,Male
SAMN10032489,Uterus,Uterus,180.0,Post_pubertal_150_365d,Male
SAMN10032490,Placenta,Placenta,180.0,Post_pubertal_150_365d,Male
SAMN10032491,Placenta,Placenta,180.0,Post_pubertal_150_365d,Male
SAMN10032492,Uterus,Uterus,180.0,Post_pubertal_150_365d,Male
SAMN10032493,Uterus,Uterus,180.0,Post_pubertal_150_365d,Male
SAMN10032494,Placenta,Placenta,180.0,Post_pubertal_150_365d,Male
SAMN10032495,Placenta,Placenta,180.0,Post_pubertal_150_365d,Male
SAMN10032496,Uterus,Uterus,180.0,Post_pubertal_150_365d,Male
SAMN10032497,Uterus,Uterus,180.0,Post_pubertal_150_365d,Male
SAMN10032498,Uterus,Uterus,180.0,Post_pubertal_150_365d,Female
SAMN10032499,Uterus,Uterus,180.0,Post_pubertal_150_365d,Female
SAMN10032500,Placenta,Placenta,180.0,Post_pubertal_150_365d,Male
SAMN10032501,Placenta,Placenta,180.0,Post_pubertal_150_365d,Male
SAMN10032502,Uterus,Uterus,180.0,Post_pubertal_150_365d,Female
SAMN10032503,Uterus,Uterus,180.0,Post_pubertal_150_365d,Female
SAMN10032504,Placenta,Placenta,180.0,Post_pubertal_150_365d,Female
SAMN10032505,Placenta,Placenta,180.0,Post_pubertal_150_365d,Female
SAMN10032506,Uterus,Uterus,180.0,Post_pubertal_150_365d,Male
SAMN10032507,Uterus,Uterus,180.0,Post_pubertal_150_365d,Male
SAMN10032508,Placenta,Placenta,180.0,Post_pubertal_150_365d,Male
SAMN10032509,Placenta,Placenta,180.0,Post_pubertal_150_365d,Male
SAMN10032510,Uterus,Uterus,180.0,Post_pubertal_150_365d,Female
SAMN10032511,Uterus,Uterus,180.0,Post_pubertal_150_365d,Female
SAMN10032512,Placenta,Placenta,180.0,Post_pubertal_150_365d,Female
SAMN10032513,Placenta,Placenta,180.0,Post_pubertal_150_365d,Female
SAMN10032514,Uterus,Uterus,180.0,Post_pubertal_150_365d,Male
SAMN10032515,Uterus,Uterus,180.0,Post_pubertal_150_365d,Male
SAMN10032516,Placenta,Placenta,180.0,Post_pubertal_150_365d,Male
SAMN10032517,Placenta,Placenta,180.0,Post_pubertal_150_365d,Male
SAMN10032518,Uterus,Uterus,180.0,Post_pubertal_150_365d,Male
SAMN10032519,Uterus,Uterus,180.0,Post_pubertal_150_365d,Male
SAMN10032520,Placenta,Placenta,180.0,Post_pubertal_150_365d,Female
SAMN10032521,Placenta,Placenta,180.0,Post_pubertal_150_365d,Female
SAMN10032522,Placenta,Placenta,180.0,Post_pubertal_150_365d,Male
SAMN10032523,Placenta,Placenta,180.0,Post_pubertal_150_365d,Male
SAMN10032524,Uterus,Uterus,180.0,Post_pubertal_150_365d,Male
SAMN10032525,Uterus,Uterus,180.0,Post_pubertal_150_365d,Male
SAMN10032526,Placenta,Placenta,180.0,Post_pubertal_150_365d,Male
SAMN10032527,Placenta,Placenta,180.0,Post_pubertal_150_365d,Male
SAMN10032528,Uterus,Uterus,180.0,Post_pubertal_150_365d,Female
SAMN10032529,Uterus,Uterus,180.0,Post_pubertal_150_365d,Female
SAMN10032530,Placenta,Placenta,180.0,Post_pubertal_150_365d,Female
SAMN10032531,Placenta,Placenta,180.0,Post_pubertal_150_365d,Female
SAMN10032532,Uterus,Uterus,180.0,Post_pubertal_150_365d,Male
SAMN10032533,Uterus,Uterus,180.0,Post_pubertal_150_365d,Male
SAMN10032534,Placenta,Placenta,180.0,Post_pubertal_150_365d,Male
SAMN10032535,Placenta,Placenta,180.0,Post_pubertal_150_365d,Male
SAMN10032536,Uterus,Uterus,180.0,Post_pubertal_150_365d,Male
SAMN10032537,Uterus,Uterus,180.0,Post_pubertal_150_365d,Male
SAMN10032538,Placenta,Placenta,180.0,Post_pubertal_150_365d,Male
SAMN10032539,Placenta,Placenta,180.0,Post_pubertal_150_365d,Male
SAMN10032540,Uterus,Uterus,180.0,Post_pubertal_150_365d,Male
SAMN10032541,Uterus,Uterus,180.0,Post_pubertal_150_365d,Male
SAMN10077537,Other,Other,,Adult_>365d,Unknown
SAMN10077538,Other,Other,,Adult_>365d,Unknown
SAMN10077539,Other,Other,,Adult_>365d,Unknown
SAMN10077540,Other,Other,,Adult_>365d,Unknown
SAMN10077541,Other,Other,,Adult_>365d,Unknown
SAMN10077542,Other,Other,,Adult_>365d,Unknown
SAMN10077543,Other,Other,,Adult_>365d,Unknown
SAMN10077544,Other,Other,,Adult_>365d,Unknown
SAMN10077545,Other,Other,,Adult_>365d,Unknown
SAMN10077546,Fibroblast,Fibroblast,,Adult_>365d,Unknown
SAMN10077547,Fibroblast,Fibroblast,,Adult_>365d,Unknown
SAMN10077548,Fibroblast,Fibroblast,,Adult_>365d,Unknown
SAMN10097594,Unknown,Unknown,28.0,Early childhood_21_59d,Unknown
SAMN10098000,Unknown,Unknown,28.0,Early childhood_21_59d,Unknown
SAMN10098001,Unknown,Unknown,28.0,Early childhood_21_59d,Unknown
SAMN10098002,Unknown,Unknown,28.0,Early childhood_21_59d,Unknown
SAMN10098003,Unknown,Unknown,28.0,Early childhood_21_59d,Unknown
SAMN10098004,Unknown,Unknown,28.0,Early childhood_21_59d,Unknown
SAMN10144259,Small intestine,Small intestine,,Adult_>365d,Unknown
SAMN10144261,Small intestine,Small intestine,,Adult_>365d,Unknown
SAMN10144263,Small intestine,Small intestine,,Adult_>365d,Unknown
SAMN10144265,Unknown,Unknown,,Adult_>365d,Unknown
SAMN10144267,Unknown,Unknown,,Adult_>365d,Unknown
SAMN10144269,Unknown,Unknown,,Adult_>365d,Unknown
SAMN10130931,Heart,Heart,180.0,Post_pubertal_150_365d,Female
SAMN10130932,Liver,Liver,181.0,Post_pubertal_150_365d,Female
SAMN10130933,Lung,Lung,182.0,Post_pubertal_150_365d,Female
SAMN10130934,Adipose,Adipose,183.0,Post_pubertal_150_365d,Female
SAMN10130935,Muscle,Muscle,184.0,Post_pubertal_150_365d,Female
SAMN10130936,Brain,Brain,185.0,Post_pubertal_150_365d,Female
SAMN10130937,Ovary,Ovary,186.0,Post_pubertal_150_365d,Female
SAMN10143606,Large intestine,Colon,90.0,Pre_pubertal_60_149d,Pooled
SAMN10180143,Unknown,Unknown,1.0,Infant_0_20d,Unknown
SAMN10180144,Brain,Brain,1.0,Infant_0_20d,Unknown
SAMN10180145,Brain,Brain,1.0,Infant_0_20d,Unknown
SAMN10180146,Brain,Brain,1.0,Infant_0_20d,Unknown
SAMN10180147,Brain,Brain,1.0,Infant_0_20d,Unknown
SAMN10180148,Brain,Brain,1.0,Infant_0_20d,Unknown
SAMN10180149,Brain,Brain,1.0,Infant_0_20d,Unknown
SAMN10180150,Brain,Brain,1.0,Infant_0_20d,Unknown
SAMN10180151,Brain,Brain,1.0,Infant_0_20d,Unknown
SAMN10180152,Brain,Brain,1.0,Infant_0_20d,Unknown
SAMN10180153,Brain,Brain,1.0,Infant_0_20d,Unknown
SAMN10180154,Brain,Brain,1.0,Infant_0_20d,Unknown
SAMN10233480,Ovary,Ovary,,Adult_>365d,Female
SAMN10233481,Ovary,Ovary,,Adult_>365d,Female
SAMN10238011,Lung,Lung,190.0,Post_pubertal_150_365d,Male
SAMN10238012,Lung,Lung,190.0,Post_pubertal_150_365d,Male
SAMN10238013,Lung,Lung,190.0,Post_pubertal_150_365d,Female
SAMN10238014,Lung,Lung,190.0,Post_pubertal_150_365d,Male
SAMN10238015,Lung,Lung,190.0,Post_pubertal_150_365d,Male
SAMN10238016,Lung,Lung,190.0,Post_pubertal_150_365d,Male
SAMN10238017,Lung,Lung,190.0,Post_pubertal_150_365d,Male
SAMN10238018,Lung,Lung,190.0,Post_pubertal_150_365d,Male
SAMN10238019,Lung,Lung,190.0,Post_pubertal_150_365d,Male
SAMN10238020,Lung,Lung,190.0,Post_pubertal_150_365d,Female
SAMN10238021,Lung,Lung,190.0,Post_pubertal_150_365d,Male
SAMN10238022,Lung,Lung,190.0,Post_pubertal_150_365d,Female
SAMN10238023,Lung,Lung,190.0,Post_pubertal_150_365d,Male
SAMN10238024,Lung,Lung,190.0,Post_pubertal_150_365d,Female
SAMN10238565,Muscle,Muscle,,Adult_>365d,Female
SAMN10238566,Muscle,Muscle,,Adult_>365d,Female
SAMN10238567,Muscle,Muscle,,Adult_>365d,Female
SAMN10238568,Muscle,Muscle,,Adult_>365d,Female
SAMN10238569,Muscle,Muscle,,Adult_>365d,Female
SAMN10238570,Muscle,Muscle,,Adult_>365d,Female
SAMN10238571,Muscle,Muscle,,Adult_>365d,Female
SAMN10238572,Muscle,Muscle,,Adult_>365d,Female
SAMN10238573,Muscle,Muscle,,Adult_>365d,Female
SAMN10238574,Muscle,Muscle,,Adult_>365d,Female
SAMN10238575,Muscle,Muscle,,Adult_>365d,Female
SAMN10238576,Muscle,Muscle,,Adult_>365d,Female
SAMN10319587,IPEC,IPEC,,Adult_>365d,Unknown
SAMN10319588,IPEC,IPEC,,Adult_>365d,Unknown
SAMN10319589,IPEC,IPEC,,Adult_>365d,Unknown
SAMN10319590,IPEC,IPEC,,Adult_>365d,Unknown
SAMN10319591,IPEC,IPEC,,Adult_>365d,Unknown
SAMN10319592,IPEC,IPEC,,Adult_>365d,Unknown
SAMN10319593,IPEC,IPEC,,Adult_>365d,Unknown
SAMN10319594,IPEC,IPEC,,Adult_>365d,Unknown
SAMN10319595,IPEC,IPEC,,Adult_>365d,Unknown
SAMN10321170,Unknown,Unknown,,Adult_>365d,Unknown
SAMN10348505,Unknown,Unknown,,Adult_>365d,Unknown
SAMN10348506,Unknown,Unknown,,Adult_>365d,Unknown
SAMN10348507,Unknown,Unknown,,Adult_>365d,Unknown
SAMN10348561,Blood,Blood,,Adult_>365d,Unknown
SAMN10348562,Unknown,Unknown,,Adult_>365d,Unknown
SAMN10348563,Unknown,Unknown,,Adult_>365d,Unknown
SAMN10348564,Blood,Blood,,Adult_>365d,Unknown
SAMN10348565,Unknown,Unknown,,Adult_>365d,Unknown
SAMN10348566,Unknown,Unknown,,Adult_>365d,Unknown
SAMN10348567,Unknown,Unknown,,Adult_>365d,Unknown
SAMN10348568,Unknown,Unknown,,Adult_>365d,Unknown
SAMN10348569,Unknown,Unknown,,Adult_>365d,Unknown
SAMN10348570,Unknown,Unknown,,Adult_>365d,Unknown
SAMN10348571,Unknown,Unknown,,Adult_>365d,Unknown
SAMN10348572,Unknown,Unknown,,Adult_>365d,Unknown
SAMN10348573,Unknown,Unknown,,Adult_>365d,Unknown
SAMN10348574,Unknown,Unknown,,Adult_>365d,Unknown
SAMN10348575,Unknown,Unknown,,Adult_>365d,Unknown
SAMN10348576,Unknown,Unknown,,Adult_>365d,Unknown
SAMN10348577,Unknown,Unknown,,Adult_>365d,Unknown
SAMN10348578,Unknown,Unknown,,Adult_>365d,Unknown
SAMN10348579,Unknown,Unknown,,Adult_>365d,Unknown
SAMN10348580,Unknown,Unknown,,Adult_>365d,Unknown
SAMN10348581,Unknown,Unknown,,Adult_>365d,Unknown
SAMN10354868,Liver,Liver,28.0,Early childhood_21_59d,Female
SAMN10354869,Liver,Liver,28.0,Early childhood_21_59d,Female
SAMN10354870,Liver,Liver,28.0,Early childhood_21_59d,Female
SAMN10354871,Liver,Liver,28.0,Early childhood_21_59d,Female
SAMN10354872,Liver,Liver,28.0,Early childhood_21_59d,Female
SAMN10354873,Liver,Liver,28.0,Early childhood_21_59d,Female
SAMN10354874,Liver,Liver,28.0,Early childhood_21_59d,Female
SAMN10354875,Liver,Liver,28.0,Early childhood_21_59d,Female
SAMN10354876,Liver,Liver,28.0,Early childhood_21_59d,Female
SAMN10354877,Liver,Liver,28.0,Early childhood_21_59d,Female
SAMN10354878,Liver,Liver,28.0,Early childhood_21_59d,Female
SAMN10354879,Liver,Liver,28.0,Early childhood_21_59d,Female
SAMN10354880,Liver,Liver,28.0,Early childhood_21_59d,Female
SAMN10354889,Liver,Liver,28.0,Early childhood_21_59d,Female
SAMN10354890,Liver,Liver,28.0,Early childhood_21_59d,Female
SAMN10354892,Liver,Liver,28.0,Early childhood_21_59d,Female
SAMN10354893,Liver,Liver,28.0,Early childhood_21_59d,Female
SAMN10354894,Liver,Liver,28.0,Early childhood_21_59d,Female
SAMN10354895,Liver,Liver,28.0,Early childhood_21_59d,Female
SAMN10354896,Liver,Liver,28.0,Early childhood_21_59d,Female
SAMN10354897,Liver,Liver,28.0,Early childhood_21_59d,Female
SAMN10354898,Liver,Liver,28.0,Early childhood_21_59d,Female
SAMN10354899,Liver,Liver,28.0,Early childhood_21_59d,Female
SAMN10354900,Liver,Liver,28.0,Early childhood_21_59d,Female
SAMN10354901,Liver,Liver,28.0,Early childhood_21_59d,Female
SAMN10354902,Liver,Liver,28.0,Early childhood_21_59d,Female
SAMN10354903,Liver,Liver,28.0,Early childhood_21_59d,Female
SAMN10354904,Liver,Liver,28.0,Early childhood_21_59d,Female
SAMN10354905,Liver,Liver,28.0,Early childhood_21_59d,Female
SAMN10354906,Liver,Liver,28.0,Early childhood_21_59d,Female
SAMN10354907,Liver,Liver,28.0,Early childhood_21_59d,Female
SAMN10354908,Liver,Liver,28.0,Early childhood_21_59d,Female
SAMN10354917,Liver,Liver,730.0,Adult_>365d,Female
SAMN10354918,Liver,Liver,730.0,Adult_>365d,Female
SAMN10354919,Unknown,Unknown,730.0,Adult_>365d,Female
SAMN10354920,Unknown,Unknown,730.0,Adult_>365d,Female
SAMN10354921,Liver,Liver,730.0,Adult_>365d,Female
SAMN10354922,Liver,Liver,730.0,Adult_>365d,Female
SAMN10354923,Liver,Liver,730.0,Adult_>365d,Female
SAMN10354924,Unknown,Unknown,730.0,Adult_>365d,Female
SAMN10354925,Unknown,Unknown,730.0,Adult_>365d,Female
SAMN10394650,Skin,Skin,,Adult_>365d,Unknown
SAMN10394651,Skin,Skin,,Adult_>365d,Unknown
SAMN10394652,Skin,Skin,,Adult_>365d,Unknown
SAMN10394653,Skin,Skin,,Adult_>365d,Unknown
SAMN10394654,Skin,Skin,,Adult_>365d,Unknown
SAMN10394655,Skin,Skin,,Adult_>365d,Unknown
SAMN10397251,Brain,Pituitary,90.0,Pre_pubertal_60_149d,Female
SAMN10397252,Brain,Pituitary,90.0,Pre_pubertal_60_149d,Female
SAMN10397253,Brain,Pituitary,90.0,Pre_pubertal_60_149d,Female
SAMN10397254,Brain,Pituitary,90.0,Pre_pubertal_60_149d,Female
SAMN10397255,Brain,Pituitary,90.0,Pre_pubertal_60_149d,Female
SAMN10397260,Brain,Pituitary,90.0,Pre_pubertal_60_149d,Female
SAMN10397263,Brain,Pituitary,90.0,Pre_pubertal_60_149d,Female
SAMN10397264,Brain,Pituitary,90.0,Pre_pubertal_60_149d,Female
SAMN10397265,Brain,Pituitary,90.0,Pre_pubertal_60_149d,Female
SAMN10397266,Brain,Pituitary,90.0,Pre_pubertal_60_149d,Female
SAMN10397267,Brain,Pituitary,90.0,Pre_pubertal_60_149d,Female
SAMN10397268,Brain,Pituitary,90.0,Pre_pubertal_60_149d,Female
SAMN10397270,Brain,Pituitary,90.0,Pre_pubertal_60_149d,Female
SAMN10397271,Brain,Pituitary,90.0,Pre_pubertal_60_149d,Female
SAMN10397272,Brain,Pituitary,90.0,Pre_pubertal_60_149d,Female
SAMN10397273,Brain,Pituitary,90.0,Pre_pubertal_60_149d,Female
SAMN10397314,Adipose,Adipose,540.0,Adult_>365d,Female
SAMN10397315,Adipose,Adipose,510.0,Adult_>365d,Female
SAMN10397316,Adipose,Adipose,480.0,Adult_>365d,Female
SAMN10397317,Adipose,Adipose,450.0,Adult_>365d,Female
SAMN10397318,Adipose,Adipose,420.0,Adult_>365d,Female
SAMN10397319,Adipose,Adipose,390.0,Adult_>365d,Female
SAMN10397320,Adipose,Adipose,360.0,Post_pubertal_150_365d,Female
SAMN10397321,Unknown,Unknown,330.0,Post_pubertal_150_365d,Female
SAMN10397322,Adipose,Adipose,300.0,Post_pubertal_150_365d,Female
SAMN10397323,Adipose,Adipose,270.0,Post_pubertal_150_365d,Female
SAMN10397324,Adipose,Adipose,240.0,Post_pubertal_150_365d,Female
SAMN10397325,Adipose,Adipose,210.0,Post_pubertal_150_365d,Female
SAMN10397326,Adipose,Adipose,180.0,Post_pubertal_150_365d,Female
SAMN10397327,Adipose,Adipose,150.0,Post_pubertal_150_365d,Female
SAMN10397328,Adipose,Adipose,120.0,Pre_pubertal_60_149d,Female
SAMN10397329,Adipose,Adipose,90.0,Pre_pubertal_60_149d,Female
SAMN10422403,Other,Other,0.0,Infant_0_20d,Unknown
SAMN10422404,Other,Other,0.0,Infant_0_20d,Unknown
SAMN10422405,Other,Other,0.0,Infant_0_20d,Unknown
SAMN10422406,Other,Other,0.0,Infant_0_20d,Unknown
SAMN10422407,Other,Other,0.0,Infant_0_20d,Unknown
SAMN10422409,Other,Other,0.0,Infant_0_20d,Unknown
SAMN10422410,Other,Other,0.0,Infant_0_20d,Unknown
SAMN10422412,Other,Other,0.0,Infant_0_20d,Unknown
SAMN10422413,Other,Other,0.0,Infant_0_20d,Unknown
SAMN10433029,Ovary,Ovary,,Adult_>365d,Female
SAMN10433030,Ovary,Ovary,,Adult_>365d,Female
SAMN10433031,Ovary,Ovary,,Adult_>365d,Female
SAMN10433032,Ovary,Ovary,,Adult_>365d,Female
SAMN10433033,Ovary,Ovary,,Adult_>365d,Female
SAMN10433034,Ovary,Ovary,,Adult_>365d,Female
SAMN10456580,Small intestine,Ileum,,Adult_>365d,Unknown
SAMN10456595,Small intestine,Ileum,,Adult_>365d,Unknown
SAMN10456596,Small intestine,Ileum,,Adult_>365d,Unknown
SAMN10456597,Small intestine,Ileum,,Adult_>365d,Unknown
SAMN10456598,Small intestine,Ileum,,Adult_>365d,Unknown
SAMN10456599,Small intestine,Ileum,,Adult_>365d,Unknown
SAMN10456600,Small intestine,Ileum,,Adult_>365d,Unknown
SAMN10456601,Small intestine,Ileum,,Adult_>365d,Unknown
SAMN10456602,Small intestine,Ileum,,Adult_>365d,Unknown
SAMN10456603,Small intestine,Ileum,,Adult_>365d,Unknown
SAMN10456604,Small intestine,Ileum,,Adult_>365d,Unknown
SAMN10456605,Small intestine,Ileum,,Adult_>365d,Unknown
SAMN10456606,Small intestine,Ileum,,Adult_>365d,Unknown
SAMN10456607,Small intestine,Ileum,,Adult_>365d,Unknown
SAMN10456608,Small intestine,Ileum,,Adult_>365d,Unknown
SAMN10456609,Small intestine,Ileum,,Adult_>365d,Unknown
SAMN10456635,Small intestine,Ileum,,Adult_>365d,Unknown
SAMN10456636,Small intestine,Ileum,,Adult_>365d,Unknown
SAMN10456637,Small intestine,Ileum,,Adult_>365d,Unknown
SAMN10456638,Small intestine,Ileum,,Adult_>365d,Unknown
SAMN10456639,Small intestine,Ileum,,Adult_>365d,Unknown
SAMN10456640,Small intestine,Ileum,,Adult_>365d,Unknown
SAMN10456682,Small intestine,Ileum,,Adult_>365d,Unknown
SAMN10456683,Small intestine,Ileum,,Adult_>365d,Unknown
SAMN10456684,Small intestine,Ileum,,Adult_>365d,Unknown
SAMN10456685,Small intestine,Ileum,,Adult_>365d,Unknown
SAMN10456686,Small intestine,Ileum,,Adult_>365d,Unknown
SAMN10456687,Small intestine,Ileum,,Adult_>365d,Unknown
SAMN10456688,Small intestine,Ileum,,Adult_>365d,Unknown
SAMN10456689,Small intestine,Ileum,,Adult_>365d,Unknown
SAMN10456690,Small intestine,Ileum,,Adult_>365d,Unknown
SAMN10456691,Small intestine,Ileum,,Adult_>365d,Unknown
SAMN10456698,Small intestine,Ileum,,Adult_>365d,Unknown
SAMN10456699,Small intestine,Ileum,,Adult_>365d,Unknown
SAMN10456700,Small intestine,Ileum,,Adult_>365d,Unknown
SAMN10458212,Muscle,Muscle,30.0,Early childhood_21_59d,Male
SAMN10458213,Muscle,Muscle,30.0,Early childhood_21_59d,Male
SAMN10458214,Muscle,Muscle,30.0,Early childhood_21_59d,Male
SAMN10458215,Muscle,Muscle,30.0,Early childhood_21_59d,Female
SAMN10458216,Muscle,Muscle,30.0,Early childhood_21_59d,Female
SAMN10458217,Muscle,Muscle,30.0,Early childhood_21_59d,Male
SAMN10458218,Muscle,Muscle,30.0,Early childhood_21_59d,Male
SAMN10458219,Muscle,Muscle,30.0,Early childhood_21_59d,Female
SAMN10458220,Muscle,Muscle,30.0,Early childhood_21_59d,Female
SAMN10458221,Muscle,Muscle,30.0,Early childhood_21_59d,Male
SAMN10458222,Muscle,Muscle,30.0,Early childhood_21_59d,Female
SAMN10458223,Muscle,Muscle,30.0,Early childhood_21_59d,Male
SAMN10462191,Testis,Testis,158.0,Post_pubertal_150_365d,Male
SAMN10462192,Unknown,Unknown,182.0,Post_pubertal_150_365d,Male
SAMN10462193,Testis,Testis,161.0,Post_pubertal_150_365d,Male
SAMN10462194,Testis,Testis,159.0,Post_pubertal_150_365d,Male
SAMN10462195,Testis,Testis,152.0,Post_pubertal_150_365d,Male
SAMN10462196,Testis,Testis,152.0,Post_pubertal_150_365d,Male
SAMN10462197,Testis,Testis,154.0,Post_pubertal_150_365d,Male
SAMN10475341,Liver,Liver,42.0,Early childhood_21_59d,Male
SAMN10475342,Liver,Liver,56.0,Early childhood_21_59d,Male
SAMN10475343,Liver,Liver,42.0,Early childhood_21_59d,Male
SAMN10475344,Liver,Liver,56.0,Early childhood_21_59d,Male
SAMN10485171,Uterus,Uterus,,Adult_>365d,Female
SAMN10485172,Uterus,Uterus,,Adult_>365d,Female
SAMN10485173,Uterus,Uterus,,Adult_>365d,Female
SAMN10485174,Uterus,Uterus,,Adult_>365d,Female
SAMN10485175,Uterus,Uterus,,Adult_>365d,Female
SAMN10485176,Uterus,Uterus,,Adult_>365d,Female
SAMN10517137,Unknown,Unknown,,Adult_>365d,Unknown
SAMN10517138,Unknown,Unknown,,Adult_>365d,Unknown
SAMN10517139,Unknown,Unknown,,Adult_>365d,Unknown
SAMN10517140,Unknown,Unknown,,Adult_>365d,Unknown
SAMN10517141,Unknown,Unknown,,Adult_>365d,Unknown
SAMN10517142,Unknown,Unknown,,Adult_>365d,Unknown
SAMN10517143,Unknown,Unknown,,Adult_>365d,Unknown
SAMN10517144,Unknown,Unknown,,Adult_>365d,Unknown
SAMN10517145,Unknown,Unknown,,Adult_>365d,Unknown
SAMN10517146,Unknown,Unknown,,Adult_>365d,Unknown
SAMN10517147,Unknown,Unknown,,Adult_>365d,Unknown
SAMN10517148,Unknown,Unknown,,Adult_>365d,Unknown
SAMN10517149,Unknown,Unknown,,Adult_>365d,Unknown
SAMN10517150,Unknown,Unknown,,Adult_>365d,Unknown
SAMN10517151,Unknown,Unknown,,Adult_>365d,Unknown
SAMN10517152,Unknown,Unknown,,Adult_>365d,Unknown
SAMN10517153,Unknown,Unknown,,Adult_>365d,Unknown
SAMN10517154,Unknown,Unknown,,Adult_>365d,Unknown
SAMN10517155,Unknown,Unknown,,Adult_>365d,Unknown
SAMN10517156,Unknown,Unknown,,Adult_>365d,Unknown
SAMN10517157,Unknown,Unknown,,Adult_>365d,Unknown
SAMN10517158,Unknown,Unknown,,Adult_>365d,Unknown
SAMN10517159,Unknown,Unknown,,Adult_>365d,Unknown
SAMN10517160,Unknown,Unknown,,Adult_>365d,Unknown
SAMN10517161,Unknown,Unknown,,Adult_>365d,Unknown
SAMN10517162,Unknown,Unknown,,Adult_>365d,Unknown
SAMN10517163,Unknown,Unknown,,Adult_>365d,Unknown
SAMN10517164,Unknown,Unknown,,Adult_>365d,Unknown
SAMN10517165,Unknown,Unknown,,Adult_>365d,Unknown
SAMN10517166,Unknown,Unknown,,Adult_>365d,Unknown
SAMN10517167,Unknown,Unknown,,Adult_>365d,Unknown
SAMN10517168,Unknown,Unknown,,Adult_>365d,Unknown
SAMN10524919,Brain,Brain,30.0,Early childhood_21_59d,Female
SAMN10524920,Brain,Brain,30.0,Early childhood_21_59d,Female
SAMN10524921,Brain,Brain,30.0,Early childhood_21_59d,Female
SAMN10524922,Brain,Brain,180.0,Post_pubertal_150_365d,Female
SAMN10524923,Brain,Brain,180.0,Post_pubertal_150_365d,Female
SAMN10524924,Brain,Brain,180.0,Post_pubertal_150_365d,Female
SAMN10524925,Brain,Brain,300.0,Post_pubertal_150_365d,Female
SAMN10524926,Brain,Brain,300.0,Post_pubertal_150_365d,Female
SAMN10524927,Brain,Brain,300.0,Post_pubertal_150_365d,Female
SAMN10576355,Liver,Liver,180.0,Post_pubertal_150_365d,Unknown
SAMN10576360,Liver,Liver,2920.0,Adult_>365d,Unknown
SAMN10576361,Liver,Liver,2920.0,Adult_>365d,Unknown
SAMN10576362,Liver,Liver,180.0,Post_pubertal_150_365d,Unknown
SAMN10587641,Other,Other,7.0,Infant_0_20d,Male
SAMN10593691,Other,Other,60.0,Pre_pubertal_60_149d,Unknown
SAMN10593692,Ovary,Ovary,60.0,Pre_pubertal_60_149d,Unknown
SAMN10593693,Adipose,Adipose,60.0,Pre_pubertal_60_149d,Unknown
SAMN10593694,Muscle,Muscle,60.0,Pre_pubertal_60_149d,Unknown
SAMN10593695,Muscle,Muscle,60.0,Pre_pubertal_60_149d,Unknown
SAMN10593696,Kidney,Kidney,60.0,Pre_pubertal_60_149d,Unknown
SAMN10593697,Lung,Lung,60.0,Pre_pubertal_60_149d,Unknown
SAMN10593698,Spleen,Spleen,60.0,Pre_pubertal_60_149d,Unknown
SAMN10593699,Liver,Liver,60.0,Pre_pubertal_60_149d,Unknown
SAMN10593700,Heart,Heart,60.0,Pre_pubertal_60_149d,Unknown
SAMN10601921,Blood,Blood,730.0,Adult_>365d,Unknown
SAMN10601922,Blood,Blood,730.0,Adult_>365d,Unknown
SAMN10601923,Blood,Blood,180.0,Post_pubertal_150_365d,Unknown
SAMN10601925,Blood,Blood,180.0,Post_pubertal_150_365d,Unknown
SAMN10601927,Blood,Blood,28.0,Early childhood_21_59d,Unknown
SAMN10601928,Blood,Blood,28.0,Early childhood_21_59d,Unknown
SAMN10601929,Unknown,Unknown,7.0,Infant_0_20d,Unknown
SAMN10601931,Unknown,Unknown,7.0,Infant_0_20d,Unknown
SAMN10601933,Blood,Blood,0.0,Infant_0_20d,Unknown
SAMN10601934,Blood,Blood,0.0,Infant_0_20d,Unknown
SAMN10614782,Oocyte,Oocyte,,Adult_>365d,Unknown
SAMN10614783,Oocyte,Oocyte,,Adult_>365d,Unknown
SAMN10614784,Oocyte,Oocyte,,Adult_>365d,Unknown
SAMN10614785,Oocyte,Oocyte,,Adult_>365d,Unknown
SAMN10614786,Oocyte,Oocyte,,Adult_>365d,Unknown
SAMN10614787,Oocyte,Oocyte,,Adult_>365d,Unknown
SAMN10614788,Oocyte,Oocyte,,Adult_>365d,Unknown
SAMN10614809,Oocyte,Oocyte,,Adult_>365d,Unknown
SAMN10614810,Oocyte,Oocyte,,Adult_>365d,Unknown
SAMN10614811,Oocyte,Oocyte,,Adult_>365d,Unknown
SAMN10614812,Oocyte,Oocyte,,Adult_>365d,Unknown
SAMN10614813,Oocyte,Oocyte,,Adult_>365d,Unknown
SAMN10640445,Muscle,Muscle,,Adult_>365d,Unknown
SAMN10640446,Muscle,Muscle,,Adult_>365d,Unknown
SAMN10640447,Muscle,Muscle,,Adult_>365d,Unknown
SAMN10640448,Muscle,Muscle,,Adult_>365d,Unknown
SAMN10640449,Muscle,Muscle,,Adult_>365d,Unknown
SAMN10640450,Muscle,Muscle,,Adult_>365d,Unknown
SAMN10640451,Muscle,Muscle,,Adult_>365d,Unknown
SAMN10640452,Muscle,Muscle,,Adult_>365d,Unknown
SAMN10640453,Muscle,Muscle,,Adult_>365d,Unknown
SAMN10640454,Muscle,Muscle,,Adult_>365d,Unknown
SAMN10640455,Muscle,Muscle,,Adult_>365d,Unknown
SAMN10640456,Muscle,Muscle,,Adult_>365d,Unknown
SAMN10640457,Muscle,Muscle,,Adult_>365d,Unknown
SAMN10640458,Muscle,Muscle,,Adult_>365d,Unknown
SAMN10640459,Muscle,Muscle,,Adult_>365d,Unknown
SAMN10640460,Muscle,Muscle,,Adult_>365d,Unknown
SAMN10640461,Muscle,Muscle,,Adult_>365d,Unknown
SAMN10640462,Muscle,Muscle,,Adult_>365d,Unknown
SAMN10640463,Muscle,Muscle,,Adult_>365d,Unknown
SAMN10640464,Muscle,Muscle,,Adult_>365d,Unknown
SAMN10640465,Muscle,Muscle,,Adult_>365d,Unknown
SAMN10640466,Muscle,Muscle,,Adult_>365d,Unknown
SAMN10640467,Muscle,Muscle,,Adult_>365d,Unknown
SAMN10640468,Muscle,Muscle,,Adult_>365d,Unknown
SAMN10640469,Muscle,Muscle,,Adult_>365d,Unknown
SAMN10640470,Muscle,Muscle,,Adult_>365d,Unknown
SAMN10640471,Muscle,Muscle,,Adult_>365d,Unknown
SAMN10640472,Muscle,Muscle,,Adult_>365d,Unknown
SAMN10640473,Muscle,Muscle,,Adult_>365d,Unknown
SAMN10640474,Muscle,Muscle,,Adult_>365d,Unknown
SAMN10640475,Muscle,Muscle,,Adult_>365d,Unknown
SAMN10640476,Muscle,Muscle,,Adult_>365d,Unknown
SAMN10640477,Muscle,Muscle,,Adult_>365d,Unknown
SAMN10640478,Muscle,Muscle,,Adult_>365d,Unknown
SAMN10640479,Muscle,Muscle,,Adult_>365d,Unknown
SAMN10640480,Muscle,Muscle,,Adult_>365d,Unknown
SAMN10640481,Muscle,Muscle,,Adult_>365d,Unknown
SAMN10640482,Muscle,Muscle,,Adult_>365d,Unknown
SAMN10640483,Muscle,Muscle,,Adult_>365d,Unknown
SAMN10640484,Muscle,Muscle,,Adult_>365d,Unknown
SAMN10640485,Muscle,Muscle,,Adult_>365d,Unknown
SAMN10640486,Muscle,Muscle,,Adult_>365d,Unknown
SAMN10640487,Muscle,Muscle,,Adult_>365d,Unknown
SAMN10640488,Muscle,Muscle,,Adult_>365d,Unknown
SAMN10640489,Muscle,Muscle,,Adult_>365d,Unknown
SAMN10640490,Muscle,Muscle,,Adult_>365d,Unknown
SAMN10640491,Muscle,Muscle,,Adult_>365d,Unknown
SAMN10640492,Muscle,Muscle,,Adult_>365d,Unknown
SAMN10640501,Muscle,Muscle,,Adult_>365d,Unknown
SAMN10640502,Muscle,Muscle,,Adult_>365d,Unknown
SAMN10640503,Muscle,Muscle,,Adult_>365d,Unknown
SAMN10640504,Muscle,Muscle,,Adult_>365d,Unknown
SAMN10640505,Muscle,Muscle,,Adult_>365d,Unknown
SAMN10640506,Muscle,Muscle,,Adult_>365d,Unknown
SAMN10640507,Muscle,Muscle,,Adult_>365d,Unknown
SAMN10640508,Muscle,Muscle,,Adult_>365d,Unknown
SAMN10640509,Muscle,Muscle,,Adult_>365d,Unknown
SAMN10640510,Muscle,Muscle,,Adult_>365d,Unknown
SAMN10640511,Muscle,Muscle,,Adult_>365d,Unknown
SAMN10640512,Muscle,Muscle,,Adult_>365d,Unknown
SAMN10640513,Muscle,Muscle,,Adult_>365d,Unknown
SAMN10640514,Muscle,Muscle,,Adult_>365d,Unknown
SAMN10640515,Muscle,Muscle,,Adult_>365d,Unknown
SAMN10640516,Muscle,Muscle,,Adult_>365d,Unknown
SAMN10640517,Muscle,Muscle,,Adult_>365d,Unknown
SAMN10640518,Muscle,Muscle,,Adult_>365d,Unknown
SAMN10640519,Muscle,Muscle,,Adult_>365d,Unknown
SAMN10640520,Muscle,Muscle,,Adult_>365d,Unknown
SAMN10640521,Muscle,Muscle,,Adult_>365d,Unknown
SAMN10640522,Muscle,Muscle,,Adult_>365d,Unknown
SAMN10640523,Muscle,Muscle,,Adult_>365d,Unknown
SAMN10640524,Muscle,Muscle,,Adult_>365d,Unknown
SAMN10640525,Muscle,Muscle,,Adult_>365d,Unknown
SAMN10640526,Muscle,Muscle,,Adult_>365d,Unknown
SAMN10640527,Muscle,Muscle,,Adult_>365d,Unknown
SAMN10640528,Muscle,Muscle,,Adult_>365d,Unknown
SAMN10640529,Muscle,Muscle,,Adult_>365d,Unknown
SAMN10640530,Muscle,Muscle,,Adult_>365d,Unknown
SAMN10640531,Muscle,Muscle,,Adult_>365d,Unknown
SAMN10640532,Muscle,Muscle,,Adult_>365d,Unknown
SAMN10640533,Muscle,Muscle,,Adult_>365d,Unknown
SAMN10640534,Muscle,Muscle,,Adult_>365d,Unknown
SAMN10640535,Muscle,Muscle,,Adult_>365d,Unknown
SAMN10640536,Muscle,Muscle,,Adult_>365d,Unknown
SAMN10640537,Muscle,Muscle,,Adult_>365d,Unknown
SAMN10640538,Muscle,Muscle,,Adult_>365d,Unknown
SAMN10640539,Muscle,Muscle,,Adult_>365d,Unknown
SAMN10640540,Muscle,Muscle,,Adult_>365d,Unknown
SAMN10640541,Muscle,Muscle,,Adult_>365d,Unknown
SAMN10640542,Muscle,Muscle,,Adult_>365d,Unknown
SAMN10640543,Muscle,Muscle,,Adult_>365d,Unknown
SAMN10640544,Muscle,Muscle,,Adult_>365d,Unknown
SAMN10640545,Muscle,Muscle,,Adult_>365d,Unknown
SAMN10640546,Muscle,Muscle,,Adult_>365d,Unknown
SAMN10640547,Muscle,Muscle,,Adult_>365d,Unknown
SAMN10640548,Muscle,Muscle,,Adult_>365d,Unknown
SAMN10640549,Muscle,Muscle,,Adult_>365d,Unknown
SAMN10640550,Muscle,Muscle,,Adult_>365d,Unknown
SAMN10640551,Muscle,Muscle,,Adult_>365d,Unknown
SAMN10640552,Muscle,Muscle,,Adult_>365d,Unknown
SAMN10640553,Muscle,Muscle,,Adult_>365d,Unknown
SAMN10640554,Muscle,Muscle,,Adult_>365d,Unknown
SAMN10640555,Muscle,Muscle,,Adult_>365d,Unknown
SAMN10640556,Muscle,Muscle,,Adult_>365d,Unknown
SAMN10640557,Muscle,Muscle,,Adult_>365d,Unknown
SAMN10640558,Muscle,Muscle,,Adult_>365d,Unknown
SAMN10640559,Muscle,Muscle,,Adult_>365d,Unknown
SAMN10640560,Muscle,Muscle,,Adult_>365d,Unknown
SAMN10640561,Muscle,Muscle,,Adult_>365d,Unknown
SAMN10640562,Muscle,Muscle,,Adult_>365d,Unknown
SAMN10640563,Muscle,Muscle,,Adult_>365d,Unknown
SAMN10640564,Muscle,Muscle,,Adult_>365d,Unknown
SAMN10640565,Muscle,Muscle,,Adult_>365d,Unknown
SAMN10640566,Muscle,Muscle,,Adult_>365d,Unknown
SAMN10640567,Muscle,Muscle,,Adult_>365d,Unknown
SAMN10640568,Muscle,Muscle,,Adult_>365d,Unknown
SAMN10640569,Muscle,Muscle,,Adult_>365d,Unknown
SAMN10640570,Muscle,Muscle,,Adult_>365d,Unknown
SAMN10640571,Muscle,Muscle,,Adult_>365d,Unknown
SAMN10640572,Muscle,Muscle,,Adult_>365d,Unknown
SAMN10640573,Muscle,Muscle,,Adult_>365d,Unknown
SAMN10640574,Muscle,Muscle,,Adult_>365d,Unknown
SAMN10640575,Muscle,Muscle,,Adult_>365d,Unknown
SAMN10640576,Muscle,Muscle,,Adult_>365d,Unknown
SAMN10640577,Muscle,Muscle,,Adult_>365d,Unknown
SAMN10640578,Muscle,Muscle,,Adult_>365d,Unknown
SAMN10640579,Muscle,Muscle,,Adult_>365d,Unknown
SAMN10640580,Muscle,Muscle,,Adult_>365d,Unknown
SAMN10640581,Muscle,Muscle,,Adult_>365d,Unknown
SAMN10640582,Muscle,Muscle,,Adult_>365d,Unknown
SAMN10640583,Muscle,Muscle,,Adult_>365d,Unknown
SAMN10640584,Muscle,Muscle,,Adult_>365d,Unknown
SAMN10640585,Muscle,Muscle,,Adult_>365d,Unknown
SAMN10640586,Muscle,Muscle,,Adult_>365d,Unknown
SAMN10640587,Muscle,Muscle,,Adult_>365d,Unknown
SAMN10640588,Muscle,Muscle,,Adult_>365d,Unknown
SAMN10640589,Muscle,Muscle,,Adult_>365d,Unknown
SAMN10640590,Muscle,Muscle,,Adult_>365d,Unknown
SAMN10640591,Muscle,Muscle,,Adult_>365d,Unknown
SAMN10640592,Muscle,Muscle,,Adult_>365d,Unknown
SAMN10640593,Muscle,Muscle,,Adult_>365d,Unknown
SAMN10640594,Muscle,Muscle,,Adult_>365d,Unknown
SAMN10640595,Muscle,Muscle,,Adult_>365d,Unknown
SAMN10640596,Muscle,Muscle,,Adult_>365d,Unknown
SAMN10640597,Muscle,Muscle,,Adult_>365d,Unknown
SAMN10640598,Muscle,Muscle,,Adult_>365d,Unknown
SAMN10640599,Muscle,Muscle,,Adult_>365d,Unknown
SAMN10640600,Muscle,Muscle,,Adult_>365d,Unknown
SAMN10640601,Muscle,Muscle,,Adult_>365d,Unknown
SAMN10640602,Muscle,Muscle,,Adult_>365d,Unknown
SAMN10640603,Muscle,Muscle,,Adult_>365d,Unknown
SAMN10640604,Muscle,Muscle,,Adult_>365d,Unknown
SAMN10640605,Muscle,Muscle,,Adult_>365d,Unknown
SAMN10640606,Muscle,Muscle,,Adult_>365d,Unknown
SAMN10640607,Muscle,Muscle,,Adult_>365d,Unknown
SAMN10640608,Muscle,Muscle,,Adult_>365d,Unknown
SAMN10640609,Muscle,Muscle,,Adult_>365d,Unknown
SAMN10640610,Muscle,Muscle,,Adult_>365d,Unknown
SAMN10640611,Muscle,Muscle,,Adult_>365d,Unknown
SAMN10640612,Muscle,Muscle,,Adult_>365d,Unknown
SAMN10640613,Muscle,Muscle,,Adult_>365d,Unknown
SAMN10640614,Muscle,Muscle,,Adult_>365d,Unknown
SAMN10640615,Muscle,Muscle,,Adult_>365d,Unknown
SAMN10640616,Muscle,Muscle,,Adult_>365d,Unknown
SAMN10640617,Muscle,Muscle,,Adult_>365d,Unknown
SAMN10640618,Muscle,Muscle,,Adult_>365d,Unknown
SAMN10640619,Muscle,Muscle,,Adult_>365d,Unknown
SAMN10640620,Muscle,Muscle,,Adult_>365d,Unknown
SAMN10640621,Muscle,Muscle,,Adult_>365d,Unknown
SAMN10640622,Muscle,Muscle,,Adult_>365d,Unknown
SAMN10640623,Muscle,Muscle,,Adult_>365d,Unknown
SAMN10640624,Muscle,Muscle,,Adult_>365d,Unknown
SAMN10640625,Muscle,Muscle,,Adult_>365d,Unknown
SAMN10640626,Muscle,Muscle,,Adult_>365d,Unknown
SAMN10640627,Muscle,Muscle,,Adult_>365d,Unknown
SAMN10640628,Muscle,Muscle,,Adult_>365d,Unknown
SAMN10640630,Muscle,Muscle,,Adult_>365d,Unknown
SAMN10640631,Muscle,Muscle,,Adult_>365d,Unknown
SAMN10640632,Muscle,Muscle,,Adult_>365d,Unknown
SAMN10640633,Muscle,Muscle,,Adult_>365d,Unknown
SAMN10640634,Muscle,Muscle,,Adult_>365d,Unknown
SAMN10640635,Muscle,Muscle,,Adult_>365d,Unknown
SAMN10640636,Muscle,Muscle,,Adult_>365d,Unknown
SAMN10640637,Muscle,Muscle,,Adult_>365d,Unknown
SAMN10640638,Muscle,Muscle,,Adult_>365d,Unknown
SAMN10640639,Muscle,Muscle,,Adult_>365d,Unknown
SAMN10640640,Muscle,Muscle,,Adult_>365d,Unknown
SAMN10640641,Muscle,Muscle,,Adult_>365d,Unknown
SAMN10640642,Muscle,Muscle,,Adult_>365d,Unknown
SAMN10662293,Liver,Liver,70.0,Pre_pubertal_60_149d,Unknown
SAMN10662300,Liver,Liver,70.0,Pre_pubertal_60_149d,Unknown
SAMN10662301,Liver,Liver,70.0,Pre_pubertal_60_149d,Unknown
SAMN10662302,Liver,Liver,70.0,Pre_pubertal_60_149d,Unknown
SAMN10662303,Liver,Liver,70.0,Pre_pubertal_60_149d,Unknown
SAMN10662304,Liver,Liver,70.0,Pre_pubertal_60_149d,Unknown
SAMN10689826,Blood,Blood,,Adult_>365d,Unknown
SAMN10689827,Blood,Blood,,Adult_>365d,Unknown
SAMN10689828,Blood,Blood,,Adult_>365d,Unknown
SAMN10689829,Blood,Blood,,Adult_>365d,Unknown
SAMN10689830,Blood,Blood,,Adult_>365d,Unknown
SAMN10689831,Blood,Blood,,Adult_>365d,Unknown
SAMN10689832,Blood,Blood,,Adult_>365d,Unknown
SAMN10689833,Blood,Blood,,Adult_>365d,Unknown
SAMN10689834,Blood,Blood,,Adult_>365d,Unknown
SAMN10689835,Blood,Blood,,Adult_>365d,Unknown
SAMN10689836,Blood,Blood,,Adult_>365d,Unknown
SAMN10689837,Blood,Blood,,Adult_>365d,Unknown
SAMN10689838,Blood,Blood,,Adult_>365d,Unknown
SAMN10689839,Blood,Blood,,Adult_>365d,Unknown
SAMN10689840,Blood,Blood,,Adult_>365d,Unknown
SAMN10689841,Blood,Blood,,Adult_>365d,Unknown
SAMN10689842,Blood,Blood,,Adult_>365d,Unknown
SAMN10689843,Blood,Blood,,Adult_>365d,Unknown
SAMN10689844,Blood,Blood,,Adult_>365d,Unknown
SAMN10689845,Blood,Blood,,Adult_>365d,Unknown
SAMN10713429,Heart,Heart,,Adult_>365d,Unknown
SAMN10713430,Heart,Heart,,Adult_>365d,Unknown
SAMN10713431,Heart,Heart,,Adult_>365d,Unknown
SAMN10713432,Heart,Heart,,Adult_>365d,Unknown
SAMN10713433,Heart,Heart,,Adult_>365d,Unknown
SAMN10713434,Blood,Blood,,Adult_>365d,Unknown
SAMN10713435,Heart,Heart,,Adult_>365d,Unknown
SAMN10713436,Heart,Heart,,Adult_>365d,Unknown
SAMN10713437,Muscle,Muscle,,Adult_>365d,Unknown
SAMN10713438,Heart,Heart,,Adult_>365d,Unknown
SAMN10713439,Heart,Heart,,Adult_>365d,Unknown
SAMN10713440,Heart,Heart,,Adult_>365d,Unknown
SAMN10713441,Muscle,Muscle,,Adult_>365d,Unknown
SAMN10713442,Muscle,Muscle,,Adult_>365d,Unknown
SAMN10713443,Heart,Heart,,Adult_>365d,Unknown
SAMN10713444,Heart,Heart,,Adult_>365d,Unknown
SAMN10713445,Heart,Heart,,Adult_>365d,Unknown
SAMN10713446,Heart,Heart,,Adult_>365d,Unknown
SAMN10713447,Heart,Heart,,Adult_>365d,Unknown
SAMN10713448,Heart,Heart,,Adult_>365d,Unknown
SAMN10713449,Heart,Heart,,Adult_>365d,Unknown
SAMN10713450,Heart,Heart,,Adult_>365d,Unknown
SAMN10713451,Heart,Heart,,Adult_>365d,Unknown
SAMN10713452,Muscle,Muscle,,Adult_>365d,Unknown
SAMN10713453,Heart,Heart,,Adult_>365d,Unknown
SAMN10713454,Heart,Heart,,Adult_>365d,Unknown
SAMN10713455,Blood,Blood,,Adult_>365d,Unknown
SAMN10713456,Blood,Blood,,Adult_>365d,Unknown
SAMN10713457,Heart,Heart,,Adult_>365d,Unknown
SAMN10713458,Heart,Heart,,Adult_>365d,Unknown
SAMN10713459,Heart,Heart,,Adult_>365d,Unknown
SAMN10713460,Heart,Heart,,Adult_>365d,Unknown
SAMN10713461,Heart,Heart,,Adult_>365d,Unknown
SAMN10713462,Unknown,Unknown,,Adult_>365d,Unknown
SAMN10713463,Blood,Blood,,Adult_>365d,Unknown
SAMN10713464,Heart,Heart,,Adult_>365d,Unknown
SAMN10713465,Heart,Heart,,Adult_>365d,Unknown
SAMN10713466,Heart,Heart,,Adult_>365d,Unknown
SAMN10713467,Heart,Heart,,Adult_>365d,Unknown
SAMN10713468,Heart,Heart,,Adult_>365d,Unknown
SAMN10713469,Blood,Blood,,Adult_>365d,Unknown
SAMN10713470,Heart,Heart,,Adult_>365d,Unknown
SAMN10713471,Heart,Heart,,Adult_>365d,Unknown
SAMN10713472,Heart,Heart,,Adult_>365d,Unknown
SAMN10713473,Unknown,Unknown,,Adult_>365d,Unknown
SAMN10713474,Unknown,Unknown,,Adult_>365d,Unknown
SAMN10713475,Heart,Heart,,Adult_>365d,Unknown
SAMN10713476,Heart,Heart,,Adult_>365d,Unknown
SAMN10713477,Heart,Heart,,Adult_>365d,Unknown
SAMN10713478,Blood,Blood,,Adult_>365d,Unknown
SAMN10713479,Heart,Heart,,Adult_>365d,Unknown
SAMN10713480,Heart,Heart,,Adult_>365d,Unknown
SAMN10713481,Muscle,Muscle,,Adult_>365d,Unknown
SAMN10713482,Muscle,Muscle,,Adult_>365d,Unknown
SAMN10716015,IPEC,IPEC,,Adult_>365d,Unknown
SAMN10716016,IPEC,IPEC,,Adult_>365d,Unknown
SAMN10716017,IPEC,IPEC,,Adult_>365d,Unknown
SAMN10716018,IPEC,IPEC,,Adult_>365d,Unknown
SAMN10716019,IPEC,IPEC,,Adult_>365d,Unknown
SAMN10716020,IPEC,IPEC,,Adult_>365d,Unknown
SAMN10716021,IPEC,IPEC,,Adult_>365d,Unknown
SAMN10716022,IPEC,IPEC,,Adult_>365d,Unknown
SAMN10716023,IPEC,IPEC,,Adult_>365d,Unknown
SAMN10716024,IPEC,IPEC,,Adult_>365d,Unknown
SAMN10716025,IPEC,IPEC,,Adult_>365d,Unknown
SAMN10716026,IPEC,IPEC,,Adult_>365d,Unknown
SAMN10716027,IPEC,IPEC,,Adult_>365d,Unknown
SAMN10716028,IPEC,IPEC,,Adult_>365d,Unknown
SAMN10768515,Muscle,Muscle,2.0,Infant_0_20d,Male
SAMN10768516,Muscle,Muscle,2.0,Infant_0_20d,Male
SAMN10768517,Muscle,Muscle,2.0,Infant_0_20d,Male
SAMN10768518,Muscle,Muscle,2.0,Infant_0_20d,Male
SAMN10768519,Muscle,Muscle,2.0,Infant_0_20d,Male
SAMN10768520,Muscle,Muscle,2.0,Infant_0_20d,Male
SAMN10781278,Cartilage,Cartilage,1.0,Infant_0_20d,Female
SAMN10781279,Cartilage,Cartilage,14.0,Infant_0_20d,Female
SAMN10781280,Cartilage,Cartilage,28.0,Early childhood_21_59d,Female
SAMN10781281,Cartilage,Cartilage,1.0,Infant_0_20d,Female
SAMN10781282,Cartilage,Cartilage,14.0,Infant_0_20d,Female
SAMN10781283,Cartilage,Cartilage,28.0,Early childhood_21_59d,Female
SAMN10781284,Cartilage,Cartilage,1.0,Infant_0_20d,Female
SAMN10781285,Cartilage,Cartilage,14.0,Infant_0_20d,Female
SAMN10781286,Cartilage,Cartilage,28.0,Early childhood_21_59d,Female
SAMN10793397,Skin,Skin,730.0,Adult_>365d,Unknown
SAMN10793402,Skin,Skin,730.0,Adult_>365d,Unknown
SAMN10793403,Skin,Skin,730.0,Adult_>365d,Unknown
SAMN10793404,Skin,Skin,730.0,Adult_>365d,Unknown
SAMN10793405,Skin,Skin,730.0,Adult_>365d,Unknown
SAMN10793406,Skin,Skin,730.0,Adult_>365d,Unknown
SAMN10790771,Muscle,Muscle,65.0,Pre_pubertal_60_149d,Pooled
SAMN10790774,Muscle,Muscle,65.0,Pre_pubertal_60_149d,Pooled
SAMN10790778,Muscle,Muscle,65.0,Pre_pubertal_60_149d,Pooled
SAMN10790818,Muscle,Muscle,65.0,Pre_pubertal_60_149d,Pooled
SAMN10790823,Muscle,Muscle,65.0,Pre_pubertal_60_149d,Pooled
SAMN10790830,Muscle,Muscle,65.0,Pre_pubertal_60_149d,Pooled
SAMN10797385,Muscle,Muscle,65.0,Pre_pubertal_60_149d,Pooled
SAMN10797387,Muscle,Muscle,65.0,Pre_pubertal_60_149d,Pooled
SAMN10826825,Embryo,Embryo,0.0,Infant_0_20d,Unknown
SAMN10826826,Embryo,Embryo,0.0,Infant_0_20d,Unknown
SAMN10826827,Embryo,Embryo,0.0,Infant_0_20d,Unknown
SAMN10826828,Embryo,Embryo,0.0,Infant_0_20d,Unknown
SAMN10826829,Embryo,Embryo,0.0,Infant_0_20d,Unknown
SAMN10826830,Embryo,Embryo,0.0,Infant_0_20d,Unknown
SAMN10826831,Embryo,Embryo,0.0,Infant_0_20d,Unknown
SAMN10826832,Embryo,Embryo,0.0,Infant_0_20d,Unknown
SAMN10826833,Oocyte,Oocyte,0.0,Infant_0_20d,Unknown
SAMN10826834,Embryo,Embryo,0.0,Infant_0_20d,Unknown
SAMN10826835,Embryo,Embryo,0.0,Infant_0_20d,Unknown
SAMN10826836,Embryo,Embryo,0.0,Infant_0_20d,Unknown
SAMN10826837,Embryo,Embryo,0.0,Infant_0_20d,Unknown
SAMN10826838,Embryo,Embryo,0.0,Infant_0_20d,Unknown
SAMN10826839,Embryo,Embryo,0.0,Infant_0_20d,Unknown
SAMN10826840,Embryo,Embryo,0.0,Infant_0_20d,Unknown
SAMN10826841,Oocyte,Oocyte,0.0,Infant_0_20d,Unknown
SAMN10826842,Embryo,Embryo,0.0,Infant_0_20d,Unknown
SAMN10826843,Embryo,Embryo,0.0,Infant_0_20d,Unknown
SAMN10826844,Embryo,Embryo,0.0,Infant_0_20d,Unknown
SAMN10826845,Embryo,Embryo,0.0,Infant_0_20d,Unknown
SAMN10826846,Embryo,Embryo,0.0,Infant_0_20d,Unknown
SAMN10826847,Embryo,Embryo,0.0,Infant_0_20d,Unknown
SAMN10849962,Liver,Liver,1095.0,Adult_>365d,Female
SAMN10849963,Liver,Liver,1095.0,Adult_>365d,Female
SAMN10849964,Liver,Liver,1095.0,Adult_>365d,Female
SAMN10849965,Liver,Liver,1095.0,Adult_>365d,Female
SAMN10849966,Liver,Liver,1095.0,Adult_>365d,Female
SAMN10849967,Liver,Liver,1095.0,Adult_>365d,Female
SAMN10849968,Liver,Liver,1095.0,Adult_>365d,Female
SAMN10849969,Liver,Liver,1095.0,Adult_>365d,Female
SAMN10849970,Liver,Liver,1095.0,Adult_>365d,Female
SAMN10849971,Liver,Liver,1095.0,Adult_>365d,Female
SAMN10849972,Liver,Liver,1095.0,Adult_>365d,Female
SAMN10849973,Liver,Liver,1095.0,Adult_>365d,Female
SAMN10849974,Liver,Liver,1095.0,Adult_>365d,Female
SAMN10849975,Liver,Liver,1095.0,Adult_>365d,Female
SAMN10849976,Liver,Liver,1095.0,Adult_>365d,Female
SAMN10849977,Liver,Liver,1095.0,Adult_>365d,Female
SAMN10849978,Liver,Liver,1095.0,Adult_>365d,Female
SAMN10849979,Liver,Liver,1095.0,Adult_>365d,Female
SAMN10872945,Unknown,Unknown,930.0,Adult_>365d,Male
SAMN10872946,Unknown,Unknown,930.0,Adult_>365d,Male
SAMN10872947,Unknown,Unknown,930.0,Adult_>365d,Male
SAMN10872948,Unknown,Unknown,930.0,Adult_>365d,Male
SAMN10872949,Unknown,Unknown,930.0,Adult_>365d,Male
SAMN10872950,Unknown,Unknown,930.0,Adult_>365d,Male
SAMN10872951,Unknown,Unknown,930.0,Adult_>365d,Male
SAMN10872952,Unknown,Unknown,930.0,Adult_>365d,Male
SAMN10872953,Unknown,Unknown,930.0,Adult_>365d,Male
SAMN10872954,Unknown,Unknown,930.0,Adult_>365d,Male
SAMN11405539,Unknown,Unknown,330.0,Post_pubertal_150_365d,Male
SAMN11405540,Unknown,Unknown,930.0,Adult_>365d,Male
SAMN11405541,Unknown,Unknown,930.0,Adult_>365d,Male
SAMN11405542,Unknown,Unknown,930.0,Adult_>365d,Male
SAMN11405543,Unknown,Unknown,930.0,Adult_>365d,Male
SAMN11405544,Unknown,Unknown,930.0,Adult_>365d,Male
SAMN11405545,Unknown,Unknown,930.0,Adult_>365d,Male
SAMN11405546,Unknown,Unknown,930.0,Adult_>365d,Male
SAMN11405547,Unknown,Unknown,330.0,Post_pubertal_150_365d,Male
SAMN11405548,Unknown,Unknown,330.0,Post_pubertal_150_365d,Male
SAMN11405549,Unknown,Unknown,330.0,Post_pubertal_150_365d,Male
SAMN11405550,Other,Other,330.0,Post_pubertal_150_365d,Male
SAMN11405551,Unknown,Unknown,330.0,Post_pubertal_150_365d,Male
SAMN11405552,Unknown,Unknown,330.0,Post_pubertal_150_365d,Male
SAMN11405553,Unknown,Unknown,330.0,Post_pubertal_150_365d,Male
SAMN11405554,Unknown,Unknown,330.0,Post_pubertal_150_365d,Male
SAMN11405555,Unknown,Unknown,330.0,Post_pubertal_150_365d,Male
SAMN11405556,Unknown,Unknown,330.0,Post_pubertal_150_365d,Male
SAMN11405557,Unknown,Unknown,330.0,Post_pubertal_150_365d,Male
SAMN11405558,Unknown,Unknown,330.0,Post_pubertal_150_365d,Male
SAMN11405559,Unknown,Unknown,930.0,Adult_>365d,Male
SAMN11405560,Unknown,Unknown,930.0,Adult_>365d,Male
SAMN11405561,Unknown,Unknown,930.0,Adult_>365d,Male
SAMN11405562,Unknown,Unknown,930.0,Adult_>365d,Male
SAMN11405563,Unknown,Unknown,930.0,Adult_>365d,Male
SAMN11405564,Unknown,Unknown,930.0,Adult_>365d,Male
SAMN11405565,Unknown,Unknown,930.0,Adult_>365d,Male
SAMN11405566,Unknown,Unknown,930.0,Adult_>365d,Male
SAMN11405567,Unknown,Unknown,930.0,Adult_>365d,Male
SAMN11405568,Unknown,Unknown,930.0,Adult_>365d,Male
SAMN10880547,iPS,iPS,,Adult_>365d,Unknown
SAMN10880548,iPS,iPS,,Adult_>365d,Unknown
SAMN10880549,iPS,iPS,,Adult_>365d,Unknown
SAMN10880550,iPS,iPS,,Adult_>365d,Unknown
SAMN10880551,iPS,iPS,,Adult_>365d,Unknown
SAMN10880552,iPS,iPS,,Adult_>365d,Unknown
SAMN10880553,Unknown,Unknown,,Adult_>365d,Unknown
SAMN10880554,Other,Other,,Adult_>365d,Unknown
SAMN10880555,Other,Other,,Adult_>365d,Unknown
SAMN10880556,Other,Other,,Adult_>365d,Unknown
SAMN10880557,Other,Other,,Adult_>365d,Unknown
SAMN10880558,Embryo,Embryo,,Adult_>365d,Unknown
SAMN10880559,Other,Other,,Adult_>365d,Unknown
SAMN10880560,Embryo,Embryo,,Adult_>365d,Unknown
SAMN10924262,Blood,Macrophage,,Adult_>365d,Unknown
SAMN10924263,Blood,Macrophage,,Adult_>365d,Unknown
SAMN10924264,Blood,Macrophage,,Adult_>365d,Unknown
SAMN10924265,Blood,Macrophage,,Adult_>365d,Unknown
SAMN10924266,Blood,Macrophage,,Adult_>365d,Unknown
SAMN10924267,Blood,Macrophage,,Adult_>365d,Unknown
SAMN10924268,Blood,Macrophage,,Adult_>365d,Unknown
SAMN10924269,Blood,Macrophage,,Adult_>365d,Unknown
SAMN10924270,Blood,Macrophage,,Adult_>365d,Unknown
SAMN10924271,Blood,Macrophage,,Adult_>365d,Unknown
SAMN10924272,Blood,Macrophage,,Adult_>365d,Unknown
SAMN10924273,Blood,Macrophage,,Adult_>365d,Unknown
SAMN10979374,Fibroblast,Fibroblast,26.0,Early childhood_21_59d,Female
SAMN10979375,Fibroblast,Fibroblast,26.0,Early childhood_21_59d,Female
SAMN10979376,Fibroblast,Fibroblast,26.0,Early childhood_21_59d,Female
SAMN10979377,Fibroblast,Fibroblast,26.0,Early childhood_21_59d,Female
SAMN10979378,Fibroblast,Fibroblast,26.0,Early childhood_21_59d,Female
SAMN10979379,Fibroblast,Fibroblast,26.0,Early childhood_21_59d,Female
SAMN10979380,Fibroblast,Fibroblast,26.0,Early childhood_21_59d,Female
SAMN10979381,Fibroblast,Fibroblast,26.0,Early childhood_21_59d,Female
SAMN10980007,Muscle,Muscle,,Adult_>365d,Male
SAMN10980008,Muscle,Muscle,,Adult_>365d,Male
SAMN10980009,Muscle,Muscle,,Adult_>365d,Male
SAMN10980010,Muscle,Muscle,,Adult_>365d,Male
SAMN10980011,Muscle,Muscle,,Adult_>365d,Male
SAMN10980012,Muscle,Muscle,,Adult_>365d,Male
SAMN10980013,Muscle,Muscle,,Adult_>365d,Male
SAMN10980014,Muscle,Muscle,,Adult_>365d,Male
SAMN10980015,Muscle,Muscle,,Adult_>365d,Male
SAMN10980016,Muscle,Muscle,,Adult_>365d,Male
SAMN10980017,Muscle,Muscle,,Adult_>365d,Male
SAMN10980018,Muscle,Muscle,,Adult_>365d,Male
SAMN11018809,Liver,Liver,,Adult_>365d,Male
SAMN11018810,Liver,Liver,,Adult_>365d,Male
SAMN11018811,Liver,Liver,,Adult_>365d,Male
SAMN11018812,Liver,Liver,,Adult_>365d,Male
SAMN11018813,Liver,Liver,,Adult_>365d,Male
SAMN11018814,Liver,Liver,,Adult_>365d,Male
SAMN11031966,Large intestine,Colon,35.0,Early childhood_21_59d,Unknown
SAMN11031967,Large intestine,Colon,35.0,Early childhood_21_59d,Unknown
SAMN11031968,Large intestine,Colon,35.0,Early childhood_21_59d,Unknown
SAMN11031969,Large intestine,Colon,35.0,Early childhood_21_59d,Unknown
SAMN11031970,Large intestine,Colon,35.0,Early childhood_21_59d,Unknown
SAMN11031971,Large intestine,Colon,35.0,Early childhood_21_59d,Unknown
SAMN11031972,Large intestine,Colon,35.0,Early childhood_21_59d,Unknown
SAMN11031973,Large intestine,Colon,35.0,Early childhood_21_59d,Unknown
SAMN11031974,Large intestine,Colon,35.0,Early childhood_21_59d,Unknown
SAMN11031975,Large intestine,Colon,35.0,Early childhood_21_59d,Unknown
SAMN11031976,Large intestine,Colon,35.0,Early childhood_21_59d,Unknown
SAMN11031977,Large intestine,Colon,35.0,Early childhood_21_59d,Unknown
SAMN11031978,Large intestine,Colon,35.0,Early childhood_21_59d,Unknown
SAMN11031979,Large intestine,Colon,35.0,Early childhood_21_59d,Unknown
SAMN11031980,Large intestine,Colon,35.0,Early childhood_21_59d,Unknown
SAMN11031981,Large intestine,Colon,35.0,Early childhood_21_59d,Unknown
SAMN11039068,Other,Other,1.0,Infant_0_20d,Unknown
SAMN11104082,Embryo,Embryo,,Adult_>365d,Unknown
SAMN11104083,Unknown,Unknown,,Adult_>365d,Unknown
SAMN11104084,Unknown,Unknown,,Adult_>365d,Unknown
SAMN11104085,Other,Other,,Adult_>365d,Unknown
SAMN11104086,Other,Other,,Adult_>365d,Unknown
SAMN11104087,Other,Other,,Adult_>365d,Unknown
SAMN11104088,Embryo,Embryo,,Adult_>365d,Unknown
SAMN11104089,Embryo,Embryo,,Adult_>365d,Unknown
SAMN11104090,Embryo,Embryo,,Adult_>365d,Unknown
SAMN11104091,Embryo,Embryo,,Adult_>365d,Unknown
SAMN11104092,Embryo,Embryo,,Adult_>365d,Unknown
SAMN11104093,Embryo,Embryo,,Adult_>365d,Unknown
SAMN11124308,Liver,Liver,105.0,Pre_pubertal_60_149d,Unknown
SAMN11124310,Liver,Liver,105.0,Pre_pubertal_60_149d,Unknown
SAMN11124312,Liver,Liver,105.0,Pre_pubertal_60_149d,Unknown
SAMN11124314,Liver,Liver,105.0,Pre_pubertal_60_149d,Unknown
SAMN11124316,Liver,Liver,105.0,Pre_pubertal_60_149d,Unknown
SAMN11124318,Liver,Liver,105.0,Pre_pubertal_60_149d,Unknown
SAMN11124320,Small intestine,Small intestine,105.0,Pre_pubertal_60_149d,Unknown
SAMN11124322,Small intestine,Small intestine,105.0,Pre_pubertal_60_149d,Unknown
SAMN11124324,Small intestine,Small intestine,105.0,Pre_pubertal_60_149d,Unknown
SAMN11124326,Small intestine,Small intestine,105.0,Pre_pubertal_60_149d,Unknown
SAMN11124328,Small intestine,Small intestine,105.0,Pre_pubertal_60_149d,Unknown
SAMN11124330,Small intestine,Small intestine,105.0,Pre_pubertal_60_149d,Unknown
SAMN11164566,Muscle,Muscle,,Adult_>365d,Male
SAMN11164567,Muscle,Muscle,,Adult_>365d,Male
SAMN11164568,Muscle,Muscle,,Adult_>365d,Male
SAMN11164569,Muscle,Muscle,,Adult_>365d,Female
SAMN11164570,Muscle,Muscle,,Adult_>365d,Male
SAMN11164571,Muscle,Muscle,,Adult_>365d,Female
SAMN11164572,Muscle,Muscle,,Adult_>365d,Female
SAMN11164573,Muscle,Muscle,,Adult_>365d,Female
SAMN11164574,Muscle,Muscle,,Adult_>365d,Female
SAMN11164575,Muscle,Muscle,,Adult_>365d,Female
SAMN11164576,Muscle,Muscle,,Adult_>365d,Male
SAMN11164577,Muscle,Muscle,,Adult_>365d,Female
SAMN11164578,Muscle,Muscle,,Adult_>365d,Female
SAMN11164579,Muscle,Muscle,,Adult_>365d,Male
SAMN11164580,Muscle,Muscle,,Adult_>365d,Male
SAMN11164581,Muscle,Muscle,,Adult_>365d,Female
SAMN11164582,Muscle,Muscle,,Adult_>365d,Male
SAMN11164583,Muscle,Muscle,,Adult_>365d,Male
SAMN11164584,Muscle,Muscle,,Adult_>365d,Male
SAMN11164585,Muscle,Muscle,,Adult_>365d,Female
SAMN11164586,Muscle,Muscle,,Adult_>365d,Female
SAMN11164587,Muscle,Muscle,,Adult_>365d,Female
SAMN11164588,Muscle,Muscle,,Adult_>365d,Male
SAMN11164589,Muscle,Muscle,,Adult_>365d,Female
SAMN11164590,Muscle,Muscle,,Adult_>365d,Female
SAMN11164591,Muscle,Muscle,,Adult_>365d,Male
SAMN11164592,Muscle,Muscle,,Adult_>365d,Female
SAMN11164593,Muscle,Muscle,,Adult_>365d,Female
SAMN11231772,Brain,Hypothalamus,,Adult_>365d,Male
SAMN11231773,Brain,Hypothalamus,,Adult_>365d,Male
SAMN11231774,Brain,Hypothalamus,,Adult_>365d,Female
SAMN11231775,Brain,Hypothalamus,,Adult_>365d,Female
SAMN11231776,Brain,Hypothalamus,,Adult_>365d,Female
SAMN11231777,Brain,Hypothalamus,,Adult_>365d,Female
SAMN11231778,Brain,Hypothalamus,,Adult_>365d,Male
SAMN11231779,Brain,Hypothalamus,,Adult_>365d,Male
SAMN11231780,Brain,Hypothalamus,,Adult_>365d,Male
SAMN11231781,Brain,Hypothalamus,,Adult_>365d,Female
SAMN11231782,Brain,Hypothalamus,,Adult_>365d,Male
SAMN11231783,Brain,Hypothalamus,,Adult_>365d,Male
SAMN11231784,Brain,Hypothalamus,,Adult_>365d,Male
SAMN11231785,Brain,Hypothalamus,,Adult_>365d,Female
SAMN11231786,Brain,Hypothalamus,,Adult_>365d,Female
SAMN11231787,Brain,Hypothalamus,,Adult_>365d,Female
SAMN11231788,Brain,Hypothalamus,,Adult_>365d,Female
SAMN11231789,Brain,Hypothalamus,,Adult_>365d,Female
SAMN11231790,Brain,Hypothalamus,,Adult_>365d,Male
SAMN11231791,Brain,Hypothalamus,,Adult_>365d,Male
SAMN11231792,Brain,Hypothalamus,,Adult_>365d,Male
SAMN11231793,Brain,Hypothalamus,,Adult_>365d,Male
SAMN11231794,Brain,Hypothalamus,,Adult_>365d,Female
SAMN11231795,Brain,Hypothalamus,,Adult_>365d,Female
SAMN11231796,Brain,Hypothalamus,,Adult_>365d,Male
SAMN11231797,Brain,Hypothalamus,,Adult_>365d,Male
SAMN11231798,Brain,Hypothalamus,,Adult_>365d,Female
SAMN11231799,Brain,Hypothalamus,,Adult_>365d,Female
SAMN11231800,Brain,Hypothalamus,,Adult_>365d,Male
SAMN11231801,Brain,Hypothalamus,,Adult_>365d,Male
SAMN11248530,Small intestine,Duodenum,,Adult_>365d,Male
SAMN11248531,Small intestine,Duodenum,,Adult_>365d,Male
SAMN11248532,Small intestine,Duodenum,,Adult_>365d,Female
SAMN11248533,Small intestine,Duodenum,,Adult_>365d,Female
SAMN11248534,Small intestine,Duodenum,,Adult_>365d,Female
SAMN11248535,Small intestine,Duodenum,,Adult_>365d,Female
SAMN11248536,Small intestine,Duodenum,,Adult_>365d,Male
SAMN11248537,Small intestine,Duodenum,,Adult_>365d,Male
SAMN11248538,Small intestine,Duodenum,,Adult_>365d,Male
SAMN11248539,Small intestine,Duodenum,,Adult_>365d,Female
SAMN11248540,Small intestine,Duodenum,,Adult_>365d,Male
SAMN11248541,Small intestine,Duodenum,,Adult_>365d,Male
SAMN11248542,Small intestine,Duodenum,,Adult_>365d,Male
SAMN11248543,Small intestine,Duodenum,,Adult_>365d,Female
SAMN11248544,Small intestine,Duodenum,,Adult_>365d,Female
SAMN11248545,Small intestine,Duodenum,,Adult_>365d,Female
SAMN11248546,Small intestine,Duodenum,,Adult_>365d,Female
SAMN11248547,Small intestine,Duodenum,,Adult_>365d,Female
SAMN11248548,Small intestine,Duodenum,,Adult_>365d,Male
SAMN11248549,Small intestine,Duodenum,,Adult_>365d,Male
SAMN11248550,Small intestine,Duodenum,,Adult_>365d,Male
SAMN11248551,Small intestine,Duodenum,,Adult_>365d,Male
SAMN11248552,Small intestine,Duodenum,,Adult_>365d,Female
SAMN11248553,Small intestine,Duodenum,,Adult_>365d,Female
SAMN11248554,Small intestine,Duodenum,,Adult_>365d,Male
SAMN11248555,Small intestine,Duodenum,,Adult_>365d,Male
SAMN11248556,Small intestine,Duodenum,,Adult_>365d,Female
SAMN11248557,Small intestine,Duodenum,,Adult_>365d,Female
SAMN11248558,Small intestine,Duodenum,,Adult_>365d,Male
SAMN11248559,Small intestine,Duodenum,,Adult_>365d,Male
SAMN11258772,Small intestine,Ileum,,Adult_>365d,Male
SAMN11258773,Small intestine,Ileum,,Adult_>365d,Male
SAMN11258774,Small intestine,Ileum,,Adult_>365d,Female
SAMN11258775,Small intestine,Ileum,,Adult_>365d,Female
SAMN11258776,Small intestine,Ileum,,Adult_>365d,Female
SAMN11258777,Small intestine,Ileum,,Adult_>365d,Female
SAMN11258778,Small intestine,Ileum,,Adult_>365d,Male
SAMN11258779,Small intestine,Ileum,,Adult_>365d,Male
SAMN11258780,Small intestine,Ileum,,Adult_>365d,Male
SAMN11258781,Small intestine,Ileum,,Adult_>365d,Female
SAMN11258782,Small intestine,Ileum,,Adult_>365d,Male
SAMN11258783,Small intestine,Ileum,,Adult_>365d,Male
SAMN11258784,Small intestine,Ileum,,Adult_>365d,Male
SAMN11258785,Small intestine,Ileum,,Adult_>365d,Female
SAMN11258786,Small intestine,Ileum,,Adult_>365d,Female
SAMN11258787,Small intestine,Ileum,,Adult_>365d,Female
SAMN11258788,Small intestine,Ileum,,Adult_>365d,Female
SAMN11258789,Small intestine,Ileum,,Adult_>365d,Female
SAMN11258790,Small intestine,Ileum,,Adult_>365d,Male
SAMN11258791,Small intestine,Ileum,,Adult_>365d,Male
SAMN11258792,Small intestine,Ileum,,Adult_>365d,Male
SAMN11258793,Small intestine,Ileum,,Adult_>365d,Male
SAMN11258794,Small intestine,Ileum,,Adult_>365d,Female
SAMN11258795,Small intestine,Ileum,,Adult_>365d,Female
SAMN11258796,Small intestine,Ileum,,Adult_>365d,Male
SAMN11258797,Small intestine,Ileum,,Adult_>365d,Male
SAMN11258798,Small intestine,Ileum,,Adult_>365d,Female
SAMN11258799,Small intestine,Ileum,,Adult_>365d,Female
SAMN11258800,Small intestine,Ileum,,Adult_>365d,Male
SAMN11258801,Small intestine,Ileum,,Adult_>365d,Male
SAMN11261062,Liver,Liver,,Adult_>365d,Unknown
SAMN11261063,Liver,Liver,,Adult_>365d,Unknown
SAMN11261064,Liver,Liver,,Adult_>365d,Unknown
SAMN11261065,Liver,Liver,,Adult_>365d,Unknown
SAMN11261066,Liver,Liver,,Adult_>365d,Unknown
SAMN11261067,Liver,Liver,,Adult_>365d,Unknown
SAMN11280502,Other,Other,180.0,Post_pubertal_150_365d,Male
SAMN11280622,Small intestine,Jejunum,,Adult_>365d,Female
SAMN11280623,Small intestine,Jejunum,,Adult_>365d,Male
SAMN11280624,Small intestine,Jejunum,,Adult_>365d,Male
SAMN11280625,Small intestine,Jejunum,,Adult_>365d,Female
SAMN11280626,Small intestine,Jejunum,,Adult_>365d,Male
SAMN11280627,Small intestine,Jejunum,,Adult_>365d,Male
SAMN11280628,Small intestine,Jejunum,,Adult_>365d,Male
SAMN11280629,Small intestine,Jejunum,,Adult_>365d,Female
SAMN11280630,Small intestine,Jejunum,,Adult_>365d,Female
SAMN11280631,Small intestine,Jejunum,,Adult_>365d,Male
SAMN11280632,Small intestine,Jejunum,,Adult_>365d,Male
SAMN11280633,Small intestine,Jejunum,,Adult_>365d,Male
SAMN11280634,Small intestine,Jejunum,,Adult_>365d,Female
SAMN11280635,Small intestine,Jejunum,,Adult_>365d,Female
SAMN11280636,Small intestine,Jejunum,,Adult_>365d,Male
SAMN11280637,Small intestine,Jejunum,,Adult_>365d,Male
SAMN11280638,Small intestine,Jejunum,,Adult_>365d,Female
SAMN11280639,Small intestine,Jejunum,,Adult_>365d,Female
SAMN11280640,Small intestine,Jejunum,,Adult_>365d,Male
SAMN11280641,Small intestine,Jejunum,,Adult_>365d,Male
SAMN11280642,Small intestine,Jejunum,,Adult_>365d,Female
SAMN11280643,Small intestine,Jejunum,,Adult_>365d,Female
SAMN11280644,Small intestine,Jejunum,,Adult_>365d,Female
SAMN11280645,Small intestine,Jejunum,,Adult_>365d,Female
SAMN11280646,Small intestine,Jejunum,,Adult_>365d,Male
SAMN11280647,Small intestine,Jejunum,,Adult_>365d,Male
SAMN11280648,Small intestine,Jejunum,,Adult_>365d,Male
SAMN11280649,Small intestine,Jejunum,,Adult_>365d,Female
SAMN11280650,Small intestine,Jejunum,,Adult_>365d,Male
SAMN11280651,Small intestine,Jejunum,,Adult_>365d,Female
SAMN11295148,Other,Other,5.0,Infant_0_20d,Male
SAMN11310384,Other,Other,5.0,Infant_0_20d,Male
SAMN11310394,Other,Other,5.0,Infant_0_20d,Male
SAMN11310395,Other,Other,5.0,Infant_0_20d,Male
SAMN11310396,Other,Other,5.0,Infant_0_20d,Male
SAMN11310398,Other,Other,5.0,Infant_0_20d,Male
SAMN11334413,Artery,Artery,,Adult_>365d,Unknown
SAMN11334414,Artery,Artery,,Adult_>365d,Unknown
SAMN11334415,Artery,Artery,,Adult_>365d,Unknown
SAMN11334416,Artery,Artery,,Adult_>365d,Unknown
SAMN11334417,Artery,Artery,,Adult_>365d,Unknown
SAMN11334418,Artery,Artery,,Adult_>365d,Unknown
SAMN11334419,Unknown,Unknown,,Adult_>365d,Unknown
SAMN11334420,Artery,Artery,,Adult_>365d,Unknown
SAMN11334421,Artery,Artery,,Adult_>365d,Unknown
SAMN11334422,Artery,Artery,,Adult_>365d,Unknown
SAMN11334423,Artery,Artery,,Adult_>365d,Unknown
SAMN11334424,Artery,Artery,,Adult_>365d,Unknown
SAMN11334425,Artery,Artery,,Adult_>365d,Unknown
SAMN11334426,Artery,Artery,,Adult_>365d,Unknown
SAMN11334454,Artery,Artery,,Adult_>365d,Unknown
SAMN11334427,Adipose,Adipose,,Adult_>365d,Unknown
SAMN11334428,Adipose,Adipose,,Adult_>365d,Unknown
SAMN11334429,Adipose,Adipose,,Adult_>365d,Unknown
SAMN11334430,Adipose,Adipose,,Adult_>365d,Unknown
SAMN11334431,Adipose,Adipose,,Adult_>365d,Unknown
SAMN11334432,Adipose,Adipose,,Adult_>365d,Unknown
SAMN11334433,Adipose,Adipose,,Adult_>365d,Unknown
SAMN11334434,Adipose,Adipose,,Adult_>365d,Unknown
SAMN11334435,Adipose,Adipose,,Adult_>365d,Unknown
SAMN11334436,Adipose,Adipose,,Adult_>365d,Unknown
SAMN11334437,Adipose,Adipose,,Adult_>365d,Unknown
SAMN11334438,Adipose,Adipose,,Adult_>365d,Unknown
SAMN11334439,Adipose,Adipose,,Adult_>365d,Unknown
SAMN11334440,Adipose,Adipose,,Adult_>365d,Unknown
SAMN11334441,Adipose,Adipose,,Adult_>365d,Unknown
SAMN11334442,Adipose,Adipose,,Adult_>365d,Unknown
SAMN11334443,Adipose,Adipose,,Adult_>365d,Unknown
SAMN11334444,Adipose,Adipose,,Adult_>365d,Unknown
SAMN11334445,Adipose,Adipose,,Adult_>365d,Unknown
SAMN11334446,Adipose,Adipose,,Adult_>365d,Unknown
SAMN11334447,Adipose,Adipose,,Adult_>365d,Unknown
SAMN11334448,Adipose,Adipose,,Adult_>365d,Unknown
SAMN11334449,Adipose,Adipose,,Adult_>365d,Unknown
SAMN11334450,Adipose,Adipose,,Adult_>365d,Unknown
SAMN11334451,Adipose,Adipose,,Adult_>365d,Unknown
SAMN11334452,Adipose,Adipose,,Adult_>365d,Unknown
SAMN11334453,Adipose,Adipose,,Adult_>365d,Unknown
SAMN11399714,Unknown,Unknown,,Adult_>365d,Female
SAMN11399716,Unknown,Unknown,,Adult_>365d,Female
SAMN11399717,Unknown,Unknown,,Adult_>365d,Female
SAMN11399718,Unknown,Unknown,,Adult_>365d,Female
SAMN11399719,Unknown,Unknown,,Adult_>365d,Female
SAMN11399720,Unknown,Unknown,,Adult_>365d,Female
SAMN11399722,Unknown,Unknown,,Adult_>365d,Female
SAMN11399724,Unknown,Unknown,,Adult_>365d,Female
SAMN11399730,Unknown,Unknown,,Adult_>365d,Female
SAMN11399735,Unknown,Unknown,,Adult_>365d,Female
SAMN11399738,Unknown,Unknown,,Adult_>365d,Female
SAMN11399742,Unknown,Unknown,,Adult_>365d,Female
SAMN11445200,Muscle,Muscle,,Adult_>365d,Male
SAMN11445301,Muscle,Muscle,,Adult_>365d,Male
SAMN11445322,Muscle,Muscle,,Adult_>365d,Male
SAMN11445323,Muscle,Muscle,,Adult_>365d,Male
SAMN11445324,Muscle,Muscle,,Adult_>365d,Male
SAMN11445325,Muscle,Muscle,,Adult_>365d,Male
SAMN11457929,Oocyte,Oocyte,,Adult_>365d,Unknown
SAMN11457930,Oocyte,Oocyte,,Adult_>365d,Unknown
SAMN11457931,Oocyte,Oocyte,,Adult_>365d,Unknown
SAMN11457932,Oocyte,Oocyte,,Adult_>365d,Unknown
SAMN11457933,Oocyte,Oocyte,,Adult_>365d,Unknown
SAMN11457934,Oocyte,Oocyte,,Adult_>365d,Unknown
SAMN11467157,Brain,Brain,56.0,Early childhood_21_59d,Male
SAMN11467158,Brain,Brain,56.0,Early childhood_21_59d,Male
SAMN11467159,Brain,Brain,56.0,Early childhood_21_59d,Male
SAMN11467160,Brain,Brain,56.0,Early childhood_21_59d,Male
SAMN11467161,Brain,Brain,56.0,Early childhood_21_59d,Male
SAMN11467162,Brain,Brain,56.0,Early childhood_21_59d,Male
SAMN11489398,Unknown,Unknown,56.0,Early childhood_21_59d,Male
SAMN11489399,Unknown,Unknown,56.0,Early childhood_21_59d,Male
SAMN11489400,Unknown,Unknown,56.0,Early childhood_21_59d,Male
SAMN11489401,Unknown,Unknown,56.0,Early childhood_21_59d,Male
SAMN11489402,Unknown,Unknown,56.0,Early childhood_21_59d,Male
SAMN11489403,Unknown,Unknown,56.0,Early childhood_21_59d,Male
SAMN11489434,Brain,Brain,56.0,Early childhood_21_59d,Male
SAMN11489435,Brain,Brain,56.0,Early childhood_21_59d,Male
SAMN11489436,Brain,Brain,56.0,Early childhood_21_59d,Male
SAMN11489437,Brain,Brain,56.0,Early childhood_21_59d,Male
SAMN11489438,Brain,Brain,56.0,Early childhood_21_59d,Male
SAMN11489439,Brain,Brain,56.0,Early childhood_21_59d,Male
SAMN11605462,Liver,Liver,180.0,Post_pubertal_150_365d,Male
SAMN11605463,Liver,Liver,120.0,Pre_pubertal_60_149d,Male
SAMN11633728,Lung,Lung,28.0,Early childhood_21_59d,Unknown
SAMN11812013,Other,Other,,Adult_>365d,Female
SAMN11812014,Other,Other,180.0,Post_pubertal_150_365d,Hermaphrodite
SAMN11812015,Other,Other,180.0,Post_pubertal_150_365d,Hermaphrodite
SAMN11834684,Unknown,Unknown,150.0,Post_pubertal_150_365d,Male
SAMN11855701,Brain,Pituitary,,Adult_>365d,Female
SAMN11855702,Brain,Pituitary,,Adult_>365d,Female
SAMN11855703,Brain,Pituitary,,Adult_>365d,Female
SAMN11855704,Brain,Pituitary,,Adult_>365d,Female
SAMN11855705,Brain,Pituitary,,Adult_>365d,Female
SAMN11855706,Brain,Pituitary,,Adult_>365d,Female
SAMN11874909,Blood,Macrophage,49.0,Early childhood_21_59d,Unknown
SAMN11874910,Blood,Macrophage,49.0,Early childhood_21_59d,Unknown
SAMN11874911,Blood,Macrophage,49.0,Early childhood_21_59d,Unknown
SAMN11874912,Blood,Macrophage,49.0,Early childhood_21_59d,Unknown
SAMN11874913,Blood,Macrophage,49.0,Early childhood_21_59d,Unknown
SAMN11874914,Blood,Macrophage,49.0,Early childhood_21_59d,Unknown
SAMN11874915,Blood,Macrophage,49.0,Early childhood_21_59d,Unknown
SAMN11874916,Blood,Macrophage,49.0,Early childhood_21_59d,Unknown
SAMN11874917,Blood,Macrophage,49.0,Early childhood_21_59d,Unknown
SAMN11874918,Blood,Macrophage,49.0,Early childhood_21_59d,Unknown
SAMN11874919,Blood,Macrophage,49.0,Early childhood_21_59d,Unknown
SAMN11874920,Blood,Macrophage,49.0,Early childhood_21_59d,Unknown
SAMN11874921,Blood,Macrophage,49.0,Early childhood_21_59d,Unknown
SAMN11874922,Blood,Macrophage,49.0,Early childhood_21_59d,Unknown
SAMN11874923,Blood,Macrophage,49.0,Early childhood_21_59d,Unknown
SAMN11874924,Blood,Macrophage,49.0,Early childhood_21_59d,Unknown
SAMN11874925,Blood,Macrophage,49.0,Early childhood_21_59d,Unknown
SAMN11874926,Blood,Macrophage,49.0,Early childhood_21_59d,Unknown
SAMN11874927,Blood,Macrophage,49.0,Early childhood_21_59d,Unknown
SAMN11874928,Blood,Macrophage,49.0,Early childhood_21_59d,Unknown
SAMN11874929,Blood,Macrophage,49.0,Early childhood_21_59d,Unknown
SAMN11934946,Other,Other,1.0,Infant_0_20d,Unknown
SAMN11934947,Other,Other,1.0,Infant_0_20d,Unknown
SAMN11934948,Other,Other,1.0,Infant_0_20d,Unknown
SAMN11934949,Other,Other,1.0,Infant_0_20d,Unknown
SAMN11934950,Other,Other,1.0,Infant_0_20d,Unknown
SAMN11934951,Other,Other,1.0,Infant_0_20d,Unknown
SAMN11949940,Unknown,Unknown,,Adult_>365d,Unknown
SAMN11949941,Heart,Heart,,Adult_>365d,Unknown
SAMN11949942,Unknown,Unknown,,Adult_>365d,Unknown
SAMN11949943,Heart,Heart,,Adult_>365d,Unknown
SAMN11949944,Heart,Heart,,Adult_>365d,Unknown
SAMN11949945,Unknown,Unknown,,Adult_>365d,Unknown
SAMN11949946,Heart,Heart,,Adult_>365d,Unknown
SAMN11949947,Unknown,Unknown,,Adult_>365d,Unknown
SAMN11949948,Heart,Heart,,Adult_>365d,Unknown
SAMN11949949,Unknown,Unknown,,Adult_>365d,Unknown
SAMN11949950,Heart,Heart,,Adult_>365d,Unknown
SAMN11949951,Heart,Heart,,Adult_>365d,Unknown
SAMN11949952,Unknown,Unknown,,Adult_>365d,Unknown
SAMN11949953,Heart,Heart,,Adult_>365d,Unknown
SAMN11949959,Heart,Heart,,Adult_>365d,Unknown
SAMN11949960,Heart,Heart,,Adult_>365d,Unknown
SAMN11949961,Unknown,Unknown,,Adult_>365d,Unknown
SAMN11949962,Unknown,Unknown,,Adult_>365d,Unknown
SAMN11949963,Heart,Heart,,Adult_>365d,Unknown
SAMN11949964,Heart,Heart,,Adult_>365d,Unknown
SAMN11949965,Heart,Heart,,Adult_>365d,Unknown
SAMN11949966,Heart,Heart,,Adult_>365d,Unknown
SAMN11949967,Heart,Heart,,Adult_>365d,Unknown
SAMN11949968,Unknown,Unknown,,Adult_>365d,Unknown
SAMN11949969,Unknown,Unknown,,Adult_>365d,Unknown
SAMN11949970,Unknown,Unknown,,Adult_>365d,Unknown
SAMN15960093,Heart,Heart,,Adult_>365d,Unknown
SAMN15960094,Heart,Heart,,Adult_>365d,Unknown
SAMN15960095,Heart,Heart,,Adult_>365d,Unknown
SAMN15960096,Heart,Heart,,Adult_>365d,Unknown
SAMN15960097,Heart,Heart,,Adult_>365d,Unknown
SAMN15960098,Heart,Heart,,Adult_>365d,Unknown
SAMN15960099,Heart,Heart,,Adult_>365d,Unknown
SAMN15960100,Heart,Heart,,Adult_>365d,Unknown
SAMN15960101,Heart,Heart,,Adult_>365d,Unknown
SAMN15960102,Heart,Heart,,Adult_>365d,Unknown
SAMN15960124,Heart,Heart,,Adult_>365d,Unknown
SAMN15960125,Heart,Heart,,Adult_>365d,Unknown
SAMN12027915,Oocyte,Oocyte,240.0,Post_pubertal_150_365d,Female
SAMN12027916,Oocyte,Oocyte,240.0,Post_pubertal_150_365d,Female
SAMN12015883,Brain,Pituitary,,Adult_>365d,Female
SAMN12015884,Brain,Pituitary,,Adult_>365d,Female
SAMN12015885,Brain,Pituitary,,Adult_>365d,Female
SAMN12015886,Brain,Pituitary,,Adult_>365d,Female
SAMN12015887,Brain,Pituitary,,Adult_>365d,Female
SAMN12015888,Brain,Pituitary,,Adult_>365d,Female
SAMN12015889,Brain,Pituitary,,Adult_>365d,Female
SAMN12015890,Brain,Pituitary,,Adult_>365d,Female
SAMN12015891,Brain,Pituitary,,Adult_>365d,Female
SAMN12015892,Brain,Pituitary,,Adult_>365d,Female
SAMN12015893,Brain,Pituitary,,Adult_>365d,Female
SAMN12015894,Brain,Pituitary,,Adult_>365d,Female
SAMN12015918,Brain,Pituitary,,Adult_>365d,Female
SAMN12015919,Brain,Pituitary,,Adult_>365d,Female
SAMN12015920,Brain,Pituitary,,Adult_>365d,Female
SAMN12015921,Brain,Pituitary,,Adult_>365d,Female
SAMN12041352,Oocyte,Oocyte,,Adult_>365d,Unknown
SAMN12041353,Oocyte,Oocyte,,Adult_>365d,Unknown
SAMN12041354,Oocyte,Oocyte,,Adult_>365d,Unknown
SAMN12041355,Oocyte,Oocyte,,Adult_>365d,Unknown
SAMN12041356,Oocyte,Oocyte,,Adult_>365d,Unknown
SAMN12041357,Oocyte,Oocyte,,Adult_>365d,Unknown
SAMN12057763,Blood,Macrophage,,Adult_>365d,Unknown
SAMN12057764,Blood,Macrophage,,Adult_>365d,Unknown
SAMN12057765,Blood,Macrophage,,Adult_>365d,Unknown
SAMN12057766,Blood,Macrophage,,Adult_>365d,Unknown
SAMN12057767,Blood,Macrophage,,Adult_>365d,Unknown
SAMN12057768,Blood,Macrophage,,Adult_>365d,Unknown
SAMN12060846,Skin,Skin,365.0,Post_pubertal_150_365d,Unknown
SAMN12060848,Skin,Skin,365.0,Post_pubertal_150_365d,Unknown
SAMN12060850,Skin,Skin,365.0,Post_pubertal_150_365d,Unknown
SAMN12060852,Skin,Skin,365.0,Post_pubertal_150_365d,Unknown
SAMN12060854,Skin,Skin,365.0,Post_pubertal_150_365d,Unknown
SAMN12060856,Skin,Skin,365.0,Post_pubertal_150_365d,Unknown
SAMN12060858,Skin,Skin,365.0,Post_pubertal_150_365d,Unknown
SAMN12060860,Skin,Skin,365.0,Post_pubertal_150_365d,Unknown
SAMN12060862,Skin,Skin,365.0,Post_pubertal_150_365d,Unknown
SAMN12060864,Skin,Skin,365.0,Post_pubertal_150_365d,Unknown
SAMN12060866,Skin,Skin,365.0,Post_pubertal_150_365d,Unknown
SAMN12060868,Skin,Skin,365.0,Post_pubertal_150_365d,Unknown
SAMN12060870,Skin,Skin,365.0,Post_pubertal_150_365d,Unknown
SAMN12060872,Skin,Skin,365.0,Post_pubertal_150_365d,Unknown
SAMN12060874,Skin,Skin,365.0,Post_pubertal_150_365d,Unknown
SAMN12060876,Skin,Skin,365.0,Post_pubertal_150_365d,Unknown
SAMN12092240,Ovary,Ovary,,Adult_>365d,Unknown
SAMN12092241,Ovary,Ovary,,Adult_>365d,Unknown
SAMN12092242,Ovary,Ovary,,Adult_>365d,Unknown
SAMN12092243,Ovary,Ovary,,Adult_>365d,Unknown
SAMN12092244,Ovary,Ovary,,Adult_>365d,Unknown
SAMN12092245,Ovary,Ovary,,Adult_>365d,Unknown
SAMN12158052,Ovary,Ovary,,Adult_>365d,Female
SAMN12158053,Ovary,Ovary,,Adult_>365d,Female
SAMN12158054,Ovary,Ovary,,Adult_>365d,Female
SAMN12158055,Ovary,Ovary,,Adult_>365d,Female
SAMN12158056,Ovary,Ovary,,Adult_>365d,Female
SAMN12158057,Ovary,Ovary,,Adult_>365d,Female
SAMN12163236,Other,Other,180.0,Post_pubertal_150_365d,Unknown
SAMN12163237,Other,Other,180.0,Post_pubertal_150_365d,Unknown
SAMN12163238,Other,Other,180.0,Post_pubertal_150_365d,Unknown
SAMN12163239,Other,Other,180.0,Post_pubertal_150_365d,Unknown
SAMN12163240,Other,Other,180.0,Post_pubertal_150_365d,Unknown
SAMN12163241,Other,Other,180.0,Post_pubertal_150_365d,Unknown
SAMN12163242,Other,Other,180.0,Post_pubertal_150_365d,Unknown
SAMN12163243,Other,Other,180.0,Post_pubertal_150_365d,Unknown
SAMN12163244,Other,Other,180.0,Post_pubertal_150_365d,Unknown
SAMN12163245,Other,Other,180.0,Post_pubertal_150_365d,Unknown
SAMN12163246,Other,Other,180.0,Post_pubertal_150_365d,Unknown
SAMN12163247,Other,Other,180.0,Post_pubertal_150_365d,Unknown
SAMN12163248,Other,Other,180.0,Post_pubertal_150_365d,Unknown
SAMN12163249,Other,Other,180.0,Post_pubertal_150_365d,Unknown
SAMN12163250,Other,Other,180.0,Post_pubertal_150_365d,Unknown
SAMN12163251,Other,Other,180.0,Post_pubertal_150_365d,Unknown
SAMN12163359,Placenta,Placenta,1095.0,Adult_>365d,Female
SAMN12163360,Placenta,Placenta,1095.0,Adult_>365d,Female
SAMN12163361,Placenta,Placenta,1095.0,Adult_>365d,Female
SAMN12163362,Placenta,Placenta,1095.0,Adult_>365d,Female
SAMN12163363,Placenta,Placenta,1095.0,Adult_>365d,Female
SAMN12163364,Placenta,Placenta,1095.0,Adult_>365d,Female
SAMN12175575,Skin,Skin,0.0,Infant_0_20d,Unknown
SAMN12175577,Skin,Skin,0.0,Infant_0_20d,Unknown
SAMN12175579,Skin,Skin,0.0,Infant_0_20d,Unknown
SAMN12175581,Skin,Skin,0.0,Infant_0_20d,Unknown
SAMN12175583,Skin,Skin,0.0,Infant_0_20d,Unknown
SAMN12175585,Skin,Skin,0.0,Infant_0_20d,Unknown
SAMN12202092,Heart,Heart,90.0,Pre_pubertal_60_149d,Unknown
SAMN12202093,Heart,Heart,90.0,Pre_pubertal_60_149d,Unknown
SAMN12202094,Heart,Heart,90.0,Pre_pubertal_60_149d,Unknown
SAMN12202096,Heart,Heart,90.0,Pre_pubertal_60_149d,Unknown
SAMN12202098,Heart,Heart,90.0,Pre_pubertal_60_149d,Unknown
SAMN12202099,Heart,Heart,90.0,Pre_pubertal_60_149d,Unknown
SAMN12202100,Heart,Heart,90.0,Pre_pubertal_60_149d,Unknown
SAMN12202101,Heart,Heart,90.0,Pre_pubertal_60_149d,Unknown
SAMN12202103,Heart,Heart,90.0,Pre_pubertal_60_149d,Unknown
SAMN12202104,Heart,Heart,90.0,Pre_pubertal_60_149d,Unknown
SAMN12202105,Heart,Heart,90.0,Pre_pubertal_60_149d,Unknown
SAMN12204825,Lung,Lung,90.0,Pre_pubertal_60_149d,Male
SAMN12204826,Lung,Lung,90.0,Pre_pubertal_60_149d,Male
SAMN12222112,Small intestine,Ileum,60.0,Pre_pubertal_60_149d,Male
SAMN12222113,Small intestine,Ileum,60.0,Pre_pubertal_60_149d,Male
SAMN12222114,Small intestine,Ileum,60.0,Pre_pubertal_60_149d,Male
SAMN12222115,Small intestine,Ileum,60.0,Pre_pubertal_60_149d,Male
SAMN12222116,Small intestine,Ileum,60.0,Pre_pubertal_60_149d,Male
SAMN12222117,Small intestine,Ileum,60.0,Pre_pubertal_60_149d,Male
SAMN12234783,Ovary,Ovary,,Adult_>365d,Unknown
SAMN12234784,Ovary,Ovary,,Adult_>365d,Unknown
SAMN12234785,Ovary,Ovary,,Adult_>365d,Unknown
SAMN12234786,Ovary,Ovary,,Adult_>365d,Unknown
SAMN12234787,Ovary,Ovary,,Adult_>365d,Unknown
SAMN12234788,Ovary,Ovary,,Adult_>365d,Unknown
SAMN12234789,Ovary,Ovary,,Adult_>365d,Unknown
SAMN12234790,Ovary,Ovary,,Adult_>365d,Unknown
SAMN12234791,Ovary,Ovary,,Adult_>365d,Unknown
SAMN12234792,Ovary,Ovary,,Adult_>365d,Unknown
SAMN12234793,Ovary,Ovary,,Adult_>365d,Unknown
SAMN12234794,Ovary,Ovary,,Adult_>365d,Unknown
SAMN12234795,Ovary,Ovary,,Adult_>365d,Unknown
SAMN12234797,Ovary,Ovary,,Adult_>365d,Unknown
SAMN12234798,Ovary,Ovary,,Adult_>365d,Unknown
SAMN12234799,Ovary,Ovary,,Adult_>365d,Unknown
SAMN12241608,Ovary,Ovary,175.0,Post_pubertal_150_365d,Female
SAMN12241609,Ovary,Ovary,175.0,Post_pubertal_150_365d,Female
SAMN12241610,Ovary,Ovary,175.0,Post_pubertal_150_365d,Female
SAMN12241611,Ovary,Ovary,175.0,Post_pubertal_150_365d,Female
SAMN12241612,Ovary,Ovary,175.0,Post_pubertal_150_365d,Female
SAMN12241613,Ovary,Ovary,175.0,Post_pubertal_150_365d,Female
SAMN12241707,Ovary,Ovary,175.0,Post_pubertal_150_365d,Female
SAMN12241708,Ovary,Ovary,175.0,Post_pubertal_150_365d,Female
SAMN12241709,Ovary,Ovary,175.0,Post_pubertal_150_365d,Female
SAMN12241710,Ovary,Ovary,175.0,Post_pubertal_150_365d,Female
SAMN12241711,Ovary,Ovary,175.0,Post_pubertal_150_365d,Female
SAMN12241712,Ovary,Ovary,175.0,Post_pubertal_150_365d,Female
SAMN12251705,Small intestine,Small intestine,150.0,Post_pubertal_150_365d,Female
SAMN12251706,Small intestine,Small intestine,150.0,Post_pubertal_150_365d,Female
SAMN12251707,Small intestine,Small intestine,150.0,Post_pubertal_150_365d,Female
SAMN12251708,Small intestine,Small intestine,150.0,Post_pubertal_150_365d,Female
SAMN12251709,Small intestine,Small intestine,150.0,Post_pubertal_150_365d,Female
SAMN12251710,Small intestine,Small intestine,150.0,Post_pubertal_150_365d,Female
SAMN12251711,Small intestine,Small intestine,150.0,Post_pubertal_150_365d,Female
SAMN12251712,Small intestine,Small intestine,150.0,Post_pubertal_150_365d,Female
SAMN12251713,Small intestine,Small intestine,150.0,Post_pubertal_150_365d,Female
SAMN12251714,Small intestine,Small intestine,150.0,Post_pubertal_150_365d,Female
SAMN12251715,Small intestine,Small intestine,150.0,Post_pubertal_150_365d,Female
SAMN12251716,Small intestine,Small intestine,150.0,Post_pubertal_150_365d,Female
SAMN12254108,Large intestine,Colon,,Adult_>365d,Unknown
SAMN12254109,Large intestine,Colon,,Adult_>365d,Unknown
SAMN12254110,Large intestine,Colon,,Adult_>365d,Unknown
SAMN12254111,Large intestine,Colon,,Adult_>365d,Unknown
SAMN12254112,Large intestine,Colon,,Adult_>365d,Unknown
SAMN12254113,Large intestine,Colon,,Adult_>365d,Unknown
SAMN12254114,Large intestine,Colon,,Adult_>365d,Unknown
SAMN12254115,Large intestine,Colon,,Adult_>365d,Unknown
SAMN12254117,Large intestine,Colon,,Adult_>365d,Unknown
SAMN12254118,Large intestine,Colon,,Adult_>365d,Unknown
SAMN12254119,Large intestine,Colon,,Adult_>365d,Unknown
SAMN12254120,Large intestine,Colon,,Adult_>365d,Unknown
SAMN12254121,Large intestine,Colon,,Adult_>365d,Unknown
SAMN12254122,Large intestine,Colon,,Adult_>365d,Unknown
SAMN12254123,Large intestine,Colon,,Adult_>365d,Unknown
SAMN12254124,Large intestine,Colon,,Adult_>365d,Unknown
SAMN12254125,Large intestine,Colon,,Adult_>365d,Unknown
SAMN12254126,Large intestine,Colon,,Adult_>365d,Unknown
SAMN12254127,Large intestine,Colon,,Adult_>365d,Unknown
SAMN12254128,Large intestine,Colon,,Adult_>365d,Unknown
SAMN12254129,Large intestine,Colon,,Adult_>365d,Unknown
SAMN12254130,Large intestine,Colon,,Adult_>365d,Unknown
SAMN12254131,Large intestine,Colon,,Adult_>365d,Unknown
SAMN12254132,Large intestine,Colon,,Adult_>365d,Unknown
SAMN12254133,Large intestine,Colon,,Adult_>365d,Unknown
SAMN12254134,Large intestine,Colon,,Adult_>365d,Unknown
SAMN12254135,Large intestine,Colon,,Adult_>365d,Unknown
SAMN12254140,Large intestine,Colon,,Adult_>365d,Unknown
SAMN12254141,Large intestine,Colon,,Adult_>365d,Unknown
SAMN12254142,Large intestine,Colon,,Adult_>365d,Unknown
SAMN12254143,Large intestine,Colon,,Adult_>365d,Unknown
SAMN12254144,Large intestine,Colon,,Adult_>365d,Unknown
SAMN12254146,Large intestine,Colon,,Adult_>365d,Unknown
SAMN12254147,Large intestine,Colon,,Adult_>365d,Unknown
SAMN12254148,Large intestine,Colon,,Adult_>365d,Unknown
SAMN12254149,Large intestine,Colon,,Adult_>365d,Unknown
SAMN12254150,Large intestine,Colon,,Adult_>365d,Unknown
SAMN12254151,Large intestine,Colon,,Adult_>365d,Unknown
SAMN12254152,Large intestine,Colon,,Adult_>365d,Unknown
SAMN12254153,Large intestine,Colon,,Adult_>365d,Unknown
SAMN12256988,Bone marrow,Bone marrow,,Adult_>365d,Female
SAMN12256989,Bone marrow,Bone marrow,,Adult_>365d,Female
SAMN12256990,Bone marrow,Bone marrow,,Adult_>365d,Female
SAMN12256991,Bone marrow,Bone marrow,,Adult_>365d,Female
SAMN12256992,Bone marrow,Bone marrow,,Adult_>365d,Female
SAMN12256993,Bone marrow,Bone marrow,,Adult_>365d,Female
SAMN12256994,Bone marrow,Bone marrow,,Adult_>365d,Female
SAMN12256995,Bone marrow,Bone marrow,,Adult_>365d,Female
SAMN12256996,Bone marrow,Bone marrow,,Adult_>365d,Female
SAMN12288118,IPEC,IPEC,,Adult_>365d,Unknown
SAMN12288119,IPEC,IPEC,,Adult_>365d,Unknown
SAMN12288120,IPEC,IPEC,,Adult_>365d,Unknown
SAMN12288121,IPEC,IPEC,,Adult_>365d,Unknown
SAMN12288122,IPEC,IPEC,,Adult_>365d,Unknown
SAMN12288123,IPEC,IPEC,,Adult_>365d,Unknown
SAMN12309013,Other,Other,0.0,Infant_0_20d,Unknown
SAMN12309014,Other,Other,0.0,Infant_0_20d,Unknown
SAMN12309015,Other,Other,0.0,Infant_0_20d,Unknown
SAMN12309046,Other,Other,0.0,Infant_0_20d,Unknown
SAMN12309047,Other,Other,0.0,Infant_0_20d,Unknown
SAMN12309048,Other,Other,0.0,Infant_0_20d,Unknown
SAMN12309049,Other,Other,0.0,Infant_0_20d,Unknown
SAMN12309050,Other,Other,0.0,Infant_0_20d,Unknown
SAMN12309051,Other,Other,0.0,Infant_0_20d,Unknown
SAMN12309052,Other,Other,0.0,Infant_0_20d,Unknown
SAMN12308601,Unknown,Unknown,,Adult_>365d,Unknown
SAMN12308602,Unknown,Unknown,,Adult_>365d,Unknown
SAMN12308603,Unknown,Unknown,,Adult_>365d,Unknown
SAMN12308604,Unknown,Unknown,,Adult_>365d,Unknown
SAMN12308605,Unknown,Unknown,,Adult_>365d,Unknown
SAMN12308606,Unknown,Unknown,,Adult_>365d,Unknown
SAMN12308607,Unknown,Unknown,,Adult_>365d,Unknown
SAMN12308608,Unknown,Unknown,,Adult_>365d,Unknown
SAMN12308612,Unknown,Unknown,,Adult_>365d,Unknown
SAMN12308613,Unknown,Unknown,,Adult_>365d,Unknown
SAMN12308614,Unknown,Unknown,,Adult_>365d,Unknown
SAMN12308615,Unknown,Unknown,,Adult_>365d,Unknown
SAMN12308616,Unknown,Unknown,,Adult_>365d,Unknown
SAMN12308617,Unknown,Unknown,,Adult_>365d,Unknown
SAMN12308618,Unknown,Unknown,,Adult_>365d,Unknown
SAMN12308619,Unknown,Unknown,,Adult_>365d,Unknown
SAMN12308620,Unknown,Unknown,,Adult_>365d,Unknown
SAMN12308621,Unknown,Unknown,,Adult_>365d,Unknown
SAMN12308622,Unknown,Unknown,,Adult_>365d,Unknown
SAMN12308623,Unknown,Unknown,,Adult_>365d,Unknown
SAMN12308624,Unknown,Unknown,,Adult_>365d,Unknown
SAMN12308625,Unknown,Unknown,,Adult_>365d,Unknown
SAMN12308626,Unknown,Unknown,,Adult_>365d,Unknown
SAMN12308627,Unknown,Unknown,,Adult_>365d,Unknown
SAMN12308628,Unknown,Unknown,,Adult_>365d,Unknown
SAMN12308629,Unknown,Unknown,,Adult_>365d,Unknown
SAMN12308630,Unknown,Unknown,,Adult_>365d,Unknown
SAMN12308631,Unknown,Unknown,,Adult_>365d,Unknown
SAMN12308632,Unknown,Unknown,,Adult_>365d,Unknown
SAMN12308633,Unknown,Unknown,,Adult_>365d,Unknown
SAMN12308634,Unknown,Unknown,,Adult_>365d,Unknown
SAMN12308635,Unknown,Unknown,,Adult_>365d,Unknown
SAMN12308645,Unknown,Unknown,,Adult_>365d,Unknown
SAMN12308646,Unknown,Unknown,,Adult_>365d,Unknown
SAMN12308647,Unknown,Unknown,,Adult_>365d,Unknown
SAMN12308648,Unknown,Unknown,,Adult_>365d,Unknown
SAMN12308649,Unknown,Unknown,,Adult_>365d,Unknown
SAMN12308650,Unknown,Unknown,,Adult_>365d,Unknown
SAMN12308651,Unknown,Unknown,,Adult_>365d,Unknown
SAMN12308652,Unknown,Unknown,,Adult_>365d,Unknown
SAMN12308653,Unknown,Unknown,,Adult_>365d,Unknown
SAMN12308654,Unknown,Unknown,,Adult_>365d,Unknown
SAMN12308655,Unknown,Unknown,,Adult_>365d,Unknown
SAMN12308656,Unknown,Unknown,,Adult_>365d,Unknown
SAMN12308657,Unknown,Unknown,,Adult_>365d,Unknown
SAMN12308658,Unknown,Unknown,,Adult_>365d,Unknown
SAMN12308659,Unknown,Unknown,,Adult_>365d,Unknown
SAMN12308660,Unknown,Unknown,,Adult_>365d,Unknown
SAMN12308661,Unknown,Unknown,,Adult_>365d,Unknown
SAMN12308662,Unknown,Unknown,,Adult_>365d,Unknown
SAMN12308663,Unknown,Unknown,,Adult_>365d,Unknown
SAMN12308664,Unknown,Unknown,,Adult_>365d,Unknown
SAMN12308665,Unknown,Unknown,,Adult_>365d,Unknown
SAMN12308666,Unknown,Unknown,,Adult_>365d,Unknown
SAMN12308667,Unknown,Unknown,,Adult_>365d,Unknown
SAMN12308668,Unknown,Unknown,,Adult_>365d,Unknown
SAMN12308669,Unknown,Unknown,,Adult_>365d,Unknown
SAMN12308670,Unknown,Unknown,,Adult_>365d,Unknown
SAMN12308671,Unknown,Unknown,,Adult_>365d,Unknown
SAMN12308672,Unknown,Unknown,,Adult_>365d,Unknown
SAMN12308673,Unknown,Unknown,,Adult_>365d,Unknown
SAMN12308674,Unknown,Unknown,,Adult_>365d,Unknown
SAMN12308675,Unknown,Unknown,,Adult_>365d,Unknown
SAMN12308676,Unknown,Unknown,,Adult_>365d,Unknown
SAMN12308677,Unknown,Unknown,,Adult_>365d,Unknown
SAMN12308678,Unknown,Unknown,,Adult_>365d,Unknown
SAMN12308679,Unknown,Unknown,,Adult_>365d,Unknown
SAMN12308680,Unknown,Unknown,,Adult_>365d,Unknown
SAMN12308681,Unknown,Unknown,,Adult_>365d,Unknown
SAMN12308682,Unknown,Unknown,,Adult_>365d,Unknown
SAMN12308683,Unknown,Unknown,,Adult_>365d,Unknown
SAMN12308684,Unknown,Unknown,,Adult_>365d,Unknown
SAMN12308685,Unknown,Unknown,,Adult_>365d,Unknown
SAMN12308686,Unknown,Unknown,,Adult_>365d,Unknown
SAMN12308687,Unknown,Unknown,,Adult_>365d,Unknown
SAMN12308688,Unknown,Unknown,,Adult_>365d,Unknown
SAMN12308689,Unknown,Unknown,,Adult_>365d,Unknown
SAMN12308690,Unknown,Unknown,,Adult_>365d,Unknown
SAMN12308691,Unknown,Unknown,,Adult_>365d,Unknown
SAMN12308692,Unknown,Unknown,,Adult_>365d,Unknown
SAMN12308693,Unknown,Unknown,,Adult_>365d,Unknown
SAMN12308694,Unknown,Unknown,,Adult_>365d,Unknown
SAMN12308695,Unknown,Unknown,,Adult_>365d,Unknown
SAMN12308696,Unknown,Unknown,,Adult_>365d,Unknown
SAMN12308697,Unknown,Unknown,,Adult_>365d,Unknown
SAMN12308698,Unknown,Unknown,,Adult_>365d,Unknown
SAMN12308699,Unknown,Unknown,,Adult_>365d,Unknown
SAMN12308700,Unknown,Unknown,,Adult_>365d,Unknown
SAMN12308701,Unknown,Unknown,,Adult_>365d,Unknown
SAMN12308702,Unknown,Unknown,,Adult_>365d,Unknown
SAMN12308703,Unknown,Unknown,,Adult_>365d,Unknown
SAMN12308704,Unknown,Unknown,,Adult_>365d,Unknown
SAMN12308705,Unknown,Unknown,,Adult_>365d,Unknown
SAMN12308706,Unknown,Unknown,,Adult_>365d,Unknown
SAMN12308707,Unknown,Unknown,,Adult_>365d,Unknown
SAMN12308708,Unknown,Unknown,,Adult_>365d,Unknown
SAMN12308709,Unknown,Unknown,,Adult_>365d,Unknown
SAMN12308710,Unknown,Unknown,,Adult_>365d,Unknown
SAMN12308711,Unknown,Unknown,,Adult_>365d,Unknown
SAMN12308712,Unknown,Unknown,,Adult_>365d,Unknown
SAMN12308713,Unknown,Unknown,,Adult_>365d,Unknown
SAMN12308714,Unknown,Unknown,,Adult_>365d,Unknown
SAMN12308715,Unknown,Unknown,,Adult_>365d,Unknown
SAMN12308716,Unknown,Unknown,,Adult_>365d,Unknown
SAMN12308717,Unknown,Unknown,,Adult_>365d,Unknown
SAMN12308718,Unknown,Unknown,,Adult_>365d,Unknown
SAMN12308719,Unknown,Unknown,,Adult_>365d,Unknown
SAMN12308720,Unknown,Unknown,,Adult_>365d,Unknown
SAMN12308721,Unknown,Unknown,,Adult_>365d,Unknown
SAMN12308722,Unknown,Unknown,,Adult_>365d,Unknown
SAMN12308723,Unknown,Unknown,,Adult_>365d,Unknown
SAMN12308724,Unknown,Unknown,,Adult_>365d,Unknown
SAMN12308725,Unknown,Unknown,,Adult_>365d,Unknown
SAMN12308726,Unknown,Unknown,,Adult_>365d,Unknown
SAMN12308727,Unknown,Unknown,,Adult_>365d,Unknown
SAMN12308728,Unknown,Unknown,,Adult_>365d,Unknown
SAMN12308729,Unknown,Unknown,,Adult_>365d,Unknown
SAMN12308836,Unknown,Unknown,,Adult_>365d,Unknown
SAMN12308837,Unknown,Unknown,,Adult_>365d,Unknown
SAMN12308838,Unknown,Unknown,,Adult_>365d,Unknown
SAMN12308839,Unknown,Unknown,,Adult_>365d,Unknown
SAMN12308840,Unknown,Unknown,,Adult_>365d,Unknown
SAMN12308841,Unknown,Unknown,,Adult_>365d,Unknown
SAMN12308842,Unknown,Unknown,,Adult_>365d,Unknown
SAMN12308843,Unknown,Unknown,,Adult_>365d,Unknown
SAMN12308844,Unknown,Unknown,,Adult_>365d,Unknown
SAMN12308845,Unknown,Unknown,,Adult_>365d,Unknown
SAMN12308846,Unknown,Unknown,,Adult_>365d,Unknown
SAMN12308847,Unknown,Unknown,,Adult_>365d,Unknown
SAMN12308848,Unknown,Unknown,,Adult_>365d,Unknown
SAMN12308849,Unknown,Unknown,,Adult_>365d,Unknown
SAMN12308850,Unknown,Unknown,,Adult_>365d,Unknown
SAMN12308851,Unknown,Unknown,,Adult_>365d,Unknown
SAMN12308852,Unknown,Unknown,,Adult_>365d,Unknown
SAMN12308853,Unknown,Unknown,,Adult_>365d,Unknown
SAMN12308854,Unknown,Unknown,,Adult_>365d,Unknown
SAMN12308855,Unknown,Unknown,,Adult_>365d,Unknown
SAMN12308856,Unknown,Unknown,,Adult_>365d,Unknown
SAMN12308857,Unknown,Unknown,,Adult_>365d,Unknown
SAMN12308858,Unknown,Unknown,,Adult_>365d,Unknown
SAMN12308859,Unknown,Unknown,,Adult_>365d,Unknown
SAMN12308860,Unknown,Unknown,,Adult_>365d,Unknown
SAMN12308861,Unknown,Unknown,,Adult_>365d,Unknown
SAMN12308862,Unknown,Unknown,,Adult_>365d,Unknown
SAMN12308863,Unknown,Unknown,,Adult_>365d,Unknown
SAMN12308864,Unknown,Unknown,,Adult_>365d,Unknown
SAMN12308865,Unknown,Unknown,,Adult_>365d,Unknown
SAMN12308866,Unknown,Unknown,,Adult_>365d,Unknown
SAMN12308867,Unknown,Unknown,,Adult_>365d,Unknown
SAMN12308868,Unknown,Unknown,,Adult_>365d,Unknown
SAMN12308869,Unknown,Unknown,,Adult_>365d,Unknown
SAMN12308870,Unknown,Unknown,,Adult_>365d,Unknown
SAMN12308871,Unknown,Unknown,,Adult_>365d,Unknown
SAMN12308872,Unknown,Unknown,,Adult_>365d,Unknown
SAMN12308873,Unknown,Unknown,,Adult_>365d,Unknown
SAMN12308874,Unknown,Unknown,,Adult_>365d,Unknown
SAMN12308875,Unknown,Unknown,,Adult_>365d,Unknown
SAMN12308876,Unknown,Unknown,,Adult_>365d,Unknown
SAMN12308877,Unknown,Unknown,,Adult_>365d,Unknown
SAMN12308878,Unknown,Unknown,,Adult_>365d,Unknown
SAMN12308879,Unknown,Unknown,,Adult_>365d,Unknown
SAMN12308880,Unknown,Unknown,,Adult_>365d,Unknown
SAMN12308881,Unknown,Unknown,,Adult_>365d,Unknown
SAMN12308882,Unknown,Unknown,,Adult_>365d,Unknown
SAMN12308883,Unknown,Unknown,,Adult_>365d,Unknown
SAMN12308884,Unknown,Unknown,,Adult_>365d,Unknown
SAMN12308885,Unknown,Unknown,,Adult_>365d,Unknown
SAMN12308886,Unknown,Unknown,,Adult_>365d,Unknown
SAMN12308887,Unknown,Unknown,,Adult_>365d,Unknown
SAMN12308888,Unknown,Unknown,,Adult_>365d,Unknown
SAMN12308889,Unknown,Unknown,,Adult_>365d,Unknown
SAMN12308890,Unknown,Unknown,,Adult_>365d,Unknown
SAMN12308891,Unknown,Unknown,,Adult_>365d,Unknown
SAMN12308892,Unknown,Unknown,,Adult_>365d,Unknown
SAMN12308893,Unknown,Unknown,,Adult_>365d,Unknown
SAMN12308894,Unknown,Unknown,,Adult_>365d,Unknown
SAMN12308895,Unknown,Unknown,,Adult_>365d,Unknown
SAMN12308896,Unknown,Unknown,,Adult_>365d,Unknown
SAMN12308897,Unknown,Unknown,,Adult_>365d,Unknown
SAMN12308898,Unknown,Unknown,,Adult_>365d,Unknown
SAMN12308899,Unknown,Unknown,,Adult_>365d,Unknown
SAMN12308900,Unknown,Unknown,,Adult_>365d,Unknown
SAMN12308901,Unknown,Unknown,,Adult_>365d,Unknown
SAMN12308902,Unknown,Unknown,,Adult_>365d,Unknown
SAMN12308903,Unknown,Unknown,,Adult_>365d,Unknown
SAMN12308904,Unknown,Unknown,,Adult_>365d,Unknown
SAMN12308905,Unknown,Unknown,,Adult_>365d,Unknown
SAMN12308906,Unknown,Unknown,,Adult_>365d,Unknown
SAMN12308907,Unknown,Unknown,,Adult_>365d,Unknown
SAMN12308908,Unknown,Unknown,,Adult_>365d,Unknown
SAMN12308919,Unknown,Unknown,,Adult_>365d,Unknown
SAMN12308920,Unknown,Unknown,,Adult_>365d,Unknown
SAMN12308921,Unknown,Unknown,,Adult_>365d,Unknown
SAMN12308922,Unknown,Unknown,,Adult_>365d,Unknown
SAMN12308923,Unknown,Unknown,,Adult_>365d,Unknown
SAMN12308924,Unknown,Unknown,,Adult_>365d,Unknown
SAMN12308925,Unknown,Unknown,,Adult_>365d,Unknown
SAMN12308926,Unknown,Unknown,,Adult_>365d,Unknown
SAMN12308927,Unknown,Unknown,,Adult_>365d,Unknown
SAMN12308928,Unknown,Unknown,,Adult_>365d,Unknown
SAMN12308929,Unknown,Unknown,,Adult_>365d,Unknown
SAMN12308941,Unknown,Unknown,,Adult_>365d,Unknown
SAMN12308942,Unknown,Unknown,,Adult_>365d,Unknown
SAMN12308943,Unknown,Unknown,,Adult_>365d,Unknown
SAMN12308944,Unknown,Unknown,,Adult_>365d,Unknown
SAMN12308945,Unknown,Unknown,,Adult_>365d,Unknown
SAMN12308946,Unknown,Unknown,,Adult_>365d,Unknown
SAMN12308947,Unknown,Unknown,,Adult_>365d,Unknown
SAMN12308948,Unknown,Unknown,,Adult_>365d,Unknown
SAMN12308949,Unknown,Unknown,,Adult_>365d,Unknown
SAMN12308950,Unknown,Unknown,,Adult_>365d,Unknown
SAMN12308951,Unknown,Unknown,,Adult_>365d,Unknown
SAMN12308952,Unknown,Unknown,,Adult_>365d,Unknown
SAMN12308953,Unknown,Unknown,,Adult_>365d,Unknown
SAMN12308954,Unknown,Unknown,,Adult_>365d,Unknown
SAMN12308955,Unknown,Unknown,,Adult_>365d,Unknown
SAMN12308956,Unknown,Unknown,,Adult_>365d,Unknown
SAMN12308957,Unknown,Unknown,,Adult_>365d,Unknown
SAMN12308962,Unknown,Unknown,,Adult_>365d,Unknown
SAMN12308963,Unknown,Unknown,,Adult_>365d,Unknown
SAMN12308964,Unknown,Unknown,,Adult_>365d,Unknown
SAMN12308965,Unknown,Unknown,,Adult_>365d,Unknown
SAMN12308966,Unknown,Unknown,,Adult_>365d,Unknown
SAMN12308967,Unknown,Unknown,,Adult_>365d,Unknown
SAMN12327408,Liver,Liver,49.0,Early childhood_21_59d,Neuter
SAMN12327409,Liver,Liver,49.0,Early childhood_21_59d,Neuter
SAMN12327410,Liver,Liver,49.0,Early childhood_21_59d,Neuter
SAMN12327411,Liver,Liver,49.0,Early childhood_21_59d,Neuter
SAMN12327412,Liver,Liver,49.0,Early childhood_21_59d,Neuter
SAMN12327413,Liver,Liver,49.0,Early childhood_21_59d,Neuter
SAMN12344372,Brain,Brain,14.0,Infant_0_20d,Male
SAMN12344374,Brain,Brain,14.0,Infant_0_20d,Male
SAMN12344375,Brain,Brain,14.0,Infant_0_20d,Female
SAMN12344377,Brain,Brain,14.0,Infant_0_20d,Female
SAMN12344378,Brain,Brain,14.0,Infant_0_20d,Male
SAMN12344380,Brain,Brain,14.0,Infant_0_20d,Male
SAMN12344382,Brain,Brain,14.0,Infant_0_20d,Female
SAMN12344383,Brain,Brain,14.0,Infant_0_20d,Female
SAMN12344384,Brain,Brain,14.0,Infant_0_20d,Male
SAMN12344385,Brain,Brain,14.0,Infant_0_20d,Female
SAMN12344386,Brain,Brain,14.0,Infant_0_20d,Female
SAMN12344387,Brain,Brain,14.0,Infant_0_20d,Male
SAMN12344388,Brain,Brain,14.0,Infant_0_20d,Male
SAMN12344389,Brain,Brain,14.0,Infant_0_20d,Male
SAMN12344390,Brain,Brain,14.0,Infant_0_20d,Female
SAMN12344391,Brain,Brain,14.0,Infant_0_20d,Female
SAMN12344392,Brain,Brain,14.0,Infant_0_20d,Male
SAMN12344393,Brain,Brain,14.0,Infant_0_20d,Male
SAMN12344395,Brain,Brain,14.0,Infant_0_20d,Female
SAMN12344396,Brain,Brain,14.0,Infant_0_20d,Female
SAMN12344397,Brain,Brain,14.0,Infant_0_20d,Male
SAMN12344398,Brain,Brain,14.0,Infant_0_20d,Female
SAMN12344400,Brain,Brain,14.0,Infant_0_20d,Female
SAMN12344401,Brain,Brain,14.0,Infant_0_20d,Male
SAMN12347662,Unknown,Unknown,33.0,Early childhood_21_59d,Male
SAMN12347663,Muscle,Muscle,33.0,Early childhood_21_59d,Male
SAMN12347664,Muscle,Muscle,33.0,Early childhood_21_59d,Male
SAMN12347665,Unknown,Unknown,65.0,Pre_pubertal_60_149d,Male
SAMN12347666,Muscle,Muscle,65.0,Pre_pubertal_60_149d,Male
SAMN12347667,Muscle,Muscle,65.0,Pre_pubertal_60_149d,Male
SAMN12347668,Muscle,Muscle,90.0,Pre_pubertal_60_149d,Male
SAMN12347669,Unknown,Unknown,90.0,Pre_pubertal_60_149d,Male
SAMN12347670,Muscle,Muscle,90.0,Pre_pubertal_60_149d,Male
SAMN12358461,Muscle,Muscle,33.0,Early childhood_21_59d,Male
SAMN12358462,Muscle,Muscle,33.0,Early childhood_21_59d,Male
SAMN12358463,Muscle,Muscle,33.0,Early childhood_21_59d,Male
SAMN12358464,Muscle,Muscle,65.0,Pre_pubertal_60_149d,Male
SAMN12358465,Muscle,Muscle,65.0,Pre_pubertal_60_149d,Male
SAMN12358466,Muscle,Muscle,65.0,Pre_pubertal_60_149d,Male
SAMN12358467,Muscle,Muscle,90.0,Pre_pubertal_60_149d,Male
SAMN12358468,Muscle,Muscle,90.0,Pre_pubertal_60_149d,Male
SAMN12358469,Muscle,Muscle,90.0,Pre_pubertal_60_149d,Male
SAMN12368503,Milk,Milk,900.0,Adult_>365d,Female
SAMN12385847,Ovary,Ovary,365.0,Post_pubertal_150_365d,Female
SAMN12385848,Ovary,Ovary,365.0,Post_pubertal_150_365d,Female
SAMN12399689,IPEC,IPEC,,Adult_>365d,Unknown
SAMN12501568,Other,Other,,Adult_>365d,Unknown
SAMN12501569,Other,Other,,Adult_>365d,Unknown
SAMN12501570,Other,Other,,Adult_>365d,Unknown
SAMN12548503,Blood,Macrophage,,Adult_>365d,Female
SAMN12548504,Blood,Macrophage,,Adult_>365d,Female
SAMN12548505,Blood,Macrophage,,Adult_>365d,Female
SAMN12548506,Blood,Macrophage,,Adult_>365d,Female
SAMN12548507,Blood,Macrophage,,Adult_>365d,Female
SAMN12548508,Blood,Macrophage,,Adult_>365d,Female
SAMN12551617,Unknown,Unknown,,Adult_>365d,Female
SAMN12551618,Unknown,Unknown,,Adult_>365d,Female
SAMN12551619,Unknown,Unknown,,Adult_>365d,Female
SAMN12551620,Unknown,Unknown,,Adult_>365d,Female
SAMN12551621,Unknown,Unknown,,Adult_>365d,Female
SAMN12551622,Unknown,Unknown,,Adult_>365d,Female
SAMN12624130,Ovary,Ovary,115.0,Pre_pubertal_60_149d,Female
SAMN12624131,Ovary,Ovary,115.0,Pre_pubertal_60_149d,Female
SAMN12624132,Ovary,Ovary,115.0,Pre_pubertal_60_149d,Female
SAMN12624133,Ovary,Ovary,115.0,Pre_pubertal_60_149d,Female
SAMN12624134,Ovary,Ovary,115.0,Pre_pubertal_60_149d,Female
SAMN12624135,Ovary,Ovary,115.0,Pre_pubertal_60_149d,Female
SAMN12624136,Ovary,Ovary,115.0,Pre_pubertal_60_149d,Female
SAMN12624137,Ovary,Ovary,115.0,Pre_pubertal_60_149d,Female
SAMN12624138,Oocyte,Oocyte,115.0,Pre_pubertal_60_149d,Female
SAMN12624139,Oocyte,Oocyte,115.0,Pre_pubertal_60_149d,Female
SAMN12649811,Ovary,Ovary,,Adult_>365d,Unknown
SAMN12649812,Ovary,Ovary,,Adult_>365d,Unknown
SAMN12649813,Ovary,Ovary,,Adult_>365d,Unknown
SAMN12649814,Ovary,Ovary,,Adult_>365d,Unknown
SAMN12649815,Ovary,Ovary,,Adult_>365d,Unknown
SAMN12649816,Ovary,Ovary,,Adult_>365d,Unknown
SAMN12651285,Ovary,Ovary,,Adult_>365d,Unknown
SAMN12651286,Ovary,Ovary,,Adult_>365d,Unknown
SAMN12651287,Ovary,Ovary,,Adult_>365d,Unknown
SAMN12651288,Ovary,Ovary,,Adult_>365d,Unknown
SAMN12651289,Ovary,Ovary,,Adult_>365d,Unknown
SAMN12651290,Ovary,Ovary,,Adult_>365d,Unknown
SAMN12683976,Adipose,Adipose,,Adult_>365d,Male
SAMN12683977,Unknown,Unknown,,Adult_>365d,Male
SAMN12683979,Adipose,Adipose,,Adult_>365d,Male
SAMN12683982,Adipose,Adipose,,Adult_>365d,Male
SAMN12683984,Adipose,Adipose,,Adult_>365d,Male
SAMN12683986,Adipose,Adipose,,Adult_>365d,Male
SAMN12683988,Adipose,Adipose,,Adult_>365d,Male
SAMN12683990,Adipose,Adipose,,Adult_>365d,Male
SAMN12683992,Adipose,Adipose,,Adult_>365d,Male
SAMN12683994,Adipose,Adipose,,Adult_>365d,Male
SAMN12683996,Adipose,Adipose,,Adult_>365d,Male
SAMN12685362,Unknown,Unknown,120.0,Pre_pubertal_60_149d,Female
SAMN12687948,Unknown,Unknown,120.0,Pre_pubertal_60_149d,Female
SAMN12687955,Unknown,Unknown,120.0,Pre_pubertal_60_149d,Female
SAMN12688041,Unknown,Unknown,120.0,Pre_pubertal_60_149d,Female
SAMN12698512,Small intestine,Small intestine,21.0,Early childhood_21_59d,Unknown
SAMN12698513,Small intestine,Small intestine,21.0,Early childhood_21_59d,Unknown
SAMN12698515,Small intestine,Small intestine,21.0,Early childhood_21_59d,Unknown
SAMN12698516,Small intestine,Small intestine,21.0,Early childhood_21_59d,Unknown
SAMN12698517,Small intestine,Small intestine,21.0,Early childhood_21_59d,Unknown
SAMN12698518,Small intestine,Small intestine,21.0,Early childhood_21_59d,Unknown
SAMN12698519,Small intestine,Small intestine,21.0,Early childhood_21_59d,Unknown
SAMN12698520,Small intestine,Small intestine,,Adult_>365d,Unknown
SAMN12698521,Small intestine,Small intestine,,Adult_>365d,Unknown
SAMN12698522,Small intestine,Small intestine,,Adult_>365d,Unknown
SAMN12698523,Small intestine,Small intestine,,Adult_>365d,Unknown
SAMN12717626,Lymph node,Lymph node,,Adult_>365d,Unknown
SAMN12717628,Spleen,Spleen,,Adult_>365d,Unknown
SAMN12717629,Spleen,Spleen,,Adult_>365d,Unknown
SAMN12717630,Lymph node,Lymph node,,Adult_>365d,Unknown
SAMN12717631,Lymph node,Lymph node,,Adult_>365d,Unknown
SAMN12717632,Lymph node,Lymph node,,Adult_>365d,Unknown
SAMN12717633,Lymph node,Lymph node,,Adult_>365d,Unknown
SAMN12717634,Lymph node,Lymph node,,Adult_>365d,Unknown
SAMN12723793,Muscle,Muscle,,Adult_>365d,Unknown
SAMN12723794,Muscle,Muscle,,Adult_>365d,Unknown
SAMN12723795,Liver,Liver,,Adult_>365d,Unknown
SAMN12723796,Liver,Liver,,Adult_>365d,Unknown
SAMN12723797,Muscle,Muscle,,Adult_>365d,Unknown
SAMN12723798,Muscle,Muscle,,Adult_>365d,Unknown
SAMN12723799,Liver,Liver,,Adult_>365d,Unknown
SAMN12723800,Liver,Liver,,Adult_>365d,Unknown
SAMN12723801,Brain,Hypothalamus,,Adult_>365d,Unknown
SAMN12723802,Brain,Hypothalamus,,Adult_>365d,Unknown
SAMN12723803,Brain,Hypothalamus,,Adult_>365d,Unknown
SAMN12723804,Brain,Hypothalamus,,Adult_>365d,Unknown
SAMN12723805,Brain,Hypothalamus,,Adult_>365d,Unknown
SAMN12723806,Brain,Hypothalamus,,Adult_>365d,Unknown
SAMN12723807,Brain,Hypothalamus,,Adult_>365d,Unknown
SAMN12723808,Brain,Hypothalamus,,Adult_>365d,Unknown
SAMN12730808,Heart,Heart,,Adult_>365d,Unknown
SAMN12730810,Heart,Heart,,Adult_>365d,Unknown
SAMN12730811,Heart,Heart,,Adult_>365d,Unknown
SAMN12730812,Heart,Heart,,Adult_>365d,Unknown
SAMN12730813,Heart,Heart,,Adult_>365d,Unknown
SAMN12730814,Heart,Heart,,Adult_>365d,Unknown
SAMN12730815,Heart,Heart,,Adult_>365d,Unknown
SAMN12730816,Heart,Heart,,Adult_>365d,Unknown
SAMN12730817,Heart,Heart,,Adult_>365d,Unknown
SAMN12730818,Heart,Heart,,Adult_>365d,Unknown
SAMN12730819,Heart,Heart,,Adult_>365d,Unknown
SAMN12730820,Heart,Heart,,Adult_>365d,Unknown
SAMN12730821,Heart,Heart,,Adult_>365d,Unknown
SAMN12730822,Heart,Heart,,Adult_>365d,Unknown
SAMN12730823,Heart,Heart,,Adult_>365d,Unknown
SAMN12730824,Heart,Heart,,Adult_>365d,Unknown
SAMN12815390,Brain,Frontal cortex,38.0,Early childhood_21_59d,Female
SAMN12815391,Brain,Frontal cortex,38.0,Early childhood_21_59d,Male
SAMN12815392,Brain,Frontal cortex,38.0,Early childhood_21_59d,Female
SAMN12815393,Brain,Frontal cortex,38.0,Early childhood_21_59d,Male
SAMN12815394,Brain,Frontal cortex,38.0,Early childhood_21_59d,Female
SAMN12815395,Brain,Frontal cortex,38.0,Early childhood_21_59d,Male
SAMN12815396,Brain,Frontal cortex,38.0,Early childhood_21_59d,Male
SAMN12815397,Brain,Frontal cortex,38.0,Early childhood_21_59d,Male
SAMN12815398,Brain,Frontal cortex,38.0,Early childhood_21_59d,Male
SAMN12815399,Brain,Frontal cortex,38.0,Early childhood_21_59d,Female
SAMN12815400,Brain,Frontal cortex,38.0,Early childhood_21_59d,Female
SAMN12815401,Brain,Frontal cortex,38.0,Early childhood_21_59d,Female
SAMN12815402,Brain,Frontal cortex,38.0,Early childhood_21_59d,Male
SAMN12815403,Brain,Frontal cortex,38.0,Early childhood_21_59d,Male
SAMN12815404,Brain,Frontal cortex,38.0,Early childhood_21_59d,Female
SAMN12815405,Brain,Frontal cortex,38.0,Early childhood_21_59d,Female
SAMN12815406,Brain,Frontal cortex,38.0,Early childhood_21_59d,Female
SAMN12815407,Brain,Frontal cortex,38.0,Early childhood_21_59d,Male
SAMN12815408,Brain,Frontal cortex,38.0,Early childhood_21_59d,Female
SAMN12815409,Brain,Frontal cortex,38.0,Early childhood_21_59d,Male
SAMN12815410,Brain,Frontal cortex,38.0,Early childhood_21_59d,Male
SAMN12815411,Brain,Frontal cortex,38.0,Early childhood_21_59d,Female
SAMN12815412,Brain,Frontal cortex,38.0,Early childhood_21_59d,Male
SAMN12815413,Brain,Frontal cortex,38.0,Early childhood_21_59d,Female
SAMN12815414,Brain,Frontal cortex,38.0,Early childhood_21_59d,Female
SAMN12815415,Brain,Frontal cortex,38.0,Early childhood_21_59d,Female
SAMN12815416,Brain,Frontal cortex,38.0,Early childhood_21_59d,Male
SAMN12815417,Brain,Frontal cortex,38.0,Early childhood_21_59d,Female
SAMN12815418,Brain,Frontal cortex,38.0,Early childhood_21_59d,Male
SAMN12815419,Brain,Frontal cortex,38.0,Early childhood_21_59d,Female
SAMN12815420,Brain,Frontal cortex,38.0,Early childhood_21_59d,Male
SAMN12815421,Brain,Frontal cortex,38.0,Early childhood_21_59d,Male
SAMN12815422,Brain,Frontal cortex,38.0,Early childhood_21_59d,Male
SAMN12815423,Brain,Frontal cortex,38.0,Early childhood_21_59d,Male
SAMN12815424,Brain,Frontal cortex,38.0,Early childhood_21_59d,Male
SAMN12815425,Brain,Frontal cortex,38.0,Early childhood_21_59d,Male
SAMN12815426,Brain,Frontal cortex,38.0,Early childhood_21_59d,Male
SAMN12815427,Brain,Frontal cortex,38.0,Early childhood_21_59d,Male
SAMN12815428,Brain,Frontal cortex,38.0,Early childhood_21_59d,Male
SAMN12815429,Brain,Frontal cortex,38.0,Early childhood_21_59d,Male
SAMN12815430,Brain,Frontal cortex,38.0,Early childhood_21_59d,Female
SAMN12815431,Brain,Frontal cortex,38.0,Early childhood_21_59d,Male
SAMN12815432,Placenta,Placenta,,Adult_>365d,Male
SAMN12815433,Placenta,Placenta,,Adult_>365d,Female
SAMN12815434,Placenta,Placenta,,Adult_>365d,Female
SAMN12815435,Placenta,Placenta,,Adult_>365d,Female
SAMN12815436,Placenta,Placenta,,Adult_>365d,Male
SAMN12815437,Placenta,Placenta,,Adult_>365d,Female
SAMN12815438,Unknown,Unknown,,Adult_>365d,Male
SAMN12815439,Unknown,Unknown,,Adult_>365d,Male
SAMN12815440,Placenta,Placenta,,Adult_>365d,Female
SAMN12815441,Placenta,Placenta,,Adult_>365d,Female
SAMN12815442,Placenta,Placenta,,Adult_>365d,Female
SAMN12815443,Placenta,Placenta,,Adult_>365d,Male
SAMN12815444,Placenta,Placenta,,Adult_>365d,Female
SAMN12815445,Placenta,Placenta,,Adult_>365d,Female
SAMN12815446,Placenta,Placenta,,Adult_>365d,Female
SAMN12911869,IPEC,IPEC,,Adult_>365d,Unknown
SAMN12911870,IPEC,IPEC,,Adult_>365d,Unknown
SAMN12911871,IPEC,IPEC,,Adult_>365d,Unknown
SAMN12911872,IPEC,IPEC,,Adult_>365d,Unknown
SAMN12911873,IPEC,IPEC,,Adult_>365d,Unknown
SAMN12911874,IPEC,IPEC,,Adult_>365d,Unknown
SAMN12911875,IPEC,IPEC,,Adult_>365d,Unknown
SAMN12911876,IPEC,IPEC,,Adult_>365d,Unknown
SAMN12911877,IPEC,IPEC,,Adult_>365d,Unknown
SAMN12911878,IPEC,IPEC,,Adult_>365d,Unknown
SAMN12911879,IPEC,IPEC,,Adult_>365d,Unknown
SAMN12911880,IPEC,IPEC,,Adult_>365d,Unknown
SAMN12911881,IPEC,IPEC,,Adult_>365d,Unknown
SAMN12911882,IPEC,IPEC,,Adult_>365d,Unknown
SAMN12911883,IPEC,IPEC,,Adult_>365d,Unknown
SAMN12919855,Muscle,Muscle,2.0,Infant_0_20d,Male
SAMN13000002,Brain,Pituitary,160.0,Post_pubertal_150_365d,Female
SAMN13000003,Brain,Pituitary,160.0,Post_pubertal_150_365d,Female
SAMN13000005,Brain,Pituitary,200.0,Post_pubertal_150_365d,Female
SAMN13000006,Brain,Pituitary,200.0,Post_pubertal_150_365d,Female
SAMN13000007,Brain,Pituitary,200.0,Post_pubertal_150_365d,Female
SAMN13000008,Brain,Pituitary,224.0,Post_pubertal_150_365d,Female
SAMN13000009,Brain,Pituitary,224.0,Post_pubertal_150_365d,Female
SAMN13000010,Brain,Pituitary,224.0,Post_pubertal_150_365d,Female
SAMN13003023,Embryo,Embryo,0.0,Infant_0_20d,Male
SAMN13003024,Embryo,Embryo,0.0,Infant_0_20d,Female
SAMN13003025,Embryo,Embryo,0.0,Infant_0_20d,Female
SAMN13003026,Embryo,Embryo,0.0,Infant_0_20d,Female
SAMN13003027,Embryo,Embryo,0.0,Infant_0_20d,Female
SAMN13003028,Embryo,Embryo,0.0,Infant_0_20d,Male
SAMN13003029,Embryo,Embryo,0.0,Infant_0_20d,Female
SAMN13003030,Embryo,Embryo,0.0,Infant_0_20d,Female
SAMN13003031,Embryo,Embryo,0.0,Infant_0_20d,Female
SAMN13003032,Embryo,Embryo,35.0,Early childhood_21_59d,Male
SAMN13003033,Embryo,Embryo,35.0,Early childhood_21_59d,Male
SAMN13003034,Embryo,Embryo,35.0,Early childhood_21_59d,Female
SAMN13003035,Embryo,Embryo,35.0,Early childhood_21_59d,Male
SAMN13003036,Embryo,Embryo,35.0,Early childhood_21_59d,Male
SAMN13003037,Embryo,Embryo,35.0,Early childhood_21_59d,Male
SAMN13003038,Embryo,Embryo,35.0,Early childhood_21_59d,Male
SAMN13003039,Embryo,Embryo,35.0,Early childhood_21_59d,Female
SAMN13003040,Embryo,Embryo,0.0,Infant_0_20d,Male
SAMN13003041,Embryo,Embryo,0.0,Infant_0_20d,Female
SAMN13003042,Embryo,Embryo,0.0,Infant_0_20d,Male
SAMN13003043,Embryo,Embryo,0.0,Infant_0_20d,Male
SAMN13003044,Embryo,Embryo,0.0,Infant_0_20d,Female
SAMN13003045,Embryo,Embryo,0.0,Infant_0_20d,Female
SAMN13003046,Embryo,Embryo,0.0,Infant_0_20d,Female
SAMN13003047,Embryo,Embryo,0.0,Infant_0_20d,Male
SAMN13003048,Embryo,Embryo,0.0,Infant_0_20d,Male
SAMN13003049,Embryo,Embryo,35.0,Early childhood_21_59d,Female
SAMN13003050,Embryo,Embryo,35.0,Early childhood_21_59d,Female
SAMN13003051,Embryo,Embryo,35.0,Early childhood_21_59d,Male
SAMN13003052,Embryo,Embryo,35.0,Early childhood_21_59d,Male
SAMN13003053,Embryo,Embryo,35.0,Early childhood_21_59d,Female
SAMN13003054,Embryo,Embryo,35.0,Early childhood_21_59d,Female
SAMN13003055,Embryo,Embryo,35.0,Early childhood_21_59d,Male
SAMN13003056,Embryo,Embryo,35.0,Early childhood_21_59d,Female
SAMN13003057,Embryo,Embryo,35.0,Early childhood_21_59d,Male
SAMN13028760,Liver,Liver,133.0,Pre_pubertal_60_149d,Female
SAMN13107436,Adipose,Adipose,133.0,Pre_pubertal_60_149d,Female
SAMN13196102,Adipose,Adipose,133.0,Pre_pubertal_60_149d,Female
SAMN13043239,Unknown,Unknown,0.0,Infant_0_20d,Unknown
SAMN13043240,Unknown,Unknown,0.0,Infant_0_20d,Unknown
SAMN13043241,Embryo,Morula,0.0,Infant_0_20d,Unknown
SAMN13043242,Unknown,Unknown,0.0,Infant_0_20d,Unknown
SAMN13043243,Embryo,Morula,0.0,Infant_0_20d,Unknown
SAMN13043244,Embryo,Morula,0.0,Infant_0_20d,Unknown
SAMN13043245,Unknown,Unknown,0.0,Infant_0_20d,Unknown
SAMN13043246,Unknown,Unknown,0.0,Infant_0_20d,Unknown
SAMN13043247,Embryo,Morula,0.0,Infant_0_20d,Unknown
SAMN13043248,Embryo,Morula,0.0,Infant_0_20d,Unknown
SAMN13043249,Embryo,Morula,0.0,Infant_0_20d,Unknown
SAMN13043250,Unknown,Unknown,0.0,Infant_0_20d,Unknown
SAMN13043251,Embryo,Morula,0.0,Infant_0_20d,Unknown
SAMN13043252,Embryo,Morula,0.0,Infant_0_20d,Unknown
SAMN13043253,Embryo,Morula,0.0,Infant_0_20d,Unknown
SAMN13043254,Embryo,Morula,0.0,Infant_0_20d,Unknown
SAMN13043255,Embryo,Morula,0.0,Infant_0_20d,Unknown
SAMN13043256,Embryo,Morula,0.0,Infant_0_20d,Unknown
SAMN13043257,Embryo,Morula,0.0,Infant_0_20d,Unknown
SAMN13043258,Unknown,Unknown,0.0,Infant_0_20d,Unknown
SAMN13043259,Embryo,Morula,0.0,Infant_0_20d,Unknown
SAMN13043260,Embryo,Morula,0.0,Infant_0_20d,Unknown
SAMN13043261,Unknown,Unknown,0.0,Infant_0_20d,Unknown
SAMN13043262,Embryo,Morula,0.0,Infant_0_20d,Unknown
SAMN13043263,Embryo,Morula,0.0,Infant_0_20d,Unknown
SAMN13043264,Embryo,Morula,0.0,Infant_0_20d,Unknown
SAMN13043265,Embryo,Morula,0.0,Infant_0_20d,Unknown
SAMN13043266,Unknown,Unknown,0.0,Infant_0_20d,Unknown
SAMN13043267,Unknown,Unknown,0.0,Infant_0_20d,Unknown
SAMN13043268,Embryo,Morula,0.0,Infant_0_20d,Unknown
SAMN13043269,Unknown,Unknown,0.0,Infant_0_20d,Unknown
SAMN13043270,Embryo,Morula,0.0,Infant_0_20d,Unknown
SAMN13043271,Embryo,Morula,0.0,Infant_0_20d,Unknown
SAMN13043272,Embryo,Morula,0.0,Infant_0_20d,Unknown
SAMN13043273,Embryo,Morula,0.0,Infant_0_20d,Unknown
SAMN13043274,Unknown,Unknown,0.0,Infant_0_20d,Unknown
SAMN13043275,Unknown,Unknown,0.0,Infant_0_20d,Unknown
SAMN13043276,Embryo,Morula,0.0,Infant_0_20d,Unknown
SAMN13043277,Embryo,Morula,0.0,Infant_0_20d,Unknown
SAMN13043278,Embryo,Morula,0.0,Infant_0_20d,Unknown
SAMN13043279,Unknown,Unknown,0.0,Infant_0_20d,Unknown
SAMN13043280,Embryo,Morula,0.0,Infant_0_20d,Unknown
SAMN13043281,Unknown,Unknown,0.0,Infant_0_20d,Unknown
SAMN13043282,Unknown,Unknown,0.0,Infant_0_20d,Unknown
SAMN13043283,Embryo,Morula,0.0,Infant_0_20d,Unknown
SAMN13043284,Embryo,Morula,0.0,Infant_0_20d,Unknown
SAMN13043285,Embryo,Morula,0.0,Infant_0_20d,Unknown
SAMN13043286,Embryo,Morula,0.0,Infant_0_20d,Unknown
SAMN13043287,Embryo,Morula,0.0,Infant_0_20d,Unknown
SAMN13043288,Embryo,Morula,0.0,Infant_0_20d,Unknown
SAMN13043289,Embryo,Morula,0.0,Infant_0_20d,Unknown
SAMN13043290,Unknown,Unknown,0.0,Infant_0_20d,Unknown
SAMN13043291,Embryo,Morula,0.0,Infant_0_20d,Unknown
SAMN13043292,Embryo,Morula,0.0,Infant_0_20d,Unknown
SAMN13043293,Embryo,Morula,0.0,Infant_0_20d,Unknown
SAMN13043294,Embryo,Morula,0.0,Infant_0_20d,Unknown
SAMN13043295,Embryo,Morula,0.0,Infant_0_20d,Unknown
SAMN13043296,Embryo,Morula,0.0,Infant_0_20d,Unknown
SAMN13043297,Embryo,Morula,0.0,Infant_0_20d,Unknown
SAMN13043298,Unknown,Unknown,0.0,Infant_0_20d,Unknown
SAMN13043299,Embryo,Morula,0.0,Infant_0_20d,Unknown
SAMN13043300,Embryo,Morula,0.0,Infant_0_20d,Unknown
SAMN13043301,Embryo,Morula,0.0,Infant_0_20d,Unknown
SAMN13043302,Embryo,Morula,0.0,Infant_0_20d,Unknown
SAMN13043303,Embryo,Morula,0.0,Infant_0_20d,Unknown
SAMN13043304,Embryo,Morula,0.0,Infant_0_20d,Unknown
SAMN13043305,Embryo,Morula,0.0,Infant_0_20d,Unknown
SAMN13043306,Embryo,Morula,0.0,Infant_0_20d,Unknown
SAMN13043307,Embryo,Morula,0.0,Infant_0_20d,Unknown
SAMN13043308,Embryo,Morula,0.0,Infant_0_20d,Unknown
SAMN13043309,Embryo,Morula,0.0,Infant_0_20d,Unknown
SAMN13043310,Embryo,Morula,0.0,Infant_0_20d,Unknown
SAMN13043311,Embryo,Morula,0.0,Infant_0_20d,Unknown
SAMN13043312,Embryo,Morula,0.0,Infant_0_20d,Unknown
SAMN13043313,Embryo,Morula,0.0,Infant_0_20d,Unknown
SAMN13043314,Unknown,Unknown,0.0,Infant_0_20d,Unknown
SAMN13043315,Embryo,Morula,0.0,Infant_0_20d,Unknown
SAMN13043316,Embryo,Morula,0.0,Infant_0_20d,Unknown
SAMN13043317,Embryo,Morula,0.0,Infant_0_20d,Unknown
SAMN13043318,Embryo,Morula,0.0,Infant_0_20d,Unknown
SAMN13043319,Embryo,Morula,0.0,Infant_0_20d,Unknown
SAMN13043320,Embryo,Morula,0.0,Infant_0_20d,Unknown
SAMN13043321,Embryo,Morula,0.0,Infant_0_20d,Unknown
SAMN13043322,Unknown,Unknown,0.0,Infant_0_20d,Unknown
SAMN13043323,Embryo,Morula,0.0,Infant_0_20d,Unknown
SAMN13043324,Embryo,Morula,0.0,Infant_0_20d,Unknown
SAMN13043325,Embryo,Morula,0.0,Infant_0_20d,Unknown
SAMN13043326,Embryo,Morula,0.0,Infant_0_20d,Unknown
SAMN13043327,Embryo,Morula,0.0,Infant_0_20d,Unknown
SAMN13043328,Embryo,Morula,0.0,Infant_0_20d,Unknown
SAMN13043329,Embryo,Morula,0.0,Infant_0_20d,Unknown
SAMN13043330,Unknown,Unknown,0.0,Infant_0_20d,Unknown
SAMN13043331,Embryo,Morula,0.0,Infant_0_20d,Unknown
SAMN13043332,Embryo,Morula,0.0,Infant_0_20d,Unknown
SAMN13043333,Unknown,Unknown,0.0,Infant_0_20d,Unknown
SAMN13043334,Embryo,Morula,0.0,Infant_0_20d,Unknown
SAMN13043335,Embryo,Morula,0.0,Infant_0_20d,Unknown
SAMN13043336,Embryo,Morula,0.0,Infant_0_20d,Unknown
SAMN13043337,Embryo,Morula,0.0,Infant_0_20d,Unknown
SAMN13043338,Embryo,Morula,0.0,Infant_0_20d,Unknown
SAMN13043339,Embryo,Morula,0.0,Infant_0_20d,Unknown
SAMN13043340,Unknown,Unknown,0.0,Infant_0_20d,Unknown
SAMN13043341,Embryo,Morula,0.0,Infant_0_20d,Unknown
SAMN13043342,Embryo,Morula,0.0,Infant_0_20d,Unknown
SAMN13043343,Embryo,Morula,0.0,Infant_0_20d,Unknown
SAMN13043344,Embryo,Morula,0.0,Infant_0_20d,Unknown
SAMN13043345,Unknown,Unknown,0.0,Infant_0_20d,Unknown
SAMN13043346,Embryo,Morula,0.0,Infant_0_20d,Unknown
SAMN13043347,Unknown,Unknown,0.0,Infant_0_20d,Unknown
SAMN13043348,Embryo,Morula,0.0,Infant_0_20d,Unknown
SAMN13043349,Embryo,Morula,0.0,Infant_0_20d,Unknown
SAMN13043350,Embryo,Morula,0.0,Infant_0_20d,Unknown
SAMN13043351,Embryo,Morula,0.0,Infant_0_20d,Unknown
SAMN13043352,Embryo,Morula,0.0,Infant_0_20d,Unknown
SAMN13043353,Unknown,Unknown,0.0,Infant_0_20d,Unknown
SAMN13043354,Embryo,Morula,0.0,Infant_0_20d,Unknown
SAMN13043355,Embryo,Morula,0.0,Infant_0_20d,Unknown
SAMN13043356,Embryo,Morula,0.0,Infant_0_20d,Unknown
SAMN13043357,Embryo,Morula,0.0,Infant_0_20d,Unknown
SAMN13043358,Embryo,Morula,0.0,Infant_0_20d,Unknown
SAMN13043359,Embryo,Morula,0.0,Infant_0_20d,Unknown
SAMN13043360,Embryo,Morula,0.0,Infant_0_20d,Unknown
SAMN13043361,Unknown,Unknown,0.0,Infant_0_20d,Unknown
SAMN13043362,Embryo,Morula,0.0,Infant_0_20d,Unknown
SAMN13043363,Embryo,Morula,0.0,Infant_0_20d,Unknown
SAMN13043364,Embryo,Morula,0.0,Infant_0_20d,Unknown
SAMN13043365,Embryo,Morula,0.0,Infant_0_20d,Unknown
SAMN13043366,Embryo,Morula,0.0,Infant_0_20d,Unknown
SAMN13043367,Unknown,Unknown,0.0,Infant_0_20d,Unknown
SAMN13043368,Embryo,Morula,0.0,Infant_0_20d,Unknown
SAMN13043369,Embryo,Morula,0.0,Infant_0_20d,Unknown
SAMN13043370,Embryo,Morula,0.0,Infant_0_20d,Unknown
SAMN13043371,Embryo,Morula,0.0,Infant_0_20d,Unknown
SAMN13043372,Embryo,Morula,0.0,Infant_0_20d,Unknown
SAMN13043373,Unknown,Unknown,0.0,Infant_0_20d,Unknown
SAMN13043374,Embryo,Morula,0.0,Infant_0_20d,Unknown
SAMN13043375,Unknown,Unknown,0.0,Infant_0_20d,Unknown
SAMN13043376,Embryo,Morula,0.0,Infant_0_20d,Unknown
SAMN13043377,Unknown,Unknown,0.0,Infant_0_20d,Unknown
SAMN13043378,Embryo,Morula,0.0,Infant_0_20d,Unknown
SAMN13043379,Embryo,Morula,0.0,Infant_0_20d,Unknown
SAMN13043380,Embryo,Morula,0.0,Infant_0_20d,Unknown
SAMN13043381,Embryo,Morula,0.0,Infant_0_20d,Unknown
SAMN13043382,Embryo,Morula,0.0,Infant_0_20d,Unknown
SAMN13043383,Unknown,Unknown,0.0,Infant_0_20d,Unknown
SAMN13043384,Embryo,Morula,0.0,Infant_0_20d,Unknown
SAMN13043385,Embryo,Morula,0.0,Infant_0_20d,Unknown
SAMN13043386,Embryo,Morula,0.0,Infant_0_20d,Unknown
SAMN13043387,Embryo,Morula,0.0,Infant_0_20d,Unknown
SAMN13043388,Embryo,Morula,0.0,Infant_0_20d,Unknown
SAMN13043389,Embryo,Morula,0.0,Infant_0_20d,Unknown
SAMN13043390,Embryo,Morula,0.0,Infant_0_20d,Unknown
SAMN13043391,Unknown,Unknown,0.0,Infant_0_20d,Unknown
SAMN13043392,Embryo,Morula,0.0,Infant_0_20d,Unknown
SAMN13043393,Embryo,Morula,0.0,Infant_0_20d,Unknown
SAMN13043394,Embryo,Morula,0.0,Infant_0_20d,Unknown
SAMN13043395,Embryo,Morula,0.0,Infant_0_20d,Unknown
SAMN13043396,Embryo,Morula,0.0,Infant_0_20d,Unknown
SAMN13043397,Embryo,Morula,0.0,Infant_0_20d,Unknown
SAMN13043398,Unknown,Unknown,0.0,Infant_0_20d,Unknown
SAMN13043399,Embryo,Morula,0.0,Infant_0_20d,Unknown
SAMN13043400,Embryo,Morula,0.0,Infant_0_20d,Unknown
SAMN13043401,Unknown,Unknown,0.0,Infant_0_20d,Unknown
SAMN13043402,Embryo,Morula,0.0,Infant_0_20d,Unknown
SAMN13043403,Unknown,Unknown,0.0,Infant_0_20d,Unknown
SAMN13043404,Embryo,Morula,0.0,Infant_0_20d,Unknown
SAMN13043405,Unknown,Unknown,0.0,Infant_0_20d,Unknown
SAMN13043406,Unknown,Unknown,0.0,Infant_0_20d,Unknown
SAMN13043407,Unknown,Unknown,0.0,Infant_0_20d,Unknown
SAMN13043408,Embryo,Morula,0.0,Infant_0_20d,Unknown
SAMN13043409,Unknown,Unknown,0.0,Infant_0_20d,Unknown
SAMN13043410,Embryo,Morula,0.0,Infant_0_20d,Unknown
SAMN13043411,Embryo,Morula,0.0,Infant_0_20d,Unknown
SAMN13043412,Embryo,Morula,0.0,Infant_0_20d,Unknown
SAMN13043413,Unknown,Unknown,0.0,Infant_0_20d,Unknown
SAMN13043414,Embryo,Morula,0.0,Infant_0_20d,Unknown
SAMN13043415,Embryo,Morula,0.0,Infant_0_20d,Unknown
SAMN13043416,Embryo,Morula,0.0,Infant_0_20d,Unknown
SAMN13043417,Unknown,Unknown,0.0,Infant_0_20d,Unknown
SAMN13043418,Embryo,Morula,0.0,Infant_0_20d,Unknown
SAMN13043419,Embryo,Morula,0.0,Infant_0_20d,Unknown
SAMN13043420,Embryo,Morula,0.0,Infant_0_20d,Unknown
SAMN13043421,Unknown,Unknown,0.0,Infant_0_20d,Unknown
SAMN13043422,Embryo,Morula,0.0,Infant_0_20d,Unknown
SAMN13043423,Embryo,Morula,0.0,Infant_0_20d,Unknown
SAMN13043424,Embryo,Morula,0.0,Infant_0_20d,Unknown
SAMN13043425,Embryo,Morula,0.0,Infant_0_20d,Unknown
SAMN13043426,Embryo,Morula,0.0,Infant_0_20d,Unknown
SAMN13043427,Embryo,Morula,0.0,Infant_0_20d,Unknown
SAMN13043428,Embryo,Morula,0.0,Infant_0_20d,Unknown
SAMN13043429,Embryo,Morula,0.0,Infant_0_20d,Unknown
SAMN13043430,Embryo,Morula,0.0,Infant_0_20d,Unknown
SAMN13043431,Embryo,Morula,0.0,Infant_0_20d,Unknown
SAMN13043432,Embryo,Morula,0.0,Infant_0_20d,Unknown
SAMN13043433,Embryo,Morula,0.0,Infant_0_20d,Unknown
SAMN13043434,Embryo,Morula,0.0,Infant_0_20d,Unknown
SAMN13043435,Embryo,Morula,0.0,Infant_0_20d,Unknown
SAMN13043436,Embryo,Morula,0.0,Infant_0_20d,Unknown
SAMN13043437,Unknown,Unknown,0.0,Infant_0_20d,Unknown
SAMN13043438,Embryo,Morula,0.0,Infant_0_20d,Unknown
SAMN13043439,Embryo,Morula,0.0,Infant_0_20d,Unknown
SAMN13043440,Embryo,Morula,0.0,Infant_0_20d,Unknown
SAMN13043441,Embryo,Morula,0.0,Infant_0_20d,Unknown
SAMN13043442,Embryo,Morula,0.0,Infant_0_20d,Unknown
SAMN13043443,Embryo,Morula,0.0,Infant_0_20d,Unknown
SAMN13043444,Embryo,Morula,0.0,Infant_0_20d,Unknown
SAMN13043445,Unknown,Unknown,0.0,Infant_0_20d,Unknown
SAMN13043446,Embryo,Morula,0.0,Infant_0_20d,Unknown
SAMN13043447,Embryo,Morula,0.0,Infant_0_20d,Unknown
SAMN13043448,Embryo,Morula,0.0,Infant_0_20d,Unknown
SAMN13043449,Embryo,Morula,0.0,Infant_0_20d,Unknown
SAMN13043450,Embryo,Morula,0.0,Infant_0_20d,Unknown
SAMN13043451,Embryo,Morula,0.0,Infant_0_20d,Unknown
SAMN13043452,Embryo,Morula,0.0,Infant_0_20d,Unknown
SAMN13043453,Unknown,Unknown,0.0,Infant_0_20d,Unknown
SAMN13043454,Embryo,Morula,0.0,Infant_0_20d,Unknown
SAMN13043455,Embryo,Morula,0.0,Infant_0_20d,Unknown
SAMN13043456,Embryo,Morula,0.0,Infant_0_20d,Unknown
SAMN13043457,Embryo,Morula,0.0,Infant_0_20d,Unknown
SAMN13043458,Embryo,Morula,0.0,Infant_0_20d,Unknown
SAMN13043459,Embryo,Morula,0.0,Infant_0_20d,Unknown
SAMN13043460,Embryo,Morula,0.0,Infant_0_20d,Unknown
SAMN13043461,Unknown,Unknown,0.0,Infant_0_20d,Unknown
SAMN13043462,Embryo,Morula,0.0,Infant_0_20d,Unknown
SAMN13043463,Embryo,Morula,0.0,Infant_0_20d,Unknown
SAMN13043464,Embryo,Morula,0.0,Infant_0_20d,Unknown
SAMN13043465,Embryo,Morula,0.0,Infant_0_20d,Unknown
SAMN13043466,Unknown,Unknown,0.0,Infant_0_20d,Unknown
SAMN13043467,Embryo,Morula,0.0,Infant_0_20d,Unknown
SAMN13043468,Embryo,Morula,0.0,Infant_0_20d,Unknown
SAMN13043469,Embryo,Morula,0.0,Infant_0_20d,Unknown
SAMN13043470,Embryo,Morula,0.0,Infant_0_20d,Unknown
SAMN13043471,Embryo,Morula,0.0,Infant_0_20d,Unknown
SAMN13043472,Embryo,Morula,0.0,Infant_0_20d,Unknown
SAMN13043473,Embryo,Morula,0.0,Infant_0_20d,Unknown
SAMN13043474,Embryo,Morula,0.0,Infant_0_20d,Unknown
SAMN13043475,Embryo,Morula,0.0,Infant_0_20d,Unknown
SAMN13043476,Embryo,Morula,0.0,Infant_0_20d,Unknown
SAMN13043477,Unknown,Unknown,0.0,Infant_0_20d,Unknown
SAMN13043478,Embryo,Morula,0.0,Infant_0_20d,Unknown
SAMN13043479,Embryo,Morula,0.0,Infant_0_20d,Unknown
SAMN13043480,Embryo,Morula,0.0,Infant_0_20d,Unknown
SAMN13043481,Embryo,Morula,0.0,Infant_0_20d,Unknown
SAMN13043482,Embryo,Morula,0.0,Infant_0_20d,Unknown
SAMN13043483,Embryo,Morula,0.0,Infant_0_20d,Unknown
SAMN13043484,Embryo,Morula,0.0,Infant_0_20d,Unknown
SAMN13043485,Unknown,Unknown,0.0,Infant_0_20d,Unknown
SAMN13043486,Embryo,Morula,0.0,Infant_0_20d,Unknown
SAMN13043487,Embryo,Morula,0.0,Infant_0_20d,Unknown
SAMN13043488,Embryo,Morula,0.0,Infant_0_20d,Unknown
SAMN13043489,Unknown,Unknown,0.0,Infant_0_20d,Unknown
SAMN13043490,Unknown,Unknown,0.0,Infant_0_20d,Unknown
SAMN13043491,Embryo,Morula,0.0,Infant_0_20d,Unknown
SAMN13043492,Embryo,Morula,0.0,Infant_0_20d,Unknown
SAMN13043493,Unknown,Unknown,0.0,Infant_0_20d,Unknown
SAMN13043494,Embryo,Morula,0.0,Infant_0_20d,Unknown
SAMN13043495,Embryo,Morula,0.0,Infant_0_20d,Unknown
SAMN13043496,Embryo,Morula,0.0,Infant_0_20d,Unknown
SAMN13043497,Embryo,Morula,0.0,Infant_0_20d,Unknown
SAMN13043498,Embryo,Morula,0.0,Infant_0_20d,Unknown
SAMN13043499,Embryo,Morula,0.0,Infant_0_20d,Unknown
SAMN13043500,Embryo,Morula,0.0,Infant_0_20d,Unknown
SAMN13043501,Unknown,Unknown,0.0,Infant_0_20d,Unknown
SAMN13043502,Embryo,Morula,0.0,Infant_0_20d,Unknown
SAMN13043503,Embryo,Morula,0.0,Infant_0_20d,Unknown
SAMN13043504,Embryo,Morula,0.0,Infant_0_20d,Unknown
SAMN13043505,Embryo,Morula,0.0,Infant_0_20d,Unknown
SAMN13043506,Embryo,Morula,0.0,Infant_0_20d,Unknown
SAMN13043507,Unknown,Unknown,0.0,Infant_0_20d,Unknown
SAMN13043508,Unknown,Unknown,0.0,Infant_0_20d,Unknown
SAMN13043509,Unknown,Unknown,0.0,Infant_0_20d,Unknown
SAMN13043510,Unknown,Unknown,0.0,Infant_0_20d,Unknown
SAMN13043511,Unknown,Unknown,0.0,Infant_0_20d,Unknown
SAMN13043512,Unknown,Unknown,0.0,Infant_0_20d,Unknown
SAMN13043513,Unknown,Unknown,0.0,Infant_0_20d,Unknown
SAMN13043514,Unknown,Unknown,0.0,Infant_0_20d,Unknown
SAMN13043515,Unknown,Unknown,0.0,Infant_0_20d,Unknown
SAMN13043516,Unknown,Unknown,0.0,Infant_0_20d,Unknown
SAMN13043517,Unknown,Unknown,0.0,Infant_0_20d,Unknown
SAMN13043518,Unknown,Unknown,0.0,Infant_0_20d,Unknown
SAMN13043519,Unknown,Unknown,0.0,Infant_0_20d,Unknown
SAMN13043520,Unknown,Unknown,0.0,Infant_0_20d,Unknown
SAMN13043521,Unknown,Unknown,0.0,Infant_0_20d,Unknown
SAMN13043522,Unknown,Unknown,0.0,Infant_0_20d,Unknown
SAMN13043523,Unknown,Unknown,0.0,Infant_0_20d,Unknown
SAMN13043524,Unknown,Unknown,0.0,Infant_0_20d,Unknown
SAMN13043525,Unknown,Unknown,0.0,Infant_0_20d,Unknown
SAMN13043526,Unknown,Unknown,0.0,Infant_0_20d,Unknown
SAMN13043527,Unknown,Unknown,0.0,Infant_0_20d,Unknown
SAMN13043528,Unknown,Unknown,0.0,Infant_0_20d,Unknown
SAMN13043529,Unknown,Unknown,0.0,Infant_0_20d,Unknown
SAMN13043530,Unknown,Unknown,0.0,Infant_0_20d,Unknown
SAMN13043531,Unknown,Unknown,0.0,Infant_0_20d,Unknown
SAMN13043532,Unknown,Unknown,0.0,Infant_0_20d,Unknown
SAMN13043533,Unknown,Unknown,0.0,Infant_0_20d,Unknown
SAMN13043534,Unknown,Unknown,0.0,Infant_0_20d,Unknown
SAMN13043535,Unknown,Unknown,0.0,Infant_0_20d,Unknown
SAMN13043536,Unknown,Unknown,0.0,Infant_0_20d,Unknown
SAMN13043537,Unknown,Unknown,0.0,Infant_0_20d,Unknown
SAMN13043538,Unknown,Unknown,0.0,Infant_0_20d,Unknown
SAMN13043539,Unknown,Unknown,0.0,Infant_0_20d,Unknown
SAMN13043540,Unknown,Unknown,0.0,Infant_0_20d,Unknown
SAMN13043541,Unknown,Unknown,0.0,Infant_0_20d,Unknown
SAMN13043542,Unknown,Unknown,0.0,Infant_0_20d,Unknown
SAMN13043543,Unknown,Unknown,0.0,Infant_0_20d,Unknown
SAMN13043544,Unknown,Unknown,0.0,Infant_0_20d,Unknown
SAMN13043545,Unknown,Unknown,0.0,Infant_0_20d,Unknown
SAMN13043546,Unknown,Unknown,0.0,Infant_0_20d,Unknown
SAMN13043547,Unknown,Unknown,0.0,Infant_0_20d,Unknown
SAMN13043548,Unknown,Unknown,0.0,Infant_0_20d,Unknown
SAMN13043549,Unknown,Unknown,0.0,Infant_0_20d,Unknown
SAMN13043550,Unknown,Unknown,0.0,Infant_0_20d,Unknown
SAMN13043551,Unknown,Unknown,0.0,Infant_0_20d,Unknown
SAMN13043552,Embryo,Morula,0.0,Infant_0_20d,Unknown
SAMN13043553,Unknown,Unknown,0.0,Infant_0_20d,Unknown
SAMN13043554,Unknown,Unknown,0.0,Infant_0_20d,Unknown
SAMN13043555,Unknown,Unknown,0.0,Infant_0_20d,Unknown
SAMN13043556,Unknown,Unknown,0.0,Infant_0_20d,Unknown
SAMN13043557,Unknown,Unknown,0.0,Infant_0_20d,Unknown
SAMN13043558,Embryo,Morula,0.0,Infant_0_20d,Unknown
SAMN13043559,Unknown,Unknown,0.0,Infant_0_20d,Unknown
SAMN13043560,Unknown,Unknown,0.0,Infant_0_20d,Unknown
SAMN13043561,Unknown,Unknown,0.0,Infant_0_20d,Unknown
SAMN13043562,Unknown,Unknown,0.0,Infant_0_20d,Unknown
SAMN13043563,Unknown,Unknown,0.0,Infant_0_20d,Unknown
SAMN13043564,Unknown,Unknown,0.0,Infant_0_20d,Unknown
SAMN13043565,Embryo,Morula,0.0,Infant_0_20d,Unknown
SAMN13043566,Unknown,Unknown,0.0,Infant_0_20d,Unknown
SAMN13043567,Unknown,Unknown,0.0,Infant_0_20d,Unknown
SAMN13043568,Unknown,Unknown,0.0,Infant_0_20d,Unknown
SAMN13043569,Embryo,Morula,0.0,Infant_0_20d,Unknown
SAMN13043570,Embryo,Morula,0.0,Infant_0_20d,Unknown
SAMN13043571,Embryo,Morula,0.0,Infant_0_20d,Unknown
SAMN13043572,Unknown,Unknown,0.0,Infant_0_20d,Unknown
SAMN13043573,Embryo,Morula,0.0,Infant_0_20d,Unknown
SAMN13043574,Unknown,Unknown,0.0,Infant_0_20d,Unknown
SAMN13043575,Embryo,Morula,0.0,Infant_0_20d,Unknown
SAMN13043576,Unknown,Unknown,0.0,Infant_0_20d,Unknown
SAMN13043577,Embryo,Morula,0.0,Infant_0_20d,Unknown
SAMN13043578,Unknown,Unknown,0.0,Infant_0_20d,Unknown
SAMN13043579,Embryo,Morula,0.0,Infant_0_20d,Unknown
SAMN13043580,Embryo,Morula,0.0,Infant_0_20d,Unknown
SAMN13043581,Embryo,Morula,0.0,Infant_0_20d,Unknown
SAMN13043582,Embryo,Morula,0.0,Infant_0_20d,Unknown
SAMN13043583,Embryo,Morula,0.0,Infant_0_20d,Unknown
SAMN13043584,Embryo,Morula,0.0,Infant_0_20d,Unknown
SAMN13043585,Embryo,Morula,0.0,Infant_0_20d,Unknown
SAMN13043586,Embryo,Morula,0.0,Infant_0_20d,Unknown
SAMN13043587,Embryo,Morula,0.0,Infant_0_20d,Unknown
SAMN13043588,Embryo,Morula,0.0,Infant_0_20d,Unknown
SAMN13043589,Embryo,Morula,0.0,Infant_0_20d,Unknown
SAMN13043590,Unknown,Unknown,0.0,Infant_0_20d,Unknown
SAMN13043591,Embryo,Morula,0.0,Infant_0_20d,Unknown
SAMN13043592,Embryo,Morula,0.0,Infant_0_20d,Unknown
SAMN13043593,Unknown,Unknown,0.0,Infant_0_20d,Unknown
SAMN13043594,Embryo,Morula,0.0,Infant_0_20d,Unknown
SAMN13043595,Unknown,Unknown,0.0,Infant_0_20d,Unknown
SAMN13043596,Embryo,Morula,0.0,Infant_0_20d,Unknown
SAMN13043597,Embryo,Morula,0.0,Infant_0_20d,Unknown
SAMN13043598,Unknown,Unknown,0.0,Infant_0_20d,Unknown
SAMN13043599,Embryo,Morula,0.0,Infant_0_20d,Unknown
SAMN13043600,Embryo,Morula,0.0,Infant_0_20d,Unknown
SAMN13043601,Embryo,Morula,0.0,Infant_0_20d,Unknown
SAMN13043602,Embryo,Morula,0.0,Infant_0_20d,Unknown
SAMN13043603,Unknown,Unknown,0.0,Infant_0_20d,Unknown
SAMN13043604,Unknown,Unknown,0.0,Infant_0_20d,Unknown
SAMN13043605,Unknown,Unknown,0.0,Infant_0_20d,Unknown
SAMN13043606,Unknown,Unknown,0.0,Infant_0_20d,Unknown
SAMN13043607,Unknown,Unknown,0.0,Infant_0_20d,Unknown
SAMN13043608,Unknown,Unknown,0.0,Infant_0_20d,Unknown
SAMN13043609,Unknown,Unknown,0.0,Infant_0_20d,Unknown
SAMN13043610,Unknown,Unknown,0.0,Infant_0_20d,Unknown
SAMN13043611,Unknown,Unknown,0.0,Infant_0_20d,Unknown
SAMN13043612,Unknown,Unknown,0.0,Infant_0_20d,Unknown
SAMN13043613,Embryo,Morula,0.0,Infant_0_20d,Unknown
SAMN13043614,Unknown,Unknown,0.0,Infant_0_20d,Unknown
SAMN13043615,Unknown,Unknown,0.0,Infant_0_20d,Unknown
SAMN13043616,Embryo,Morula,0.0,Infant_0_20d,Unknown
SAMN13043617,Embryo,Morula,0.0,Infant_0_20d,Unknown
SAMN13043618,Embryo,Morula,0.0,Infant_0_20d,Unknown
SAMN13043619,Embryo,Morula,0.0,Infant_0_20d,Unknown
SAMN13043620,Embryo,Morula,0.0,Infant_0_20d,Unknown
SAMN13043621,Unknown,Unknown,0.0,Infant_0_20d,Unknown
SAMN13043622,Embryo,Morula,0.0,Infant_0_20d,Unknown
SAMN13043623,Embryo,Morula,0.0,Infant_0_20d,Unknown
SAMN13043624,Embryo,Morula,0.0,Infant_0_20d,Unknown
SAMN13043625,Unknown,Unknown,0.0,Infant_0_20d,Unknown
SAMN13043626,Unknown,Unknown,0.0,Infant_0_20d,Unknown
SAMN13043627,Embryo,Morula,0.0,Infant_0_20d,Unknown
SAMN13043628,Embryo,Morula,0.0,Infant_0_20d,Unknown
SAMN13043629,Embryo,Morula,0.0,Infant_0_20d,Unknown
SAMN13043630,Unknown,Unknown,0.0,Infant_0_20d,Unknown
SAMN13043631,Embryo,Morula,0.0,Infant_0_20d,Unknown
SAMN13043632,Embryo,Morula,0.0,Infant_0_20d,Unknown
SAMN13043633,Embryo,Morula,0.0,Infant_0_20d,Unknown
SAMN13043634,Embryo,Morula,0.0,Infant_0_20d,Unknown
SAMN13043635,Unknown,Unknown,0.0,Infant_0_20d,Unknown
SAMN13043636,Embryo,Morula,0.0,Infant_0_20d,Unknown
SAMN13043637,Embryo,Morula,0.0,Infant_0_20d,Unknown
SAMN13043638,Embryo,Morula,0.0,Infant_0_20d,Unknown
SAMN13043639,Unknown,Unknown,0.0,Infant_0_20d,Unknown
SAMN13043640,Embryo,Morula,0.0,Infant_0_20d,Unknown
SAMN13043641,Embryo,Morula,0.0,Infant_0_20d,Unknown
SAMN13043642,Unknown,Unknown,0.0,Infant_0_20d,Unknown
SAMN13043643,Embryo,Morula,0.0,Infant_0_20d,Unknown
SAMN13043644,Embryo,Morula,0.0,Infant_0_20d,Unknown
SAMN13043645,Embryo,Morula,0.0,Infant_0_20d,Unknown
SAMN13043646,Embryo,Morula,0.0,Infant_0_20d,Unknown
SAMN13043647,Unknown,Unknown,0.0,Infant_0_20d,Unknown
SAMN13043648,Unknown,Unknown,0.0,Infant_0_20d,Unknown
SAMN13043649,Unknown,Unknown,0.0,Infant_0_20d,Unknown
SAMN13043650,Embryo,Morula,0.0,Infant_0_20d,Unknown
SAMN13043651,Embryo,Morula,0.0,Infant_0_20d,Unknown
SAMN13043652,Embryo,Morula,0.0,Infant_0_20d,Unknown
SAMN13043653,Embryo,Morula,0.0,Infant_0_20d,Unknown
SAMN13043654,Unknown,Unknown,0.0,Infant_0_20d,Unknown
SAMN13043655,Embryo,Morula,0.0,Infant_0_20d,Unknown
SAMN13043656,Embryo,Morula,0.0,Infant_0_20d,Unknown
SAMN13043657,Embryo,Morula,0.0,Infant_0_20d,Unknown
SAMN13043658,Embryo,Morula,0.0,Infant_0_20d,Unknown
SAMN13043659,Embryo,Morula,0.0,Infant_0_20d,Unknown
SAMN13043660,Unknown,Unknown,0.0,Infant_0_20d,Unknown
SAMN13043661,Embryo,Morula,0.0,Infant_0_20d,Unknown
SAMN13043662,Embryo,Morula,0.0,Infant_0_20d,Unknown
SAMN13043663,Embryo,Morula,0.0,Infant_0_20d,Unknown
SAMN13043664,Embryo,Morula,0.0,Infant_0_20d,Unknown
SAMN13043665,Embryo,Morula,0.0,Infant_0_20d,Unknown
SAMN13043666,Embryo,Morula,0.0,Infant_0_20d,Unknown
SAMN13043667,Embryo,Morula,0.0,Infant_0_20d,Unknown
SAMN13043668,Embryo,Morula,0.0,Infant_0_20d,Unknown
SAMN13043669,Embryo,Morula,0.0,Infant_0_20d,Unknown
SAMN13043670,Unknown,Unknown,0.0,Infant_0_20d,Unknown
SAMN13043671,Unknown,Unknown,0.0,Infant_0_20d,Unknown
SAMN13043672,Unknown,Unknown,0.0,Infant_0_20d,Unknown
SAMN13043673,Unknown,Unknown,0.0,Infant_0_20d,Unknown
SAMN13043674,Embryo,Morula,0.0,Infant_0_20d,Unknown
SAMN13043675,Embryo,Morula,0.0,Infant_0_20d,Unknown
SAMN13043676,Embryo,Morula,0.0,Infant_0_20d,Unknown
SAMN13043677,Embryo,Morula,0.0,Infant_0_20d,Unknown
SAMN13043678,Unknown,Unknown,0.0,Infant_0_20d,Unknown
SAMN13043679,Embryo,Morula,0.0,Infant_0_20d,Unknown
SAMN13043680,Embryo,Morula,0.0,Infant_0_20d,Unknown
SAMN13043681,Embryo,Morula,0.0,Infant_0_20d,Unknown
SAMN13043682,Embryo,Morula,0.0,Infant_0_20d,Unknown
SAMN13043683,Embryo,Morula,0.0,Infant_0_20d,Unknown
SAMN13043684,Unknown,Unknown,0.0,Infant_0_20d,Unknown
SAMN13043685,Embryo,Morula,0.0,Infant_0_20d,Unknown
SAMN13043686,Unknown,Unknown,0.0,Infant_0_20d,Unknown
SAMN13043687,Unknown,Unknown,0.0,Infant_0_20d,Unknown
SAMN13043688,Embryo,Morula,0.0,Infant_0_20d,Unknown
SAMN13043689,Embryo,Morula,0.0,Infant_0_20d,Unknown
SAMN13043690,Embryo,Morula,0.0,Infant_0_20d,Unknown
SAMN13043691,Unknown,Unknown,0.0,Infant_0_20d,Unknown
SAMN13043692,Embryo,Morula,0.0,Infant_0_20d,Unknown
SAMN13043693,Unknown,Unknown,0.0,Infant_0_20d,Unknown
SAMN13043694,Embryo,Morula,0.0,Infant_0_20d,Unknown
SAMN13043695,Embryo,Morula,0.0,Infant_0_20d,Unknown
SAMN13043696,Embryo,Morula,0.0,Infant_0_20d,Unknown
SAMN13043697,Embryo,Morula,0.0,Infant_0_20d,Unknown
SAMN13043698,Embryo,Morula,0.0,Infant_0_20d,Unknown
SAMN13043699,Embryo,Morula,0.0,Infant_0_20d,Unknown
SAMN13043700,Embryo,Morula,0.0,Infant_0_20d,Unknown
SAMN13043701,Embryo,Morula,0.0,Infant_0_20d,Unknown
SAMN13043702,Embryo,Morula,0.0,Infant_0_20d,Unknown
SAMN13043703,Embryo,Morula,0.0,Infant_0_20d,Unknown
SAMN13043704,Embryo,Morula,0.0,Infant_0_20d,Unknown
SAMN13043705,Embryo,Morula,0.0,Infant_0_20d,Unknown
SAMN13043706,Embryo,Morula,0.0,Infant_0_20d,Unknown
SAMN13043707,Embryo,Morula,0.0,Infant_0_20d,Unknown
SAMN13043708,Embryo,Morula,0.0,Infant_0_20d,Unknown
SAMN13043709,Embryo,Morula,0.0,Infant_0_20d,Unknown
SAMN13043710,Embryo,Morula,0.0,Infant_0_20d,Unknown
SAMN13043711,Unknown,Unknown,0.0,Infant_0_20d,Unknown
SAMN13043712,Embryo,Morula,0.0,Infant_0_20d,Unknown
SAMN13043713,Embryo,Morula,0.0,Infant_0_20d,Unknown
SAMN13043714,Embryo,Morula,0.0,Infant_0_20d,Unknown
SAMN13043715,Embryo,Morula,0.0,Infant_0_20d,Unknown
SAMN13043716,Embryo,Morula,0.0,Infant_0_20d,Unknown
SAMN13043717,Embryo,Morula,0.0,Infant_0_20d,Unknown
SAMN13043718,Unknown,Unknown,0.0,Infant_0_20d,Unknown
SAMN13043719,Embryo,Morula,0.0,Infant_0_20d,Unknown
SAMN13043720,Embryo,Morula,0.0,Infant_0_20d,Unknown
SAMN13043721,Embryo,Morula,0.0,Infant_0_20d,Unknown
SAMN13043722,Embryo,Morula,0.0,Infant_0_20d,Unknown
SAMN13043723,Embryo,Morula,0.0,Infant_0_20d,Unknown
SAMN13043724,Embryo,Morula,0.0,Infant_0_20d,Unknown
SAMN13043725,Embryo,Morula,0.0,Infant_0_20d,Unknown
SAMN13043726,Embryo,Morula,0.0,Infant_0_20d,Unknown
SAMN13043727,Embryo,Morula,0.0,Infant_0_20d,Unknown
SAMN13043728,Embryo,Morula,0.0,Infant_0_20d,Unknown
SAMN13043729,Embryo,Morula,0.0,Infant_0_20d,Unknown
SAMN13043730,Embryo,Morula,0.0,Infant_0_20d,Unknown
SAMN13043731,Embryo,Morula,0.0,Infant_0_20d,Unknown
SAMN13043732,Embryo,Morula,0.0,Infant_0_20d,Unknown
SAMN13043733,Embryo,Morula,0.0,Infant_0_20d,Unknown
SAMN13043734,Embryo,Morula,0.0,Infant_0_20d,Unknown
SAMN13043735,Embryo,Morula,0.0,Infant_0_20d,Unknown
SAMN13043736,Embryo,Morula,0.0,Infant_0_20d,Unknown
SAMN13043737,Embryo,Morula,0.0,Infant_0_20d,Unknown
SAMN13043738,Embryo,Morula,0.0,Infant_0_20d,Unknown
SAMN13043739,Embryo,Morula,0.0,Infant_0_20d,Unknown
SAMN13043740,Embryo,Morula,0.0,Infant_0_20d,Unknown
SAMN13043741,Embryo,Morula,0.0,Infant_0_20d,Unknown
SAMN13043742,Unknown,Unknown,0.0,Infant_0_20d,Unknown
SAMN13043743,Embryo,Morula,0.0,Infant_0_20d,Unknown
SAMN13043744,Embryo,Morula,0.0,Infant_0_20d,Unknown
SAMN13043745,Embryo,Morula,0.0,Infant_0_20d,Unknown
SAMN13043746,Embryo,Morula,0.0,Infant_0_20d,Unknown
SAMN13043747,Embryo,Morula,0.0,Infant_0_20d,Unknown
SAMN13043748,Embryo,Morula,0.0,Infant_0_20d,Unknown
SAMN13043749,Embryo,Morula,0.0,Infant_0_20d,Unknown
SAMN13043750,Embryo,Morula,0.0,Infant_0_20d,Unknown
SAMN13043751,Embryo,Morula,0.0,Infant_0_20d,Unknown
SAMN13043752,Embryo,Morula,0.0,Infant_0_20d,Unknown
SAMN13043753,Embryo,Morula,0.0,Infant_0_20d,Unknown
SAMN13043754,Embryo,Morula,0.0,Infant_0_20d,Unknown
SAMN13043755,Embryo,Morula,0.0,Infant_0_20d,Unknown
SAMN13043756,Unknown,Unknown,0.0,Infant_0_20d,Unknown
SAMN13043757,Embryo,Morula,0.0,Infant_0_20d,Unknown
SAMN13043758,Embryo,Morula,0.0,Infant_0_20d,Unknown
SAMN13043759,Embryo,Morula,0.0,Infant_0_20d,Unknown
SAMN13043760,Embryo,Morula,0.0,Infant_0_20d,Unknown
SAMN13043761,Embryo,Morula,0.0,Infant_0_20d,Unknown
SAMN13043762,Unknown,Unknown,0.0,Infant_0_20d,Unknown
SAMN13043763,Embryo,Morula,0.0,Infant_0_20d,Unknown
SAMN13043764,Embryo,Morula,0.0,Infant_0_20d,Unknown
SAMN13043765,Embryo,Morula,0.0,Infant_0_20d,Unknown
SAMN13043766,Embryo,Morula,0.0,Infant_0_20d,Unknown
SAMN13043767,Embryo,Morula,0.0,Infant_0_20d,Unknown
SAMN13043768,Embryo,Morula,0.0,Infant_0_20d,Unknown
SAMN13043769,Embryo,Morula,0.0,Infant_0_20d,Unknown
SAMN13043770,Embryo,Morula,0.0,Infant_0_20d,Unknown
SAMN13043771,Embryo,Morula,0.0,Infant_0_20d,Unknown
SAMN13043772,Embryo,Morula,0.0,Infant_0_20d,Unknown
SAMN13043773,Embryo,Morula,0.0,Infant_0_20d,Unknown
SAMN13043774,Embryo,Morula,0.0,Infant_0_20d,Unknown
SAMN13043775,Embryo,Morula,0.0,Infant_0_20d,Unknown
SAMN13043776,Embryo,Morula,0.0,Infant_0_20d,Unknown
SAMN13043777,Embryo,Morula,0.0,Infant_0_20d,Unknown
SAMN13043778,Embryo,Morula,0.0,Infant_0_20d,Unknown
SAMN13043779,Embryo,Morula,0.0,Infant_0_20d,Unknown
SAMN13043780,Embryo,Morula,0.0,Infant_0_20d,Unknown
SAMN13043781,Embryo,Morula,0.0,Infant_0_20d,Unknown
SAMN13043782,Embryo,Morula,0.0,Infant_0_20d,Unknown
SAMN13043783,Embryo,Morula,0.0,Infant_0_20d,Unknown
SAMN13043784,Embryo,Morula,0.0,Infant_0_20d,Unknown
SAMN13043785,Embryo,Morula,0.0,Infant_0_20d,Unknown
SAMN13043786,Embryo,Morula,0.0,Infant_0_20d,Unknown
SAMN13043787,Embryo,Morula,0.0,Infant_0_20d,Unknown
SAMN13043788,Embryo,Morula,0.0,Infant_0_20d,Unknown
SAMN13043789,Embryo,Morula,0.0,Infant_0_20d,Unknown
SAMN13043790,Embryo,Morula,0.0,Infant_0_20d,Unknown
SAMN13043791,Embryo,Morula,0.0,Infant_0_20d,Unknown
SAMN13043792,Embryo,Morula,0.0,Infant_0_20d,Unknown
SAMN13043793,Unknown,Unknown,0.0,Infant_0_20d,Unknown
SAMN13043794,Embryo,Morula,0.0,Infant_0_20d,Unknown
SAMN13043795,Embryo,Morula,0.0,Infant_0_20d,Unknown
SAMN13043796,Embryo,Morula,0.0,Infant_0_20d,Unknown
SAMN13043797,Embryo,Morula,0.0,Infant_0_20d,Unknown
SAMN13043798,Embryo,Morula,0.0,Infant_0_20d,Unknown
SAMN13043799,Unknown,Unknown,0.0,Infant_0_20d,Unknown
SAMN13043800,Unknown,Unknown,0.0,Infant_0_20d,Unknown
SAMN13043801,Embryo,Morula,0.0,Infant_0_20d,Unknown
SAMN13043802,Unknown,Unknown,0.0,Infant_0_20d,Unknown
SAMN13043803,Embryo,Morula,0.0,Infant_0_20d,Unknown
SAMN13043804,Embryo,Morula,0.0,Infant_0_20d,Unknown
SAMN13043805,Embryo,Morula,0.0,Infant_0_20d,Unknown
SAMN13043806,Embryo,Morula,0.0,Infant_0_20d,Unknown
SAMN13043807,Embryo,Morula,0.0,Infant_0_20d,Unknown
SAMN13043808,Unknown,Unknown,0.0,Infant_0_20d,Unknown
SAMN13043809,Embryo,Morula,0.0,Infant_0_20d,Unknown
SAMN13043810,Embryo,Morula,0.0,Infant_0_20d,Unknown
SAMN13043811,Embryo,Morula,0.0,Infant_0_20d,Unknown
SAMN13043812,Embryo,Morula,0.0,Infant_0_20d,Unknown
SAMN13043813,Embryo,Morula,0.0,Infant_0_20d,Unknown
SAMN13043814,Embryo,Morula,0.0,Infant_0_20d,Unknown
SAMN13043815,Embryo,Morula,0.0,Infant_0_20d,Unknown
SAMN13043816,Unknown,Unknown,0.0,Infant_0_20d,Unknown
SAMN13043817,Embryo,Morula,0.0,Infant_0_20d,Unknown
SAMN13043818,Embryo,Morula,0.0,Infant_0_20d,Unknown
SAMN13043819,Embryo,Morula,0.0,Infant_0_20d,Unknown
SAMN13043820,Embryo,Morula,0.0,Infant_0_20d,Unknown
SAMN13043821,Embryo,Morula,0.0,Infant_0_20d,Unknown
SAMN13043822,Embryo,Morula,0.0,Infant_0_20d,Unknown
SAMN13043823,Embryo,Morula,0.0,Infant_0_20d,Unknown
SAMN13043824,Unknown,Unknown,0.0,Infant_0_20d,Unknown
SAMN13043825,Embryo,Morula,0.0,Infant_0_20d,Unknown
SAMN13043826,Embryo,Morula,0.0,Infant_0_20d,Unknown
SAMN13043827,Embryo,Morula,0.0,Infant_0_20d,Unknown
SAMN13043828,Embryo,Morula,0.0,Infant_0_20d,Unknown
SAMN13043829,Embryo,Morula,0.0,Infant_0_20d,Unknown
SAMN13043830,Unknown,Unknown,0.0,Infant_0_20d,Unknown
SAMN13043831,Embryo,Morula,0.0,Infant_0_20d,Unknown
SAMN13043832,Embryo,Morula,0.0,Infant_0_20d,Unknown
SAMN13043833,Embryo,Morula,0.0,Infant_0_20d,Unknown
SAMN13043834,Embryo,Morula,0.0,Infant_0_20d,Unknown
SAMN13043835,Embryo,Morula,0.0,Infant_0_20d,Unknown
SAMN13043836,Embryo,Morula,0.0,Infant_0_20d,Unknown
SAMN13043837,Embryo,Morula,0.0,Infant_0_20d,Unknown
SAMN13043838,Embryo,Morula,0.0,Infant_0_20d,Unknown
SAMN13043839,Embryo,Morula,0.0,Infant_0_20d,Unknown
SAMN13043840,Embryo,Morula,0.0,Infant_0_20d,Unknown
SAMN13043841,Embryo,Morula,0.0,Infant_0_20d,Unknown
SAMN13043842,Embryo,Morula,0.0,Infant_0_20d,Unknown
SAMN13043843,Embryo,Morula,0.0,Infant_0_20d,Unknown
SAMN13043844,Embryo,Morula,0.0,Infant_0_20d,Unknown
SAMN13043845,Embryo,Morula,0.0,Infant_0_20d,Unknown
SAMN13043846,Embryo,Morula,0.0,Infant_0_20d,Unknown
SAMN13043847,Embryo,Morula,0.0,Infant_0_20d,Unknown
SAMN13043848,Embryo,Morula,0.0,Infant_0_20d,Unknown
SAMN13043849,Embryo,Morula,0.0,Infant_0_20d,Unknown
SAMN13043850,Embryo,Morula,0.0,Infant_0_20d,Unknown
SAMN13043851,Embryo,Morula,0.0,Infant_0_20d,Unknown
SAMN13043852,Unknown,Unknown,0.0,Infant_0_20d,Unknown
SAMN13043853,Embryo,Morula,0.0,Infant_0_20d,Unknown
SAMN13043854,Embryo,Morula,0.0,Infant_0_20d,Unknown
SAMN13043855,Embryo,Morula,0.0,Infant_0_20d,Unknown
SAMN13043856,Embryo,Morula,0.0,Infant_0_20d,Unknown
SAMN13043857,Embryo,Morula,0.0,Infant_0_20d,Unknown
SAMN13043858,Embryo,Morula,0.0,Infant_0_20d,Unknown
SAMN13043859,Embryo,Morula,0.0,Infant_0_20d,Unknown
SAMN13043860,Embryo,Morula,0.0,Infant_0_20d,Unknown
SAMN13043861,Embryo,Morula,0.0,Infant_0_20d,Unknown
SAMN13043862,Embryo,Morula,0.0,Infant_0_20d,Unknown
SAMN13043863,Embryo,Morula,0.0,Infant_0_20d,Unknown
SAMN13043864,Embryo,Morula,0.0,Infant_0_20d,Unknown
SAMN13043865,Embryo,Morula,0.0,Infant_0_20d,Unknown
SAMN13043866,Embryo,Morula,0.0,Infant_0_20d,Unknown
SAMN13043867,Embryo,Morula,0.0,Infant_0_20d,Unknown
SAMN13043868,Embryo,Morula,0.0,Infant_0_20d,Unknown
SAMN13043869,Embryo,Morula,0.0,Infant_0_20d,Unknown
SAMN13043870,Embryo,Morula,0.0,Infant_0_20d,Unknown
SAMN13043871,Embryo,Morula,0.0,Infant_0_20d,Unknown
SAMN13043872,Unknown,Unknown,0.0,Infant_0_20d,Unknown
SAMN13043873,Embryo,Morula,0.0,Infant_0_20d,Unknown
SAMN13043874,Embryo,Morula,0.0,Infant_0_20d,Unknown
SAMN13043875,Embryo,Morula,0.0,Infant_0_20d,Unknown
SAMN13043876,Embryo,Morula,0.0,Infant_0_20d,Unknown
SAMN13043877,Embryo,Morula,0.0,Infant_0_20d,Unknown
SAMN13043878,Embryo,Morula,0.0,Infant_0_20d,Unknown
SAMN13043879,Unknown,Unknown,0.0,Infant_0_20d,Unknown
SAMN13043880,Unknown,Unknown,0.0,Infant_0_20d,Unknown
SAMN13043881,Unknown,Unknown,0.0,Infant_0_20d,Unknown
SAMN13243672,IPEC,IPEC,,Adult_>365d,Unknown
SAMN13243673,IPEC,IPEC,,Adult_>365d,Unknown
SAMN13243674,IPEC,IPEC,,Adult_>365d,Unknown
SAMN13243675,IPEC,IPEC,,Adult_>365d,Unknown
SAMN13243676,IPEC,IPEC,,Adult_>365d,Unknown
SAMN13243677,IPEC,IPEC,,Adult_>365d,Unknown
SAMN13053356,Other,Other,,Adult_>365d,Unknown
SAMN13053357,Other,Other,,Adult_>365d,Unknown
SAMN13053358,Other,Other,,Adult_>365d,Unknown
SAMN13440806,Other,Other,1460.0,Adult_>365d,Female
SAMN13440807,Other,Other,1460.0,Adult_>365d,Female
SAMN13440808,Other,Other,1460.0,Adult_>365d,Female
SAMN13058849,Liver,Liver,150.0,Post_pubertal_150_365d,Female
SAMN13058850,Liver,Liver,150.0,Post_pubertal_150_365d,Female
SAMN13058851,Liver,Liver,150.0,Post_pubertal_150_365d,Female
SAMN13058852,Liver,Liver,150.0,Post_pubertal_150_365d,Female
SAMN13058853,Liver,Liver,150.0,Post_pubertal_150_365d,Female
SAMN13058854,Liver,Liver,150.0,Post_pubertal_150_365d,Female
SAMN13058855,Liver,Liver,150.0,Post_pubertal_150_365d,Female
SAMN13058856,Liver,Liver,150.0,Post_pubertal_150_365d,Female
SAMN13058857,Liver,Liver,150.0,Post_pubertal_150_365d,Female
SAMN13058858,Liver,Liver,150.0,Post_pubertal_150_365d,Female
SAMN13058859,Liver,Liver,150.0,Post_pubertal_150_365d,Female
SAMN13058860,Liver,Liver,150.0,Post_pubertal_150_365d,Female
SAMN13108037,Muscle,Muscle,178.0,Post_pubertal_150_365d,Unknown
SAMN13108039,Muscle,Muscle,178.0,Post_pubertal_150_365d,Unknown
SAMN13108040,Muscle,Muscle,178.0,Post_pubertal_150_365d,Unknown
SAMN13108042,Muscle,Muscle,178.0,Post_pubertal_150_365d,Unknown
SAMN13108043,Muscle,Muscle,178.0,Post_pubertal_150_365d,Unknown
SAMN13108044,Muscle,Muscle,178.0,Post_pubertal_150_365d,Unknown
SAMN13110703,Small intestine,Small intestine,,Adult_>365d,Female
SAMN13110704,Small intestine,Small intestine,,Adult_>365d,Female
SAMN13110705,Small intestine,Small intestine,,Adult_>365d,Male
SAMN13110706,Small intestine,Small intestine,,Adult_>365d,Male
SAMN13110707,Small intestine,Small intestine,,Adult_>365d,Female
SAMN13110708,Small intestine,Small intestine,,Adult_>365d,Male
SAMN13110710,Small intestine,Small intestine,,Adult_>365d,Male
SAMN13110711,Small intestine,Small intestine,,Adult_>365d,Male
SAMN13110712,Small intestine,Small intestine,,Adult_>365d,Male
SAMN13110713,Small intestine,Small intestine,,Adult_>365d,Male
SAMN13110714,Small intestine,Small intestine,,Adult_>365d,Female
SAMN13110715,Small intestine,Small intestine,,Adult_>365d,Female
SAMN13110716,Small intestine,Small intestine,,Adult_>365d,Female
SAMN13110717,Small intestine,Small intestine,,Adult_>365d,Male
SAMN13110718,Small intestine,Small intestine,,Adult_>365d,Male
SAMN13110720,Small intestine,Small intestine,,Adult_>365d,Female
SAMN13110721,Small intestine,Small intestine,,Adult_>365d,Female
SAMN13110723,Small intestine,Small intestine,,Adult_>365d,Male
SAMN13110724,Small intestine,Small intestine,,Adult_>365d,Male
SAMN13110725,Small intestine,Small intestine,,Adult_>365d,Female
SAMN13110727,Small intestine,Small intestine,,Adult_>365d,Male
SAMN13110728,Small intestine,Small intestine,,Adult_>365d,Male
SAMN13110729,Small intestine,Small intestine,,Adult_>365d,Female
SAMN13110730,Small intestine,Small intestine,,Adult_>365d,Female
SAMN13110731,Small intestine,Small intestine,,Adult_>365d,Female
SAMN13110732,Small intestine,Small intestine,,Adult_>365d,Female
SAMN13110733,Small intestine,Small intestine,,Adult_>365d,Female
SAMN13110734,Small intestine,Small intestine,,Adult_>365d,Female
SAMN13110735,Small intestine,Small intestine,,Adult_>365d,Female
SAMN13110736,Small intestine,Small intestine,,Adult_>365d,Female
SAMN13110737,Small intestine,Small intestine,,Adult_>365d,Male
SAMN13110738,Small intestine,Small intestine,,Adult_>365d,Male
SAMN13110739,Small intestine,Small intestine,,Adult_>365d,Female
SAMN13110740,Small intestine,Small intestine,,Adult_>365d,Female
SAMN13110742,Small intestine,Small intestine,,Adult_>365d,Male
SAMN13110743,Small intestine,Small intestine,,Adult_>365d,Male
SAMN13110744,Small intestine,Small intestine,,Adult_>365d,Male
SAMN13110746,Small intestine,Small intestine,,Adult_>365d,Female
SAMN13110747,Small intestine,Small intestine,,Adult_>365d,Female
SAMN13110749,Small intestine,Small intestine,,Adult_>365d,Male
SAMN13164490,Oocyte,Oocyte,,Adult_>365d,Female
SAMN13164491,Oocyte,Oocyte,,Adult_>365d,Female
SAMN13164492,Oocyte,Oocyte,,Adult_>365d,Female
SAMN13164493,Oocyte,Oocyte,,Adult_>365d,Female
SAMN13164494,Oocyte,Oocyte,,Adult_>365d,Female
SAMN13164495,Oocyte,Oocyte,,Adult_>365d,Female
SAMN13149018,Embryo,Blastomere,0.0,Infant_0_20d,Unknown
SAMN13149019,Embryo,Blastomere,0.0,Infant_0_20d,Unknown
SAMN13149020,Embryo,Blastomere,0.0,Infant_0_20d,Unknown
SAMN13149021,Oocyte,Oocyte,,Adult_>365d,Unknown
SAMN13149023,Oocyte,Oocyte,,Adult_>365d,Unknown
SAMN13149024,Embryo,Blastomere,0.0,Infant_0_20d,Unknown
SAMN13149025,Embryo,Blastomere,0.0,Infant_0_20d,Unknown
SAMN13149026,Embryo,Blastomere,0.0,Infant_0_20d,Unknown
SAMN13149027,Embryo,Blastomere,0.0,Infant_0_20d,Unknown
SAMN13149028,Embryo,Blastomere,0.0,Infant_0_20d,Unknown
SAMN13149029,Embryo,Blastomere,0.0,Infant_0_20d,Unknown
SAMN13149030,Embryo,Blastomere,0.0,Infant_0_20d,Unknown
SAMN13149031,Embryo,Blastomere,0.0,Infant_0_20d,Unknown
SAMN13149032,Embryo,Blastomere,0.0,Infant_0_20d,Unknown
SAMN13149033,Embryo,Blastomere,0.0,Infant_0_20d,Unknown
SAMN13149034,Embryo,Blastomere,0.0,Infant_0_20d,Unknown
SAMN13149035,Embryo,Blastomere,0.0,Infant_0_20d,Unknown
SAMN13149036,Embryo,Blastomere,0.0,Infant_0_20d,Unknown
SAMN13149037,Embryo,Blastomere,0.0,Infant_0_20d,Unknown
SAMN13149038,Embryo,Blastomere,0.0,Infant_0_20d,Unknown
SAMN13149039,Embryo,Blastomere,0.0,Infant_0_20d,Unknown
SAMN13149040,Embryo,Blastomere,0.0,Infant_0_20d,Unknown
SAMN13149047,Embryo,Blastomere,0.0,Infant_0_20d,Unknown
SAMN13149048,Embryo,Blastomere,0.0,Infant_0_20d,Unknown
SAMN13149049,Embryo,Blastomere,0.0,Infant_0_20d,Unknown
SAMN13149050,Embryo,Blastomere,0.0,Infant_0_20d,Unknown
SAMN13149051,Embryo,Blastomere,0.0,Infant_0_20d,Unknown
SAMN13149052,Embryo,Blastomere,0.0,Infant_0_20d,Unknown
SAMN13149053,Embryo,Blastomere,0.0,Infant_0_20d,Unknown
SAMN13149054,Embryo,Blastomere,0.0,Infant_0_20d,Unknown
SAMN13149055,Embryo,Blastomere,0.0,Infant_0_20d,Unknown
SAMN13149056,Embryo,Blastomere,0.0,Infant_0_20d,Unknown
SAMN13149057,Embryo,Blastomere,0.0,Infant_0_20d,Unknown
SAMN13149058,Embryo,Blastomere,0.0,Infant_0_20d,Unknown
SAMN13149059,Embryo,Blastomere,0.0,Infant_0_20d,Unknown
SAMN13149060,Embryo,Blastomere,0.0,Infant_0_20d,Unknown
SAMN13149061,Embryo,Blastomere,0.0,Infant_0_20d,Unknown
SAMN13149062,Embryo,Blastomere,0.0,Infant_0_20d,Unknown
SAMN13149063,Embryo,Blastomere,0.0,Infant_0_20d,Unknown
SAMN13149064,Embryo,Blastomere,0.0,Infant_0_20d,Unknown
SAMN13149065,Embryo,Blastomere,0.0,Infant_0_20d,Unknown
SAMN13149066,Embryo,Blastomere,0.0,Infant_0_20d,Unknown
SAMN13149067,Embryo,Blastomere,0.0,Infant_0_20d,Unknown
SAMN13149068,Embryo,Blastomere,0.0,Infant_0_20d,Unknown
SAMN13149069,Embryo,Blastomere,0.0,Infant_0_20d,Unknown
SAMN13149070,Embryo,Blastomere,0.0,Infant_0_20d,Unknown
SAMN13149071,Embryo,Blastomere,0.0,Infant_0_20d,Unknown
SAMN13149072,Embryo,Blastomere,0.0,Infant_0_20d,Unknown
SAMN13149073,Embryo,Blastomere,0.0,Infant_0_20d,Unknown
SAMN13149074,Embryo,Blastomere,0.0,Infant_0_20d,Unknown
SAMN13149075,Embryo,Blastomere,0.0,Infant_0_20d,Unknown
SAMN13149076,Embryo,Blastomere,0.0,Infant_0_20d,Unknown
SAMN13149077,Embryo,Blastomere,0.0,Infant_0_20d,Unknown
SAMN13149078,Embryo,Blastomere,0.0,Infant_0_20d,Unknown
SAMN13149079,Embryo,Blastomere,0.0,Infant_0_20d,Unknown
SAMN13149080,Embryo,Blastomere,0.0,Infant_0_20d,Unknown
SAMN13149081,Embryo,Blastomere,0.0,Infant_0_20d,Unknown
SAMN13149082,Embryo,Blastomere,0.0,Infant_0_20d,Unknown
SAMN13149083,Embryo,Blastomere,0.0,Infant_0_20d,Unknown
SAMN13149084,Embryo,Blastomere,0.0,Infant_0_20d,Unknown
SAMN13149085,Embryo,Blastomere,0.0,Infant_0_20d,Unknown
SAMN13149086,Embryo,Blastomere,0.0,Infant_0_20d,Unknown
SAMN13149087,Embryo,Blastomere,0.0,Infant_0_20d,Unknown
SAMN13149088,Embryo,Blastomere,0.0,Infant_0_20d,Unknown
SAMN13149089,Embryo,Blastomere,0.0,Infant_0_20d,Unknown
SAMN13149090,Embryo,Blastomere,0.0,Infant_0_20d,Unknown
SAMN13149091,Embryo,Blastomere,0.0,Infant_0_20d,Unknown
SAMN13149093,Embryo,Blastomere,0.0,Infant_0_20d,Unknown
SAMN13149095,Embryo,Blastomere,0.0,Infant_0_20d,Unknown
SAMN13149096,Embryo,Blastomere,0.0,Infant_0_20d,Unknown
SAMN13149097,Embryo,Blastomere,0.0,Infant_0_20d,Unknown
SAMN13149098,Embryo,Blastomere,0.0,Infant_0_20d,Unknown
SAMN13149099,Embryo,Blastomere,0.0,Infant_0_20d,Unknown
SAMN13149100,Embryo,Blastomere,0.0,Infant_0_20d,Unknown
SAMN13149101,Embryo,Blastomere,0.0,Infant_0_20d,Unknown
SAMN13149102,Embryo,Blastomere,0.0,Infant_0_20d,Unknown
SAMN13149105,Embryo,Blastomere,0.0,Infant_0_20d,Unknown
SAMN13149106,Embryo,Blastomere,0.0,Infant_0_20d,Unknown
SAMN13149107,Embryo,Blastomere,0.0,Infant_0_20d,Unknown
SAMN13149108,Embryo,Blastomere,0.0,Infant_0_20d,Unknown
SAMN13149109,Embryo,Blastomere,0.0,Infant_0_20d,Unknown
SAMN13149110,Embryo,Blastomere,0.0,Infant_0_20d,Unknown
SAMN13149111,Embryo,Blastomere,0.0,Infant_0_20d,Unknown
SAMN13149112,Embryo,Blastomere,0.0,Infant_0_20d,Unknown
SAMN13149113,Embryo,Blastomere,0.0,Infant_0_20d,Unknown
SAMN13149115,Embryo,Blastomere,0.0,Infant_0_20d,Unknown
SAMN13149116,Embryo,Blastomere,0.0,Infant_0_20d,Unknown
SAMN13149117,Embryo,Blastomere,0.0,Infant_0_20d,Unknown
SAMN15762640,Brain,Brain,,Adult_>365d,Female
SAMN15762641,Brain,Brain,,Adult_>365d,Female
SAMN15762642,Heart,Heart,,Adult_>365d,Female
SAMN15762643,Kidney,Kidney,,Adult_>365d,Female
SAMN15762644,Liver,Liver,,Adult_>365d,Female
SAMN15762645,Ovary,Ovary,,Adult_>365d,Female
SAMN15762646,Brain,Brain,,Adult_>365d,Male
SAMN15762647,Brain,Brain,,Adult_>365d,Male
SAMN15762648,Heart,Heart,,Adult_>365d,Male
SAMN15762649,Kidney,Kidney,,Adult_>365d,Male
SAMN15762650,Liver,Liver,,Adult_>365d,Male
SAMN15762651,Testis,Testis,,Adult_>365d,Male
SAMN13285951,Artery,Artery,,Adult_>365d,Unknown
SAMN13285952,Artery,Artery,,Adult_>365d,Unknown
SAMN13285953,Artery,Artery,,Adult_>365d,Unknown
SAMN13285954,Artery,Artery,,Adult_>365d,Unknown
SAMN13285955,Artery,Artery,,Adult_>365d,Unknown
SAMN13285956,Artery,Artery,,Adult_>365d,Unknown
SAMN13285957,Artery,Artery,,Adult_>365d,Unknown
SAMN13285958,Artery,Artery,,Adult_>365d,Unknown
SAMN13285959,Artery,Artery,,Adult_>365d,Unknown
SAMN13286358,Fibroblast,Fibroblast,,Adult_>365d,Unknown
SAMN13286359,Fibroblast,Fibroblast,,Adult_>365d,Unknown
SAMN13286360,Fibroblast,Fibroblast,,Adult_>365d,Unknown
SAMN13286361,Embryo,Embryo,,Adult_>365d,Unknown
SAMN13286362,Embryo,Embryo,,Adult_>365d,Unknown
SAMN13286363,Embryo,Embryo,,Adult_>365d,Unknown
SAMN13292006,Muscle,Muscle,,Adult_>365d,Female
SAMN13292007,Muscle,Muscle,,Adult_>365d,Female
SAMN13292008,Muscle,Muscle,,Adult_>365d,Male
SAMN13292009,Muscle,Muscle,,Adult_>365d,Male
SAMN13292010,Muscle,Muscle,,Adult_>365d,Female
SAMN13292011,Muscle,Muscle,,Adult_>365d,Male
SAMN13292012,Muscle,Muscle,,Adult_>365d,Female
SAMN13292013,Muscle,Muscle,,Adult_>365d,Male
SAMN13292014,Muscle,Muscle,,Adult_>365d,Female
SAMN13292015,Muscle,Muscle,,Adult_>365d,Female
SAMN13292016,Muscle,Muscle,,Adult_>365d,Female
SAMN13292017,Muscle,Muscle,,Adult_>365d,Male
SAMN13292018,Muscle,Muscle,,Adult_>365d,Female
SAMN13292019,Muscle,Muscle,,Adult_>365d,Male
SAMN13292020,Muscle,Muscle,,Adult_>365d,Male
SAMN13292021,Muscle,Muscle,,Adult_>365d,Male
SAMN13292025,Muscle,Muscle,,Adult_>365d,Female
SAMN13292026,Muscle,Muscle,,Adult_>365d,Male
SAMN13292027,Muscle,Muscle,,Adult_>365d,Male
SAMN13292028,Muscle,Muscle,,Adult_>365d,Male
SAMN13292029,Muscle,Muscle,,Adult_>365d,Female
SAMN13292030,Muscle,Muscle,,Adult_>365d,Female
SAMN13292031,Muscle,Muscle,,Adult_>365d,Female
SAMN13292032,Muscle,Muscle,,Adult_>365d,Male
SAMN13292033,Muscle,Muscle,,Adult_>365d,Male
SAMN13292034,Muscle,Muscle,,Adult_>365d,Female
SAMN13292035,Muscle,Muscle,,Adult_>365d,Female
SAMN13292036,Muscle,Muscle,,Adult_>365d,Male
SAMN13292037,Muscle,Muscle,,Adult_>365d,Female
SAMN13292038,Muscle,Muscle,,Adult_>365d,Female
SAMN13292039,Muscle,Muscle,,Adult_>365d,Male
SAMN13292040,Muscle,Muscle,,Adult_>365d,Male
SAMN13471361,Other,Other,,Adult_>365d,Unknown
SAMN13471412,Other,Other,,Adult_>365d,Unknown
SAMN13471413,Other,Other,,Adult_>365d,Unknown
SAMN13471414,Other,Other,,Adult_>365d,Unknown
SAMN13471415,Other,Other,,Adult_>365d,Unknown
SAMN13471416,Other,Other,,Adult_>365d,Unknown
SAMN13471417,Other,Other,,Adult_>365d,Unknown
SAMN13471418,Other,Other,,Adult_>365d,Unknown
SAMN13471419,Other,Other,,Adult_>365d,Unknown
SAMN13471420,Other,Other,,Adult_>365d,Unknown
SAMN13471421,Other,Other,,Adult_>365d,Unknown
SAMN13471422,Other,Other,,Adult_>365d,Unknown
SAMN13471423,Other,Other,,Adult_>365d,Unknown
SAMN13471424,Other,Other,,Adult_>365d,Unknown
SAMN13471425,Other,Other,,Adult_>365d,Unknown
SAMN13540876,Lung,Lung,70.0,Pre_pubertal_60_149d,Unknown
SAMN13540877,Lung,Lung,70.0,Pre_pubertal_60_149d,Unknown
SAMN13540878,Lung,Lung,70.0,Pre_pubertal_60_149d,Unknown
SAMN13540879,Lung,Lung,70.0,Pre_pubertal_60_149d,Unknown
SAMN13540880,Lung,Lung,70.0,Pre_pubertal_60_149d,Unknown
SAMN13540881,Lung,Lung,70.0,Pre_pubertal_60_149d,Unknown
SAMN13540882,Lung,Lung,70.0,Pre_pubertal_60_149d,Unknown
SAMN13540883,Lung,Lung,77.0,Pre_pubertal_60_149d,Male
SAMN13540884,Lung,Lung,77.0,Pre_pubertal_60_149d,Male
SAMN13540885,Lung,Lung,77.0,Pre_pubertal_60_149d,Male
SAMN13540886,Lung,Lung,49.0,Early childhood_21_59d,Female
SAMN13540887,Lung,Lung,49.0,Early childhood_21_59d,Female
SAMN13540888,Lung,Lung,49.0,Early childhood_21_59d,Male
SAMN13540889,Lung,Lung,49.0,Early childhood_21_59d,Male
SAMN13492403,Testis,Testis,,Adult_>365d,Unknown
SAMN13492404,Testis,Testis,,Adult_>365d,Unknown
SAMN13492405,Testis,Testis,,Adult_>365d,Unknown
SAMN13492406,Testis,Testis,,Adult_>365d,Unknown
SAMN13492407,Testis,Testis,,Adult_>365d,Unknown
SAMN13492408,Testis,Testis,,Adult_>365d,Unknown
SAMN13492409,Testis,Testis,,Adult_>365d,Unknown
SAMN13492410,Testis,Testis,,Adult_>365d,Male
SAMN13492411,Testis,Testis,,Adult_>365d,Male
SAMN13492412,Testis,Testis,,Adult_>365d,Male
SAMN13492413,Testis,Testis,,Adult_>365d,Male
SAMN13492414,Testis,Testis,,Adult_>365d,Male
SAMN13492415,Testis,Testis,,Adult_>365d,Male
SAMN13492416,Testis,Testis,,Adult_>365d,Male
SAMN13492417,Testis,Testis,,Adult_>365d,Male
SAMN13492418,Testis,Testis,,Adult_>365d,Male
SAMN13492419,Testis,Testis,,Adult_>365d,Male
SAMN13492420,Testis,Testis,,Adult_>365d,Male
SAMN13492421,Testis,Testis,,Adult_>365d,Male
SAMN13492422,Testis,Testis,,Adult_>365d,Male
SAMN13492423,Testis,Testis,,Adult_>365d,Male
SAMN13496963,Uterus,Uterus,,Adult_>365d,Unknown
SAMN13496964,Uterus,Uterus,,Adult_>365d,Unknown
SAMN13511533,Muscle,Muscle,,Adult_>365d,Unknown
SAMN13511534,Muscle,Muscle,,Adult_>365d,Unknown
SAMN13511535,Muscle,Muscle,,Adult_>365d,Unknown
SAMN13511536,Muscle,Muscle,,Adult_>365d,Unknown
SAMN13511537,Muscle,Muscle,,Adult_>365d,Unknown
SAMN13511563,Muscle,Muscle,,Adult_>365d,Unknown
SAMN13548527,iPS,iPS,,Adult_>365d,Unknown
SAMN13548528,iPS,iPS,,Adult_>365d,Unknown
SAMN13548529,iPS,iPS,,Adult_>365d,Unknown
SAMN13548530,iPS,iPS,,Adult_>365d,Unknown
SAMN13548531,iPS,iPS,,Adult_>365d,Unknown
SAMN13548532,iPS,iPS,,Adult_>365d,Unknown
SAMN13548533,iPS,iPS,,Adult_>365d,Unknown
SAMN13548534,iPS,iPS,,Adult_>365d,Unknown
SAMN13548536,iPS,iPS,,Adult_>365d,Unknown
SAMN13548538,iPS,iPS,,Adult_>365d,Unknown
SAMN13548539,iPS,iPS,,Adult_>365d,Unknown
SAMN13548541,iPS,iPS,,Adult_>365d,Unknown
SAMN13676539,Adipose,Adipose,14.0,Infant_0_20d,male
SAMN13676540,Adipose,Adipose,14.0,Infant_0_20d,male
SAMN13676541,Heart,Heart,14.0,Infant_0_20d,male
SAMN13676542,Heart,Heart,14.0,Infant_0_20d,male
SAMN13676543,Liver,Liver,14.0,Infant_0_20d,male
SAMN13676544,Liver,Liver,14.0,Infant_0_20d,male
SAMN13676545,Muscle,Muscle,14.0,Infant_0_20d,male
SAMN13676546,Muscle,Muscle,14.0,Infant_0_20d,male
SAMN13676547,Spleen,Spleen,14.0,Infant_0_20d,male
SAMN13676548,Spleen,Spleen,14.0,Infant_0_20d,male
SAMN13676549,Adipose,Adipose,14.0,Infant_0_20d,male
SAMN13676550,Adipose,Adipose,14.0,Infant_0_20d,male
SAMN13676551,Heart,Heart,14.0,Infant_0_20d,male
SAMN13676552,Heart,Heart,14.0,Infant_0_20d,male
SAMN13676553,Liver,Liver,14.0,Infant_0_20d,male
SAMN13676554,Liver,Liver,14.0,Infant_0_20d,male
SAMN13676555,Muscle,Muscle,14.0,Infant_0_20d,male
SAMN13676556,Muscle,Muscle,14.0,Infant_0_20d,male
SAMN13676557,Spleen,Spleen,14.0,Infant_0_20d,male
SAMN13676558,Spleen,Spleen,14.0,Infant_0_20d,male
SAMN13676559,Adipose,Adipose,14.0,Infant_0_20d,male
SAMN13676560,Adipose,Adipose,14.0,Infant_0_20d,male
SAMN13676561,Heart,Heart,14.0,Infant_0_20d,male
SAMN13676562,Heart,Heart,14.0,Infant_0_20d,male
SAMN13676563,Liver,Liver,14.0,Infant_0_20d,male
SAMN13676564,Liver,Liver,14.0,Infant_0_20d,male
SAMN13676565,Muscle,Muscle,14.0,Infant_0_20d,male
SAMN13676566,Muscle,Muscle,14.0,Infant_0_20d,male
SAMN13676567,Spleen,Spleen,14.0,Infant_0_20d,male
SAMN13676568,Spleen,Spleen,14.0,Infant_0_20d,male
SAMN13676576,Adipose,Adipose,14.0,Infant_0_20d,male
SAMN13676577,Adipose,Adipose,14.0,Infant_0_20d,male
SAMN13676578,Heart,Heart,14.0,Infant_0_20d,male
SAMN13676579,Heart,Heart,14.0,Infant_0_20d,male
SAMN13676580,Liver,Liver,14.0,Infant_0_20d,male
SAMN13676581,Liver,Liver,14.0,Infant_0_20d,male
SAMN13676582,Muscle,Muscle,14.0,Infant_0_20d,male
SAMN13676583,Muscle,Muscle,14.0,Infant_0_20d,male
SAMN13676584,Spleen,Spleen,14.0,Infant_0_20d,male
SAMN13676585,Spleen,Spleen,14.0,Infant_0_20d,male
SAMN13676586,Brain,Cerebellum,14.0,Infant_0_20d,male
SAMN13676587,Brain,Cerebellum,14.0,Infant_0_20d,male
SAMN13676588,Brain,Cerebrum,14.0,Infant_0_20d,male
SAMN13676589,Brain,Cerebrum,14.0,Infant_0_20d,male
SAMN13676590,Small intestine,Duodenum,14.0,Infant_0_20d,male
SAMN13676591,Small intestine,Duodenum,14.0,Infant_0_20d,male
SAMN13676592,Kidney,Kidney,14.0,Infant_0_20d,male
SAMN13676593,Kidney,Kidney,14.0,Infant_0_20d,male
SAMN13676594,Lung,Lung,14.0,Infant_0_20d,male
SAMN13676595,Lung,Lung,14.0,Infant_0_20d,male
SAMN13676598,Other,Other,14.0,Infant_0_20d,male
SAMN13676599,Other,Other,14.0,Infant_0_20d,male
SAMN13694285,Liver,Liver,1.0,Infant_0_20d,Female
SAMN13694286,Liver,Liver,1.0,Infant_0_20d,Female
SAMN13694287,Liver,Liver,1.0,Infant_0_20d,Female
SAMN13694288,Liver,Liver,1.0,Infant_0_20d,Female
SAMN13694289,Liver,Liver,1.0,Infant_0_20d,Male
SAMN13694290,Liver,Liver,1.0,Infant_0_20d,Male
SAMN13694291,Liver,Liver,1.0,Infant_0_20d,Male
SAMN13694292,Liver,Liver,1.0,Infant_0_20d,Male
SAMN13694293,Liver,Liver,7.0,Infant_0_20d,Female
SAMN13694294,Liver,Liver,7.0,Infant_0_20d,Female
SAMN13694295,Liver,Liver,7.0,Infant_0_20d,Female
SAMN13694296,Liver,Liver,7.0,Infant_0_20d,Female
SAMN13694297,Liver,Liver,7.0,Infant_0_20d,Male
SAMN13694298,Liver,Liver,7.0,Infant_0_20d,Male
SAMN13694299,Liver,Liver,7.0,Infant_0_20d,Male
SAMN13694300,Liver,Liver,28.0,Early childhood_21_59d,Female
SAMN13694301,Liver,Liver,28.0,Early childhood_21_59d,Female
SAMN13694302,Liver,Liver,28.0,Early childhood_21_59d,Female
SAMN13694303,Liver,Liver,28.0,Early childhood_21_59d,Male
SAMN13694304,Liver,Liver,28.0,Early childhood_21_59d,Male
SAMN13694305,Liver,Liver,28.0,Early childhood_21_59d,Male
SAMN13694306,Liver,Liver,1.0,Infant_0_20d,Female
SAMN13694307,Liver,Liver,1.0,Infant_0_20d,Female
SAMN13694308,Liver,Liver,1.0,Infant_0_20d,Female
SAMN13694309,Liver,Liver,1.0,Infant_0_20d,Female
SAMN13694310,Liver,Liver,1.0,Infant_0_20d,Male
SAMN13694311,Liver,Liver,1.0,Infant_0_20d,Male
SAMN13694312,Liver,Liver,1.0,Infant_0_20d,Male
SAMN13694313,Liver,Liver,1.0,Infant_0_20d,Male
SAMN13694314,Liver,Liver,7.0,Infant_0_20d,Female
SAMN13694315,Liver,Liver,7.0,Infant_0_20d,Female
SAMN13694316,Liver,Liver,7.0,Infant_0_20d,Female
SAMN13694317,Liver,Liver,7.0,Infant_0_20d,Female
SAMN13694318,Liver,Liver,7.0,Infant_0_20d,Male
SAMN13694319,Liver,Liver,7.0,Infant_0_20d,Male
SAMN13694320,Liver,Liver,7.0,Infant_0_20d,Male
SAMN13694321,Liver,Liver,28.0,Early childhood_21_59d,Female
SAMN13694322,Liver,Liver,28.0,Early childhood_21_59d,Female
SAMN13694323,Liver,Liver,28.0,Early childhood_21_59d,Female
SAMN13694324,Liver,Liver,28.0,Early childhood_21_59d,Male
SAMN13694325,Liver,Liver,28.0,Early childhood_21_59d,Male
SAMN13694326,Liver,Liver,28.0,Early childhood_21_59d,Male
SAMN13707130,Lung,Lung,1.0,Infant_0_20d,Female
SAMN13707131,Lung,Lung,1.0,Infant_0_20d,Female
SAMN13707132,Lung,Lung,1.0,Infant_0_20d,Male
SAMN13707133,Lung,Lung,1.0,Infant_0_20d,Male
SAMN13707134,Lung,Lung,1.0,Infant_0_20d,Female
SAMN13707135,Lung,Lung,1.0,Infant_0_20d,Female
SAMN13707136,Lung,Lung,1.0,Infant_0_20d,Female
SAMN13707137,Lung,Lung,1.0,Infant_0_20d,Female
SAMN13707138,Lung,Lung,1.0,Infant_0_20d,Female
SAMN13707139,Lung,Lung,1.0,Infant_0_20d,Female
SAMN13707140,Lung,Lung,1.0,Infant_0_20d,Female
SAMN13707141,Lung,Lung,1.0,Infant_0_20d,Female
SAMN13707142,Lung,Lung,1.0,Infant_0_20d,Female
SAMN13707143,Lung,Lung,1.0,Infant_0_20d,Male
SAMN13707144,Lung,Lung,1.0,Infant_0_20d,Male
SAMN13707145,Lung,Lung,1.0,Infant_0_20d,Male
SAMN13707146,Lung,Lung,1.0,Infant_0_20d,Female
SAMN13707147,Lung,Lung,1.0,Infant_0_20d,Female
SAMN13707148,Lung,Lung,1.0,Infant_0_20d,Female
SAMN13707149,Lung,Lung,1.0,Infant_0_20d,Male
SAMN13707150,Lung,Lung,1.0,Infant_0_20d,Female
SAMN13707151,Lung,Lung,1.0,Infant_0_20d,Female
SAMN13707152,Lung,Lung,1.0,Infant_0_20d,Male
SAMN13707153,Lung,Lung,1.0,Infant_0_20d,Male
SAMN13707220,Small intestine,Jejunum,1.0,Infant_0_20d,Male
SAMN13707222,Small intestine,Jejunum,1.0,Infant_0_20d,Male
SAMN13707224,Small intestine,Jejunum,1.0,Infant_0_20d,Male
SAMN13707226,Small intestine,Jejunum,1.0,Infant_0_20d,Male
SAMN13707228,Small intestine,Jejunum,1.0,Infant_0_20d,Male
SAMN13707230,Small intestine,Jejunum,1.0,Infant_0_20d,Male
SAMN13738763,IPEC,IPEC,,Adult_>365d,Unknown
SAMN13738764,IPEC,IPEC,,Adult_>365d,Unknown
SAMN13738765,IPEC,IPEC,,Adult_>365d,Unknown
SAMN13738766,IPEC,IPEC,,Adult_>365d,Unknown
SAMN13738767,IPEC,IPEC,,Adult_>365d,Unknown
SAMN13738768,IPEC,IPEC,,Adult_>365d,Unknown
SAMN13738769,IPEC,IPEC,,Adult_>365d,Unknown
SAMN13738770,IPEC,IPEC,,Adult_>365d,Unknown
SAMN13738771,IPEC,IPEC,,Adult_>365d,Unknown
SAMN13738772,IPEC,IPEC,,Adult_>365d,Unknown
SAMN13738773,IPEC,IPEC,,Adult_>365d,Unknown
SAMN13738774,IPEC,IPEC,,Adult_>365d,Unknown
SAMN13830689,iPS,iPS,,Adult_>365d,Unknown
SAMN13830690,iPS,iPS,,Adult_>365d,Unknown
SAMN13830691,iPS,iPS,,Adult_>365d,Unknown
SAMN13830692,iPS,iPS,,Adult_>365d,Unknown
SAMN13869419,Unknown,Unknown,120.0,Pre_pubertal_60_149d,Male
SAMN13869420,Large intestine,Colon,120.0,Pre_pubertal_60_149d,Female
SAMN13869421,Unknown,Unknown,120.0,Pre_pubertal_60_149d,Male
SAMN13869422,Unknown,Unknown,120.0,Pre_pubertal_60_149d,Male
SAMN13869423,Unknown,Unknown,120.0,Pre_pubertal_60_149d,Female
SAMN13869424,Unknown,Unknown,120.0,Pre_pubertal_60_149d,Female
SAMN13869425,Unknown,Unknown,120.0,Pre_pubertal_60_149d,Female
SAMN13869426,Unknown,Unknown,120.0,Pre_pubertal_60_149d,Female
SAMN13869427,Unknown,Unknown,120.0,Pre_pubertal_60_149d,Female
SAMN13869428,Unknown,Unknown,120.0,Pre_pubertal_60_149d,Female
SAMN13869429,Unknown,Unknown,120.0,Pre_pubertal_60_149d,Female
SAMN13869430,Unknown,Unknown,120.0,Pre_pubertal_60_149d,Female
SAMN13869431,Unknown,Unknown,120.0,Pre_pubertal_60_149d,Male
SAMN13869432,Unknown,Unknown,120.0,Pre_pubertal_60_149d,Male
SAMN13869433,Unknown,Unknown,120.0,Pre_pubertal_60_149d,Male
SAMN13869434,Unknown,Unknown,120.0,Pre_pubertal_60_149d,Male
SAMN13869435,Unknown,Unknown,120.0,Pre_pubertal_60_149d,Female
SAMN13869436,Unknown,Unknown,120.0,Pre_pubertal_60_149d,Female
SAMN13869437,Unknown,Unknown,120.0,Pre_pubertal_60_149d,Female
SAMN13869438,Unknown,Unknown,120.0,Pre_pubertal_60_149d,Female
SAMN13869439,Unknown,Unknown,120.0,Pre_pubertal_60_149d,Female
SAMN13869440,Unknown,Unknown,120.0,Pre_pubertal_60_149d,Female
SAMN13869441,Unknown,Unknown,120.0,Pre_pubertal_60_149d,Male
SAMN13869442,Unknown,Unknown,120.0,Pre_pubertal_60_149d,Female
SAMN13869443,Unknown,Unknown,120.0,Pre_pubertal_60_149d,Female
SAMN13869444,Unknown,Unknown,120.0,Pre_pubertal_60_149d,Female
SAMN13869445,Unknown,Unknown,120.0,Pre_pubertal_60_149d,Male
SAMN13869446,Unknown,Unknown,120.0,Pre_pubertal_60_149d,Male
SAMN13869447,Unknown,Unknown,120.0,Pre_pubertal_60_149d,Female
SAMN13869448,Unknown,Unknown,120.0,Pre_pubertal_60_149d,Female
SAMN13869449,Unknown,Unknown,120.0,Pre_pubertal_60_149d,Female
SAMN13869450,Unknown,Unknown,120.0,Pre_pubertal_60_149d,Female
SAMN13869451,Unknown,Unknown,120.0,Pre_pubertal_60_149d,Female
SAMN13869452,Unknown,Unknown,120.0,Pre_pubertal_60_149d,Female
SAMN13869453,Unknown,Unknown,120.0,Pre_pubertal_60_149d,Male
SAMN13869454,Unknown,Unknown,120.0,Pre_pubertal_60_149d,Female
SAMN13869455,Unknown,Unknown,120.0,Pre_pubertal_60_149d,Male
SAMN13869456,Unknown,Unknown,120.0,Pre_pubertal_60_149d,Male
SAMN13869457,Unknown,Unknown,120.0,Pre_pubertal_60_149d,Female
SAMN13869458,Unknown,Unknown,120.0,Pre_pubertal_60_149d,Male
SAMN13876389,Oocyte,Oocyte,,Adult_>365d,Unknown
SAMN13876390,Embryo,Morula,,Adult_>365d,Unknown
SAMN13876391,Embryo,Blastocyst,,Adult_>365d,Unknown
SAMN13876392,Embryo,Embryo,,Adult_>365d,Unknown
SAMN13876393,Embryo,Embryo,,Adult_>365d,Unknown
SAMN13878459,Other,Other,,Adult_>365d,Unknown
SAMN13878460,Other,Other,,Adult_>365d,Unknown
SAMN13878461,Other,Other,,Adult_>365d,Unknown
SAMN13878462,Other,Other,,Adult_>365d,Unknown
SAMN13878463,Other,Other,22.0,Early childhood_21_59d,Unknown
SAMN13878464,Other,Other,22.0,Early childhood_21_59d,Unknown
SAMN13878465,Other,Other,8.0,Infant_0_20d,Unknown
SAMN13878466,Other,Other,8.0,Infant_0_20d,Unknown
SAMN13878467,Other,Other,,Adult_>365d,Unknown
SAMN13878469,Other,Other,,Adult_>365d,Unknown
SAMN13878470,Other,Other,,Adult_>365d,Unknown
SAMN13878471,Other,Other,,Adult_>365d,Unknown
SAMN13878472,Other,Other,22.0,Early childhood_21_59d,Unknown
SAMN13878473,Other,Other,,Adult_>365d,Unknown
SAMN13878474,Other,Other,,Adult_>365d,Unknown
SAMN13878475,Other,Other,,Adult_>365d,Unknown
SAMN13878476,Other,Other,,Adult_>365d,Unknown
SAMN13878477,Other,Other,,Adult_>365d,Unknown
SAMN13878478,Other,Other,,Adult_>365d,Unknown
SAMN13878479,Other,Other,,Adult_>365d,Unknown
SAMN13878480,Other,Other,,Adult_>365d,Unknown
SAMN13878481,Other,Other,,Adult_>365d,Unknown
SAMN13878482,Other,Other,,Adult_>365d,Unknown
SAMN13878483,Other,Other,,Adult_>365d,Unknown
SAMN13878484,Other,Other,,Adult_>365d,Unknown
SAMN13878485,Other,Other,,Adult_>365d,Unknown
SAMN13878486,Other,Other,,Adult_>365d,Unknown
SAMN13878487,Other,Other,22.0,Early childhood_21_59d,Unknown
SAMN13878488,Other,Other,22.0,Early childhood_21_59d,Unknown
SAMN13878489,Other,Other,22.0,Early childhood_21_59d,Unknown
SAMN13878490,Other,Other,22.0,Early childhood_21_59d,Unknown
SAMN13878491,Other,Other,22.0,Early childhood_21_59d,Unknown
SAMN13878492,Other,Other,8.0,Infant_0_20d,Unknown
SAMN13878493,Other,Other,8.0,Infant_0_20d,Unknown
SAMN13878494,Other,Other,,Adult_>365d,Unknown
SAMN13878495,Other,Other,,Adult_>365d,Unknown
SAMN13878496,Other,Other,,Adult_>365d,Unknown
SAMN13901534,Small intestine,Ileum,28.0,Early childhood_21_59d,Unknown
SAMN13901535,Small intestine,Ileum,28.0,Early childhood_21_59d,Unknown
SAMN13901536,Small intestine,Ileum,28.0,Early childhood_21_59d,Unknown
SAMN13901537,Small intestine,Ileum,28.0,Early childhood_21_59d,Unknown
SAMN13901538,Small intestine,Ileum,28.0,Early childhood_21_59d,Unknown
SAMN13901539,Small intestine,Ileum,28.0,Early childhood_21_59d,Unknown
SAMN13901540,Small intestine,Ileum,28.0,Early childhood_21_59d,Unknown
SAMN13901541,Small intestine,Ileum,28.0,Early childhood_21_59d,Unknown
SAMN13901542,Small intestine,Ileum,28.0,Early childhood_21_59d,Unknown
SAMN13901543,Small intestine,Ileum,28.0,Early childhood_21_59d,Unknown
SAMN13901544,Small intestine,Ileum,28.0,Early childhood_21_59d,Unknown
SAMN13901545,Small intestine,Ileum,28.0,Early childhood_21_59d,Unknown
SAMN13901546,Small intestine,Ileum,28.0,Early childhood_21_59d,Unknown
SAMN13901547,Small intestine,Ileum,28.0,Early childhood_21_59d,Unknown
SAMN13901549,Small intestine,Ileum,28.0,Early childhood_21_59d,Unknown
SAMN13901550,Small intestine,Ileum,28.0,Early childhood_21_59d,Unknown
SAMN13901551,Small intestine,Ileum,28.0,Early childhood_21_59d,Unknown
SAMN13901552,Small intestine,Ileum,28.0,Early childhood_21_59d,Unknown
SAMN13901553,Small intestine,Ileum,28.0,Early childhood_21_59d,Unknown
SAMN13901554,Small intestine,Ileum,28.0,Early childhood_21_59d,Unknown
SAMN13901555,Small intestine,Ileum,28.0,Early childhood_21_59d,Unknown
SAMN13901556,Small intestine,Ileum,28.0,Early childhood_21_59d,Unknown
SAMN13901557,Small intestine,Ileum,28.0,Early childhood_21_59d,Unknown
SAMN13901558,Small intestine,Ileum,28.0,Early childhood_21_59d,Unknown
SAMN13901559,Small intestine,Ileum,28.0,Early childhood_21_59d,Unknown
SAMN13919765,Liver,Liver,,Adult_>365d,Male
SAMN13919766,Liver,Liver,,Adult_>365d,Female
SAMN13919767,Liver,Liver,,Adult_>365d,Male
SAMN13919768,Unknown,Unknown,,Adult_>365d,Female
SAMN13919769,Liver,Liver,,Adult_>365d,Male
SAMN13919770,Liver,Liver,,Adult_>365d,Female
SAMN13919771,Liver,Liver,,Adult_>365d,Male
SAMN13919772,Liver,Liver,,Adult_>365d,Male
SAMN13919773,Liver,Liver,,Adult_>365d,Female
SAMN13919774,Liver,Liver,,Adult_>365d,Male
SAMN13919775,Liver,Liver,,Adult_>365d,Female
SAMN13919776,Liver,Liver,,Adult_>365d,Male
SAMN13919777,Liver,Liver,,Adult_>365d,Female
SAMN13919778,Liver,Liver,,Adult_>365d,Male
SAMN13919779,Liver,Liver,,Adult_>365d,Female
SAMN13919780,Liver,Liver,,Adult_>365d,Female
SAMN13999233,Muscle,Muscle,244.0,Post_pubertal_150_365d,Female
SAMN13999234,Muscle,Muscle,243.0,Post_pubertal_150_365d,Female
SAMN13999241,Muscle,Muscle,229.0,Post_pubertal_150_365d,Female
SAMN13999242,Muscle,Muscle,243.0,Post_pubertal_150_365d,Male
SAMN13999243,Muscle,Muscle,239.0,Post_pubertal_150_365d,Female
SAMN13999244,Muscle,Muscle,234.0,Post_pubertal_150_365d,Male
SAMN13999245,Muscle,Muscle,235.0,Post_pubertal_150_365d,Male
SAMN13999246,Muscle,Muscle,232.0,Post_pubertal_150_365d,Female
SAMN13999247,Muscle,Muscle,235.0,Post_pubertal_150_365d,Male
SAMN13999248,Muscle,Muscle,249.0,Post_pubertal_150_365d,Male
SAMN13999249,Muscle,Muscle,243.0,Post_pubertal_150_365d,Male
SAMN13999250,Muscle,Muscle,244.0,Post_pubertal_150_365d,Female
SAMN14051852,Heart,Heart,,Adult_>365d,Unknown
SAMN14051853,Heart,Heart,,Adult_>365d,Unknown
SAMN14051854,Heart,Heart,,Adult_>365d,Unknown
SAMN14051855,Heart,Heart,,Adult_>365d,Unknown
SAMN14051856,Heart,Heart,,Adult_>365d,Unknown
SAMN14051857,Heart,Heart,,Adult_>365d,Unknown
SAMN14051858,Heart,Heart,,Adult_>365d,Unknown
SAMN14051859,Heart,Heart,,Adult_>365d,Unknown
SAMN14051860,Heart,Heart,,Adult_>365d,Unknown
SAMN14051861,Heart,Heart,,Adult_>365d,Unknown
SAMN14051862,Heart,Heart,7.0,Infant_0_20d,Unknown
SAMN14051863,Heart,Heart,7.0,Infant_0_20d,Unknown
SAMN14051864,Heart,Heart,7.0,Infant_0_20d,Unknown
SAMN14051865,Heart,Heart,7.0,Infant_0_20d,Unknown
SAMN14051866,Unknown,Unknown,7.0,Infant_0_20d,Unknown
SAMN14051867,Heart,Heart,7.0,Infant_0_20d,Unknown
SAMN14051868,Heart,Heart,7.0,Infant_0_20d,Unknown
SAMN14051869,Heart,Heart,7.0,Infant_0_20d,Unknown
SAMN14051870,Heart,Heart,,Adult_>365d,Unknown
SAMN14051871,Heart,Heart,,Adult_>365d,Unknown
SAMN14051872,Heart,Heart,,Adult_>365d,Unknown
SAMN14057296,Other,Other,,Adult_>365d,Unknown
SAMN14057297,Other,Other,,Adult_>365d,Unknown
SAMN14057298,Other,Other,,Adult_>365d,Unknown
SAMN14057299,Other,Other,,Adult_>365d,Unknown
SAMN14057300,Other,Other,,Adult_>365d,Unknown
SAMN14057301,Other,Other,,Adult_>365d,Unknown
SAMN14057302,Other,Other,,Adult_>365d,Unknown
SAMN14057303,Other,Other,,Adult_>365d,Unknown
SAMN14057304,Other,Other,,Adult_>365d,Unknown
SAMN14057305,Other,Other,,Adult_>365d,Unknown
SAMN14057306,Other,Other,,Adult_>365d,Unknown
SAMN14057307,Other,Other,,Adult_>365d,Unknown
SAMN14057308,Other,Other,,Adult_>365d,Unknown
SAMN14057309,Other,Other,,Adult_>365d,Unknown
SAMN14057310,Other,Other,,Adult_>365d,Unknown
SAMN14057311,Other,Other,,Adult_>365d,Unknown
SAMN14057312,Other,Other,,Adult_>365d,Unknown
SAMN14057313,Other,Other,,Adult_>365d,Unknown
SAMN14057314,Other,Other,,Adult_>365d,Unknown
SAMN14057315,Other,Other,,Adult_>365d,Unknown
SAMN14057316,Other,Other,,Adult_>365d,Unknown
SAMN14057317,Other,Other,,Adult_>365d,Unknown
SAMN14057318,Other,Other,,Adult_>365d,Unknown
SAMN14057319,Other,Other,,Adult_>365d,Unknown
SAMN14057320,Other,Other,,Adult_>365d,Unknown
SAMN14057321,Other,Other,,Adult_>365d,Unknown
SAMN14057322,Other,Other,,Adult_>365d,Unknown
SAMN14057323,Other,Other,,Adult_>365d,Unknown
SAMN14057324,Other,Other,,Adult_>365d,Unknown
SAMN14057325,Other,Other,,Adult_>365d,Unknown
SAMN14116970,Small intestine,Jejunum,,Adult_>365d,Unknown
SAMN14116971,Small intestine,Jejunum,,Adult_>365d,Unknown
SAMN14116972,Small intestine,Jejunum,,Adult_>365d,Unknown
SAMN14116973,Small intestine,Jejunum,,Adult_>365d,Unknown
SAMN14116974,Small intestine,Jejunum,,Adult_>365d,Unknown
SAMN14116975,Small intestine,Jejunum,,Adult_>365d,Unknown
SAMN14116976,Small intestine,Jejunum,,Adult_>365d,Unknown
SAMN14116977,Small intestine,Jejunum,,Adult_>365d,Unknown
SAMN14116978,Small intestine,Jejunum,,Adult_>365d,Unknown
SAMN14207663,Embryo,Embryo,30.0,Early childhood_21_59d,Female
SAMN14207664,Embryo,Embryo,30.0,Early childhood_21_59d,Female
SAMN14207665,Embryo,Embryo,30.0,Early childhood_21_59d,Female
SAMN14207666,Embryo,Embryo,30.0,Early childhood_21_59d,Female
SAMN14207667,Placenta,Placenta,30.0,Early childhood_21_59d,Female
SAMN14207668,Placenta,Placenta,30.0,Early childhood_21_59d,Female
SAMN14211909,Adipose,Adipose,,Adult_>365d,Unknown
SAMN14211910,Adipose,Adipose,,Adult_>365d,Unknown
SAMN14211911,Adipose,Adipose,,Adult_>365d,Unknown
SAMN14211912,Adipose,Adipose,,Adult_>365d,Unknown
SAMN14211913,Adipose,Adipose,,Adult_>365d,Unknown
SAMN14211914,Adipose,Adipose,,Adult_>365d,Unknown
SAMN14211915,Adipose,Adipose,,Adult_>365d,Unknown
SAMN14211916,Adipose,Adipose,,Adult_>365d,Unknown
SAMN14211877,Blood,Macrophage,28.0,Early childhood_21_59d,Unknown
SAMN14211878,Blood,Macrophage,28.0,Early childhood_21_59d,Unknown
SAMN14211879,Blood,Macrophage,28.0,Early childhood_21_59d,Unknown
SAMN14211880,Blood,Macrophage,28.0,Early childhood_21_59d,Unknown
SAMN14211881,Blood,Macrophage,28.0,Early childhood_21_59d,Unknown
SAMN14211882,Blood,Macrophage,28.0,Early childhood_21_59d,Unknown
SAMN14211883,Blood,Macrophage,28.0,Early childhood_21_59d,Unknown
SAMN14211884,Blood,Macrophage,28.0,Early childhood_21_59d,Unknown
SAMN14211905,Blood,Macrophage,28.0,Early childhood_21_59d,Unknown
SAMN14211906,Blood,Macrophage,28.0,Early childhood_21_59d,Unknown
SAMN14211907,Blood,Macrophage,28.0,Early childhood_21_59d,Unknown
SAMN14211908,Blood,Macrophage,28.0,Early childhood_21_59d,Unknown
SAMN16537972,Blood,Macrophage,28.0,Early childhood_21_59d,Unknown
SAMN16537973,Blood,Macrophage,28.0,Early childhood_21_59d,Unknown
SAMN16537974,Blood,Macrophage,28.0,Early childhood_21_59d,Unknown
SAMN16537975,Blood,Macrophage,28.0,Early childhood_21_59d,Unknown
SAMN16537976,Blood,Macrophage,28.0,Early childhood_21_59d,Unknown
SAMN16537977,Blood,Macrophage,28.0,Early childhood_21_59d,Unknown
SAMN16537978,Blood,Macrophage,28.0,Early childhood_21_59d,Unknown
SAMN16537979,Blood,Macrophage,28.0,Early childhood_21_59d,Unknown
SAMN16537980,Blood,Macrophage,28.0,Early childhood_21_59d,Unknown
SAMN14218480,Blood,Blood,90.0,Pre_pubertal_60_149d,Female
SAMN14218481,Unknown,Unknown,90.0,Pre_pubertal_60_149d,Female
SAMN14218482,Blood,Blood,90.0,Pre_pubertal_60_149d,Female
SAMN14218483,Blood,Blood,90.0,Pre_pubertal_60_149d,Female
SAMN14218484,Blood,Blood,90.0,Pre_pubertal_60_149d,Female
SAMN14218485,Blood,Blood,90.0,Pre_pubertal_60_149d,Female
SAMN14218486,Blood,Blood,90.0,Pre_pubertal_60_149d,Male
SAMN14218487,Blood,Blood,90.0,Pre_pubertal_60_149d,Male
SAMN14218488,Blood,Blood,90.0,Pre_pubertal_60_149d,Male
SAMN14218489,Blood,Blood,90.0,Pre_pubertal_60_149d,Male
SAMN14218490,Blood,Blood,90.0,Pre_pubertal_60_149d,Male
SAMN14218491,Blood,Blood,90.0,Pre_pubertal_60_149d,Male
SAMN14257778,Unknown,Unknown,,Adult_>365d,Unknown
SAMN14257779,Other,Other,,Adult_>365d,Unknown
SAMN14299997,IPEC,IPEC,35.0,Early childhood_21_59d,Unknown
SAMN14300016,IPEC,IPEC,35.0,Early childhood_21_59d,Unknown
SAMN14300017,IPEC,IPEC,35.0,Early childhood_21_59d,Unknown
SAMN14300018,Small intestine,Jejunum,35.0,Early childhood_21_59d,Unknown
SAMN14300019,Small intestine,Jejunum,84.0,Pre_pubertal_60_149d,Unknown
SAMN14300020,Small intestine,Jejunum,84.0,Pre_pubertal_60_149d,Unknown
SAMN14300021,Small intestine,Jejunum,84.0,Pre_pubertal_60_149d,Unknown
SAMN14300022,Small intestine,Jejunum,21.0,Early childhood_21_59d,Unknown
SAMN14300023,Small intestine,Jejunum,21.0,Early childhood_21_59d,Unknown
SAMN14300024,Small intestine,Jejunum,21.0,Early childhood_21_59d,Unknown
SAMN14300025,Small intestine,Jejunum,35.0,Early childhood_21_59d,Unknown
SAMN14300026,Small intestine,Jejunum,84.0,Pre_pubertal_60_149d,Unknown
SAMN14300027,Small intestine,Jejunum,84.0,Pre_pubertal_60_149d,Unknown
SAMN14300028,Small intestine,Jejunum,84.0,Pre_pubertal_60_149d,Unknown
SAMN14300029,Small intestine,Jejunum,21.0,Early childhood_21_59d,Unknown
SAMN14300030,Small intestine,Jejunum,21.0,Early childhood_21_59d,Unknown
SAMN14300031,Small intestine,Jejunum,21.0,Early childhood_21_59d,Unknown
SAMN14310016,Other,Other,,Adult_>365d,Unknown
SAMN14310017,Other,Other,,Adult_>365d,Unknown
SAMN14310018,Other,Other,,Adult_>365d,Unknown
SAMN14310019,Other,Other,,Adult_>365d,Unknown
SAMN14310020,Other,Other,,Adult_>365d,Unknown
SAMN14310021,Other,Other,,Adult_>365d,Unknown
SAMN14310022,Other,Other,,Adult_>365d,Unknown
SAMN14310023,Other,Other,,Adult_>365d,Unknown
SAMN14310024,Other,Other,,Adult_>365d,Unknown
SAMN14310025,Fibroblast,Fibroblast,,Adult_>365d,Unknown
SAMN14310026,Fibroblast,Fibroblast,,Adult_>365d,Unknown
SAMN14310027,Fibroblast,Fibroblast,,Adult_>365d,Unknown
SAMN14343662,Blood,Macrophage,,Adult_>365d,Unknown
SAMN14343663,Blood,Macrophage,,Adult_>365d,Unknown
SAMN14343664,Blood,Macrophage,,Adult_>365d,Unknown
SAMN14483288,Ovary,Ovary,175.0,Post_pubertal_150_365d,Female
SAMN14483289,Ovary,Ovary,175.0,Post_pubertal_150_365d,Female
SAMN14483290,Ovary,Ovary,175.0,Post_pubertal_150_365d,Female
SAMN14501572,Small intestine,Ileum,,Adult_>365d,Unknown
SAMN14501573,Small intestine,Ileum,,Adult_>365d,Unknown
SAMN14543343,Small intestine,Small intestine,25.0,Early childhood_21_59d,Unknown
SAMN14543344,Small intestine,Small intestine,25.0,Early childhood_21_59d,Unknown
SAMN14543345,Small intestine,Small intestine,25.0,Early childhood_21_59d,Unknown
SAMN14543346,Small intestine,Small intestine,25.0,Early childhood_21_59d,Unknown
SAMN14543347,Small intestine,Small intestine,25.0,Early childhood_21_59d,Unknown
SAMN14543348,Small intestine,Small intestine,25.0,Early childhood_21_59d,Unknown
SAMN14543349,Small intestine,Small intestine,25.0,Early childhood_21_59d,Unknown
SAMN14543350,Small intestine,Small intestine,25.0,Early childhood_21_59d,Unknown
SAMN14543351,Small intestine,Small intestine,25.0,Early childhood_21_59d,Unknown
SAMN14543352,Small intestine,Small intestine,25.0,Early childhood_21_59d,Unknown
SAMN14543353,Small intestine,Small intestine,25.0,Early childhood_21_59d,Unknown
SAMN14543354,Small intestine,Small intestine,25.0,Early childhood_21_59d,Unknown
SAMN14543355,Small intestine,Small intestine,25.0,Early childhood_21_59d,Unknown
SAMN14543356,Small intestine,Small intestine,25.0,Early childhood_21_59d,Unknown
SAMN14543357,Small intestine,Small intestine,25.0,Early childhood_21_59d,Unknown
SAMN14543358,Small intestine,Small intestine,25.0,Early childhood_21_59d,Unknown
SAMN14543359,Small intestine,Small intestine,25.0,Early childhood_21_59d,Unknown
SAMN14543360,Small intestine,Small intestine,25.0,Early childhood_21_59d,Unknown
SAMN14543361,Small intestine,Small intestine,25.0,Early childhood_21_59d,Unknown
SAMN14543362,Small intestine,Small intestine,25.0,Early childhood_21_59d,Unknown
SAMN14543363,Small intestine,Small intestine,25.0,Early childhood_21_59d,Unknown
SAMN14549227,Blood,Blood,,Adult_>365d,Unknown
SAMN14549228,Blood,Blood,,Adult_>365d,Unknown
SAMN14549229,Blood,Blood,,Adult_>365d,Unknown
SAMN14549230,Blood,Blood,,Adult_>365d,Unknown
SAMN14549231,Blood,Blood,,Adult_>365d,Unknown
SAMN14549232,Blood,Blood,,Adult_>365d,Unknown
SAMN14549233,Blood,Blood,,Adult_>365d,Unknown
SAMN14549235,Blood,Blood,,Adult_>365d,Unknown
SAMN14549236,Blood,Blood,,Adult_>365d,Unknown
SAMN14549237,Blood,Blood,,Adult_>365d,Unknown
SAMN14549238,Blood,Blood,,Adult_>365d,Unknown
SAMN14549239,Blood,Blood,,Adult_>365d,Unknown
SAMN14616073,Muscle,Muscle,,Adult_>365d,Male
SAMN14616074,Muscle,Muscle,,Adult_>365d,Male
SAMN14616075,Muscle,Muscle,,Adult_>365d,Male
SAMN14616076,Muscle,Muscle,,Adult_>365d,Male
SAMN14616077,Muscle,Muscle,,Adult_>365d,Male
SAMN14616078,Muscle,Muscle,,Adult_>365d,Male
SAMN14616079,Muscle,Muscle,,Adult_>365d,Male
SAMN14616080,Muscle,Muscle,,Adult_>365d,Male
SAMN14616081,Muscle,Muscle,,Adult_>365d,Male
SAMN14616082,Muscle,Muscle,,Adult_>365d,Male
SAMN14616083,Muscle,Muscle,,Adult_>365d,Male
SAMN14616084,Muscle,Muscle,,Adult_>365d,Male
SAMN14616085,Muscle,Muscle,,Adult_>365d,Male
SAMN14616086,Muscle,Muscle,,Adult_>365d,Male
SAMN14616087,Muscle,Muscle,,Adult_>365d,Male
SAMN14616088,Muscle,Muscle,,Adult_>365d,Male
SAMN14616089,Muscle,Muscle,,Adult_>365d,Male
SAMN14616090,Muscle,Muscle,,Adult_>365d,Male
SAMN14616091,Muscle,Muscle,,Adult_>365d,Male
SAMN14616092,Muscle,Muscle,,Adult_>365d,Male
SAMN14616093,Muscle,Muscle,,Adult_>365d,Male
SAMN14616094,Muscle,Muscle,,Adult_>365d,Male
SAMN14616095,Muscle,Muscle,,Adult_>365d,Male
SAMN14616096,Muscle,Muscle,,Adult_>365d,Male
SAMN14616097,Muscle,Muscle,,Adult_>365d,Male
SAMN14616098,Muscle,Muscle,,Adult_>365d,Male
SAMN14616099,Muscle,Muscle,,Adult_>365d,Male
SAMN14616100,Muscle,Muscle,,Adult_>365d,Male
SAMN14616101,Muscle,Muscle,,Adult_>365d,Male
SAMN14616102,Muscle,Muscle,,Adult_>365d,Male
SAMN14616103,Muscle,Muscle,,Adult_>365d,Male
SAMN14616104,Muscle,Muscle,,Adult_>365d,Male
SAMN14616105,Muscle,Muscle,,Adult_>365d,Male
SAMN14616106,Muscle,Muscle,,Adult_>365d,Male
SAMN14616107,Muscle,Muscle,,Adult_>365d,Male
SAMN14616108,Muscle,Muscle,,Adult_>365d,Male
SAMN14616109,Muscle,Muscle,,Adult_>365d,Male
SAMN14616110,Muscle,Muscle,,Adult_>365d,Male
SAMN14616111,Muscle,Muscle,,Adult_>365d,Male
SAMN14616112,Muscle,Muscle,,Adult_>365d,Male
SAMN14616113,Muscle,Muscle,,Adult_>365d,Male
SAMN14751847,Testis,Testis,7.0,Infant_0_20d,Male
SAMN14751849,Testis,Testis,7.0,Infant_0_20d,Male
SAMN14751850,Testis,Testis,7.0,Infant_0_20d,Male
SAMN14751873,Testis,Testis,7.0,Infant_0_20d,Male
SAMN14790194,Brain,Brain,22.0,Early childhood_21_59d,Male
SAMN14790195,Brain,Brain,22.0,Early childhood_21_59d,Male
SAMN14790196,Brain,Brain,22.0,Early childhood_21_59d,Male
SAMN14790197,Brain,Brain,22.0,Early childhood_21_59d,Male
SAMN14790198,Brain,Brain,22.0,Early childhood_21_59d,Male
SAMN14790199,Brain,Brain,22.0,Early childhood_21_59d,Male
SAMN14790200,Brain,Brain,22.0,Early childhood_21_59d,Female
SAMN14790201,Brain,Brain,22.0,Early childhood_21_59d,Female
SAMN14790202,Brain,Brain,22.0,Early childhood_21_59d,Female
SAMN14790203,Brain,Brain,22.0,Early childhood_21_59d,Female
SAMN14791308,Brain,Brain,22.0,Early childhood_21_59d,Female
SAMN14791309,Brain,Brain,22.0,Early childhood_21_59d,Female
SAMN14791310,Brain,Brain,22.0,Early childhood_21_59d,Female
SAMN14791363,Brain,Brain,22.0,Early childhood_21_59d,Female
SAMN14791364,Brain,Brain,22.0,Early childhood_21_59d,Male
SAMN14791365,Brain,Brain,22.0,Early childhood_21_59d,Male
SAMN14791366,Brain,Brain,22.0,Early childhood_21_59d,Male
SAMN14791367,Brain,Brain,22.0,Early childhood_21_59d,Male
SAMN14791368,Brain,Brain,22.0,Early childhood_21_59d,Male
SAMN14791369,Brain,Brain,22.0,Early childhood_21_59d,Male
SAMN14791370,Brain,Brain,22.0,Early childhood_21_59d,Female
SAMN14791371,Brain,Brain,22.0,Early childhood_21_59d,Female
SAMN14791372,Brain,Brain,22.0,Early childhood_21_59d,Female
SAMN14791373,Brain,Brain,22.0,Early childhood_21_59d,Female
SAMN14790158,Other,Other,,Adult_>365d,Unknown
SAMN14790159,Other,Other,,Adult_>365d,Unknown
SAMN14790160,Other,Other,,Adult_>365d,Unknown
SAMN14790161,Other,Other,,Adult_>365d,Unknown
SAMN14790162,Other,Other,,Adult_>365d,Unknown
SAMN14790163,Other,Other,,Adult_>365d,Unknown
SAMN14885015,Other,Other,,Adult_>365d,Unknown
SAMN14885016,Other,Other,,Adult_>365d,Unknown
SAMN14885017,Other,Other,,Adult_>365d,Unknown
SAMN14885019,Other,Other,,Adult_>365d,Unknown
SAMN14885021,Other,Other,,Adult_>365d,Unknown
SAMN14885023,Other,Other,,Adult_>365d,Unknown
SAMN14885051,Other,Other,,Adult_>365d,Unknown
SAMN14885052,Other,Other,,Adult_>365d,Unknown
SAMN14885053,Other,Other,,Adult_>365d,Unknown
SAMN14885054,Other,Other,,Adult_>365d,Unknown
SAMN14885055,Other,Other,,Adult_>365d,Unknown
SAMN14885056,Other,Other,,Adult_>365d,Unknown
SAMN15235895,Adipose,Adipose,3.0,Infant_0_20d,Unknown
SAMN15235896,Adipose,Adipose,3.0,Infant_0_20d,Unknown
SAMN15235897,Adipose,Adipose,3.0,Infant_0_20d,Unknown
SAMN15235898,Adipose,Adipose,3.0,Infant_0_20d,Unknown
SAMN15235899,Adipose,Adipose,3.0,Infant_0_20d,Unknown
SAMN15235900,Adipose,Adipose,3.0,Infant_0_20d,Unknown
SAMN14912733,Blood,Blood,27.0,Early childhood_21_59d,Female
SAMN14912735,Blood,Blood,27.0,Early childhood_21_59d,Female
SAMN15044579,Blood,Blood,27.0,Early childhood_21_59d,Female
SAMN15044580,Blood,Blood,29.0,Early childhood_21_59d,Female
SAMN15045333,Blood,Blood,29.0,Early childhood_21_59d,Female
SAMN15045334,Blood,Blood,27.0,Early childhood_21_59d,Female
SAMN15046023,Blood,Blood,29.0,Early childhood_21_59d,Female
SAMN15046024,Blood,Blood,27.0,Early childhood_21_59d,Female
SAMN15047427,Blood,Blood,29.0,Early childhood_21_59d,Female
SAMN15047428,Blood,Blood,27.0,Early childhood_21_59d,Female
SAMN15048424,Blood,Blood,29.0,Early childhood_21_59d,Female
SAMN15048425,Blood,Blood,27.0,Early childhood_21_59d,Female
SAMN15048585,Blood,Blood,29.0,Early childhood_21_59d,Female
SAMN15048586,Blood,Blood,27.0,Early childhood_21_59d,Female
SAMN15048696,Blood,Blood,29.0,Early childhood_21_59d,Female
SAMN15048697,Blood,Blood,27.0,Early childhood_21_59d,Female
SAMN15048704,Blood,Blood,29.0,Early childhood_21_59d,Female
SAMN15048709,Blood,Blood,29.0,Early childhood_21_59d,Female
SAMN14929849,Ovary,Ovary,365.0,Post_pubertal_150_365d,Female
SAMN14929850,Ovary,Ovary,365.0,Post_pubertal_150_365d,Female
SAMN14968597,Ovary,Ovary,365.0,Post_pubertal_150_365d,Female
SAMN14968598,Ovary,Ovary,365.0,Post_pubertal_150_365d,Female
SAMN14968599,Ovary,Ovary,365.0,Post_pubertal_150_365d,Female
SAMN14968600,Ovary,Ovary,365.0,Post_pubertal_150_365d,Female
SAMN15013651,Unknown,Unknown,,Adult_>365d,Male
SAMN15013849,Embryo,Embryo,7.0,Infant_0_20d,Male
SAMN15013850,Embryo,Embryo,7.0,Infant_0_20d,Male
SAMN15192100,Other,Other,1.0,Infant_0_20d,Unknown
SAMN15192101,Other,Other,1.0,Infant_0_20d,Unknown
SAMN15192102,Other,Other,1.0,Infant_0_20d,Unknown
SAMN15192107,Unknown,Unknown,1.0,Infant_0_20d,Unknown
SAMN15192108,Other,Other,1.0,Infant_0_20d,Unknown
SAMN15192109,Other,Other,1.0,Infant_0_20d,Unknown
SAMN15192110,Other,Other,1.0,Infant_0_20d,Unknown
SAMN15192111,Other,Other,1.0,Infant_0_20d,Unknown
SAMN15192112,Other,Other,1.0,Infant_0_20d,Unknown
SAMN15238437,Other,Other,,Adult_>365d,Unknown
SAMN15238439,iPS,iPS,,Adult_>365d,Unknown
SAMN15238440,Unknown,Unknown,,Adult_>365d,Unknown
SAMN15238441,Fibroblast,Fibroblast,,Adult_>365d,Unknown
SAMN15248066,Skin,Skin,150.0,Post_pubertal_150_365d,Pooled
SAMN15314257,Milk,Milk,,Adult_>365d,Female
SAMN15314258,Milk,Milk,,Adult_>365d,Female
SAMN15314259,Unknown,Unknown,,Adult_>365d,Female
SAMN15314260,Unknown,Unknown,,Adult_>365d,Female
SAMN15314261,Unknown,Unknown,,Adult_>365d,Female
SAMN15314262,Milk,Milk,,Adult_>365d,Female
SAMN15314263,Unknown,Unknown,,Adult_>365d,Female
SAMN15314264,Milk,Milk,,Adult_>365d,Female
SAMN15314265,Milk,Milk,,Adult_>365d,Female
SAMN15314266,Unknown,Unknown,,Adult_>365d,Female
SAMN15314267,Milk,Milk,,Adult_>365d,Female
SAMN15314268,Milk,Milk,,Adult_>365d,Female
SAMN15314269,Unknown,Unknown,,Adult_>365d,Female
SAMN15314270,Milk,Milk,,Adult_>365d,Female
SAMN15314271,Milk,Milk,,Adult_>365d,Female
SAMN15314272,Milk,Milk,,Adult_>365d,Female
SAMN15314273,Milk,Milk,,Adult_>365d,Female
SAMN15314274,Milk,Milk,,Adult_>365d,Female
SAMN15314275,Milk,Milk,,Adult_>365d,Female
SAMN15314276,Milk,Milk,,Adult_>365d,Female
SAMN15314277,Milk,Milk,,Adult_>365d,Female
SAMN15314278,Milk,Milk,,Adult_>365d,Female
SAMN15314279,Milk,Milk,,Adult_>365d,Female
SAMN15314280,Unknown,Unknown,,Adult_>365d,Female
SAMN15314281,Milk,Milk,,Adult_>365d,Female
SAMN15314282,Milk,Milk,,Adult_>365d,Female
SAMN15314283,Milk,Milk,,Adult_>365d,Female
SAMN15314284,Milk,Milk,,Adult_>365d,Female
SAMN15314285,Unknown,Unknown,,Adult_>365d,Female
SAMN15314286,Milk,Milk,,Adult_>365d,Female
SAMN15314287,Milk,Milk,,Adult_>365d,Female
SAMN15314288,Unknown,Unknown,,Adult_>365d,Female
SAMN15314289,Unknown,Unknown,,Adult_>365d,Female
SAMN15314290,Milk,Milk,,Adult_>365d,Female
SAMN15314291,Unknown,Unknown,,Adult_>365d,Female
SAMN15314292,Milk,Milk,,Adult_>365d,Female
SAMN15314293,Milk,Milk,,Adult_>365d,Female
SAMN15314294,Milk,Milk,,Adult_>365d,Female
SAMN15314295,Milk,Milk,,Adult_>365d,Female
SAMN15314296,Milk,Milk,,Adult_>365d,Female
SAMN15314297,Unknown,Unknown,,Adult_>365d,Female
SAMN15314298,Milk,Milk,,Adult_>365d,Female
SAMN15314299,Milk,Milk,,Adult_>365d,Female
SAMN15314300,Milk,Milk,,Adult_>365d,Female
SAMN15314301,Unknown,Unknown,,Adult_>365d,Female
SAMN15314302,Milk,Milk,,Adult_>365d,Female
SAMN15314303,Milk,Milk,,Adult_>365d,Female
SAMN15314304,Milk,Milk,,Adult_>365d,Female
SAMN15314305,Milk,Milk,,Adult_>365d,Female
SAMN15314306,Milk,Milk,,Adult_>365d,Female
SAMN15314307,Milk,Milk,,Adult_>365d,Female
SAMN15314308,Milk,Milk,,Adult_>365d,Female
SAMN15314309,Milk,Milk,,Adult_>365d,Female
SAMN15314310,Unknown,Unknown,,Adult_>365d,Female
SAMN15314311,Milk,Milk,,Adult_>365d,Female
SAMN15314312,Milk,Milk,,Adult_>365d,Female
SAMN15314313,Unknown,Unknown,,Adult_>365d,Female
SAMN15314314,Milk,Milk,,Adult_>365d,Female
SAMN15314315,Unknown,Unknown,,Adult_>365d,Female
SAMN15314316,Unknown,Unknown,,Adult_>365d,Female
SAMN15314317,Milk,Milk,,Adult_>365d,Female
SAMN15314318,Milk,Milk,,Adult_>365d,Female
SAMN15314319,Milk,Milk,,Adult_>365d,Female
SAMN15314320,Milk,Milk,,Adult_>365d,Female
SAMN15314321,Milk,Milk,,Adult_>365d,Female
SAMN15314322,Milk,Milk,,Adult_>365d,Female
SAMN15314323,Milk,Milk,,Adult_>365d,Female
SAMN15314324,Unknown,Unknown,,Adult_>365d,Female
SAMN15314325,Milk,Milk,,Adult_>365d,Female
SAMN15314326,Milk,Milk,,Adult_>365d,Female
SAMN15314327,Milk,Milk,,Adult_>365d,Female
SAMN15314328,Milk,Milk,,Adult_>365d,Female
SAMN15314329,Milk,Milk,,Adult_>365d,Female
SAMN15314330,Milk,Milk,,Adult_>365d,Female
SAMN15314331,Milk,Milk,,Adult_>365d,Female
SAMN15314332,Unknown,Unknown,,Adult_>365d,Female
SAMN15314333,Unknown,Unknown,,Adult_>365d,Female
SAMN15314334,Unknown,Unknown,,Adult_>365d,Female
SAMN15314335,Milk,Milk,,Adult_>365d,Female
SAMN15314336,Unknown,Unknown,,Adult_>365d,Female
SAMN15314337,Milk,Milk,,Adult_>365d,Female
SAMN15314338,Milk,Milk,,Adult_>365d,Female
SAMN15314339,Milk,Milk,,Adult_>365d,Female
SAMN15314340,Milk,Milk,,Adult_>365d,Female
SAMN15314341,Milk,Milk,,Adult_>365d,Female
SAMN15314342,Milk,Milk,,Adult_>365d,Female
SAMN15314343,Unknown,Unknown,,Adult_>365d,Female
SAMN15314344,Milk,Milk,,Adult_>365d,Female
SAMN15314345,Milk,Milk,,Adult_>365d,Female
SAMN15314346,Milk,Milk,,Adult_>365d,Female
SAMN15314347,Unknown,Unknown,,Adult_>365d,Female
SAMN15314348,Milk,Milk,,Adult_>365d,Female
SAMN15314349,Milk,Milk,,Adult_>365d,Female
SAMN15314350,Milk,Milk,,Adult_>365d,Female
SAMN15314351,Unknown,Unknown,,Adult_>365d,Female
SAMN15314352,Unknown,Unknown,,Adult_>365d,Female
SAMN15314353,Unknown,Unknown,,Adult_>365d,Female
SAMN15314354,Milk,Milk,,Adult_>365d,Female
SAMN15314355,Unknown,Unknown,,Adult_>365d,Female
SAMN15314356,Milk,Milk,,Adult_>365d,Female
SAMN15314357,Milk,Milk,,Adult_>365d,Female
SAMN15314358,Unknown,Unknown,,Adult_>365d,Female
SAMN15314359,Milk,Milk,,Adult_>365d,Female
SAMN15314360,Milk,Milk,,Adult_>365d,Female
SAMN15314361,Unknown,Unknown,,Adult_>365d,Female
SAMN15314362,Milk,Milk,,Adult_>365d,Female
SAMN15314363,Unknown,Unknown,,Adult_>365d,Female
SAMN15314364,Milk,Milk,,Adult_>365d,Female
SAMN15314365,Milk,Milk,,Adult_>365d,Female
SAMN15314366,Milk,Milk,,Adult_>365d,Female
SAMN15314367,Milk,Milk,,Adult_>365d,Female
SAMN15314368,Milk,Milk,,Adult_>365d,Female
SAMN15314369,Milk,Milk,,Adult_>365d,Female
SAMN15314370,Milk,Milk,,Adult_>365d,Female
SAMN15314371,Milk,Milk,,Adult_>365d,Female
SAMN15314372,Milk,Milk,,Adult_>365d,Female
SAMN15314373,Milk,Milk,,Adult_>365d,Female
SAMN15314374,Milk,Milk,,Adult_>365d,Female
SAMN15314375,Milk,Milk,,Adult_>365d,Female
SAMN15314376,Milk,Milk,,Adult_>365d,Female
SAMN15314377,Milk,Milk,,Adult_>365d,Female
SAMN15314378,Milk,Milk,,Adult_>365d,Female
SAMN15314379,Milk,Milk,,Adult_>365d,Female
SAMN15314380,Milk,Milk,,Adult_>365d,Female
SAMN15314381,Milk,Milk,,Adult_>365d,Female
SAMN15314382,Milk,Milk,,Adult_>365d,Female
SAMN15314383,Milk,Milk,,Adult_>365d,Female
SAMN15314384,Unknown,Unknown,,Adult_>365d,Female
SAMN15314385,Unknown,Unknown,,Adult_>365d,Female
SAMN15314386,Milk,Milk,,Adult_>365d,Female
SAMN15339704,Embryo,Embryo,0.0,Infant_0_20d,Female
SAMN15339705,Embryo,Embryo,0.0,Infant_0_20d,Female
SAMN15339706,Embryo,Embryo,0.0,Infant_0_20d,Female
SAMN15339707,Embryo,Embryo,0.0,Infant_0_20d,Female
SAMN15339708,Embryo,Embryo,0.0,Infant_0_20d,Female
SAMN15339709,Embryo,Embryo,0.0,Infant_0_20d,Female
SAMN15339710,Embryo,Embryo,0.0,Infant_0_20d,Female
SAMN15339711,Embryo,Embryo,0.0,Infant_0_20d,Female
SAMN15339712,Embryo,Embryo,0.0,Infant_0_20d,Female
SAMN15339713,Embryo,Embryo,0.0,Infant_0_20d,Female
SAMN15339714,Embryo,Embryo,0.0,Infant_0_20d,Female
SAMN15339715,Embryo,Embryo,0.0,Infant_0_20d,Female
SAMN15339716,Embryo,Embryo,0.0,Infant_0_20d,Female
SAMN15339717,Embryo,Embryo,0.0,Infant_0_20d,Female
SAMN15339718,Embryo,Embryo,0.0,Infant_0_20d,Female
SAMN15339719,Embryo,Embryo,0.0,Infant_0_20d,Female
SAMN15339720,Embryo,Embryo,0.0,Infant_0_20d,Female
SAMN15339721,Embryo,Embryo,0.0,Infant_0_20d,Female
SAMN15339722,Embryo,Embryo,0.0,Infant_0_20d,Female
SAMN15357398,Other,Other,,Adult_>365d,Male
SAMN15357399,Other,Other,,Adult_>365d,Male
SAMN15357401,Other,Other,,Adult_>365d,Male
SAMN15357402,Other,Other,,Adult_>365d,Male
SAMN15357404,Other,Other,,Adult_>365d,Male
SAMN15357413,Other,Other,,Adult_>365d,Male
SAMN15358071,Lymph node,Lymph node,,Adult_>365d,Unknown
SAMN15358072,Lymph node,Lymph node,,Adult_>365d,Unknown
SAMN15358073,Lymph node,Lymph node,,Adult_>365d,Unknown
SAMN15358074,Lymph node,Lymph node,,Adult_>365d,Unknown
SAMN15358075,Lymph node,Lymph node,,Adult_>365d,Unknown
SAMN15358076,Lymph node,Lymph node,,Adult_>365d,Unknown
SAMN15358077,Lymph node,Lymph node,,Adult_>365d,Unknown
SAMN15358078,Lymph node,Lymph node,,Adult_>365d,Unknown
SAMN15358079,Lymph node,Lymph node,,Adult_>365d,Unknown
SAMN15358080,Lymph node,Lymph node,,Adult_>365d,Unknown
SAMN15377085,Blood,Macrophage,,Adult_>365d,Unknown
SAMN15377086,Blood,Macrophage,,Adult_>365d,Unknown
SAMN15377087,Blood,Macrophage,,Adult_>365d,Unknown
SAMN15480696,IPEC,IPEC,,Adult_>365d,Male
SAMN15480697,IPEC,IPEC,,Adult_>365d,Male
SAMN15480698,IPEC,IPEC,,Adult_>365d,Male
SAMN15480699,IPEC,IPEC,,Adult_>365d,Male
SAMN15480700,IPEC,IPEC,,Adult_>365d,Male
SAMN15480701,IPEC,IPEC,,Adult_>365d,Male
SAMN15486391,Ovary,Ovary,150.0,Post_pubertal_150_365d,Female
SAMN15486392,Ovary,Ovary,150.0,Post_pubertal_150_365d,Female
SAMN15486393,Ovary,Ovary,150.0,Post_pubertal_150_365d,Female
SAMN15486394,Ovary,Ovary,150.0,Post_pubertal_150_365d,Female
SAMN15486395,Ovary,Ovary,150.0,Post_pubertal_150_365d,Female
SAMN15486396,Ovary,Ovary,150.0,Post_pubertal_150_365d,Female
SAMN15486397,Ovary,Ovary,150.0,Post_pubertal_150_365d,Female
SAMN15486398,Ovary,Ovary,150.0,Post_pubertal_150_365d,Female
SAMN15486399,Ovary,Ovary,150.0,Post_pubertal_150_365d,Female
SAMN15501522,Small intestine,Small intestine,,Adult_>365d,Unknown
SAMN15501523,Small intestine,Small intestine,,Adult_>365d,Unknown
SAMN15501524,Small intestine,Small intestine,,Adult_>365d,Unknown
SAMN15501525,Small intestine,Small intestine,,Adult_>365d,Unknown
SAMN15501677,Small intestine,Small intestine,,Adult_>365d,Unknown
SAMN15501678,Small intestine,Small intestine,,Adult_>365d,Unknown
SAMN15507179,Small intestine,Small intestine,,Adult_>365d,Unknown
SAMN15507180,Small intestine,Small intestine,,Adult_>365d,Unknown
SAMN15507181,Small intestine,Small intestine,,Adult_>365d,Unknown
SAMN15507182,Small intestine,Small intestine,,Adult_>365d,Unknown
SAMN15512246,Brain,Brain,60.0,Pre_pubertal_60_149d,Female
SAMN15512247,Brain,Brain,90.0,Pre_pubertal_60_149d,Female
SAMN15512248,Brain,Brain,120.0,Pre_pubertal_60_149d,Female
SAMN15512249,Brain,Brain,150.0,Post_pubertal_150_365d,Female
SAMN15512250,Brain,Brain,180.0,Post_pubertal_150_365d,Female
SAMN15512251,Brain,Brain,210.0,Post_pubertal_150_365d,Female
SAMN15512252,Brain,Brain,240.0,Post_pubertal_150_365d,Female
SAMN15512253,Brain,Brain,270.0,Post_pubertal_150_365d,Female
SAMN15548759,Unknown,Unknown,,Adult_>365d,Female
SAMN15548760,Unknown,Unknown,,Adult_>365d,Female
SAMN15548761,Unknown,Unknown,,Adult_>365d,Female
SAMN15548762,Unknown,Unknown,,Adult_>365d,Female
SAMN15548763,Unknown,Unknown,,Adult_>365d,Female
SAMN15548764,Unknown,Unknown,,Adult_>365d,Female
SAMN15548765,Unknown,Unknown,,Adult_>365d,Female
SAMN15548766,Unknown,Unknown,,Adult_>365d,Female
SAMN15548767,Unknown,Unknown,,Adult_>365d,Female
SAMN15566332,Muscle,Muscle,300.0,Post_pubertal_150_365d,Male
SAMN15566333,Muscle,Muscle,300.0,Post_pubertal_150_365d,Male
SAMN15566334,Muscle,Muscle,300.0,Post_pubertal_150_365d,Male
SAMN15566335,Muscle,Muscle,300.0,Post_pubertal_150_365d,Male
SAMN15566336,Muscle,Muscle,300.0,Post_pubertal_150_365d,Male
SAMN15566337,Muscle,Muscle,300.0,Post_pubertal_150_365d,Male
SAMN15755515,Ovary,Ovary,,Adult_>365d,Female
SAMN15755516,Ovary,Ovary,,Adult_>365d,Female
SAMN15755517,Ovary,Ovary,,Adult_>365d,Female
SAMN15755518,Ovary,Ovary,,Adult_>365d,Female
SAMN15764907,Muscle,Muscle,,Adult_>365d,Male
SAMN15764908,Muscle,Muscle,,Adult_>365d,Male
SAMN15764909,Muscle,Muscle,,Adult_>365d,Male
SAMN15764910,Muscle,Muscle,,Adult_>365d,Male
SAMN15764911,Muscle,Muscle,,Adult_>365d,Male
SAMN15764912,Muscle,Muscle,,Adult_>365d,Male
SAMN15764913,Muscle,Muscle,,Adult_>365d,Male
SAMN15764914,Muscle,Muscle,,Adult_>365d,Male
SAMN15764915,Muscle,Muscle,,Adult_>365d,Male
SAMN15764916,Muscle,Muscle,,Adult_>365d,Male
SAMN15764917,Muscle,Muscle,,Adult_>365d,Male
SAMN15764918,Muscle,Muscle,,Adult_>365d,Male
SAMN15796618,Unknown,Unknown,,Adult_>365d,Unknown
SAMN15796620,Unknown,Unknown,,Adult_>365d,Unknown
SAMN15796622,Unknown,Unknown,,Adult_>365d,Unknown
SAMN15796624,Unknown,Unknown,,Adult_>365d,Unknown
SAMN15796626,Unknown,Unknown,,Adult_>365d,Unknown
SAMN15796628,Unknown,Unknown,,Adult_>365d,Unknown
SAMN15804569,Other,Other,,Adult_>365d,Unknown
SAMN15804570,Other,Other,,Adult_>365d,Unknown
SAMN15804571,Other,Other,,Adult_>365d,Unknown
SAMN15804572,Other,Other,,Adult_>365d,Unknown
SAMN15804573,Other,Other,,Adult_>365d,Unknown
SAMN15804574,Other,Other,,Adult_>365d,Unknown
SAMN15804575,Other,Other,,Adult_>365d,Unknown
SAMN15804576,Other,Other,,Adult_>365d,Unknown
SAMN15804577,Embryo,Embryo,,Adult_>365d,Unknown
SAMN15804579,Embryo,Blastocyst,,Adult_>365d,Female
SAMN15804580,Embryo,Blastocyst,,Adult_>365d,Female
SAMN15804581,Embryo,Blastocyst,,Adult_>365d,Female
SAMN15804582,Embryo,Blastocyst,,Adult_>365d,Female
SAMN15804583,Embryo,Blastocyst,,Adult_>365d,Female
SAMN15804584,Embryo,Blastocyst,,Adult_>365d,Female
SAMN15804585,Embryo,Blastocyst,,Adult_>365d,Female
SAMN15804598,Embryo,Embryo,,Adult_>365d,Unknown
SAMN15804599,Embryo,Embryo,,Adult_>365d,Unknown
SAMN15804600,Embryo,Embryo,,Adult_>365d,Unknown
SAMN15804601,Embryo,Embryo,,Adult_>365d,Unknown
SAMN15804602,Embryo,Embryo,,Adult_>365d,Unknown
SAMN15804603,Embryo,Embryo,,Adult_>365d,Unknown
SAMN15804604,Embryo,Embryo,,Adult_>365d,Female
SAMN15804605,Embryo,Blastocyst,,Adult_>365d,Female
SAMN15804606,Embryo,Blastocyst,,Adult_>365d,Female
SAMN15804607,Embryo,Blastocyst,,Adult_>365d,Female
SAMN15804608,Embryo,Blastocyst,,Adult_>365d,Female
SAMN15804609,Embryo,Blastocyst,,Adult_>365d,Female
SAMN15835044,Skin,Skin,30.0,Early childhood_21_59d,Female
SAMN15851694,Skin,Skin,30.0,Early childhood_21_59d,Female
SAMN15857526,Blood,Macrophage,30.0,Early childhood_21_59d,Male
SAMN15857527,Blood,Macrophage,30.0,Early childhood_21_59d,Male
SAMN15857528,Blood,Macrophage,30.0,Early childhood_21_59d,Male
SAMN15857529,Blood,Macrophage,30.0,Early childhood_21_59d,Male
SAMN15857530,Blood,Macrophage,30.0,Early childhood_21_59d,Male
SAMN15857531,Blood,Macrophage,30.0,Early childhood_21_59d,Male
SAMN15857532,Blood,Macrophage,30.0,Early childhood_21_59d,Male
SAMN15857533,Blood,Macrophage,30.0,Early childhood_21_59d,Male
SAMN15857534,Blood,Macrophage,30.0,Early childhood_21_59d,Male
SAMN15858739,Blood,Macrophage,56.0,Early childhood_21_59d,Unknown
SAMN15858741,Blood,Macrophage,56.0,Early childhood_21_59d,Unknown
SAMN15858742,Blood,Macrophage,56.0,Early childhood_21_59d,Unknown
SAMN15858743,Blood,Macrophage,56.0,Early childhood_21_59d,Unknown
SAMN15858744,Blood,Macrophage,56.0,Early childhood_21_59d,Unknown
SAMN15858745,Blood,Macrophage,56.0,Early childhood_21_59d,Unknown
SAMN15858746,Blood,Macrophage,56.0,Early childhood_21_59d,Unknown
SAMN15858747,Blood,Macrophage,56.0,Early childhood_21_59d,Unknown
SAMN15858748,Blood,Macrophage,56.0,Early childhood_21_59d,Unknown
SAMN15858749,Blood,Macrophage,56.0,Early childhood_21_59d,Unknown
SAMN15858750,Blood,Macrophage,56.0,Early childhood_21_59d,Unknown
SAMN15858751,Blood,Macrophage,56.0,Early childhood_21_59d,Unknown
SAMN15858752,Blood,Macrophage,56.0,Early childhood_21_59d,Unknown
SAMN15858753,Blood,Macrophage,56.0,Early childhood_21_59d,Unknown
SAMN15858754,Blood,Macrophage,56.0,Early childhood_21_59d,Unknown
SAMN15872947,Embryo,Embryo,,Adult_>365d,Unknown
SAMN15874332,Embryo,Embryo,,Adult_>365d,Unknown
SAMN15874350,Embryo,Embryo,,Adult_>365d,Unknown
SAMN15874369,Embryo,Embryo,,Adult_>365d,Unknown
SAMN15874390,Embryo,Embryo,,Adult_>365d,Unknown
SAMN15874543,Embryo,Embryo,,Adult_>365d,Unknown
SAMN16124984,Lung,Lung,70.0,Pre_pubertal_60_149d,Male
SAMN16124985,Lung,Lung,70.0,Pre_pubertal_60_149d,Female
SAMN16124986,Lung,Lung,70.0,Pre_pubertal_60_149d,Male
SAMN16124987,Lung,Lung,70.0,Pre_pubertal_60_149d,Female
SAMN16124988,Lung,Lung,70.0,Pre_pubertal_60_149d,Male
SAMN16124989,Lung,Lung,70.0,Pre_pubertal_60_149d,Female
SAMN16124990,Lung,Lung,70.0,Pre_pubertal_60_149d,Female
SAMN16124991,Lung,Lung,70.0,Pre_pubertal_60_149d,Male
SAMN16124992,Lung,Lung,70.0,Pre_pubertal_60_149d,Male
SAMN16124993,Lung,Lung,70.0,Pre_pubertal_60_149d,Male
SAMN16124994,Lung,Lung,70.0,Pre_pubertal_60_149d,Female
SAMN16124995,Lung,Lung,70.0,Pre_pubertal_60_149d,Female
SAMN16124996,Lung,Lung,70.0,Pre_pubertal_60_149d,Male
SAMN16079596,Embryo,Embryo,0.0,Infant_0_20d,Unknown
SAMN16079597,Embryo,Embryo,0.0,Infant_0_20d,Unknown
SAMN16079598,Embryo,Embryo,0.0,Infant_0_20d,Unknown
SAMN16079599,Embryo,Embryo,0.0,Infant_0_20d,Unknown
SAMN16079600,Embryo,Embryo,0.0,Infant_0_20d,Unknown
SAMN16079601,Embryo,Embryo,0.0,Infant_0_20d,Unknown
SAMN16203732,Spleen,Spleen,,Adult_>365d,Male
SAMN16203733,Small intestine,Ileum,,Adult_>365d,Male
SAMN16203734,Brain,Brain,,Adult_>365d,Male
SAMN16203735,Adipose,Adipose,,Adult_>365d,Male
SAMN16203736,Kidney,Kidney,,Adult_>365d,Male
SAMN16203737,Small intestine,Duodenum,,Adult_>365d,Male
SAMN16203738,Lung,Lung,,Adult_>365d,Male
SAMN16203739,Heart,Heart,,Adult_>365d,Male
SAMN16203740,Muscle,Muscle,,Adult_>365d,Male
SAMN16203741,Small intestine,Jejunum,,Adult_>365d,Male
SAMN16203742,Liver,Liver,,Adult_>365d,Male
SAMN16203743,Other,Other,,Adult_>365d,Male
SAMN16203744,Testis,Testis,,Adult_>365d,Male
SAMN16203745,Heart,Heart,,Adult_>365d,Male
SAMN16203746,Lung,Lung,,Adult_>365d,Male
SAMN16203747,Kidney,Kidney,,Adult_>365d,Male
SAMN16203748,Small intestine,Jejunum,,Adult_>365d,Male
SAMN16203749,Muscle,Muscle,,Adult_>365d,Male
SAMN16203750,Brain,Brain,,Adult_>365d,Male
SAMN16203751,Spleen,Spleen,,Adult_>365d,Male
SAMN16203752,Small intestine,Duodenum,,Adult_>365d,Male
SAMN16203753,Small intestine,Ileum,,Adult_>365d,Male
SAMN16203754,Adipose,Adipose,,Adult_>365d,Male
SAMN16203755,Liver,Liver,,Adult_>365d,Male
SAMN16203756,Testis,Testis,,Adult_>365d,Male
SAMN16203757,Other,Other,,Adult_>365d,Male
SAMN16203758,Testis,Testis,,Adult_>365d,Male
SAMN16203759,Adipose,Adipose,,Adult_>365d,Male
SAMN16203760,Small intestine,Jejunum,,Adult_>365d,Male
SAMN16203761,Small intestine,Duodenum,,Adult_>365d,Male
SAMN16203762,Muscle,Muscle,,Adult_>365d,Male
SAMN16203763,Heart,Heart,,Adult_>365d,Male
SAMN16203764,Liver,Liver,,Adult_>365d,Male
SAMN16203765,Lung,Lung,,Adult_>365d,Male
SAMN16203766,Kidney,Kidney,,Adult_>365d,Male
SAMN16203767,Spleen,Spleen,,Adult_>365d,Male
SAMN16203768,Brain,Brain,,Adult_>365d,Male
SAMN16203769,Small intestine,Ileum,,Adult_>365d,Male
SAMN16203770,Other,Other,,Adult_>365d,Male
SAMN16218832,Ovary,Ovary,300.0,Post_pubertal_150_365d,Female
SAMN16218833,Ovary,Ovary,300.0,Post_pubertal_150_365d,Female
SAMN16218834,Ovary,Ovary,300.0,Post_pubertal_150_365d,Female
SAMN16218835,Ovary,Ovary,300.0,Post_pubertal_150_365d,Female
SAMN16218836,Ovary,Ovary,300.0,Post_pubertal_150_365d,Female
SAMN16218837,Ovary,Ovary,300.0,Post_pubertal_150_365d,Female
SAMN16221238,Large intestine,Colon,,Adult_>365d,Unknown
SAMN16221255,Large intestine,Colon,,Adult_>365d,Unknown
SAMN16221256,Large intestine,Colon,,Adult_>365d,Unknown
SAMN16221257,Large intestine,Colon,,Adult_>365d,Unknown
SAMN16221258,Large intestine,Colon,,Adult_>365d,Unknown
SAMN16221259,Large intestine,Colon,,Adult_>365d,Unknown
SAMN16221260,Large intestine,Colon,,Adult_>365d,Unknown
SAMN16221261,Large intestine,Colon,,Adult_>365d,Unknown
SAMN16221262,Large intestine,Colon,,Adult_>365d,Unknown
SAMN16221263,Large intestine,Colon,,Adult_>365d,Unknown
SAMN16237469,Blood,Macrophage,,Adult_>365d,Unknown
SAMN16237470,Blood,Macrophage,,Adult_>365d,Unknown
SAMN16237471,Blood,Macrophage,,Adult_>365d,Unknown
SAMN16237472,Blood,Macrophage,,Adult_>365d,Unknown
SAMN16237473,Blood,Macrophage,,Adult_>365d,Unknown
SAMN16237474,Blood,Macrophage,,Adult_>365d,Unknown
SAMN16245041,Brain,Hypothalamus,,Adult_>365d,Unknown
SAMN16245042,Brain,Hypothalamus,,Adult_>365d,Unknown
SAMN16245047,Brain,Brain,,Adult_>365d,Unknown
SAMN16245048,Brain,Brain,,Adult_>365d,Unknown
SAMN16245053,Brain,Brain,,Adult_>365d,Unknown
SAMN16245054,Brain,Brain,,Adult_>365d,Unknown
SAMN16245058,Lung,Lung,,Adult_>365d,Unknown
SAMN16245059,Lung,Lung,,Adult_>365d,Unknown
SAMN16245064,Liver,Liver,,Adult_>365d,Unknown
SAMN16245067,Adipose,Adipose,,Adult_>365d,Unknown
SAMN16245068,Adipose,Adipose,,Adult_>365d,Unknown
SAMN16245090,Spleen,Spleen,,Adult_>365d,Unknown
SAMN16245091,Spleen,Spleen,,Adult_>365d,Unknown
SAMN16245096,Muscle,Muscle,,Adult_>365d,Unknown
SAMN16245097,Muscle,Muscle,,Adult_>365d,Unknown
SAMN16245102,Liver,Liver,,Adult_>365d,Unknown
SAMN16288293,Unknown,Unknown,77.0,Pre_pubertal_60_149d,Unknown
SAMN16288294,Unknown,Unknown,77.0,Pre_pubertal_60_149d,Unknown
SAMN16482500,Adipose,Adipose,210.0,Post_pubertal_150_365d,Male
SAMN16482501,Adipose,Adipose,210.0,Post_pubertal_150_365d,Male
SAMN16507176,Brain,Brain,3.0,Infant_0_20d,Male
SAMN16507177,Brain,Brain,3.0,Infant_0_20d,Male
SAMN16507178,Brain,Brain,3.0,Infant_0_20d,Male
SAMN16507179,Brain,Brain,3.0,Infant_0_20d,Male
SAMN16507180,Brain,Brain,3.0,Infant_0_20d,Male
SAMN16507181,Brain,Brain,3.0,Infant_0_20d,Male
SAMN16507182,Brain,Brain,3.0,Infant_0_20d,Male
SAMN16539945,Unknown,Unknown,,Adult_>365d,Male
SAMN16539946,Unknown,Unknown,,Adult_>365d,Male
SAMN16539947,Unknown,Unknown,,Adult_>365d,Male
SAMN16539948,Unknown,Unknown,,Adult_>365d,Male
SAMN16539949,Unknown,Unknown,,Adult_>365d,Male
SAMN16539950,Unknown,Unknown,,Adult_>365d,Male
SAMN16539951,Unknown,Unknown,,Adult_>365d,Male
SAMN16539952,Unknown,Unknown,,Adult_>365d,Male
SAMN16539953,Unknown,Unknown,,Adult_>365d,Male
SAMN16539954,Unknown,Unknown,,Adult_>365d,Male
SAMN16539955,Unknown,Unknown,,Adult_>365d,Male
SAMN16539966,Unknown,Unknown,,Adult_>365d,Male
SAMN16539967,Unknown,Unknown,,Adult_>365d,Male
SAMN16539968,Unknown,Unknown,,Adult_>365d,Male
SAMN16539969,Unknown,Unknown,,Adult_>365d,Male
SAMN16539970,Unknown,Unknown,,Adult_>365d,Male
SAMN16539971,Unknown,Unknown,,Adult_>365d,Male
SAMN16539972,Unknown,Unknown,,Adult_>365d,Male
SAMN16539973,Unknown,Unknown,,Adult_>365d,Male
SAMN16539974,Unknown,Unknown,,Adult_>365d,Male
SAMN16539975,Unknown,Unknown,,Adult_>365d,Male
SAMN16539976,Unknown,Unknown,,Adult_>365d,Male
SAMN16539977,Unknown,Unknown,,Adult_>365d,Male
SAMN16539978,Unknown,Unknown,,Adult_>365d,Male
SAMN16539979,Unknown,Unknown,,Adult_>365d,Male
SAMN16539980,Unknown,Unknown,,Adult_>365d,Male
SAMN16539981,Unknown,Unknown,,Adult_>365d,Male
SAMN16539982,Unknown,Unknown,,Adult_>365d,Male
SAMN16550668,Muscle,Muscle,1.0,Infant_0_20d,Male
SAMN16550669,Muscle,Muscle,1.0,Infant_0_20d,Male
SAMN16550670,Muscle,Muscle,1.0,Infant_0_20d,Female
SAMN16550671,Muscle,Muscle,1.0,Infant_0_20d,Female
SAMN16550672,Muscle,Muscle,1.0,Infant_0_20d,Male
SAMN16550673,Muscle,Muscle,1.0,Infant_0_20d,Male
SAMN16550674,Muscle,Muscle,1.0,Infant_0_20d,Female
SAMN16550675,Muscle,Muscle,1.0,Infant_0_20d,Female
SAMN16551702,Oocyte,Oocyte,0.0,Infant_0_20d,Unknown
SAMN16551703,Oocyte,Oocyte,0.0,Infant_0_20d,Unknown
SAMN16551704,Oocyte,Oocyte,0.0,Infant_0_20d,Unknown
SAMN16551705,Oocyte,Oocyte,0.0,Infant_0_20d,Unknown
SAMN16551706,Oocyte,Oocyte,0.0,Infant_0_20d,Unknown
SAMN16551707,Oocyte,Oocyte,0.0,Infant_0_20d,Unknown
SAMN16551708,Oocyte,Oocyte,0.0,Infant_0_20d,Unknown
SAMN16551709,Oocyte,Oocyte,0.0,Infant_0_20d,Unknown
SAMN16551710,Oocyte,Oocyte,0.0,Infant_0_20d,Unknown
SAMN16551711,Oocyte,Oocyte,0.0,Infant_0_20d,Unknown
SAMN16551712,Oocyte,Oocyte,0.0,Infant_0_20d,Unknown
SAMN16551713,Oocyte,Oocyte,,Adult_>365d,Female
SAMN16551714,Oocyte,Oocyte,,Adult_>365d,Female
SAMN16551715,Oocyte,Oocyte,,Adult_>365d,Female
SAMN16551716,Oocyte,Oocyte,,Adult_>365d,Female
SAMN16551717,Oocyte,Oocyte,,Adult_>365d,Female
SAMN16551718,Oocyte,Oocyte,,Adult_>365d,Female
SAMN16551719,Oocyte,Oocyte,,Adult_>365d,Female
SAMN16551720,Oocyte,Oocyte,,Adult_>365d,Female
SAMN16551721,Oocyte,Oocyte,,Adult_>365d,Female
SAMN16551722,Oocyte,Oocyte,,Adult_>365d,Female
SAMN16551723,Oocyte,Oocyte,,Adult_>365d,Female
SAMN16595798,Liver,Liver,,Adult_>365d,Female
SAMN16595799,Unknown,Unknown,,Adult_>365d,Female
SAMN16595800,Liver,Liver,,Adult_>365d,Female
SAMN16595801,Liver,Liver,,Adult_>365d,Female
SAMN16595802,Adipose,Adipose,,Adult_>365d,Female
SAMN16595803,Liver,Liver,,Adult_>365d,Female
SAMN16595804,Liver,Liver,,Adult_>365d,Female
SAMN16595805,Liver,Liver,,Adult_>365d,Female
SAMN16595806,Liver,Liver,,Adult_>365d,Female
SAMN16595807,Liver,Liver,,Adult_>365d,Female
SAMN16595808,Liver,Liver,,Adult_>365d,Female
SAMN16595809,Liver,Liver,,Adult_>365d,Female
SAMN16595810,Liver,Liver,,Adult_>365d,Female
SAMN16595811,Liver,Liver,,Adult_>365d,Female
SAMN16595812,Liver,Liver,,Adult_>365d,Female
SAMN16595813,Liver,Liver,,Adult_>365d,Female
SAMN16595814,Liver,Liver,,Adult_>365d,Female
SAMN16595835,Adipose,Adipose,,Adult_>365d,Female
SAMN16595836,Adipose,Adipose,,Adult_>365d,Female
SAMN16595837,Adipose,Adipose,,Adult_>365d,Female
SAMN16595838,Adipose,Adipose,,Adult_>365d,Female
SAMN16595839,Adipose,Adipose,,Adult_>365d,Female
SAMN16595840,Unknown,Unknown,,Adult_>365d,Female
SAMN16595841,Adipose,Adipose,,Adult_>365d,Female
SAMN16595842,Adipose,Adipose,,Adult_>365d,Female
SAMN16595843,Adipose,Adipose,,Adult_>365d,Female
SAMN16595844,Adipose,Adipose,,Adult_>365d,Female
SAMN16595845,Adipose,Adipose,,Adult_>365d,Female
SAMN16595846,Unknown,Unknown,,Adult_>365d,Female
SAMN16595847,Adipose,Adipose,,Adult_>365d,Female
SAMN16595848,Adipose,Adipose,,Adult_>365d,Female
SAMN16595849,Adipose,Adipose,,Adult_>365d,Female
SAMN16709954,Artery,Artery,,Adult_>365d,Unknown
SAMN16709955,Artery,Artery,,Adult_>365d,Unknown
SAMN16709956,Artery,Artery,,Adult_>365d,Unknown
SAMN16709957,Artery,Artery,,Adult_>365d,Unknown
SAMN17038002,Cartilage,Cartilage,150.0,Post_pubertal_150_365d,Male
SAMN17038003,Cartilage,Cartilage,150.0,Post_pubertal_150_365d,Male
SAMN17038004,Cartilage,Cartilage,150.0,Post_pubertal_150_365d,Male
SAMN17038005,Cartilage,Cartilage,150.0,Post_pubertal_150_365d,Male
SAMN17038006,Cartilage,Cartilage,150.0,Post_pubertal_150_365d,Male
SAMN17038007,Cartilage,Cartilage,150.0,Post_pubertal_150_365d,Male
SAMN17049053,Embryo,Embryo,0.0,Infant_0_20d,Unknown
SAMN17049054,Embryo,Embryo,0.0,Infant_0_20d,Unknown
SAMN17049055,Embryo,Embryo,0.0,Infant_0_20d,Unknown
SAMN17049056,Embryo,Embryo,0.0,Infant_0_20d,Unknown
SAMN17049057,Embryo,Embryo,0.0,Infant_0_20d,Unknown
SAMN17049058,Embryo,Embryo,0.0,Infant_0_20d,Unknown
SAMN17136976,Lung,Lung,180.0,Post_pubertal_150_365d,Male
SAMN17136978,Lung,Lung,180.0,Post_pubertal_150_365d,Male
SAMN17136979,Lung,Lung,180.0,Post_pubertal_150_365d,Male
SAMN17136980,Lung,Lung,180.0,Post_pubertal_150_365d,Male
SAMN17136981,Lung,Lung,180.0,Post_pubertal_150_365d,Male
SAMN17136982,Lung,Lung,180.0,Post_pubertal_150_365d,Male
SAMN17136984,Unknown,Unknown,180.0,Post_pubertal_150_365d,Male
SAMN17136985,Lung,Lung,180.0,Post_pubertal_150_365d,Male
SAMN17136986,Lung,Lung,180.0,Post_pubertal_150_365d,Male
SAMN17136987,Lung,Lung,180.0,Post_pubertal_150_365d,Male
SAMN17833386,Muscle,Muscle,,Adult_>365d,Unknown
SAMN17833387,Muscle,Muscle,,Adult_>365d,Unknown
SAMN17833388,Muscle,Muscle,,Adult_>365d,Unknown
SAMN17833389,Muscle,Muscle,,Adult_>365d,Unknown
SAMN17833390,Muscle,Muscle,,Adult_>365d,Unknown
SAMN17833391,Muscle,Muscle,,Adult_>365d,Unknown
SAMN17833392,Muscle,Muscle,,Adult_>365d,Unknown
SAMN17833393,Muscle,Muscle,,Adult_>365d,Unknown
SAMN17833394,Muscle,Muscle,,Adult_>365d,Unknown
SAMN17833395,Muscle,Muscle,,Adult_>365d,Unknown
SAMN17833396,Muscle,Muscle,,Adult_>365d,Unknown
SAMN17833397,Muscle,Muscle,,Adult_>365d,Unknown
SAMN17833398,Muscle,Muscle,,Adult_>365d,Unknown
SAMN17833399,Muscle,Muscle,,Adult_>365d,Unknown
SAMN17833400,Muscle,Muscle,,Adult_>365d,Unknown
SAMN17833401,Muscle,Muscle,,Adult_>365d,Unknown
SAMN17833402,Muscle,Muscle,,Adult_>365d,Unknown
SAMN17833403,Muscle,Muscle,,Adult_>365d,Unknown
SAMN17833404,Muscle,Muscle,,Adult_>365d,Unknown
SAMN17833405,Muscle,Muscle,,Adult_>365d,Unknown
SAMN17833406,Muscle,Muscle,,Adult_>365d,Unknown
SAMN17833407,Muscle,Muscle,,Adult_>365d,Unknown
SAMN17833408,Muscle,Muscle,,Adult_>365d,Unknown
SAMN17833409,Muscle,Muscle,,Adult_>365d,Unknown
SAMN17833410,Muscle,Muscle,,Adult_>365d,Unknown
SAMN17833411,Muscle,Muscle,,Adult_>365d,Unknown
SAMN17833412,Muscle,Muscle,,Adult_>365d,Unknown
SAMN17833413,Muscle,Muscle,,Adult_>365d,Unknown
SAMN17833414,Muscle,Muscle,,Adult_>365d,Unknown
SAMN17833415,Muscle,Muscle,,Adult_>365d,Unknown
SAMN17833416,Muscle,Muscle,,Adult_>365d,Unknown
SAMN17833417,Muscle,Muscle,,Adult_>365d,Unknown
SAMN17833418,Muscle,Muscle,,Adult_>365d,Unknown
SAMN17833419,Muscle,Muscle,,Adult_>365d,Unknown
SAMN17833420,Muscle,Muscle,,Adult_>365d,Unknown
SAMN17833421,Muscle,Muscle,,Adult_>365d,Unknown
SAMN17833422,Muscle,Muscle,,Adult_>365d,Unknown
SAMN17833423,Muscle,Muscle,,Adult_>365d,Unknown
SAMN17833424,Muscle,Muscle,,Adult_>365d,Unknown
SAMN17833425,Muscle,Muscle,,Adult_>365d,Unknown
SAMN17833426,Muscle,Muscle,,Adult_>365d,Unknown
SAMN17833427,Muscle,Muscle,,Adult_>365d,Unknown
SAMN17833428,Muscle,Muscle,,Adult_>365d,Unknown
SAMN17833429,Muscle,Muscle,,Adult_>365d,Unknown
SAMN17833430,Muscle,Muscle,,Adult_>365d,Unknown
SAMN17833431,Muscle,Muscle,,Adult_>365d,Unknown
SAMN00727957,Testis,Testis,,Adult_>365d,Unknown
SAMN00727958,Testis,Testis,,Adult_>365d,Unknown
SAMN01048241,Blood,Macrophage,,Adult_>365d,Unknown
SAMN01048242,Blood,Macrophage,,Adult_>365d,Unknown
SAMN01048247,Blood,Macrophage,,Adult_>365d,Unknown
SAMN01048299,Blood,Macrophage,,Adult_>365d,Unknown
SAMN01048300,Blood,Macrophage,,Adult_>365d,Unknown
SAMN01048301,Blood,Macrophage,,Adult_>365d,Unknown
SAMN01048372,Blood,Macrophage,,Adult_>365d,Unknown
SAMN01048373,Blood,Macrophage,,Adult_>365d,Unknown
SAMN01048375,Unknown,Unknown,,Adult_>365d,Unknown
SAMN01048376,Unknown,Unknown,,Adult_>365d,Unknown
SAMN01083986,Blood,Macrophage,,Adult_>365d,Unknown
SAMN02904334,Blood,Macrophage,35.0,Early childhood_21_59d,Unknown
SAMN02904335,Blood,Macrophage,35.0,Early childhood_21_59d,Unknown
SAMN02904336,Blood,Macrophage,35.0,Early childhood_21_59d,Unknown
SAMN02904337,Blood,Macrophage,35.0,Early childhood_21_59d,Unknown
SAMN12121389,Unknown,Unknown,,Adult_>365d,Unknown
DKM1DNF4_2,Brain,Brain,,Adult_>365d,Unknown
DKM1DNF4_3,Brain,Brain,,Adult_>365d,Unknown
DKM1DNF4_4,Brain,Brain,,Adult_>365d,Unknown
DKM1DNF6_1,Brain,Brain,,Adult_>365d,Unknown
DKM1DNF8_1,Brain,Brain,,Adult_>365d,Unknown
DKM2DNF3_1,Brain,Brain,,Adult_>365d,Unknown
DKM2DNF3_2,Brain,Brain,,Adult_>365d,Unknown
DKM2DNF3_3,Brain,Brain,,Adult_>365d,Unknown
DKM2DNF5_1,Brain,Brain,,Adult_>365d,Unknown
DKM2DNF5_2,Brain,Brain,,Adult_>365d,Unknown
DKM2DNF5_3,Brain,Brain,,Adult_>365d,Unknown
DKM2DNF5_4,Brain,Brain,,Adult_>365d,Unknown
DKM2DNF7_4,Brain,Brain,,Adult_>365d,Unknown
DKM2DNF7_5,Brain,Brain,,Adult_>365d,Unknown
DKM2DNF7_6,Brain,Brain,,Adult_>365d,Unknown
DNM1_154001_1,Brain,Brain,,Adult_>365d,Unknown
DNM1_154001_2,Brain,Brain,,Adult_>365d,Unknown
DNM1_154001_4,Brain,Brain,,Adult_>365d,Unknown
DNM1_154001_5,Brain,Brain,,Adult_>365d,Unknown
DNM1DKF2_5,Brain,Brain,,Adult_>365d,Unknown
DNM1DKF2_6,Brain,Brain,,Adult_>365d,Unknown
DNM1DKF2_7,Brain,Brain,,Adult_>365d,Unknown
DNM1DKF2_8,Brain,Brain,,Adult_>365d,Unknown
DNM2_118206_1,Brain,Brain,,Adult_>365d,Unknown
DNM2_118206_2,Brain,Brain,,Adult_>365d,Unknown
DNM2_118206_3,Brain,Brain,,Adult_>365d,Unknown
DNM2_118206_4,Brain,Brain,,Adult_>365d,Unknown
DNM2DKF1_1,Brain,Brain,,Adult_>365d,Unknown
DNM2DKF1_3,Brain,Brain,,Adult_>365d,Unknown
DNM2DKF1_5,Brain,Brain,,Adult_>365d,Unknown
DNM2DKF1_8,Brain,Brain,,Adult_>365d,Unknown
DNM2DKF3_1,Brain,Brain,,Adult_>365d,Unknown
DNM2DKF3_2,Brain,Brain,,Adult_>365d,Unknown
DNM2DKF3_3,Brain,Brain,,Adult_>365d,Unknown
DNM2DKF3_4,Brain,Brain,,Adult_>365d,Unknown
